[{"category": "Cleaning & Household", "sub_category_name": "Mops, Brushes & Scrubs", "product_name": "Scrub Sponge Large", "product_brand": "Scotch brite", "combo": [["1 pc", "22.00"], ["1 pc", "35.00"], ["2 pcs", "59.00"]]}, {"category": "Cleaning & Household", "sub_category_name": "Mops, Brushes & Scrubs", "product_name": "Steel Scrubber Combo", "product_brand": "Scotch brite", "combo": [["1 pc", "31.00"], ["3x1 pc", "93.00"]]}, {"category": "Cleaning & Household", "sub_category_name": "Mops, Brushes & Scrubs", "product_name": "Natural Grass Broom/Phool Jhadu", "product_brand": "BB Home", "combo": []}, {"category": "Cleaning & Household", "sub_category_name": "Mops, Brushes & Scrubs", "product_name": "Premium Soft Grass Broom/Phool Jhadu", "product_brand": "BB Home", "combo": []}, {"category": "Cleaning & Household", "sub_category_name": "Mops, Brushes & Scrubs", "product_name": "Scrub Pad", "product_brand": "Scotch brite", "combo": []}, {"category": "Cleaning & Household", "sub_category_name": "Mops, Brushes & Scrubs", "product_name": "Sponge Wipe Large", "product_brand": "Scotch brite", "combo": [["3 pcs", "170.00"], ["1 pc", "70.00"]]}, {"category": "Cleaning & Household", "sub_category_name": "Mops, Brushes & Scrubs", "product_name": "Scrubber - Sponge Wipes", "product_brand": "Gala", "combo": [["1 pc", "55.00"], ["3 pcs", "145.00"], ["5 pcs", "209.00"]]}, {"category": "Cleaning & Household", "sub_category_name": "Mops, Brushes & Scrubs", "product_name": "Lizol Surface Cleaner - Citrus 975 ml + Scotch Brite Floor Cleaning Cloth 1 pc", "product_brand": "bb Combo", "combo": []}, {"category": "Cleaning & Household", "sub_category_name": "Mops, Brushes & Scrubs", "product_name": "Mop Bucket 360 Degree Spin with 2 Refills,Blue 1pc + Floor Cleaner-Citrus 500ml", "product_brand": "BB Home", "combo": []}, {"category": "Cleaning & Household", "sub_category_name": "Mops, Brushes & Scrubs", "product_name": "Hand Towel - Assorted Colour", "product_brand": "Rise N Shine", "combo": []}, {"category": "Cleaning & Household", "sub_category_name": "Mops, Brushes & Scrubs", "product_name": "Kitchen/Hand Towel - Assorted Colour", "product_brand": "Rise N Shine", "combo": []}, {"category": "Cleaning & Household", "sub_category_name": "Mops, Brushes & Scrubs", "product_name": "Dish Cloth - Assorted Colour", "product_brand": "Rise N Shine", "combo": []}, {"category": "Cleaning & Household", "sub_category_name": "Mops, Brushes & Scrubs", "product_name": "Floor Duster - Super, White", "product_brand": "Rise N Shine", "combo": []}, {"category": "Cleaning & Household", "sub_category_name": "Mops, Brushes & Scrubs", "product_name": "Orange Cloth", "product_brand": "Rise N Shine", "combo": []}, {"category": "Cleaning & Household", "sub_category_name": "Mops, Brushes & Scrubs", "product_name": "Cleaning Cloth Combo - Assorted Colour", "product_brand": "Rise N Shine", "combo": []}, {"category": "Cleaning & Household", "sub_category_name": "Mops, Brushes & Scrubs", "product_name": "Cleaning Cloth Combo - Black", "product_brand": "Rise N Shine", "combo": []}, {"category": "Cleaning & Household", "sub_category_name": "Mops, Brushes & Scrubs", "product_name": "Yellow Cloth", "product_brand": "Rise N Shine", "combo": []}, {"category": "Cleaning & Household", "sub_category_name": "Mops, Brushes & Scrubs", "product_name": "Spin Mop 6 Litre With 2 Mop Refill - PSB24, Blue", "product_brand": "Prestige", "combo": []}, {"category": "Cleaning & Household", "sub_category_name": "Mops, Brushes & Scrubs", "product_name": "Microfiber Cloth/Wipe", "product_brand": "Scotch brite", "combo": []}, {"category": "Cleaning & Household", "sub_category_name": "Mops, Brushes & Scrubs", "product_name": "Plastic Fancy Toilet Brush Fancy - Green, BB1156", "product_brand": "DP", "combo": []}, {"category": "Cleaning & Household", "sub_category_name": "Mops, Brushes & Scrubs", "product_name": "Power Scrub", "product_brand": "Vim", "combo": []}, {"category": "Cleaning & Household", "sub_category_name": "Mops, Brushes & Scrubs", "product_name": "Maxx Spin Mop With 2 Refills - Aqua Green", "product_brand": "Milton - Spotzero", "combo": []}, {"category": "Cleaning & Household", "sub_category_name": "Mops, Brushes & Scrubs", "product_name": "Swift Spin Mop With Steel Wringer & 2 Refills - Aqua Green", "product_brand": "Milton - Spotzero", "combo": []}, {"category": "Cleaning & Household", "sub_category_name": "Mops, Brushes & Scrubs", "product_name": "Dish Cloth - Super, Assorted Colour", "product_brand": "Rise N Shine", "combo": []}, {"category": "Cleaning & Household", "sub_category_name": "Mops, Brushes & Scrubs", "product_name": "Face/Hand Towel - Assorted Colour", "product_brand": "Rise N Shine", "combo": []}, {"category": "Cleaning & Household", "sub_category_name": "Mops, Brushes & Scrubs", "product_name": "Floor Duster - White", "product_brand": "Rise N Shine", "combo": []}, {"category": "Cleaning & Household", "sub_category_name": "Mops, Brushes & Scrubs", "product_name": "Cleaning Cloth Combo, Assorted Colour", "product_brand": "Rise N Shine", "combo": []}, {"category": "Cleaning & Household", "sub_category_name": "Mops, Brushes & Scrubs", "product_name": "Cleaning/Kitchen Duster", "product_brand": "Rise N Shine", "combo": []}, {"category": "Cleaning & Household", "sub_category_name": "Mops, Brushes & Scrubs", "product_name": "Hand Towel, Cherry - Mono Chex", "product_brand": "Rise N Shine", "combo": []}, {"category": "Cleaning & Household", "sub_category_name": "Mops, Brushes & Scrubs", "product_name": "Cleaning Cloth - White", "product_brand": "Rise N Shine", "combo": []}, {"category": "Cleaning & Household", "sub_category_name": "Mops, Brushes & Scrubs", "product_name": "Cleaning Cloth Combo - Checked Print", "product_brand": "Rise N Shine", "combo": []}, {"category": "Cleaning & Household", "sub_category_name": "Mops, Brushes & Scrubs", "product_name": "Cleaning Cloth Combo - Assorted Colour", "product_brand": "Rise N Shine", "combo": []}, {"category": "Cleaning & Household", "sub_category_name": "Mops, Brushes & Scrubs", "product_name": "Super Scrub", "product_brand": "Gala", "combo": []}, {"category": "Cleaning & Household", "sub_category_name": "Mops, Brushes & Scrubs", "product_name": "Floor Mop", "product_brand": "Gala", "combo": []}, {"category": "Cleaning & Household", "sub_category_name": "Mops, Brushes & Scrubs", "product_name": "Chakra Stainless Steel Scrub", "product_brand": "Scotch brite", "combo": []}, {"category": "Cleaning & Household", "sub_category_name": "Mops, Brushes & Scrubs", "product_name": "Harpic Bathroom Cleaner - Lemon 1 L + Scotch Brite Jet Scrubber Brush 1 pc", "product_brand": "bb Combo", "combo": []}, {"category": "Cleaning & Household", "sub_category_name": "Mops, Brushes & Scrubs", "product_name": "Natural Grass Broom 1pc + Garbage Bags - Compostable,Medium,Green 15pcs", "product_brand": "BB Home", "combo": []}, {"category": "Cleaning & Household", "sub_category_name": "Mops, Brushes & Scrubs", "product_name": "Sponge Wipe - Large", "product_brand": "Scotch brite", "combo": []}, {"category": "Cleaning & Household", "sub_category_name": "Mops, Brushes & Scrubs", "product_name": "Premium Soft Grass Broom 1pc + Garbage Bags - Compostable,Medium,Green 15pcs", "product_brand": "BB Home", "combo": []}, {"category": "Cleaning & Household", "sub_category_name": "Mops, Brushes & Scrubs", "product_name": "Scrub Pad Regular Super Saver 3pcs + Sponge Wipe Large 1pc", "product_brand": "Scotch brite", "combo": []}, {"category": "Cleaning & Household", "sub_category_name": "Mops, Brushes & Scrubs", "product_name": "Chandra Kharatabroom", "product_brand": "Gala", "combo": []}, {"category": "Cleaning & Household", "sub_category_name": "Mops, Brushes & Scrubs", "product_name": "Toilet Brush - Double Side Bristles", "product_brand": "Milton - Spotzero", "combo": []}, {"category": "Cleaning & Household", "sub_category_name": "Mops, Brushes & Scrubs", "product_name": "Scrub Pad Large Super Saver", "product_brand": "Scotch brite", "combo": [["3 pcs", "40.00"], ["7.5 cm X 7.5 cm", "10.00"], ["3 pcs", "84.00"]]}, {"category": "Cleaning & Household", "sub_category_name": "Mops, Brushes & Scrubs", "product_name": "Stainless Steel - Utensil Scrubber", "product_brand": "Milton - Spotzero", "combo": []}, {"category": "Cleaning & Household", "sub_category_name": "Mops, Brushes & Scrubs", "product_name": "Jet Scrubber Brush", "product_brand": "Scotch brite", "combo": []}, {"category": "Cleaning & Household", "sub_category_name": "Mops, Brushes & Scrubs", "product_name": "Harpic Bathroom Cleaning Liquid-Floral 500ml+Scotch Brite Scrub Sponge Large 1pc", "product_brand": "bb Combo", "combo": []}, {"category": "Cleaning & Household", "sub_category_name": "Mops, Brushes & Scrubs", "product_name": "Utensil Scrubber - Green", "product_brand": "Milton - Spotzero", "combo": []}, {"category": "Cleaning & Household", "sub_category_name": "Mops, Brushes & Scrubs", "product_name": "Microfibre Twist Mop", "product_brand": "Gala", "combo": []}, {"category": "Cleaning & Household", "sub_category_name": "Mops, Brushes & Scrubs", "product_name": "Floor Wiper With Plastic Handle", "product_brand": "Gala", "combo": []}, {"category": "Cleaning & Household", "sub_category_name": "Mops, Brushes & Scrubs", "product_name": "Microfibre Duster", "product_brand": "Gala", "combo": []}, {"category": "Cleaning & Household", "sub_category_name": "Mops, Brushes & Scrubs", "product_name": "Dustpan", "product_brand": "Gala", "combo": []}, {"category": "Cleaning & Household", "sub_category_name": "Mops, Brushes & Scrubs", "product_name": "Kitchen Towel", "product_brand": "Scotch brite", "combo": []}, {"category": "Cleaning & Household", "sub_category_name": "Mops, Brushes & Scrubs", "product_name": "Scrubber - Sponge Scrub", "product_brand": "Gala", "combo": []}, {"category": "Cleaning & Household", "sub_category_name": "Mops, Brushes & Scrubs", "product_name": "Power Scrub", "product_brand": "Scotch brite", "combo": []}, {"category": "Cleaning & Household", "sub_category_name": "Mops, Brushes & Scrubs", "product_name": "Wiper Double Lip", "product_brand": "Gala", "combo": []}, {"category": "Cleaning & Household", "sub_category_name": "Mops, Brushes & Scrubs", "product_name": "Floor Cleaning Cloth", "product_brand": "Scotch brite", "combo": [["2 pcs", "115.00"], ["1 pc", "60.00"]]}, {"category": "Cleaning & Household", "sub_category_name": "Mops, Brushes & Scrubs", "product_name": "EzeeSqueegee Wiper", "product_brand": "Gala", "combo": []}, {"category": "Cleaning & Household", "sub_category_name": "Mops, Brushes & Scrubs", "product_name": "Stainless Steel Scrub", "product_brand": "Scotch brite", "combo": []}, {"category": "Cleaning & Household", "sub_category_name": "Mops, Brushes & Scrubs", "product_name": "Toilet Brush - Double Hockey", "product_brand": "Gala", "combo": []}, {"category": "Cleaning & Household", "sub_category_name": "Mops, Brushes & Scrubs", "product_name": "Super Scrub - Soft", "product_brand": "Gala", "combo": []}, {"category": "Cleaning & Household", "sub_category_name": "Mops, Brushes & Scrubs", "product_name": "Dish Wash - Round Anti Bacterial Withcyclozan 250 gm + Safal Steel Scrubber 1 pc", "product_brand": "Exo", "combo": []}, {"category": "Cleaning & Household", "sub_category_name": "Mops, Brushes & Scrubs", "product_name": "Dishwash Bar - Anti-Bacterial, Round 700 gm + Safal Steel Scrubber 1 pc", "product_brand": "Exo", "combo": []}, {"category": "Cleaning & Household", "sub_category_name": "Mops, Brushes & Scrubs", "product_name": "Dual Floor Cloth - Pochha", "product_brand": "Gala", "combo": []}, {"category": "Cleaning & Household", "sub_category_name": "Mops, Brushes & Scrubs", "product_name": "Plastic Wiper - Kitchen Window & Glass (Small)", "product_brand": "Liao", "combo": [["2x1 pc", "178.00"], ["1 pc", "89.00"]]}, {"category": "Cleaning & Household", "sub_category_name": "Mops, Brushes & Scrubs", "product_name": "Heavy Duty Small", "product_brand": "Scotch brite", "combo": [["1 pc", "35.00"], ["7.0 cm X 7.5 cm", "35.00"]]}, {"category": "Cleaning & Household", "sub_category_name": "Mops, Brushes & Scrubs", "product_name": "Scrub Pad", "product_brand": "Scotch brite", "combo": []}, {"category": "Cleaning & Household", "sub_category_name": "Mops, Brushes & Scrubs", "product_name": "Duster/Cleaning Set - Kitchen Cleaner Combo", "product_brand": "SHAMROCK", "combo": []}, {"category": "Cleaning & Household", "sub_category_name": "Mops, Brushes & Scrubs", "product_name": "Scrub Pad", "product_brand": "Scotch brite", "combo": []}, {"category": "Cleaning & Household", "sub_category_name": "Mops, Brushes & Scrubs", "product_name": "No Dust Broom XL", "product_brand": "Gala", "combo": []}, {"category": "Cleaning & Household", "sub_category_name": "Mops, Brushes & Scrubs", "product_name": "Orbit Deck Mop", "product_brand": "Gala", "combo": []}, {"category": "Cleaning & Household", "sub_category_name": "Mops, Brushes & Scrubs", "product_name": "Wet Mop - Floor Cotton With Steel Stick", "product_brand": "Liao", "combo": []}, {"category": "Cleaning & Household", "sub_category_name": "Mops, Brushes & Scrubs", "product_name": "Toilet Brush - Single Side Bristles", "product_brand": "Milton - Spotzero", "combo": []}, {"category": "Cleaning & Household", "sub_category_name": "Mops, Brushes & Scrubs", "product_name": "Kitchen Gloves Medium", "product_brand": "Scotch brite", "combo": [["1 pc", "100.00"], ["1 pc", "100.00"]]}, {"category": "Cleaning & Household", "sub_category_name": "Mops, Brushes & Scrubs", "product_name": "Kitchen Scrubber - Stainless Steel", "product_brand": "Liao", "combo": []}, {"category": "Cleaning & Household", "sub_category_name": "Mops, Brushes & Scrubs", "product_name": "Plastic Broom", "product_brand": "Gala", "combo": []}, {"category": "Cleaning & Household", "sub_category_name": "Mops, Brushes & Scrubs", "product_name": "Lizol Kitchen Cleaner - Power 450 ml + Scotch Brite Kitchen Gloves Medium 1 pc", "product_brand": "bb Combo", "combo": []}, {"category": "Cleaning & Household", "sub_category_name": "Mops, Brushes & Scrubs", "product_name": "Sink Brush - Heavy Duty, D130062", "product_brand": "Liao", "combo": []}, {"category": "Cleaning & Household", "sub_category_name": "Mops, Brushes & Scrubs", "product_name": "Super Scrub - Soft", "product_brand": "Gala", "combo": []}, {"category": "Cleaning & Household", "sub_category_name": "Mops, Brushes & Scrubs", "product_name": "T - Mop Refill", "product_brand": "Gala", "combo": []}, {"category": "Cleaning & Household", "sub_category_name": "Mops, Brushes & Scrubs", "product_name": "Jet Scrubber - Tough", "product_brand": "Scotch brite", "combo": []}, {"category": "Cleaning & Household", "sub_category_name": "Mops, Brushes & Scrubs", "product_name": "Scrubber - Shergrip Sink Brush", "product_brand": "Gala", "combo": []}, {"category": "Cleaning & Household", "sub_category_name": "Mops, Brushes & Scrubs", "product_name": "Scrub-Net Sponge", "product_brand": "Scotch brite", "combo": []}, {"category": "Cleaning & Household", "sub_category_name": "Mops, Brushes & Scrubs", "product_name": "Super Strong", "product_brand": "Scotch brite", "combo": []}, {"category": "Cleaning & Household", "sub_category_name": "Mops, Brushes & Scrubs", "product_name": "Bathroom Squeegee", "product_brand": "Scotch brite", "combo": []}, {"category": "Cleaning & Household", "sub_category_name": "Mops, Brushes & Scrubs", "product_name": "Scrubber - Scrub Pad", "product_brand": "Gala", "combo": []}, {"category": "Cleaning & Household", "sub_category_name": "Mops, Brushes & Scrubs", "product_name": "Tile Brush - Heavy Duty, Bathroom", "product_brand": "Liao", "combo": []}, {"category": "Cleaning & Household", "sub_category_name": "Mops, Brushes & Scrubs", "product_name": "Double Hockey Brush - Polo, Assorted", "product_brand": "Gebi", "combo": []}, {"category": "Cleaning & Household", "sub_category_name": "Mops, Brushes & Scrubs", "product_name": "Toilet Brush - Slim", "product_brand": "Liao", "combo": []}, {"category": "Cleaning & Household", "sub_category_name": "Mops, Brushes & Scrubs", "product_name": "Sponge Wipe - 20 X 18 X 0.9 cm", "product_brand": "Milton - Spotzero", "combo": []}, {"category": "Cleaning & Household", "sub_category_name": "Mops, Brushes & Scrubs", "product_name": "Scrubber - Iron Bull Scrub Pad", "product_brand": "Gala", "combo": []}, {"category": "Cleaning & Household", "sub_category_name": "Mops, Brushes & Scrubs", "product_name": "Cleaning Cloth - Micro Fiber, G130016", "product_brand": "Liao", "combo": []}, {"category": "Cleaning & Household", "sub_category_name": "Mops, Brushes & Scrubs", "product_name": "Scrub Pad - Anti- Bacterial, Regular", "product_brand": "Scotch brite", "combo": []}, {"category": "Cleaning & Household", "sub_category_name": "Mops, Brushes & Scrubs", "product_name": "Cloth Washing Brush - Comfy Max", "product_brand": "Milton - Spotzero", "combo": []}, {"category": "Cleaning & Household", "sub_category_name": "Mops, Brushes & Scrubs", "product_name": "Scrub Pad - Anti- Bacterial, Regular", "product_brand": "Scotch brite", "combo": []}, {"category": "Cleaning & Household", "sub_category_name": "Mops, Brushes & Scrubs", "product_name": "Mop - Chandra Kitchen Moppy", "product_brand": "Gala", "combo": []}, {"category": "Cleaning & Household", "sub_category_name": "Mops, Brushes & Scrubs", "product_name": "Dustpack & Brush - Mini", "product_brand": "Liao", "combo": []}, {"category": "Cleaning & Household", "sub_category_name": "Mops, Brushes & Scrubs", "product_name": "Heavy Duty Scrub", "product_brand": "Milton - Spotzero", "combo": []}, {"category": "Cleaning & Household", "sub_category_name": "Mops, Brushes & Scrubs", "product_name": "Plunger - Big", "product_brand": "Milton - Spotzero", "combo": []}, {"category": "Cleaning & Household", "sub_category_name": "Mops, Brushes & Scrubs", "product_name": "Floor Cloth Pochha", "product_brand": "Gebi", "combo": []}, {"category": "Cleaning & Household", "sub_category_name": "Mops, Brushes & Scrubs", "product_name": "Deck Mop - Microfibre, Red & Grey, A130086", "product_brand": "Liao", "combo": []}, {"category": "Cleaning & Household", "sub_category_name": "Mops, Brushes & Scrubs", "product_name": "Dust-Free Broom - New Long Handle", "product_brand": "Gebi", "combo": []}, {"category": "Cleaning & Household", "sub_category_name": "Mops, Brushes & Scrubs", "product_name": "Smart Broom - Regular, 39 Sticks", "product_brand": "Gebi", "combo": []}, {"category": "Cleaning & Household", "sub_category_name": "Mops, Brushes & Scrubs", "product_name": "Toilet Cleaning Brush - Round", "product_brand": "Liao", "combo": []}, {"category": "Cleaning & Household", "sub_category_name": "Mops, Brushes & Scrubs", "product_name": "Smart Broom - Regular, 60 Sticks", "product_brand": "Gebi", "combo": []}, {"category": "Cleaning & Household", "sub_category_name": "Mops, Brushes & Scrubs", "product_name": "Sponge Scrubber - Kitchen, Double Sided", "product_brand": "Liao", "combo": []}, {"category": "Cleaning & Household", "sub_category_name": "Mops, Brushes & Scrubs", "product_name": "Toilet Brush - Double Sided", "product_brand": "Liao", "combo": []}, {"category": "Cleaning & Household", "sub_category_name": "Mops, Brushes & Scrubs", "product_name": "Floor Cleaning Brush - Hard With Handle", "product_brand": "Liao", "combo": []}, {"category": "Cleaning & Household", "sub_category_name": "Mops, Brushes & Scrubs", "product_name": "Kitchen Sponge - Super Absorbent", "product_brand": "Liao", "combo": []}, {"category": "Cleaning & Household", "sub_category_name": "Mops, Brushes & Scrubs", "product_name": "Bottle Cleaner Brush - With Anti-bacterial Sponge & Non-scratch Cleaning", "product_brand": "Scotch brite", "combo": []}, {"category": "Cleaning & Household", "sub_category_name": "Mops, Brushes & Scrubs", "product_name": "Advanced Floor Cloth", "product_brand": "Gala", "combo": []}, {"category": "Cleaning & Household", "sub_category_name": "Mops, Brushes & Scrubs", "product_name": "Safal Steel Scrubber", "product_brand": "Exo", "combo": []}, {"category": "Cleaning & Household", "sub_category_name": "Mops, Brushes & Scrubs", "product_name": "Stylo Sink Brush", "product_brand": "Gala", "combo": []}, {"category": "Cleaning & Household", "sub_category_name": "Mops, Brushes & Scrubs", "product_name": "Cloth Washing Brush - With Handle, Comfy Super", "product_brand": "Milton - Spotzero", "combo": []}, {"category": "Cleaning & Household", "sub_category_name": "Mops, Brushes & Scrubs", "product_name": "Thick Pad Small", "product_brand": "Scotch brite", "combo": [["1 pc", "27.00"], ["1 pc", "15.00"]]}, {"category": "Cleaning & Household", "sub_category_name": "Mops, Brushes & Scrubs", "product_name": "Kitchen Wiper Classic", "product_brand": "Big Blue", "combo": []}, {"category": "Cleaning & Household", "sub_category_name": "Mops, Brushes & Scrubs", "product_name": "Microfiber Dust Cloth", "product_brand": "Gala", "combo": []}, {"category": "Cleaning & Household", "sub_category_name": "Mops, Brushes & Scrubs", "product_name": "Toilet Cleaning - Plunger, Large", "product_brand": "Liao", "combo": [["2x1 pc", "298.00"], ["1 pc", "149.00"]]}, {"category": "Cleaning & Household", "sub_category_name": "Mops, Brushes & Scrubs", "product_name": "Tile Brush - Heavy Duty Nylon Bathroom", "product_brand": "Liao", "combo": []}, {"category": "Cleaning & Household", "sub_category_name": "Mops, Brushes & Scrubs", "product_name": "Mop - Clip And Fit Refill", "product_brand": "Gala", "combo": []}, {"category": "Cleaning & Household", "sub_category_name": "Mops, Brushes & Scrubs", "product_name": "Nylon Non Stick Utensil Scrub", "product_brand": "Milton - Spotzero", "combo": []}, {"category": "Cleaning & Household", "sub_category_name": "Mops, Brushes & Scrubs", "product_name": "Dust Free Broom - Deluxe", "product_brand": "Gebi", "combo": []}, {"category": "Cleaning & Household", "sub_category_name": "Mops, Brushes & Scrubs", "product_name": "Cleaning Duster - Multi Purpose Micro Fiber With Handle", "product_brand": "Liao", "combo": []}, {"category": "Cleaning & Household", "sub_category_name": "Mops, Brushes & Scrubs", "product_name": "Door/Floor Adda Mat - Purple", "product_brand": "SHAMROCK", "combo": []}, {"category": "Cleaning & Household", "sub_category_name": "Mops, Brushes & Scrubs", "product_name": "Broom & Dustpan Combo - Plastic, Green C130020G", "product_brand": "Liao", "combo": [["2 pcs", "349.00"], ["2 pcs", "349.00"]]}, {"category": "Cleaning & Household", "sub_category_name": "Mops, Brushes & Scrubs", "product_name": "Kitchen Sink Brush", "product_brand": "Scotch brite", "combo": []}, {"category": "Cleaning & Household", "sub_category_name": "Mops, Brushes & Scrubs", "product_name": "Scrub Pad - Anti- Bacterial, Small", "product_brand": "Scotch brite", "combo": []}, {"category": "Cleaning & Household", "sub_category_name": "Mops, Brushes & Scrubs", "product_name": "Plastic Microfiber Zero Dust Broom", "product_brand": "Milton - Spotzero", "combo": []}, {"category": "Cleaning & Household", "sub_category_name": "Mops, Brushes & Scrubs", "product_name": "Microfiber Multipurpose Cloth", "product_brand": "Gala", "combo": []}, {"category": "Cleaning & Household", "sub_category_name": "Mops, Brushes & Scrubs", "product_name": "Cotton Handle Mop Refill", "product_brand": "Scotch brite", "combo": [["1 pc", "375.00"], ["1 pc", "250.00"]]}, {"category": "Cleaning & Household", "sub_category_name": "Mops, Brushes & Scrubs", "product_name": "Scrub - Nylon Cleaning", "product_brand": "Liao", "combo": []}, {"category": "Cleaning & Household", "sub_category_name": "Mops, Brushes & Scrubs", "product_name": "Dust Pan - Super, Assorted", "product_brand": "Gebi", "combo": []}, {"category": "Cleaning & Household", "sub_category_name": "Mops, Brushes & Scrubs", "product_name": "Brush - Brushtile Hardy", "product_brand": "Gala", "combo": []}, {"category": "Cleaning & Household", "sub_category_name": "Mops, Brushes & Scrubs", "product_name": "Dry Mop - Micro Fiber Expandable Flat With Stick, Orange", "product_brand": "Liao", "combo": [["1 pc", "399.00"], ["1 pc", "399.00"]]}, {"category": "Cleaning & Household", "sub_category_name": "Mops, Brushes & Scrubs", "product_name": "Sponge Wiper - Window & Glass Clean (Big) With Steel Stick", "product_brand": "Liao", "combo": []}, {"category": "Cleaning & Household", "sub_category_name": "Mops, Brushes & Scrubs", "product_name": "Floor & Wall Broom", "product_brand": "Milton - Spotzero", "combo": []}, {"category": "Cleaning & Household", "sub_category_name": "Mops, Brushes & Scrubs", "product_name": "Cloth Brush - Comfy Mini", "product_brand": "Milton - Spotzero", "combo": []}, {"category": "Cleaning & Household", "sub_category_name": "Mops, Brushes & Scrubs", "product_name": "Cloth Brush - Comfy Premium", "product_brand": "Milton - Spotzero", "combo": []}, {"category": "Cleaning & Household", "sub_category_name": "Mops, Brushes & Scrubs", "product_name": "2-In-1 Microfiber Magic Cloth", "product_brand": "Gala", "combo": []}, {"category": "Cleaning & Household", "sub_category_name": "Mops, Brushes & Scrubs", "product_name": "Scrub Pad - Anti- Bacterial, Large", "product_brand": "Scotch brite", "combo": []}, {"category": "Cleaning & Household", "sub_category_name": "Mops, Brushes & Scrubs", "product_name": "Scrub Pad Regular S Shape", "product_brand": "Scotch brite", "combo": []}, {"category": "Cleaning & Household", "sub_category_name": "Mops, Brushes & Scrubs", "product_name": "Dust Free Broom - Deluxe", "product_brand": "Gebi", "combo": []}, {"category": "Cleaning & Household", "sub_category_name": "Mops, Brushes & Scrubs", "product_name": "Cleaning Duster - Multi Purpose Micro Fiber With Handle", "product_brand": "Liao", "combo": []}, {"category": "Cleaning & Household", "sub_category_name": "Mops, Brushes & Scrubs", "product_name": "Door/Floor Adda Mat - Purple", "product_brand": "SHAMROCK", "combo": []}, {"category": "Cleaning & Household", "sub_category_name": "Mops, Brushes & Scrubs", "product_name": "Broom & Dustpan Combo - Plastic, Green C130020G", "product_brand": "Liao", "combo": [["2 pcs", "349.00"], ["2 pcs", "349.00"]]}, {"category": "Cleaning & Household", "sub_category_name": "Mops, Brushes & Scrubs", "product_name": "Kitchen Sink Brush", "product_brand": "Scotch brite", "combo": []}, {"category": "Cleaning & Household", "sub_category_name": "Mops, Brushes & Scrubs", "product_name": "Scrub Pad - Anti- Bacterial, Small", "product_brand": "Scotch brite", "combo": []}, {"category": "Cleaning & Household", "sub_category_name": "Mops, Brushes & Scrubs", "product_name": "Plastic Microfiber Zero Dust Broom", "product_brand": "Milton - Spotzero", "combo": []}, {"category": "Cleaning & Household", "sub_category_name": "Mops, Brushes & Scrubs", "product_name": "Microfiber Multipurpose Cloth", "product_brand": "Gala", "combo": []}, {"category": "Cleaning & Household", "sub_category_name": "Mops, Brushes & Scrubs", "product_name": "Cotton Handle Mop Refill", "product_brand": "Scotch brite", "combo": [["1 pc", "375.00"], ["1 pc", "250.00"]]}, {"category": "Cleaning & Household", "sub_category_name": "Mops, Brushes & Scrubs", "product_name": "Scrub - Nylon Cleaning", "product_brand": "Liao", "combo": []}, {"category": "Cleaning & Household", "sub_category_name": "Mops, Brushes & Scrubs", "product_name": "Dust Pan - Super, Assorted", "product_brand": "Gebi", "combo": []}, {"category": "Cleaning & Household", "sub_category_name": "Mops, Brushes & Scrubs", "product_name": "Brush - Brushtile Hardy", "product_brand": "Gala", "combo": []}, {"category": "Cleaning & Household", "sub_category_name": "Mops, Brushes & Scrubs", "product_name": "Dry Mop - Micro Fiber Expandable Flat With Stick, Orange", "product_brand": "Liao", "combo": [["1 pc", "399.00"], ["1 pc", "399.00"]]}, {"category": "Cleaning & Household", "sub_category_name": "Mops, Brushes & Scrubs", "product_name": "Sponge Wiper - Window & Glass Clean (Big) With Steel Stick", "product_brand": "Liao", "combo": []}, {"category": "Cleaning & Household", "sub_category_name": "Mops, Brushes & Scrubs", "product_name": "Floor & Wall Broom", "product_brand": "Milton - Spotzero", "combo": []}, {"category": "Cleaning & Household", "sub_category_name": "Mops, Brushes & Scrubs", "product_name": "Cloth Brush - Comfy Mini", "product_brand": "Milton - Spotzero", "combo": []}, {"category": "Cleaning & Household", "sub_category_name": "Mops, Brushes & Scrubs", "product_name": "Cloth Brush - Comfy Premium", "product_brand": "Milton - Spotzero", "combo": []}, {"category": "Cleaning & Household", "sub_category_name": "Mops, Brushes & Scrubs", "product_name": "2-In-1 Microfiber Magic Cloth", "product_brand": "Gala", "combo": []}, {"category": "Cleaning & Household", "sub_category_name": "Mops, Brushes & Scrubs", "product_name": "Scrub Pad - Anti- Bacterial, Large", "product_brand": "Scotch brite", "combo": []}, {"category": "Cleaning & Household", "sub_category_name": "Mops, Brushes & Scrubs", "product_name": "Scrub Pad Regular S Shape", "product_brand": "Scotch brite", "combo": []}, {"category": "Cleaning & Household", "sub_category_name": "Mops, Brushes & Scrubs", "product_name": "Cloth Brush - Chandra Gold", "product_brand": "Gala", "combo": []}, {"category": "Cleaning & Household", "sub_category_name": "Mops, Brushes & Scrubs", "product_name": "Magic Sponge - Big", "product_brand": "Gebi", "combo": []}, {"category": "Cleaning & Household", "sub_category_name": "Mops, Brushes & Scrubs", "product_name": "Floor Twist Mop With Stick & Microfibre Refill - A130073", "product_brand": "Liao", "combo": []}, {"category": "Cleaning & Household", "sub_category_name": "Mops, Brushes & Scrubs", "product_name": "Sponge Wiper - Floor Cleaning With Steel Stick, 35 Cm", "product_brand": "Liao", "combo": []}, {"category": "Cleaning & Household", "sub_category_name": "Mops, Brushes & Scrubs", "product_name": "Eco Floor Wiper", "product_brand": "Milton - Spotzero", "combo": []}, {"category": "Cleaning & Household", "sub_category_name": "Mops, Brushes & Scrubs", "product_name": "Toilet Cleaning - Plunger Meduim", "product_brand": "Liao", "combo": [["2x1 pc", "238.00"], ["1 pc", "119.00"]]}, {"category": "Cleaning & Household", "sub_category_name": "Mops, Brushes & Scrubs", "product_name": "Active Tile Brush", "product_brand": "Big Blue", "combo": []}, {"category": "Cleaning & Household", "sub_category_name": "Mops, Brushes & Scrubs", "product_name": "Duster/Cleaning Set - Kitchen Cleaner Combo", "product_brand": "SHAMROCK", "combo": []}, {"category": "Cleaning & Household", "sub_category_name": "Mops, Brushes & Scrubs", "product_name": "Microfiber Kitchen Wipe", "product_brand": "Scotch brite", "combo": []}, {"category": "Cleaning & Household", "sub_category_name": "Mops, Brushes & Scrubs", "product_name": "Sponge Pad- Two In One Kitchen Scrouring", "product_brand": "Liao", "combo": []}, {"category": "Cleaning & Household", "sub_category_name": "Mops, Brushes & Scrubs", "product_name": "Kitchen Platform Moppy", "product_brand": "Milton - Spotzero", "combo": []}, {"category": "Cleaning & Household", "sub_category_name": "Mops, Brushes & Scrubs", "product_name": "Refill Mop - Micro Fiber (Blue)", "product_brand": "Liao", "combo": []}, {"category": "Cleaning & Household", "sub_category_name": "Mops, Brushes & Scrubs", "product_name": "Door / Balcony Hollow Mat", "product_brand": "SHAMROCK", "combo": []}, {"category": "Cleaning & Household", "sub_category_name": "Mops, Brushes & Scrubs", "product_name": "Dry Floor Mop With 360 Degree Rotating Stick & Microfibre Head - A130062", "product_brand": "Liao", "combo": []}, {"category": "Cleaning & Household", "sub_category_name": "Mops, Brushes & Scrubs", "product_name": "Spark Brown Strong Scrub", "product_brand": "Big Blue", "combo": []}, {"category": "Cleaning & Household", "sub_category_name": "Mops, Brushes & Scrubs", "product_name": "Footlock - Mop Refill", "product_brand": "Scotch brite", "combo": [["1 pc", "549.00"], ["1 pc", "299.00"]]}, {"category": "Cleaning & Household", "sub_category_name": "Mops, Brushes & Scrubs", "product_name": "Microfiber Scrubby Kitchen Wipe", "product_brand": "Scotch brite", "combo": []}, {"category": "Cleaning & Household", "sub_category_name": "Mops, Brushes & Scrubs", "product_name": "Cloth Brush - Small, Miss Universe, Assorted", "product_brand": "Gebi", "combo": []}, {"category": "Cleaning & Household", "sub_category_name": "Mops, Brushes & Scrubs", "product_name": "Roff Cera Clean", "product_brand": "Pidilite", "combo": [["500 ml", "105.00"], ["1 L", "160.00"]]}, {"category": "Cleaning & Household", "sub_category_name": "Mops, Brushes & Scrubs", "product_name": "Plastic Brush", "product_brand": "Gala", "combo": []}, {"category": "Cleaning & Household", "sub_category_name": "Mops, Brushes & Scrubs", "product_name": "Dust Free Broom - Deluxe", "product_brand": "Gebi", "combo": []}, {"category": "Cleaning & Household", "sub_category_name": "Mops, Brushes & Scrubs", "product_name": "Cleaning Duster - Multi Purpose Micro Fiber With Handle", "product_brand": "Liao", "combo": []}, {"category": "Cleaning & Household", "sub_category_name": "Mops, Brushes & Scrubs", "product_name": "Door/Floor Adda Mat - Purple", "product_brand": "SHAMROCK", "combo": []}, {"category": "Cleaning & Household", "sub_category_name": "Mops, Brushes & Scrubs", "product_name": "Broom & Dustpan Combo - Plastic, Green C130020G", "product_brand": "Liao", "combo": [["2 pcs", "349.00"], ["2 pcs", "349.00"]]}, {"category": "Cleaning & Household", "sub_category_name": "Mops, Brushes & Scrubs", "product_name": "Kitchen Sink Brush", "product_brand": "Scotch brite", "combo": []}, {"category": "Cleaning & Household", "sub_category_name": "Mops, Brushes & Scrubs", "product_name": "Scrub Pad - Anti- Bacterial, Small", "product_brand": "Scotch brite", "combo": []}, {"category": "Cleaning & Household", "sub_category_name": "Mops, Brushes & Scrubs", "product_name": "Plastic Microfiber Zero Dust Broom", "product_brand": "Milton - Spotzero", "combo": []}, {"category": "Cleaning & Household", "sub_category_name": "Mops, Brushes & Scrubs", "product_name": "Microfiber Multipurpose Cloth", "product_brand": "Gala", "combo": []}, {"category": "Cleaning & Household", "sub_category_name": "Mops, Brushes & Scrubs", "product_name": "Cotton Handle Mop Refill", "product_brand": "Scotch brite", "combo": [["1 pc", "375.00"], ["1 pc", "250.00"]]}, {"category": "Cleaning & Household", "sub_category_name": "Mops, Brushes & Scrubs", "product_name": "Scrub - Nylon Cleaning", "product_brand": "Liao", "combo": []}, {"category": "Cleaning & Household", "sub_category_name": "Mops, Brushes & Scrubs", "product_name": "Dust Pan - Super, Assorted", "product_brand": "Gebi", "combo": []}, {"category": "Cleaning & Household", "sub_category_name": "Mops, Brushes & Scrubs", "product_name": "Brush - Brushtile Hardy", "product_brand": "Gala", "combo": []}, {"category": "Cleaning & Household", "sub_category_name": "Mops, Brushes & Scrubs", "product_name": "Dry Mop - Micro Fiber Expandable Flat With Stick, Orange", "product_brand": "Liao", "combo": [["1 pc", "399.00"], ["1 pc", "399.00"]]}, {"category": "Cleaning & Household", "sub_category_name": "Mops, Brushes & Scrubs", "product_name": "Sponge Wiper - Window & Glass Clean (Big) With Steel Stick", "product_brand": "Liao", "combo": []}, {"category": "Cleaning & Household", "sub_category_name": "Mops, Brushes & Scrubs", "product_name": "Floor & Wall Broom", "product_brand": "Milton - Spotzero", "combo": []}, {"category": "Cleaning & Household", "sub_category_name": "Mops, Brushes & Scrubs", "product_name": "Cloth Brush - Comfy Mini", "product_brand": "Milton - Spotzero", "combo": []}, {"category": "Cleaning & Household", "sub_category_name": "Mops, Brushes & Scrubs", "product_name": "Cloth Brush - Comfy Premium", "product_brand": "Milton - Spotzero", "combo": []}, {"category": "Cleaning & Household", "sub_category_name": "Mops, Brushes & Scrubs", "product_name": "2-In-1 Microfiber Magic Cloth", "product_brand": "Gala", "combo": []}, {"category": "Cleaning & Household", "sub_category_name": "Mops, Brushes & Scrubs", "product_name": "Scrub Pad - Anti- Bacterial, Large", "product_brand": "Scotch brite", "combo": []}, {"category": "Cleaning & Household", "sub_category_name": "Mops, Brushes & Scrubs", "product_name": "Scrub Pad Regular S Shape", "product_brand": "Scotch brite", "combo": []}, {"category": "Cleaning & Household", "sub_category_name": "Mops, Brushes & Scrubs", "product_name": "Dust Free Broom - Deluxe", "product_brand": "Gebi", "combo": []}, {"category": "Cleaning & Household", "sub_category_name": "Mops, Brushes & Scrubs", "product_name": "Cleaning Duster - Multi Purpose Micro Fiber With Handle", "product_brand": "Liao", "combo": []}, {"category": "Cleaning & Household", "sub_category_name": "Mops, Brushes & Scrubs", "product_name": "Door/Floor Adda Mat - Purple", "product_brand": "SHAMROCK", "combo": []}, {"category": "Cleaning & Household", "sub_category_name": "Mops, Brushes & Scrubs", "product_name": "Broom & Dustpan Combo - Plastic, Green C130020G", "product_brand": "Liao", "combo": [["2 pcs", "349.00"], ["2 pcs", "349.00"]]}, {"category": "Cleaning & Household", "sub_category_name": "Mops, Brushes & Scrubs", "product_name": "Kitchen Sink Brush", "product_brand": "Scotch brite", "combo": []}, {"category": "Cleaning & Household", "sub_category_name": "Mops, Brushes & Scrubs", "product_name": "Scrub Pad - Anti- Bacterial, Small", "product_brand": "Scotch brite", "combo": []}, {"category": "Cleaning & Household", "sub_category_name": "Mops, Brushes & Scrubs", "product_name": "Plastic Microfiber Zero Dust Broom", "product_brand": "Milton - Spotzero", "combo": []}, {"category": "Cleaning & Household", "sub_category_name": "Mops, Brushes & Scrubs", "product_name": "Microfiber Multipurpose Cloth", "product_brand": "Gala", "combo": []}, {"category": "Cleaning & Household", "sub_category_name": "Mops, Brushes & Scrubs", "product_name": "Cotton Handle Mop Refill", "product_brand": "Scotch brite", "combo": [["1 pc", "375.00"], ["1 pc", "250.00"]]}, {"category": "Cleaning & Household", "sub_category_name": "Mops, Brushes & Scrubs", "product_name": "Scrub - Nylon Cleaning", "product_brand": "Liao", "combo": []}, {"category": "Cleaning & Household", "sub_category_name": "Mops, Brushes & Scrubs", "product_name": "Dust Pan - Super, Assorted", "product_brand": "Gebi", "combo": []}, {"category": "Cleaning & Household", "sub_category_name": "Mops, Brushes & Scrubs", "product_name": "Brush - Brushtile Hardy", "product_brand": "Gala", "combo": []}, {"category": "Cleaning & Household", "sub_category_name": "Mops, Brushes & Scrubs", "product_name": "Dry Mop - Micro Fiber Expandable Flat With Stick, Orange", "product_brand": "Liao", "combo": [["1 pc", "399.00"], ["1 pc", "399.00"]]}, {"category": "Cleaning & Household", "sub_category_name": "Mops, Brushes & Scrubs", "product_name": "Sponge Wiper - Window & Glass Clean (Big) With Steel Stick", "product_brand": "Liao", "combo": []}, {"category": "Cleaning & Household", "sub_category_name": "Mops, Brushes & Scrubs", "product_name": "Floor & Wall Broom", "product_brand": "Milton - Spotzero", "combo": []}, {"category": "Cleaning & Household", "sub_category_name": "Mops, Brushes & Scrubs", "product_name": "Cloth Brush - Comfy Mini", "product_brand": "Milton - Spotzero", "combo": []}, {"category": "Cleaning & Household", "sub_category_name": "Mops, Brushes & Scrubs", "product_name": "Cloth Brush - Comfy Premium", "product_brand": "Milton - Spotzero", "combo": []}, {"category": "Cleaning & Household", "sub_category_name": "Mops, Brushes & Scrubs", "product_name": "2-In-1 Microfiber Magic Cloth", "product_brand": "Gala", "combo": []}, {"category": "Cleaning & Household", "sub_category_name": "Mops, Brushes & Scrubs", "product_name": "Scrub Pad - Anti- Bacterial, Large", "product_brand": "Scotch brite", "combo": []}, {"category": "Cleaning & Household", "sub_category_name": "Mops, Brushes & Scrubs", "product_name": "Scrub Pad Regular S Shape", "product_brand": "Scotch brite", "combo": []}, {"category": "Cleaning & Household", "sub_category_name": "Mops, Brushes & Scrubs", "product_name": "Multi Broom - With Handle, Deluxe, Assorted", "product_brand": "Gebi", "combo": []}, {"category": "Cleaning & Household", "sub_category_name": "Mops, Brushes & Scrubs", "product_name": "Plastic Clip Mop - 350", "product_brand": "Gebi", "combo": []}, {"category": "Cleaning & Household", "sub_category_name": "Mops, Brushes & Scrubs", "product_name": "Rug & Carpet Protector", "product_brand": "Scotchgard", "combo": []}, {"category": "Cleaning & Household", "sub_category_name": "Mops, Brushes & Scrubs", "product_name": "Sponge Wiper - Floor Cleaning With Steel Stick, 55 Cm", "product_brand": "Liao", "combo": []}, {"category": "Cleaning & Household", "sub_category_name": "Mops, Brushes & Scrubs", "product_name": "Tile & Floor Cleaning Brush - Hard", "product_brand": "Liao", "combo": []}, {"category": "Cleaning & Household", "sub_category_name": "Mops, Brushes & Scrubs", "product_name": "Jumper Spin Mop - Round Refill Heads", "product_brand": "Scotch brite", "combo": []}, {"category": "Cleaning & Household", "sub_category_name": "Mops, Brushes & Scrubs", "product_name": "Clip `N' Fit Cotton Mop", "product_brand": "Gala", "combo": []}, {"category": "Cleaning & Household", "sub_category_name": "Mops, Brushes & Scrubs", "product_name": "Spin Mop With Bucket, PSB 10 42604", "product_brand": "Prestige", "combo": []}, {"category": "Cleaning & Household", "sub_category_name": "Mops, Brushes & Scrubs", "product_name": "Dishwash Bar-Lemon 125 g Poly pack + Scrub Pad With Handle 1 pc", "product_brand": "BB Home", "combo": []}, {"category": "Cleaning & Household", "sub_category_name": "Mops, Brushes & Scrubs", "product_name": "Dishwash Bar-Lemon 200 g Poly pack + Scrub Pad With Handle 1 pc", "product_brand": "BB Home", "combo": []}, {"category": "Cleaning & Household", "sub_category_name": "Mops, Brushes & Scrubs", "product_name": "Active Cloth", "product_brand": "Gala", "combo": []}, {"category": "Cleaning & Household", "sub_category_name": "Mops, Brushes & Scrubs", "product_name": "Sponge Clean Extra Soft", "product_brand": "Zolo", "combo": []}, {"category": "Cleaning & Household", "sub_category_name": "Mops, Brushes & Scrubs", "product_name": "Sponge Wipes", "product_brand": "Zolo", "combo": []}, {"category": "Cleaning & Household", "sub_category_name": "Mops, Brushes & Scrubs", "product_name": "Water Wiper - Smart", "product_brand": "Milton - Spotzero", "combo": []}, {"category": "Cleaning & Household", "sub_category_name": "Mops, Brushes & Scrubs", "product_name": "Spin Mop With Extra Refill - Elite", "product_brand": "Milton - Spotzero", "combo": []}, {"category": "Cleaning & Household", "sub_category_name": "Mops, Brushes & Scrubs", "product_name": "Cotton Mop - Dry Squeeze", "product_brand": "Milton - Spotzero", "combo": []}, {"category": "Cleaning & Household", "sub_category_name": "Mops, Brushes & Scrubs", "product_name": "Floor Wiper Squeegee - Red & Grey, K130023", "product_brand": "Liao", "combo": []}, {"category": "Cleaning & Household", "sub_category_name": "Mops, Brushes & Scrubs", "product_name": "Spin Mop Bucket", "product_brand": "Milton - Spotzero", "combo": []}, {"category": "Cleaning & Household", "sub_category_name": "Mops, Brushes & Scrubs", "product_name": "Easy Clip & Fit Mop", "product_brand": "Gala", "combo": []}, {"category": "Cleaning & Household", "sub_category_name": "Mops, Brushes & Scrubs", "product_name": "Mr. Clean Dust Pan & Bin - Small", "product_brand": "Nakoda", "combo": []}, {"category": "Cleaning & Household", "sub_category_name": "Mops, Brushes & Scrubs", "product_name": "Multi Broom - With Handle, Deluxe, Assorted", "product_brand": "Gebi", "combo": []}, {"category": "Cleaning & Household", "sub_category_name": "Mops, Brushes & Scrubs", "product_name": "Plastic Clip Mop - 350", "product_brand": "Gebi", "combo": []}, {"category": "Cleaning & Household", "sub_category_name": "Mops, Brushes & Scrubs", "product_name": "Rug & Carpet Protector", "product_brand": "Scotchgard", "combo": []}, {"category": "Cleaning & Household", "sub_category_name": "Mops, Brushes & Scrubs", "product_name": "Sponge Wiper - Floor Cleaning With Steel Stick, 55 Cm", "product_brand": "Liao", "combo": []}, {"category": "Cleaning & Household", "sub_category_name": "Mops, Brushes & Scrubs", "product_name": "Tile & Floor Cleaning Brush - Hard", "product_brand": "Liao", "combo": []}, {"category": "Cleaning & Household", "sub_category_name": "Mops, Brushes & Scrubs", "product_name": "Jumper Spin Mop - Round Refill Heads", "product_brand": "Scotch brite", "combo": []}, {"category": "Cleaning & Household", "sub_category_name": "Mops, Brushes & Scrubs", "product_name": "Clip `N' Fit Cotton Mop", "product_brand": "Gala", "combo": []}, {"category": "Cleaning & Household", "sub_category_name": "Mops, Brushes & Scrubs", "product_name": "Spin Mop With Bucket, PSB 10 42604", "product_brand": "Prestige", "combo": []}, {"category": "Cleaning & Household", "sub_category_name": "Mops, Brushes & Scrubs", "product_name": "Dishwash Bar-Lemon 125 g Poly pack + Scrub Pad With Handle 1 pc", "product_brand": "BB Home", "combo": []}, {"category": "Cleaning & Household", "sub_category_name": "Mops, Brushes & Scrubs", "product_name": "Dishwash Bar-Lemon 200 g Poly pack + Scrub Pad With Handle 1 pc", "product_brand": "BB Home", "combo": []}, {"category": "Cleaning & Household", "sub_category_name": "Mops, Brushes & Scrubs", "product_name": "Active Cloth", "product_brand": "Gala", "combo": []}, {"category": "Cleaning & Household", "sub_category_name": "Mops, Brushes & Scrubs", "product_name": "Sponge Clean Extra Soft", "product_brand": "Zolo", "combo": []}, {"category": "Cleaning & Household", "sub_category_name": "Mops, Brushes & Scrubs", "product_name": "Sponge Wipes", "product_brand": "Zolo", "combo": []}, {"category": "Cleaning & Household", "sub_category_name": "Mops, Brushes & Scrubs", "product_name": "Water Wiper - Smart", "product_brand": "Milton - Spotzero", "combo": []}, {"category": "Cleaning & Household", "sub_category_name": "Mops, Brushes & Scrubs", "product_name": "Spin Mop With Extra Refill - Elite", "product_brand": "Milton - Spotzero", "combo": []}, {"category": "Cleaning & Household", "sub_category_name": "Mops, Brushes & Scrubs", "product_name": "Cotton Mop - Dry Squeeze", "product_brand": "Milton - Spotzero", "combo": []}, {"category": "Cleaning & Household", "sub_category_name": "Mops, Brushes & Scrubs", "product_name": "Floor Wiper Squeegee - Red & Grey, K130023", "product_brand": "Liao", "combo": []}, {"category": "Cleaning & Household", "sub_category_name": "Mops, Brushes & Scrubs", "product_name": "Spin Mop Bucket", "product_brand": "Milton - Spotzero", "combo": []}, {"category": "Cleaning & Household", "sub_category_name": "Mops, Brushes & Scrubs", "product_name": "Easy Clip & Fit Mop", "product_brand": "Gala", "combo": []}, {"category": "Cleaning & Household", "sub_category_name": "Mops, Brushes & Scrubs", "product_name": "Mr. Clean Dust Pan & Bin - Small", "product_brand": "Nakoda", "combo": []}, {"category": "Cleaning & Household", "sub_category_name": "Mops, Brushes & Scrubs", "product_name": "Multi Broom - With Handle, Deluxe, Assorted", "product_brand": "Gebi", "combo": []}, {"category": "Cleaning & Household", "sub_category_name": "Mops, Brushes & Scrubs", "product_name": "Plastic Clip Mop - 350", "product_brand": "Gebi", "combo": []}, {"category": "Cleaning & Household", "sub_category_name": "Mops, Brushes & Scrubs", "product_name": "Rug & Carpet Protector", "product_brand": "Scotchgard", "combo": []}, {"category": "Cleaning & Household", "sub_category_name": "Mops, Brushes & Scrubs", "product_name": "Sponge Wiper - Floor Cleaning With Steel Stick, 55 Cm", "product_brand": "Liao", "combo": []}, {"category": "Cleaning & Household", "sub_category_name": "Mops, Brushes & Scrubs", "product_name": "Tile & Floor Cleaning Brush - Hard", "product_brand": "Liao", "combo": []}, {"category": "Cleaning & Household", "sub_category_name": "Mops, Brushes & Scrubs", "product_name": "Jumper Spin Mop - Round Refill Heads", "product_brand": "Scotch brite", "combo": []}, {"category": "Cleaning & Household", "sub_category_name": "Mops, Brushes & Scrubs", "product_name": "Clip `N' Fit Cotton Mop", "product_brand": "Gala", "combo": []}, {"category": "Cleaning & Household", "sub_category_name": "Mops, Brushes & Scrubs", "product_name": "Spin Mop With Bucket, PSB 10 42604", "product_brand": "Prestige", "combo": []}, {"category": "Cleaning & Household", "sub_category_name": "Mops, Brushes & Scrubs", "product_name": "Dishwash Bar-Lemon 125 g Poly pack + Scrub Pad With Handle 1 pc", "product_brand": "BB Home", "combo": []}, {"category": "Cleaning & Household", "sub_category_name": "Mops, Brushes & Scrubs", "product_name": "Dishwash Bar-Lemon 200 g Poly pack + Scrub Pad With Handle 1 pc", "product_brand": "BB Home", "combo": []}, {"category": "Cleaning & Household", "sub_category_name": "Mops, Brushes & Scrubs", "product_name": "Active Cloth", "product_brand": "Gala", "combo": []}, {"category": "Cleaning & Household", "sub_category_name": "Mops, Brushes & Scrubs", "product_name": "Sponge Clean Extra Soft", "product_brand": "Zolo", "combo": []}, {"category": "Cleaning & Household", "sub_category_name": "Mops, Brushes & Scrubs", "product_name": "Sponge Wipes", "product_brand": "Zolo", "combo": []}, {"category": "Cleaning & Household", "sub_category_name": "Mops, Brushes & Scrubs", "product_name": "Water Wiper - Smart", "product_brand": "Milton - Spotzero", "combo": []}, {"category": "Cleaning & Household", "sub_category_name": "Mops, Brushes & Scrubs", "product_name": "Spin Mop With Extra Refill - Elite", "product_brand": "Milton - Spotzero", "combo": []}, {"category": "Cleaning & Household", "sub_category_name": "Mops, Brushes & Scrubs", "product_name": "Cotton Mop - Dry Squeeze", "product_brand": "Milton - Spotzero", "combo": []}, {"category": "Cleaning & Household", "sub_category_name": "Mops, Brushes & Scrubs", "product_name": "Floor Wiper Squeegee - Red & Grey, K130023", "product_brand": "Liao", "combo": []}, {"category": "Cleaning & Household", "sub_category_name": "Mops, Brushes & Scrubs", "product_name": "Spin Mop Bucket", "product_brand": "Milton - Spotzero", "combo": []}, {"category": "Cleaning & Household", "sub_category_name": "Mops, Brushes & Scrubs", "product_name": "Easy Clip & Fit Mop", "product_brand": "Gala", "combo": []}, {"category": "Cleaning & Household", "sub_category_name": "Mops, Brushes & Scrubs", "product_name": "Mr. Clean Dust Pan & Bin - Small", "product_brand": "Nakoda", "combo": []}, {"category": "Cleaning & Household", "sub_category_name": "Mops, Brushes & Scrubs", "product_name": "Wet Mop - Micro Fiber Floor Round Refill, R130016", "product_brand": "Liao", "combo": []}, {"category": "Cleaning & Household", "sub_category_name": "Mops, Brushes & Scrubs", "product_name": "Lint Roller - L130008", "product_brand": "Liao", "combo": []}, {"category": "Cleaning & Household", "sub_category_name": "Mops, Brushes & Scrubs", "product_name": "Wet Mop - Micro Fiber Floor With Steel Stick", "product_brand": "Liao", "combo": []}, {"category": "Cleaning & Household", "sub_category_name": "Mops, Brushes & Scrubs", "product_name": "Grease/Stain/Dirt Cleaning Sponge - Multicolour, H130037MC", "product_brand": "Liao", "combo": []}, {"category": "Cleaning & Household", "sub_category_name": "Mops, Brushes & Scrubs", "product_name": "Quick Spin Mop", "product_brand": "Gala", "combo": []}, {"category": "Cleaning & Household", "sub_category_name": "Mops, Brushes & Scrubs", "product_name": "Deck Mop Cotton", "product_brand": "Milton - Spotzero", "combo": []}, {"category": "Cleaning & Household", "sub_category_name": "Mops, Brushes & Scrubs", "product_name": "Sponge Scrub Pad - Red & Grey, H130031S", "product_brand": "Liao", "combo": []}, {"category": "Cleaning & Household", "sub_category_name": "Mops, Brushes & Scrubs", "product_name": "Door/Floor Rib Mat", "product_brand": "SHAMROCK", "combo": []}, {"category": "Cleaning & Household", "sub_category_name": "Mops, Brushes & Scrubs", "product_name": "Floor Wiper/Squeegee - K130052", "product_brand": "Liao", "combo": []}, {"category": "Cleaning & Household", "sub_category_name": "Mops, Brushes & Scrubs", "product_name": "Toilet Brush - Double Sided Hockey, D130087", "product_brand": "Liao", "combo": []}, {"category": "Cleaning & Household", "sub_category_name": "Mops, Brushes & Scrubs", "product_name": "Sponge Wipe - Combo, 20 X 18 X 0.9 cm", "product_brand": "Milton - Spotzero", "combo": []}, {"category": "Cleaning & Household", "sub_category_name": "Mops, Brushes & Scrubs", "product_name": "Scrubber - Scrubs Cleaner Home Everyday", "product_brand": "Gala", "combo": []}, {"category": "Cleaning & Household", "sub_category_name": "Mops, Brushes & Scrubs", "product_name": "Mop - Plunger Medium", "product_brand": "Gala", "combo": []}, {"category": "Cleaning & Household", "sub_category_name": "Mops, Brushes & Scrubs", "product_name": "Prime Spin Mop Bucket With Stainless Steel Wringer Refills", "product_brand": "Milton - Spotzero", "combo": []}, {"category": "Cleaning & Household", "sub_category_name": "Mops, Brushes & Scrubs", "product_name": "Brushtile - Soft", "product_brand": "Gala", "combo": []}, {"category": "Cleaning & Household", "sub_category_name": "Mops, Brushes & Scrubs", "product_name": "Door/Floor Adda Mat - Green", "product_brand": "SHAMROCK", "combo": []}, {"category": "Cleaning & Household", "sub_category_name": "Mops, Brushes & Scrubs", "product_name": "360 Degree Rotatable Steel Handle Water Wiper - Big", "product_brand": "Milton - Spotzero", "combo": []}, {"category": "Cleaning & Household", "sub_category_name": "Mops, Brushes & Scrubs", "product_name": "No Dust Broom - 3x Longlasting", "product_brand": "Gala", "combo": []}, {"category": "Cleaning & Household", "sub_category_name": "Mops, Brushes & Scrubs", "product_name": "Floor Wiper - Leader", "product_brand": "Gala", "combo": []}, {"category": "Cleaning & Household", "sub_category_name": "Mops, Brushes & Scrubs", "product_name": "Wet Mop - Micro Fiber Round With Steel Stick", "product_brand": "Liao", "combo": []}, {"category": "Cleaning & Household", "sub_category_name": "Mops, Brushes & Scrubs", "product_name": "Multi Broom - With Handle, Deluxe, Assorted", "product_brand": "Gebi", "combo": []}, {"category": "Cleaning & Household", "sub_category_name": "Mops, Brushes & Scrubs", "product_name": "Plastic Clip Mop - 350", "product_brand": "Gebi", "combo": []}, {"category": "Cleaning & Household", "sub_category_name": "Mops, Brushes & Scrubs", "product_name": "Rug & Carpet Protector", "product_brand": "Scotchgard", "combo": []}, {"category": "Cleaning & Household", "sub_category_name": "Mops, Brushes & Scrubs", "product_name": "Sponge Wiper - Floor Cleaning With Steel Stick, 55 Cm", "product_brand": "Liao", "combo": []}, {"category": "Cleaning & Household", "sub_category_name": "Mops, Brushes & Scrubs", "product_name": "Tile & Floor Cleaning Brush - Hard", "product_brand": "Liao", "combo": []}, {"category": "Cleaning & Household", "sub_category_name": "Mops, Brushes & Scrubs", "product_name": "Jumper Spin Mop - Round Refill Heads", "product_brand": "Scotch brite", "combo": []}, {"category": "Cleaning & Household", "sub_category_name": "Mops, Brushes & Scrubs", "product_name": "Clip `N' Fit Cotton Mop", "product_brand": "Gala", "combo": []}, {"category": "Cleaning & Household", "sub_category_name": "Mops, Brushes & Scrubs", "product_name": "Spin Mop With Bucket, PSB 10 42604", "product_brand": "Prestige", "combo": []}, {"category": "Cleaning & Household", "sub_category_name": "Mops, Brushes & Scrubs", "product_name": "Dishwash Bar-Lemon 125 g Poly pack + Scrub Pad With Handle 1 pc", "product_brand": "BB Home", "combo": []}, {"category": "Cleaning & Household", "sub_category_name": "Mops, Brushes & Scrubs", "product_name": "Dishwash Bar-Lemon 200 g Poly pack + Scrub Pad With Handle 1 pc", "product_brand": "BB Home", "combo": []}, {"category": "Cleaning & Household", "sub_category_name": "Mops, Brushes & Scrubs", "product_name": "Active Cloth", "product_brand": "Gala", "combo": []}, {"category": "Cleaning & Household", "sub_category_name": "Mops, Brushes & Scrubs", "product_name": "Sponge Clean Extra Soft", "product_brand": "Zolo", "combo": []}, {"category": "Cleaning & Household", "sub_category_name": "Mops, Brushes & Scrubs", "product_name": "Sponge Wipes", "product_brand": "Zolo", "combo": []}, {"category": "Cleaning & Household", "sub_category_name": "Mops, Brushes & Scrubs", "product_name": "Water Wiper - Smart", "product_brand": "Milton - Spotzero", "combo": []}, {"category": "Cleaning & Household", "sub_category_name": "Mops, Brushes & Scrubs", "product_name": "Spin Mop With Extra Refill - Elite", "product_brand": "Milton - Spotzero", "combo": []}, {"category": "Cleaning & Household", "sub_category_name": "Mops, Brushes & Scrubs", "product_name": "Cotton Mop - Dry Squeeze", "product_brand": "Milton - Spotzero", "combo": []}, {"category": "Cleaning & Household", "sub_category_name": "Mops, Brushes & Scrubs", "product_name": "Floor Wiper Squeegee - Red & Grey, K130023", "product_brand": "Liao", "combo": []}, {"category": "Cleaning & Household", "sub_category_name": "Mops, Brushes & Scrubs", "product_name": "Spin Mop Bucket", "product_brand": "Milton - Spotzero", "combo": []}, {"category": "Cleaning & Household", "sub_category_name": "Mops, Brushes & Scrubs", "product_name": "Easy Clip & Fit Mop", "product_brand": "Gala", "combo": []}, {"category": "Cleaning & Household", "sub_category_name": "Mops, Brushes & Scrubs", "product_name": "Mr. Clean Dust Pan & Bin - Small", "product_brand": "Nakoda", "combo": []}, {"category": "Cleaning & Household", "sub_category_name": "Mops, Brushes & Scrubs", "product_name": "Multi Broom - With Handle, Deluxe, Assorted", "product_brand": "Gebi", "combo": []}, {"category": "Cleaning & Household", "sub_category_name": "Mops, Brushes & Scrubs", "product_name": "Plastic Clip Mop - 350", "product_brand": "Gebi", "combo": []}, {"category": "Cleaning & Household", "sub_category_name": "Mops, Brushes & Scrubs", "product_name": "Rug & Carpet Protector", "product_brand": "Scotchgard", "combo": []}, {"category": "Cleaning & Household", "sub_category_name": "Mops, Brushes & Scrubs", "product_name": "Sponge Wiper - Floor Cleaning With Steel Stick, 55 Cm", "product_brand": "Liao", "combo": []}, {"category": "Cleaning & Household", "sub_category_name": "Mops, Brushes & Scrubs", "product_name": "Tile & Floor Cleaning Brush - Hard", "product_brand": "Liao", "combo": []}, {"category": "Cleaning & Household", "sub_category_name": "Mops, Brushes & Scrubs", "product_name": "Jumper Spin Mop - Round Refill Heads", "product_brand": "Scotch brite", "combo": []}, {"category": "Cleaning & Household", "sub_category_name": "Mops, Brushes & Scrubs", "product_name": "Clip `N' Fit Cotton Mop", "product_brand": "Gala", "combo": []}, {"category": "Cleaning & Household", "sub_category_name": "Mops, Brushes & Scrubs", "product_name": "Spin Mop With Bucket, PSB 10 42604", "product_brand": "Prestige", "combo": []}, {"category": "Cleaning & Household", "sub_category_name": "Mops, Brushes & Scrubs", "product_name": "Dishwash Bar-Lemon 125 g Poly pack + Scrub Pad With Handle 1 pc", "product_brand": "BB Home", "combo": []}, {"category": "Cleaning & Household", "sub_category_name": "Mops, Brushes & Scrubs", "product_name": "Dishwash Bar-Lemon 200 g Poly pack + Scrub Pad With Handle 1 pc", "product_brand": "BB Home", "combo": []}, {"category": "Cleaning & Household", "sub_category_name": "Mops, Brushes & Scrubs", "product_name": "Active Cloth", "product_brand": "Gala", "combo": []}, {"category": "Cleaning & Household", "sub_category_name": "Mops, Brushes & Scrubs", "product_name": "Sponge Clean Extra Soft", "product_brand": "Zolo", "combo": []}, {"category": "Cleaning & Household", "sub_category_name": "Mops, Brushes & Scrubs", "product_name": "Sponge Wipes", "product_brand": "Zolo", "combo": []}, {"category": "Cleaning & Household", "sub_category_name": "Mops, Brushes & Scrubs", "product_name": "Water Wiper - Smart", "product_brand": "Milton - Spotzero", "combo": []}, {"category": "Cleaning & Household", "sub_category_name": "Mops, Brushes & Scrubs", "product_name": "Spin Mop With Extra Refill - Elite", "product_brand": "Milton - Spotzero", "combo": []}, {"category": "Cleaning & Household", "sub_category_name": "Mops, Brushes & Scrubs", "product_name": "Cotton Mop - Dry Squeeze", "product_brand": "Milton - Spotzero", "combo": []}, {"category": "Cleaning & Household", "sub_category_name": "Mops, Brushes & Scrubs", "product_name": "Floor Wiper Squeegee - Red & Grey, K130023", "product_brand": "Liao", "combo": []}, {"category": "Cleaning & Household", "sub_category_name": "Mops, Brushes & Scrubs", "product_name": "Spin Mop Bucket", "product_brand": "Milton - Spotzero", "combo": []}, {"category": "Cleaning & Household", "sub_category_name": "Mops, Brushes & Scrubs", "product_name": "Easy Clip & Fit Mop", "product_brand": "Gala", "combo": []}, {"category": "Cleaning & Household", "sub_category_name": "Mops, Brushes & Scrubs", "product_name": "Mr. Clean Dust Pan & Bin - Small", "product_brand": "Nakoda", "combo": []}, {"category": "Cleaning & Household", "sub_category_name": "Mops, Brushes & Scrubs", "product_name": "Multi Broom - With Handle, Deluxe, Assorted", "product_brand": "Gebi", "combo": []}, {"category": "Cleaning & Household", "sub_category_name": "Mops, Brushes & Scrubs", "product_name": "Plastic Clip Mop - 350", "product_brand": "Gebi", "combo": []}, {"category": "Cleaning & Household", "sub_category_name": "Mops, Brushes & Scrubs", "product_name": "Rug & Carpet Protector", "product_brand": "Scotchgard", "combo": []}, {"category": "Cleaning & Household", "sub_category_name": "Mops, Brushes & Scrubs", "product_name": "Sponge Wiper - Floor Cleaning With Steel Stick, 55 Cm", "product_brand": "Liao", "combo": []}, {"category": "Cleaning & Household", "sub_category_name": "Mops, Brushes & Scrubs", "product_name": "Tile & Floor Cleaning Brush - Hard", "product_brand": "Liao", "combo": []}, {"category": "Cleaning & Household", "sub_category_name": "Mops, Brushes & Scrubs", "product_name": "Jumper Spin Mop - Round Refill Heads", "product_brand": "Scotch brite", "combo": []}, {"category": "Cleaning & Household", "sub_category_name": "Mops, Brushes & Scrubs", "product_name": "Clip `N' Fit Cotton Mop", "product_brand": "Gala", "combo": []}, {"category": "Cleaning & Household", "sub_category_name": "Mops, Brushes & Scrubs", "product_name": "Spin Mop With Bucket, PSB 10 42604", "product_brand": "Prestige", "combo": []}, {"category": "Cleaning & Household", "sub_category_name": "Mops, Brushes & Scrubs", "product_name": "Dishwash Bar-Lemon 125 g Poly pack + Scrub Pad With Handle 1 pc", "product_brand": "BB Home", "combo": []}, {"category": "Cleaning & Household", "sub_category_name": "Mops, Brushes & Scrubs", "product_name": "Dishwash Bar-Lemon 200 g Poly pack + Scrub Pad With Handle 1 pc", "product_brand": "BB Home", "combo": []}, {"category": "Cleaning & Household", "sub_category_name": "Mops, Brushes & Scrubs", "product_name": "Active Cloth", "product_brand": "Gala", "combo": []}, {"category": "Cleaning & Household", "sub_category_name": "Mops, Brushes & Scrubs", "product_name": "Sponge Clean Extra Soft", "product_brand": "Zolo", "combo": []}, {"category": "Cleaning & Household", "sub_category_name": "Mops, Brushes & Scrubs", "product_name": "Sponge Wipes", "product_brand": "Zolo", "combo": []}, {"category": "Cleaning & Household", "sub_category_name": "Mops, Brushes & Scrubs", "product_name": "Water Wiper - Smart", "product_brand": "Milton - Spotzero", "combo": []}, {"category": "Cleaning & Household", "sub_category_name": "Mops, Brushes & Scrubs", "product_name": "Spin Mop With Extra Refill - Elite", "product_brand": "Milton - Spotzero", "combo": []}, {"category": "Cleaning & Household", "sub_category_name": "Mops, Brushes & Scrubs", "product_name": "Cotton Mop - Dry Squeeze", "product_brand": "Milton - Spotzero", "combo": []}, {"category": "Cleaning & Household", "sub_category_name": "Mops, Brushes & Scrubs", "product_name": "Floor Wiper Squeegee - Red & Grey, K130023", "product_brand": "Liao", "combo": []}, {"category": "Cleaning & Household", "sub_category_name": "Mops, Brushes & Scrubs", "product_name": "Spin Mop Bucket", "product_brand": "Milton - Spotzero", "combo": []}, {"category": "Cleaning & Household", "sub_category_name": "Mops, Brushes & Scrubs", "product_name": "Easy Clip & Fit Mop", "product_brand": "Gala", "combo": []}, {"category": "Cleaning & Household", "sub_category_name": "Mops, Brushes & Scrubs", "product_name": "Mr. Clean Dust Pan & Bin - Small", "product_brand": "Nakoda", "combo": []}]