[{"category": "Gourmet & World Food", "sub_category_name": "Oils & Vinegar", "product_name": "Extra Virgin Olive Oil", "product_brand": "BORGES", "combo": [["1 L", "625.00"], ["250 ml", "299.00"], ["500 ml", "498.98"]]}, {"category": "Gourmet & World Food", "sub_category_name": "Oils & Vinegar", "product_name": "Olive Oil - Pure", "product_brand": "Figaro", "combo": [["200 ml", "239.00"], ["2 L", "1399.00"], ["5 L", "3098.83"], ["1 lt", "748.97"], ["500 ml", "498.99"]]}, {"category": "Gourmet & World Food", "sub_category_name": "Oils & Vinegar", "product_name": "Olive Oil - Extra Virgin", "product_brand": "Disano", "combo": [["500 ml", "348.98"], ["250 ml", "198.99"], ["5 L", "3148.77"], ["2x1 L", "1230.00"], ["2x500 ml", "697.95"], ["1 L", "615.00"]]}, {"category": "Gourmet & World Food", "sub_category_name": "Oils & Vinegar", "product_name": "Organic Unfiltered Apple Cider Vinegar with the Mother", "product_brand": "BORGES", "combo": []}, {"category": "Gourmet & World Food", "sub_category_name": "Oils & Vinegar", "product_name": "Olive Pomace Oil", "product_brand": "Leonardo", "combo": [["500 ml", "399.00"], ["1 L", "456.00"], ["5 L", "1791.17"]]}, {"category": "Gourmet & World Food", "sub_category_name": "Oils & Vinegar", "product_name": "Happy Chef Pasta- Penne Rigate 500g +Sauce - Arrabiata 270g +Borges Olive Oil 1L", "product_brand": "bb Combo", "combo": []}, {"category": "Gourmet & World Food", "sub_category_name": "Oils & Vinegar", "product_name": "Canola Oil", "product_brand": "BORGES", "combo": [["1 L", "219.01"], ["5 L", "999.04"]]}, {"category": "Gourmet & World Food", "sub_category_name": "Oils & Vinegar", "product_name": "Extra Virgin Olive Oil", "product_brand": "Abbies", "combo": []}, {"category": "Gourmet & World Food", "sub_category_name": "Oils & Vinegar", "product_name": "Raw Cold Pressed Virgin Coconut Oil - Zero Heat Process, 100% Edible", "product_brand": "Pure Nutrition", "combo": []}, {"category": "Gourmet & World Food", "sub_category_name": "Oils & Vinegar", "product_name": "Raw Cold Pressed Virgin Coconut Oil - Zero Heat Process, 100% Edible", "product_brand": "Pure Nutrition", "combo": []}, {"category": "Gourmet & World Food", "sub_category_name": "Oils & Vinegar", "product_name": "Extra Virgin Olive Oil - Raw Cold Pressed, Edible Premium Grade", "product_brand": "Pure Nutrition", "combo": []}, {"category": "Gourmet & World Food", "sub_category_name": "Oils & Vinegar", "product_name": "Organic - Extra Virgin Coconut Oil", "product_brand": "Earthon", "combo": []}, {"category": "Gourmet & World Food", "sub_category_name": "Oils & Vinegar", "product_name": "Pomace Olive Oil", "product_brand": "La Espanola", "combo": [["5 L", "1785.00"], ["1 L", "395.00"]]}, {"category": "Gourmet & World Food", "sub_category_name": "Oils & Vinegar", "product_name": "Olive Oil - Classic (Pure)", "product_brand": "La Espanola", "combo": []}, {"category": "Gourmet & World Food", "sub_category_name": "Oils & Vinegar", "product_name": "Olive oil - Extra Light", "product_brand": "La Espanola", "combo": [["2 L", "995.00"], ["1 L", "645.00"]]}, {"category": "Gourmet & World Food", "sub_category_name": "Oils & Vinegar", "product_name": "Cooking Wine Vinegar", "product_brand": "Double Pagoda", "combo": []}, {"category": "Gourmet & World Food", "sub_category_name": "Oils & Vinegar", "product_name": "Extra Virgin Olive Oil", "product_brand": "Figaro", "combo": [["250 ml", "208.99"], ["1 L", "698.96"]]}, {"category": "Gourmet & World Food", "sub_category_name": "Oils & Vinegar", "product_name": "Olive Oil - Extra Light", "product_brand": "Disano", "combo": [["5 L", "2448.79"], ["2 L", "998.95"], ["500 ml", "299.02"], ["1 L", "549.00"]]}, {"category": "Gourmet & World Food", "sub_category_name": "Oils & Vinegar", "product_name": "Olive Oil - Pomace", "product_brand": "Del Monte", "combo": [["1 L", "389.00"], ["5 L", "1799.00"], ["2x1 L", "778.00"]]}, {"category": "Gourmet & World Food", "sub_category_name": "Oils & Vinegar", "product_name": "Extra Light Olive Oil", "product_brand": "Bertolli", "combo": [["500 ml", "562.50"], ["1 lt", "498.94"], ["2 lt", "949.00"]]}, {"category": "Gourmet & World Food", "sub_category_name": "Oils & Vinegar", "product_name": "Olive Oil - Extra Virgin", "product_brand": "Del Monte", "combo": [["2x1 L", "1298.00"], ["2x500 ml", "798.00"], ["1 L", "649.00"], ["500 ml", "399.00"]]}, {"category": "Gourmet & World Food", "sub_category_name": "Oils & Vinegar", "product_name": "Organic Castor Oil - Healthier Hair & Skin", "product_brand": "Kapiva Ayurveda", "combo": []}, {"category": "Gourmet & World Food", "sub_category_name": "Oils & Vinegar", "product_name": "Olive Oil\u00c2 - Pure", "product_brand": "Disano", "combo": [["500 ml", "359.03"], ["2x1 L", "1250.00"], ["250 ml", "199.00"], ["5 L", "2849.10"], ["1 L", "625.00"]]}, {"category": "Gourmet & World Food", "sub_category_name": "Oils & Vinegar", "product_name": "Olive Oil - Extra Virgin", "product_brand": "Del Monte", "combo": [["250 ml", "225.00"], ["2x250 ml", "450.00"]]}, {"category": "Gourmet & World Food", "sub_category_name": "Oils & Vinegar", "product_name": "Oil - Canola", "product_brand": "Disano", "combo": [["5 L", "759.06"], ["1 L", "181.81"]]}, {"category": "Gourmet & World Food", "sub_category_name": "Oils & Vinegar", "product_name": "Olive Oil - Pure", "product_brand": "Disano", "combo": []}, {"category": "Gourmet & World Food", "sub_category_name": "Oils & Vinegar", "product_name": "Organic - Apple Cider Vinegar", "product_brand": "Bragg", "combo": [["946 ml", "980.00"], ["2x473 ml", "1280.00"], ["2x946 ml", "1960.00"], ["473 ml", "640.00"]]}, {"category": "Gourmet & World Food", "sub_category_name": "Oils & Vinegar", "product_name": "Disano Olive Oil Extra Virgin 500ml + Pasta Elbow 500G + Ragu Pasta Sauce 453G", "product_brand": "bb Combo", "combo": []}, {"category": "Gourmet & World Food", "sub_category_name": "Oils & Vinegar", "product_name": "Olive Oil - Pomace", "product_brand": "Disano", "combo": [["5 L", "1699.11"], ["5L (4.58 kg)", "1398.81"], ["2x1 L", "678.02"], ["1 L", "339.01"]]}, {"category": "Gourmet & World Food", "sub_category_name": "Oils & Vinegar", "product_name": "Bragg Organic Apple Cider Vinegar 473ml + BBRoyal Organic Turmeric Powder 100G", "product_brand": "bb Combo", "combo": []}, {"category": "Gourmet & World Food", "sub_category_name": "Oils & Vinegar", "product_name": "Organic Apple Cider Vinegar With Mother", "product_brand": "GoodDiet", "combo": []}, {"category": "Gourmet & World Food", "sub_category_name": "Oils & Vinegar", "product_name": "San Remo Pasta 500G+Disano Olive Oil Extra Virgin 1L+Happy Chef Pasta Sauce 270G", "product_brand": "bb Combo", "combo": []}, {"category": "Gourmet & World Food", "sub_category_name": "Oils & Vinegar", "product_name": "Pomace Olive Oil - For All Types Of Cooking", "product_brand": "Oleev", "combo": []}, {"category": "Gourmet & World Food", "sub_category_name": "Oils & Vinegar", "product_name": "Pure Olive Oil", "product_brand": "Figaro", "combo": []}, {"category": "Gourmet & World Food", "sub_category_name": "Oils & Vinegar", "product_name": "Bragg Organic - Apple Cider Vinegar, 16 Oz 473ml + Dabur Honey 50gm", "product_brand": "bb Combo", "combo": []}, {"category": "Gourmet & World Food", "sub_category_name": "Oils & Vinegar", "product_name": "Disano Pasta Fusilli 500G + Olive Oil Pure 500ml + Happy Chef Pasta Sauce 270G", "product_brand": "bb Combo", "combo": []}, {"category": "Gourmet & World Food", "sub_category_name": "Oils & Vinegar", "product_name": "Eco-Natura - Organic Apple Cider Vinegar With The Mother", "product_brand": "BORGES", "combo": []}, {"category": "Gourmet & World Food", "sub_category_name": "Oils & Vinegar", "product_name": "Bragg Organic - Apple Cider Vinegar, 16Oz 473ml + Real Fruit Power Grape 1L", "product_brand": "bb Combo", "combo": []}, {"category": "Gourmet & World Food", "sub_category_name": "Oils & Vinegar", "product_name": "Olive Oil - Light", "product_brand": "Del Monte", "combo": [["2x2 L", "1978.00"], ["1 L", "625.00"], ["2 L", "989.00"], ["5 L", "2599.00"], ["2x1 L", "1250.00"]]}, {"category": "Gourmet & World Food", "sub_category_name": "Oils & Vinegar", "product_name": "Cold Pressed Virgin Coconut Oil", "product_brand": "Disano", "combo": [["250 ml", "169.01"], ["500 ml", "319.01"], ["1 L", "598.99"]]}, {"category": "Gourmet & World Food", "sub_category_name": "Oils & Vinegar", "product_name": "Organic Cold Pressed Virgin Coconut Oil", "product_brand": "GoodDiet", "combo": []}, {"category": "Gourmet & World Food", "sub_category_name": "Oils & Vinegar", "product_name": "Extra Light Olive Oil - Frying, Sauteing & Grilling", "product_brand": "Oleev", "combo": [["1 L", "699.00"], ["500 ml", "349.00"], ["2 L", "899.00"]]}, {"category": "Gourmet & World Food", "sub_category_name": "Oils & Vinegar", "product_name": "Canola Oil - For All Types Of Cooking", "product_brand": "Miller", "combo": [["1 L", "199.00"], ["5 L", "897.00"]]}, {"category": "Gourmet & World Food", "sub_category_name": "Oils & Vinegar", "product_name": "Vinegar - Apple Cider", "product_brand": "American Garden", "combo": [["2x473 ml", "370.00"], ["473 ml", "185.00"]]}, {"category": "Gourmet & World Food", "sub_category_name": "Oils & Vinegar", "product_name": "Olive Oil - Pomace", "product_brand": "Cesar", "combo": [["1 L", "298.97"], ["5 L", "1449.08"], ["1 L", "298.97"]]}, {"category": "Gourmet & World Food", "sub_category_name": "Oils & Vinegar", "product_name": "Organic Cold Pressed Coconut Oil", "product_brand": "GoodDiet", "combo": []}, {"category": "Gourmet & World Food", "sub_category_name": "Oils & Vinegar", "product_name": "Extra Light Olive Oil", "product_brand": "Leonardo", "combo": [["2 L", "1122.00"], ["1 L", "641.00"]]}, {"category": "Gourmet & World Food", "sub_category_name": "Oils & Vinegar", "product_name": "Vinegar - Balsamico Modena", "product_brand": "BORGES", "combo": []}, {"category": "Gourmet & World Food", "sub_category_name": "Oils & Vinegar", "product_name": "San Remo Pasta 500G + Disano Olive Oil Pure 1L +American Garden Pasta Sauce 397G", "product_brand": "bb Combo", "combo": []}, {"category": "Gourmet & World Food", "sub_category_name": "Oils & Vinegar", "product_name": "Olive Oil - Extra Light", "product_brand": "Disano", "combo": [["500 ml", "299.02"], ["2x500 ml", "598.05"]]}, {"category": "Gourmet & World Food", "sub_category_name": "Oils & Vinegar", "product_name": "Organic Apple Cider Vinegar With The Mother", "product_brand": "Kapiva Ayurveda", "combo": []}, {"category": "Gourmet & World Food", "sub_category_name": "Oils & Vinegar", "product_name": "Del Monte Pasta 500g + Olive Oil Extra Virgin 1L + Happy Chef Pasta Sauce 270g", "product_brand": "bb Combo", "combo": []}, {"category": "Gourmet & World Food", "sub_category_name": "Oils & Vinegar", "product_name": "Disano Pasta Spaghetti 500G+Olive Oil Extra Light 1L+HappyChef Pasta Sauce 270G", "product_brand": "bb Combo", "combo": []}, {"category": "Gourmet & World Food", "sub_category_name": "Oils & Vinegar", "product_name": "Olive Oil - Classic", "product_brand": "BORGES", "combo": []}, {"category": "Gourmet & World Food", "sub_category_name": "Oils & Vinegar", "product_name": "Apple Cider Vinegar with Mother", "product_brand": "By Nature", "combo": []}, {"category": "Gourmet & World Food", "sub_category_name": "Oils & Vinegar", "product_name": "Apple Cider Vinegar", "product_brand": "Habit", "combo": [["473 ml", "144.00"], ["2x473 ml", "288.00"]]}, {"category": "Gourmet & World Food", "sub_category_name": "Oils & Vinegar", "product_name": "Extra Virgin Olive Oil", "product_brand": "Bertolli", "combo": []}, {"category": "Gourmet & World Food", "sub_category_name": "Oils & Vinegar", "product_name": "Pomace Olive Oil - For All Types Of Cooking", "product_brand": "Oleev", "combo": []}, {"category": "Gourmet & World Food", "sub_category_name": "Oils & Vinegar", "product_name": "Olive Oil - Classic", "product_brand": "BORGES", "combo": []}, {"category": "Gourmet & World Food", "sub_category_name": "Oils & Vinegar", "product_name": "Eco-Natura - Organic Apple Cider Vinegar With The Mother", "product_brand": "BORGES", "combo": []}, {"category": "Gourmet & World Food", "sub_category_name": "Oils & Vinegar", "product_name": "Olive Oil - Pomace", "product_brand": "Disano", "combo": [["500 ml", "198.99"], ["2x500 ml", "397.98"]]}, {"category": "Gourmet & World Food", "sub_category_name": "Oils & Vinegar", "product_name": "Apple Cider Vinegar Filtered", "product_brand": "Disano", "combo": []}, {"category": "Gourmet & World Food", "sub_category_name": "Oils & Vinegar", "product_name": "Kerala Virgin Coconut Oil", "product_brand": "Kapiva Ayurveda", "combo": []}, {"category": "Gourmet & World Food", "sub_category_name": "Oils & Vinegar", "product_name": "Extra Virgin Olive Oil", "product_brand": "Leonardo", "combo": []}, {"category": "Gourmet & World Food", "sub_category_name": "Oils & Vinegar", "product_name": "Extra Virgin Olive Oil", "product_brand": "Figaro", "combo": []}, {"category": "Gourmet & World Food", "sub_category_name": "Oils & Vinegar", "product_name": "Olive Oil - Pomace", "product_brand": "Del Monte", "combo": [["2 L", "775.00"], ["2x2 L", "1550.00"]]}, {"category": "Gourmet & World Food", "sub_category_name": "Oils & Vinegar", "product_name": "Apple Cider Vinegar With Mother & Honey", "product_brand": "GoodDiet", "combo": []}, {"category": "Gourmet & World Food", "sub_category_name": "Oils & Vinegar", "product_name": "Olive Oil - Pomance", "product_brand": "Torero", "combo": []}, {"category": "Gourmet & World Food", "sub_category_name": "Oils & Vinegar", "product_name": "Extra Virgin Olive Oil - Harmony", "product_brand": "BORGES", "combo": []}, {"category": "Gourmet & World Food", "sub_category_name": "Oils & Vinegar", "product_name": "Extra Virgin Olive Oil", "product_brand": "Olitalia", "combo": [["250 ml", "450.00"], ["1 L", "1425.00"]]}, {"category": "Gourmet & World Food", "sub_category_name": "Oils & Vinegar", "product_name": "Olive Oil - Pure", "product_brand": "Del Monte", "combo": [["100 ml", "150.00"], ["200 ml", "200.00"], ["500 ml", "380.00"], ["2x100 ml", "300.00"], ["2x500 ml", "760.00"], ["2x200 ml", "400.00"]]}, {"category": "Gourmet & World Food", "sub_category_name": "Oils & Vinegar", "product_name": "Olive Oil - Extra Virgin", "product_brand": "Allegro", "combo": [["250 ml", "204.00"], ["500 ml", "369.00"], ["1 L", "663.00"]]}, {"category": "Gourmet & World Food", "sub_category_name": "Oils & Vinegar", "product_name": "Olive Oil - Extra Virgin", "product_brand": "Fragata", "combo": []}, {"category": "Gourmet & World Food", "sub_category_name": "Oils & Vinegar", "product_name": "Classico Olive Oil", "product_brand": "Bertolli", "combo": [["1 lt", "798.94"], ["100 ml", "160.00"], ["500 ml", "525.00"]]}, {"category": "Gourmet & World Food", "sub_category_name": "Oils & Vinegar", "product_name": "Raw Unrefined Apple Cider Vinegar with Honey", "product_brand": "By Nature", "combo": []}, {"category": "Gourmet & World Food", "sub_category_name": "Oils & Vinegar", "product_name": "Cold Pressed - Sunflower Oil", "product_brand": "Health 1st", "combo": []}, {"category": "Gourmet & World Food", "sub_category_name": "Oils & Vinegar", "product_name": "Abbies Apple Cider Vinegar", "product_brand": "Abbies", "combo": []}, {"category": "Gourmet & World Food", "sub_category_name": "Oils & Vinegar", "product_name": "Aura Extra Virgin Olive & Flaxseed Oil", "product_brand": "Saffola", "combo": [["500 ml", "420.00"], ["1 L", "735.00"], ["250 ml", "231.00"]]}, {"category": "Gourmet & World Food", "sub_category_name": "Oils & Vinegar", "product_name": "Olive Oil - Pomace", "product_brand": "Rafael Salgado", "combo": []}, {"category": "Gourmet & World Food", "sub_category_name": "Oils & Vinegar", "product_name": "Olive Pomace Oil", "product_brand": "Olitalia", "combo": []}, {"category": "Gourmet & World Food", "sub_category_name": "Oils & Vinegar", "product_name": "Organic - Vinegar, Apple Cider", "product_brand": "De Nigris", "combo": []}, {"category": "Gourmet & World Food", "sub_category_name": "Oils & Vinegar", "product_name": "Olive Oil - Extra Virgin", "product_brand": "Rafael Salgado", "combo": [["250 ml", "280.00"], ["1 L", "725.00"]]}, {"category": "Gourmet & World Food", "sub_category_name": "Oils & Vinegar", "product_name": "Extra Virgin Olive Oil - Garnishing & Salad Dressing", "product_brand": "Oleev", "combo": [["500 ml", "349.00"], ["1 L", "699.00"]]}, {"category": "Gourmet & World Food", "sub_category_name": "Oils & Vinegar", "product_name": "Virgin Coconut Oil - Cold Pressed, Organic", "product_brand": "Coco Soul", "combo": []}, {"category": "Gourmet & World Food", "sub_category_name": "Oils & Vinegar", "product_name": "Organic Cold Pressed Virgin Coconut Oil", "product_brand": "GoodDiet", "combo": []}, {"category": "Gourmet & World Food", "sub_category_name": "Oils & Vinegar", "product_name": "Cold Pressed - Black Sesame Oil", "product_brand": "Health 1st", "combo": []}, {"category": "Gourmet & World Food", "sub_category_name": "Oils & Vinegar", "product_name": "Borgefrit High-Mufa-Oleic Sunflower Oil", "product_brand": "BORGES", "combo": [["1 L", "274.99"], ["5 L", "1399.08"]]}, {"category": "Gourmet & World Food", "sub_category_name": "Oils & Vinegar", "product_name": "Organic Cold Pressed Coconut Oil", "product_brand": "GoodDiet", "combo": []}, {"category": "Gourmet & World Food", "sub_category_name": "Oils & Vinegar", "product_name": "Olive Oil - Pomance", "product_brand": "Ibero", "combo": [["5 L", "1799.00"], ["1 L", "450.00"]]}, {"category": "Gourmet & World Food", "sub_category_name": "Oils & Vinegar", "product_name": "Cold Pressed - Almond Oil", "product_brand": "Health 1st", "combo": []}, {"category": "Gourmet & World Food", "sub_category_name": "Oils & Vinegar", "product_name": "Virgin Coconut Oil - Cold Pressed, Natural", "product_brand": "Coco Soul", "combo": []}, {"category": "Gourmet & World Food", "sub_category_name": "Oils & Vinegar", "product_name": "Oil - Sesame", "product_brand": "Pantai", "combo": []}, {"category": "Gourmet & World Food", "sub_category_name": "Oils & Vinegar", "product_name": "Organic Apple Cider Vinegar", "product_brand": "Nutriorg", "combo": []}, {"category": "Gourmet & World Food", "sub_category_name": "Oils & Vinegar", "product_name": "Cold Pressed - Flaxseed Oil", "product_brand": "Health 1st", "combo": [["200 ml", "299.00"], ["500 ml", "595.00"]]}, {"category": "Gourmet & World Food", "sub_category_name": "Oils & Vinegar", "product_name": "Extra Virgin Olive Oil", "product_brand": "Olitalia", "combo": []}, {"category": "Gourmet & World Food", "sub_category_name": "Oils & Vinegar", "product_name": "Aura Refined Olive & Flaxseed Oil", "product_brand": "Saffola", "combo": []}, {"category": "Gourmet & World Food", "sub_category_name": "Oils & Vinegar", "product_name": "Apple Cider Vinegar With Mother Vinegar", "product_brand": "Disano", "combo": []}, {"category": "Gourmet & World Food", "sub_category_name": "Oils & Vinegar", "product_name": "Balsamic Vineger", "product_brand": "Neo", "combo": []}, {"category": "Gourmet & World Food", "sub_category_name": "Oils & Vinegar", "product_name": "Apple Cider Vinegar With Mother", "product_brand": "GoodDiet", "combo": []}, {"category": "Gourmet & World Food", "sub_category_name": "Oils & Vinegar", "product_name": "Apple Cider Vinegar + Honey", "product_brand": "Kapiva Ayurveda", "combo": []}, {"category": "Gourmet & World Food", "sub_category_name": "Oils & Vinegar", "product_name": "Cold Pressed Peanut Oil", "product_brand": "Health 1st", "combo": []}, {"category": "Gourmet & World Food", "sub_category_name": "Oils & Vinegar", "product_name": "Apple Cider Vinegar - Filtered", "product_brand": "GoodDiet", "combo": []}, {"category": "Gourmet & World Food", "sub_category_name": "Oils & Vinegar", "product_name": "Virgin Coconut Oil - Cold Pressed, Natural", "product_brand": "Coco Soul", "combo": []}, {"category": "Gourmet & World Food", "sub_category_name": "Oils & Vinegar", "product_name": "Olive Oil - Extra Virgin", "product_brand": "Gaia", "combo": []}, {"category": "Gourmet & World Food", "sub_category_name": "Oils & Vinegar", "product_name": "Olive Oil - Extra Light", "product_brand": "Gaia", "combo": []}, {"category": "Gourmet & World Food", "sub_category_name": "Oils & Vinegar", "product_name": "Olive Oil -Extra Virgin", "product_brand": "Gaia", "combo": []}, {"category": "Gourmet & World Food", "sub_category_name": "Oils & Vinegar", "product_name": "Olive Oil - Pure", "product_brand": "Voila", "combo": []}, {"category": "Gourmet & World Food", "sub_category_name": "Oils & Vinegar", "product_name": "Cold Pressed - Castor Oil", "product_brand": "Health 1st", "combo": [["200 ml", "230.00"], ["100 ml", "120.00"]]}, {"category": "Gourmet & World Food", "sub_category_name": "Oils & Vinegar", "product_name": "Cold Pressed - Coconut Oil", "product_brand": "Health 1st", "combo": []}, {"category": "Gourmet & World Food", "sub_category_name": "Oils & Vinegar", "product_name": "Cold Pressed - Jojoba Oil", "product_brand": "Health 1st", "combo": []}, {"category": "Gourmet & World Food", "sub_category_name": "Oils & Vinegar", "product_name": "Cold Pressed - Mustard Oil", "product_brand": "Health 1st", "combo": []}, {"category": "Gourmet & World Food", "sub_category_name": "Oils & Vinegar", "product_name": "Cold Pressed - Blackseed Oil", "product_brand": "Health 1st", "combo": []}, {"category": "Gourmet & World Food", "sub_category_name": "Oils & Vinegar", "product_name": "Olive Oil", "product_brand": "Oleiva Gold", "combo": []}, {"category": "Gourmet & World Food", "sub_category_name": "Oils & Vinegar", "product_name": "Olive Oil - Extra Light Taste", "product_brand": "Rafael Salgado", "combo": [["2 L", "999.00"], ["1 L", "725.00"], ["5 L", "2970.00"], ["500 ml", "439.45"]]}, {"category": "Gourmet & World Food", "sub_category_name": "Oils & Vinegar", "product_name": "Olive Oil - Pure", "product_brand": "Ibero", "combo": []}, {"category": "Gourmet & World Food", "sub_category_name": "Oils & Vinegar", "product_name": "Olive Oil-Pure", "product_brand": "Rafael Salgado", "combo": [["500 ml", "439.45"], ["175 ml", "231.20"], ["100 ml", "124.00"]]}, {"category": "Gourmet & World Food", "sub_category_name": "Oils & Vinegar", "product_name": "Olive Oil - Pure for Cooking & Frying", "product_brand": "Rafael Salgado", "combo": []}, {"category": "Gourmet & World Food", "sub_category_name": "Oils & Vinegar", "product_name": "Extra Virgin Olive Oil", "product_brand": "BORGES", "combo": []}, {"category": "Gourmet & World Food", "sub_category_name": "Oils & Vinegar", "product_name": "Classic - Olive Oil Pet, Pure", "product_brand": "Del Monte", "combo": []}, {"category": "Gourmet & World Food", "sub_category_name": "Oils & Vinegar", "product_name": "Organic Vinegar - Apple Cider, with Honey", "product_brand": "Barnes Naturals", "combo": []}, {"category": "Gourmet & World Food", "sub_category_name": "Oils & Vinegar", "product_name": "Apple Cider Vinegar", "product_brand": "Neo", "combo": []}, {"category": "Gourmet & World Food", "sub_category_name": "Oils & Vinegar", "product_name": "Anfora Olive Oil - Pure", "product_brand": "Monini", "combo": []}, {"category": "Gourmet & World Food", "sub_category_name": "Oils & Vinegar", "product_name": "Olive Oil - Extra Virgin", "product_brand": "Fragata", "combo": []}, {"category": "Gourmet & World Food", "sub_category_name": "Oils & Vinegar", "product_name": "Rosemary Condiment - Flavoured Extra Virgin Olive Oil", "product_brand": "Olitalia", "combo": []}, {"category": "Gourmet & World Food", "sub_category_name": "Oils & Vinegar", "product_name": "Extra Virgin Olive Oil", "product_brand": "Fragata", "combo": []}, {"category": "Gourmet & World Food", "sub_category_name": "Oils & Vinegar", "product_name": "Cold Pressed Sesame Oil", "product_brand": "Health 1st", "combo": []}, {"category": "Gourmet & World Food", "sub_category_name": "Oils & Vinegar", "product_name": "Cold Pressed Blackseed Oil", "product_brand": "Health 1st", "combo": []}, {"category": "Gourmet & World Food", "sub_category_name": "Oils & Vinegar", "product_name": "Cold Pressed Flaxseed Oil", "product_brand": "Health 1st", "combo": []}, {"category": "Gourmet & World Food", "sub_category_name": "Oils & Vinegar", "product_name": "Olive Oil - Extra Virgin", "product_brand": "Voila", "combo": []}, {"category": "Gourmet & World Food", "sub_category_name": "Oils & Vinegar", "product_name": "Extra Virgin Olive Oil", "product_brand": "Pietro Coricelli", "combo": []}, {"category": "Gourmet & World Food", "sub_category_name": "Oils & Vinegar", "product_name": "100% Natural Grapedseed Oil", "product_brand": "Colavita", "combo": []}, {"category": "Gourmet & World Food", "sub_category_name": "Oils & Vinegar", "product_name": "Olive Oil - Pure, Classic", "product_brand": "BORGES", "combo": []}, {"category": "Gourmet & World Food", "sub_category_name": "Oils & Vinegar", "product_name": "Olive Oil - Extra Virgin", "product_brand": "Oleiva Gold", "combo": [["500 ml", "493.00"], ["1 L", "960.12"]]}, {"category": "Gourmet & World Food", "sub_category_name": "Oils & Vinegar", "product_name": "Coconut Oil - Cold Pressed", "product_brand": "Rampura", "combo": []}, {"category": "Gourmet & World Food", "sub_category_name": "Oils & Vinegar", "product_name": "Groundnut Oil - Cold Pressed", "product_brand": "Rampura", "combo": []}, {"category": "Gourmet & World Food", "sub_category_name": "Oils & Vinegar", "product_name": "Albero Buono Bio Olio Extra Vergine Di Oliva", "product_brand": "Olitalia", "combo": []}, {"category": "Gourmet & World Food", "sub_category_name": "Oils & Vinegar", "product_name": "100% Pure Olive Oil", "product_brand": "Olitalia", "combo": []}, {"category": "Gourmet & World Food", "sub_category_name": "Oils & Vinegar", "product_name": "Lemon Condiment - Flavoured Extra Virgin Olive Oil", "product_brand": "Olitalia", "combo": []}, {"category": "Gourmet & World Food", "sub_category_name": "Oils & Vinegar", "product_name": "100% Pure Olive Oil", "product_brand": "Olitalia", "combo": [["250 ml", "382.50"], ["100 ml", "180.00"], ["1 L", "1192.50"]]}, {"category": "Gourmet & World Food", "sub_category_name": "Oils & Vinegar", "product_name": "Olive Oil - Extra Virgin", "product_brand": "Olitalia", "combo": []}, {"category": "Gourmet & World Food", "sub_category_name": "Oils & Vinegar", "product_name": "Apple Cider Vinegar", "product_brand": "Neo", "combo": []}, {"category": "Gourmet & World Food", "sub_category_name": "Oils & Vinegar", "product_name": "Anfora Olive Oil - Pure", "product_brand": "Monini", "combo": []}, {"category": "Gourmet & World Food", "sub_category_name": "Oils & Vinegar", "product_name": "Olive Oil - Extra Virgin", "product_brand": "Fragata", "combo": []}, {"category": "Gourmet & World Food", "sub_category_name": "Oils & Vinegar", "product_name": "Rosemary Condiment - Flavoured Extra Virgin Olive Oil", "product_brand": "Olitalia", "combo": []}, {"category": "Gourmet & World Food", "sub_category_name": "Oils & Vinegar", "product_name": "Extra Virgin Olive Oil", "product_brand": "Fragata", "combo": []}, {"category": "Gourmet & World Food", "sub_category_name": "Oils & Vinegar", "product_name": "Cold Pressed Sesame Oil", "product_brand": "Health 1st", "combo": []}, {"category": "Gourmet & World Food", "sub_category_name": "Oils & Vinegar", "product_name": "Cold Pressed Blackseed Oil", "product_brand": "Health 1st", "combo": []}, {"category": "Gourmet & World Food", "sub_category_name": "Oils & Vinegar", "product_name": "Cold Pressed Flaxseed Oil", "product_brand": "Health 1st", "combo": []}, {"category": "Gourmet & World Food", "sub_category_name": "Oils & Vinegar", "product_name": "Olive Oil - Extra Virgin", "product_brand": "Voila", "combo": []}, {"category": "Gourmet & World Food", "sub_category_name": "Oils & Vinegar", "product_name": "Extra Virgin Olive Oil", "product_brand": "Pietro Coricelli", "combo": []}, {"category": "Gourmet & World Food", "sub_category_name": "Oils & Vinegar", "product_name": "100% Natural Grapedseed Oil", "product_brand": "Colavita", "combo": []}, {"category": "Gourmet & World Food", "sub_category_name": "Oils & Vinegar", "product_name": "Olive Oil - Pure, Classic", "product_brand": "BORGES", "combo": []}, {"category": "Gourmet & World Food", "sub_category_name": "Oils & Vinegar", "product_name": "Olive Oil - Extra Virgin", "product_brand": "Oleiva Gold", "combo": [["500 ml", "493.00"], ["1 L", "960.12"]]}, {"category": "Gourmet & World Food", "sub_category_name": "Oils & Vinegar", "product_name": "Coconut Oil - Cold Pressed", "product_brand": "Rampura", "combo": []}, {"category": "Gourmet & World Food", "sub_category_name": "Oils & Vinegar", "product_name": "Groundnut Oil - Cold Pressed", "product_brand": "Rampura", "combo": []}, {"category": "Gourmet & World Food", "sub_category_name": "Oils & Vinegar", "product_name": "Albero Buono Bio Olio Extra Vergine Di Oliva", "product_brand": "Olitalia", "combo": []}, {"category": "Gourmet & World Food", "sub_category_name": "Oils & Vinegar", "product_name": "100% Pure Olive Oil", "product_brand": "Olitalia", "combo": []}, {"category": "Gourmet & World Food", "sub_category_name": "Oils & Vinegar", "product_name": "Lemon Condiment - Flavoured Extra Virgin Olive Oil", "product_brand": "Olitalia", "combo": []}, {"category": "Gourmet & World Food", "sub_category_name": "Oils & Vinegar", "product_name": "100% Pure Olive Oil", "product_brand": "Olitalia", "combo": [["250 ml", "382.50"], ["100 ml", "180.00"], ["1 L", "1192.50"]]}, {"category": "Gourmet & World Food", "sub_category_name": "Oils & Vinegar", "product_name": "Olive Oil - Extra Virgin", "product_brand": "Olitalia", "combo": []}, {"category": "Gourmet & World Food", "sub_category_name": "Oils & Vinegar", "product_name": "Extra Virgin Canola Oil, 250ml, Cold Pressed, Fully Produced & Packed in Canada", "product_brand": "NORTH PRAIRIE GOLD", "combo": []}, {"category": "Gourmet & World Food", "sub_category_name": "Oils & Vinegar", "product_name": "Cold Pressed Oil - Sesame", "product_brand": "Organic Origins", "combo": []}, {"category": "Gourmet & World Food", "sub_category_name": "Oils & Vinegar", "product_name": "Oil - Sesame Seed", "product_brand": "Woh Hup", "combo": []}, {"category": "Gourmet & World Food", "sub_category_name": "Oils & Vinegar", "product_name": "Organic Cold Pressed - Mustard Oil", "product_brand": "Nutty Yogi", "combo": []}, {"category": "Gourmet & World Food", "sub_category_name": "Oils & Vinegar", "product_name": "Olive Pomace Oil", "product_brand": "Pietro Coricelli", "combo": [["1 L", "455.00"], ["5 L", "1875.00"]]}, {"category": "Gourmet & World Food", "sub_category_name": "Oils & Vinegar", "product_name": "Olive Oil - Extra Virgin", "product_brand": "Pietro Coricelli", "combo": [["1 L", "677.50"], ["5 L", "3103.75"]]}, {"category": "Gourmet & World Food", "sub_category_name": "Oils & Vinegar", "product_name": "Olive Oil - Extra Virgin", "product_brand": "Colavita", "combo": []}, {"category": "Gourmet & World Food", "sub_category_name": "Oils & Vinegar", "product_name": "100% Pure Olive Oil", "product_brand": "Colavita", "combo": []}, {"category": "Gourmet & World Food", "sub_category_name": "Oils & Vinegar", "product_name": "Organic Extra Virgin Olive Oil", "product_brand": "Colavita", "combo": []}, {"category": "Gourmet & World Food", "sub_category_name": "Oils & Vinegar", "product_name": "Olive Oil - Extra Virgin, Pure", "product_brand": "Fragata", "combo": []}, {"category": "Gourmet & World Food", "sub_category_name": "Oils & Vinegar", "product_name": "Naturally Pure Olive Oil", "product_brand": "Fragata", "combo": []}, {"category": "Gourmet & World Food", "sub_category_name": "Oils & Vinegar", "product_name": "Naturally Pure Olive Oil", "product_brand": "Fragata", "combo": []}, {"category": "Gourmet & World Food", "sub_category_name": "Oils & Vinegar", "product_name": "Pomace Olive Oil", "product_brand": "Fragata", "combo": []}, {"category": "Gourmet & World Food", "sub_category_name": "Oils & Vinegar", "product_name": "Organic Extra Virgin Coconut Oil", "product_brand": "Nutriorg", "combo": []}, {"category": "Gourmet & World Food", "sub_category_name": "Oils & Vinegar", "product_name": "Toasted Sesame Oil", "product_brand": "Sprig", "combo": []}, {"category": "Gourmet & World Food", "sub_category_name": "Oils & Vinegar", "product_name": "Olive Oil - Extra Virgin (Cold Production)", "product_brand": "Colavita", "combo": []}, {"category": "Gourmet & World Food", "sub_category_name": "Oils & Vinegar", "product_name": "Apple Cider Vinegar", "product_brand": "ORGANIC INDIA", "combo": []}, {"category": "Gourmet & World Food", "sub_category_name": "Oils & Vinegar", "product_name": "Fragata Extra Virgin Olive Oil 250 ML", "product_brand": "Fragata", "combo": []}, {"category": "Gourmet & World Food", "sub_category_name": "Oils & Vinegar", "product_name": "Naturally Pure Olive Oil", "product_brand": "Fragata", "combo": []}, {"category": "Gourmet & World Food", "sub_category_name": "Oils & Vinegar", "product_name": "Olive Oil - Pure", "product_brand": "Oleiva Gold", "combo": []}, {"category": "Gourmet & World Food", "sub_category_name": "Oils & Vinegar", "product_name": "Apple Cider Vinegar", "product_brand": "Neo", "combo": []}, {"category": "Gourmet & World Food", "sub_category_name": "Oils & Vinegar", "product_name": "Anfora Olive Oil - Pure", "product_brand": "Monini", "combo": []}, {"category": "Gourmet & World Food", "sub_category_name": "Oils & Vinegar", "product_name": "Olive Oil - Extra Virgin", "product_brand": "Fragata", "combo": []}, {"category": "Gourmet & World Food", "sub_category_name": "Oils & Vinegar", "product_name": "Rosemary Condiment - Flavoured Extra Virgin Olive Oil", "product_brand": "Olitalia", "combo": []}, {"category": "Gourmet & World Food", "sub_category_name": "Oils & Vinegar", "product_name": "Extra Virgin Olive Oil", "product_brand": "Fragata", "combo": []}, {"category": "Gourmet & World Food", "sub_category_name": "Oils & Vinegar", "product_name": "Cold Pressed Sesame Oil", "product_brand": "Health 1st", "combo": []}, {"category": "Gourmet & World Food", "sub_category_name": "Oils & Vinegar", "product_name": "Cold Pressed Blackseed Oil", "product_brand": "Health 1st", "combo": []}, {"category": "Gourmet & World Food", "sub_category_name": "Oils & Vinegar", "product_name": "Cold Pressed Flaxseed Oil", "product_brand": "Health 1st", "combo": []}, {"category": "Gourmet & World Food", "sub_category_name": "Oils & Vinegar", "product_name": "Olive Oil - Extra Virgin", "product_brand": "Voila", "combo": []}, {"category": "Gourmet & World Food", "sub_category_name": "Oils & Vinegar", "product_name": "Extra Virgin Olive Oil", "product_brand": "Pietro Coricelli", "combo": []}, {"category": "Gourmet & World Food", "sub_category_name": "Oils & Vinegar", "product_name": "100% Natural Grapedseed Oil", "product_brand": "Colavita", "combo": []}, {"category": "Gourmet & World Food", "sub_category_name": "Oils & Vinegar", "product_name": "Olive Oil - Pure, Classic", "product_brand": "BORGES", "combo": []}, {"category": "Gourmet & World Food", "sub_category_name": "Oils & Vinegar", "product_name": "Olive Oil - Extra Virgin", "product_brand": "Oleiva Gold", "combo": [["500 ml", "493.00"], ["1 L", "960.12"]]}, {"category": "Gourmet & World Food", "sub_category_name": "Oils & Vinegar", "product_name": "Coconut Oil - Cold Pressed", "product_brand": "Rampura", "combo": []}, {"category": "Gourmet & World Food", "sub_category_name": "Oils & Vinegar", "product_name": "Groundnut Oil - Cold Pressed", "product_brand": "Rampura", "combo": []}, {"category": "Gourmet & World Food", "sub_category_name": "Oils & Vinegar", "product_name": "Albero Buono Bio Olio Extra Vergine Di Oliva", "product_brand": "Olitalia", "combo": []}, {"category": "Gourmet & World Food", "sub_category_name": "Oils & Vinegar", "product_name": "100% Pure Olive Oil", "product_brand": "Olitalia", "combo": []}, {"category": "Gourmet & World Food", "sub_category_name": "Oils & Vinegar", "product_name": "Lemon Condiment - Flavoured Extra Virgin Olive Oil", "product_brand": "Olitalia", "combo": []}, {"category": "Gourmet & World Food", "sub_category_name": "Oils & Vinegar", "product_name": "100% Pure Olive Oil", "product_brand": "Olitalia", "combo": [["250 ml", "382.50"], ["100 ml", "180.00"], ["1 L", "1192.50"]]}, {"category": "Gourmet & World Food", "sub_category_name": "Oils & Vinegar", "product_name": "Olive Oil - Extra Virgin", "product_brand": "Olitalia", "combo": []}]