[{"category": "Beauty & Hygiene", "sub_category_name": "Health & Medicine", "product_name": "Chyawanprash - 2X Immunity", "product_brand": "Dabur", "combo": [["250 g", "99.00"], ["500 g", "162.00"], ["1 kg", "325.00"]]}, {"category": "Beauty & Hygiene", "sub_category_name": "Health & Medicine", "product_name": "Latex Examination Hand Gloves - Medium", "product_brand": "BLUE SEA", "combo": []}, {"category": "Beauty & Hygiene", "sub_category_name": "Health & Medicine", "product_name": "Nitrile Examination Hand Gloves - Medium", "product_brand": "BLUE SEA", "combo": []}, {"category": "Beauty & Hygiene", "sub_category_name": "Health & Medicine", "product_name": "Face Shield - 250 Microns, Assorted", "product_brand": "Abilities", "combo": []}, {"category": "Beauty & Hygiene", "sub_category_name": "Health & Medicine", "product_name": "Face Shield - 400 Microns, Assorted", "product_brand": "Abilities", "combo": []}, {"category": "Beauty & Hygiene", "sub_category_name": "Health & Medicine", "product_name": "Ear to Ear Protection Face Shield - V1 Assorted", "product_brand": "All Time", "combo": []}, {"category": "Beauty & Hygiene", "sub_category_name": "Health & Medicine", "product_name": "Face Shield - Multiuse", "product_brand": "MG Polyplast", "combo": []}, {"category": "Beauty & Hygiene", "sub_category_name": "Health & Medicine", "product_name": "Face Shield - Multiuse", "product_brand": "SEMCO", "combo": []}, {"category": "Beauty & Hygiene", "sub_category_name": "Health & Medicine", "product_name": "Giloy Capsules - Immunity Enhancer", "product_brand": "Dr. Vaidya's", "combo": []}, {"category": "Beauty & Hygiene", "sub_category_name": "Health & Medicine", "product_name": "Ashwagandha Capsules - Immunity Enhancer", "product_brand": "Dr. Vaidya's", "combo": []}, {"category": "Beauty & Hygiene", "sub_category_name": "Health & Medicine", "product_name": "N95 Washable Face Mask - Blue, Large", "product_brand": "Nirvana", "combo": []}, {"category": "Beauty & Hygiene", "sub_category_name": "Health & Medicine", "product_name": "N95 Washable Face Mask - Blue, Medium", "product_brand": "Nirvana", "combo": []}, {"category": "Beauty & Hygiene", "sub_category_name": "Health & Medicine", "product_name": "Gasoherb Pills - Gas Relief", "product_brand": "Dr. Vaidya's", "combo": []}, {"category": "Beauty & Hygiene", "sub_category_name": "Health & Medicine", "product_name": "Amla Tablets", "product_brand": "Dabur", "combo": []}, {"category": "Beauty & Hygiene", "sub_category_name": "Health & Medicine", "product_name": "Dabur Ashwagandha Capsules", "product_brand": "Dabur", "combo": []}, {"category": "Beauty & Hygiene", "sub_category_name": "Health & Medicine", "product_name": "Aloe Vera Juice - 100% Ayurvedic", "product_brand": "Dabur", "combo": []}, {"category": "Beauty & Hygiene", "sub_category_name": "Health & Medicine", "product_name": "Haldi Drops", "product_brand": "Dabur", "combo": []}, {"category": "Beauty & Hygiene", "sub_category_name": "Health & Medicine", "product_name": "Immunity Kit - Improves Immunity", "product_brand": "Dabur", "combo": []}, {"category": "Beauty & Hygiene", "sub_category_name": "Health & Medicine", "product_name": "Immunity Booster Combo Pack", "product_brand": "Dabur", "combo": []}, {"category": "Beauty & Hygiene", "sub_category_name": "Health & Medicine", "product_name": "Face Mask For Kids - Disney Princess", "product_brand": "Bonorganik", "combo": []}, {"category": "Beauty & Hygiene", "sub_category_name": "Health & Medicine", "product_name": "Apple Cider Vinegar Plus Capsules - Prebiotic Apple Pectin, For Weight Loss, 600mg", "product_brand": "Pure Nutrition", "combo": []}, {"category": "Beauty & Hygiene", "sub_category_name": "Health & Medicine", "product_name": "Ashwa Ginseng With GojiBerry Extract - Energy & Performance Complex For Men & Women", "product_brand": "Pure Nutrition", "combo": []}, {"category": "Beauty & Hygiene", "sub_category_name": "Health & Medicine", "product_name": "Biotin Plus With Moringa Extracts & Iron - For Hair, Skin & Nails Health, 800 mg", "product_brand": "Pure Nutrition", "combo": []}, {"category": "Beauty & Hygiene", "sub_category_name": "Health & Medicine", "product_name": "Cranberry Plus For Urinary Tract Health - With Cranberry & Amla Extracts, 620 mg", "product_brand": "Pure Nutrition", "combo": []}, {"category": "Beauty & Hygiene", "sub_category_name": "Health & Medicine", "product_name": "Detox Liver Milk Thistle Ultra - Glutathione Booster, Support Healthy Liver", "product_brand": "Pure Nutrition", "combo": []}, {"category": "Beauty & Hygiene", "sub_category_name": "Health & Medicine", "product_name": "Curcumin Plus - With Curcuminoids & Turmeric Extracts, 500mg", "product_brand": "Pure Nutrition", "combo": []}, {"category": "Beauty & Hygiene", "sub_category_name": "Health & Medicine", "product_name": "Iron Supplement - Combination Of Iron With Folic Acid, Vitamin C & Vitamin B12", "product_brand": "Pure Nutrition", "combo": []}, {"category": "Beauty & Hygiene", "sub_category_name": "Health & Medicine", "product_name": "Lung Detox, Supports Healthy Lungs & Protects From Smoke & Pollution", "product_brand": "Pure Nutrition", "combo": []}, {"category": "Beauty & Hygiene", "sub_category_name": "Health & Medicine", "product_name": "Mens Multi Vita, Fortified With 30 Bioactive Vital Nutrients, Ginseng Extracts, Omega 3 & Multi-Minerals", "product_brand": "Pure Nutrition", "combo": []}, {"category": "Beauty & Hygiene", "sub_category_name": "Health & Medicine", "product_name": "Moringa Vital Multivitamin Capsule - SuperFood, Natural Multi-Vitamin", "product_brand": "Pure Nutrition", "combo": []}, {"category": "Beauty & Hygiene", "sub_category_name": "Health & Medicine", "product_name": "Omega 3 Double Strength Marine Fish Oil Capsules For Brain, Heart & Eye Health", "product_brand": "Pure Nutrition", "combo": []}, {"category": "Beauty & Hygiene", "sub_category_name": "Health & Medicine", "product_name": "Omega 3 Triple Strength Marine Fish Oil Capsules For Brain, Heart & Eye Health", "product_brand": "Pure Nutrition", "combo": []}, {"category": "Beauty & Hygiene", "sub_category_name": "Health & Medicine", "product_name": "Papaya Complete 640 mg - With Vitamin C, Vitamin A & Iron", "product_brand": "Pure Nutrition", "combo": []}, {"category": "Beauty & Hygiene", "sub_category_name": "Health & Medicine", "product_name": "Progut Plus - Promote Digestive Health & Builds Immunity, Seven Powerful Strains", "product_brand": "Pure Nutrition", "combo": []}, {"category": "Beauty & Hygiene", "sub_category_name": "Health & Medicine", "product_name": "Ultra Calcium Citrate - 1250 Mg With Vitamin D Zinc & Magnesium", "product_brand": "Pure Nutrition", "combo": []}, {"category": "Beauty & Hygiene", "sub_category_name": "Health & Medicine", "product_name": "Vitamin C 1250 mg Per Serve With Natural Amla & Orange Peel Extract", "product_brand": "Pure Nutrition", "combo": []}, {"category": "Beauty & Hygiene", "sub_category_name": "Health & Medicine", "product_name": "Womens Multi Vita Fortified With 30 Bio-Active Vital Nutrients, Ginseng Extracts", "product_brand": "Pure Nutrition", "combo": []}, {"category": "Beauty & Hygiene", "sub_category_name": "Health & Medicine", "product_name": "N95 Face Mask - With 6 layers & Inbuilt Nose Pin", "product_brand": "Verage", "combo": []}, {"category": "Beauty & Hygiene", "sub_category_name": "Health & Medicine", "product_name": "N95 Face Mask With Valve - 6 layers & Inbuilt Nose Pin", "product_brand": "Verage", "combo": []}, {"category": "Beauty & Hygiene", "sub_category_name": "Health & Medicine", "product_name": "Karela - 500 mg, Blood Sugar Management, Potent Extracts", "product_brand": "1mg", "combo": []}, {"category": "Beauty & Hygiene", "sub_category_name": "Health & Medicine", "product_name": "Gokshura - 500 mg, Vigour & Vitality, Potent Extracts", "product_brand": "1mg", "combo": []}, {"category": "Beauty & Hygiene", "sub_category_name": "Health & Medicine", "product_name": "Face Mask For Kids - Mega Marvel", "product_brand": "Bonorganik", "combo": []}, {"category": "Beauty & Hygiene", "sub_category_name": "Health & Medicine", "product_name": "Face Mask For Kids - Mickey & Friends", "product_brand": "Bonorganik", "combo": []}, {"category": "Beauty & Hygiene", "sub_category_name": "Health & Medicine", "product_name": "Face Mask For Kids - Toy Story", "product_brand": "Bonorganik", "combo": []}, {"category": "Beauty & Hygiene", "sub_category_name": "Health & Medicine", "product_name": "Face Mask For Kids - Lion King", "product_brand": "Bonorganik", "combo": []}, {"category": "Beauty & Hygiene", "sub_category_name": "Health & Medicine", "product_name": "Invisible Super Ultra Thin Condom - For Men", "product_brand": "Durex", "combo": [["10 pcs", "400.00"], ["3 pcs", "130.00"]]}, {"category": "Beauty & Hygiene", "sub_category_name": "Health & Medicine", "product_name": "Electric Heating Gel Pad, Electric Hot Bottle with Auto-Cut Feature, 10-Minute Charging - Multicolour", "product_brand": "Prozo Plus", "combo": []}, {"category": "Beauty & Hygiene", "sub_category_name": "Health & Medicine", "product_name": "Nitrile Medical Examination Disposable Hand Gloves - Green, Large", "product_brand": "Medivision", "combo": []}, {"category": "Beauty & Hygiene", "sub_category_name": "Health & Medicine", "product_name": "Face Shield A4 Size", "product_brand": "DP", "combo": []}, {"category": "Beauty & Hygiene", "sub_category_name": "Health & Medicine", "product_name": "Face Mask - Pro Tech 95, 6 layered, Large, MK 18000", "product_brand": "T BASE", "combo": []}, {"category": "Beauty & Hygiene", "sub_category_name": "Health & Medicine", "product_name": "Face Mask - Pro Armour 95, 6 layered, Medium, MK 18001", "product_brand": "T BASE", "combo": []}, {"category": "Beauty & Hygiene", "sub_category_name": "Health & Medicine", "product_name": "Face Mask - Pro Tech 95, 6 layered, Medium, MK 18000", "product_brand": "T BASE", "combo": []}, {"category": "Beauty & Hygiene", "sub_category_name": "Health & Medicine", "product_name": "Face Mask - Pro Tech 95, 6 layered, Medium, MK18004", "product_brand": "T BASE", "combo": []}, {"category": "Beauty & Hygiene", "sub_category_name": "Health & Medicine", "product_name": "Face Mask - Pro Tech 95, 6 layered, Large, MK18004", "product_brand": "T BASE", "combo": []}, {"category": "Beauty & Hygiene", "sub_category_name": "Health & Medicine", "product_name": "Face Mask For Kids - Mighty Avengers", "product_brand": "Bonorganik", "combo": []}, {"category": "Beauty & Hygiene", "sub_category_name": "Health & Medicine", "product_name": "Anti Viral & Anti Pollution N95 Face Mask - Maya, Medium, Assorted", "product_brand": "Airific", "combo": []}, {"category": "Beauty & Hygiene", "sub_category_name": "Health & Medicine", "product_name": "Anti Viral & Anti Pollution N95 Face Mask - Tesu, Large, Assorted", "product_brand": "Airific", "combo": []}, {"category": "Beauty & Hygiene", "sub_category_name": "Health & Medicine", "product_name": "Face Mask - Pro Tech 95, 6 layered, Medium, MK18002", "product_brand": "T BASE", "combo": []}, {"category": "Beauty & Hygiene", "sub_category_name": "Health & Medicine", "product_name": "Face Mas - Pro Armour 95, 6 layered, Large, MK 18001", "product_brand": "T BASE", "combo": []}, {"category": "Beauty & Hygiene", "sub_category_name": "Health & Medicine", "product_name": "Face Mask - Pro Tech 95, 6 layered, Large, MK18003", "product_brand": "T BASE", "combo": []}, {"category": "Beauty & Hygiene", "sub_category_name": "Health & Medicine", "product_name": "Hot Water Bottle, Double Side Ribbed Hot Water Bag For Pain Relief with 2 Lt Water Capacity - Assorted Colours", "product_brand": "Prozo Plus", "combo": []}, {"category": "Beauty & Hygiene", "sub_category_name": "Health & Medicine", "product_name": "Steam Inhaler Vaporizer, 3-in-1 Cough Steamer Cum Vaporizer, Nozzle Inhaler & Facial Sauna - Assorted Colours", "product_brand": "Prozo Plus", "combo": []}, {"category": "Beauty & Hygiene", "sub_category_name": "Health & Medicine", "product_name": "Face Mask - Pro Tech 95, 6 layered, Medium, MK18003", "product_brand": "T BASE", "combo": []}, {"category": "Beauty & Hygiene", "sub_category_name": "Health & Medicine", "product_name": "Face Mask - Pro Tech 95, 6 layered, Large, MK18002", "product_brand": "T BASE", "combo": []}, {"category": "Beauty & Hygiene", "sub_category_name": "Health & Medicine", "product_name": "Aerolife Reusable Cotton Fabric Mask - Navy Blue, Red, Orange", "product_brand": "Octus", "combo": []}, {"category": "Beauty & Hygiene", "sub_category_name": "Health & Medicine", "product_name": "2 Ply Reusable Reversible Cotton Face Mask", "product_brand": "T BASE", "combo": []}, {"category": "Beauty & Hygiene", "sub_category_name": "Health & Medicine", "product_name": "2 Ply Reusable Reversible Cotton Face Mask", "product_brand": "T BASE", "combo": []}, {"category": "Beauty & Hygiene", "sub_category_name": "Health & Medicine", "product_name": "2 Ply Reusable Reversible Cotton Face Mask", "product_brand": "T BASE", "combo": []}, {"category": "Beauty & Hygiene", "sub_category_name": "Health & Medicine", "product_name": "Vitamin C + Amla Gummies - Boosts Immunity, 10 pcs", "product_brand": "Kapiva Ayurveda", "combo": []}, {"category": "Beauty & Hygiene", "sub_category_name": "Health & Medicine", "product_name": "Pure Tulsi Ark - Helps Boost Immunity", "product_brand": "Kapiva Ayurveda", "combo": []}, {"category": "Beauty & Hygiene", "sub_category_name": "Health & Medicine", "product_name": "Probiotics Gummies - Enriched With Amla", "product_brand": "Kapiva Ayurveda", "combo": [["30 pcs", "562.50"], ["50 g", "170.00"]]}, {"category": "Beauty & Hygiene", "sub_category_name": "Health & Medicine", "product_name": "Multivitamin Gummies - For Kids & Adults", "product_brand": "Kapiva Ayurveda", "combo": [["50 g", "170.00"], ["30 pcs", "375.00"]]}, {"category": "Beauty & Hygiene", "sub_category_name": "Health & Medicine", "product_name": "Face Mask For Men - Anti-Viral, 7 Layers, Cotton, Black", "product_brand": "Louis Philippe", "combo": []}, {"category": "Beauty & Hygiene", "sub_category_name": "Health & Medicine", "product_name": "2 Ply Reusable Reversible Cotton Face Mask", "product_brand": "T BASE", "combo": []}, {"category": "Beauty & Hygiene", "sub_category_name": "Health & Medicine", "product_name": "2 Ply Reusable Reversible Cotton Face Mask", "product_brand": "T BASE", "combo": []}, {"category": "Beauty & Hygiene", "sub_category_name": "Health & Medicine", "product_name": "Tulsi Drops - 100% Ayurvedic Immunity Booster, Cough & Cold Relief, 5 Tulsi Extracts", "product_brand": "Dabur", "combo": []}, {"category": "Beauty & Hygiene", "sub_category_name": "Health & Medicine", "product_name": "Giloy Neem Juice With Tulsi", "product_brand": "Dabur", "combo": []}, {"category": "Beauty & Hygiene", "sub_category_name": "Health & Medicine", "product_name": "Amla Ayurvedic Juice", "product_brand": "Dabur", "combo": []}, {"category": "Beauty & Hygiene", "sub_category_name": "Health & Medicine", "product_name": "Face Mask 6 Layer Reusable With Activated Carbon", "product_brand": "Care 4 All", "combo": []}, {"category": "Beauty & Hygiene", "sub_category_name": "Health & Medicine", "product_name": "Face Mask 5 Layer In Multicolor Without Valve", "product_brand": "Care 4 All", "combo": []}, {"category": "Beauty & Hygiene", "sub_category_name": "Health & Medicine", "product_name": "Face Mask 5 Layer 2mb", "product_brand": "Care 4 All", "combo": []}, {"category": "Beauty & Hygiene", "sub_category_name": "Health & Medicine", "product_name": "Compact Compressor Nebulizer For Kids and Adults With Masks, Low-Noise Compressor - White", "product_brand": "Prozo Plus", "combo": []}, {"category": "Beauty & Hygiene", "sub_category_name": "Health & Medicine", "product_name": "Fruit Salt - Lemon Flavor", "product_brand": "Eno", "combo": [["100 g", "120.00"], ["5 g", "48.00"]]}, {"category": "Beauty & Hygiene", "sub_category_name": "Health & Medicine", "product_name": "Unosafe Face Mask - Assorted Colour/Design", "product_brand": "Ariana", "combo": []}, {"category": "Beauty & Hygiene", "sub_category_name": "Health & Medicine", "product_name": "2 Ply Reversible Duosafe Face Mask - Assorted Colour/Design", "product_brand": "Ariana", "combo": []}, {"category": "Beauty & Hygiene", "sub_category_name": "Health & Medicine", "product_name": "Condoms - Air", "product_brand": "Durex", "combo": [["3x10's pack", "366.19"], ["5x10's pack", "813.75"], ["10 pcs", "162.75"]]}, {"category": "Beauty & Hygiene", "sub_category_name": "Health & Medicine", "product_name": "Disposable Finger Gloves", "product_brand": "KCL", "combo": []}, {"category": "Beauty & Hygiene", "sub_category_name": "Health & Medicine", "product_name": "Apple Cider Vinegar - 10 Gummies", "product_brand": "Kapiva Ayurveda", "combo": []}, {"category": "Beauty & Hygiene", "sub_category_name": "Health & Medicine", "product_name": "Cotton Scarf Mask - Sage Abstract", "product_brand": "FabAlley", "combo": []}, {"category": "Beauty & Hygiene", "sub_category_name": "Health & Medicine", "product_name": "Cotton Scarf Mask - Peach Tribal", "product_brand": "FabAlley", "combo": []}, {"category": "Beauty & Hygiene", "sub_category_name": "Health & Medicine", "product_name": "Hajmola Imli - Digestive Tablets", "product_brand": "Dabur", "combo": []}, {"category": "Beauty & Hygiene", "sub_category_name": "Health & Medicine", "product_name": "Buds", "product_brand": "Johnson's baby", "combo": [["15 stems", "28.00"], ["75 Stems/150 Swabs", "83.70"]]}, {"category": "Beauty & Hygiene", "sub_category_name": "Health & Medicine", "product_name": "Hajmola Anardana - Digestive Tablets", "product_brand": "Dabur", "combo": []}, {"category": "Beauty & Hygiene", "sub_category_name": "Health & Medicine", "product_name": "Savlon Antiseptic - Disinfectant Liquid", "product_brand": "Savlon", "combo": [["500 ml", "156.00"], ["2x500 ml", "312.00"]]}, {"category": "Beauty & Hygiene", "sub_category_name": "Health & Medicine", "product_name": "Face Mask With N95 Grade Filters With Exhalation Valve", "product_brand": "Swift", "combo": []}, {"category": "Beauty & Hygiene", "sub_category_name": "Health & Medicine", "product_name": "Reusable Face Mask - 2 Ply, Cotton, Assorted Colour, 21 X 11 cm", "product_brand": "KNM", "combo": [["21.5 X 11 cm", "65.00"], ["3x3 pcs", "185.06"], ["5x3 pcs", "283.73"]]}, {"category": "Beauty & Hygiene", "sub_category_name": "Health & Medicine", "product_name": "Condoms - Extra Time", "product_brand": "Durex", "combo": [["3x10's pack", "366.19"], ["5x10's pack", "813.75"], ["10 pcs", "162.75"]]}, {"category": "Beauty & Hygiene", "sub_category_name": "Health & Medicine", "product_name": "Band-Aid - Washproof", "product_brand": "Johnson & Johnson", "combo": []}, {"category": "Beauty & Hygiene", "sub_category_name": "Health & Medicine", "product_name": "Antiseptic Skin Liquid - Neem", "product_brand": "Suthol", "combo": []}, {"category": "Beauty & Hygiene", "sub_category_name": "Health & Medicine", "product_name": "Chyawanprakash - Sugar free", "product_brand": "Dabur", "combo": [["500 g", "210.00"], ["900 g", "333.00"]]}, {"category": "Beauty & Hygiene", "sub_category_name": "Health & Medicine", "product_name": "Cough Drops - Ginger", "product_brand": "Vicks", "combo": []}, {"category": "Beauty & Hygiene", "sub_category_name": "Health & Medicine", "product_name": "VapoRub - Super Saver Pack", "product_brand": "Vicks", "combo": []}, {"category": "Beauty & Hygiene", "sub_category_name": "Health & Medicine", "product_name": "Condoms - Extra Dots", "product_brand": "Durex", "combo": [["5x10's pack", "976.50"], ["10 pcs", "195.30"], ["3x10's pack", "439.42"]]}, {"category": "Beauty & Hygiene", "sub_category_name": "Health & Medicine", "product_name": "Antiseptic Skin Liquid - Neem", "product_brand": "Suthol", "combo": []}, {"category": "Beauty & Hygiene", "sub_category_name": "Health & Medicine", "product_name": "Face Mask - Protekt P-W95 Reusable, Large, Navy Blue", "product_brand": "Godrej Protekt", "combo": []}, {"category": "Beauty & Hygiene", "sub_category_name": "Health & Medicine", "product_name": "Sat Isabgol - Effective Relief From Constipation", "product_brand": "Dabur", "combo": []}, {"category": "Beauty & Hygiene", "sub_category_name": "Health & Medicine", "product_name": "Hajmola Pudina - Digestive Tablets", "product_brand": "Dabur", "combo": []}, {"category": "Beauty & Hygiene", "sub_category_name": "Health & Medicine", "product_name": "Face Mask For Men & Women - Washable, Black, 14.5 x 11 Cm", "product_brand": "109\u00b0F", "combo": [["14 x 11 cm", "179.10"], ["3x1 pc", "418.02"], ["5x1 pc", "805.95"]]}, {"category": "Beauty & Hygiene", "sub_category_name": "Health & Medicine", "product_name": "Face Mask - Protekt P-W95 Reusable, Medium, Navy Blue", "product_brand": "Godrej Protekt", "combo": []}, {"category": "Beauty & Hygiene", "sub_category_name": "Health & Medicine", "product_name": "Cough Drops - Menthol", "product_brand": "Vicks", "combo": []}, {"category": "Beauty & Hygiene", "sub_category_name": "Health & Medicine", "product_name": "VapoRub", "product_brand": "Vicks", "combo": []}, {"category": "Beauty & Hygiene", "sub_category_name": "Health & Medicine", "product_name": "Balm - Pain", "product_brand": "Zandu", "combo": []}, {"category": "Beauty & Hygiene", "sub_category_name": "Health & Medicine", "product_name": "Pain Relief Cream", "product_brand": "Moov", "combo": []}, {"category": "Beauty & Hygiene", "sub_category_name": "Health & Medicine", "product_name": "Ashwagandha Churna", "product_brand": "Dabur", "combo": []}, {"category": "Beauty & Hygiene", "sub_category_name": "Health & Medicine", "product_name": "Mutual Climax Condom", "product_brand": "Durex", "combo": []}, {"category": "Beauty & Hygiene", "sub_category_name": "Health & Medicine", "product_name": "Condoms - Extra Thin", "product_brand": "Durex", "combo": [["10 pcs", "152.96"], ["3x10's pack", "344.16"], ["5x10's pack", "764.80"]]}, {"category": "Beauty & Hygiene", "sub_category_name": "Health & Medicine", "product_name": "Instant Pain Relief", "product_brand": "Relispray", "combo": [["40 g", "149.00"], ["135 g", "256.50"], ["75 g", "217.80"]]}, {"category": "Beauty & Hygiene", "sub_category_name": "Health & Medicine", "product_name": "Condoms - Air", "product_brand": "Durex", "combo": [["20x3's pack", "1296.00"], ["3 pcs", "64.80"], ["10x3's pack", "648.00"]]}, {"category": "Beauty & Hygiene", "sub_category_name": "Health & Medicine", "product_name": "Lube - 2-in-1 Stimulating Lubricant", "product_brand": "Durex", "combo": [["200 ml", "650.00"], ["2x200 ml", "1300.00"]]}, {"category": "Beauty & Hygiene", "sub_category_name": "Health & Medicine", "product_name": "Pudin Hara - Active", "product_brand": "Dabur", "combo": []}, {"category": "Beauty & Hygiene", "sub_category_name": "Health & Medicine", "product_name": "Tonic - Digestive, Pancharishta", "product_brand": "Zandu", "combo": []}, {"category": "Beauty & Hygiene", "sub_category_name": "Health & Medicine", "product_name": "Pain Relief Cream", "product_brand": "Moov", "combo": [["30 g", "98.10"], ["15 g", "59.00"]]}, {"category": "Beauty & Hygiene", "sub_category_name": "Health & Medicine", "product_name": "Condoms - Extra Ribbed", "product_brand": "Durex", "combo": [["10 pcs", "167.63"], ["3x10's pack", "377.17"], ["5x10's pack", "838.15"]]}, {"category": "Beauty & Hygiene", "sub_category_name": "Health & Medicine", "product_name": "Condoms - Extra Thin", "product_brand": "Durex", "combo": [["10x3's pack", "648.00"], ["3 pcs", "64.80"], ["20x3's pack", "1296.00"]]}, {"category": "Beauty & Hygiene", "sub_category_name": "Health & Medicine", "product_name": "Cooling - Lemon", "product_brand": "Eno", "combo": []}, {"category": "Beauty & Hygiene", "sub_category_name": "Health & Medicine", "product_name": "Face Mask - Protekt P-W95 Reusable, Small, Navy Blue", "product_brand": "Godrej Protekt", "combo": []}, {"category": "Beauty & Hygiene", "sub_category_name": "Health & Medicine", "product_name": "Balm", "product_brand": "Zandu", "combo": []}, {"category": "Beauty & Hygiene", "sub_category_name": "Health & Medicine", "product_name": "Not Out Condoms - Climax Delay & Dotted", "product_brand": "Skore", "combo": [["10s pack", "90.00"], ["3x10's pack", "270.00"], ["5x10's pack", "450.00"]]}, {"category": "Beauty & Hygiene", "sub_category_name": "Health & Medicine", "product_name": "Cotton Pads", "product_brand": "Tulips", "combo": []}, {"category": "Beauty & Hygiene", "sub_category_name": "Health & Medicine", "product_name": "Band Aid Flexi - Antiseptic", "product_brand": "Johnson & Johnson", "combo": []}, {"category": "Beauty & Hygiene", "sub_category_name": "Health & Medicine", "product_name": "Fruit Salt - Orange Flavor", "product_brand": "Eno", "combo": []}, {"category": "Beauty & Hygiene", "sub_category_name": "Health & Medicine", "product_name": "Medical Face Shield - Break Resistant", "product_brand": "Aerostar", "combo": []}, {"category": "Beauty & Hygiene", "sub_category_name": "Health & Medicine", "product_name": "Antiseptic - Disinfectant Liquid", "product_brand": "Savlon", "combo": []}, {"category": "Beauty & Hygiene", "sub_category_name": "Health & Medicine", "product_name": "Hingoli - Gas Par Asar Zabardast", "product_brand": "Dabur", "combo": []}, {"category": "Beauty & Hygiene", "sub_category_name": "Health & Medicine", "product_name": "Kare in Adult Diapers Pants Large", "product_brand": "Kare In", "combo": [["10 pcs", "468.00"], ["2x10 pcs", "936.00"]]}, {"category": "Beauty & Hygiene", "sub_category_name": "Health & Medicine", "product_name": "Inhaler", "product_brand": "Vicks", "combo": []}, {"category": "Beauty & Hygiene", "sub_category_name": "Health & Medicine", "product_name": "Vanilla Popsicle Flavoured Condoms", "product_brand": "Durex", "combo": []}, {"category": "Beauty & Hygiene", "sub_category_name": "Health & Medicine", "product_name": "Condoms - Extra Time", "product_brand": "Durex", "combo": [["3 pcs", "64.80"], ["10x3's pack", "648.00"], ["20x3's pack", "1296.00"]]}, {"category": "Beauty & Hygiene", "sub_category_name": "Health & Medicine", "product_name": "Play Lube- Tingle", "product_brand": "Durex", "combo": [["2x50 ml", "605.62"], ["50 ml", "403.75"]]}, {"category": "Beauty & Hygiene", "sub_category_name": "Health & Medicine", "product_name": "Condoms - Chocolate Flavored Dotted & Colored", "product_brand": "Skore", "combo": [["10s pack", "90.00"], ["3x10's pack", "270.00"], ["5x10's pack", "450.00"]]}, {"category": "Beauty & Hygiene", "sub_category_name": "Health & Medicine", "product_name": "Tonic - Digestive, Pancharishta", "product_brand": "Zandu", "combo": []}, {"category": "Beauty & Hygiene", "sub_category_name": "Health & Medicine", "product_name": "Pain Relief Cream", "product_brand": "Moov", "combo": [["30 g", "98.10"], ["15 g", "59.00"]]}, {"category": "Beauty & Hygiene", "sub_category_name": "Health & Medicine", "product_name": "Condoms - Extra Ribbed", "product_brand": "Durex", "combo": [["10 pcs", "167.63"], ["3x10's pack", "377.17"], ["5x10's pack", "838.15"]]}, {"category": "Beauty & Hygiene", "sub_category_name": "Health & Medicine", "product_name": "Condoms - Extra Thin", "product_brand": "Durex", "combo": [["10x3's pack", "648.00"], ["3 pcs", "64.80"], ["20x3's pack", "1296.00"]]}, {"category": "Beauty & Hygiene", "sub_category_name": "Health & Medicine", "product_name": "Cooling - Lemon", "product_brand": "Eno", "combo": []}, {"category": "Beauty & Hygiene", "sub_category_name": "Health & Medicine", "product_name": "Face Mask - Protekt P-W95 Reusable, Small, Navy Blue", "product_brand": "Godrej Protekt", "combo": []}, {"category": "Beauty & Hygiene", "sub_category_name": "Health & Medicine", "product_name": "Balm", "product_brand": "Zandu", "combo": []}, {"category": "Beauty & Hygiene", "sub_category_name": "Health & Medicine", "product_name": "Not Out Condoms - Climax Delay & Dotted", "product_brand": "Skore", "combo": [["10s pack", "90.00"], ["3x10's pack", "270.00"], ["5x10's pack", "450.00"]]}, {"category": "Beauty & Hygiene", "sub_category_name": "Health & Medicine", "product_name": "Cotton Pads", "product_brand": "Tulips", "combo": []}, {"category": "Beauty & Hygiene", "sub_category_name": "Health & Medicine", "product_name": "Band Aid Flexi - Antiseptic", "product_brand": "Johnson & Johnson", "combo": []}, {"category": "Beauty & Hygiene", "sub_category_name": "Health & Medicine", "product_name": "Fruit Salt - Orange Flavor", "product_brand": "Eno", "combo": []}, {"category": "Beauty & Hygiene", "sub_category_name": "Health & Medicine", "product_name": "Medical Face Shield - Break Resistant", "product_brand": "Aerostar", "combo": []}, {"category": "Beauty & Hygiene", "sub_category_name": "Health & Medicine", "product_name": "Antiseptic - Disinfectant Liquid", "product_brand": "Savlon", "combo": []}, {"category": "Beauty & Hygiene", "sub_category_name": "Health & Medicine", "product_name": "Hingoli - Gas Par Asar Zabardast", "product_brand": "Dabur", "combo": []}, {"category": "Beauty & Hygiene", "sub_category_name": "Health & Medicine", "product_name": "Kare in Adult Diapers Pants Large", "product_brand": "Kare In", "combo": [["10 pcs", "468.00"], ["2x10 pcs", "936.00"]]}, {"category": "Beauty & Hygiene", "sub_category_name": "Health & Medicine", "product_name": "Inhaler", "product_brand": "Vicks", "combo": []}, {"category": "Beauty & Hygiene", "sub_category_name": "Health & Medicine", "product_name": "Vanilla Popsicle Flavoured Condoms", "product_brand": "Durex", "combo": []}, {"category": "Beauty & Hygiene", "sub_category_name": "Health & Medicine", "product_name": "Condoms - Extra Time", "product_brand": "Durex", "combo": [["3 pcs", "64.80"], ["10x3's pack", "648.00"], ["20x3's pack", "1296.00"]]}, {"category": "Beauty & Hygiene", "sub_category_name": "Health & Medicine", "product_name": "Play Lube- Tingle", "product_brand": "Durex", "combo": [["2x50 ml", "605.62"], ["50 ml", "403.75"]]}, {"category": "Beauty & Hygiene", "sub_category_name": "Health & Medicine", "product_name": "Condoms - Chocolate Flavored Dotted & Colored", "product_brand": "Skore", "combo": [["10s pack", "90.00"], ["3x10's pack", "270.00"], ["5x10's pack", "450.00"]]}, {"category": "Beauty & Hygiene", "sub_category_name": "Health & Medicine", "product_name": "Tonic - Digestive, Pancharishta", "product_brand": "Zandu", "combo": []}, {"category": "Beauty & Hygiene", "sub_category_name": "Health & Medicine", "product_name": "Pain Relief Cream", "product_brand": "Moov", "combo": [["30 g", "98.10"], ["15 g", "59.00"]]}, {"category": "Beauty & Hygiene", "sub_category_name": "Health & Medicine", "product_name": "Condoms - Extra Ribbed", "product_brand": "Durex", "combo": [["10 pcs", "167.63"], ["3x10's pack", "377.17"], ["5x10's pack", "838.15"]]}, {"category": "Beauty & Hygiene", "sub_category_name": "Health & Medicine", "product_name": "Condoms - Extra Thin", "product_brand": "Durex", "combo": [["10x3's pack", "648.00"], ["3 pcs", "64.80"], ["20x3's pack", "1296.00"]]}, {"category": "Beauty & Hygiene", "sub_category_name": "Health & Medicine", "product_name": "Cooling - Lemon", "product_brand": "Eno", "combo": []}, {"category": "Beauty & Hygiene", "sub_category_name": "Health & Medicine", "product_name": "Face Mask - Protekt P-W95 Reusable, Small, Navy Blue", "product_brand": "Godrej Protekt", "combo": []}, {"category": "Beauty & Hygiene", "sub_category_name": "Health & Medicine", "product_name": "Balm", "product_brand": "Zandu", "combo": []}, {"category": "Beauty & Hygiene", "sub_category_name": "Health & Medicine", "product_name": "Not Out Condoms - Climax Delay & Dotted", "product_brand": "Skore", "combo": [["10s pack", "90.00"], ["3x10's pack", "270.00"], ["5x10's pack", "450.00"]]}, {"category": "Beauty & Hygiene", "sub_category_name": "Health & Medicine", "product_name": "Cotton Pads", "product_brand": "Tulips", "combo": []}, {"category": "Beauty & Hygiene", "sub_category_name": "Health & Medicine", "product_name": "Band Aid Flexi - Antiseptic", "product_brand": "Johnson & Johnson", "combo": []}, {"category": "Beauty & Hygiene", "sub_category_name": "Health & Medicine", "product_name": "Fruit Salt - Orange Flavor", "product_brand": "Eno", "combo": []}, {"category": "Beauty & Hygiene", "sub_category_name": "Health & Medicine", "product_name": "Medical Face Shield - Break Resistant", "product_brand": "Aerostar", "combo": []}, {"category": "Beauty & Hygiene", "sub_category_name": "Health & Medicine", "product_name": "Antiseptic - Disinfectant Liquid", "product_brand": "Savlon", "combo": []}, {"category": "Beauty & Hygiene", "sub_category_name": "Health & Medicine", "product_name": "Hingoli - Gas Par Asar Zabardast", "product_brand": "Dabur", "combo": []}, {"category": "Beauty & Hygiene", "sub_category_name": "Health & Medicine", "product_name": "Kare in Adult Diapers Pants Large", "product_brand": "Kare In", "combo": [["10 pcs", "468.00"], ["2x10 pcs", "936.00"]]}, {"category": "Beauty & Hygiene", "sub_category_name": "Health & Medicine", "product_name": "Inhaler", "product_brand": "Vicks", "combo": []}, {"category": "Beauty & Hygiene", "sub_category_name": "Health & Medicine", "product_name": "Vanilla Popsicle Flavoured Condoms", "product_brand": "Durex", "combo": []}, {"category": "Beauty & Hygiene", "sub_category_name": "Health & Medicine", "product_name": "Condoms - Extra Time", "product_brand": "Durex", "combo": [["3 pcs", "64.80"], ["10x3's pack", "648.00"], ["20x3's pack", "1296.00"]]}, {"category": "Beauty & Hygiene", "sub_category_name": "Health & Medicine", "product_name": "Play Lube- Tingle", "product_brand": "Durex", "combo": [["2x50 ml", "605.62"], ["50 ml", "403.75"]]}, {"category": "Beauty & Hygiene", "sub_category_name": "Health & Medicine", "product_name": "Condoms - Chocolate Flavored Dotted & Colored", "product_brand": "Skore", "combo": [["10s pack", "90.00"], ["3x10's pack", "270.00"], ["5x10's pack", "450.00"]]}, {"category": "Beauty & Hygiene", "sub_category_name": "Health & Medicine", "product_name": "Tonic - Digestive, Pancharishta", "product_brand": "Zandu", "combo": []}, {"category": "Beauty & Hygiene", "sub_category_name": "Health & Medicine", "product_name": "Pain Relief Cream", "product_brand": "Moov", "combo": [["30 g", "98.10"], ["15 g", "59.00"]]}, {"category": "Beauty & Hygiene", "sub_category_name": "Health & Medicine", "product_name": "Condoms - Extra Ribbed", "product_brand": "Durex", "combo": [["10 pcs", "167.63"], ["3x10's pack", "377.17"], ["5x10's pack", "838.15"]]}, {"category": "Beauty & Hygiene", "sub_category_name": "Health & Medicine", "product_name": "Condoms - Extra Thin", "product_brand": "Durex", "combo": [["10x3's pack", "648.00"], ["3 pcs", "64.80"], ["20x3's pack", "1296.00"]]}, {"category": "Beauty & Hygiene", "sub_category_name": "Health & Medicine", "product_name": "Cooling - Lemon", "product_brand": "Eno", "combo": []}, {"category": "Beauty & Hygiene", "sub_category_name": "Health & Medicine", "product_name": "Face Mask - Protekt P-W95 Reusable, Small, Navy Blue", "product_brand": "Godrej Protekt", "combo": []}, {"category": "Beauty & Hygiene", "sub_category_name": "Health & Medicine", "product_name": "Balm", "product_brand": "Zandu", "combo": []}, {"category": "Beauty & Hygiene", "sub_category_name": "Health & Medicine", "product_name": "Not Out Condoms - Climax Delay & Dotted", "product_brand": "Skore", "combo": [["10s pack", "90.00"], ["3x10's pack", "270.00"], ["5x10's pack", "450.00"]]}, {"category": "Beauty & Hygiene", "sub_category_name": "Health & Medicine", "product_name": "Cotton Pads", "product_brand": "Tulips", "combo": []}, {"category": "Beauty & Hygiene", "sub_category_name": "Health & Medicine", "product_name": "Band Aid Flexi - Antiseptic", "product_brand": "Johnson & Johnson", "combo": []}, {"category": "Beauty & Hygiene", "sub_category_name": "Health & Medicine", "product_name": "Fruit Salt - Orange Flavor", "product_brand": "Eno", "combo": []}, {"category": "Beauty & Hygiene", "sub_category_name": "Health & Medicine", "product_name": "Medical Face Shield - Break Resistant", "product_brand": "Aerostar", "combo": []}, {"category": "Beauty & Hygiene", "sub_category_name": "Health & Medicine", "product_name": "Antiseptic - Disinfectant Liquid", "product_brand": "Savlon", "combo": []}, {"category": "Beauty & Hygiene", "sub_category_name": "Health & Medicine", "product_name": "Hingoli - Gas Par Asar Zabardast", "product_brand": "Dabur", "combo": []}, {"category": "Beauty & Hygiene", "sub_category_name": "Health & Medicine", "product_name": "Kare in Adult Diapers Pants Large", "product_brand": "Kare In", "combo": [["10 pcs", "468.00"], ["2x10 pcs", "936.00"]]}, {"category": "Beauty & Hygiene", "sub_category_name": "Health & Medicine", "product_name": "Inhaler", "product_brand": "Vicks", "combo": []}, {"category": "Beauty & Hygiene", "sub_category_name": "Health & Medicine", "product_name": "Vanilla Popsicle Flavoured Condoms", "product_brand": "Durex", "combo": []}, {"category": "Beauty & Hygiene", "sub_category_name": "Health & Medicine", "product_name": "Condoms - Extra Time", "product_brand": "Durex", "combo": [["3 pcs", "64.80"], ["10x3's pack", "648.00"], ["20x3's pack", "1296.00"]]}, {"category": "Beauty & Hygiene", "sub_category_name": "Health & Medicine", "product_name": "Play Lube- Tingle", "product_brand": "Durex", "combo": [["2x50 ml", "605.62"], ["50 ml", "403.75"]]}, {"category": "Beauty & Hygiene", "sub_category_name": "Health & Medicine", "product_name": "Condoms - Chocolate Flavored Dotted & Colored", "product_brand": "Skore", "combo": [["10s pack", "90.00"], ["3x10's pack", "270.00"], ["5x10's pack", "450.00"]]}, {"category": "Beauty & Hygiene", "sub_category_name": "Health & Medicine", "product_name": "Tonic - Digestive, Pancharishta", "product_brand": "Zandu", "combo": []}, {"category": "Beauty & Hygiene", "sub_category_name": "Health & Medicine", "product_name": "Pain Relief Cream", "product_brand": "Moov", "combo": [["30 g", "98.10"], ["15 g", "59.00"]]}, {"category": "Beauty & Hygiene", "sub_category_name": "Health & Medicine", "product_name": "Condoms - Extra Ribbed", "product_brand": "Durex", "combo": [["10 pcs", "167.63"], ["3x10's pack", "377.17"], ["5x10's pack", "838.15"]]}, {"category": "Beauty & Hygiene", "sub_category_name": "Health & Medicine", "product_name": "Condoms - Extra Thin", "product_brand": "Durex", "combo": [["10x3's pack", "648.00"], ["3 pcs", "64.80"], ["20x3's pack", "1296.00"]]}, {"category": "Beauty & Hygiene", "sub_category_name": "Health & Medicine", "product_name": "Cooling - Lemon", "product_brand": "Eno", "combo": []}, {"category": "Beauty & Hygiene", "sub_category_name": "Health & Medicine", "product_name": "Face Mask - Protekt P-W95 Reusable, Small, Navy Blue", "product_brand": "Godrej Protekt", "combo": []}, {"category": "Beauty & Hygiene", "sub_category_name": "Health & Medicine", "product_name": "Balm", "product_brand": "Zandu", "combo": []}, {"category": "Beauty & Hygiene", "sub_category_name": "Health & Medicine", "product_name": "Not Out Condoms - Climax Delay & Dotted", "product_brand": "Skore", "combo": [["10s pack", "90.00"], ["3x10's pack", "270.00"], ["5x10's pack", "450.00"]]}, {"category": "Beauty & Hygiene", "sub_category_name": "Health & Medicine", "product_name": "Cotton Pads", "product_brand": "Tulips", "combo": []}, {"category": "Beauty & Hygiene", "sub_category_name": "Health & Medicine", "product_name": "Band Aid Flexi - Antiseptic", "product_brand": "Johnson & Johnson", "combo": []}, {"category": "Beauty & Hygiene", "sub_category_name": "Health & Medicine", "product_name": "Fruit Salt - Orange Flavor", "product_brand": "Eno", "combo": []}, {"category": "Beauty & Hygiene", "sub_category_name": "Health & Medicine", "product_name": "Medical Face Shield - Break Resistant", "product_brand": "Aerostar", "combo": []}, {"category": "Beauty & Hygiene", "sub_category_name": "Health & Medicine", "product_name": "Antiseptic - Disinfectant Liquid", "product_brand": "Savlon", "combo": []}, {"category": "Beauty & Hygiene", "sub_category_name": "Health & Medicine", "product_name": "Hingoli - Gas Par Asar Zabardast", "product_brand": "Dabur", "combo": []}, {"category": "Beauty & Hygiene", "sub_category_name": "Health & Medicine", "product_name": "Kare in Adult Diapers Pants Large", "product_brand": "Kare In", "combo": [["10 pcs", "468.00"], ["2x10 pcs", "936.00"]]}, {"category": "Beauty & Hygiene", "sub_category_name": "Health & Medicine", "product_name": "Inhaler", "product_brand": "Vicks", "combo": []}, {"category": "Beauty & Hygiene", "sub_category_name": "Health & Medicine", "product_name": "Vanilla Popsicle Flavoured Condoms", "product_brand": "Durex", "combo": []}, {"category": "Beauty & Hygiene", "sub_category_name": "Health & Medicine", "product_name": "Condoms - Extra Time", "product_brand": "Durex", "combo": [["3 pcs", "64.80"], ["10x3's pack", "648.00"], ["20x3's pack", "1296.00"]]}, {"category": "Beauty & Hygiene", "sub_category_name": "Health & Medicine", "product_name": "Play Lube- Tingle", "product_brand": "Durex", "combo": [["2x50 ml", "605.62"], ["50 ml", "403.75"]]}, {"category": "Beauty & Hygiene", "sub_category_name": "Health & Medicine", "product_name": "Condoms - Chocolate Flavored Dotted & Colored", "product_brand": "Skore", "combo": [["10s pack", "90.00"], ["3x10's pack", "270.00"], ["5x10's pack", "450.00"]]}, {"category": "Beauty & Hygiene", "sub_category_name": "Health & Medicine", "product_name": "Ribbed Condoms", "product_brand": "Kamasutra", "combo": [["3x12 pcs", "288.00"], ["12 pcs", "96.00"], ["3 pcs", "30.00"], ["5x12 pcs", "480.00"]]}, {"category": "Beauty & Hygiene", "sub_category_name": "Health & Medicine", "product_name": "Organic Powder - Triphala", "product_brand": "Herbalist", "combo": []}, {"category": "Beauty & Hygiene", "sub_category_name": "Health & Medicine", "product_name": "Chyawanprash Awaleha - Chocolate Flavour", "product_brand": "Dabur", "combo": []}, {"category": "Beauty & Hygiene", "sub_category_name": "Health & Medicine", "product_name": "Play Lube- Sweet Strawberry", "product_brand": "Durex", "combo": [["50 ml", "403.75"], ["2x50 ml", "807.50"]]}, {"category": "Beauty & Hygiene", "sub_category_name": "Health & Medicine", "product_name": "Pain Relief Cream", "product_brand": "Moov", "combo": []}, {"category": "Beauty & Hygiene", "sub_category_name": "Health & Medicine", "product_name": "Aloe Vera Juice", "product_brand": "Brimune", "combo": [["500 ml", "275.00"], ["1 L", "500.00"]]}, {"category": "Beauty & Hygiene", "sub_category_name": "Health & Medicine", "product_name": "Organic Capsules - Mulethi, Licorice", "product_brand": "Herbalist", "combo": []}, {"category": "Beauty & Hygiene", "sub_category_name": "Health & Medicine", "product_name": "Relief Spray - Narayani Pain", "product_brand": "Vicco", "combo": []}, {"category": "Beauty & Hygiene", "sub_category_name": "Health & Medicine", "product_name": "Disposable Finger Gloves", "product_brand": "KCL", "combo": []}, {"category": "Beauty & Hygiene", "sub_category_name": "Health & Medicine", "product_name": "Wildberry Flavoured Condoms", "product_brand": "Durex", "combo": []}, {"category": "Beauty & Hygiene", "sub_category_name": "Health & Medicine", "product_name": "Honeymoon Surprise Pack", "product_brand": "Kamasutra", "combo": []}, {"category": "Beauty & Hygiene", "sub_category_name": "Health & Medicine", "product_name": "Condoms - Extra Ribbed", "product_brand": "Durex", "combo": [["3 pcs", "64.80"], ["20x3's pack", "1296.00"], ["10x3's pack", "648.00"]]}, {"category": "Beauty & Hygiene", "sub_category_name": "Health & Medicine", "product_name": "Cotton Face Mask With Carry Pouch - Assorted", "product_brand": "eCoexist", "combo": []}, {"category": "Beauty & Hygiene", "sub_category_name": "Health & Medicine", "product_name": "Nature Care Isabgol - Regular (Relief from Constipation)", "product_brand": "Dabur Nature Care", "combo": []}, {"category": "Beauty & Hygiene", "sub_category_name": "Health & Medicine", "product_name": "Organic Capsules - Ashwagandha", "product_brand": "Herbalist", "combo": []}, {"category": "Beauty & Hygiene", "sub_category_name": "Health & Medicine", "product_name": "Wheat Grass Powder 100 g + Spirulina Powder 100 g", "product_brand": "By Nature", "combo": []}, {"category": "Beauty & Hygiene", "sub_category_name": "Health & Medicine", "product_name": "Honitus - Madhuvaani", "product_brand": "Dabur", "combo": []}, {"category": "Beauty & Hygiene", "sub_category_name": "Health & Medicine", "product_name": "Anti Viral Face Mask With 2 Filters - Black ith Smiley Print", "product_brand": "Smiley-Quick Dry", "combo": []}, {"category": "Beauty & Hygiene", "sub_category_name": "Health & Medicine", "product_name": "Anti Viral Face Mask With 2 Filters - White With Smiley Print", "product_brand": "Smiley-Quick Dry", "combo": []}, {"category": "Beauty & Hygiene", "sub_category_name": "Health & Medicine", "product_name": "Cough Drops", "product_brand": "Vicks", "combo": []}, {"category": "Beauty & Hygiene", "sub_category_name": "Health & Medicine", "product_name": "Ribbed Condoms", "product_brand": "Kamasutra", "combo": [["3x12 pcs", "288.00"], ["12 pcs", "96.00"], ["3 pcs", "30.00"], ["5x12 pcs", "480.00"]]}, {"category": "Beauty & Hygiene", "sub_category_name": "Health & Medicine", "product_name": "Organic Powder - Triphala", "product_brand": "Herbalist", "combo": []}, {"category": "Beauty & Hygiene", "sub_category_name": "Health & Medicine", "product_name": "Chyawanprash Awaleha - Chocolate Flavour", "product_brand": "Dabur", "combo": []}, {"category": "Beauty & Hygiene", "sub_category_name": "Health & Medicine", "product_name": "Play Lube- Sweet Strawberry", "product_brand": "Durex", "combo": [["50 ml", "403.75"], ["2x50 ml", "807.50"]]}, {"category": "Beauty & Hygiene", "sub_category_name": "Health & Medicine", "product_name": "Pain Relief Cream", "product_brand": "Moov", "combo": []}, {"category": "Beauty & Hygiene", "sub_category_name": "Health & Medicine", "product_name": "Aloe Vera Juice", "product_brand": "Brimune", "combo": [["500 ml", "275.00"], ["1 L", "500.00"]]}, {"category": "Beauty & Hygiene", "sub_category_name": "Health & Medicine", "product_name": "Organic Capsules - Mulethi, Licorice", "product_brand": "Herbalist", "combo": []}, {"category": "Beauty & Hygiene", "sub_category_name": "Health & Medicine", "product_name": "Relief Spray - Narayani Pain", "product_brand": "Vicco", "combo": []}, {"category": "Beauty & Hygiene", "sub_category_name": "Health & Medicine", "product_name": "Disposable Finger Gloves", "product_brand": "KCL", "combo": []}, {"category": "Beauty & Hygiene", "sub_category_name": "Health & Medicine", "product_name": "Wildberry Flavoured Condoms", "product_brand": "Durex", "combo": []}, {"category": "Beauty & Hygiene", "sub_category_name": "Health & Medicine", "product_name": "Honeymoon Surprise Pack", "product_brand": "Kamasutra", "combo": []}, {"category": "Beauty & Hygiene", "sub_category_name": "Health & Medicine", "product_name": "Condoms - Extra Ribbed", "product_brand": "Durex", "combo": [["3 pcs", "64.80"], ["20x3's pack", "1296.00"], ["10x3's pack", "648.00"]]}, {"category": "Beauty & Hygiene", "sub_category_name": "Health & Medicine", "product_name": "Cotton Face Mask With Carry Pouch - Assorted", "product_brand": "eCoexist", "combo": []}, {"category": "Beauty & Hygiene", "sub_category_name": "Health & Medicine", "product_name": "Nature Care Isabgol - Regular (Relief from Constipation)", "product_brand": "Dabur Nature Care", "combo": []}, {"category": "Beauty & Hygiene", "sub_category_name": "Health & Medicine", "product_name": "Organic Capsules - Ashwagandha", "product_brand": "Herbalist", "combo": []}, {"category": "Beauty & Hygiene", "sub_category_name": "Health & Medicine", "product_name": "Wheat Grass Powder 100 g + Spirulina Powder 100 g", "product_brand": "By Nature", "combo": []}, {"category": "Beauty & Hygiene", "sub_category_name": "Health & Medicine", "product_name": "Honitus - Madhuvaani", "product_brand": "Dabur", "combo": []}, {"category": "Beauty & Hygiene", "sub_category_name": "Health & Medicine", "product_name": "Anti Viral Face Mask With 2 Filters - Black ith Smiley Print", "product_brand": "Smiley-Quick Dry", "combo": []}, {"category": "Beauty & Hygiene", "sub_category_name": "Health & Medicine", "product_name": "Anti Viral Face Mask With 2 Filters - White With Smiley Print", "product_brand": "Smiley-Quick Dry", "combo": []}, {"category": "Beauty & Hygiene", "sub_category_name": "Health & Medicine", "product_name": "Cough Drops", "product_brand": "Vicks", "combo": []}, {"category": "Beauty & Hygiene", "sub_category_name": "Health & Medicine", "product_name": "Ribbed Condoms", "product_brand": "Kamasutra", "combo": [["3x12 pcs", "288.00"], ["12 pcs", "96.00"], ["3 pcs", "30.00"], ["5x12 pcs", "480.00"]]}, {"category": "Beauty & Hygiene", "sub_category_name": "Health & Medicine", "product_name": "Organic Powder - Triphala", "product_brand": "Herbalist", "combo": []}, {"category": "Beauty & Hygiene", "sub_category_name": "Health & Medicine", "product_name": "Chyawanprash Awaleha - Chocolate Flavour", "product_brand": "Dabur", "combo": []}, {"category": "Beauty & Hygiene", "sub_category_name": "Health & Medicine", "product_name": "Play Lube- Sweet Strawberry", "product_brand": "Durex", "combo": [["50 ml", "403.75"], ["2x50 ml", "807.50"]]}, {"category": "Beauty & Hygiene", "sub_category_name": "Health & Medicine", "product_name": "Pain Relief Cream", "product_brand": "Moov", "combo": []}, {"category": "Beauty & Hygiene", "sub_category_name": "Health & Medicine", "product_name": "Aloe Vera Juice", "product_brand": "Brimune", "combo": [["500 ml", "275.00"], ["1 L", "500.00"]]}, {"category": "Beauty & Hygiene", "sub_category_name": "Health & Medicine", "product_name": "Organic Capsules - Mulethi, Licorice", "product_brand": "Herbalist", "combo": []}, {"category": "Beauty & Hygiene", "sub_category_name": "Health & Medicine", "product_name": "Relief Spray - Narayani Pain", "product_brand": "Vicco", "combo": []}, {"category": "Beauty & Hygiene", "sub_category_name": "Health & Medicine", "product_name": "Disposable Finger Gloves", "product_brand": "KCL", "combo": []}, {"category": "Beauty & Hygiene", "sub_category_name": "Health & Medicine", "product_name": "Wildberry Flavoured Condoms", "product_brand": "Durex", "combo": []}, {"category": "Beauty & Hygiene", "sub_category_name": "Health & Medicine", "product_name": "Honeymoon Surprise Pack", "product_brand": "Kamasutra", "combo": []}, {"category": "Beauty & Hygiene", "sub_category_name": "Health & Medicine", "product_name": "Condoms - Extra Ribbed", "product_brand": "Durex", "combo": [["3 pcs", "64.80"], ["20x3's pack", "1296.00"], ["10x3's pack", "648.00"]]}, {"category": "Beauty & Hygiene", "sub_category_name": "Health & Medicine", "product_name": "Cotton Face Mask With Carry Pouch - Assorted", "product_brand": "eCoexist", "combo": []}, {"category": "Beauty & Hygiene", "sub_category_name": "Health & Medicine", "product_name": "Nature Care Isabgol - Regular (Relief from Constipation)", "product_brand": "Dabur Nature Care", "combo": []}, {"category": "Beauty & Hygiene", "sub_category_name": "Health & Medicine", "product_name": "Organic Capsules - Ashwagandha", "product_brand": "Herbalist", "combo": []}, {"category": "Beauty & Hygiene", "sub_category_name": "Health & Medicine", "product_name": "Wheat Grass Powder 100 g + Spirulina Powder 100 g", "product_brand": "By Nature", "combo": []}, {"category": "Beauty & Hygiene", "sub_category_name": "Health & Medicine", "product_name": "Honitus - Madhuvaani", "product_brand": "Dabur", "combo": []}, {"category": "Beauty & Hygiene", "sub_category_name": "Health & Medicine", "product_name": "Anti Viral Face Mask With 2 Filters - Black ith Smiley Print", "product_brand": "Smiley-Quick Dry", "combo": []}, {"category": "Beauty & Hygiene", "sub_category_name": "Health & Medicine", "product_name": "Anti Viral Face Mask With 2 Filters - White With Smiley Print", "product_brand": "Smiley-Quick Dry", "combo": []}, {"category": "Beauty & Hygiene", "sub_category_name": "Health & Medicine", "product_name": "Cough Drops", "product_brand": "Vicks", "combo": []}, {"category": "Beauty & Hygiene", "sub_category_name": "Health & Medicine", "product_name": "Ribbed Condoms", "product_brand": "Kamasutra", "combo": [["3x12 pcs", "288.00"], ["12 pcs", "96.00"], ["3 pcs", "30.00"], ["5x12 pcs", "480.00"]]}, {"category": "Beauty & Hygiene", "sub_category_name": "Health & Medicine", "product_name": "Organic Powder - Triphala", "product_brand": "Herbalist", "combo": []}, {"category": "Beauty & Hygiene", "sub_category_name": "Health & Medicine", "product_name": "Chyawanprash Awaleha - Chocolate Flavour", "product_brand": "Dabur", "combo": []}, {"category": "Beauty & Hygiene", "sub_category_name": "Health & Medicine", "product_name": "Play Lube- Sweet Strawberry", "product_brand": "Durex", "combo": [["50 ml", "403.75"], ["2x50 ml", "807.50"]]}, {"category": "Beauty & Hygiene", "sub_category_name": "Health & Medicine", "product_name": "Pain Relief Cream", "product_brand": "Moov", "combo": []}, {"category": "Beauty & Hygiene", "sub_category_name": "Health & Medicine", "product_name": "Aloe Vera Juice", "product_brand": "Brimune", "combo": [["500 ml", "275.00"], ["1 L", "500.00"]]}, {"category": "Beauty & Hygiene", "sub_category_name": "Health & Medicine", "product_name": "Organic Capsules - Mulethi, Licorice", "product_brand": "Herbalist", "combo": []}, {"category": "Beauty & Hygiene", "sub_category_name": "Health & Medicine", "product_name": "Relief Spray - Narayani Pain", "product_brand": "Vicco", "combo": []}, {"category": "Beauty & Hygiene", "sub_category_name": "Health & Medicine", "product_name": "Disposable Finger Gloves", "product_brand": "KCL", "combo": []}, {"category": "Beauty & Hygiene", "sub_category_name": "Health & Medicine", "product_name": "Wildberry Flavoured Condoms", "product_brand": "Durex", "combo": []}, {"category": "Beauty & Hygiene", "sub_category_name": "Health & Medicine", "product_name": "Honeymoon Surprise Pack", "product_brand": "Kamasutra", "combo": []}, {"category": "Beauty & Hygiene", "sub_category_name": "Health & Medicine", "product_name": "Condoms - Extra Ribbed", "product_brand": "Durex", "combo": [["3 pcs", "64.80"], ["20x3's pack", "1296.00"], ["10x3's pack", "648.00"]]}, {"category": "Beauty & Hygiene", "sub_category_name": "Health & Medicine", "product_name": "Cotton Face Mask With Carry Pouch - Assorted", "product_brand": "eCoexist", "combo": []}, {"category": "Beauty & Hygiene", "sub_category_name": "Health & Medicine", "product_name": "Nature Care Isabgol - Regular (Relief from Constipation)", "product_brand": "Dabur Nature Care", "combo": []}, {"category": "Beauty & Hygiene", "sub_category_name": "Health & Medicine", "product_name": "Organic Capsules - Ashwagandha", "product_brand": "Herbalist", "combo": []}, {"category": "Beauty & Hygiene", "sub_category_name": "Health & Medicine", "product_name": "Wheat Grass Powder 100 g + Spirulina Powder 100 g", "product_brand": "By Nature", "combo": []}, {"category": "Beauty & Hygiene", "sub_category_name": "Health & Medicine", "product_name": "Honitus - Madhuvaani", "product_brand": "Dabur", "combo": []}, {"category": "Beauty & Hygiene", "sub_category_name": "Health & Medicine", "product_name": "Anti Viral Face Mask With 2 Filters - Black ith Smiley Print", "product_brand": "Smiley-Quick Dry", "combo": []}, {"category": "Beauty & Hygiene", "sub_category_name": "Health & Medicine", "product_name": "Anti Viral Face Mask With 2 Filters - White With Smiley Print", "product_brand": "Smiley-Quick Dry", "combo": []}, {"category": "Beauty & Hygiene", "sub_category_name": "Health & Medicine", "product_name": "Cough Drops", "product_brand": "Vicks", "combo": []}, {"category": "Beauty & Hygiene", "sub_category_name": "Health & Medicine", "product_name": "Arjuna - Cardiac Care, 500 mg", "product_brand": "Sri Sri Tattva", "combo": []}, {"category": "Beauty & Hygiene", "sub_category_name": "Health & Medicine", "product_name": "Ashwagandhadi Tablet, 500 mg", "product_brand": "Sri Sri Tattva", "combo": []}, {"category": "Beauty & Hygiene", "sub_category_name": "Health & Medicine", "product_name": "Chitrakadi Gutika - Chronic Treatment, 250 mg", "product_brand": "Sri Sri Tattva", "combo": []}, {"category": "Beauty & Hygiene", "sub_category_name": "Health & Medicine", "product_name": "Chyawanprash - Herbal Immunity Booster", "product_brand": "Sri Sri Tattva", "combo": []}, {"category": "Beauty & Hygiene", "sub_category_name": "Health & Medicine", "product_name": "Dhatri Lauha - Iron Supplement, 300mg", "product_brand": "Sri Sri Tattva", "combo": []}, {"category": "Beauty & Hygiene", "sub_category_name": "Health & Medicine", "product_name": "Gulmahara Arka", "product_brand": "Sri Sri Tattva", "combo": []}, {"category": "Beauty & Hygiene", "sub_category_name": "Health & Medicine", "product_name": "Haridra Khanda Churna - Anti Allergic", "product_brand": "Sri Sri Tattva", "combo": []}, {"category": "Beauty & Hygiene", "sub_category_name": "Health & Medicine", "product_name": "Haritaki - Digestive Aid, 500mg", "product_brand": "Sri Sri Tattva", "combo": []}, {"category": "Beauty & Hygiene", "sub_category_name": "Health & Medicine", "product_name": "Jantughna Vati - Anti Infection, 500mg", "product_brand": "Sri Sri Tattva", "combo": []}, {"category": "Beauty & Hygiene", "sub_category_name": "Health & Medicine", "product_name": "Jvara Keerti Vati - Fever, 500mg", "product_brand": "Sri Sri Tattva", "combo": []}, {"category": "Beauty & Hygiene", "sub_category_name": "Health & Medicine", "product_name": "Kanchanara Guggulu - 500 mg", "product_brand": "Sri Sri Tattva", "combo": []}, {"category": "Beauty & Hygiene", "sub_category_name": "Health & Medicine", "product_name": "Kasahara Vati - Cough, 250mg", "product_brand": "Sri Sri Tattva", "combo": []}, {"category": "Beauty & Hygiene", "sub_category_name": "Health & Medicine", "product_name": "Mehantaka Vati - Blood Sugar Control, 1000 mg", "product_brand": "Sri Sri Tattva", "combo": []}, {"category": "Beauty & Hygiene", "sub_category_name": "Health & Medicine", "product_name": "Navahridaya Kalpa, 500mg", "product_brand": "Sri Sri Tattva", "combo": []}, {"category": "Beauty & Hygiene", "sub_category_name": "Health & Medicine", "product_name": "Neem Tablet - Complete Skin Care, 300mg", "product_brand": "Sri Sri Tattva", "combo": []}, {"category": "Beauty & Hygiene", "sub_category_name": "Health & Medicine", "product_name": "Nishamlaki Tablet, 500mg", "product_brand": "Sri Sri Tattva", "combo": []}, {"category": "Beauty & Hygiene", "sub_category_name": "Health & Medicine", "product_name": "Super Seni Plus Breathable Adult Diapers - Small", "product_brand": "Seni", "combo": []}, {"category": "Beauty & Hygiene", "sub_category_name": "Health & Medicine", "product_name": "Super Seni Plus Breathable Adult Diapers - Medium", "product_brand": "Seni", "combo": []}, {"category": "Beauty & Hygiene", "sub_category_name": "Health & Medicine", "product_name": "Super Seni Plus Breathable Adult Diapers - X-Large", "product_brand": "Seni", "combo": []}, {"category": "Beauty & Hygiene", "sub_category_name": "Health & Medicine", "product_name": "ALKA 5 Syrup - Much More Than An Alkaliser", "product_brand": "Charak", "combo": []}, {"category": "Beauty & Hygiene", "sub_category_name": "Health & Medicine", "product_name": "Arjuna - Cardiac Care, 500 mg", "product_brand": "Sri Sri Tattva", "combo": []}, {"category": "Beauty & Hygiene", "sub_category_name": "Health & Medicine", "product_name": "Ashwagandhadi Tablet, 500 mg", "product_brand": "Sri Sri Tattva", "combo": []}, {"category": "Beauty & Hygiene", "sub_category_name": "Health & Medicine", "product_name": "Chitrakadi Gutika - Chronic Treatment, 250 mg", "product_brand": "Sri Sri Tattva", "combo": []}, {"category": "Beauty & Hygiene", "sub_category_name": "Health & Medicine", "product_name": "Chyawanprash - Herbal Immunity Booster", "product_brand": "Sri Sri Tattva", "combo": []}, {"category": "Beauty & Hygiene", "sub_category_name": "Health & Medicine", "product_name": "Dhatri Lauha - Iron Supplement, 300mg", "product_brand": "Sri Sri Tattva", "combo": []}, {"category": "Beauty & Hygiene", "sub_category_name": "Health & Medicine", "product_name": "Gulmahara Arka", "product_brand": "Sri Sri Tattva", "combo": []}, {"category": "Beauty & Hygiene", "sub_category_name": "Health & Medicine", "product_name": "Haridra Khanda Churna - Anti Allergic", "product_brand": "Sri Sri Tattva", "combo": []}, {"category": "Beauty & Hygiene", "sub_category_name": "Health & Medicine", "product_name": "Haritaki - Digestive Aid, 500mg", "product_brand": "Sri Sri Tattva", "combo": []}, {"category": "Beauty & Hygiene", "sub_category_name": "Health & Medicine", "product_name": "Jantughna Vati - Anti Infection, 500mg", "product_brand": "Sri Sri Tattva", "combo": []}, {"category": "Beauty & Hygiene", "sub_category_name": "Health & Medicine", "product_name": "Jvara Keerti Vati - Fever, 500mg", "product_brand": "Sri Sri Tattva", "combo": []}, {"category": "Beauty & Hygiene", "sub_category_name": "Health & Medicine", "product_name": "Kanchanara Guggulu - 500 mg", "product_brand": "Sri Sri Tattva", "combo": []}, {"category": "Beauty & Hygiene", "sub_category_name": "Health & Medicine", "product_name": "Kasahara Vati - Cough, 250mg", "product_brand": "Sri Sri Tattva", "combo": []}, {"category": "Beauty & Hygiene", "sub_category_name": "Health & Medicine", "product_name": "Mehantaka Vati - Blood Sugar Control, 1000 mg", "product_brand": "Sri Sri Tattva", "combo": []}, {"category": "Beauty & Hygiene", "sub_category_name": "Health & Medicine", "product_name": "Navahridaya Kalpa, 500mg", "product_brand": "Sri Sri Tattva", "combo": []}, {"category": "Beauty & Hygiene", "sub_category_name": "Health & Medicine", "product_name": "Neem Tablet - Complete Skin Care, 300mg", "product_brand": "Sri Sri Tattva", "combo": []}, {"category": "Beauty & Hygiene", "sub_category_name": "Health & Medicine", "product_name": "Nishamlaki Tablet, 500mg", "product_brand": "Sri Sri Tattva", "combo": []}, {"category": "Beauty & Hygiene", "sub_category_name": "Health & Medicine", "product_name": "Super Seni Plus Breathable Adult Diapers - Small", "product_brand": "Seni", "combo": []}, {"category": "Beauty & Hygiene", "sub_category_name": "Health & Medicine", "product_name": "Super Seni Plus Breathable Adult Diapers - Medium", "product_brand": "Seni", "combo": []}, {"category": "Beauty & Hygiene", "sub_category_name": "Health & Medicine", "product_name": "Super Seni Plus Breathable Adult Diapers - X-Large", "product_brand": "Seni", "combo": []}, {"category": "Beauty & Hygiene", "sub_category_name": "Health & Medicine", "product_name": "ALKA 5 Syrup - Much More Than An Alkaliser", "product_brand": "Charak", "combo": []}, {"category": "Beauty & Hygiene", "sub_category_name": "Health & Medicine", "product_name": "ALSAREX Tablets - A Comprehensive Remedy For Acid Peptic Disorders", "product_brand": "Charak", "combo": []}, {"category": "Beauty & Hygiene", "sub_category_name": "Health & Medicine", "product_name": "APTIZOOOM Syrup - The Natural Appetite Booster", "product_brand": "Charak", "combo": []}, {"category": "Beauty & Hygiene", "sub_category_name": "Health & Medicine", "product_name": "ARJUNIN Capsules -The Cardiac Tonic", "product_brand": "Charak", "combo": []}, {"category": "Beauty & Hygiene", "sub_category_name": "Health & Medicine", "product_name": "ARTHRELLA Tablets - Herbal Support For Rheumatoid Arthritis", "product_brand": "Charak", "combo": []}, {"category": "Beauty & Hygiene", "sub_category_name": "Health & Medicine", "product_name": "AUTOZYME Tablets - A Natural Remedy To Improve Digestion", "product_brand": "Charak", "combo": []}, {"category": "Beauty & Hygiene", "sub_category_name": "Health & Medicine", "product_name": "CALCURY Tablets - Flushes Out Calculi & Prevents Recurrence", "product_brand": "Charak", "combo": []}, {"category": "Beauty & Hygiene", "sub_category_name": "Health & Medicine", "product_name": "CALCURY Tablets - Flushes Out Calculi And Prevents Recurrence", "product_brand": "Charak", "combo": []}, {"category": "Beauty & Hygiene", "sub_category_name": "Health & Medicine", "product_name": "CEPHAGRAINE Tablets - The Natural Therapy For Sinusitis & Migraine", "product_brand": "Charak", "combo": []}, {"category": "Beauty & Hygiene", "sub_category_name": "Health & Medicine", "product_name": "COGNIUM Tablets - Helps Improve Memory, Concentration And Attention", "product_brand": "Charak", "combo": []}, {"category": "Beauty & Hygiene", "sub_category_name": "Health & Medicine", "product_name": "ENDOTONE Capsules - Reduces The Pain Associated With Endometriosis", "product_brand": "Charak", "combo": []}, {"category": "Beauty & Hygiene", "sub_category_name": "Health & Medicine", "product_name": "EXTRAMMUNE Syrup - A Natural Bodyguard To Boost Immunity", "product_brand": "Charak", "combo": []}, {"category": "Beauty & Hygiene", "sub_category_name": "Health & Medicine", "product_name": "EXTRAMMUNE Tablets - A Natural Bodyguard To Boost Immunity", "product_brand": "Charak", "combo": []}, {"category": "Beauty & Hygiene", "sub_category_name": "Health & Medicine", "product_name": "FEMIFORTE Tablets - A Safe & Effective Approach For Leucorrhoea", "product_brand": "Charak", "combo": []}, {"category": "Beauty & Hygiene", "sub_category_name": "Health & Medicine", "product_name": "FEMIPLEX Gel - For Recurrent Vaginal Infections", "product_brand": "Charak", "combo": []}, {"category": "Beauty & Hygiene", "sub_category_name": "Health & Medicine", "product_name": "FEMIPLEX Tablet - A Safe & Effective Approach For Recurrent Vaginitis", "product_brand": "Charak", "combo": []}, {"category": "Beauty & Hygiene", "sub_category_name": "Health & Medicine", "product_name": "GALAKOL Granules - The natural Galactogogue", "product_brand": "Charak", "combo": []}, {"category": "Beauty & Hygiene", "sub_category_name": "Health & Medicine", "product_name": "GALAKOL Tablets - The Natural Galactogogue", "product_brand": "Charak", "combo": []}, {"category": "Beauty & Hygiene", "sub_category_name": "Health & Medicine", "product_name": "Spirulina Powder", "product_brand": "NUTRIWISH", "combo": []}, {"category": "Beauty & Hygiene", "sub_category_name": "Health & Medicine", "product_name": "Chandraprabha Vati - Rejuvinator, 300 mg", "product_brand": "Sri Sri Tattva", "combo": []}, {"category": "Beauty & Hygiene", "sub_category_name": "Health & Medicine", "product_name": "Hot Water Bag - Natural Rubber, BPA Free, BB1548", "product_brand": "DP", "combo": []}, {"category": "Beauty & Hygiene", "sub_category_name": "Health & Medicine", "product_name": "Arjuna - Cardiac Care, 500 mg", "product_brand": "Sri Sri Tattva", "combo": []}, {"category": "Beauty & Hygiene", "sub_category_name": "Health & Medicine", "product_name": "Ashwagandhadi Tablet, 500 mg", "product_brand": "Sri Sri Tattva", "combo": []}, {"category": "Beauty & Hygiene", "sub_category_name": "Health & Medicine", "product_name": "Chitrakadi Gutika - Chronic Treatment, 250 mg", "product_brand": "Sri Sri Tattva", "combo": []}, {"category": "Beauty & Hygiene", "sub_category_name": "Health & Medicine", "product_name": "Chyawanprash - Herbal Immunity Booster", "product_brand": "Sri Sri Tattva", "combo": []}, {"category": "Beauty & Hygiene", "sub_category_name": "Health & Medicine", "product_name": "Dhatri Lauha - Iron Supplement, 300mg", "product_brand": "Sri Sri Tattva", "combo": []}, {"category": "Beauty & Hygiene", "sub_category_name": "Health & Medicine", "product_name": "Gulmahara Arka", "product_brand": "Sri Sri Tattva", "combo": []}, {"category": "Beauty & Hygiene", "sub_category_name": "Health & Medicine", "product_name": "Haridra Khanda Churna - Anti Allergic", "product_brand": "Sri Sri Tattva", "combo": []}, {"category": "Beauty & Hygiene", "sub_category_name": "Health & Medicine", "product_name": "Haritaki - Digestive Aid, 500mg", "product_brand": "Sri Sri Tattva", "combo": []}, {"category": "Beauty & Hygiene", "sub_category_name": "Health & Medicine", "product_name": "Jantughna Vati - Anti Infection, 500mg", "product_brand": "Sri Sri Tattva", "combo": []}, {"category": "Beauty & Hygiene", "sub_category_name": "Health & Medicine", "product_name": "Jvara Keerti Vati - Fever, 500mg", "product_brand": "Sri Sri Tattva", "combo": []}, {"category": "Beauty & Hygiene", "sub_category_name": "Health & Medicine", "product_name": "Kanchanara Guggulu - 500 mg", "product_brand": "Sri Sri Tattva", "combo": []}, {"category": "Beauty & Hygiene", "sub_category_name": "Health & Medicine", "product_name": "Kasahara Vati - Cough, 250mg", "product_brand": "Sri Sri Tattva", "combo": []}, {"category": "Beauty & Hygiene", "sub_category_name": "Health & Medicine", "product_name": "Mehantaka Vati - Blood Sugar Control, 1000 mg", "product_brand": "Sri Sri Tattva", "combo": []}, {"category": "Beauty & Hygiene", "sub_category_name": "Health & Medicine", "product_name": "Navahridaya Kalpa, 500mg", "product_brand": "Sri Sri Tattva", "combo": []}, {"category": "Beauty & Hygiene", "sub_category_name": "Health & Medicine", "product_name": "Neem Tablet - Complete Skin Care, 300mg", "product_brand": "Sri Sri Tattva", "combo": []}, {"category": "Beauty & Hygiene", "sub_category_name": "Health & Medicine", "product_name": "Nishamlaki Tablet, 500mg", "product_brand": "Sri Sri Tattva", "combo": []}, {"category": "Beauty & Hygiene", "sub_category_name": "Health & Medicine", "product_name": "Super Seni Plus Breathable Adult Diapers - Small", "product_brand": "Seni", "combo": []}, {"category": "Beauty & Hygiene", "sub_category_name": "Health & Medicine", "product_name": "Super Seni Plus Breathable Adult Diapers - Medium", "product_brand": "Seni", "combo": []}, {"category": "Beauty & Hygiene", "sub_category_name": "Health & Medicine", "product_name": "Super Seni Plus Breathable Adult Diapers - X-Large", "product_brand": "Seni", "combo": []}, {"category": "Beauty & Hygiene", "sub_category_name": "Health & Medicine", "product_name": "ALKA 5 Syrup - Much More Than An Alkaliser", "product_brand": "Charak", "combo": []}, {"category": "Beauty & Hygiene", "sub_category_name": "Health & Medicine", "product_name": "Arjuna - Cardiac Care, 500 mg", "product_brand": "Sri Sri Tattva", "combo": []}, {"category": "Beauty & Hygiene", "sub_category_name": "Health & Medicine", "product_name": "Ashwagandhadi Tablet, 500 mg", "product_brand": "Sri Sri Tattva", "combo": []}, {"category": "Beauty & Hygiene", "sub_category_name": "Health & Medicine", "product_name": "Chitrakadi Gutika - Chronic Treatment, 250 mg", "product_brand": "Sri Sri Tattva", "combo": []}, {"category": "Beauty & Hygiene", "sub_category_name": "Health & Medicine", "product_name": "Chyawanprash - Herbal Immunity Booster", "product_brand": "Sri Sri Tattva", "combo": []}, {"category": "Beauty & Hygiene", "sub_category_name": "Health & Medicine", "product_name": "Dhatri Lauha - Iron Supplement, 300mg", "product_brand": "Sri Sri Tattva", "combo": []}, {"category": "Beauty & Hygiene", "sub_category_name": "Health & Medicine", "product_name": "Gulmahara Arka", "product_brand": "Sri Sri Tattva", "combo": []}, {"category": "Beauty & Hygiene", "sub_category_name": "Health & Medicine", "product_name": "Haridra Khanda Churna - Anti Allergic", "product_brand": "Sri Sri Tattva", "combo": []}, {"category": "Beauty & Hygiene", "sub_category_name": "Health & Medicine", "product_name": "Haritaki - Digestive Aid, 500mg", "product_brand": "Sri Sri Tattva", "combo": []}, {"category": "Beauty & Hygiene", "sub_category_name": "Health & Medicine", "product_name": "Jantughna Vati - Anti Infection, 500mg", "product_brand": "Sri Sri Tattva", "combo": []}, {"category": "Beauty & Hygiene", "sub_category_name": "Health & Medicine", "product_name": "Jvara Keerti Vati - Fever, 500mg", "product_brand": "Sri Sri Tattva", "combo": []}, {"category": "Beauty & Hygiene", "sub_category_name": "Health & Medicine", "product_name": "Kanchanara Guggulu - 500 mg", "product_brand": "Sri Sri Tattva", "combo": []}, {"category": "Beauty & Hygiene", "sub_category_name": "Health & Medicine", "product_name": "Kasahara Vati - Cough, 250mg", "product_brand": "Sri Sri Tattva", "combo": []}, {"category": "Beauty & Hygiene", "sub_category_name": "Health & Medicine", "product_name": "Mehantaka Vati - Blood Sugar Control, 1000 mg", "product_brand": "Sri Sri Tattva", "combo": []}, {"category": "Beauty & Hygiene", "sub_category_name": "Health & Medicine", "product_name": "Navahridaya Kalpa, 500mg", "product_brand": "Sri Sri Tattva", "combo": []}, {"category": "Beauty & Hygiene", "sub_category_name": "Health & Medicine", "product_name": "Neem Tablet - Complete Skin Care, 300mg", "product_brand": "Sri Sri Tattva", "combo": []}, {"category": "Beauty & Hygiene", "sub_category_name": "Health & Medicine", "product_name": "Nishamlaki Tablet, 500mg", "product_brand": "Sri Sri Tattva", "combo": []}, {"category": "Beauty & Hygiene", "sub_category_name": "Health & Medicine", "product_name": "Super Seni Plus Breathable Adult Diapers - Small", "product_brand": "Seni", "combo": []}, {"category": "Beauty & Hygiene", "sub_category_name": "Health & Medicine", "product_name": "Super Seni Plus Breathable Adult Diapers - Medium", "product_brand": "Seni", "combo": []}, {"category": "Beauty & Hygiene", "sub_category_name": "Health & Medicine", "product_name": "Super Seni Plus Breathable Adult Diapers - X-Large", "product_brand": "Seni", "combo": []}, {"category": "Beauty & Hygiene", "sub_category_name": "Health & Medicine", "product_name": "ALKA 5 Syrup - Much More Than An Alkaliser", "product_brand": "Charak", "combo": []}, {"category": "Beauty & Hygiene", "sub_category_name": "Health & Medicine", "product_name": "Grahyavati Pills - Treatment For Intestinal Ailments", "product_brand": "Dr. Vaidya's", "combo": []}, {"category": "Beauty & Hygiene", "sub_category_name": "Health & Medicine", "product_name": "Herbocharm Powder - Ayurvedic Facepack", "product_brand": "Dr. Vaidya's", "combo": []}, {"category": "Beauty & Hygiene", "sub_category_name": "Health & Medicine", "product_name": "Huff 'N' Kuff Syrup", "product_brand": "Dr. Vaidya's", "combo": []}, {"category": "Beauty & Hygiene", "sub_category_name": "Health & Medicine", "product_name": "Herbopile Pills - Relief From Piles", "product_brand": "Dr. Vaidya's", "combo": []}, {"category": "Beauty & Hygiene", "sub_category_name": "Health & Medicine", "product_name": "Kabaj Churna", "product_brand": "Dr. Vaidya's", "combo": []}, {"category": "Beauty & Hygiene", "sub_category_name": "Health & Medicine", "product_name": "Punarnava Pills", "product_brand": "Dr. Vaidya's", "combo": []}, {"category": "Beauty & Hygiene", "sub_category_name": "Health & Medicine", "product_name": "Swasaghna Pills", "product_brand": "Dr. Vaidya's", "combo": []}, {"category": "Beauty & Hygiene", "sub_category_name": "Health & Medicine", "product_name": "Unmadvati Pills", "product_brand": "Dr. Vaidya's", "combo": []}, {"category": "Beauty & Hygiene", "sub_category_name": "Health & Medicine", "product_name": "Herbaal Hair Cleanser", "product_brand": "Dr. Vaidya's", "combo": []}, {"category": "Beauty & Hygiene", "sub_category_name": "Health & Medicine", "product_name": "LIVitup! - Hangover Shield, Party Pack", "product_brand": "Dr. Vaidya's", "combo": []}, {"category": "Beauty & Hygiene", "sub_category_name": "Health & Medicine", "product_name": "Organic Ajamoda Arka - Digestive Aid", "product_brand": "Sri Sri Tattva", "combo": []}, {"category": "Beauty & Hygiene", "sub_category_name": "Health & Medicine", "product_name": "2 Ply Reusable Printed Face Mask - Assorted", "product_brand": "Shipra Commercial Pvt. Ltd.", "combo": [["5x3 pcs", "466.29"], ["10x3 pcs", "891.00"], ["3 pcs", "99.00"]]}, {"category": "Beauty & Hygiene", "sub_category_name": "Health & Medicine", "product_name": "Diabex Pills - Relief From Diabetes", "product_brand": "Dr. Vaidya's", "combo": []}, {"category": "Beauty & Hygiene", "sub_category_name": "Health & Medicine", "product_name": "HYPONIDD Tablet - An Ideal Complement To Anti-diabetic Regimen", "product_brand": "Charak", "combo": []}, {"category": "Beauty & Hygiene", "sub_category_name": "Health & Medicine", "product_name": "Kofol Sugar Free Syrup - A Natural Remedy To Relieve Cough", "product_brand": "Charak", "combo": []}, {"category": "Beauty & Hygiene", "sub_category_name": "Health & Medicine", "product_name": "Ostolief Tablets - An Effective Chondro-Protective & Anti-osteoarthritic Solution", "product_brand": "Charak", "combo": []}, {"category": "Beauty & Hygiene", "sub_category_name": "Health & Medicine", "product_name": "CHROPAXE Tablets - A Natural Chronic Pain Reliever", "product_brand": "Charak", "combo": []}, {"category": "Beauty & Hygiene", "sub_category_name": "Health & Medicine", "product_name": "Rasanadi Vati - 500 mg", "product_brand": "Sri Sri Tattva", "combo": []}, {"category": "Beauty & Hygiene", "sub_category_name": "Health & Medicine", "product_name": "CYTOZEN Capsules - The Comprehensive Liver Protector", "product_brand": "Charak", "combo": []}, {"category": "Beauty & Hygiene", "sub_category_name": "Health & Medicine", "product_name": "Hajmola Maha Candy - Aam+Imli", "product_brand": "Dabur", "combo": []}, {"category": "Beauty & Hygiene", "sub_category_name": "Health & Medicine", "product_name": "Grahyavati Pills - Treatment For Intestinal Ailments", "product_brand": "Dr. Vaidya's", "combo": []}, {"category": "Beauty & Hygiene", "sub_category_name": "Health & Medicine", "product_name": "Herbocharm Powder - Ayurvedic Facepack", "product_brand": "Dr. Vaidya's", "combo": []}, {"category": "Beauty & Hygiene", "sub_category_name": "Health & Medicine", "product_name": "Huff 'N' Kuff Syrup", "product_brand": "Dr. Vaidya's", "combo": []}, {"category": "Beauty & Hygiene", "sub_category_name": "Health & Medicine", "product_name": "Herbopile Pills - Relief From Piles", "product_brand": "Dr. Vaidya's", "combo": []}, {"category": "Beauty & Hygiene", "sub_category_name": "Health & Medicine", "product_name": "Kabaj Churna", "product_brand": "Dr. Vaidya's", "combo": []}, {"category": "Beauty & Hygiene", "sub_category_name": "Health & Medicine", "product_name": "Punarnava Pills", "product_brand": "Dr. Vaidya's", "combo": []}, {"category": "Beauty & Hygiene", "sub_category_name": "Health & Medicine", "product_name": "Swasaghna Pills", "product_brand": "Dr. Vaidya's", "combo": []}, {"category": "Beauty & Hygiene", "sub_category_name": "Health & Medicine", "product_name": "Unmadvati Pills", "product_brand": "Dr. Vaidya's", "combo": []}, {"category": "Beauty & Hygiene", "sub_category_name": "Health & Medicine", "product_name": "Herbaal Hair Cleanser", "product_brand": "Dr. Vaidya's", "combo": []}, {"category": "Beauty & Hygiene", "sub_category_name": "Health & Medicine", "product_name": "LIVitup! - Hangover Shield, Party Pack", "product_brand": "Dr. Vaidya's", "combo": []}, {"category": "Beauty & Hygiene", "sub_category_name": "Health & Medicine", "product_name": "Organic Ajamoda Arka - Digestive Aid", "product_brand": "Sri Sri Tattva", "combo": []}, {"category": "Beauty & Hygiene", "sub_category_name": "Health & Medicine", "product_name": "2 Ply Reusable Printed Face Mask - Assorted", "product_brand": "Shipra Commercial Pvt. Ltd.", "combo": [["5x3 pcs", "466.29"], ["10x3 pcs", "891.00"], ["3 pcs", "99.00"]]}, {"category": "Beauty & Hygiene", "sub_category_name": "Health & Medicine", "product_name": "Diabex Pills - Relief From Diabetes", "product_brand": "Dr. Vaidya's", "combo": []}, {"category": "Beauty & Hygiene", "sub_category_name": "Health & Medicine", "product_name": "HYPONIDD Tablet - An Ideal Complement To Anti-diabetic Regimen", "product_brand": "Charak", "combo": []}, {"category": "Beauty & Hygiene", "sub_category_name": "Health & Medicine", "product_name": "Kofol Sugar Free Syrup - A Natural Remedy To Relieve Cough", "product_brand": "Charak", "combo": []}, {"category": "Beauty & Hygiene", "sub_category_name": "Health & Medicine", "product_name": "Ostolief Tablets - An Effective Chondro-Protective & Anti-osteoarthritic Solution", "product_brand": "Charak", "combo": []}, {"category": "Beauty & Hygiene", "sub_category_name": "Health & Medicine", "product_name": "CHROPAXE Tablets - A Natural Chronic Pain Reliever", "product_brand": "Charak", "combo": []}, {"category": "Beauty & Hygiene", "sub_category_name": "Health & Medicine", "product_name": "Rasanadi Vati - 500 mg", "product_brand": "Sri Sri Tattva", "combo": []}, {"category": "Beauty & Hygiene", "sub_category_name": "Health & Medicine", "product_name": "CYTOZEN Capsules - The Comprehensive Liver Protector", "product_brand": "Charak", "combo": []}, {"category": "Beauty & Hygiene", "sub_category_name": "Health & Medicine", "product_name": "Hajmola Maha Candy - Aam+Imli", "product_brand": "Dabur", "combo": []}, {"category": "Beauty & Hygiene", "sub_category_name": "Health & Medicine", "product_name": "Grahyavati Pills - Treatment For Intestinal Ailments", "product_brand": "Dr. Vaidya's", "combo": []}, {"category": "Beauty & Hygiene", "sub_category_name": "Health & Medicine", "product_name": "Herbocharm Powder - Ayurvedic Facepack", "product_brand": "Dr. Vaidya's", "combo": []}, {"category": "Beauty & Hygiene", "sub_category_name": "Health & Medicine", "product_name": "Huff 'N' Kuff Syrup", "product_brand": "Dr. Vaidya's", "combo": []}, {"category": "Beauty & Hygiene", "sub_category_name": "Health & Medicine", "product_name": "Herbopile Pills - Relief From Piles", "product_brand": "Dr. Vaidya's", "combo": []}, {"category": "Beauty & Hygiene", "sub_category_name": "Health & Medicine", "product_name": "Kabaj Churna", "product_brand": "Dr. Vaidya's", "combo": []}, {"category": "Beauty & Hygiene", "sub_category_name": "Health & Medicine", "product_name": "Punarnava Pills", "product_brand": "Dr. Vaidya's", "combo": []}, {"category": "Beauty & Hygiene", "sub_category_name": "Health & Medicine", "product_name": "Swasaghna Pills", "product_brand": "Dr. Vaidya's", "combo": []}, {"category": "Beauty & Hygiene", "sub_category_name": "Health & Medicine", "product_name": "Unmadvati Pills", "product_brand": "Dr. Vaidya's", "combo": []}, {"category": "Beauty & Hygiene", "sub_category_name": "Health & Medicine", "product_name": "Herbaal Hair Cleanser", "product_brand": "Dr. Vaidya's", "combo": []}, {"category": "Beauty & Hygiene", "sub_category_name": "Health & Medicine", "product_name": "LIVitup! - Hangover Shield, Party Pack", "product_brand": "Dr. Vaidya's", "combo": []}, {"category": "Beauty & Hygiene", "sub_category_name": "Health & Medicine", "product_name": "Organic Ajamoda Arka - Digestive Aid", "product_brand": "Sri Sri Tattva", "combo": []}, {"category": "Beauty & Hygiene", "sub_category_name": "Health & Medicine", "product_name": "2 Ply Reusable Printed Face Mask - Assorted", "product_brand": "Shipra Commercial Pvt. Ltd.", "combo": [["5x3 pcs", "466.29"], ["10x3 pcs", "891.00"], ["3 pcs", "99.00"]]}, {"category": "Beauty & Hygiene", "sub_category_name": "Health & Medicine", "product_name": "Diabex Pills - Relief From Diabetes", "product_brand": "Dr. Vaidya's", "combo": []}, {"category": "Beauty & Hygiene", "sub_category_name": "Health & Medicine", "product_name": "HYPONIDD Tablet - An Ideal Complement To Anti-diabetic Regimen", "product_brand": "Charak", "combo": []}, {"category": "Beauty & Hygiene", "sub_category_name": "Health & Medicine", "product_name": "Kofol Sugar Free Syrup - A Natural Remedy To Relieve Cough", "product_brand": "Charak", "combo": []}, {"category": "Beauty & Hygiene", "sub_category_name": "Health & Medicine", "product_name": "Ostolief Tablets - An Effective Chondro-Protective & Anti-osteoarthritic Solution", "product_brand": "Charak", "combo": []}, {"category": "Beauty & Hygiene", "sub_category_name": "Health & Medicine", "product_name": "CHROPAXE Tablets - A Natural Chronic Pain Reliever", "product_brand": "Charak", "combo": []}, {"category": "Beauty & Hygiene", "sub_category_name": "Health & Medicine", "product_name": "Rasanadi Vati - 500 mg", "product_brand": "Sri Sri Tattva", "combo": []}, {"category": "Beauty & Hygiene", "sub_category_name": "Health & Medicine", "product_name": "CYTOZEN Capsules - The Comprehensive Liver Protector", "product_brand": "Charak", "combo": []}, {"category": "Beauty & Hygiene", "sub_category_name": "Health & Medicine", "product_name": "Hajmola Maha Candy - Aam+Imli", "product_brand": "Dabur", "combo": []}, {"category": "Beauty & Hygiene", "sub_category_name": "Health & Medicine", "product_name": "Grahyavati Pills - Treatment For Intestinal Ailments", "product_brand": "Dr. Vaidya's", "combo": []}, {"category": "Beauty & Hygiene", "sub_category_name": "Health & Medicine", "product_name": "Herbocharm Powder - Ayurvedic Facepack", "product_brand": "Dr. Vaidya's", "combo": []}, {"category": "Beauty & Hygiene", "sub_category_name": "Health & Medicine", "product_name": "Huff 'N' Kuff Syrup", "product_brand": "Dr. Vaidya's", "combo": []}, {"category": "Beauty & Hygiene", "sub_category_name": "Health & Medicine", "product_name": "Herbopile Pills - Relief From Piles", "product_brand": "Dr. Vaidya's", "combo": []}, {"category": "Beauty & Hygiene", "sub_category_name": "Health & Medicine", "product_name": "Kabaj Churna", "product_brand": "Dr. Vaidya's", "combo": []}, {"category": "Beauty & Hygiene", "sub_category_name": "Health & Medicine", "product_name": "Punarnava Pills", "product_brand": "Dr. Vaidya's", "combo": []}, {"category": "Beauty & Hygiene", "sub_category_name": "Health & Medicine", "product_name": "Swasaghna Pills", "product_brand": "Dr. Vaidya's", "combo": []}, {"category": "Beauty & Hygiene", "sub_category_name": "Health & Medicine", "product_name": "Unmadvati Pills", "product_brand": "Dr. Vaidya's", "combo": []}, {"category": "Beauty & Hygiene", "sub_category_name": "Health & Medicine", "product_name": "Herbaal Hair Cleanser", "product_brand": "Dr. Vaidya's", "combo": []}, {"category": "Beauty & Hygiene", "sub_category_name": "Health & Medicine", "product_name": "LIVitup! - Hangover Shield, Party Pack", "product_brand": "Dr. Vaidya's", "combo": []}, {"category": "Beauty & Hygiene", "sub_category_name": "Health & Medicine", "product_name": "Organic Ajamoda Arka - Digestive Aid", "product_brand": "Sri Sri Tattva", "combo": []}, {"category": "Beauty & Hygiene", "sub_category_name": "Health & Medicine", "product_name": "2 Ply Reusable Printed Face Mask - Assorted", "product_brand": "Shipra Commercial Pvt. Ltd.", "combo": [["5x3 pcs", "466.29"], ["10x3 pcs", "891.00"], ["3 pcs", "99.00"]]}, {"category": "Beauty & Hygiene", "sub_category_name": "Health & Medicine", "product_name": "Diabex Pills - Relief From Diabetes", "product_brand": "Dr. Vaidya's", "combo": []}, {"category": "Beauty & Hygiene", "sub_category_name": "Health & Medicine", "product_name": "HYPONIDD Tablet - An Ideal Complement To Anti-diabetic Regimen", "product_brand": "Charak", "combo": []}, {"category": "Beauty & Hygiene", "sub_category_name": "Health & Medicine", "product_name": "Kofol Sugar Free Syrup - A Natural Remedy To Relieve Cough", "product_brand": "Charak", "combo": []}, {"category": "Beauty & Hygiene", "sub_category_name": "Health & Medicine", "product_name": "Ostolief Tablets - An Effective Chondro-Protective & Anti-osteoarthritic Solution", "product_brand": "Charak", "combo": []}, {"category": "Beauty & Hygiene", "sub_category_name": "Health & Medicine", "product_name": "CHROPAXE Tablets - A Natural Chronic Pain Reliever", "product_brand": "Charak", "combo": []}, {"category": "Beauty & Hygiene", "sub_category_name": "Health & Medicine", "product_name": "Rasanadi Vati - 500 mg", "product_brand": "Sri Sri Tattva", "combo": []}, {"category": "Beauty & Hygiene", "sub_category_name": "Health & Medicine", "product_name": "CYTOZEN Capsules - The Comprehensive Liver Protector", "product_brand": "Charak", "combo": []}, {"category": "Beauty & Hygiene", "sub_category_name": "Health & Medicine", "product_name": "Hajmola Maha Candy - Aam+Imli", "product_brand": "Dabur", "combo": []}, {"category": "Beauty & Hygiene", "sub_category_name": "Health & Medicine", "product_name": "Grahyavati Pills - Treatment For Intestinal Ailments", "product_brand": "Dr. Vaidya's", "combo": []}, {"category": "Beauty & Hygiene", "sub_category_name": "Health & Medicine", "product_name": "Herbocharm Powder - Ayurvedic Facepack", "product_brand": "Dr. Vaidya's", "combo": []}, {"category": "Beauty & Hygiene", "sub_category_name": "Health & Medicine", "product_name": "Huff 'N' Kuff Syrup", "product_brand": "Dr. Vaidya's", "combo": []}, {"category": "Beauty & Hygiene", "sub_category_name": "Health & Medicine", "product_name": "Herbopile Pills - Relief From Piles", "product_brand": "Dr. Vaidya's", "combo": []}, {"category": "Beauty & Hygiene", "sub_category_name": "Health & Medicine", "product_name": "Kabaj Churna", "product_brand": "Dr. Vaidya's", "combo": []}, {"category": "Beauty & Hygiene", "sub_category_name": "Health & Medicine", "product_name": "Punarnava Pills", "product_brand": "Dr. Vaidya's", "combo": []}, {"category": "Beauty & Hygiene", "sub_category_name": "Health & Medicine", "product_name": "Swasaghna Pills", "product_brand": "Dr. Vaidya's", "combo": []}, {"category": "Beauty & Hygiene", "sub_category_name": "Health & Medicine", "product_name": "Unmadvati Pills", "product_brand": "Dr. Vaidya's", "combo": []}, {"category": "Beauty & Hygiene", "sub_category_name": "Health & Medicine", "product_name": "Herbaal Hair Cleanser", "product_brand": "Dr. Vaidya's", "combo": []}, {"category": "Beauty & Hygiene", "sub_category_name": "Health & Medicine", "product_name": "LIVitup! - Hangover Shield, Party Pack", "product_brand": "Dr. Vaidya's", "combo": []}, {"category": "Beauty & Hygiene", "sub_category_name": "Health & Medicine", "product_name": "Organic Ajamoda Arka - Digestive Aid", "product_brand": "Sri Sri Tattva", "combo": []}, {"category": "Beauty & Hygiene", "sub_category_name": "Health & Medicine", "product_name": "2 Ply Reusable Printed Face Mask - Assorted", "product_brand": "Shipra Commercial Pvt. Ltd.", "combo": [["5x3 pcs", "466.29"], ["10x3 pcs", "891.00"], ["3 pcs", "99.00"]]}, {"category": "Beauty & Hygiene", "sub_category_name": "Health & Medicine", "product_name": "Diabex Pills - Relief From Diabetes", "product_brand": "Dr. Vaidya's", "combo": []}, {"category": "Beauty & Hygiene", "sub_category_name": "Health & Medicine", "product_name": "HYPONIDD Tablet - An Ideal Complement To Anti-diabetic Regimen", "product_brand": "Charak", "combo": []}, {"category": "Beauty & Hygiene", "sub_category_name": "Health & Medicine", "product_name": "Kofol Sugar Free Syrup - A Natural Remedy To Relieve Cough", "product_brand": "Charak", "combo": []}, {"category": "Beauty & Hygiene", "sub_category_name": "Health & Medicine", "product_name": "Ostolief Tablets - An Effective Chondro-Protective & Anti-osteoarthritic Solution", "product_brand": "Charak", "combo": []}, {"category": "Beauty & Hygiene", "sub_category_name": "Health & Medicine", "product_name": "CHROPAXE Tablets - A Natural Chronic Pain Reliever", "product_brand": "Charak", "combo": []}, {"category": "Beauty & Hygiene", "sub_category_name": "Health & Medicine", "product_name": "Rasanadi Vati - 500 mg", "product_brand": "Sri Sri Tattva", "combo": []}, {"category": "Beauty & Hygiene", "sub_category_name": "Health & Medicine", "product_name": "CYTOZEN Capsules - The Comprehensive Liver Protector", "product_brand": "Charak", "combo": []}]