[{"category": "Beauty & Hygiene", "sub_category_name": "Hair Care", "product_name": "Pure Coconut Oil", "product_brand": "Parachute", "combo": [["200 ml", "78.00"], ["600 ml", "220.00"], ["300 ml", "122.00"], ["100 ml", "36.27"]]}, {"category": "Beauty & Hygiene", "sub_category_name": "Hair Care", "product_name": "Keratin Smooth Shampoo", "product_brand": "TRESemme", "combo": [["185 ml", "130.00"], ["580 ml", "372.00"], ["1 L", "584.00"]]}, {"category": "Beauty & Hygiene", "sub_category_name": "Hair Care", "product_name": "Hair Fall Rescue Shampoo", "product_brand": "Dove", "combo": [["180 ml", "120.00"], ["650 ml", "334.48"], ["340 ml", "200.00"], ["1 L", "496.00"], ["80 ml", "55.00"]]}, {"category": "Beauty & Hygiene", "sub_category_name": "Hair Care", "product_name": "Bringha Oil", "product_brand": "Indulekha", "combo": [["50 ml", "234.00"], ["2x100 ml", "864.00"], ["100 ml", "432.00"]]}, {"category": "Beauty & Hygiene", "sub_category_name": "Hair Care", "product_name": "Keratin Smooth Argan Oil Shampoo 580ml + Keratin Smooth Conditioner 190ml", "product_brand": "TRESemme", "combo": []}, {"category": "Beauty & Hygiene", "sub_category_name": "Hair Care", "product_name": "Aloe Hair Conditioner", "product_brand": "Vitro Naturals", "combo": []}, {"category": "Beauty & Hygiene", "sub_category_name": "Hair Care", "product_name": "Supreme Scalp Rejuvenation Shampoo", "product_brand": "Head & shoulders", "combo": []}, {"category": "Beauty & Hygiene", "sub_category_name": "Hair Care", "product_name": "Supreme Scalp Soothing Shampoo", "product_brand": "Head & shoulders", "combo": []}, {"category": "Beauty & Hygiene", "sub_category_name": "Hair Care", "product_name": "Naturals Aloe Vera Oil", "product_brand": "Dabur Vatika", "combo": []}, {"category": "Beauty & Hygiene", "sub_category_name": "Hair Care", "product_name": "Naturals Bhringraj Hair Oil", "product_brand": "Dabur Vatika", "combo": []}, {"category": "Beauty & Hygiene", "sub_category_name": "Hair Care", "product_name": "Naturals Spanish Olive Hair Oil", "product_brand": "Dabur Vatika", "combo": []}, {"category": "Beauty & Hygiene", "sub_category_name": "Hair Care", "product_name": "Dandruff Care Shampoo", "product_brand": "Dove", "combo": [["340 ml", "261.25"], ["180 ml", "145.00"], ["80 ml", "62.00"], ["650 ml", "530.00"]]}, {"category": "Beauty & Hygiene", "sub_category_name": "Hair Care", "product_name": "Anti-Dandruff Solutions - Dandruff Clean & Fresh Shampoo", "product_brand": "Dove", "combo": [["80 ml", "62.00"], ["180 ml", "145.00"]]}, {"category": "Beauty & Hygiene", "sub_category_name": "Hair Care", "product_name": "2-In-1 Hairfall Control Shampoo + Conditioner", "product_brand": "Pantene", "combo": [["1 L", "664.20"], ["340 ml", "285.00"], ["650 ml", "503.70"], ["180 ml", "150.00"]]}, {"category": "Beauty & Hygiene", "sub_category_name": "Hair Care", "product_name": "2-In-1 Silky Smooth Care Shampoo + Conditioner", "product_brand": "Pantene", "combo": [["1 L", "664.20"], ["340 ml", "275.00"], ["650 ml", "456.25"], ["180 ml", "150.00"]]}, {"category": "Beauty & Hygiene", "sub_category_name": "Hair Care", "product_name": "Stunning Black Shine Shampoo", "product_brand": "Sunsilk", "combo": [["650 ml", "257.30"], ["1 L", "469.00"]]}, {"category": "Beauty & Hygiene", "sub_category_name": "Hair Care", "product_name": "Strong & Long Health Shampoo", "product_brand": "Clinic Plus", "combo": [["340 ml", "122.65"], ["1 L", "435.00"], ["80 ml", "37.36"], ["650 ml", "221.45"], ["175 ml", "78.12"], ["30 ml", "10.00"]]}, {"category": "Beauty & Hygiene", "sub_category_name": "Hair Care", "product_name": "Anti-Dandruff Solutions - Dandruff Clean & Fresh Conditioner", "product_brand": "Dove", "combo": []}, {"category": "Beauty & Hygiene", "sub_category_name": "Hair Care", "product_name": "Black Shine Conditioner", "product_brand": "Sunsilk", "combo": []}, {"category": "Beauty & Hygiene", "sub_category_name": "Hair Care", "product_name": "6 Oil Nourish Shampoo", "product_brand": "Loreal Paris", "combo": [["640 ml", "432.00"], ["175 ml", "129.32"], ["2x640 ml", "864.00"], ["1 L", "799.00"]]}, {"category": "Beauty & Hygiene", "sub_category_name": "Hair Care", "product_name": "Shampoo Colour Shade - 1 Natural Black", "product_brand": "Garnier Men", "combo": []}, {"category": "Beauty & Hygiene", "sub_category_name": "Hair Care", "product_name": "Shampoo Colour Shade - 3 Brown Black", "product_brand": "Garnier Men", "combo": []}, {"category": "Beauty & Hygiene", "sub_category_name": "Hair Care", "product_name": "Shampoo Colour Shade - 3.16 Burgundy", "product_brand": "Garnier Men", "combo": []}, {"category": "Beauty & Hygiene", "sub_category_name": "Hair Care", "product_name": "Easy 5 Minute Hair Colour - Natural Black", "product_brand": "Godrej Expert", "combo": []}, {"category": "Beauty & Hygiene", "sub_category_name": "Hair Care", "product_name": "Excellence Creme Hair Color Small Pack", "product_brand": "Loreal Paris", "combo": []}, {"category": "Beauty & Hygiene", "sub_category_name": "Hair Care", "product_name": "Casting Cr\u00e8me Gloss Small Pack", "product_brand": "Loreal Paris", "combo": []}, {"category": "Beauty & Hygiene", "sub_category_name": "Hair Care", "product_name": "Anmol Gold Coconut Hair Oil", "product_brand": "Dabur", "combo": []}, {"category": "Beauty & Hygiene", "sub_category_name": "Hair Care", "product_name": "Amla Hair Oil - For Strong, Long & Thick Hair", "product_brand": "Dabur", "combo": []}, {"category": "Beauty & Hygiene", "sub_category_name": "Hair Care", "product_name": "Total Repair 5 Shampoo", "product_brand": "Loreal Paris", "combo": [["360 ml", "181.98"], ["175 ml", "129.32"], ["640 ml", "405.00"], ["2x640 ml", "810.00"]]}, {"category": "Beauty & Hygiene", "sub_category_name": "Hair Care", "product_name": "With Walnut & Almond Non-Sticky Hair Oil", "product_brand": "Hair & Care", "combo": []}, {"category": "Beauty & Hygiene", "sub_category_name": "Hair Care", "product_name": "Anti-Hairfall Shampoo - Aloe & 21 Ayurvedic Herbs", "product_brand": "Kesh King", "combo": []}, {"category": "Beauty & Hygiene", "sub_category_name": "Hair Care", "product_name": "Naturally Long Shikakai Shampoo", "product_brand": "Clinic Plus", "combo": []}, {"category": "Beauty & Hygiene", "sub_category_name": "Hair Care", "product_name": "Intense Repair Shampoo", "product_brand": "Dove", "combo": [["650 ml", "295.69"], ["1 L", "540.20"], ["80 ml", "55.00"], ["180 ml", "120.00"]]}, {"category": "Beauty & Hygiene", "sub_category_name": "Hair Care", "product_name": "Bringha Hair Cleanser", "product_brand": "Indulekha", "combo": []}, {"category": "Beauty & Hygiene", "sub_category_name": "Hair Care", "product_name": "Hair fall Rescue Conditioner", "product_brand": "Dove", "combo": [["80 ml", "90.00"], ["180 ml", "112.37"]]}, {"category": "Beauty & Hygiene", "sub_category_name": "Hair Care", "product_name": "Hair Fall Rescue Shampoo 650 ml + Conditioner - Hair Fall Rescue 180 ml", "product_brand": "Dove", "combo": []}, {"category": "Beauty & Hygiene", "sub_category_name": "Hair Care", "product_name": "Hair fall Rescue Shampoo 1 L + Hair fall Rescue Conditioner 180 ml", "product_brand": "Dove", "combo": []}, {"category": "Beauty & Hygiene", "sub_category_name": "Hair Care", "product_name": "Keratin Smooth Conditioner", "product_brand": "TRESemme", "combo": [["80 ml", "107.00"], ["190 ml", "165.00"]]}, {"category": "Beauty & Hygiene", "sub_category_name": "Hair Care", "product_name": "Hair Oil - Almond Drops", "product_brand": "Bajaj", "combo": [["300 ml", "175.00"], ["200 ml", "116.25"], ["100 ml", "65.00"], ["50 ml", "35.00"], ["2x300 ml", "350.00"], ["500 ml", "246.40"]]}, {"category": "Beauty & Hygiene", "sub_category_name": "Hair Care", "product_name": "Anti-Dandruff Shampoo - Lemon Fresh", "product_brand": "Head & Shoulder", "combo": [["180 ml", "145.00"], ["72 ml", "68.00"], ["340 ml", "273.00"]]}, {"category": "Beauty & Hygiene", "sub_category_name": "Hair Care", "product_name": "Rich Creme Hair Colour - Natural Black No.1", "product_brand": "Godrej", "combo": [["3x(20 gm + 20 ml)", "76.50"], ["20 g + 20 ml", "27.00"]]}, {"category": "Beauty & Hygiene", "sub_category_name": "Hair Care", "product_name": "Daily Shine Conditioner", "product_brand": "Dove", "combo": [["80 ml", "90.00"], ["180 ml", "152.00"]]}, {"category": "Beauty & Hygiene", "sub_category_name": "Hair Care", "product_name": "Anti-Dandruff Shampoo - Cool Menthol", "product_brand": "Head & Shoulder", "combo": [["650 ml", "365.00"], ["1 L", "585.00"], ["72 ml", "68.00"], ["340 ml", "213.99"], ["180 ml", "143.68"]]}, {"category": "Beauty & Hygiene", "sub_category_name": "Hair Care", "product_name": "Advansed Aloe Vera Enriched Coconut Hair Oil", "product_brand": "Parachute", "combo": [["150 ml", "69.75"], ["250 ml", "114.00"], ["75 ml", "39.00"]]}, {"category": "Beauty & Hygiene", "sub_category_name": "Hair Care", "product_name": "Pure Coconut Oil", "product_brand": "Parachute", "combo": []}, {"category": "Beauty & Hygiene", "sub_category_name": "Hair Care", "product_name": "Badam Tail - 100% Pure Almond Oil", "product_brand": "Dabur", "combo": [["100 ml", "302.40"], ["50 ml", "157.60"]]}, {"category": "Beauty & Hygiene", "sub_category_name": "Hair Care", "product_name": "Keratin Smooth Shampoo 1 L + Keratin Smooth - Argan Oil Conditioner 190 ml", "product_brand": "TRESemme", "combo": []}, {"category": "Beauty & Hygiene", "sub_category_name": "Hair Care", "product_name": "Intense Repair Shampoo with Keratin 650ml + Conditioner Hair Fall Rescue 180ml", "product_brand": "Dove", "combo": []}, {"category": "Beauty & Hygiene", "sub_category_name": "Hair Care", "product_name": "Hair Fall Defense Shampoo", "product_brand": "TRESemme", "combo": [["580 ml", "356.00"], ["85 ml", "55.00"]]}, {"category": "Beauty & Hygiene", "sub_category_name": "Hair Care", "product_name": "Intense Repair Conditioner", "product_brand": "Dove", "combo": [["75 ml", "90.00"], ["175 ml", "152.00"]]}, {"category": "Beauty & Hygiene", "sub_category_name": "Hair Care", "product_name": "Anti-Dandruff Shampoo - Anti Hairfall", "product_brand": "Head & Shoulder", "combo": [["72 ml", "63.24"], ["180 ml", "150.00"], ["340 ml", "213.99"], ["650 ml", "355.00"]]}, {"category": "Beauty & Hygiene", "sub_category_name": "Hair Care", "product_name": "Intense Repair Shampoo 1 L + Intense Repair Conditioner 175 ml", "product_brand": "Dove", "combo": []}, {"category": "Beauty & Hygiene", "sub_category_name": "Hair Care", "product_name": "Almond Hair Oil 500ml+Gulabari Premium Rose Water-Paraben Free Skin Toner 250ml", "product_brand": "Dabur", "combo": []}, {"category": "Beauty & Hygiene", "sub_category_name": "Hair Care", "product_name": "Anti-Dandruff Shampoo - Smooth & Silky", "product_brand": "Head & Shoulder", "combo": [["1 L", "507.00"], ["650 ml", "438.00"], ["72 ml", "65.14"], ["180 ml", "150.00"]]}, {"category": "Beauty & Hygiene", "sub_category_name": "Hair Care", "product_name": "Damage Repair Protein Shampoo", "product_brand": "Himalaya", "combo": []}, {"category": "Beauty & Hygiene", "sub_category_name": "Hair Care", "product_name": "Nourishing Soft & Smooth Shampoo", "product_brand": "Sunsilk", "combo": [["340 ml", "156.60"], ["180 ml", "95.00"], ["650 ml", "263.50"]]}, {"category": "Beauty & Hygiene", "sub_category_name": "Hair Care", "product_name": "Excellence Cream Hair Color-Natural Dark Brown+Color Protect Shampoo", "product_brand": "Loreal Paris", "combo": []}, {"category": "Beauty & Hygiene", "sub_category_name": "Hair Care", "product_name": "Excellence Cream Hair Color-Black +Color Protect Shampoo", "product_brand": "Loreal Paris", "combo": []}, {"category": "Beauty & Hygiene", "sub_category_name": "Hair Care", "product_name": "Dabur Almond Hair Oil 500 ml + Himalaya Purifying Neem Face Wash 150 ml", "product_brand": "bb Combo", "combo": []}, {"category": "Beauty & Hygiene", "sub_category_name": "Hair Care", "product_name": "Excellence Creme Hair Color", "product_brand": "Loreal Paris", "combo": []}, {"category": "Beauty & Hygiene", "sub_category_name": "Hair Care", "product_name": "Advanced Hair Fall Solution Shampoo", "product_brand": "Pantene", "combo": [["650 ml", "365.00"], ["180 ml", "120.00"], ["3x340 ml", "455.22"], ["340 ml", "151.74"], ["1 L", "520.00"], ["75 ml", "57.47"]]}, {"category": "Beauty & Hygiene", "sub_category_name": "Hair Care", "product_name": "Daily Shine Shampoo", "product_brand": "Dove", "combo": [["180 ml", "120.00"], ["80 ml", "55.00"]]}, {"category": "Beauty & Hygiene", "sub_category_name": "Hair Care", "product_name": "Hair Serum", "product_brand": "Livon Serum", "combo": [["100 ml", "415.00"], ["100 ml", "622.50"], ["20 ml", "54.00"], ["50 ml", "120.00"], ["100 ml", "207.50"]]}, {"category": "Beauty & Hygiene", "sub_category_name": "Hair Care", "product_name": "Loreal Paris Ecellence Creme-Natural Dark Brown+Livon Dry & Unruly Hair Serum", "product_brand": "bb Combo", "combo": []}, {"category": "Beauty & Hygiene", "sub_category_name": "Hair Care", "product_name": "Hair Colour Solution - 100% Pure Henna Mehendi, Natural Conditioning & Anti-Dandruff", "product_brand": "Godrej Nupur", "combo": [["120 g", "71.25"], ["50 g", "35.00"]]}, {"category": "Beauty & Hygiene", "sub_category_name": "Hair Care", "product_name": "2-In-1 Anti-Dandruff Shampoo + Conditioner - Smooth & Silky", "product_brand": "Head & shoulders", "combo": [["180 ml", "185.00"], ["1 L", "629.30"], ["650 ml", "547.50"]]}, {"category": "Beauty & Hygiene", "sub_category_name": "Hair Care", "product_name": "Daily Shine Shampoo 650ml + Conditioner - Daily Shine 180ml", "product_brand": "Dove", "combo": []}, {"category": "Beauty & Hygiene", "sub_category_name": "Hair Care", "product_name": "Oxygen Moisture Shampoo", "product_brand": "Dove", "combo": [["650 ml", "530.00"], ["340 ml", "261.25"]]}, {"category": "Beauty & Hygiene", "sub_category_name": "Hair Care", "product_name": "Oil - Ayurvedic, Cool", "product_brand": "Navratna", "combo": [["300 ml", "146.26"], ["100 ml", "74.72"], ["500 ml", "253.70"], ["200 ml", "132.19"]]}, {"category": "Beauty & Hygiene", "sub_category_name": "Hair Care", "product_name": "Badam Tail - 100% Pure Almond Oil 100 ml + 50 ml", "product_brand": "Dabur", "combo": []}, {"category": "Beauty & Hygiene", "sub_category_name": "Hair Care", "product_name": "Anti-Dandruff Shampoo - Silky Black", "product_brand": "Head & Shoulder", "combo": [["340 ml", "285.00"], ["650 ml", "438.00"], ["180 ml", "150.00"], ["72 ml", "68.00"]]}, {"category": "Beauty & Hygiene", "sub_category_name": "Hair Care", "product_name": "Onion Hair Oil For Regrowth & Hair Fall Control With Redensyl", "product_brand": "Mamaearth", "combo": []}, {"category": "Beauty & Hygiene", "sub_category_name": "Hair Care", "product_name": "100% Pure Castor Oil, Cold Pressed, To Support Hair Growth, Good Skin & Strong Nails", "product_brand": "Mamaearth", "combo": []}, {"category": "Beauty & Hygiene", "sub_category_name": "Hair Care", "product_name": "Anti Dandruff Conditioner - With Tea Tree & Ginger Oil, For Dandruff Free Hair", "product_brand": "Mamaearth", "combo": []}, {"category": "Beauty & Hygiene", "sub_category_name": "Hair Care", "product_name": "Hair Mask With Tea Tree & Lemon Oil - Dandruff Control & Itch Treatment", "product_brand": "Mamaearth", "combo": []}, {"category": "Beauty & Hygiene", "sub_category_name": "Hair Care", "product_name": "Onion Hair Serum For Silky & Smooth Hair - With Onion & Biotin", "product_brand": "Mamaearth", "combo": []}, {"category": "Beauty & Hygiene", "sub_category_name": "Hair Care", "product_name": "Onion Conditioner For Hair Growth & Hair Fall Control With Coconut Oil", "product_brand": "Mamaearth", "combo": []}, {"category": "Beauty & Hygiene", "sub_category_name": "Hair Care", "product_name": "Onion Hair Mask For Hair Fall Control - With Onion Oil & Organic Bamboo Vinegar", "product_brand": "Mamaearth", "combo": []}, {"category": "Beauty & Hygiene", "sub_category_name": "Hair Care", "product_name": "Onion Shampoo For Hair Growth & Hair Fall Control - Onion Oil & Plant Keratin", "product_brand": "Mamaearth", "combo": []}, {"category": "Beauty & Hygiene", "sub_category_name": "Hair Care", "product_name": "Daily Shine Shampoo", "product_brand": "Dove", "combo": []}, {"category": "Beauty & Hygiene", "sub_category_name": "Hair Care", "product_name": "Rich Creme Hair Colour - Shade 3 Black Brown, Single Use", "product_brand": "Godrej Expert", "combo": []}, {"category": "Beauty & Hygiene", "sub_category_name": "Hair Care", "product_name": "Stunning Black Shine Shampoo", "product_brand": "Sunsilk", "combo": []}, {"category": "Beauty & Hygiene", "sub_category_name": "Hair Care", "product_name": "Black Naturals Hair Colour Shade 1-Deep Black 20 ml + 20 gm", "product_brand": "Garnier", "combo": [["20 ml + 20 g", "37.00"], ["3x(20 ml + 20 gm)", "111.00"]]}, {"category": "Beauty & Hygiene", "sub_category_name": "Hair Care", "product_name": "Shampoo - Total Repair 5 640 ml + Total Repair 5 Conditioner 175 ml", "product_brand": "Loreal Paris", "combo": []}, {"category": "Beauty & Hygiene", "sub_category_name": "Hair Care", "product_name": "Shampoo - Hair Fall Control 675ml + Conditioner - Hair Fall Control 175ml Bottle", "product_brand": "Pantene", "combo": []}, {"category": "Beauty & Hygiene", "sub_category_name": "Hair Care", "product_name": "Advanced Hair Fall Solution Shampoo 340ml + Hair Fall Control Conditioner 180 ml", "product_brand": "Pantene", "combo": []}, {"category": "Beauty & Hygiene", "sub_category_name": "Hair Care", "product_name": "6 Oil Nourish Conditioner", "product_brand": "Loreal Paris", "combo": [["175 ml", "159.20"], ["65 ml", "99.00"]]}, {"category": "Beauty & Hygiene", "sub_category_name": "Hair Care", "product_name": "6 Oil Nourish Shampoo 640 ml + 6 Oil Nourish Conditioner 175 ml", "product_brand": "Loreal Paris", "combo": []}, {"category": "Beauty & Hygiene", "sub_category_name": "Hair Care", "product_name": "Hair Oil - For Strong, Long and Thick Hair", "product_brand": "Dabur", "combo": [["450 ml", "187.06"], ["275 ml", "125.96"], ["90 ml", "42.15"], ["180 ml", "88.00"]]}, {"category": "Beauty & Hygiene", "sub_category_name": "Hair Care", "product_name": "Gentle Daily Care Protein Shampoo", "product_brand": "Himalaya", "combo": []}, {"category": "Beauty & Hygiene", "sub_category_name": "Hair Care", "product_name": "Lusciously Thick & Long Shampoo", "product_brand": "Sunsilk", "combo": []}, {"category": "Beauty & Hygiene", "sub_category_name": "Hair Care", "product_name": "Coconut Water & Aloe Vera Volume Hair Shampoo", "product_brand": "Sunsilk", "combo": []}, {"category": "Beauty & Hygiene", "sub_category_name": "Hair Care", "product_name": "AntiDandruff Shampoo CoolMenthol 2x360ml + Shampoo&Conditioner CoolMenthol 360ml", "product_brand": "Head & Shoulder", "combo": []}, {"category": "Beauty & Hygiene", "sub_category_name": "Hair Care", "product_name": "Hair Fall Defense Conditioner", "product_brand": "TRESemme", "combo": [["190 ml", "140.00"], ["80 ml", "90.00"]]}, {"category": "Beauty & Hygiene", "sub_category_name": "Hair Care", "product_name": "Damage Repair Protein Conditioner", "product_brand": "Himalaya", "combo": [["100 ml", "85.50"], ["200 ml", "148.50"]]}, {"category": "Beauty & Hygiene", "sub_category_name": "Hair Care", "product_name": "Anti-Dandruff Shampoo", "product_brand": "Himalaya", "combo": []}, {"category": "Beauty & Hygiene", "sub_category_name": "Hair Care", "product_name": "Rich Creme Hair Colour - Shade 4 Natural Brown, Single Use", "product_brand": "Godrej Expert", "combo": []}, {"category": "Beauty & Hygiene", "sub_category_name": "Hair Care", "product_name": "Coconut Oil - 100 % Pure", "product_brand": "Parachute", "combo": []}, {"category": "Beauty & Hygiene", "sub_category_name": "Hair Care", "product_name": "Dryness Care Conditioner", "product_brand": "Dove", "combo": [["80 ml", "90.00"], ["180 ml", "143.00"]]}, {"category": "Beauty & Hygiene", "sub_category_name": "Hair Care", "product_name": "Smooth & Shine Shampoo", "product_brand": "TRESemme", "combo": [["580 ml", "445.00"], ["185 ml", "120.00"]]}, {"category": "Beauty & Hygiene", "sub_category_name": "Hair Care", "product_name": "Casting Creme Gloss Hair Color", "product_brand": "Loreal Paris", "combo": []}, {"category": "Beauty & Hygiene", "sub_category_name": "Hair Care", "product_name": "Serum for Dry & Rough Hair", "product_brand": "Livon Serum", "combo": [["20 ml", "54.00"], ["50 ml", "105.00"], ["100 ml", "187.50"]]}, {"category": "Beauty & Hygiene", "sub_category_name": "Hair Care", "product_name": "Extraordinary Clay Shampoo 640 ml + Extraordinary Clay Conditioner 175 ml", "product_brand": "Loreal Paris", "combo": []}, {"category": "Beauty & Hygiene", "sub_category_name": "Hair Care", "product_name": "Apple Cider Vinegar Shampoo", "product_brand": "Wow Skin Science", "combo": []}, {"category": "Beauty & Hygiene", "sub_category_name": "Hair Care", "product_name": "Black Naturals Hair Colour Shade 2-Original Black 20 ml + 20 gm", "product_brand": "Garnier", "combo": [["20 ml + 20 g", "37.36"], ["3x(20 ml + 20 gm)", "112.08"]]}, {"category": "Beauty & Hygiene", "sub_category_name": "Hair Care", "product_name": "Fructis - Long & Strong Strengthening Shampoo", "product_brand": "Garnier", "combo": [["175 ml", "135.00"], ["340 ml", "240.00"]]}, {"category": "Beauty & Hygiene", "sub_category_name": "Hair Care", "product_name": "Conditioner - Lusciously Thick & Long Nourishing", "product_brand": "Sunsilk", "combo": []}, {"category": "Beauty & Hygiene", "sub_category_name": "Hair Care", "product_name": "Casting Creme Gloss Hair Color", "product_brand": "Loreal Paris", "combo": []}, {"category": "Beauty & Hygiene", "sub_category_name": "Hair Care", "product_name": "Nourish & Replenish Shampoo", "product_brand": "TRESemme", "combo": []}, {"category": "Beauty & Hygiene", "sub_category_name": "Hair Care", "product_name": "Coconut Oil - 100 % Pure", "product_brand": "Parachute", "combo": []}, {"category": "Beauty & Hygiene", "sub_category_name": "Hair Care", "product_name": "Advansed Aloe Vera Enriched Coconut Hair Oil", "product_brand": "Parachute", "combo": []}, {"category": "Beauty & Hygiene", "sub_category_name": "Hair Care", "product_name": "Extraordinary Clay Conditioner", "product_brand": "Loreal Paris", "combo": [["2x65 ml", "198.00"], ["175 ml", "159.20"], ["65 ml", "99.00"]]}, {"category": "Beauty & Hygiene", "sub_category_name": "Hair Care", "product_name": "Vatika Health Shampoo - Henna & Amla, Power of 7 Natural Ingredients", "product_brand": "Dabur", "combo": []}, {"category": "Beauty & Hygiene", "sub_category_name": "Hair Care", "product_name": "Advanced Hair Fall Solution Conditioner - Silky Smooth Care", "product_brand": "Pantene", "combo": [["80 ml", "85.00"], ["180 ml", "153.00"]]}, {"category": "Beauty & Hygiene", "sub_category_name": "Hair Care", "product_name": "Color Protect Shampoo", "product_brand": "Loreal Paris", "combo": [["175 ml", "143.68"], ["360 ml", "282.00"]]}, {"category": "Beauty & Hygiene", "sub_category_name": "Hair Care", "product_name": "Dryness Hydration Shampoo", "product_brand": "Nyle", "combo": [["180 ml", "95.00"], ["800 ml", "305.00"], ["400 ml", "205.00"]]}, {"category": "Beauty & Hygiene", "sub_category_name": "Hair Care", "product_name": "Biotique Color Treatment Shampoo+Livon Dry & Unruly Hair Serum", "product_brand": "bb Combo", "combo": []}, {"category": "Beauty & Hygiene", "sub_category_name": "Hair Care", "product_name": "Keratin Smooth Shampoo", "product_brand": "TRESemme", "combo": []}, {"category": "Beauty & Hygiene", "sub_category_name": "Hair Care", "product_name": "Intense Repair Shampoo", "product_brand": "Dove", "combo": []}, {"category": "Beauty & Hygiene", "sub_category_name": "Hair Care", "product_name": "Advanced Hair Fall Control Conditioner", "product_brand": "Pantene", "combo": [["180 ml", "153.00"], ["80 ml", "85.00"]]}, {"category": "Beauty & Hygiene", "sub_category_name": "Hair Care", "product_name": "Stunning Black Shine Shampoo", "product_brand": "Sunsilk", "combo": []}, {"category": "Beauty & Hygiene", "sub_category_name": "Hair Care", "product_name": "Anti-Dandruff Natural Ayurvedic Neem Shampoo", "product_brand": "Lever Ayush", "combo": []}, {"category": "Beauty & Hygiene", "sub_category_name": "Hair Care", "product_name": "Daily Shine Shampoo", "product_brand": "Dove", "combo": []}, {"category": "Beauty & Hygiene", "sub_category_name": "Hair Care", "product_name": "Gentle Daily Care Protein Conditioner", "product_brand": "Himalaya", "combo": [["200 ml", "148.50"], ["100 ml", "85.50"]]}, {"category": "Beauty & Hygiene", "sub_category_name": "Hair Care", "product_name": "Olive and Vitamin E Non- Sticky Hair Oil", "product_brand": "Hair & Care", "combo": [["200 ml", "109.25"], ["300 ml", "155.00"], ["500 ml", "237.50"], ["50 ml", "32.00"], ["100 ml", "60.00"]]}, {"category": "Beauty & Hygiene", "sub_category_name": "Hair Care", "product_name": "Bringha Hair Cleanser", "product_brand": "Indulekha", "combo": []}, {"category": "Beauty & Hygiene", "sub_category_name": "Hair Care", "product_name": "Dryness Care Shampoo", "product_brand": "Dove", "combo": [["80 ml", "55.00"], ["340 ml", "230.00"], ["180 ml", "110.00"]]}, {"category": "Beauty & Hygiene", "sub_category_name": "Hair Care", "product_name": "Bringha Hair Cleanser", "product_brand": "Indulekha", "combo": []}, {"category": "Beauty & Hygiene", "sub_category_name": "Hair Care", "product_name": "Oxygen Moisture Conditioner", "product_brand": "Dove", "combo": [["180 ml", "167.20"], ["80 ml", "98.00"]]}, {"category": "Beauty & Hygiene", "sub_category_name": "Hair Care", "product_name": "Protein Hair Cream", "product_brand": "Himalaya", "combo": []}, {"category": "Beauty & Hygiene", "sub_category_name": "Hair Care", "product_name": "Hair Fall Defense Shampoo", "product_brand": "TRESemme", "combo": []}, {"category": "Beauty & Hygiene", "sub_category_name": "Hair Care", "product_name": "Thick & Natural Ayurvedic Long Growth Shikakai Shampoo", "product_brand": "Lever Ayush", "combo": []}, {"category": "Beauty & Hygiene", "sub_category_name": "Hair Care", "product_name": "Anmol Gold Pure Coconut Oil", "product_brand": "Dabur", "combo": [["600 ml", "128.75"], ["175 ml", "58.00"]]}, {"category": "Beauty & Hygiene", "sub_category_name": "Hair Care", "product_name": "Advansed Coconut Hair Serum Oil", "product_brand": "Parachute", "combo": []}, {"category": "Beauty & Hygiene", "sub_category_name": "Hair Care", "product_name": "Advansed Ayurvedic Warming Coconut Hot Hair Oil", "product_brand": "Parachute", "combo": []}, {"category": "Beauty & Hygiene", "sub_category_name": "Hair Care", "product_name": "Hair Care Kit - Anti Hair Fall", "product_brand": "Mamaearth", "combo": []}, {"category": "Beauty & Hygiene", "sub_category_name": "Hair Care", "product_name": "Hail Oil - Jasmine", "product_brand": "Parachute", "combo": [["300 ml", "96.82"], ["190 ml", "71.25"], ["90 ml", "35.34"]]}, {"category": "Beauty & Hygiene", "sub_category_name": "Hair Care", "product_name": "Scalp & Hair Medicine - Anti Hairfall Shampoo", "product_brand": "Kesh King", "combo": []}, {"category": "Beauty & Hygiene", "sub_category_name": "Hair Care", "product_name": "Anti-Hair Fall Shampoo", "product_brand": "Himalaya", "combo": [["700 ml", "382.50"], ["1 L", "520.00"]]}, {"category": "Beauty & Hygiene", "sub_category_name": "Hair Care", "product_name": "Conditioner - Nourishing Soft & Smooth", "product_brand": "Sunsilk", "combo": [["80 ml", "69.00"], ["180 ml", "112.00"]]}, {"category": "Beauty & Hygiene", "sub_category_name": "Hair Care", "product_name": "Stunning Black Shine Shampoo", "product_brand": "Sunsilk", "combo": []}, {"category": "Beauty & Hygiene", "sub_category_name": "Hair Care", "product_name": "Anti-Dandruff Natural Ayurvedic Neem Shampoo", "product_brand": "Lever Ayush", "combo": []}, {"category": "Beauty & Hygiene", "sub_category_name": "Hair Care", "product_name": "Daily Shine Shampoo", "product_brand": "Dove", "combo": []}, {"category": "Beauty & Hygiene", "sub_category_name": "Hair Care", "product_name": "Gentle Daily Care Protein Conditioner", "product_brand": "Himalaya", "combo": [["200 ml", "148.50"], ["100 ml", "85.50"]]}, {"category": "Beauty & Hygiene", "sub_category_name": "Hair Care", "product_name": "Olive and Vitamin E Non- Sticky Hair Oil", "product_brand": "Hair & Care", "combo": [["200 ml", "109.25"], ["300 ml", "155.00"], ["500 ml", "237.50"], ["50 ml", "32.00"], ["100 ml", "60.00"]]}, {"category": "Beauty & Hygiene", "sub_category_name": "Hair Care", "product_name": "Bringha Hair Cleanser", "product_brand": "Indulekha", "combo": []}, {"category": "Beauty & Hygiene", "sub_category_name": "Hair Care", "product_name": "Dryness Care Shampoo", "product_brand": "Dove", "combo": [["80 ml", "55.00"], ["340 ml", "230.00"], ["180 ml", "110.00"]]}, {"category": "Beauty & Hygiene", "sub_category_name": "Hair Care", "product_name": "Bringha Hair Cleanser", "product_brand": "Indulekha", "combo": []}, {"category": "Beauty & Hygiene", "sub_category_name": "Hair Care", "product_name": "Oxygen Moisture Conditioner", "product_brand": "Dove", "combo": [["180 ml", "167.20"], ["80 ml", "98.00"]]}, {"category": "Beauty & Hygiene", "sub_category_name": "Hair Care", "product_name": "Protein Hair Cream", "product_brand": "Himalaya", "combo": []}, {"category": "Beauty & Hygiene", "sub_category_name": "Hair Care", "product_name": "Hair Fall Defense Shampoo", "product_brand": "TRESemme", "combo": []}, {"category": "Beauty & Hygiene", "sub_category_name": "Hair Care", "product_name": "Thick & Natural Ayurvedic Long Growth Shikakai Shampoo", "product_brand": "Lever Ayush", "combo": []}, {"category": "Beauty & Hygiene", "sub_category_name": "Hair Care", "product_name": "Anmol Gold Pure Coconut Oil", "product_brand": "Dabur", "combo": [["600 ml", "128.75"], ["175 ml", "58.00"]]}, {"category": "Beauty & Hygiene", "sub_category_name": "Hair Care", "product_name": "Advansed Coconut Hair Serum Oil", "product_brand": "Parachute", "combo": []}, {"category": "Beauty & Hygiene", "sub_category_name": "Hair Care", "product_name": "Advansed Ayurvedic Warming Coconut Hot Hair Oil", "product_brand": "Parachute", "combo": []}, {"category": "Beauty & Hygiene", "sub_category_name": "Hair Care", "product_name": "Hair Care Kit - Anti Hair Fall", "product_brand": "Mamaearth", "combo": []}, {"category": "Beauty & Hygiene", "sub_category_name": "Hair Care", "product_name": "Hail Oil - Jasmine", "product_brand": "Parachute", "combo": [["300 ml", "96.82"], ["190 ml", "71.25"], ["90 ml", "35.34"]]}, {"category": "Beauty & Hygiene", "sub_category_name": "Hair Care", "product_name": "Scalp & Hair Medicine - Anti Hairfall Shampoo", "product_brand": "Kesh King", "combo": []}, {"category": "Beauty & Hygiene", "sub_category_name": "Hair Care", "product_name": "Anti-Hair Fall Shampoo", "product_brand": "Himalaya", "combo": [["700 ml", "382.50"], ["1 L", "520.00"]]}, {"category": "Beauty & Hygiene", "sub_category_name": "Hair Care", "product_name": "Conditioner - Nourishing Soft & Smooth", "product_brand": "Sunsilk", "combo": [["80 ml", "69.00"], ["180 ml", "112.00"]]}, {"category": "Beauty & Hygiene", "sub_category_name": "Hair Care", "product_name": "Stunning Black Shine Shampoo", "product_brand": "Sunsilk", "combo": []}, {"category": "Beauty & Hygiene", "sub_category_name": "Hair Care", "product_name": "Anti-Dandruff Natural Ayurvedic Neem Shampoo", "product_brand": "Lever Ayush", "combo": []}, {"category": "Beauty & Hygiene", "sub_category_name": "Hair Care", "product_name": "Daily Shine Shampoo", "product_brand": "Dove", "combo": []}, {"category": "Beauty & Hygiene", "sub_category_name": "Hair Care", "product_name": "Gentle Daily Care Protein Conditioner", "product_brand": "Himalaya", "combo": [["200 ml", "148.50"], ["100 ml", "85.50"]]}, {"category": "Beauty & Hygiene", "sub_category_name": "Hair Care", "product_name": "Olive and Vitamin E Non- Sticky Hair Oil", "product_brand": "Hair & Care", "combo": [["200 ml", "109.25"], ["300 ml", "155.00"], ["500 ml", "237.50"], ["50 ml", "32.00"], ["100 ml", "60.00"]]}, {"category": "Beauty & Hygiene", "sub_category_name": "Hair Care", "product_name": "Bringha Hair Cleanser", "product_brand": "Indulekha", "combo": []}, {"category": "Beauty & Hygiene", "sub_category_name": "Hair Care", "product_name": "Dryness Care Shampoo", "product_brand": "Dove", "combo": [["80 ml", "55.00"], ["340 ml", "230.00"], ["180 ml", "110.00"]]}, {"category": "Beauty & Hygiene", "sub_category_name": "Hair Care", "product_name": "Bringha Hair Cleanser", "product_brand": "Indulekha", "combo": []}, {"category": "Beauty & Hygiene", "sub_category_name": "Hair Care", "product_name": "Oxygen Moisture Conditioner", "product_brand": "Dove", "combo": [["180 ml", "167.20"], ["80 ml", "98.00"]]}, {"category": "Beauty & Hygiene", "sub_category_name": "Hair Care", "product_name": "Protein Hair Cream", "product_brand": "Himalaya", "combo": []}, {"category": "Beauty & Hygiene", "sub_category_name": "Hair Care", "product_name": "Hair Fall Defense Shampoo", "product_brand": "TRESemme", "combo": []}, {"category": "Beauty & Hygiene", "sub_category_name": "Hair Care", "product_name": "Thick & Natural Ayurvedic Long Growth Shikakai Shampoo", "product_brand": "Lever Ayush", "combo": []}, {"category": "Beauty & Hygiene", "sub_category_name": "Hair Care", "product_name": "Anmol Gold Pure Coconut Oil", "product_brand": "Dabur", "combo": [["600 ml", "128.75"], ["175 ml", "58.00"]]}, {"category": "Beauty & Hygiene", "sub_category_name": "Hair Care", "product_name": "Advansed Coconut Hair Serum Oil", "product_brand": "Parachute", "combo": []}, {"category": "Beauty & Hygiene", "sub_category_name": "Hair Care", "product_name": "Advansed Ayurvedic Warming Coconut Hot Hair Oil", "product_brand": "Parachute", "combo": []}, {"category": "Beauty & Hygiene", "sub_category_name": "Hair Care", "product_name": "Hair Care Kit - Anti Hair Fall", "product_brand": "Mamaearth", "combo": []}, {"category": "Beauty & Hygiene", "sub_category_name": "Hair Care", "product_name": "Hail Oil - Jasmine", "product_brand": "Parachute", "combo": [["300 ml", "96.82"], ["190 ml", "71.25"], ["90 ml", "35.34"]]}, {"category": "Beauty & Hygiene", "sub_category_name": "Hair Care", "product_name": "Scalp & Hair Medicine - Anti Hairfall Shampoo", "product_brand": "Kesh King", "combo": []}, {"category": "Beauty & Hygiene", "sub_category_name": "Hair Care", "product_name": "Anti-Hair Fall Shampoo", "product_brand": "Himalaya", "combo": [["700 ml", "382.50"], ["1 L", "520.00"]]}, {"category": "Beauty & Hygiene", "sub_category_name": "Hair Care", "product_name": "Conditioner - Nourishing Soft & Smooth", "product_brand": "Sunsilk", "combo": [["80 ml", "69.00"], ["180 ml", "112.00"]]}, {"category": "Beauty & Hygiene", "sub_category_name": "Hair Care", "product_name": "Stunning Black Shine Shampoo", "product_brand": "Sunsilk", "combo": []}, {"category": "Beauty & Hygiene", "sub_category_name": "Hair Care", "product_name": "Anti-Dandruff Natural Ayurvedic Neem Shampoo", "product_brand": "Lever Ayush", "combo": []}, {"category": "Beauty & Hygiene", "sub_category_name": "Hair Care", "product_name": "Daily Shine Shampoo", "product_brand": "Dove", "combo": []}, {"category": "Beauty & Hygiene", "sub_category_name": "Hair Care", "product_name": "Gentle Daily Care Protein Conditioner", "product_brand": "Himalaya", "combo": [["200 ml", "148.50"], ["100 ml", "85.50"]]}, {"category": "Beauty & Hygiene", "sub_category_name": "Hair Care", "product_name": "Olive and Vitamin E Non- Sticky Hair Oil", "product_brand": "Hair & Care", "combo": [["200 ml", "109.25"], ["300 ml", "155.00"], ["500 ml", "237.50"], ["50 ml", "32.00"], ["100 ml", "60.00"]]}, {"category": "Beauty & Hygiene", "sub_category_name": "Hair Care", "product_name": "Bringha Hair Cleanser", "product_brand": "Indulekha", "combo": []}, {"category": "Beauty & Hygiene", "sub_category_name": "Hair Care", "product_name": "Dryness Care Shampoo", "product_brand": "Dove", "combo": [["80 ml", "55.00"], ["340 ml", "230.00"], ["180 ml", "110.00"]]}, {"category": "Beauty & Hygiene", "sub_category_name": "Hair Care", "product_name": "Bringha Hair Cleanser", "product_brand": "Indulekha", "combo": []}, {"category": "Beauty & Hygiene", "sub_category_name": "Hair Care", "product_name": "Oxygen Moisture Conditioner", "product_brand": "Dove", "combo": [["180 ml", "167.20"], ["80 ml", "98.00"]]}, {"category": "Beauty & Hygiene", "sub_category_name": "Hair Care", "product_name": "Protein Hair Cream", "product_brand": "Himalaya", "combo": []}, {"category": "Beauty & Hygiene", "sub_category_name": "Hair Care", "product_name": "Hair Fall Defense Shampoo", "product_brand": "TRESemme", "combo": []}, {"category": "Beauty & Hygiene", "sub_category_name": "Hair Care", "product_name": "Thick & Natural Ayurvedic Long Growth Shikakai Shampoo", "product_brand": "Lever Ayush", "combo": []}, {"category": "Beauty & Hygiene", "sub_category_name": "Hair Care", "product_name": "Anmol Gold Pure Coconut Oil", "product_brand": "Dabur", "combo": [["600 ml", "128.75"], ["175 ml", "58.00"]]}, {"category": "Beauty & Hygiene", "sub_category_name": "Hair Care", "product_name": "Advansed Coconut Hair Serum Oil", "product_brand": "Parachute", "combo": []}, {"category": "Beauty & Hygiene", "sub_category_name": "Hair Care", "product_name": "Advansed Ayurvedic Warming Coconut Hot Hair Oil", "product_brand": "Parachute", "combo": []}, {"category": "Beauty & Hygiene", "sub_category_name": "Hair Care", "product_name": "Hair Care Kit - Anti Hair Fall", "product_brand": "Mamaearth", "combo": []}, {"category": "Beauty & Hygiene", "sub_category_name": "Hair Care", "product_name": "Hail Oil - Jasmine", "product_brand": "Parachute", "combo": [["300 ml", "96.82"], ["190 ml", "71.25"], ["90 ml", "35.34"]]}, {"category": "Beauty & Hygiene", "sub_category_name": "Hair Care", "product_name": "Scalp & Hair Medicine - Anti Hairfall Shampoo", "product_brand": "Kesh King", "combo": []}, {"category": "Beauty & Hygiene", "sub_category_name": "Hair Care", "product_name": "Anti-Hair Fall Shampoo", "product_brand": "Himalaya", "combo": [["700 ml", "382.50"], ["1 L", "520.00"]]}, {"category": "Beauty & Hygiene", "sub_category_name": "Hair Care", "product_name": "Conditioner - Nourishing Soft & Smooth", "product_brand": "Sunsilk", "combo": [["80 ml", "69.00"], ["180 ml", "112.00"]]}, {"category": "Beauty & Hygiene", "sub_category_name": "Hair Care", "product_name": "Stunning Black Shine Shampoo", "product_brand": "Sunsilk", "combo": []}, {"category": "Beauty & Hygiene", "sub_category_name": "Hair Care", "product_name": "Anti-Dandruff Natural Ayurvedic Neem Shampoo", "product_brand": "Lever Ayush", "combo": []}, {"category": "Beauty & Hygiene", "sub_category_name": "Hair Care", "product_name": "Daily Shine Shampoo", "product_brand": "Dove", "combo": []}, {"category": "Beauty & Hygiene", "sub_category_name": "Hair Care", "product_name": "Gentle Daily Care Protein Conditioner", "product_brand": "Himalaya", "combo": [["200 ml", "148.50"], ["100 ml", "85.50"]]}, {"category": "Beauty & Hygiene", "sub_category_name": "Hair Care", "product_name": "Olive and Vitamin E Non- Sticky Hair Oil", "product_brand": "Hair & Care", "combo": [["200 ml", "109.25"], ["300 ml", "155.00"], ["500 ml", "237.50"], ["50 ml", "32.00"], ["100 ml", "60.00"]]}, {"category": "Beauty & Hygiene", "sub_category_name": "Hair Care", "product_name": "Bringha Hair Cleanser", "product_brand": "Indulekha", "combo": []}, {"category": "Beauty & Hygiene", "sub_category_name": "Hair Care", "product_name": "Dryness Care Shampoo", "product_brand": "Dove", "combo": [["80 ml", "55.00"], ["340 ml", "230.00"], ["180 ml", "110.00"]]}, {"category": "Beauty & Hygiene", "sub_category_name": "Hair Care", "product_name": "Bringha Hair Cleanser", "product_brand": "Indulekha", "combo": []}, {"category": "Beauty & Hygiene", "sub_category_name": "Hair Care", "product_name": "Oxygen Moisture Conditioner", "product_brand": "Dove", "combo": [["180 ml", "167.20"], ["80 ml", "98.00"]]}, {"category": "Beauty & Hygiene", "sub_category_name": "Hair Care", "product_name": "Protein Hair Cream", "product_brand": "Himalaya", "combo": []}, {"category": "Beauty & Hygiene", "sub_category_name": "Hair Care", "product_name": "Hair Fall Defense Shampoo", "product_brand": "TRESemme", "combo": []}, {"category": "Beauty & Hygiene", "sub_category_name": "Hair Care", "product_name": "Thick & Natural Ayurvedic Long Growth Shikakai Shampoo", "product_brand": "Lever Ayush", "combo": []}, {"category": "Beauty & Hygiene", "sub_category_name": "Hair Care", "product_name": "Anmol Gold Pure Coconut Oil", "product_brand": "Dabur", "combo": [["600 ml", "128.75"], ["175 ml", "58.00"]]}, {"category": "Beauty & Hygiene", "sub_category_name": "Hair Care", "product_name": "Advansed Coconut Hair Serum Oil", "product_brand": "Parachute", "combo": []}, {"category": "Beauty & Hygiene", "sub_category_name": "Hair Care", "product_name": "Advansed Ayurvedic Warming Coconut Hot Hair Oil", "product_brand": "Parachute", "combo": []}, {"category": "Beauty & Hygiene", "sub_category_name": "Hair Care", "product_name": "Hair Care Kit - Anti Hair Fall", "product_brand": "Mamaearth", "combo": []}, {"category": "Beauty & Hygiene", "sub_category_name": "Hair Care", "product_name": "Hail Oil - Jasmine", "product_brand": "Parachute", "combo": [["300 ml", "96.82"], ["190 ml", "71.25"], ["90 ml", "35.34"]]}, {"category": "Beauty & Hygiene", "sub_category_name": "Hair Care", "product_name": "Scalp & Hair Medicine - Anti Hairfall Shampoo", "product_brand": "Kesh King", "combo": []}, {"category": "Beauty & Hygiene", "sub_category_name": "Hair Care", "product_name": "Anti-Hair Fall Shampoo", "product_brand": "Himalaya", "combo": [["700 ml", "382.50"], ["1 L", "520.00"]]}, {"category": "Beauty & Hygiene", "sub_category_name": "Hair Care", "product_name": "Conditioner - Nourishing Soft & Smooth", "product_brand": "Sunsilk", "combo": [["80 ml", "69.00"], ["180 ml", "112.00"]]}, {"category": "Beauty & Hygiene", "sub_category_name": "Hair Care", "product_name": "Stunning Black Shine Shampoo", "product_brand": "Sunsilk", "combo": []}, {"category": "Beauty & Hygiene", "sub_category_name": "Hair Care", "product_name": "Anti-Dandruff Natural Ayurvedic Neem Shampoo", "product_brand": "Lever Ayush", "combo": []}, {"category": "Beauty & Hygiene", "sub_category_name": "Hair Care", "product_name": "Daily Shine Shampoo", "product_brand": "Dove", "combo": []}, {"category": "Beauty & Hygiene", "sub_category_name": "Hair Care", "product_name": "Gentle Daily Care Protein Conditioner", "product_brand": "Himalaya", "combo": [["200 ml", "148.50"], ["100 ml", "85.50"]]}, {"category": "Beauty & Hygiene", "sub_category_name": "Hair Care", "product_name": "Olive and Vitamin E Non- Sticky Hair Oil", "product_brand": "Hair & Care", "combo": [["200 ml", "109.25"], ["300 ml", "155.00"], ["500 ml", "237.50"], ["50 ml", "32.00"], ["100 ml", "60.00"]]}, {"category": "Beauty & Hygiene", "sub_category_name": "Hair Care", "product_name": "Bringha Hair Cleanser", "product_brand": "Indulekha", "combo": []}, {"category": "Beauty & Hygiene", "sub_category_name": "Hair Care", "product_name": "Dryness Care Shampoo", "product_brand": "Dove", "combo": [["80 ml", "55.00"], ["340 ml", "230.00"], ["180 ml", "110.00"]]}, {"category": "Beauty & Hygiene", "sub_category_name": "Hair Care", "product_name": "Bringha Hair Cleanser", "product_brand": "Indulekha", "combo": []}, {"category": "Beauty & Hygiene", "sub_category_name": "Hair Care", "product_name": "Oxygen Moisture Conditioner", "product_brand": "Dove", "combo": [["180 ml", "167.20"], ["80 ml", "98.00"]]}, {"category": "Beauty & Hygiene", "sub_category_name": "Hair Care", "product_name": "Protein Hair Cream", "product_brand": "Himalaya", "combo": []}, {"category": "Beauty & Hygiene", "sub_category_name": "Hair Care", "product_name": "Hair Fall Defense Shampoo", "product_brand": "TRESemme", "combo": []}, {"category": "Beauty & Hygiene", "sub_category_name": "Hair Care", "product_name": "Thick & Natural Ayurvedic Long Growth Shikakai Shampoo", "product_brand": "Lever Ayush", "combo": []}, {"category": "Beauty & Hygiene", "sub_category_name": "Hair Care", "product_name": "Anmol Gold Pure Coconut Oil", "product_brand": "Dabur", "combo": [["600 ml", "128.75"], ["175 ml", "58.00"]]}, {"category": "Beauty & Hygiene", "sub_category_name": "Hair Care", "product_name": "Advansed Coconut Hair Serum Oil", "product_brand": "Parachute", "combo": []}, {"category": "Beauty & Hygiene", "sub_category_name": "Hair Care", "product_name": "Advansed Ayurvedic Warming Coconut Hot Hair Oil", "product_brand": "Parachute", "combo": []}, {"category": "Beauty & Hygiene", "sub_category_name": "Hair Care", "product_name": "Hair Care Kit - Anti Hair Fall", "product_brand": "Mamaearth", "combo": []}, {"category": "Beauty & Hygiene", "sub_category_name": "Hair Care", "product_name": "Hail Oil - Jasmine", "product_brand": "Parachute", "combo": [["300 ml", "96.82"], ["190 ml", "71.25"], ["90 ml", "35.34"]]}, {"category": "Beauty & Hygiene", "sub_category_name": "Hair Care", "product_name": "Scalp & Hair Medicine - Anti Hairfall Shampoo", "product_brand": "Kesh King", "combo": []}, {"category": "Beauty & Hygiene", "sub_category_name": "Hair Care", "product_name": "Anti-Hair Fall Shampoo", "product_brand": "Himalaya", "combo": [["700 ml", "382.50"], ["1 L", "520.00"]]}, {"category": "Beauty & Hygiene", "sub_category_name": "Hair Care", "product_name": "Conditioner - Nourishing Soft & Smooth", "product_brand": "Sunsilk", "combo": [["80 ml", "69.00"], ["180 ml", "112.00"]]}, {"category": "Beauty & Hygiene", "sub_category_name": "Hair Care", "product_name": "Stunning Black Shine Shampoo", "product_brand": "Sunsilk", "combo": []}, {"category": "Beauty & Hygiene", "sub_category_name": "Hair Care", "product_name": "Anti-Dandruff Natural Ayurvedic Neem Shampoo", "product_brand": "Lever Ayush", "combo": []}, {"category": "Beauty & Hygiene", "sub_category_name": "Hair Care", "product_name": "Daily Shine Shampoo", "product_brand": "Dove", "combo": []}, {"category": "Beauty & Hygiene", "sub_category_name": "Hair Care", "product_name": "Gentle Daily Care Protein Conditioner", "product_brand": "Himalaya", "combo": [["200 ml", "148.50"], ["100 ml", "85.50"]]}, {"category": "Beauty & Hygiene", "sub_category_name": "Hair Care", "product_name": "Olive and Vitamin E Non- Sticky Hair Oil", "product_brand": "Hair & Care", "combo": [["200 ml", "109.25"], ["300 ml", "155.00"], ["500 ml", "237.50"], ["50 ml", "32.00"], ["100 ml", "60.00"]]}, {"category": "Beauty & Hygiene", "sub_category_name": "Hair Care", "product_name": "Bringha Hair Cleanser", "product_brand": "Indulekha", "combo": []}, {"category": "Beauty & Hygiene", "sub_category_name": "Hair Care", "product_name": "Dryness Care Shampoo", "product_brand": "Dove", "combo": [["80 ml", "55.00"], ["340 ml", "230.00"], ["180 ml", "110.00"]]}, {"category": "Beauty & Hygiene", "sub_category_name": "Hair Care", "product_name": "Bringha Hair Cleanser", "product_brand": "Indulekha", "combo": []}, {"category": "Beauty & Hygiene", "sub_category_name": "Hair Care", "product_name": "Oxygen Moisture Conditioner", "product_brand": "Dove", "combo": [["180 ml", "167.20"], ["80 ml", "98.00"]]}, {"category": "Beauty & Hygiene", "sub_category_name": "Hair Care", "product_name": "Protein Hair Cream", "product_brand": "Himalaya", "combo": []}, {"category": "Beauty & Hygiene", "sub_category_name": "Hair Care", "product_name": "Hair Fall Defense Shampoo", "product_brand": "TRESemme", "combo": []}, {"category": "Beauty & Hygiene", "sub_category_name": "Hair Care", "product_name": "Thick & Natural Ayurvedic Long Growth Shikakai Shampoo", "product_brand": "Lever Ayush", "combo": []}, {"category": "Beauty & Hygiene", "sub_category_name": "Hair Care", "product_name": "Anmol Gold Pure Coconut Oil", "product_brand": "Dabur", "combo": [["600 ml", "128.75"], ["175 ml", "58.00"]]}, {"category": "Beauty & Hygiene", "sub_category_name": "Hair Care", "product_name": "Advansed Coconut Hair Serum Oil", "product_brand": "Parachute", "combo": []}, {"category": "Beauty & Hygiene", "sub_category_name": "Hair Care", "product_name": "Advansed Ayurvedic Warming Coconut Hot Hair Oil", "product_brand": "Parachute", "combo": []}, {"category": "Beauty & Hygiene", "sub_category_name": "Hair Care", "product_name": "Hair Care Kit - Anti Hair Fall", "product_brand": "Mamaearth", "combo": []}, {"category": "Beauty & Hygiene", "sub_category_name": "Hair Care", "product_name": "Hail Oil - Jasmine", "product_brand": "Parachute", "combo": [["300 ml", "96.82"], ["190 ml", "71.25"], ["90 ml", "35.34"]]}, {"category": "Beauty & Hygiene", "sub_category_name": "Hair Care", "product_name": "Scalp & Hair Medicine - Anti Hairfall Shampoo", "product_brand": "Kesh King", "combo": []}, {"category": "Beauty & Hygiene", "sub_category_name": "Hair Care", "product_name": "Anti-Hair Fall Shampoo", "product_brand": "Himalaya", "combo": [["700 ml", "382.50"], ["1 L", "520.00"]]}, {"category": "Beauty & Hygiene", "sub_category_name": "Hair Care", "product_name": "Conditioner - Nourishing Soft & Smooth", "product_brand": "Sunsilk", "combo": [["80 ml", "69.00"], ["180 ml", "112.00"]]}, {"category": "Beauty & Hygiene", "sub_category_name": "Hair Care", "product_name": "Stunning Black Shine Shampoo", "product_brand": "Sunsilk", "combo": []}, {"category": "Beauty & Hygiene", "sub_category_name": "Hair Care", "product_name": "Anti-Dandruff Natural Ayurvedic Neem Shampoo", "product_brand": "Lever Ayush", "combo": []}, {"category": "Beauty & Hygiene", "sub_category_name": "Hair Care", "product_name": "Daily Shine Shampoo", "product_brand": "Dove", "combo": []}, {"category": "Beauty & Hygiene", "sub_category_name": "Hair Care", "product_name": "Gentle Daily Care Protein Conditioner", "product_brand": "Himalaya", "combo": [["200 ml", "148.50"], ["100 ml", "85.50"]]}, {"category": "Beauty & Hygiene", "sub_category_name": "Hair Care", "product_name": "Olive and Vitamin E Non- Sticky Hair Oil", "product_brand": "Hair & Care", "combo": [["200 ml", "109.25"], ["300 ml", "155.00"], ["500 ml", "237.50"], ["50 ml", "32.00"], ["100 ml", "60.00"]]}, {"category": "Beauty & Hygiene", "sub_category_name": "Hair Care", "product_name": "Bringha Hair Cleanser", "product_brand": "Indulekha", "combo": []}, {"category": "Beauty & Hygiene", "sub_category_name": "Hair Care", "product_name": "Dryness Care Shampoo", "product_brand": "Dove", "combo": [["80 ml", "55.00"], ["340 ml", "230.00"], ["180 ml", "110.00"]]}, {"category": "Beauty & Hygiene", "sub_category_name": "Hair Care", "product_name": "Bringha Hair Cleanser", "product_brand": "Indulekha", "combo": []}, {"category": "Beauty & Hygiene", "sub_category_name": "Hair Care", "product_name": "Oxygen Moisture Conditioner", "product_brand": "Dove", "combo": [["180 ml", "167.20"], ["80 ml", "98.00"]]}, {"category": "Beauty & Hygiene", "sub_category_name": "Hair Care", "product_name": "Protein Hair Cream", "product_brand": "Himalaya", "combo": []}, {"category": "Beauty & Hygiene", "sub_category_name": "Hair Care", "product_name": "Hair Fall Defense Shampoo", "product_brand": "TRESemme", "combo": []}, {"category": "Beauty & Hygiene", "sub_category_name": "Hair Care", "product_name": "Thick & Natural Ayurvedic Long Growth Shikakai Shampoo", "product_brand": "Lever Ayush", "combo": []}, {"category": "Beauty & Hygiene", "sub_category_name": "Hair Care", "product_name": "Anmol Gold Pure Coconut Oil", "product_brand": "Dabur", "combo": [["600 ml", "128.75"], ["175 ml", "58.00"]]}, {"category": "Beauty & Hygiene", "sub_category_name": "Hair Care", "product_name": "Advansed Coconut Hair Serum Oil", "product_brand": "Parachute", "combo": []}, {"category": "Beauty & Hygiene", "sub_category_name": "Hair Care", "product_name": "Advansed Ayurvedic Warming Coconut Hot Hair Oil", "product_brand": "Parachute", "combo": []}, {"category": "Beauty & Hygiene", "sub_category_name": "Hair Care", "product_name": "Hair Care Kit - Anti Hair Fall", "product_brand": "Mamaearth", "combo": []}, {"category": "Beauty & Hygiene", "sub_category_name": "Hair Care", "product_name": "Hail Oil - Jasmine", "product_brand": "Parachute", "combo": [["300 ml", "96.82"], ["190 ml", "71.25"], ["90 ml", "35.34"]]}, {"category": "Beauty & Hygiene", "sub_category_name": "Hair Care", "product_name": "Scalp & Hair Medicine - Anti Hairfall Shampoo", "product_brand": "Kesh King", "combo": []}, {"category": "Beauty & Hygiene", "sub_category_name": "Hair Care", "product_name": "Anti-Hair Fall Shampoo", "product_brand": "Himalaya", "combo": [["700 ml", "382.50"], ["1 L", "520.00"]]}, {"category": "Beauty & Hygiene", "sub_category_name": "Hair Care", "product_name": "Conditioner - Nourishing Soft & Smooth", "product_brand": "Sunsilk", "combo": [["80 ml", "69.00"], ["180 ml", "112.00"]]}, {"category": "Beauty & Hygiene", "sub_category_name": "Hair Care", "product_name": "Bio Renew Coconut Milk Shampoo 400 ml + Conditioner 400 ml", "product_brand": "Herbal Essence", "combo": []}, {"category": "Beauty & Hygiene", "sub_category_name": "Hair Care", "product_name": "Ayurvedic Scalp and Hair Oil", "product_brand": "Kesh King", "combo": [["100 ml", "111.24"], ["300 ml", "221.00"]]}, {"category": "Beauty & Hygiene", "sub_category_name": "Hair Care", "product_name": "Lusciously Thick & Long Shampoo", "product_brand": "Sunsilk", "combo": []}, {"category": "Beauty & Hygiene", "sub_category_name": "Hair Care", "product_name": "Anti-Hair Fall Cream", "product_brand": "Himalaya", "combo": []}, {"category": "Beauty & Hygiene", "sub_category_name": "Hair Care", "product_name": "Hair Oil - Active Care Anti Dandruff", "product_brand": "Clear", "combo": []}, {"category": "Beauty & Hygiene", "sub_category_name": "Hair Care", "product_name": "Advanced Hair Fall Solution Shampoo - Long Black", "product_brand": "Pantene", "combo": [["340 ml", "220.00"], ["650 ml", "365.00"], ["75 ml", "60.00"], ["180 ml", "120.00"]]}, {"category": "Beauty & Hygiene", "sub_category_name": "Hair Care", "product_name": "Anti-Dandruff Hair Cream", "product_brand": "Himalaya", "combo": []}, {"category": "Beauty & Hygiene", "sub_category_name": "Hair Care", "product_name": "Shampoo Smooth & Silky 675ml + Conditioner Silky Smooth Care 175ml", "product_brand": "Pantene", "combo": []}, {"category": "Beauty & Hygiene", "sub_category_name": "Hair Care", "product_name": "Casting Creme Gloss Hair Color", "product_brand": "Loreal Paris", "combo": []}, {"category": "Beauty & Hygiene", "sub_category_name": "Hair Care", "product_name": "Serie Expert ZNPT+Citric Acid Instant Clear Anti Dandruff Shampoo", "product_brand": "LOreal Professionnel", "combo": []}, {"category": "Beauty & Hygiene", "sub_category_name": "Hair Care", "product_name": "Cream Hair Colour - Natural Black 120 ml + Hair Serum With Walnut Oil 100 ml", "product_brand": "Streax", "combo": []}, {"category": "Beauty & Hygiene", "sub_category_name": "Hair Care", "product_name": "Strong & Extra Thick Shampoo", "product_brand": "Clinic Plus", "combo": [["80 ml", "45.00"], ["175 ml", "84.00"], ["340 ml", "143.10"], ["650 ml", "327.25"]]}, {"category": "Beauty & Hygiene", "sub_category_name": "Hair Care", "product_name": "Biolage Ultra Hydrasource Aloe Hydrating Masque", "product_brand": "Matrix", "combo": []}, {"category": "Beauty & Hygiene", "sub_category_name": "Hair Care", "product_name": "Hair Oil - Ayurvedic, Cool", "product_brand": "Navratna", "combo": []}, {"category": "Beauty & Hygiene", "sub_category_name": "Hair Care", "product_name": "Lusciously Thick & Long Shampoo", "product_brand": "Sunsilk", "combo": []}, {"category": "Beauty & Hygiene", "sub_category_name": "Hair Care", "product_name": "Men Hair Cream - Anti-Hairfall", "product_brand": "Parachute Advansed", "combo": []}, {"category": "Beauty & Hygiene", "sub_category_name": "Hair Care", "product_name": "Advanced Hair Fall Solution Shampoo - Total Damage Care", "product_brand": "Pantene", "combo": [["75 ml", "60.00"], ["650 ml", "365.00"], ["340 ml", "220.00"], ["180 ml", "120.00"]]}, {"category": "Beauty & Hygiene", "sub_category_name": "Hair Care", "product_name": "Shake & Spray Serum", "product_brand": "Livon Serum", "combo": [["50 ml", "127.50"], ["100 ml", "200.00"]]}, {"category": "Beauty & Hygiene", "sub_category_name": "Hair Care", "product_name": "Damage Repair Shampoo", "product_brand": "Nyle", "combo": []}, {"category": "Beauty & Hygiene", "sub_category_name": "Hair Care", "product_name": "Shampoo - Anti-Dandruff", "product_brand": "Clinic Plus", "combo": []}, {"category": "Beauty & Hygiene", "sub_category_name": "Hair Care", "product_name": "Bio Renew Coconut Milk Shampoo 400 ml + Conditioner 400 ml", "product_brand": "Herbal Essence", "combo": []}, {"category": "Beauty & Hygiene", "sub_category_name": "Hair Care", "product_name": "Ayurvedic Scalp and Hair Oil", "product_brand": "Kesh King", "combo": [["100 ml", "111.24"], ["300 ml", "221.00"]]}, {"category": "Beauty & Hygiene", "sub_category_name": "Hair Care", "product_name": "Lusciously Thick & Long Shampoo", "product_brand": "Sunsilk", "combo": []}, {"category": "Beauty & Hygiene", "sub_category_name": "Hair Care", "product_name": "Anti-Hair Fall Cream", "product_brand": "Himalaya", "combo": []}, {"category": "Beauty & Hygiene", "sub_category_name": "Hair Care", "product_name": "Hair Oil - Active Care Anti Dandruff", "product_brand": "Clear", "combo": []}, {"category": "Beauty & Hygiene", "sub_category_name": "Hair Care", "product_name": "Advanced Hair Fall Solution Shampoo - Long Black", "product_brand": "Pantene", "combo": [["340 ml", "220.00"], ["650 ml", "365.00"], ["75 ml", "60.00"], ["180 ml", "120.00"]]}, {"category": "Beauty & Hygiene", "sub_category_name": "Hair Care", "product_name": "Anti-Dandruff Hair Cream", "product_brand": "Himalaya", "combo": []}, {"category": "Beauty & Hygiene", "sub_category_name": "Hair Care", "product_name": "Shampoo Smooth & Silky 675ml + Conditioner Silky Smooth Care 175ml", "product_brand": "Pantene", "combo": []}, {"category": "Beauty & Hygiene", "sub_category_name": "Hair Care", "product_name": "Casting Creme Gloss Hair Color", "product_brand": "Loreal Paris", "combo": []}, {"category": "Beauty & Hygiene", "sub_category_name": "Hair Care", "product_name": "Serie Expert ZNPT+Citric Acid Instant Clear Anti Dandruff Shampoo", "product_brand": "LOreal Professionnel", "combo": []}, {"category": "Beauty & Hygiene", "sub_category_name": "Hair Care", "product_name": "Cream Hair Colour - Natural Black 120 ml + Hair Serum With Walnut Oil 100 ml", "product_brand": "Streax", "combo": []}, {"category": "Beauty & Hygiene", "sub_category_name": "Hair Care", "product_name": "Strong & Extra Thick Shampoo", "product_brand": "Clinic Plus", "combo": [["80 ml", "45.00"], ["175 ml", "84.00"], ["340 ml", "143.10"], ["650 ml", "327.25"]]}, {"category": "Beauty & Hygiene", "sub_category_name": "Hair Care", "product_name": "Biolage Ultra Hydrasource Aloe Hydrating Masque", "product_brand": "Matrix", "combo": []}, {"category": "Beauty & Hygiene", "sub_category_name": "Hair Care", "product_name": "Hair Oil - Ayurvedic, Cool", "product_brand": "Navratna", "combo": []}, {"category": "Beauty & Hygiene", "sub_category_name": "Hair Care", "product_name": "Lusciously Thick & Long Shampoo", "product_brand": "Sunsilk", "combo": []}, {"category": "Beauty & Hygiene", "sub_category_name": "Hair Care", "product_name": "Men Hair Cream - Anti-Hairfall", "product_brand": "Parachute Advansed", "combo": []}, {"category": "Beauty & Hygiene", "sub_category_name": "Hair Care", "product_name": "Advanced Hair Fall Solution Shampoo - Total Damage Care", "product_brand": "Pantene", "combo": [["75 ml", "60.00"], ["650 ml", "365.00"], ["340 ml", "220.00"], ["180 ml", "120.00"]]}, {"category": "Beauty & Hygiene", "sub_category_name": "Hair Care", "product_name": "Shake & Spray Serum", "product_brand": "Livon Serum", "combo": [["50 ml", "127.50"], ["100 ml", "200.00"]]}, {"category": "Beauty & Hygiene", "sub_category_name": "Hair Care", "product_name": "Damage Repair Shampoo", "product_brand": "Nyle", "combo": []}, {"category": "Beauty & Hygiene", "sub_category_name": "Hair Care", "product_name": "Shampoo - Anti-Dandruff", "product_brand": "Clinic Plus", "combo": []}, {"category": "Beauty & Hygiene", "sub_category_name": "Hair Care", "product_name": "Bio Renew Coconut Milk Shampoo 400 ml + Conditioner 400 ml", "product_brand": "Herbal Essence", "combo": []}, {"category": "Beauty & Hygiene", "sub_category_name": "Hair Care", "product_name": "Ayurvedic Scalp and Hair Oil", "product_brand": "Kesh King", "combo": [["100 ml", "111.24"], ["300 ml", "221.00"]]}, {"category": "Beauty & Hygiene", "sub_category_name": "Hair Care", "product_name": "Lusciously Thick & Long Shampoo", "product_brand": "Sunsilk", "combo": []}, {"category": "Beauty & Hygiene", "sub_category_name": "Hair Care", "product_name": "Anti-Hair Fall Cream", "product_brand": "Himalaya", "combo": []}, {"category": "Beauty & Hygiene", "sub_category_name": "Hair Care", "product_name": "Hair Oil - Active Care Anti Dandruff", "product_brand": "Clear", "combo": []}, {"category": "Beauty & Hygiene", "sub_category_name": "Hair Care", "product_name": "Advanced Hair Fall Solution Shampoo - Long Black", "product_brand": "Pantene", "combo": [["340 ml", "220.00"], ["650 ml", "365.00"], ["75 ml", "60.00"], ["180 ml", "120.00"]]}, {"category": "Beauty & Hygiene", "sub_category_name": "Hair Care", "product_name": "Anti-Dandruff Hair Cream", "product_brand": "Himalaya", "combo": []}, {"category": "Beauty & Hygiene", "sub_category_name": "Hair Care", "product_name": "Shampoo Smooth & Silky 675ml + Conditioner Silky Smooth Care 175ml", "product_brand": "Pantene", "combo": []}, {"category": "Beauty & Hygiene", "sub_category_name": "Hair Care", "product_name": "Casting Creme Gloss Hair Color", "product_brand": "Loreal Paris", "combo": []}, {"category": "Beauty & Hygiene", "sub_category_name": "Hair Care", "product_name": "Serie Expert ZNPT+Citric Acid Instant Clear Anti Dandruff Shampoo", "product_brand": "LOreal Professionnel", "combo": []}, {"category": "Beauty & Hygiene", "sub_category_name": "Hair Care", "product_name": "Cream Hair Colour - Natural Black 120 ml + Hair Serum With Walnut Oil 100 ml", "product_brand": "Streax", "combo": []}, {"category": "Beauty & Hygiene", "sub_category_name": "Hair Care", "product_name": "Strong & Extra Thick Shampoo", "product_brand": "Clinic Plus", "combo": [["80 ml", "45.00"], ["175 ml", "84.00"], ["340 ml", "143.10"], ["650 ml", "327.25"]]}, {"category": "Beauty & Hygiene", "sub_category_name": "Hair Care", "product_name": "Biolage Ultra Hydrasource Aloe Hydrating Masque", "product_brand": "Matrix", "combo": []}, {"category": "Beauty & Hygiene", "sub_category_name": "Hair Care", "product_name": "Hair Oil - Ayurvedic, Cool", "product_brand": "Navratna", "combo": []}, {"category": "Beauty & Hygiene", "sub_category_name": "Hair Care", "product_name": "Lusciously Thick & Long Shampoo", "product_brand": "Sunsilk", "combo": []}, {"category": "Beauty & Hygiene", "sub_category_name": "Hair Care", "product_name": "Men Hair Cream - Anti-Hairfall", "product_brand": "Parachute Advansed", "combo": []}, {"category": "Beauty & Hygiene", "sub_category_name": "Hair Care", "product_name": "Advanced Hair Fall Solution Shampoo - Total Damage Care", "product_brand": "Pantene", "combo": [["75 ml", "60.00"], ["650 ml", "365.00"], ["340 ml", "220.00"], ["180 ml", "120.00"]]}, {"category": "Beauty & Hygiene", "sub_category_name": "Hair Care", "product_name": "Shake & Spray Serum", "product_brand": "Livon Serum", "combo": [["50 ml", "127.50"], ["100 ml", "200.00"]]}, {"category": "Beauty & Hygiene", "sub_category_name": "Hair Care", "product_name": "Damage Repair Shampoo", "product_brand": "Nyle", "combo": []}, {"category": "Beauty & Hygiene", "sub_category_name": "Hair Care", "product_name": "Shampoo - Anti-Dandruff", "product_brand": "Clinic Plus", "combo": []}, {"category": "Beauty & Hygiene", "sub_category_name": "Hair Care", "product_name": "Bio Renew Coconut Milk Shampoo 400 ml + Conditioner 400 ml", "product_brand": "Herbal Essence", "combo": []}, {"category": "Beauty & Hygiene", "sub_category_name": "Hair Care", "product_name": "Ayurvedic Scalp and Hair Oil", "product_brand": "Kesh King", "combo": [["100 ml", "111.24"], ["300 ml", "221.00"]]}, {"category": "Beauty & Hygiene", "sub_category_name": "Hair Care", "product_name": "Lusciously Thick & Long Shampoo", "product_brand": "Sunsilk", "combo": []}, {"category": "Beauty & Hygiene", "sub_category_name": "Hair Care", "product_name": "Anti-Hair Fall Cream", "product_brand": "Himalaya", "combo": []}, {"category": "Beauty & Hygiene", "sub_category_name": "Hair Care", "product_name": "Hair Oil - Active Care Anti Dandruff", "product_brand": "Clear", "combo": []}, {"category": "Beauty & Hygiene", "sub_category_name": "Hair Care", "product_name": "Advanced Hair Fall Solution Shampoo - Long Black", "product_brand": "Pantene", "combo": [["340 ml", "220.00"], ["650 ml", "365.00"], ["75 ml", "60.00"], ["180 ml", "120.00"]]}, {"category": "Beauty & Hygiene", "sub_category_name": "Hair Care", "product_name": "Anti-Dandruff Hair Cream", "product_brand": "Himalaya", "combo": []}, {"category": "Beauty & Hygiene", "sub_category_name": "Hair Care", "product_name": "Shampoo Smooth & Silky 675ml + Conditioner Silky Smooth Care 175ml", "product_brand": "Pantene", "combo": []}, {"category": "Beauty & Hygiene", "sub_category_name": "Hair Care", "product_name": "Casting Creme Gloss Hair Color", "product_brand": "Loreal Paris", "combo": []}, {"category": "Beauty & Hygiene", "sub_category_name": "Hair Care", "product_name": "Serie Expert ZNPT+Citric Acid Instant Clear Anti Dandruff Shampoo", "product_brand": "LOreal Professionnel", "combo": []}, {"category": "Beauty & Hygiene", "sub_category_name": "Hair Care", "product_name": "Cream Hair Colour - Natural Black 120 ml + Hair Serum With Walnut Oil 100 ml", "product_brand": "Streax", "combo": []}, {"category": "Beauty & Hygiene", "sub_category_name": "Hair Care", "product_name": "Strong & Extra Thick Shampoo", "product_brand": "Clinic Plus", "combo": [["80 ml", "45.00"], ["175 ml", "84.00"], ["340 ml", "143.10"], ["650 ml", "327.25"]]}, {"category": "Beauty & Hygiene", "sub_category_name": "Hair Care", "product_name": "Biolage Ultra Hydrasource Aloe Hydrating Masque", "product_brand": "Matrix", "combo": []}, {"category": "Beauty & Hygiene", "sub_category_name": "Hair Care", "product_name": "Hair Oil - Ayurvedic, Cool", "product_brand": "Navratna", "combo": []}, {"category": "Beauty & Hygiene", "sub_category_name": "Hair Care", "product_name": "Lusciously Thick & Long Shampoo", "product_brand": "Sunsilk", "combo": []}, {"category": "Beauty & Hygiene", "sub_category_name": "Hair Care", "product_name": "Men Hair Cream - Anti-Hairfall", "product_brand": "Parachute Advansed", "combo": []}, {"category": "Beauty & Hygiene", "sub_category_name": "Hair Care", "product_name": "Advanced Hair Fall Solution Shampoo - Total Damage Care", "product_brand": "Pantene", "combo": [["75 ml", "60.00"], ["650 ml", "365.00"], ["340 ml", "220.00"], ["180 ml", "120.00"]]}, {"category": "Beauty & Hygiene", "sub_category_name": "Hair Care", "product_name": "Shake & Spray Serum", "product_brand": "Livon Serum", "combo": [["50 ml", "127.50"], ["100 ml", "200.00"]]}, {"category": "Beauty & Hygiene", "sub_category_name": "Hair Care", "product_name": "Damage Repair Shampoo", "product_brand": "Nyle", "combo": []}, {"category": "Beauty & Hygiene", "sub_category_name": "Hair Care", "product_name": "Shampoo - Anti-Dandruff", "product_brand": "Clinic Plus", "combo": []}, {"category": "Beauty & Hygiene", "sub_category_name": "Hair Care", "product_name": "Strong and Long Naturals Shampoo", "product_brand": "Clinic Plus", "combo": []}, {"category": "Beauty & Hygiene", "sub_category_name": "Hair Care", "product_name": "Shampoo - Ayurveda Care Triphala", "product_brand": "Clinic Plus", "combo": []}, {"category": "Beauty & Hygiene", "sub_category_name": "Hair Care", "product_name": "Opti Care Smooth Straight Professional Ultra Smoothing Conditioner", "product_brand": "Matrix", "combo": [["196 g", "470.00"], ["98 g", "260.00"]]}, {"category": "Beauty & Hygiene", "sub_category_name": "Hair Care", "product_name": "Green Tea & White Lily Freshness Hair Shampoo", "product_brand": "Sunsilk", "combo": []}, {"category": "Beauty & Hygiene", "sub_category_name": "Hair Care", "product_name": "Bio Renew Argan Oil Of Morocco Conditioner", "product_brand": "Herbal Essence", "combo": []}, {"category": "Beauty & Hygiene", "sub_category_name": "Hair Care", "product_name": "Hair Conditioner - No More Tangles, Silicone/Paraben free", "product_brand": "Mamaearth", "combo": []}, {"category": "Beauty & Hygiene", "sub_category_name": "Hair Care", "product_name": "Anti-Dandruff Gel", "product_brand": "Green Leaf", "combo": []}, {"category": "Beauty & Hygiene", "sub_category_name": "Hair Care", "product_name": "Herbal Shikakai Honey Hair Cleanser - SLS & Paraben Free", "product_brand": "Khadi Natural", "combo": []}, {"category": "Beauty & Hygiene", "sub_category_name": "Hair Care", "product_name": "AntiDandruff Shampoo SmoothSilky 2x340ml + Shampoo&Conditioner CoolMenthol 360ml", "product_brand": "Head & Shoulder", "combo": []}, {"category": "Beauty & Hygiene", "sub_category_name": "Hair Care", "product_name": "Hair Fall Control Kit - Oil, Shampoo & Serum", "product_brand": "Dr Batra's", "combo": []}, {"category": "Beauty & Hygiene", "sub_category_name": "Hair Care", "product_name": "Bio Renew Coconut Milk Shampoo", "product_brand": "Herbal Essence", "combo": []}, {"category": "Beauty & Hygiene", "sub_category_name": "Hair Care", "product_name": "Biolage Advanced Repairinside Shampoo", "product_brand": "Matrix", "combo": [["400 ml", "553.50"], ["200 ml", "335.00"]]}, {"category": "Beauty & Hygiene", "sub_category_name": "Hair Care", "product_name": "Handmade Slim Narrow Comb - HM001", "product_brand": "Filone", "combo": [["2x1 pc", "180.00"], ["1 pc", "90.00"]]}, {"category": "Beauty & Hygiene", "sub_category_name": "Hair Care", "product_name": "Shampoo - For Dry Damaged Colour Treated & Permed Hair, Bio Soya Protein", "product_brand": "BIOTIQUE", "combo": [["120 ml", "84.15"], ["190 ml", "143.10"], ["2x120 ml", "168.30"]]}, {"category": "Beauty & Hygiene", "sub_category_name": "Hair Care", "product_name": "Advansed Jasmine, Non Sticky Coconut Hair Oil", "product_brand": "Parachute", "combo": []}, {"category": "Beauty & Hygiene", "sub_category_name": "Hair Care", "product_name": "Conditioner - Thick & Long", "product_brand": "Sunsilk", "combo": []}, {"category": "Beauty & Hygiene", "sub_category_name": "Hair Care", "product_name": "Black Henna With Aloevera Hair Colour", "product_brand": "Banjara's", "combo": [["10 g", "65.00"], ["3x10 g", "195.00"]]}, {"category": "Beauty & Hygiene", "sub_category_name": "Hair Care", "product_name": "Anti-Dandruff Shampoo - Strong Scalp", "product_brand": "Clinic Plus", "combo": []}, {"category": "Beauty & Hygiene", "sub_category_name": "Hair Care", "product_name": "Color Protect Conditioner", "product_brand": "Loreal Paris", "combo": [["175 ml", "148.00"], ["65 ml", "85.00"]]}, {"category": "Beauty & Hygiene", "sub_category_name": "Hair Care", "product_name": "Argan Oil - Conditioner", "product_brand": "XPEL", "combo": []}, {"category": "Beauty & Hygiene", "sub_category_name": "Hair Care", "product_name": "Strong and Long Naturals Shampoo", "product_brand": "Clinic Plus", "combo": []}, {"category": "Beauty & Hygiene", "sub_category_name": "Hair Care", "product_name": "Shampoo - Ayurveda Care Triphala", "product_brand": "Clinic Plus", "combo": []}, {"category": "Beauty & Hygiene", "sub_category_name": "Hair Care", "product_name": "Opti Care Smooth Straight Professional Ultra Smoothing Conditioner", "product_brand": "Matrix", "combo": [["196 g", "470.00"], ["98 g", "260.00"]]}, {"category": "Beauty & Hygiene", "sub_category_name": "Hair Care", "product_name": "Green Tea & White Lily Freshness Hair Shampoo", "product_brand": "Sunsilk", "combo": []}, {"category": "Beauty & Hygiene", "sub_category_name": "Hair Care", "product_name": "Bio Renew Argan Oil Of Morocco Conditioner", "product_brand": "Herbal Essence", "combo": []}, {"category": "Beauty & Hygiene", "sub_category_name": "Hair Care", "product_name": "Hair Conditioner - No More Tangles, Silicone/Paraben free", "product_brand": "Mamaearth", "combo": []}, {"category": "Beauty & Hygiene", "sub_category_name": "Hair Care", "product_name": "Anti-Dandruff Gel", "product_brand": "Green Leaf", "combo": []}, {"category": "Beauty & Hygiene", "sub_category_name": "Hair Care", "product_name": "Herbal Shikakai Honey Hair Cleanser - SLS & Paraben Free", "product_brand": "Khadi Natural", "combo": []}, {"category": "Beauty & Hygiene", "sub_category_name": "Hair Care", "product_name": "AntiDandruff Shampoo SmoothSilky 2x340ml + Shampoo&Conditioner CoolMenthol 360ml", "product_brand": "Head & Shoulder", "combo": []}, {"category": "Beauty & Hygiene", "sub_category_name": "Hair Care", "product_name": "Hair Fall Control Kit - Oil, Shampoo & Serum", "product_brand": "Dr Batra's", "combo": []}, {"category": "Beauty & Hygiene", "sub_category_name": "Hair Care", "product_name": "Bio Renew Coconut Milk Shampoo", "product_brand": "Herbal Essence", "combo": []}, {"category": "Beauty & Hygiene", "sub_category_name": "Hair Care", "product_name": "Biolage Advanced Repairinside Shampoo", "product_brand": "Matrix", "combo": [["400 ml", "553.50"], ["200 ml", "335.00"]]}, {"category": "Beauty & Hygiene", "sub_category_name": "Hair Care", "product_name": "Handmade Slim Narrow Comb - HM001", "product_brand": "Filone", "combo": [["2x1 pc", "180.00"], ["1 pc", "90.00"]]}, {"category": "Beauty & Hygiene", "sub_category_name": "Hair Care", "product_name": "Shampoo - For Dry Damaged Colour Treated & Permed Hair, Bio Soya Protein", "product_brand": "BIOTIQUE", "combo": [["120 ml", "84.15"], ["190 ml", "143.10"], ["2x120 ml", "168.30"]]}, {"category": "Beauty & Hygiene", "sub_category_name": "Hair Care", "product_name": "Advansed Jasmine, Non Sticky Coconut Hair Oil", "product_brand": "Parachute", "combo": []}, {"category": "Beauty & Hygiene", "sub_category_name": "Hair Care", "product_name": "Conditioner - Thick & Long", "product_brand": "Sunsilk", "combo": []}, {"category": "Beauty & Hygiene", "sub_category_name": "Hair Care", "product_name": "Black Henna With Aloevera Hair Colour", "product_brand": "Banjara's", "combo": [["10 g", "65.00"], ["3x10 g", "195.00"]]}, {"category": "Beauty & Hygiene", "sub_category_name": "Hair Care", "product_name": "Anti-Dandruff Shampoo - Strong Scalp", "product_brand": "Clinic Plus", "combo": []}, {"category": "Beauty & Hygiene", "sub_category_name": "Hair Care", "product_name": "Color Protect Conditioner", "product_brand": "Loreal Paris", "combo": [["175 ml", "148.00"], ["65 ml", "85.00"]]}, {"category": "Beauty & Hygiene", "sub_category_name": "Hair Care", "product_name": "Argan Oil - Conditioner", "product_brand": "XPEL", "combo": []}, {"category": "Beauty & Hygiene", "sub_category_name": "Hair Care", "product_name": "Strong and Long Naturals Shampoo", "product_brand": "Clinic Plus", "combo": []}, {"category": "Beauty & Hygiene", "sub_category_name": "Hair Care", "product_name": "Shampoo - Ayurveda Care Triphala", "product_brand": "Clinic Plus", "combo": []}, {"category": "Beauty & Hygiene", "sub_category_name": "Hair Care", "product_name": "Opti Care Smooth Straight Professional Ultra Smoothing Conditioner", "product_brand": "Matrix", "combo": [["196 g", "470.00"], ["98 g", "260.00"]]}, {"category": "Beauty & Hygiene", "sub_category_name": "Hair Care", "product_name": "Green Tea & White Lily Freshness Hair Shampoo", "product_brand": "Sunsilk", "combo": []}, {"category": "Beauty & Hygiene", "sub_category_name": "Hair Care", "product_name": "Bio Renew Argan Oil Of Morocco Conditioner", "product_brand": "Herbal Essence", "combo": []}, {"category": "Beauty & Hygiene", "sub_category_name": "Hair Care", "product_name": "Hair Conditioner - No More Tangles, Silicone/Paraben free", "product_brand": "Mamaearth", "combo": []}, {"category": "Beauty & Hygiene", "sub_category_name": "Hair Care", "product_name": "Anti-Dandruff Gel", "product_brand": "Green Leaf", "combo": []}, {"category": "Beauty & Hygiene", "sub_category_name": "Hair Care", "product_name": "Herbal Shikakai Honey Hair Cleanser - SLS & Paraben Free", "product_brand": "Khadi Natural", "combo": []}, {"category": "Beauty & Hygiene", "sub_category_name": "Hair Care", "product_name": "AntiDandruff Shampoo SmoothSilky 2x340ml + Shampoo&Conditioner CoolMenthol 360ml", "product_brand": "Head & Shoulder", "combo": []}, {"category": "Beauty & Hygiene", "sub_category_name": "Hair Care", "product_name": "Hair Fall Control Kit - Oil, Shampoo & Serum", "product_brand": "Dr Batra's", "combo": []}, {"category": "Beauty & Hygiene", "sub_category_name": "Hair Care", "product_name": "Bio Renew Coconut Milk Shampoo", "product_brand": "Herbal Essence", "combo": []}, {"category": "Beauty & Hygiene", "sub_category_name": "Hair Care", "product_name": "Biolage Advanced Repairinside Shampoo", "product_brand": "Matrix", "combo": [["400 ml", "553.50"], ["200 ml", "335.00"]]}, {"category": "Beauty & Hygiene", "sub_category_name": "Hair Care", "product_name": "Handmade Slim Narrow Comb - HM001", "product_brand": "Filone", "combo": [["2x1 pc", "180.00"], ["1 pc", "90.00"]]}, {"category": "Beauty & Hygiene", "sub_category_name": "Hair Care", "product_name": "Shampoo - For Dry Damaged Colour Treated & Permed Hair, Bio Soya Protein", "product_brand": "BIOTIQUE", "combo": [["120 ml", "84.15"], ["190 ml", "143.10"], ["2x120 ml", "168.30"]]}, {"category": "Beauty & Hygiene", "sub_category_name": "Hair Care", "product_name": "Advansed Jasmine, Non Sticky Coconut Hair Oil", "product_brand": "Parachute", "combo": []}, {"category": "Beauty & Hygiene", "sub_category_name": "Hair Care", "product_name": "Conditioner - Thick & Long", "product_brand": "Sunsilk", "combo": []}, {"category": "Beauty & Hygiene", "sub_category_name": "Hair Care", "product_name": "Black Henna With Aloevera Hair Colour", "product_brand": "Banjara's", "combo": [["10 g", "65.00"], ["3x10 g", "195.00"]]}, {"category": "Beauty & Hygiene", "sub_category_name": "Hair Care", "product_name": "Anti-Dandruff Shampoo - Strong Scalp", "product_brand": "Clinic Plus", "combo": []}, {"category": "Beauty & Hygiene", "sub_category_name": "Hair Care", "product_name": "Color Protect Conditioner", "product_brand": "Loreal Paris", "combo": [["175 ml", "148.00"], ["65 ml", "85.00"]]}, {"category": "Beauty & Hygiene", "sub_category_name": "Hair Care", "product_name": "Argan Oil - Conditioner", "product_brand": "XPEL", "combo": []}, {"category": "Beauty & Hygiene", "sub_category_name": "Hair Care", "product_name": "Strong and Long Naturals Shampoo", "product_brand": "Clinic Plus", "combo": []}, {"category": "Beauty & Hygiene", "sub_category_name": "Hair Care", "product_name": "Shampoo - Ayurveda Care Triphala", "product_brand": "Clinic Plus", "combo": []}, {"category": "Beauty & Hygiene", "sub_category_name": "Hair Care", "product_name": "Opti Care Smooth Straight Professional Ultra Smoothing Conditioner", "product_brand": "Matrix", "combo": [["196 g", "470.00"], ["98 g", "260.00"]]}, {"category": "Beauty & Hygiene", "sub_category_name": "Hair Care", "product_name": "Green Tea & White Lily Freshness Hair Shampoo", "product_brand": "Sunsilk", "combo": []}, {"category": "Beauty & Hygiene", "sub_category_name": "Hair Care", "product_name": "Bio Renew Argan Oil Of Morocco Conditioner", "product_brand": "Herbal Essence", "combo": []}, {"category": "Beauty & Hygiene", "sub_category_name": "Hair Care", "product_name": "Hair Conditioner - No More Tangles, Silicone/Paraben free", "product_brand": "Mamaearth", "combo": []}, {"category": "Beauty & Hygiene", "sub_category_name": "Hair Care", "product_name": "Anti-Dandruff Gel", "product_brand": "Green Leaf", "combo": []}, {"category": "Beauty & Hygiene", "sub_category_name": "Hair Care", "product_name": "Herbal Shikakai Honey Hair Cleanser - SLS & Paraben Free", "product_brand": "Khadi Natural", "combo": []}, {"category": "Beauty & Hygiene", "sub_category_name": "Hair Care", "product_name": "AntiDandruff Shampoo SmoothSilky 2x340ml + Shampoo&Conditioner CoolMenthol 360ml", "product_brand": "Head & Shoulder", "combo": []}, {"category": "Beauty & Hygiene", "sub_category_name": "Hair Care", "product_name": "Hair Fall Control Kit - Oil, Shampoo & Serum", "product_brand": "Dr Batra's", "combo": []}, {"category": "Beauty & Hygiene", "sub_category_name": "Hair Care", "product_name": "Bio Renew Coconut Milk Shampoo", "product_brand": "Herbal Essence", "combo": []}, {"category": "Beauty & Hygiene", "sub_category_name": "Hair Care", "product_name": "Biolage Advanced Repairinside Shampoo", "product_brand": "Matrix", "combo": [["400 ml", "553.50"], ["200 ml", "335.00"]]}, {"category": "Beauty & Hygiene", "sub_category_name": "Hair Care", "product_name": "Handmade Slim Narrow Comb - HM001", "product_brand": "Filone", "combo": [["2x1 pc", "180.00"], ["1 pc", "90.00"]]}, {"category": "Beauty & Hygiene", "sub_category_name": "Hair Care", "product_name": "Shampoo - For Dry Damaged Colour Treated & Permed Hair, Bio Soya Protein", "product_brand": "BIOTIQUE", "combo": [["120 ml", "84.15"], ["190 ml", "143.10"], ["2x120 ml", "168.30"]]}, {"category": "Beauty & Hygiene", "sub_category_name": "Hair Care", "product_name": "Advansed Jasmine, Non Sticky Coconut Hair Oil", "product_brand": "Parachute", "combo": []}, {"category": "Beauty & Hygiene", "sub_category_name": "Hair Care", "product_name": "Conditioner - Thick & Long", "product_brand": "Sunsilk", "combo": []}, {"category": "Beauty & Hygiene", "sub_category_name": "Hair Care", "product_name": "Black Henna With Aloevera Hair Colour", "product_brand": "Banjara's", "combo": [["10 g", "65.00"], ["3x10 g", "195.00"]]}, {"category": "Beauty & Hygiene", "sub_category_name": "Hair Care", "product_name": "Anti-Dandruff Shampoo - Strong Scalp", "product_brand": "Clinic Plus", "combo": []}, {"category": "Beauty & Hygiene", "sub_category_name": "Hair Care", "product_name": "Color Protect Conditioner", "product_brand": "Loreal Paris", "combo": [["175 ml", "148.00"], ["65 ml", "85.00"]]}, {"category": "Beauty & Hygiene", "sub_category_name": "Hair Care", "product_name": "Argan Oil - Conditioner", "product_brand": "XPEL", "combo": []}, {"category": "Beauty & Hygiene", "sub_category_name": "Hair Care", "product_name": "Strong and Long Naturals Shampoo", "product_brand": "Clinic Plus", "combo": []}, {"category": "Beauty & Hygiene", "sub_category_name": "Hair Care", "product_name": "Shampoo - Ayurveda Care Triphala", "product_brand": "Clinic Plus", "combo": []}, {"category": "Beauty & Hygiene", "sub_category_name": "Hair Care", "product_name": "Opti Care Smooth Straight Professional Ultra Smoothing Conditioner", "product_brand": "Matrix", "combo": [["196 g", "470.00"], ["98 g", "260.00"]]}, {"category": "Beauty & Hygiene", "sub_category_name": "Hair Care", "product_name": "Green Tea & White Lily Freshness Hair Shampoo", "product_brand": "Sunsilk", "combo": []}, {"category": "Beauty & Hygiene", "sub_category_name": "Hair Care", "product_name": "Bio Renew Argan Oil Of Morocco Conditioner", "product_brand": "Herbal Essence", "combo": []}, {"category": "Beauty & Hygiene", "sub_category_name": "Hair Care", "product_name": "Hair Conditioner - No More Tangles, Silicone/Paraben free", "product_brand": "Mamaearth", "combo": []}, {"category": "Beauty & Hygiene", "sub_category_name": "Hair Care", "product_name": "Anti-Dandruff Gel", "product_brand": "Green Leaf", "combo": []}, {"category": "Beauty & Hygiene", "sub_category_name": "Hair Care", "product_name": "Herbal Shikakai Honey Hair Cleanser - SLS & Paraben Free", "product_brand": "Khadi Natural", "combo": []}, {"category": "Beauty & Hygiene", "sub_category_name": "Hair Care", "product_name": "AntiDandruff Shampoo SmoothSilky 2x340ml + Shampoo&Conditioner CoolMenthol 360ml", "product_brand": "Head & Shoulder", "combo": []}, {"category": "Beauty & Hygiene", "sub_category_name": "Hair Care", "product_name": "Hair Fall Control Kit - Oil, Shampoo & Serum", "product_brand": "Dr Batra's", "combo": []}, {"category": "Beauty & Hygiene", "sub_category_name": "Hair Care", "product_name": "Bio Renew Coconut Milk Shampoo", "product_brand": "Herbal Essence", "combo": []}, {"category": "Beauty & Hygiene", "sub_category_name": "Hair Care", "product_name": "Biolage Advanced Repairinside Shampoo", "product_brand": "Matrix", "combo": [["400 ml", "553.50"], ["200 ml", "335.00"]]}, {"category": "Beauty & Hygiene", "sub_category_name": "Hair Care", "product_name": "Handmade Slim Narrow Comb - HM001", "product_brand": "Filone", "combo": [["2x1 pc", "180.00"], ["1 pc", "90.00"]]}, {"category": "Beauty & Hygiene", "sub_category_name": "Hair Care", "product_name": "Shampoo - For Dry Damaged Colour Treated & Permed Hair, Bio Soya Protein", "product_brand": "BIOTIQUE", "combo": [["120 ml", "84.15"], ["190 ml", "143.10"], ["2x120 ml", "168.30"]]}, {"category": "Beauty & Hygiene", "sub_category_name": "Hair Care", "product_name": "Advansed Jasmine, Non Sticky Coconut Hair Oil", "product_brand": "Parachute", "combo": []}, {"category": "Beauty & Hygiene", "sub_category_name": "Hair Care", "product_name": "Conditioner - Thick & Long", "product_brand": "Sunsilk", "combo": []}, {"category": "Beauty & Hygiene", "sub_category_name": "Hair Care", "product_name": "Black Henna With Aloevera Hair Colour", "product_brand": "Banjara's", "combo": [["10 g", "65.00"], ["3x10 g", "195.00"]]}, {"category": "Beauty & Hygiene", "sub_category_name": "Hair Care", "product_name": "Anti-Dandruff Shampoo - Strong Scalp", "product_brand": "Clinic Plus", "combo": []}, {"category": "Beauty & Hygiene", "sub_category_name": "Hair Care", "product_name": "Color Protect Conditioner", "product_brand": "Loreal Paris", "combo": [["175 ml", "148.00"], ["65 ml", "85.00"]]}, {"category": "Beauty & Hygiene", "sub_category_name": "Hair Care", "product_name": "Argan Oil - Conditioner", "product_brand": "XPEL", "combo": []}, {"category": "Beauty & Hygiene", "sub_category_name": "Hair Care", "product_name": "Olive and Vitamin E Non- Sticky Hair Oil", "product_brand": "Hair & Care", "combo": []}, {"category": "Beauty & Hygiene", "sub_category_name": "Hair Care", "product_name": "Detangling Comb", "product_brand": "Panache", "combo": [["1 pc", "49.00"], ["3x1 pc", "139.65"]]}, {"category": "Beauty & Hygiene", "sub_category_name": "Hair Care", "product_name": "Gliss Hair Repair Shampoo Ultimate Repair", "product_brand": "Schwarzkopf", "combo": []}, {"category": "Beauty & Hygiene", "sub_category_name": "Hair Care", "product_name": "Gliss Hair Repair Conditioner Magnificent Strength", "product_brand": "Schwarzkopf", "combo": []}, {"category": "Beauty & Hygiene", "sub_category_name": "Hair Care", "product_name": "Hair Spa Deep Nourishing Shampoo", "product_brand": "LOreal Professionnel", "combo": []}, {"category": "Beauty & Hygiene", "sub_category_name": "Hair Care", "product_name": "Hair Spa Oil Therapy", "product_brand": "Prakrta", "combo": []}, {"category": "Beauty & Hygiene", "sub_category_name": "Hair Care", "product_name": "One Night Stand Temporary Hair Colour - Copper", "product_brand": "Bblunt", "combo": []}, {"category": "Beauty & Hygiene", "sub_category_name": "Hair Care", "product_name": "One Night Stand Temporary Hair Colour - Emerald Green", "product_brand": "Bblunt", "combo": []}, {"category": "Beauty & Hygiene", "sub_category_name": "Hair Care", "product_name": "Detox & Restore Shampoo", "product_brand": "TRESemme", "combo": []}, {"category": "Beauty & Hygiene", "sub_category_name": "Hair Care", "product_name": "Professional Detangling Combs - Black 406", "product_brand": "Roots", "combo": [["1 pc", "110.00"], ["1 pc", "120.00"], ["1 pc", "110.00"], ["1 pc", "100.00"], ["1 pc", "130.00"], ["1 pc", "110.00"], ["2x1 pc", "200.00"]]}, {"category": "Beauty & Hygiene", "sub_category_name": "Hair Care", "product_name": "Opti Care Smooth Straight Professional Ultra Smoothing Shampoo", "product_brand": "Matrix", "combo": []}, {"category": "Beauty & Hygiene", "sub_category_name": "Hair Care", "product_name": "Co-Creations Yuko - Expert Perfect Straight with Straight Lock Shampoo", "product_brand": "Sunsilk", "combo": []}, {"category": "Beauty & Hygiene", "sub_category_name": "Hair Care", "product_name": "Hair Oil - Rosemarry & Henna", "product_brand": "Khadi Natural", "combo": []}, {"category": "Beauty & Hygiene", "sub_category_name": "Hair Care", "product_name": "Anti Hairfall Shampoo", "product_brand": "Nyle", "combo": []}, {"category": "Beauty & Hygiene", "sub_category_name": "Hair Care", "product_name": "Dryness Defense Protein Shampoo", "product_brand": "Himalaya", "combo": []}, {"category": "Beauty & Hygiene", "sub_category_name": "Hair Care", "product_name": "Anti-Dandruff Natural Ayurvedic Neem Shampoo", "product_brand": "Lever Ayush", "combo": []}, {"category": "Beauty & Hygiene", "sub_category_name": "Hair Care", "product_name": "Black Magic Temporary Hair Colour - Natural Black", "product_brand": "Beardo", "combo": []}, {"category": "Beauty & Hygiene", "sub_category_name": "Hair Care", "product_name": "Hair Oil - Daily Care Nourishing", "product_brand": "Clinic Plus", "combo": []}, {"category": "Beauty & Hygiene", "sub_category_name": "Hair Care", "product_name": "Biolage Advanced Repairinside Repairing Conditioner", "product_brand": "Matrix", "combo": []}, {"category": "Beauty & Hygiene", "sub_category_name": "Hair Care", "product_name": "Anti Hairfall Shampoo", "product_brand": "Nyle", "combo": []}, {"category": "Beauty & Hygiene", "sub_category_name": "Hair Care", "product_name": "Olive and Vitamin E Non- Sticky Hair Oil", "product_brand": "Hair & Care", "combo": []}, {"category": "Beauty & Hygiene", "sub_category_name": "Hair Care", "product_name": "Detangling Comb", "product_brand": "Panache", "combo": [["1 pc", "49.00"], ["3x1 pc", "139.65"]]}, {"category": "Beauty & Hygiene", "sub_category_name": "Hair Care", "product_name": "Gliss Hair Repair Shampoo Ultimate Repair", "product_brand": "Schwarzkopf", "combo": []}, {"category": "Beauty & Hygiene", "sub_category_name": "Hair Care", "product_name": "Gliss Hair Repair Conditioner Magnificent Strength", "product_brand": "Schwarzkopf", "combo": []}, {"category": "Beauty & Hygiene", "sub_category_name": "Hair Care", "product_name": "Hair Spa Deep Nourishing Shampoo", "product_brand": "LOreal Professionnel", "combo": []}, {"category": "Beauty & Hygiene", "sub_category_name": "Hair Care", "product_name": "Hair Spa Oil Therapy", "product_brand": "Prakrta", "combo": []}, {"category": "Beauty & Hygiene", "sub_category_name": "Hair Care", "product_name": "One Night Stand Temporary Hair Colour - Copper", "product_brand": "Bblunt", "combo": []}, {"category": "Beauty & Hygiene", "sub_category_name": "Hair Care", "product_name": "One Night Stand Temporary Hair Colour - Emerald Green", "product_brand": "Bblunt", "combo": []}, {"category": "Beauty & Hygiene", "sub_category_name": "Hair Care", "product_name": "Detox & Restore Shampoo", "product_brand": "TRESemme", "combo": []}, {"category": "Beauty & Hygiene", "sub_category_name": "Hair Care", "product_name": "Professional Detangling Combs - Black 406", "product_brand": "Roots", "combo": [["1 pc", "110.00"], ["1 pc", "120.00"], ["1 pc", "110.00"], ["1 pc", "100.00"], ["1 pc", "130.00"], ["1 pc", "110.00"], ["2x1 pc", "200.00"]]}, {"category": "Beauty & Hygiene", "sub_category_name": "Hair Care", "product_name": "Opti Care Smooth Straight Professional Ultra Smoothing Shampoo", "product_brand": "Matrix", "combo": []}, {"category": "Beauty & Hygiene", "sub_category_name": "Hair Care", "product_name": "Co-Creations Yuko - Expert Perfect Straight with Straight Lock Shampoo", "product_brand": "Sunsilk", "combo": []}, {"category": "Beauty & Hygiene", "sub_category_name": "Hair Care", "product_name": "Hair Oil - Rosemarry & Henna", "product_brand": "Khadi Natural", "combo": []}, {"category": "Beauty & Hygiene", "sub_category_name": "Hair Care", "product_name": "Anti Hairfall Shampoo", "product_brand": "Nyle", "combo": []}, {"category": "Beauty & Hygiene", "sub_category_name": "Hair Care", "product_name": "Dryness Defense Protein Shampoo", "product_brand": "Himalaya", "combo": []}, {"category": "Beauty & Hygiene", "sub_category_name": "Hair Care", "product_name": "Anti-Dandruff Natural Ayurvedic Neem Shampoo", "product_brand": "Lever Ayush", "combo": []}, {"category": "Beauty & Hygiene", "sub_category_name": "Hair Care", "product_name": "Black Magic Temporary Hair Colour - Natural Black", "product_brand": "Beardo", "combo": []}, {"category": "Beauty & Hygiene", "sub_category_name": "Hair Care", "product_name": "Hair Oil - Daily Care Nourishing", "product_brand": "Clinic Plus", "combo": []}, {"category": "Beauty & Hygiene", "sub_category_name": "Hair Care", "product_name": "Biolage Advanced Repairinside Repairing Conditioner", "product_brand": "Matrix", "combo": []}]