[{"category": "Gourmet & World Food", "sub_category_name": "Drinks & Beverages", "product_name": "Gold Blend Instant Coffee Powder - Rich & Smooth", "product_brand": "Nescafe", "combo": [["2 x 100 g", "902.50"], ["50 g", "275.50"], ["100 g", "451.25"], ["200 g", "855.00"]]}, {"category": "Gourmet & World Food", "sub_category_name": "Drinks & Beverages", "product_name": "Radler Lemon", "product_brand": "Kingfisher", "combo": []}, {"category": "Gourmet & World Food", "sub_category_name": "Drinks & Beverages", "product_name": "House Blend Roasted Coffee Beans", "product_brand": "Fresh Honest", "combo": []}, {"category": "Gourmet & World Food", "sub_category_name": "Drinks & Beverages", "product_name": "Awake Filter Coffee - 70:30 Blend", "product_brand": "Fresh Honest", "combo": []}, {"category": "Gourmet & World Food", "sub_category_name": "Drinks & Beverages", "product_name": "Awake Filter Coffee - 70:30 Blend", "product_brand": "Fresh Honest", "combo": []}, {"category": "Gourmet & World Food", "sub_category_name": "Drinks & Beverages", "product_name": "Suprabha Special Degree Filter Coffee Decoction", "product_brand": "Fresh Honest", "combo": []}, {"category": "Gourmet & World Food", "sub_category_name": "Drinks & Beverages", "product_name": "Home Professional Coffee Kit - Filter Coffee Sachets & Stainless Steel Coffee Filter", "product_brand": "Lavazza", "combo": []}, {"category": "Gourmet & World Food", "sub_category_name": "Drinks & Beverages", "product_name": "Japanese Matcha Tea - 2 In 1 For Hot or Iced", "product_brand": "Care", "combo": []}, {"category": "Gourmet & World Food", "sub_category_name": "Drinks & Beverages", "product_name": "Moringa + Giloy Green Tea With Lemongrass", "product_brand": "Care", "combo": []}, {"category": "Gourmet & World Food", "sub_category_name": "Drinks & Beverages", "product_name": "Moringa + Giloy Green Tea With Spearmint", "product_brand": "Care", "combo": []}, {"category": "Gourmet & World Food", "sub_category_name": "Drinks & Beverages", "product_name": "Spice Green Tea With Ashwagandha", "product_brand": "Care", "combo": []}, {"category": "Gourmet & World Food", "sub_category_name": "Drinks & Beverages", "product_name": "Classic Mojito", "product_brand": "Cravova", "combo": []}, {"category": "Gourmet & World Food", "sub_category_name": "Drinks & Beverages", "product_name": "Sparkling Water", "product_brand": "San Pellegrino", "combo": []}, {"category": "Gourmet & World Food", "sub_category_name": "Drinks & Beverages", "product_name": "Sparkling Water", "product_brand": "San Pellegrino", "combo": []}, {"category": "Gourmet & World Food", "sub_category_name": "Drinks & Beverages", "product_name": "Immunity Booster Juice", "product_brand": "Nutriorg", "combo": []}, {"category": "Gourmet & World Food", "sub_category_name": "Drinks & Beverages", "product_name": "Giloy Tulsi Neem Juice", "product_brand": "Nutriorg", "combo": []}, {"category": "Gourmet & World Food", "sub_category_name": "Drinks & Beverages", "product_name": "Giloy With Amla Juice", "product_brand": "Nutriorg", "combo": []}, {"category": "Gourmet & World Food", "sub_category_name": "Drinks & Beverages", "product_name": "Hibiscus & Red Melon Green Tea - 2 In 1 For Hot & Iced", "product_brand": "Care", "combo": []}, {"category": "Gourmet & World Food", "sub_category_name": "Drinks & Beverages", "product_name": "Immune Care Juice - Helps Boost Overall Immunity", "product_brand": "Kapiva Ayurveda", "combo": []}, {"category": "Gourmet & World Food", "sub_category_name": "Drinks & Beverages", "product_name": "Mango Slim Shake - Weight Control Powered By Ayurveda", "product_brand": "Kapiva Ayurveda", "combo": [["500 g", "1260.00"], ["150 g", "519.20"]]}, {"category": "Gourmet & World Food", "sub_category_name": "Drinks & Beverages", "product_name": "Chocolate Slim Shake - Weight Control Powered By Ayurveda", "product_brand": "Kapiva Ayurveda", "combo": [["500 g", "1260.00"], ["150 g", "519.20"]]}, {"category": "Gourmet & World Food", "sub_category_name": "Drinks & Beverages", "product_name": "Olive Leaf Infusion - Olive & Basil Leaves", "product_brand": "BORGES", "combo": []}, {"category": "Gourmet & World Food", "sub_category_name": "Drinks & Beverages", "product_name": "Olive Leaf Infusion - Olive & Lemongrass", "product_brand": "BORGES", "combo": []}, {"category": "Gourmet & World Food", "sub_category_name": "Drinks & Beverages", "product_name": "Olive Leaf Infusion - Classic", "product_brand": "BORGES", "combo": []}, {"category": "Gourmet & World Food", "sub_category_name": "Drinks & Beverages", "product_name": "Olive Leaf Infusion - Olive & Mint Leaves", "product_brand": "BORGES", "combo": []}, {"category": "Gourmet & World Food", "sub_category_name": "Drinks & Beverages", "product_name": "Vedic Suraksha Black Tea", "product_brand": "Dabur", "combo": []}, {"category": "Gourmet & World Food", "sub_category_name": "Drinks & Beverages", "product_name": "Acai Berry Fusion", "product_brand": "Rio", "combo": []}, {"category": "Gourmet & World Food", "sub_category_name": "Drinks & Beverages", "product_name": "Blue Berry Peach Fusion", "product_brand": "Rio", "combo": []}, {"category": "Gourmet & World Food", "sub_category_name": "Drinks & Beverages", "product_name": "Mango Fusion", "product_brand": "Rio", "combo": []}, {"category": "Gourmet & World Food", "sub_category_name": "Drinks & Beverages", "product_name": "Wild Berry Fusion", "product_brand": "Rio", "combo": []}, {"category": "Gourmet & World Food", "sub_category_name": "Drinks & Beverages", "product_name": "Green Apple Fusion", "product_brand": "Rio", "combo": []}, {"category": "Gourmet & World Food", "sub_category_name": "Drinks & Beverages", "product_name": "100% Natural Cold Pressed Juice - Valencia Orange", "product_brand": "Raw Pressery", "combo": [["1 L", "330.00"], ["3x1 L", "990.00"], ["2x1 L", "660.00"]]}, {"category": "Gourmet & World Food", "sub_category_name": "Drinks & Beverages", "product_name": "Club Soda", "product_brand": "Dukes", "combo": [["2x750 ml", "36.00"], ["750 ml", "18.00"]]}, {"category": "Gourmet & World Food", "sub_category_name": "Drinks & Beverages", "product_name": "100% Natural Cold Pressed Juice - Sugarcane", "product_brand": "Raw Pressery", "combo": [["250 ml", "80.00"], ["4x250 ml", "320.00"], ["2x1 L", "400.00"], ["1 L", "200.00"]]}, {"category": "Gourmet & World Food", "sub_category_name": "Drinks & Beverages", "product_name": "Instant Coffee - Sommeliers Rich Aroma", "product_brand": "Davidoff", "combo": []}, {"category": "Gourmet & World Food", "sub_category_name": "Drinks & Beverages", "product_name": "Tulsi Giloy Juice", "product_brand": "Kapiva Ayurveda", "combo": []}, {"category": "Gourmet & World Food", "sub_category_name": "Drinks & Beverages", "product_name": "Gold - Blend Decaf Coffee Powder, Imported", "product_brand": "Nescafe Gold", "combo": []}, {"category": "Gourmet & World Food", "sub_category_name": "Drinks & Beverages", "product_name": "Juice - Lychee", "product_brand": "Mogu Mogu", "combo": [["320 ml", "60.00"], ["2x320 ml", "120.00"]]}, {"category": "Gourmet & World Food", "sub_category_name": "Drinks & Beverages", "product_name": "Cold Pressed Juice - Pomegranate", "product_brand": "Raw Pressery", "combo": [["2x1 L", "800.00"], ["2x250 ml", "300.00"], ["1 L", "400.00"], ["250 ml", "150.00"], ["4x250 ml", "600.00"], ["3x250 ml", "450.00"]]}, {"category": "Gourmet & World Food", "sub_category_name": "Drinks & Beverages", "product_name": "Aloe Vera Juice", "product_brand": "Disano", "combo": []}, {"category": "Gourmet & World Food", "sub_category_name": "Drinks & Beverages", "product_name": "100% Pure Tender Coconut Water", "product_brand": "PureFoods", "combo": []}, {"category": "Gourmet & World Food", "sub_category_name": "Drinks & Beverages", "product_name": "100% Natural Cold Pressed Juice - Lean", "product_brand": "Raw Pressery", "combo": [["2x250 ml", "300.00"], ["4x250 ml", "600.00"], ["250 ml", "150.00"]]}, {"category": "Gourmet & World Food", "sub_category_name": "Drinks & Beverages", "product_name": "Orange Juice", "product_brand": "Mogu Mogu", "combo": [["300 ml", "60.00"], ["2x300 ml", "120.00"]]}, {"category": "Gourmet & World Food", "sub_category_name": "Drinks & Beverages", "product_name": "100% Natural Cold Pressed Juice - Life", "product_brand": "Raw Pressery", "combo": [["3x250 ml", "450.00"], ["250 ml", "150.00"], ["4x250 ml", "540.00"], ["2x250 ml", "285.00"]]}, {"category": "Gourmet & World Food", "sub_category_name": "Drinks & Beverages", "product_name": "Mint Lemon Ginger Tea", "product_brand": "Te-A-Me", "combo": []}, {"category": "Gourmet & World Food", "sub_category_name": "Drinks & Beverages", "product_name": "Juice - Strawberry", "product_brand": "Mogu Mogu", "combo": [["2x300 ml", "120.00"], ["300 ml", "60.00"]]}, {"category": "Gourmet & World Food", "sub_category_name": "Drinks & Beverages", "product_name": "Beer - Strawberry, Non-Alcoholic", "product_brand": "Coolberg", "combo": []}, {"category": "Gourmet & World Food", "sub_category_name": "Drinks & Beverages", "product_name": "Cold Brew Coffee (Sweet)", "product_brand": "Sleepy Owl", "combo": []}, {"category": "Gourmet & World Food", "sub_category_name": "Drinks & Beverages", "product_name": "Juice - Mango", "product_brand": "Mogu Mogu", "combo": [["2x300 ml", "120.00"], ["300 ml", "60.00"]]}, {"category": "Gourmet & World Food", "sub_category_name": "Drinks & Beverages", "product_name": "Beer - Peach, Non-Alcoholic", "product_brand": "Coolberg", "combo": []}, {"category": "Gourmet & World Food", "sub_category_name": "Drinks & Beverages", "product_name": "Cold Brew Coffee Packs (Dark Roast)", "product_brand": "Sleepy Owl", "combo": []}, {"category": "Gourmet & World Food", "sub_category_name": "Drinks & Beverages", "product_name": "Rooibos Herbal Tea", "product_brand": "Teamonk", "combo": []}, {"category": "Gourmet & World Food", "sub_category_name": "Drinks & Beverages", "product_name": "Roasted Arabica Coffee Beans", "product_brand": "Baarbara Berry", "combo": []}, {"category": "Gourmet & World Food", "sub_category_name": "Drinks & Beverages", "product_name": "Coffee Creamer - Coffee-Mate", "product_brand": "Nestle", "combo": []}, {"category": "Gourmet & World Food", "sub_category_name": "Drinks & Beverages", "product_name": "Darjeeling White Tea - Reeti", "product_brand": "Teamonk", "combo": []}, {"category": "Gourmet & World Food", "sub_category_name": "Drinks & Beverages", "product_name": "Cold Brew Coffee Packs (Original)", "product_brand": "Sleepy Owl", "combo": []}, {"category": "Gourmet & World Food", "sub_category_name": "Drinks & Beverages", "product_name": "Hot Brew Coffee (Dark Roast)", "product_brand": "Sleepy Owl", "combo": []}, {"category": "Gourmet & World Food", "sub_category_name": "Drinks & Beverages", "product_name": "Hot Chocolate - Mexican Spiced, Blend", "product_brand": "Cocosutra", "combo": []}, {"category": "Gourmet & World Food", "sub_category_name": "Drinks & Beverages", "product_name": "Triphala Juice", "product_brand": "Kapiva Ayurveda", "combo": []}, {"category": "Gourmet & World Food", "sub_category_name": "Drinks & Beverages", "product_name": "Coffee - Fine Aroma", "product_brand": "Davidoff", "combo": []}, {"category": "Gourmet & World Food", "sub_category_name": "Drinks & Beverages", "product_name": "Fizz - Lime Lemon", "product_brand": "Shunya", "combo": []}, {"category": "Gourmet & World Food", "sub_category_name": "Drinks & Beverages", "product_name": "Hi Protein Slim Meal-Shake - Coffee & Caramel, 12 Servings", "product_brand": "Saffola FITTIFY Gourmet", "combo": []}, {"category": "Gourmet & World Food", "sub_category_name": "Drinks & Beverages", "product_name": "Jamun Juice", "product_brand": "Nutriorg", "combo": []}, {"category": "Gourmet & World Food", "sub_category_name": "Drinks & Beverages", "product_name": "Ground Coffee - IL Mattino Vivace", "product_brand": "Lavazza", "combo": []}, {"category": "Gourmet & World Food", "sub_category_name": "Drinks & Beverages", "product_name": "Filter Coffee - Giris Legacy", "product_brand": "Baarbara Berry", "combo": []}, {"category": "Gourmet & World Food", "sub_category_name": "Drinks & Beverages", "product_name": "Juice - Pineapple", "product_brand": "Mogu Mogu", "combo": [["300 ml", "60.00"], ["2x300 ml", "120.00"]]}, {"category": "Gourmet & World Food", "sub_category_name": "Drinks & Beverages", "product_name": "Juice - Aloe + Garcinia", "product_brand": "Kapiva Ayurveda", "combo": []}, {"category": "Gourmet & World Food", "sub_category_name": "Drinks & Beverages", "product_name": "Strawberry Cream Infusion", "product_brand": "Te-A-Me", "combo": []}, {"category": "Gourmet & World Food", "sub_category_name": "Drinks & Beverages", "product_name": "8 Spices Masala Chai Tea", "product_brand": "Cambridge Tea Party", "combo": []}, {"category": "Gourmet & World Food", "sub_category_name": "Drinks & Beverages", "product_name": "Filter Coffee", "product_brand": "Lavazza", "combo": []}, {"category": "Gourmet & World Food", "sub_category_name": "Drinks & Beverages", "product_name": "Wheat Grass Juice", "product_brand": "Kapiva Ayurveda", "combo": []}, {"category": "Gourmet & World Food", "sub_category_name": "Drinks & Beverages", "product_name": "100% Natural Cold Pressed Juice - Grapefruit", "product_brand": "Raw Pressery", "combo": []}, {"category": "Gourmet & World Food", "sub_category_name": "Drinks & Beverages", "product_name": "Hot Chocolate - Caramel, Blend", "product_brand": "Cocosutra", "combo": []}, {"category": "Gourmet & World Food", "sub_category_name": "Drinks & Beverages", "product_name": "Syrup - Green Apple", "product_brand": "Monin", "combo": [["250 ml", "395.00"], ["700 ml", "895.00"]]}, {"category": "Gourmet & World Food", "sub_category_name": "Drinks & Beverages", "product_name": "Syrup - Grenadine", "product_brand": "Monin", "combo": [["250 ml", "395.00"], ["700 ml", "895.00"]]}, {"category": "Gourmet & World Food", "sub_category_name": "Drinks & Beverages", "product_name": "Syrup - Lemon Tea With Natural Extracts", "product_brand": "Monin", "combo": []}, {"category": "Gourmet & World Food", "sub_category_name": "Drinks & Beverages", "product_name": "Coconut Water With Lychee", "product_brand": "FOCO", "combo": []}, {"category": "Gourmet & World Food", "sub_category_name": "Drinks & Beverages", "product_name": "Millet Smoothix - Almond", "product_brand": "Soulfull", "combo": []}, {"category": "Gourmet & World Food", "sub_category_name": "Drinks & Beverages", "product_name": "Apple Cinnamon Infusion", "product_brand": "Te-A-Me", "combo": []}, {"category": "Gourmet & World Food", "sub_category_name": "Drinks & Beverages", "product_name": "Sparkling Fruit Juice - Strawberry Flavor", "product_brand": "May", "combo": []}, {"category": "Gourmet & World Food", "sub_category_name": "Drinks & Beverages", "product_name": "Ground Coffee - Crema E Gusto", "product_brand": "Lavazza", "combo": []}, {"category": "Gourmet & World Food", "sub_category_name": "Drinks & Beverages", "product_name": "Filter Coffee - Premium", "product_brand": "Baarbara Berry", "combo": []}, {"category": "Gourmet & World Food", "sub_category_name": "Drinks & Beverages", "product_name": "Coffee - Instant, Cocoa Mint Flavour", "product_brand": "Country Bean", "combo": []}, {"category": "Gourmet & World Food", "sub_category_name": "Drinks & Beverages", "product_name": "Coffee - Instant, Original", "product_brand": "Country Bean", "combo": []}, {"category": "Gourmet & World Food", "sub_category_name": "Drinks & Beverages", "product_name": "Nilgiri Green Tea - Koge Jasmine", "product_brand": "Teamonk", "combo": []}, {"category": "Gourmet & World Food", "sub_category_name": "Drinks & Beverages", "product_name": "Diabetic Care Juice", "product_brand": "Nutriorg", "combo": []}, {"category": "Gourmet & World Food", "sub_category_name": "Drinks & Beverages", "product_name": "100% Pure Tender Coconut Water", "product_brand": "PureFoods", "combo": []}, {"category": "Gourmet & World Food", "sub_category_name": "Drinks & Beverages", "product_name": "Nilgiris Green Tea - Zoho Lemongrass", "product_brand": "Teamonk", "combo": []}, {"category": "Gourmet & World Food", "sub_category_name": "Drinks & Beverages", "product_name": "Lemon Detox Green Tea Bag", "product_brand": "TGL Co.", "combo": []}, {"category": "Gourmet & World Food", "sub_category_name": "Drinks & Beverages", "product_name": "Euphoria Instant Coffee Powder", "product_brand": "TGL Co.", "combo": []}, {"category": "Gourmet & World Food", "sub_category_name": "Drinks & Beverages", "product_name": "Hot Brew Coffee (Original)", "product_brand": "Sleepy Owl", "combo": []}, {"category": "Gourmet & World Food", "sub_category_name": "Drinks & Beverages", "product_name": "Coconut Water With Mango", "product_brand": "FOCO", "combo": []}, {"category": "Gourmet & World Food", "sub_category_name": "Drinks & Beverages", "product_name": "Coconut Water With Pink Guava", "product_brand": "FOCO", "combo": []}, {"category": "Gourmet & World Food", "sub_category_name": "Drinks & Beverages", "product_name": "Darjeeling Oolong Tea - Tapas", "product_brand": "Teamonk", "combo": []}, {"category": "Gourmet & World Food", "sub_category_name": "Drinks & Beverages", "product_name": "Tea Bags - Lemon", "product_brand": "DILMAH", "combo": []}, {"category": "Gourmet & World Food", "sub_category_name": "Drinks & Beverages", "product_name": "Karela Jamun Plus Juice", "product_brand": "Disano", "combo": []}, {"category": "Gourmet & World Food", "sub_category_name": "Drinks & Beverages", "product_name": "Green Coffee Beans - Unroasted Arabica", "product_brand": "By Nature", "combo": []}, {"category": "Gourmet & World Food", "sub_category_name": "Drinks & Beverages", "product_name": "Miracle Mint Herbal Tea Bag", "product_brand": "TGL Co.", "combo": []}, {"category": "Gourmet & World Food", "sub_category_name": "Drinks & Beverages", "product_name": "Nilgiris Green Tea - Yoshin Lemon", "product_brand": "Teamonk", "combo": []}, {"category": "Gourmet & World Food", "sub_category_name": "Drinks & Beverages", "product_name": "Nilgiri Green Tea - Seiki Peppermint", "product_brand": "Teamonk", "combo": []}, {"category": "Gourmet & World Food", "sub_category_name": "Drinks & Beverages", "product_name": "Crema Intense Coffee - Imported", "product_brand": "Davidoff", "combo": []}, {"category": "Gourmet & World Food", "sub_category_name": "Drinks & Beverages", "product_name": "Organic Japanese Matcha Tea - Ceremonial Grade", "product_brand": "TGL Co.", "combo": []}, {"category": "Gourmet & World Food", "sub_category_name": "Drinks & Beverages", "product_name": "Cold Brew Coffee Packs (Original)", "product_brand": "Sleepy Owl", "combo": []}, {"category": "Gourmet & World Food", "sub_category_name": "Drinks & Beverages", "product_name": "Wellness Yoga Tea", "product_brand": "Udyan Tea", "combo": []}, {"category": "Gourmet & World Food", "sub_category_name": "Drinks & Beverages", "product_name": "Nilgiri Green Tea Bags - Seiki Peppermint", "product_brand": "Teamonk", "combo": []}, {"category": "Gourmet & World Food", "sub_category_name": "Drinks & Beverages", "product_name": "Nilgiris Green Teabags - Anicca Chamomile", "product_brand": "Teamonk", "combo": []}, {"category": "Gourmet & World Food", "sub_category_name": "Drinks & Beverages", "product_name": "Nilgiris Green Tea - Turmeric", "product_brand": "Teamonk", "combo": []}, {"category": "Gourmet & World Food", "sub_category_name": "Drinks & Beverages", "product_name": "Green Tea - With Cinnamon", "product_brand": "DILMAH", "combo": []}, {"category": "Gourmet & World Food", "sub_category_name": "Drinks & Beverages", "product_name": "Syrup - Blackcurrant Flavored", "product_brand": "Monin", "combo": []}, {"category": "Gourmet & World Food", "sub_category_name": "Drinks & Beverages", "product_name": "Juice - Apple", "product_brand": "Mogu Mogu", "combo": [["300 ml", "60.00"], ["2x300 ml", "120.00"]]}, {"category": "Gourmet & World Food", "sub_category_name": "Drinks & Beverages", "product_name": "Pure Japanse Matcha Green Tea Powder", "product_brand": "VAHDAM", "combo": []}, {"category": "Gourmet & World Food", "sub_category_name": "Drinks & Beverages", "product_name": "Green Coffee Powder", "product_brand": "NUTRIWISH", "combo": []}, {"category": "Gourmet & World Food", "sub_category_name": "Drinks & Beverages", "product_name": "Flavored Green Tea Bags - Sour Sop", "product_brand": "Mlesna", "combo": []}, {"category": "Gourmet & World Food", "sub_category_name": "Drinks & Beverages", "product_name": "Wheat Grass Juice", "product_brand": "Nutriorg", "combo": []}, {"category": "Gourmet & World Food", "sub_category_name": "Drinks & Beverages", "product_name": "100% Natural Coconut Water", "product_brand": "FOCO", "combo": []}, {"category": "Gourmet & World Food", "sub_category_name": "Drinks & Beverages", "product_name": "Coconut Water With Pineapple", "product_brand": "FOCO", "combo": []}, {"category": "Gourmet & World Food", "sub_category_name": "Drinks & Beverages", "product_name": "Coconut Water With Pomegranate", "product_brand": "FOCO", "combo": []}, {"category": "Gourmet & World Food", "sub_category_name": "Drinks & Beverages", "product_name": "Noni Juice", "product_brand": "Kapiva Ayurveda", "combo": []}, {"category": "Gourmet & World Food", "sub_category_name": "Drinks & Beverages", "product_name": "Cold Brew Coffee Packs (Dark Roast)", "product_brand": "Sleepy Owl", "combo": []}, {"category": "Gourmet & World Food", "sub_category_name": "Drinks & Beverages", "product_name": "Tag Bags - Ginger", "product_brand": "DILMAH", "combo": []}, {"category": "Gourmet & World Food", "sub_category_name": "Drinks & Beverages", "product_name": "Tulsi Green Tea", "product_brand": "Te-A-Me", "combo": []}, {"category": "Gourmet & World Food", "sub_category_name": "Drinks & Beverages", "product_name": "Karela Juice", "product_brand": "Nutriorg", "combo": []}, {"category": "Gourmet & World Food", "sub_category_name": "Drinks & Beverages", "product_name": "Fizz - Classic Cola", "product_brand": "Shunya", "combo": []}, {"category": "Gourmet & World Food", "sub_category_name": "Drinks & Beverages", "product_name": "Imperial Earl Grey Black Tea Bag", "product_brand": "TGL Co.", "combo": []}, {"category": "Gourmet & World Food", "sub_category_name": "Drinks & Beverages", "product_name": "Green Tea - Premium", "product_brand": "DILMAH", "combo": []}, {"category": "Gourmet & World Food", "sub_category_name": "Drinks & Beverages", "product_name": "Nutri-Smoothie - Rose", "product_brand": "Nutriplate", "combo": []}, {"category": "Gourmet & World Food", "sub_category_name": "Drinks & Beverages", "product_name": "100% Natural Cold Pressed Juice - Guava + Pineapple", "product_brand": "Raw Pressery", "combo": []}, {"category": "Gourmet & World Food", "sub_category_name": "Drinks & Beverages", "product_name": "Neem Juice", "product_brand": "Kapiva Ayurveda", "combo": []}, {"category": "Gourmet & World Food", "sub_category_name": "Drinks & Beverages", "product_name": "High Mountain Long Leaf Oolong Pyramid Tea Bags", "product_brand": "VAHDAM", "combo": []}, {"category": "Gourmet & World Food", "sub_category_name": "Drinks & Beverages", "product_name": "100% Natural Coconut Water", "product_brand": "FOCO", "combo": []}, {"category": "Gourmet & World Food", "sub_category_name": "Drinks & Beverages", "product_name": "Coconut Water With Lychee", "product_brand": "FOCO", "combo": []}, {"category": "Gourmet & World Food", "sub_category_name": "Drinks & Beverages", "product_name": "Premium Cold Coffee - Mocha, Super Smooth", "product_brand": "kings Coffee", "combo": []}, {"category": "Gourmet & World Food", "sub_category_name": "Drinks & Beverages", "product_name": "Basil Seed Drinks - Strawberry", "product_brand": "Americano", "combo": []}, {"category": "Gourmet & World Food", "sub_category_name": "Drinks & Beverages", "product_name": "Long Leaf Green Tea", "product_brand": "Te-A-Me", "combo": []}, {"category": "Gourmet & World Food", "sub_category_name": "Drinks & Beverages", "product_name": "Basil Drink - White Grape Flavored", "product_brand": "American Delight", "combo": []}, {"category": "Gourmet & World Food", "sub_category_name": "Drinks & Beverages", "product_name": "GO - Zesty Orange", "product_brand": "Shunya", "combo": []}, {"category": "Gourmet & World Food", "sub_category_name": "Drinks & Beverages", "product_name": "Japanese Turmeric Matcha Green Tea Powder", "product_brand": "VAHDAM", "combo": []}, {"category": "Gourmet & World Food", "sub_category_name": "Drinks & Beverages", "product_name": "Lime Lemongrass Spa Green Tea - Whole Leaf Loose Tea", "product_brand": "Cambridge Tea Party", "combo": []}, {"category": "Gourmet & World Food", "sub_category_name": "Drinks & Beverages", "product_name": "GO - Mixed Fruit Mania", "product_brand": "Shunya", "combo": []}, {"category": "Gourmet & World Food", "sub_category_name": "Drinks & Beverages", "product_name": "Maharaja Breakfast Long Leaf Black Pyramid Tea Bags", "product_brand": "VAHDAM", "combo": []}, {"category": "Gourmet & World Food", "sub_category_name": "Drinks & Beverages", "product_name": "Tulsi Green Tea", "product_brand": "Te-A-Me", "combo": []}, {"category": "Gourmet & World Food", "sub_category_name": "Drinks & Beverages", "product_name": "Karela Juice", "product_brand": "Nutriorg", "combo": []}, {"category": "Gourmet & World Food", "sub_category_name": "Drinks & Beverages", "product_name": "Fizz - Classic Cola", "product_brand": "Shunya", "combo": []}, {"category": "Gourmet & World Food", "sub_category_name": "Drinks & Beverages", "product_name": "Imperial Earl Grey Black Tea Bag", "product_brand": "TGL Co.", "combo": []}, {"category": "Gourmet & World Food", "sub_category_name": "Drinks & Beverages", "product_name": "Green Tea - Premium", "product_brand": "DILMAH", "combo": []}, {"category": "Gourmet & World Food", "sub_category_name": "Drinks & Beverages", "product_name": "Nutri-Smoothie - Rose", "product_brand": "Nutriplate", "combo": []}, {"category": "Gourmet & World Food", "sub_category_name": "Drinks & Beverages", "product_name": "100% Natural Cold Pressed Juice - Guava + Pineapple", "product_brand": "Raw Pressery", "combo": []}, {"category": "Gourmet & World Food", "sub_category_name": "Drinks & Beverages", "product_name": "Neem Juice", "product_brand": "Kapiva Ayurveda", "combo": []}, {"category": "Gourmet & World Food", "sub_category_name": "Drinks & Beverages", "product_name": "High Mountain Long Leaf Oolong Pyramid Tea Bags", "product_brand": "VAHDAM", "combo": []}, {"category": "Gourmet & World Food", "sub_category_name": "Drinks & Beverages", "product_name": "100% Natural Coconut Water", "product_brand": "FOCO", "combo": []}, {"category": "Gourmet & World Food", "sub_category_name": "Drinks & Beverages", "product_name": "Coconut Water With Lychee", "product_brand": "FOCO", "combo": []}, {"category": "Gourmet & World Food", "sub_category_name": "Drinks & Beverages", "product_name": "Premium Cold Coffee - Mocha, Super Smooth", "product_brand": "kings Coffee", "combo": []}, {"category": "Gourmet & World Food", "sub_category_name": "Drinks & Beverages", "product_name": "Basil Seed Drinks - Strawberry", "product_brand": "Americano", "combo": []}, {"category": "Gourmet & World Food", "sub_category_name": "Drinks & Beverages", "product_name": "Long Leaf Green Tea", "product_brand": "Te-A-Me", "combo": []}, {"category": "Gourmet & World Food", "sub_category_name": "Drinks & Beverages", "product_name": "Basil Drink - White Grape Flavored", "product_brand": "American Delight", "combo": []}, {"category": "Gourmet & World Food", "sub_category_name": "Drinks & Beverages", "product_name": "GO - Zesty Orange", "product_brand": "Shunya", "combo": []}, {"category": "Gourmet & World Food", "sub_category_name": "Drinks & Beverages", "product_name": "Japanese Turmeric Matcha Green Tea Powder", "product_brand": "VAHDAM", "combo": []}, {"category": "Gourmet & World Food", "sub_category_name": "Drinks & Beverages", "product_name": "Lime Lemongrass Spa Green Tea - Whole Leaf Loose Tea", "product_brand": "Cambridge Tea Party", "combo": []}, {"category": "Gourmet & World Food", "sub_category_name": "Drinks & Beverages", "product_name": "GO - Mixed Fruit Mania", "product_brand": "Shunya", "combo": []}, {"category": "Gourmet & World Food", "sub_category_name": "Drinks & Beverages", "product_name": "Maharaja Breakfast Long Leaf Black Pyramid Tea Bags", "product_brand": "VAHDAM", "combo": []}, {"category": "Gourmet & World Food", "sub_category_name": "Drinks & Beverages", "product_name": "Tulsi Green Tea", "product_brand": "Te-A-Me", "combo": []}, {"category": "Gourmet & World Food", "sub_category_name": "Drinks & Beverages", "product_name": "Karela Juice", "product_brand": "Nutriorg", "combo": []}, {"category": "Gourmet & World Food", "sub_category_name": "Drinks & Beverages", "product_name": "Fizz - Classic Cola", "product_brand": "Shunya", "combo": []}, {"category": "Gourmet & World Food", "sub_category_name": "Drinks & Beverages", "product_name": "Imperial Earl Grey Black Tea Bag", "product_brand": "TGL Co.", "combo": []}, {"category": "Gourmet & World Food", "sub_category_name": "Drinks & Beverages", "product_name": "Green Tea - Premium", "product_brand": "DILMAH", "combo": []}, {"category": "Gourmet & World Food", "sub_category_name": "Drinks & Beverages", "product_name": "Nutri-Smoothie - Rose", "product_brand": "Nutriplate", "combo": []}, {"category": "Gourmet & World Food", "sub_category_name": "Drinks & Beverages", "product_name": "100% Natural Cold Pressed Juice - Guava + Pineapple", "product_brand": "Raw Pressery", "combo": []}, {"category": "Gourmet & World Food", "sub_category_name": "Drinks & Beverages", "product_name": "Neem Juice", "product_brand": "Kapiva Ayurveda", "combo": []}, {"category": "Gourmet & World Food", "sub_category_name": "Drinks & Beverages", "product_name": "High Mountain Long Leaf Oolong Pyramid Tea Bags", "product_brand": "VAHDAM", "combo": []}, {"category": "Gourmet & World Food", "sub_category_name": "Drinks & Beverages", "product_name": "100% Natural Coconut Water", "product_brand": "FOCO", "combo": []}, {"category": "Gourmet & World Food", "sub_category_name": "Drinks & Beverages", "product_name": "Coconut Water With Lychee", "product_brand": "FOCO", "combo": []}, {"category": "Gourmet & World Food", "sub_category_name": "Drinks & Beverages", "product_name": "Premium Cold Coffee - Mocha, Super Smooth", "product_brand": "kings Coffee", "combo": []}, {"category": "Gourmet & World Food", "sub_category_name": "Drinks & Beverages", "product_name": "Basil Seed Drinks - Strawberry", "product_brand": "Americano", "combo": []}, {"category": "Gourmet & World Food", "sub_category_name": "Drinks & Beverages", "product_name": "Long Leaf Green Tea", "product_brand": "Te-A-Me", "combo": []}, {"category": "Gourmet & World Food", "sub_category_name": "Drinks & Beverages", "product_name": "Basil Drink - White Grape Flavored", "product_brand": "American Delight", "combo": []}, {"category": "Gourmet & World Food", "sub_category_name": "Drinks & Beverages", "product_name": "GO - Zesty Orange", "product_brand": "Shunya", "combo": []}, {"category": "Gourmet & World Food", "sub_category_name": "Drinks & Beverages", "product_name": "Japanese Turmeric Matcha Green Tea Powder", "product_brand": "VAHDAM", "combo": []}, {"category": "Gourmet & World Food", "sub_category_name": "Drinks & Beverages", "product_name": "Lime Lemongrass Spa Green Tea - Whole Leaf Loose Tea", "product_brand": "Cambridge Tea Party", "combo": []}, {"category": "Gourmet & World Food", "sub_category_name": "Drinks & Beverages", "product_name": "GO - Mixed Fruit Mania", "product_brand": "Shunya", "combo": []}, {"category": "Gourmet & World Food", "sub_category_name": "Drinks & Beverages", "product_name": "Maharaja Breakfast Long Leaf Black Pyramid Tea Bags", "product_brand": "VAHDAM", "combo": []}, {"category": "Gourmet & World Food", "sub_category_name": "Drinks & Beverages", "product_name": "Tulsi Green Tea", "product_brand": "Te-A-Me", "combo": []}, {"category": "Gourmet & World Food", "sub_category_name": "Drinks & Beverages", "product_name": "Karela Juice", "product_brand": "Nutriorg", "combo": []}, {"category": "Gourmet & World Food", "sub_category_name": "Drinks & Beverages", "product_name": "Fizz - Classic Cola", "product_brand": "Shunya", "combo": []}, {"category": "Gourmet & World Food", "sub_category_name": "Drinks & Beverages", "product_name": "Imperial Earl Grey Black Tea Bag", "product_brand": "TGL Co.", "combo": []}, {"category": "Gourmet & World Food", "sub_category_name": "Drinks & Beverages", "product_name": "Green Tea - Premium", "product_brand": "DILMAH", "combo": []}, {"category": "Gourmet & World Food", "sub_category_name": "Drinks & Beverages", "product_name": "Nutri-Smoothie - Rose", "product_brand": "Nutriplate", "combo": []}, {"category": "Gourmet & World Food", "sub_category_name": "Drinks & Beverages", "product_name": "100% Natural Cold Pressed Juice - Guava + Pineapple", "product_brand": "Raw Pressery", "combo": []}, {"category": "Gourmet & World Food", "sub_category_name": "Drinks & Beverages", "product_name": "Neem Juice", "product_brand": "Kapiva Ayurveda", "combo": []}, {"category": "Gourmet & World Food", "sub_category_name": "Drinks & Beverages", "product_name": "High Mountain Long Leaf Oolong Pyramid Tea Bags", "product_brand": "VAHDAM", "combo": []}, {"category": "Gourmet & World Food", "sub_category_name": "Drinks & Beverages", "product_name": "100% Natural Coconut Water", "product_brand": "FOCO", "combo": []}, {"category": "Gourmet & World Food", "sub_category_name": "Drinks & Beverages", "product_name": "Coconut Water With Lychee", "product_brand": "FOCO", "combo": []}, {"category": "Gourmet & World Food", "sub_category_name": "Drinks & Beverages", "product_name": "Premium Cold Coffee - Mocha, Super Smooth", "product_brand": "kings Coffee", "combo": []}, {"category": "Gourmet & World Food", "sub_category_name": "Drinks & Beverages", "product_name": "Basil Seed Drinks - Strawberry", "product_brand": "Americano", "combo": []}, {"category": "Gourmet & World Food", "sub_category_name": "Drinks & Beverages", "product_name": "Long Leaf Green Tea", "product_brand": "Te-A-Me", "combo": []}, {"category": "Gourmet & World Food", "sub_category_name": "Drinks & Beverages", "product_name": "Basil Drink - White Grape Flavored", "product_brand": "American Delight", "combo": []}, {"category": "Gourmet & World Food", "sub_category_name": "Drinks & Beverages", "product_name": "GO - Zesty Orange", "product_brand": "Shunya", "combo": []}, {"category": "Gourmet & World Food", "sub_category_name": "Drinks & Beverages", "product_name": "Japanese Turmeric Matcha Green Tea Powder", "product_brand": "VAHDAM", "combo": []}, {"category": "Gourmet & World Food", "sub_category_name": "Drinks & Beverages", "product_name": "Lime Lemongrass Spa Green Tea - Whole Leaf Loose Tea", "product_brand": "Cambridge Tea Party", "combo": []}, {"category": "Gourmet & World Food", "sub_category_name": "Drinks & Beverages", "product_name": "GO - Mixed Fruit Mania", "product_brand": "Shunya", "combo": []}, {"category": "Gourmet & World Food", "sub_category_name": "Drinks & Beverages", "product_name": "Maharaja Breakfast Long Leaf Black Pyramid Tea Bags", "product_brand": "VAHDAM", "combo": []}, {"category": "Gourmet & World Food", "sub_category_name": "Drinks & Beverages", "product_name": "Tulsi Green Tea", "product_brand": "Te-A-Me", "combo": []}, {"category": "Gourmet & World Food", "sub_category_name": "Drinks & Beverages", "product_name": "Karela Juice", "product_brand": "Nutriorg", "combo": []}, {"category": "Gourmet & World Food", "sub_category_name": "Drinks & Beverages", "product_name": "Fizz - Classic Cola", "product_brand": "Shunya", "combo": []}, {"category": "Gourmet & World Food", "sub_category_name": "Drinks & Beverages", "product_name": "Imperial Earl Grey Black Tea Bag", "product_brand": "TGL Co.", "combo": []}, {"category": "Gourmet & World Food", "sub_category_name": "Drinks & Beverages", "product_name": "Green Tea - Premium", "product_brand": "DILMAH", "combo": []}, {"category": "Gourmet & World Food", "sub_category_name": "Drinks & Beverages", "product_name": "Nutri-Smoothie - Rose", "product_brand": "Nutriplate", "combo": []}, {"category": "Gourmet & World Food", "sub_category_name": "Drinks & Beverages", "product_name": "100% Natural Cold Pressed Juice - Guava + Pineapple", "product_brand": "Raw Pressery", "combo": []}, {"category": "Gourmet & World Food", "sub_category_name": "Drinks & Beverages", "product_name": "Neem Juice", "product_brand": "Kapiva Ayurveda", "combo": []}, {"category": "Gourmet & World Food", "sub_category_name": "Drinks & Beverages", "product_name": "High Mountain Long Leaf Oolong Pyramid Tea Bags", "product_brand": "VAHDAM", "combo": []}, {"category": "Gourmet & World Food", "sub_category_name": "Drinks & Beverages", "product_name": "100% Natural Coconut Water", "product_brand": "FOCO", "combo": []}, {"category": "Gourmet & World Food", "sub_category_name": "Drinks & Beverages", "product_name": "Coconut Water With Lychee", "product_brand": "FOCO", "combo": []}, {"category": "Gourmet & World Food", "sub_category_name": "Drinks & Beverages", "product_name": "Premium Cold Coffee - Mocha, Super Smooth", "product_brand": "kings Coffee", "combo": []}, {"category": "Gourmet & World Food", "sub_category_name": "Drinks & Beverages", "product_name": "Basil Seed Drinks - Strawberry", "product_brand": "Americano", "combo": []}, {"category": "Gourmet & World Food", "sub_category_name": "Drinks & Beverages", "product_name": "Long Leaf Green Tea", "product_brand": "Te-A-Me", "combo": []}, {"category": "Gourmet & World Food", "sub_category_name": "Drinks & Beverages", "product_name": "Basil Drink - White Grape Flavored", "product_brand": "American Delight", "combo": []}, {"category": "Gourmet & World Food", "sub_category_name": "Drinks & Beverages", "product_name": "GO - Zesty Orange", "product_brand": "Shunya", "combo": []}, {"category": "Gourmet & World Food", "sub_category_name": "Drinks & Beverages", "product_name": "Japanese Turmeric Matcha Green Tea Powder", "product_brand": "VAHDAM", "combo": []}, {"category": "Gourmet & World Food", "sub_category_name": "Drinks & Beverages", "product_name": "Lime Lemongrass Spa Green Tea - Whole Leaf Loose Tea", "product_brand": "Cambridge Tea Party", "combo": []}, {"category": "Gourmet & World Food", "sub_category_name": "Drinks & Beverages", "product_name": "GO - Mixed Fruit Mania", "product_brand": "Shunya", "combo": []}, {"category": "Gourmet & World Food", "sub_category_name": "Drinks & Beverages", "product_name": "Maharaja Breakfast Long Leaf Black Pyramid Tea Bags", "product_brand": "VAHDAM", "combo": []}, {"category": "Gourmet & World Food", "sub_category_name": "Drinks & Beverages", "product_name": "Syrup - Peach", "product_brand": "Monin", "combo": [["250 ml", "395.00"], ["700 ml", "895.00"]]}, {"category": "Gourmet & World Food", "sub_category_name": "Drinks & Beverages", "product_name": "Syrup - Triple Sec", "product_brand": "Monin", "combo": []}, {"category": "Gourmet & World Food", "sub_category_name": "Drinks & Beverages", "product_name": "Syrup - Peach Tea", "product_brand": "Monin", "combo": []}, {"category": "Gourmet & World Food", "sub_category_name": "Drinks & Beverages", "product_name": "Darjeeling Black Tea - Bodh Second Flush", "product_brand": "Teamonk", "combo": []}, {"category": "Gourmet & World Food", "sub_category_name": "Drinks & Beverages", "product_name": "Darjeeling Green Tea - Ahina Long Leaf", "product_brand": "Teamonk", "combo": []}, {"category": "Gourmet & World Food", "sub_category_name": "Drinks & Beverages", "product_name": "Nilgiri Oolong Tea - Wa", "product_brand": "Teamonk", "combo": []}, {"category": "Gourmet & World Food", "sub_category_name": "Drinks & Beverages", "product_name": "Darjeeling White Tea - Reeti", "product_brand": "Teamonk", "combo": []}, {"category": "Gourmet & World Food", "sub_category_name": "Drinks & Beverages", "product_name": "Nilgiri White Tea - Sei", "product_brand": "Teamonk", "combo": []}, {"category": "Gourmet & World Food", "sub_category_name": "Drinks & Beverages", "product_name": "Nilgiri Oolong Tea Bags - Wa", "product_brand": "Teamonk", "combo": []}, {"category": "Gourmet & World Food", "sub_category_name": "Drinks & Beverages", "product_name": "Darjeeling Green Tea Bags - Ahina Long Leaf", "product_brand": "Teamonk", "combo": []}, {"category": "Gourmet & World Food", "sub_category_name": "Drinks & Beverages", "product_name": "Nilgiri Green Tea Bags - Koge Jasmine", "product_brand": "Teamonk", "combo": []}, {"category": "Gourmet & World Food", "sub_category_name": "Drinks & Beverages", "product_name": "Nilgiri Green Tea Bags - Kozan Spearmint", "product_brand": "Teamonk", "combo": []}, {"category": "Gourmet & World Food", "sub_category_name": "Drinks & Beverages", "product_name": "Nilgiri Green Tea Bags - Taido Ginger", "product_brand": "Teamonk", "combo": []}, {"category": "Gourmet & World Food", "sub_category_name": "Drinks & Beverages", "product_name": "Peppermint Leaves With Green Tea", "product_brand": "Wingreens Farms", "combo": []}, {"category": "Gourmet & World Food", "sub_category_name": "Drinks & Beverages", "product_name": "Lemongrass With Green Tea", "product_brand": "Wingreens Farms", "combo": []}, {"category": "Gourmet & World Food", "sub_category_name": "Drinks & Beverages", "product_name": "Hibiscus Flowers With Green Tea", "product_brand": "Wingreens Farms", "combo": []}, {"category": "Gourmet & World Food", "sub_category_name": "Drinks & Beverages", "product_name": "Amla Juice", "product_brand": "Disano", "combo": []}, {"category": "Gourmet & World Food", "sub_category_name": "Drinks & Beverages", "product_name": "Wellness Ayurveda Tea", "product_brand": "Udyan Tea", "combo": []}, {"category": "Gourmet & World Food", "sub_category_name": "Drinks & Beverages", "product_name": "Wellness Detox Tea", "product_brand": "Udyan Tea", "combo": []}, {"category": "Gourmet & World Food", "sub_category_name": "Drinks & Beverages", "product_name": "Wellness Digestive Tea", "product_brand": "Udyan Tea", "combo": []}, {"category": "Gourmet & World Food", "sub_category_name": "Drinks & Beverages", "product_name": "Syrup - Peach", "product_brand": "Monin", "combo": [["250 ml", "395.00"], ["700 ml", "895.00"]]}, {"category": "Gourmet & World Food", "sub_category_name": "Drinks & Beverages", "product_name": "Syrup - Triple Sec", "product_brand": "Monin", "combo": []}, {"category": "Gourmet & World Food", "sub_category_name": "Drinks & Beverages", "product_name": "Syrup - Peach Tea", "product_brand": "Monin", "combo": []}, {"category": "Gourmet & World Food", "sub_category_name": "Drinks & Beverages", "product_name": "Darjeeling Black Tea - Bodh Second Flush", "product_brand": "Teamonk", "combo": []}, {"category": "Gourmet & World Food", "sub_category_name": "Drinks & Beverages", "product_name": "Darjeeling Green Tea - Ahina Long Leaf", "product_brand": "Teamonk", "combo": []}, {"category": "Gourmet & World Food", "sub_category_name": "Drinks & Beverages", "product_name": "Nilgiri Oolong Tea - Wa", "product_brand": "Teamonk", "combo": []}, {"category": "Gourmet & World Food", "sub_category_name": "Drinks & Beverages", "product_name": "Darjeeling White Tea - Reeti", "product_brand": "Teamonk", "combo": []}, {"category": "Gourmet & World Food", "sub_category_name": "Drinks & Beverages", "product_name": "Nilgiri White Tea - Sei", "product_brand": "Teamonk", "combo": []}, {"category": "Gourmet & World Food", "sub_category_name": "Drinks & Beverages", "product_name": "Nilgiri Oolong Tea Bags - Wa", "product_brand": "Teamonk", "combo": []}, {"category": "Gourmet & World Food", "sub_category_name": "Drinks & Beverages", "product_name": "Darjeeling Green Tea Bags - Ahina Long Leaf", "product_brand": "Teamonk", "combo": []}, {"category": "Gourmet & World Food", "sub_category_name": "Drinks & Beverages", "product_name": "Nilgiri Green Tea Bags - Koge Jasmine", "product_brand": "Teamonk", "combo": []}, {"category": "Gourmet & World Food", "sub_category_name": "Drinks & Beverages", "product_name": "Nilgiri Green Tea Bags - Kozan Spearmint", "product_brand": "Teamonk", "combo": []}, {"category": "Gourmet & World Food", "sub_category_name": "Drinks & Beverages", "product_name": "Nilgiri Green Tea Bags - Taido Ginger", "product_brand": "Teamonk", "combo": []}, {"category": "Gourmet & World Food", "sub_category_name": "Drinks & Beverages", "product_name": "Peppermint Leaves With Green Tea", "product_brand": "Wingreens Farms", "combo": []}, {"category": "Gourmet & World Food", "sub_category_name": "Drinks & Beverages", "product_name": "Lemongrass With Green Tea", "product_brand": "Wingreens Farms", "combo": []}, {"category": "Gourmet & World Food", "sub_category_name": "Drinks & Beverages", "product_name": "Hibiscus Flowers With Green Tea", "product_brand": "Wingreens Farms", "combo": []}, {"category": "Gourmet & World Food", "sub_category_name": "Drinks & Beverages", "product_name": "Amla Juice", "product_brand": "Disano", "combo": []}, {"category": "Gourmet & World Food", "sub_category_name": "Drinks & Beverages", "product_name": "Wellness Ayurveda Tea", "product_brand": "Udyan Tea", "combo": []}, {"category": "Gourmet & World Food", "sub_category_name": "Drinks & Beverages", "product_name": "Wellness Detox Tea", "product_brand": "Udyan Tea", "combo": []}, {"category": "Gourmet & World Food", "sub_category_name": "Drinks & Beverages", "product_name": "Wellness Digestive Tea", "product_brand": "Udyan Tea", "combo": []}, {"category": "Gourmet & World Food", "sub_category_name": "Drinks & Beverages", "product_name": "Wellness Kama Tea", "product_brand": "Udyan Tea", "combo": []}, {"category": "Gourmet & World Food", "sub_category_name": "Drinks & Beverages", "product_name": "Oolong Tea - Ruby Oolong", "product_brand": "Udyan Tea", "combo": []}, {"category": "Gourmet & World Food", "sub_category_name": "Drinks & Beverages", "product_name": "Basil Seed Drink with Lychee", "product_brand": "Blue Riva", "combo": []}, {"category": "Gourmet & World Food", "sub_category_name": "Drinks & Beverages", "product_name": "Basil Seed Drink with Cocktail", "product_brand": "Blue Riva", "combo": []}, {"category": "Gourmet & World Food", "sub_category_name": "Drinks & Beverages", "product_name": "Basil Seed Drink with Orange", "product_brand": "Blue Riva", "combo": []}, {"category": "Gourmet & World Food", "sub_category_name": "Drinks & Beverages", "product_name": "Basil Seed Drinks - Orange", "product_brand": "American style", "combo": []}, {"category": "Gourmet & World Food", "sub_category_name": "Drinks & Beverages", "product_name": "Flavour Instant Coffee - Amaretto Almond", "product_brand": "Beanies", "combo": []}, {"category": "Gourmet & World Food", "sub_category_name": "Drinks & Beverages", "product_name": "Fruit Juice - Lychee With Nata De Coco", "product_brand": "Kokozo", "combo": []}, {"category": "Gourmet & World Food", "sub_category_name": "Drinks & Beverages", "product_name": "Fruit Juice - Strawberry With Nata De Coco", "product_brand": "Kokozo", "combo": []}, {"category": "Gourmet & World Food", "sub_category_name": "Drinks & Beverages", "product_name": "Organic & Low Carb Thandai Mix", "product_brand": "D-Alive", "combo": []}, {"category": "Gourmet & World Food", "sub_category_name": "Drinks & Beverages", "product_name": "Organic & Low Carb Hibiscus Mojito", "product_brand": "D-Alive", "combo": []}, {"category": "Gourmet & World Food", "sub_category_name": "Drinks & Beverages", "product_name": "Honey Lemon Green Tea", "product_brand": "Te-A-Me", "combo": []}, {"category": "Gourmet & World Food", "sub_category_name": "Drinks & Beverages", "product_name": "Caffe - Espresso", "product_brand": "Lavazza", "combo": []}, {"category": "Gourmet & World Food", "sub_category_name": "Drinks & Beverages", "product_name": "Basil Seed Drink - Mango", "product_brand": "Fruitoria", "combo": []}, {"category": "Gourmet & World Food", "sub_category_name": "Drinks & Beverages", "product_name": "Basil Seed Drink - Watermelon", "product_brand": "Fruitoria", "combo": []}, {"category": "Gourmet & World Food", "sub_category_name": "Drinks & Beverages", "product_name": "Basil Seed Drink - Orange", "product_brand": "Fruitoria", "combo": []}, {"category": "Gourmet & World Food", "sub_category_name": "Drinks & Beverages", "product_name": "Sparkling Fruit Juice - Pomegranate Flavor", "product_brand": "May", "combo": []}, {"category": "Gourmet & World Food", "sub_category_name": "Drinks & Beverages", "product_name": "Premium Cold Coffee - Latte, Super Smooth", "product_brand": "kings Coffee", "combo": []}, {"category": "Gourmet & World Food", "sub_category_name": "Drinks & Beverages", "product_name": "Premium Cold Coffee - Vanilla, Super Smooth", "product_brand": "kings Coffee", "combo": []}, {"category": "Gourmet & World Food", "sub_category_name": "Drinks & Beverages", "product_name": "Natural Mineral Water - Imported", "product_brand": "Evian", "combo": []}, {"category": "Gourmet & World Food", "sub_category_name": "Drinks & Beverages", "product_name": "Syrup - Peach", "product_brand": "Monin", "combo": [["250 ml", "395.00"], ["700 ml", "895.00"]]}, {"category": "Gourmet & World Food", "sub_category_name": "Drinks & Beverages", "product_name": "Syrup - Triple Sec", "product_brand": "Monin", "combo": []}, {"category": "Gourmet & World Food", "sub_category_name": "Drinks & Beverages", "product_name": "Syrup - Peach Tea", "product_brand": "Monin", "combo": []}, {"category": "Gourmet & World Food", "sub_category_name": "Drinks & Beverages", "product_name": "Darjeeling Black Tea - Bodh Second Flush", "product_brand": "Teamonk", "combo": []}, {"category": "Gourmet & World Food", "sub_category_name": "Drinks & Beverages", "product_name": "Darjeeling Green Tea - Ahina Long Leaf", "product_brand": "Teamonk", "combo": []}, {"category": "Gourmet & World Food", "sub_category_name": "Drinks & Beverages", "product_name": "Nilgiri Oolong Tea - Wa", "product_brand": "Teamonk", "combo": []}, {"category": "Gourmet & World Food", "sub_category_name": "Drinks & Beverages", "product_name": "Darjeeling White Tea - Reeti", "product_brand": "Teamonk", "combo": []}, {"category": "Gourmet & World Food", "sub_category_name": "Drinks & Beverages", "product_name": "Nilgiri White Tea - Sei", "product_brand": "Teamonk", "combo": []}, {"category": "Gourmet & World Food", "sub_category_name": "Drinks & Beverages", "product_name": "Nilgiri Oolong Tea Bags - Wa", "product_brand": "Teamonk", "combo": []}, {"category": "Gourmet & World Food", "sub_category_name": "Drinks & Beverages", "product_name": "Darjeeling Green Tea Bags - Ahina Long Leaf", "product_brand": "Teamonk", "combo": []}, {"category": "Gourmet & World Food", "sub_category_name": "Drinks & Beverages", "product_name": "Nilgiri Green Tea Bags - Koge Jasmine", "product_brand": "Teamonk", "combo": []}, {"category": "Gourmet & World Food", "sub_category_name": "Drinks & Beverages", "product_name": "Nilgiri Green Tea Bags - Kozan Spearmint", "product_brand": "Teamonk", "combo": []}, {"category": "Gourmet & World Food", "sub_category_name": "Drinks & Beverages", "product_name": "Nilgiri Green Tea Bags - Taido Ginger", "product_brand": "Teamonk", "combo": []}, {"category": "Gourmet & World Food", "sub_category_name": "Drinks & Beverages", "product_name": "Peppermint Leaves With Green Tea", "product_brand": "Wingreens Farms", "combo": []}, {"category": "Gourmet & World Food", "sub_category_name": "Drinks & Beverages", "product_name": "Lemongrass With Green Tea", "product_brand": "Wingreens Farms", "combo": []}, {"category": "Gourmet & World Food", "sub_category_name": "Drinks & Beverages", "product_name": "Hibiscus Flowers With Green Tea", "product_brand": "Wingreens Farms", "combo": []}, {"category": "Gourmet & World Food", "sub_category_name": "Drinks & Beverages", "product_name": "Amla Juice", "product_brand": "Disano", "combo": []}, {"category": "Gourmet & World Food", "sub_category_name": "Drinks & Beverages", "product_name": "Wellness Ayurveda Tea", "product_brand": "Udyan Tea", "combo": []}, {"category": "Gourmet & World Food", "sub_category_name": "Drinks & Beverages", "product_name": "Wellness Detox Tea", "product_brand": "Udyan Tea", "combo": []}, {"category": "Gourmet & World Food", "sub_category_name": "Drinks & Beverages", "product_name": "Wellness Digestive Tea", "product_brand": "Udyan Tea", "combo": []}, {"category": "Gourmet & World Food", "sub_category_name": "Drinks & Beverages", "product_name": "Syrup - Peach", "product_brand": "Monin", "combo": [["250 ml", "395.00"], ["700 ml", "895.00"]]}, {"category": "Gourmet & World Food", "sub_category_name": "Drinks & Beverages", "product_name": "Syrup - Triple Sec", "product_brand": "Monin", "combo": []}, {"category": "Gourmet & World Food", "sub_category_name": "Drinks & Beverages", "product_name": "Syrup - Peach Tea", "product_brand": "Monin", "combo": []}, {"category": "Gourmet & World Food", "sub_category_name": "Drinks & Beverages", "product_name": "Darjeeling Black Tea - Bodh Second Flush", "product_brand": "Teamonk", "combo": []}, {"category": "Gourmet & World Food", "sub_category_name": "Drinks & Beverages", "product_name": "Darjeeling Green Tea - Ahina Long Leaf", "product_brand": "Teamonk", "combo": []}, {"category": "Gourmet & World Food", "sub_category_name": "Drinks & Beverages", "product_name": "Nilgiri Oolong Tea - Wa", "product_brand": "Teamonk", "combo": []}, {"category": "Gourmet & World Food", "sub_category_name": "Drinks & Beverages", "product_name": "Darjeeling White Tea - Reeti", "product_brand": "Teamonk", "combo": []}, {"category": "Gourmet & World Food", "sub_category_name": "Drinks & Beverages", "product_name": "Nilgiri White Tea - Sei", "product_brand": "Teamonk", "combo": []}, {"category": "Gourmet & World Food", "sub_category_name": "Drinks & Beverages", "product_name": "Nilgiri Oolong Tea Bags - Wa", "product_brand": "Teamonk", "combo": []}, {"category": "Gourmet & World Food", "sub_category_name": "Drinks & Beverages", "product_name": "Darjeeling Green Tea Bags - Ahina Long Leaf", "product_brand": "Teamonk", "combo": []}, {"category": "Gourmet & World Food", "sub_category_name": "Drinks & Beverages", "product_name": "Nilgiri Green Tea Bags - Koge Jasmine", "product_brand": "Teamonk", "combo": []}, {"category": "Gourmet & World Food", "sub_category_name": "Drinks & Beverages", "product_name": "Nilgiri Green Tea Bags - Kozan Spearmint", "product_brand": "Teamonk", "combo": []}, {"category": "Gourmet & World Food", "sub_category_name": "Drinks & Beverages", "product_name": "Nilgiri Green Tea Bags - Taido Ginger", "product_brand": "Teamonk", "combo": []}, {"category": "Gourmet & World Food", "sub_category_name": "Drinks & Beverages", "product_name": "Peppermint Leaves With Green Tea", "product_brand": "Wingreens Farms", "combo": []}, {"category": "Gourmet & World Food", "sub_category_name": "Drinks & Beverages", "product_name": "Lemongrass With Green Tea", "product_brand": "Wingreens Farms", "combo": []}, {"category": "Gourmet & World Food", "sub_category_name": "Drinks & Beverages", "product_name": "Hibiscus Flowers With Green Tea", "product_brand": "Wingreens Farms", "combo": []}, {"category": "Gourmet & World Food", "sub_category_name": "Drinks & Beverages", "product_name": "Amla Juice", "product_brand": "Disano", "combo": []}, {"category": "Gourmet & World Food", "sub_category_name": "Drinks & Beverages", "product_name": "Wellness Ayurveda Tea", "product_brand": "Udyan Tea", "combo": []}, {"category": "Gourmet & World Food", "sub_category_name": "Drinks & Beverages", "product_name": "Wellness Detox Tea", "product_brand": "Udyan Tea", "combo": []}, {"category": "Gourmet & World Food", "sub_category_name": "Drinks & Beverages", "product_name": "Wellness Digestive Tea", "product_brand": "Udyan Tea", "combo": []}, {"category": "Gourmet & World Food", "sub_category_name": "Drinks & Beverages", "product_name": "Basil Seed Drinks - Apple", "product_brand": "Americano", "combo": []}, {"category": "Gourmet & World Food", "sub_category_name": "Drinks & Beverages", "product_name": "Green Tea Powder -Calming Blucha", "product_brand": "Sprig", "combo": []}, {"category": "Gourmet & World Food", "sub_category_name": "Drinks & Beverages", "product_name": "Green Coffee Beans - Unroasted Arabica", "product_brand": "Nutrashil", "combo": []}, {"category": "Gourmet & World Food", "sub_category_name": "Drinks & Beverages", "product_name": "Premium Cold Coffee - Original, Super Smooth", "product_brand": "kings Coffee", "combo": []}, {"category": "Gourmet & World Food", "sub_category_name": "Drinks & Beverages", "product_name": "Hot Chocolate - Swiss Vanilla, Blend", "product_brand": "Cocosutra", "combo": []}, {"category": "Gourmet & World Food", "sub_category_name": "Drinks & Beverages", "product_name": "Chamomile Flowers with Green Tea", "product_brand": "Wingreens Farms", "combo": []}, {"category": "Gourmet & World Food", "sub_category_name": "Drinks & Beverages", "product_name": "Assam Black Tea Bags", "product_brand": "TGL Co.", "combo": []}, {"category": "Gourmet & World Food", "sub_category_name": "Drinks & Beverages", "product_name": "China Jasmine Green Tea", "product_brand": "TGL Co.", "combo": []}, {"category": "Gourmet & World Food", "sub_category_name": "Drinks & Beverages", "product_name": "Pure Green Tea Bags", "product_brand": "TGL Co.", "combo": []}, {"category": "Gourmet & World Food", "sub_category_name": "Drinks & Beverages", "product_name": "Lemon & Honey Green Tea Bags", "product_brand": "TGL Co.", "combo": []}, {"category": "Gourmet & World Food", "sub_category_name": "Drinks & Beverages", "product_name": "Gunpowder Temple of Heaven Green Tea", "product_brand": "TGL Co.", "combo": []}, {"category": "Gourmet & World Food", "sub_category_name": "Drinks & Beverages", "product_name": "Happy Belly Soothing Herbal Tea Bags", "product_brand": "TGL Co.", "combo": []}, {"category": "Gourmet & World Food", "sub_category_name": "Drinks & Beverages", "product_name": "High Mountain Oolong Tea Bags", "product_brand": "TGL Co.", "combo": []}, {"category": "Gourmet & World Food", "sub_category_name": "Drinks & Beverages", "product_name": "Kashmiri Kahwa Green Tea", "product_brand": "TGL Co.", "combo": []}, {"category": "Gourmet & World Food", "sub_category_name": "Drinks & Beverages", "product_name": "Little Buddha Green Tea Bags", "product_brand": "TGL Co.", "combo": []}, {"category": "Gourmet & World Food", "sub_category_name": "Drinks & Beverages", "product_name": "Masala Chai Tea Bags", "product_brand": "TGL Co.", "combo": []}, {"category": "Gourmet & World Food", "sub_category_name": "Drinks & Beverages", "product_name": "Mogo Mogo Green Tea With Natural Fruits", "product_brand": "TGL Co.", "combo": []}, {"category": "Gourmet & World Food", "sub_category_name": "Drinks & Beverages", "product_name": "Orange & Mango Oolong Tea Bags", "product_brand": "TGL Co.", "combo": []}, {"category": "Gourmet & World Food", "sub_category_name": "Drinks & Beverages", "product_name": "Slim Line Slimming Herbal Tea Bags", "product_brand": "TGL Co.", "combo": []}, {"category": "Gourmet & World Food", "sub_category_name": "Drinks & Beverages", "product_name": "South African Rooibos Tea Bags", "product_brand": "TGL Co.", "combo": []}, {"category": "Gourmet & World Food", "sub_category_name": "Drinks & Beverages", "product_name": "Basil Seed Drinks - Apple", "product_brand": "Americano", "combo": []}, {"category": "Gourmet & World Food", "sub_category_name": "Drinks & Beverages", "product_name": "Green Tea Powder -Calming Blucha", "product_brand": "Sprig", "combo": []}, {"category": "Gourmet & World Food", "sub_category_name": "Drinks & Beverages", "product_name": "Green Coffee Beans - Unroasted Arabica", "product_brand": "Nutrashil", "combo": []}, {"category": "Gourmet & World Food", "sub_category_name": "Drinks & Beverages", "product_name": "Premium Cold Coffee - Original, Super Smooth", "product_brand": "kings Coffee", "combo": []}, {"category": "Gourmet & World Food", "sub_category_name": "Drinks & Beverages", "product_name": "Hot Chocolate - Swiss Vanilla, Blend", "product_brand": "Cocosutra", "combo": []}, {"category": "Gourmet & World Food", "sub_category_name": "Drinks & Beverages", "product_name": "Chamomile Flowers with Green Tea", "product_brand": "Wingreens Farms", "combo": []}, {"category": "Gourmet & World Food", "sub_category_name": "Drinks & Beverages", "product_name": "Assam Black Tea Bags", "product_brand": "TGL Co.", "combo": []}, {"category": "Gourmet & World Food", "sub_category_name": "Drinks & Beverages", "product_name": "China Jasmine Green Tea", "product_brand": "TGL Co.", "combo": []}, {"category": "Gourmet & World Food", "sub_category_name": "Drinks & Beverages", "product_name": "Pure Green Tea Bags", "product_brand": "TGL Co.", "combo": []}, {"category": "Gourmet & World Food", "sub_category_name": "Drinks & Beverages", "product_name": "Lemon & Honey Green Tea Bags", "product_brand": "TGL Co.", "combo": []}, {"category": "Gourmet & World Food", "sub_category_name": "Drinks & Beverages", "product_name": "Gunpowder Temple of Heaven Green Tea", "product_brand": "TGL Co.", "combo": []}, {"category": "Gourmet & World Food", "sub_category_name": "Drinks & Beverages", "product_name": "Happy Belly Soothing Herbal Tea Bags", "product_brand": "TGL Co.", "combo": []}, {"category": "Gourmet & World Food", "sub_category_name": "Drinks & Beverages", "product_name": "High Mountain Oolong Tea Bags", "product_brand": "TGL Co.", "combo": []}, {"category": "Gourmet & World Food", "sub_category_name": "Drinks & Beverages", "product_name": "Kashmiri Kahwa Green Tea", "product_brand": "TGL Co.", "combo": []}, {"category": "Gourmet & World Food", "sub_category_name": "Drinks & Beverages", "product_name": "Little Buddha Green Tea Bags", "product_brand": "TGL Co.", "combo": []}, {"category": "Gourmet & World Food", "sub_category_name": "Drinks & Beverages", "product_name": "Masala Chai Tea Bags", "product_brand": "TGL Co.", "combo": []}, {"category": "Gourmet & World Food", "sub_category_name": "Drinks & Beverages", "product_name": "Mogo Mogo Green Tea With Natural Fruits", "product_brand": "TGL Co.", "combo": []}, {"category": "Gourmet & World Food", "sub_category_name": "Drinks & Beverages", "product_name": "Orange & Mango Oolong Tea Bags", "product_brand": "TGL Co.", "combo": []}, {"category": "Gourmet & World Food", "sub_category_name": "Drinks & Beverages", "product_name": "Slim Line Slimming Herbal Tea Bags", "product_brand": "TGL Co.", "combo": []}, {"category": "Gourmet & World Food", "sub_category_name": "Drinks & Beverages", "product_name": "South African Rooibos Tea Bags", "product_brand": "TGL Co.", "combo": []}, {"category": "Gourmet & World Food", "sub_category_name": "Drinks & Beverages", "product_name": "Basil Seed Drinks - Apple", "product_brand": "Americano", "combo": []}, {"category": "Gourmet & World Food", "sub_category_name": "Drinks & Beverages", "product_name": "Green Tea Powder -Calming Blucha", "product_brand": "Sprig", "combo": []}, {"category": "Gourmet & World Food", "sub_category_name": "Drinks & Beverages", "product_name": "Green Coffee Beans - Unroasted Arabica", "product_brand": "Nutrashil", "combo": []}, {"category": "Gourmet & World Food", "sub_category_name": "Drinks & Beverages", "product_name": "Premium Cold Coffee - Original, Super Smooth", "product_brand": "kings Coffee", "combo": []}, {"category": "Gourmet & World Food", "sub_category_name": "Drinks & Beverages", "product_name": "Hot Chocolate - Swiss Vanilla, Blend", "product_brand": "Cocosutra", "combo": []}, {"category": "Gourmet & World Food", "sub_category_name": "Drinks & Beverages", "product_name": "Chamomile Flowers with Green Tea", "product_brand": "Wingreens Farms", "combo": []}, {"category": "Gourmet & World Food", "sub_category_name": "Drinks & Beverages", "product_name": "Assam Black Tea Bags", "product_brand": "TGL Co.", "combo": []}, {"category": "Gourmet & World Food", "sub_category_name": "Drinks & Beverages", "product_name": "China Jasmine Green Tea", "product_brand": "TGL Co.", "combo": []}, {"category": "Gourmet & World Food", "sub_category_name": "Drinks & Beverages", "product_name": "Pure Green Tea Bags", "product_brand": "TGL Co.", "combo": []}, {"category": "Gourmet & World Food", "sub_category_name": "Drinks & Beverages", "product_name": "Lemon & Honey Green Tea Bags", "product_brand": "TGL Co.", "combo": []}, {"category": "Gourmet & World Food", "sub_category_name": "Drinks & Beverages", "product_name": "Gunpowder Temple of Heaven Green Tea", "product_brand": "TGL Co.", "combo": []}, {"category": "Gourmet & World Food", "sub_category_name": "Drinks & Beverages", "product_name": "Happy Belly Soothing Herbal Tea Bags", "product_brand": "TGL Co.", "combo": []}, {"category": "Gourmet & World Food", "sub_category_name": "Drinks & Beverages", "product_name": "High Mountain Oolong Tea Bags", "product_brand": "TGL Co.", "combo": []}, {"category": "Gourmet & World Food", "sub_category_name": "Drinks & Beverages", "product_name": "Kashmiri Kahwa Green Tea", "product_brand": "TGL Co.", "combo": []}, {"category": "Gourmet & World Food", "sub_category_name": "Drinks & Beverages", "product_name": "Little Buddha Green Tea Bags", "product_brand": "TGL Co.", "combo": []}, {"category": "Gourmet & World Food", "sub_category_name": "Drinks & Beverages", "product_name": "Masala Chai Tea Bags", "product_brand": "TGL Co.", "combo": []}, {"category": "Gourmet & World Food", "sub_category_name": "Drinks & Beverages", "product_name": "Mogo Mogo Green Tea With Natural Fruits", "product_brand": "TGL Co.", "combo": []}, {"category": "Gourmet & World Food", "sub_category_name": "Drinks & Beverages", "product_name": "Orange & Mango Oolong Tea Bags", "product_brand": "TGL Co.", "combo": []}, {"category": "Gourmet & World Food", "sub_category_name": "Drinks & Beverages", "product_name": "Slim Line Slimming Herbal Tea Bags", "product_brand": "TGL Co.", "combo": []}, {"category": "Gourmet & World Food", "sub_category_name": "Drinks & Beverages", "product_name": "South African Rooibos Tea Bags", "product_brand": "TGL Co.", "combo": []}, {"category": "Gourmet & World Food", "sub_category_name": "Drinks & Beverages", "product_name": "Tea Bags Assortments - 15 Variety", "product_brand": "VAHDAM", "combo": []}, {"category": "Gourmet & World Food", "sub_category_name": "Drinks & Beverages", "product_name": "Turmeric Tea Sampler Pack - 4 Variety", "product_brand": "VAHDAM", "combo": []}, {"category": "Gourmet & World Food", "sub_category_name": "Drinks & Beverages", "product_name": "Himalayan Loose Leaf Green Tea - 50 Cups", "product_brand": "VAHDAM", "combo": []}, {"category": "Gourmet & World Food", "sub_category_name": "Drinks & Beverages", "product_name": "Kashmiri Kahwa Loose Leaf Green Tea - 50 Cups", "product_brand": "VAHDAM", "combo": []}, {"category": "Gourmet & World Food", "sub_category_name": "Drinks & Beverages", "product_name": "Daily Darjeeling Summer Black Tea- 120 Cups", "product_brand": "VAHDAM", "combo": []}, {"category": "Gourmet & World Food", "sub_category_name": "Drinks & Beverages", "product_name": "India's Original Loose Leaf Masala Chai - 50 Cups", "product_brand": "VAHDAM", "combo": []}, {"category": "Gourmet & World Food", "sub_category_name": "Drinks & Beverages", "product_name": "Recover Turmeric Elixirs", "product_brand": "VAHDAM", "combo": []}, {"category": "Gourmet & World Food", "sub_category_name": "Drinks & Beverages", "product_name": "Organic Himalayan Long Leaf Green Pyramid Tea Bags", "product_brand": "VAHDAM", "combo": []}, {"category": "Gourmet & World Food", "sub_category_name": "Drinks & Beverages", "product_name": "Cardamom Masala Long Leaf Chai Pyramid Tea Bags", "product_brand": "VAHDAM", "combo": []}, {"category": "Gourmet & World Food", "sub_category_name": "Drinks & Beverages", "product_name": "Darjeeling Spring Long Leaf Black Pyramid Tea Bags", "product_brand": "VAHDAM", "combo": []}, {"category": "Gourmet & World Food", "sub_category_name": "Drinks & Beverages", "product_name": "Assam Exotic Long Leaf Black Pyramid Tea Bags", "product_brand": "VAHDAM", "combo": []}, {"category": "Gourmet & World Food", "sub_category_name": "Drinks & Beverages", "product_name": "Recover Turmeric Superfood Elixirs", "product_brand": "VAHDAM", "combo": []}, {"category": "Gourmet & World Food", "sub_category_name": "Drinks & Beverages", "product_name": "Turmeric Matcha Superfood Elixirs", "product_brand": "VAHDAM", "combo": []}, {"category": "Gourmet & World Food", "sub_category_name": "Drinks & Beverages", "product_name": "Citrus Ginger Herbal Loose Leaf Tea Tisane - 50 Cups", "product_brand": "VAHDAM", "combo": []}, {"category": "Gourmet & World Food", "sub_category_name": "Drinks & Beverages", "product_name": "Darjeeling Summer Long Leaf Black Pyramid Tea Bags", "product_brand": "VAHDAM", "combo": []}, {"category": "Gourmet & World Food", "sub_category_name": "Drinks & Beverages", "product_name": "Mint Melody Long Leaf Green Pyramid Tea Bags", "product_brand": "VAHDAM", "combo": []}, {"category": "Gourmet & World Food", "sub_category_name": "Drinks & Beverages", "product_name": "Sweet Himalayan Long Leaf Green Pyramid Tea Bags", "product_brand": "VAHDAM", "combo": []}, {"category": "Gourmet & World Food", "sub_category_name": "Drinks & Beverages", "product_name": "Sweet Cinnamon Masala Long Leaf Chai Pyramid Tea Bags", "product_brand": "VAHDAM", "combo": []}, {"category": "Gourmet & World Food", "sub_category_name": "Drinks & Beverages", "product_name": "Earl Grey Masala Long Leaf Chai Pyramid Tea Bags", "product_brand": "VAHDAM", "combo": []}, {"category": "Gourmet & World Food", "sub_category_name": "Drinks & Beverages", "product_name": "Green Tea Bags Detox Pack - 4 Teas", "product_brand": "VAHDAM", "combo": []}, {"category": "Gourmet & World Food", "sub_category_name": "Drinks & Beverages", "product_name": "Sweet Himalayan Loose Leaf Green Tea - 50 Cups", "product_brand": "VAHDAM", "combo": []}, {"category": "Gourmet & World Food", "sub_category_name": "Drinks & Beverages", "product_name": "Classic English Breakfast Loose Leaf Black Tea - 250 Cups", "product_brand": "VAHDAM", "combo": []}, {"category": "Gourmet & World Food", "sub_category_name": "Drinks & Beverages", "product_name": "Green Tea With Tulsi", "product_brand": "Sprig Tea", "combo": []}, {"category": "Gourmet & World Food", "sub_category_name": "Drinks & Beverages", "product_name": "100% Green Tea", "product_brand": "Sprig Tea", "combo": []}, {"category": "Gourmet & World Food", "sub_category_name": "Drinks & Beverages", "product_name": "Japanese Mint Matcha Green Tea Powder", "product_brand": "VAHDAM", "combo": []}, {"category": "Gourmet & World Food", "sub_category_name": "Drinks & Beverages", "product_name": "Juice - Aloe + Moringa", "product_brand": "Kapiva Ayurveda", "combo": []}, {"category": "Gourmet & World Food", "sub_category_name": "Drinks & Beverages", "product_name": "Juice - Aloe + Turmeric", "product_brand": "Kapiva Ayurveda", "combo": []}, {"category": "Gourmet & World Food", "sub_category_name": "Drinks & Beverages", "product_name": "Kashmiri Kawah Tea", "product_brand": "Kapiva Ayurveda", "combo": []}, {"category": "Gourmet & World Food", "sub_category_name": "Drinks & Beverages", "product_name": "100% Natural Cold Pressed Juice - Trim", "product_brand": "Raw Pressery", "combo": [["250 ml", "150.00"], ["2x250 ml", "285.00"], ["4x250 ml", "540.00"]]}, {"category": "Gourmet & World Food", "sub_category_name": "Drinks & Beverages", "product_name": "100% Green Tea", "product_brand": "Sprig Tea", "combo": []}, {"category": "Gourmet & World Food", "sub_category_name": "Drinks & Beverages", "product_name": "Juice - Aloe + Wheatgrass", "product_brand": "Kapiva Ayurveda", "combo": []}, {"category": "Gourmet & World Food", "sub_category_name": "Drinks & Beverages", "product_name": "Weekend Party Pack - Get 2 pcs per product", "product_brand": "&Stirred", "combo": []}, {"category": "Gourmet & World Food", "sub_category_name": "Drinks & Beverages", "product_name": "Try All Pack", "product_brand": "&Stirred", "combo": []}, {"category": "Gourmet & World Food", "sub_category_name": "Drinks & Beverages", "product_name": "Triphala Juice", "product_brand": "Nutriorg", "combo": []}, {"category": "Gourmet & World Food", "sub_category_name": "Drinks & Beverages", "product_name": "Cold Brew Coffee (Classic)", "product_brand": "Sleepy Owl", "combo": []}, {"category": "Gourmet & World Food", "sub_category_name": "Drinks & Beverages", "product_name": "Double Chocolate Mocha Instant Coffee - No Sugar, Vegan", "product_brand": "Colombian Brew Coffee", "combo": []}, {"category": "Gourmet & World Food", "sub_category_name": "Drinks & Beverages", "product_name": "100% Natural Cold Pressed Juice - Flush", "product_brand": "Raw Pressery", "combo": [["4x250 ml", "540.00"], ["250 ml", "150.00"], ["2x250 ml", "285.00"]]}, {"category": "Gourmet & World Food", "sub_category_name": "Drinks & Beverages", "product_name": "Amla Juice", "product_brand": "Kapiva Ayurveda", "combo": []}, {"category": "Gourmet & World Food", "sub_category_name": "Drinks & Beverages", "product_name": "Arabica Espresso Filter Coffee - Roast & Ground Strong", "product_brand": "Colombian Brew Coffee", "combo": []}, {"category": "Gourmet & World Food", "sub_category_name": "Drinks & Beverages", "product_name": "Nutmeg Filter Coffee - Arabica Roast & Ground", "product_brand": "Colombian Brew Coffee", "combo": []}, {"category": "Gourmet & World Food", "sub_category_name": "Drinks & Beverages", "product_name": "Juice - Grape", "product_brand": "Mogu Mogu", "combo": [["300 ml", "60.00"], ["2x300 ml", "120.00"]]}, {"category": "Gourmet & World Food", "sub_category_name": "Drinks & Beverages", "product_name": "Coffee - Instant, Caramel Flavour", "product_brand": "Country Bean", "combo": []}, {"category": "Gourmet & World Food", "sub_category_name": "Drinks & Beverages", "product_name": "Beer - Cranberry, Non-Alcoholic", "product_brand": "Coolberg", "combo": []}, {"category": "Gourmet & World Food", "sub_category_name": "Drinks & Beverages", "product_name": "DiaFree Juice", "product_brand": "Kapiva Ayurveda", "combo": []}, {"category": "Gourmet & World Food", "sub_category_name": "Drinks & Beverages", "product_name": "Non Alcoholic - Wine Rose", "product_brand": "Carl Jung", "combo": []}, {"category": "Gourmet & World Food", "sub_category_name": "Drinks & Beverages", "product_name": "Arabica Espresso Filter Coffee - Roast & Ground Strong", "product_brand": "Colombian Brew Coffee", "combo": []}, {"category": "Gourmet & World Food", "sub_category_name": "Drinks & Beverages", "product_name": "100% Natural Cold Pressed Juice - Grapefruit", "product_brand": "Raw Pressery", "combo": []}, {"category": "Gourmet & World Food", "sub_category_name": "Drinks & Beverages", "product_name": "Nilgiri Green Tea Bags - Taizen Cinnamon", "product_brand": "Teamonk", "combo": []}, {"category": "Gourmet & World Food", "sub_category_name": "Drinks & Beverages", "product_name": "Fruit Juice - Grape with Nata de Coco", "product_brand": "Kokozo", "combo": []}, {"category": "Gourmet & World Food", "sub_category_name": "Drinks & Beverages", "product_name": "Coffee - Instant, Hazelnut Flavour", "product_brand": "Country Bean", "combo": []}, {"category": "Gourmet & World Food", "sub_category_name": "Drinks & Beverages", "product_name": "Signature Filter Instant Coffee Powder", "product_brand": "TGL Co.", "combo": []}, {"category": "Gourmet & World Food", "sub_category_name": "Drinks & Beverages", "product_name": "Green Tea - All Natural", "product_brand": "DILMAH", "combo": []}, {"category": "Gourmet & World Food", "sub_category_name": "Drinks & Beverages", "product_name": "Green Tea With Tulsi", "product_brand": "Sprig Tea", "combo": []}, {"category": "Gourmet & World Food", "sub_category_name": "Drinks & Beverages", "product_name": "Organic & Low Carb Masala Soda", "product_brand": "D-Alive", "combo": []}, {"category": "Gourmet & World Food", "sub_category_name": "Drinks & Beverages", "product_name": "Instant Coffee - Choco Orange Flavoured", "product_brand": "Country Bean", "combo": []}, {"category": "Gourmet & World Food", "sub_category_name": "Drinks & Beverages", "product_name": "Organic Soya Drink - Natural Gluten Free", "product_brand": "The Bridge Bio", "combo": []}, {"category": "Gourmet & World Food", "sub_category_name": "Drinks & Beverages", "product_name": "Blueberry Chocolate Mocha Instant Coffee - No Sugar, Vegan", "product_brand": "Colombian Brew Coffee", "combo": []}, {"category": "Gourmet & World Food", "sub_category_name": "Drinks & Beverages", "product_name": "Non Alcoholic Wine White", "product_brand": "Carl Jung", "combo": []}, {"category": "Gourmet & World Food", "sub_category_name": "Drinks & Beverages", "product_name": "Basil Drink - Passion Fruit Flavored", "product_brand": "American Delight", "combo": []}, {"category": "Gourmet & World Food", "sub_category_name": "Drinks & Beverages", "product_name": "Nilgiri White Tea - Sei", "product_brand": "Teamonk", "combo": []}, {"category": "Gourmet & World Food", "sub_category_name": "Drinks & Beverages", "product_name": "Juice - Grape", "product_brand": "Mogu Mogu", "combo": [["300 ml", "60.00"], ["2x300 ml", "120.00"]]}, {"category": "Gourmet & World Food", "sub_category_name": "Drinks & Beverages", "product_name": "Coffee - Instant, Caramel Flavour", "product_brand": "Country Bean", "combo": []}, {"category": "Gourmet & World Food", "sub_category_name": "Drinks & Beverages", "product_name": "Beer - Cranberry, Non-Alcoholic", "product_brand": "Coolberg", "combo": []}, {"category": "Gourmet & World Food", "sub_category_name": "Drinks & Beverages", "product_name": "DiaFree Juice", "product_brand": "Kapiva Ayurveda", "combo": []}, {"category": "Gourmet & World Food", "sub_category_name": "Drinks & Beverages", "product_name": "Non Alcoholic - Wine Rose", "product_brand": "Carl Jung", "combo": []}, {"category": "Gourmet & World Food", "sub_category_name": "Drinks & Beverages", "product_name": "Arabica Espresso Filter Coffee - Roast & Ground Strong", "product_brand": "Colombian Brew Coffee", "combo": []}, {"category": "Gourmet & World Food", "sub_category_name": "Drinks & Beverages", "product_name": "100% Natural Cold Pressed Juice - Grapefruit", "product_brand": "Raw Pressery", "combo": []}, {"category": "Gourmet & World Food", "sub_category_name": "Drinks & Beverages", "product_name": "Nilgiri Green Tea Bags - Taizen Cinnamon", "product_brand": "Teamonk", "combo": []}, {"category": "Gourmet & World Food", "sub_category_name": "Drinks & Beverages", "product_name": "Fruit Juice - Grape with Nata de Coco", "product_brand": "Kokozo", "combo": []}, {"category": "Gourmet & World Food", "sub_category_name": "Drinks & Beverages", "product_name": "Coffee - Instant, Hazelnut Flavour", "product_brand": "Country Bean", "combo": []}, {"category": "Gourmet & World Food", "sub_category_name": "Drinks & Beverages", "product_name": "Signature Filter Instant Coffee Powder", "product_brand": "TGL Co.", "combo": []}, {"category": "Gourmet & World Food", "sub_category_name": "Drinks & Beverages", "product_name": "Green Tea - All Natural", "product_brand": "DILMAH", "combo": []}, {"category": "Gourmet & World Food", "sub_category_name": "Drinks & Beverages", "product_name": "Green Tea With Tulsi", "product_brand": "Sprig Tea", "combo": []}, {"category": "Gourmet & World Food", "sub_category_name": "Drinks & Beverages", "product_name": "Organic & Low Carb Masala Soda", "product_brand": "D-Alive", "combo": []}, {"category": "Gourmet & World Food", "sub_category_name": "Drinks & Beverages", "product_name": "Instant Coffee - Choco Orange Flavoured", "product_brand": "Country Bean", "combo": []}, {"category": "Gourmet & World Food", "sub_category_name": "Drinks & Beverages", "product_name": "Organic Soya Drink - Natural Gluten Free", "product_brand": "The Bridge Bio", "combo": []}, {"category": "Gourmet & World Food", "sub_category_name": "Drinks & Beverages", "product_name": "Blueberry Chocolate Mocha Instant Coffee - No Sugar, Vegan", "product_brand": "Colombian Brew Coffee", "combo": []}, {"category": "Gourmet & World Food", "sub_category_name": "Drinks & Beverages", "product_name": "Non Alcoholic Wine White", "product_brand": "Carl Jung", "combo": []}, {"category": "Gourmet & World Food", "sub_category_name": "Drinks & Beverages", "product_name": "Basil Drink - Passion Fruit Flavored", "product_brand": "American Delight", "combo": []}, {"category": "Gourmet & World Food", "sub_category_name": "Drinks & Beverages", "product_name": "Nilgiri White Tea - Sei", "product_brand": "Teamonk", "combo": []}]