[{"category": "Beverages", "sub_category_name": "Tea", "product_name": "Tea - Natural Care", "product_brand": "Red Label", "combo": [["250 g", "140.00"], ["2x500 g", "540.00"], ["2x250 g", "280.00"], ["2x1 kg", "1100.00"], ["500 g", "270.00"], ["100 g", "60.00"], ["1 kg", "550.00"]]}, {"category": "Beverages", "sub_category_name": "Tea", "product_name": "Tea", "product_brand": "Society", "combo": [["1 kg", "408.50"], ["100 g", "48.00"], ["500 g", "223.25"], ["2x500 g", "446.50"], ["250 g", "116.85"]]}, {"category": "Beverages", "sub_category_name": "Tea", "product_name": "Tea", "product_brand": "Red Label", "combo": [["100 g", "40.00"], ["500 g", "225.15"], ["250 g", "130.00"], ["2x250 g", "260.00"], ["2x500 g", "450.30"]]}, {"category": "Beverages", "sub_category_name": "Tea", "product_name": "Leaf Tea", "product_brand": "Tata Tea Gold", "combo": [["1 kg", "514.97"], ["2x1 kg", "1029.94"], ["2x500 g", "540.00"], ["500 g", "270.00"], ["100 g", "40.00"], ["250 g", "118.75"], ["2x250 g", "237.50"]]}, {"category": "Beverages", "sub_category_name": "Tea", "product_name": "Tea", "product_brand": "Taj Mahal", "combo": [["2x500 g", "530.00"], ["100 g", "70.00"], ["2x250 g", "310.00"], ["2x1 kg", "1240.00"], ["1 kg", "620.00"], ["250 g", "155.00"], ["500 g", "265.00"]]}, {"category": "Beverages", "sub_category_name": "Tea", "product_name": "Leaf Tea 1 kg + Leaf Tea 250 g", "product_brand": "Tata Tea Gold", "combo": []}, {"category": "Beverages", "sub_category_name": "Tea", "product_name": "Tea", "product_brand": "Red Label", "combo": [["2x1 kg", "798.00"], ["1 kg", "399.00"]]}, {"category": "Beverages", "sub_category_name": "Tea", "product_name": "Leaf Tea - Premium", "product_brand": "Wagh Bakri", "combo": []}, {"category": "Beverages", "sub_category_name": "Tea", "product_name": "Honey Lemon Green Tea Bags", "product_brand": "Lipton", "combo": [["2x100 pcs", "892.50"], ["2x25 pcs", "266.00"], ["140 g", "446.25"], ["35 g", "133.00"]]}, {"category": "Beverages", "sub_category_name": "Tea", "product_name": "Leaf Tea", "product_brand": "Tata Tea Agni", "combo": [["500 g", "160.00"], ["1 kg", "300.00"], ["250 g", "74.40"]]}, {"category": "Beverages", "sub_category_name": "Tea", "product_name": "Masala Tea", "product_brand": "Society Tea", "combo": [["250 g", "139.00"], ["500 g", "300.00"]]}, {"category": "Beverages", "sub_category_name": "Tea", "product_name": "Darjeeling Tea", "product_brand": "Lipton", "combo": [["500 g", "810.00"], ["250 g", "460.00"]]}, {"category": "Beverages", "sub_category_name": "Tea", "product_name": "Taj Mahal Tea, 500 g + Britannia Good Day Cookies - Rich Cashew, 200 g", "product_brand": "bb Combo", "combo": []}, {"category": "Beverages", "sub_category_name": "Tea", "product_name": "Leaf Tea", "product_brand": "Tata Tea Premium", "combo": [["2x250 g", "260.00"], ["250 g", "130.00"]]}, {"category": "Beverages", "sub_category_name": "Tea", "product_name": "Green Tea - Naturally Sweet Reviving Mango", "product_brand": "Tetley", "combo": []}, {"category": "Beverages", "sub_category_name": "Tea", "product_name": "Real Tulsi Leaves With Green Tea", "product_brand": "Tata Tea", "combo": []}, {"category": "Beverages", "sub_category_name": "Tea", "product_name": "Real Tulsi Leaves With Green Tea - Bags", "product_brand": "Tata Tea", "combo": []}, {"category": "Beverages", "sub_category_name": "Tea", "product_name": "Green Tea - Tulsi", "product_brand": "Good Morning", "combo": []}, {"category": "Beverages", "sub_category_name": "Tea", "product_name": "Organic - Tea CTC Premium, Gold", "product_brand": "Earthon", "combo": []}, {"category": "Beverages", "sub_category_name": "Tea", "product_name": "Vedic Suraksha Green Tea", "product_brand": "Dabur", "combo": []}, {"category": "Beverages", "sub_category_name": "Tea", "product_name": "Spiced Tea", "product_brand": "Wagh Bakri", "combo": []}, {"category": "Beverages", "sub_category_name": "Tea", "product_name": "Leaf Tea", "product_brand": "Wagh Bakri", "combo": []}, {"category": "Beverages", "sub_category_name": "Tea", "product_name": "Tulsi Green tea - Goodness of 5 Different Tulsi", "product_brand": "bb Royal", "combo": []}, {"category": "Beverages", "sub_category_name": "Tea", "product_name": "Green Tea - Pure & Light", "product_brand": "Lipton", "combo": [["10 pcs", "60.00"], ["32.5 g", "140.25"], ["2x25 pcs", "280.50"], ["130 g", "525.00"]]}, {"category": "Beverages", "sub_category_name": "Tea", "product_name": "Turmeric Classic Latte Mix Superfood - Golden Milk Powder With Curcumin", "product_brand": "VAHDAM", "combo": []}, {"category": "Beverages", "sub_category_name": "Tea", "product_name": "Turmeric Moringa Latte Mix Superfood - Golden Milk Powder With Curcumin", "product_brand": "VAHDAM", "combo": []}, {"category": "Beverages", "sub_category_name": "Tea", "product_name": "Turmeric Ginger Latte Mix Superfood - Golden Milk Powder With Curcumin", "product_brand": "VAHDAM", "combo": []}, {"category": "Beverages", "sub_category_name": "Tea", "product_name": "Turmeric Mushroom Latte Mix Superfood - Golden Milk Powder With Curcumin", "product_brand": "VAHDAM", "combo": []}, {"category": "Beverages", "sub_category_name": "Tea", "product_name": "Turmeric Ashwagandha Latte Mix Superfood - Golden Milk Powder With Powerful Curcumin", "product_brand": "VAHDAM", "combo": []}, {"category": "Beverages", "sub_category_name": "Tea", "product_name": "Leaf Tea", "product_brand": "Tata Tea Premium", "combo": [["1 kg", "450.37"], ["2x1 kg", "900.74"]]}, {"category": "Beverages", "sub_category_name": "Tea", "product_name": "Leaf Tea - Premium Perfect", "product_brand": "Wagh Bakri", "combo": [["250 g", "138.00"], ["500 g", "275.00"]]}, {"category": "Beverages", "sub_category_name": "Tea", "product_name": "Green Tea - Long Leaf", "product_brand": "Tetley", "combo": [["250 g", "220.00"], ["100 g", "145.00"], ["2x250 g", "440.00"]]}, {"category": "Beverages", "sub_category_name": "Tea", "product_name": "Leaf Tea", "product_brand": "Tata Tea Premium", "combo": []}, {"category": "Beverages", "sub_category_name": "Tea", "product_name": "Tea", "product_brand": "Taj Mahal", "combo": [["190 g", "180.00"], ["25 pcs", "55.00"]]}, {"category": "Beverages", "sub_category_name": "Tea", "product_name": "Tulsi Green Tea - Classic", "product_brand": "ORGANIC INDIA", "combo": []}, {"category": "Beverages", "sub_category_name": "Tea", "product_name": "Green Tea Bags Detox Pack - 4 Teas", "product_brand": "VAHDAM", "combo": []}, {"category": "Beverages", "sub_category_name": "Tea", "product_name": "Sweet Himalayan Loose Leaf Green Tea - 50 Cups", "product_brand": "VAHDAM", "combo": []}, {"category": "Beverages", "sub_category_name": "Tea", "product_name": "Classic English Breakfast Loose Leaf Black Tea - 250 Cups", "product_brand": "VAHDAM", "combo": []}, {"category": "Beverages", "sub_category_name": "Tea", "product_name": "Earl Grey Citrus Long Leaf Green Pyramid Tea Bags", "product_brand": "VAHDAM", "combo": []}, {"category": "Beverages", "sub_category_name": "Tea", "product_name": "Turmeric Ginger Long Leaf Herbal Pyramid Tea Bags", "product_brand": "VAHDAM", "combo": []}, {"category": "Beverages", "sub_category_name": "Tea", "product_name": "Turmeric Moringa Long Leaf Herbal Pyramid Tea Bags", "product_brand": "VAHDAM", "combo": []}, {"category": "Beverages", "sub_category_name": "Tea", "product_name": "Turmeric Ashwagandha Long Leaf Herbal Pyramid Tea Bags", "product_brand": "VAHDAM", "combo": []}, {"category": "Beverages", "sub_category_name": "Tea", "product_name": "Turmeric Wellness Tea Bags Detox Pack - 4 Tea", "product_brand": "VAHDAM", "combo": []}, {"category": "Beverages", "sub_category_name": "Tea", "product_name": "Tea Bags Assortments - 15 Variety", "product_brand": "VAHDAM", "combo": []}, {"category": "Beverages", "sub_category_name": "Tea", "product_name": "Turmeric Tea Sampler Pack - 4 Variety", "product_brand": "VAHDAM", "combo": []}, {"category": "Beverages", "sub_category_name": "Tea", "product_name": "Himalayan Loose Leaf Green Tea - 50 Cups", "product_brand": "VAHDAM", "combo": []}, {"category": "Beverages", "sub_category_name": "Tea", "product_name": "Kashmiri Kahwa Loose Leaf Green Tea - 50 Cups", "product_brand": "VAHDAM", "combo": []}, {"category": "Beverages", "sub_category_name": "Tea", "product_name": "Daily Darjeeling Summer Black Tea- 120 Cups", "product_brand": "VAHDAM", "combo": []}, {"category": "Beverages", "sub_category_name": "Tea", "product_name": "India's Original Loose Leaf Masala Chai - 50 Cups", "product_brand": "VAHDAM", "combo": []}, {"category": "Beverages", "sub_category_name": "Tea", "product_name": "Recover Turmeric Elixirs", "product_brand": "VAHDAM", "combo": []}, {"category": "Beverages", "sub_category_name": "Tea", "product_name": "Citrus Ginger Herbal Loose Leaf Tea Tisane - 50 Cups", "product_brand": "VAHDAM", "combo": []}, {"category": "Beverages", "sub_category_name": "Tea", "product_name": "Turmeric Matcha Superfood Elixirs", "product_brand": "VAHDAM", "combo": []}, {"category": "Beverages", "sub_category_name": "Tea", "product_name": "Recover Turmeric Superfood Elixirs", "product_brand": "VAHDAM", "combo": []}, {"category": "Beverages", "sub_category_name": "Tea", "product_name": "Green Tea - Lemon & Honey", "product_brand": "Tetley", "combo": [["150 g", "375.00"], ["15 g", "65.00"]]}, {"category": "Beverages", "sub_category_name": "Tea", "product_name": "Tulsi Natura Green Tea Bags", "product_brand": "Lipton", "combo": [["2x25 pcs", "280.50"], ["32.5 g", "140.25"]]}, {"category": "Beverages", "sub_category_name": "Tea", "product_name": "Green Tea - Tulsi, Lemon & Ginger", "product_brand": "ORGANIC INDIA", "combo": []}, {"category": "Beverages", "sub_category_name": "Tea", "product_name": "Tea - Strong (Aroma And Taste)", "product_brand": "bb Royal", "combo": []}, {"category": "Beverages", "sub_category_name": "Tea", "product_name": "Green Tea - Regular", "product_brand": "Tetley", "combo": [["130 g", "375.00"], ["13 g", "65.00"], ["2x100 Teabags", "750.00"]]}, {"category": "Beverages", "sub_category_name": "Tea", "product_name": "Leaf Tea - Premium", "product_brand": "Wagh Bakri", "combo": []}, {"category": "Beverages", "sub_category_name": "Tea", "product_name": "Tea - Premium With 20% Extra Long Leaf", "product_brand": "bb Royal", "combo": []}, {"category": "Beverages", "sub_category_name": "Tea", "product_name": "Tea - Premium Perfect Leaf", "product_brand": "Wagh Bakri", "combo": []}, {"category": "Beverages", "sub_category_name": "Tea", "product_name": "Green Tea - Ginger, Mint & Lemon", "product_brand": "Tetley", "combo": [["150 g", "375.00"], ["15 g", "65.00"], ["109 g", "140.00"], ["2x100 pcs", "750.00"]]}, {"category": "Beverages", "sub_category_name": "Tea", "product_name": "Green-Tea bags - Pure And Refreshing", "product_brand": "bb Royal", "combo": [["2x25 Bags", "320.00"], ["50 g", "160.00"]]}, {"category": "Beverages", "sub_category_name": "Tea", "product_name": "Dust Tea", "product_brand": "Society", "combo": []}, {"category": "Beverages", "sub_category_name": "Tea", "product_name": "Tea - Yellow Label", "product_brand": "Lipton", "combo": []}, {"category": "Beverages", "sub_category_name": "Tea", "product_name": "Green Tea - Lemon & Honey", "product_brand": "Tetley", "combo": []}, {"category": "Beverages", "sub_category_name": "Tea", "product_name": "Green Tea - Tulsi & Jasmine", "product_brand": "ORGANIC INDIA", "combo": []}, {"category": "Beverages", "sub_category_name": "Tea", "product_name": "Green Tea - Tulsi & Pomegranate", "product_brand": "ORGANIC INDIA", "combo": []}, {"category": "Beverages", "sub_category_name": "Tea", "product_name": "Tea - Masters Blend - Rich Taste", "product_brand": "bb Royal", "combo": []}, {"category": "Beverages", "sub_category_name": "Tea", "product_name": "Dust Tea", "product_brand": "Tata Tea Agni", "combo": []}, {"category": "Beverages", "sub_category_name": "Tea", "product_name": "Lemon Zest Green Tea Bags", "product_brand": "Lipton", "combo": []}, {"category": "Beverages", "sub_category_name": "Tea", "product_name": "Mint Burst Green Tea Bags", "product_brand": "Lipton", "combo": []}, {"category": "Beverages", "sub_category_name": "Tea", "product_name": "Infusion Bags - Tulsi Green Tea", "product_brand": "ORGANIC INDIA", "combo": []}, {"category": "Beverages", "sub_category_name": "Tea", "product_name": "Chamomile Tea - Tulsi Honey", "product_brand": "ORGANIC INDIA", "combo": []}, {"category": "Beverages", "sub_category_name": "Tea", "product_name": "Masala Tea", "product_brand": "Tetley", "combo": [["24 g", "70.00"], ["100 g", "260.00"]]}, {"category": "Beverages", "sub_category_name": "Tea", "product_name": "Tea - Infusion, Tulsi Mulethi", "product_brand": "ORGANIC INDIA", "combo": []}, {"category": "Beverages", "sub_category_name": "Tea", "product_name": "Tea - One Minute, Masala", "product_brand": "Society", "combo": []}, {"category": "Beverages", "sub_category_name": "Tea", "product_name": "Dust Tea", "product_brand": "Tata Tea Agni", "combo": []}, {"category": "Beverages", "sub_category_name": "Tea", "product_name": "Tea - Infusion, Tulsi Original", "product_brand": "ORGANIC INDIA", "combo": []}, {"category": "Beverages", "sub_category_name": "Tea", "product_name": "Tea - Premium With 20% Extra Long Leaf", "product_brand": "bb Royal", "combo": []}, {"category": "Beverages", "sub_category_name": "Tea", "product_name": "Tea - Masters Blend - Rich Taste", "product_brand": "bb Royal", "combo": []}, {"category": "Beverages", "sub_category_name": "Tea", "product_name": "Infusion Bags - The Original Tulsi Ginger", "product_brand": "ORGANIC INDIA", "combo": []}, {"category": "Beverages", "sub_category_name": "Tea", "product_name": "Tea - Strong (Aroma And Taste)", "product_brand": "bb Royal", "combo": []}, {"category": "Beverages", "sub_category_name": "Tea", "product_name": "Premix Lemon Grass Tea", "product_brand": "Society", "combo": []}, {"category": "Beverages", "sub_category_name": "Tea", "product_name": "Tea - Fresh Lemon", "product_brand": "Taj Mahal", "combo": []}, {"category": "Beverages", "sub_category_name": "Tea", "product_name": "Tea - Lemon Twist", "product_brand": "Tetley", "combo": []}, {"category": "Beverages", "sub_category_name": "Tea", "product_name": "Green Tea - Premium", "product_brand": "Society", "combo": []}, {"category": "Beverages", "sub_category_name": "Tea", "product_name": "Tea - Rich Masala", "product_brand": "Taj Mahal", "combo": []}, {"category": "Beverages", "sub_category_name": "Tea", "product_name": "Original - Tulsi Tea", "product_brand": "ORGANIC INDIA", "combo": []}, {"category": "Beverages", "sub_category_name": "Tea", "product_name": "Green Tea - Fruit Infusion Dip Bags, Black Currant Bracer", "product_brand": "Typhoo", "combo": []}, {"category": "Beverages", "sub_category_name": "Tea", "product_name": "Turmeric Ginger Tulsi Green Tea Pyramid Bags - Immunity Boosting & Sore Throat", "product_brand": "Onlyleaf", "combo": [["104 g", "525.00"], ["54 g", "275.00"]]}, {"category": "Beverages", "sub_category_name": "Tea", "product_name": "Tea - Spicy Ginger", "product_brand": "Taj Mahal", "combo": []}, {"category": "Beverages", "sub_category_name": "Tea", "product_name": "After Lunch Green Tea Bags", "product_brand": "Lipton", "combo": []}, {"category": "Beverages", "sub_category_name": "Tea", "product_name": "Tulsi Masala Tea", "product_brand": "Organic Tattva", "combo": []}, {"category": "Beverages", "sub_category_name": "Tea", "product_name": "Tea - Premium With 20% Extra Long Leaf", "product_brand": "bb Royal", "combo": []}, {"category": "Beverages", "sub_category_name": "Tea", "product_name": "Tea - One Minute, Elaichi", "product_brand": "Society", "combo": []}, {"category": "Beverages", "sub_category_name": "Tea", "product_name": "Tea - Premium Darjeeling", "product_brand": "Typhoo", "combo": []}, {"category": "Beverages", "sub_category_name": "Tea", "product_name": "Green Tea - Jasmine", "product_brand": "Typhoo", "combo": []}, {"category": "Beverages", "sub_category_name": "Tea", "product_name": "Green Tea - Lemon Zest", "product_brand": "Lipton", "combo": []}, {"category": "Beverages", "sub_category_name": "Tea", "product_name": "Green Tea - Pure & Light", "product_brand": "Lipton", "combo": []}, {"category": "Beverages", "sub_category_name": "Tea", "product_name": "Pure Japanse Matcha Green Tea Powder", "product_brand": "VAHDAM", "combo": []}, {"category": "Beverages", "sub_category_name": "Tea", "product_name": "Flavoured Tea - Lemon", "product_brand": "Twinings", "combo": [["50 g", "285.00"], ["200 g", "910.00"]]}, {"category": "Beverages", "sub_category_name": "Tea", "product_name": "Dandelion Green Tea Pyramid Bags - For Natural Body Detox", "product_brand": "Onlyleaf", "combo": []}, {"category": "Beverages", "sub_category_name": "Tea", "product_name": "Tea - Infusion, Tulsi Sweet Rose", "product_brand": "ORGANIC INDIA", "combo": []}, {"category": "Beverages", "sub_category_name": "Tea", "product_name": "Masala Tea", "product_brand": "Organic Tattva", "combo": []}, {"category": "Beverages", "sub_category_name": "Tea", "product_name": "Classic Green Organic Tea", "product_brand": "Eco Valley", "combo": []}, {"category": "Beverages", "sub_category_name": "Tea", "product_name": "Leaf Tea - Navchetan", "product_brand": "Wagh Bakri", "combo": []}, {"category": "Beverages", "sub_category_name": "Tea", "product_name": "Tulsi Green Tea", "product_brand": "Organic Tattva", "combo": []}, {"category": "Beverages", "sub_category_name": "Tea", "product_name": "Ashwagandha Green Tea Pyramid Bags - Immunity Boosting & Improved Memory", "product_brand": "Onlyleaf", "combo": []}, {"category": "Beverages", "sub_category_name": "Tea", "product_name": "Tea", "product_brand": "Society", "combo": [["200 g", "160.00"], ["50 g", "50.00"]]}, {"category": "Beverages", "sub_category_name": "Tea", "product_name": "Lemon Ginger Mint Green Tea Pyramid Bags - For Better Digestion", "product_brand": "Onlyleaf", "combo": [["104 g", "475.00"], ["54 g", "250.00"]]}, {"category": "Beverages", "sub_category_name": "Tea", "product_name": "Jasmine Green Tea Pyramid Bags - For Calm Mind", "product_brand": "Onlyleaf", "combo": []}, {"category": "Beverages", "sub_category_name": "Tea", "product_name": "High Mountain Long Leaf Oolong Pyramid Tea Bags", "product_brand": "VAHDAM", "combo": []}, {"category": "Beverages", "sub_category_name": "Tea", "product_name": "Tea - Castleton Vintage", "product_brand": "Goodricke", "combo": [["250 g", "550.00"], ["100 g", "275.00"]]}, {"category": "Beverages", "sub_category_name": "Tea", "product_name": "Tea Bags - Cardamom", "product_brand": "Typhoo", "combo": []}, {"category": "Beverages", "sub_category_name": "Tea", "product_name": "Hibiscus Cinnamon Clove Green Tea Pyramid Bags", "product_brand": "Onlyleaf", "combo": []}, {"category": "Beverages", "sub_category_name": "Tea", "product_name": "Green Tea - Barnesbeg, Lemon & Mint Flavour", "product_brand": "Goodricke", "combo": []}, {"category": "Beverages", "sub_category_name": "Tea", "product_name": "Organic Green Tea - Barnesbeg", "product_brand": "Goodricke", "combo": []}, {"category": "Beverages", "sub_category_name": "Tea", "product_name": "Japanese Turmeric Matcha Green Tea Powder", "product_brand": "VAHDAM", "combo": []}, {"category": "Beverages", "sub_category_name": "Tea", "product_name": "Sunny Lemony Tea", "product_brand": "Eco Valley", "combo": []}, {"category": "Beverages", "sub_category_name": "Tea", "product_name": "Earl Grey Tea", "product_brand": "Twinings", "combo": [["200 g", "910.00"], ["50 g", "285.00"]]}, {"category": "Beverages", "sub_category_name": "Tea", "product_name": "Moringa Green Tea Pyramid Bags - For Healthy Heart", "product_brand": "Onlyleaf", "combo": []}, {"category": "Beverages", "sub_category_name": "Tea", "product_name": "Cleansing Organic Root Remedy Tea", "product_brand": "Typhoo", "combo": []}, {"category": "Beverages", "sub_category_name": "Tea", "product_name": "Relaxing Organic Night Time Tea", "product_brand": "Typhoo", "combo": []}, {"category": "Beverages", "sub_category_name": "Tea", "product_name": "Tea Bags - Ginger", "product_brand": "Typhoo", "combo": []}, {"category": "Beverages", "sub_category_name": "Tea", "product_name": "Green Tea - Lemon Grass", "product_brand": "Typhoo", "combo": []}, {"category": "Beverages", "sub_category_name": "Tea", "product_name": "Turmeric Spiced Long Leaf Herbal Pyramid Tea Bags", "product_brand": "VAHDAM", "combo": []}, {"category": "Beverages", "sub_category_name": "Tea", "product_name": "Maharaja Breakfast Long Leaf Black Pyramid Tea Bags", "product_brand": "VAHDAM", "combo": []}, {"category": "Beverages", "sub_category_name": "Tea", "product_name": "Green Tea - Pure, Leaf", "product_brand": "Typhoo", "combo": []}, {"category": "Beverages", "sub_category_name": "Tea", "product_name": "Vanilla Spiced Long Leaf Chai Pyramid Tea Bags", "product_brand": "VAHDAM", "combo": []}, {"category": "Beverages", "sub_category_name": "Tea", "product_name": "Green Tea", "product_brand": "Organic Tattva", "combo": []}, {"category": "Beverages", "sub_category_name": "Tea", "product_name": "Tulsi Ginger Tea", "product_brand": "Organic Tattva", "combo": []}, {"category": "Beverages", "sub_category_name": "Tea", "product_name": "Tulsi Lemon Tea", "product_brand": "Organic Tattva", "combo": []}, {"category": "Beverages", "sub_category_name": "Tea", "product_name": "Chamomile Mint Citrus Long Leaf Green Pyramid Tea Bags", "product_brand": "VAHDAM", "combo": []}, {"category": "Beverages", "sub_category_name": "Tea", "product_name": "Organic Green Tea - Barnesbeg", "product_brand": "Goodricke", "combo": []}, {"category": "Beverages", "sub_category_name": "Tea", "product_name": "Chai Masala", "product_brand": "Keya", "combo": []}, {"category": "Beverages", "sub_category_name": "Tea", "product_name": "Essential Oil - Tea Tree", "product_brand": "By Nature", "combo": []}, {"category": "Beverages", "sub_category_name": "Tea", "product_name": "Mint Green Tea Pyramid Bags - For Feeling Refreshed", "product_brand": "Onlyleaf", "combo": []}, {"category": "Beverages", "sub_category_name": "Tea", "product_name": "Tea - Infusion, The Original Tulsi Ginger", "product_brand": "ORGANIC INDIA", "combo": []}, {"category": "Beverages", "sub_category_name": "Tea", "product_name": "Green Tea - Tulsi", "product_brand": "Typhoo", "combo": []}, {"category": "Beverages", "sub_category_name": "Tea", "product_name": "Darjeeling Tea - Green Whole Leaf", "product_brand": "Twinings", "combo": []}, {"category": "Beverages", "sub_category_name": "Tea", "product_name": "Darjeeling Tea - Loose Leaf", "product_brand": "Twinings", "combo": []}, {"category": "Beverages", "sub_category_name": "Tea", "product_name": "Tea - Origins Darjeeling", "product_brand": "Twinings", "combo": [["200 g", "910.00"], ["50 g", "285.00"]]}, {"category": "Beverages", "sub_category_name": "Tea", "product_name": "Tea Bags - Green", "product_brand": "Typhoo", "combo": []}, {"category": "Beverages", "sub_category_name": "Tea", "product_name": "Kashmiri Kahwa Tea", "product_brand": "FabBox", "combo": []}, {"category": "Beverages", "sub_category_name": "Tea", "product_name": "Tropical Fruit Infusion/Flavoured Tea", "product_brand": "Emperia", "combo": []}, {"category": "Beverages", "sub_category_name": "Tea", "product_name": "English Breakfast Black Tea", "product_brand": "Emperia", "combo": []}, {"category": "Beverages", "sub_category_name": "Tea", "product_name": "Jasmine Green Tea", "product_brand": "Emperia", "combo": []}, {"category": "Beverages", "sub_category_name": "Tea", "product_name": "Darjeeling Black Tea", "product_brand": "Emperia", "combo": []}, {"category": "Beverages", "sub_category_name": "Tea", "product_name": "Assam Black Tea", "product_brand": "Emperia", "combo": []}, {"category": "Beverages", "sub_category_name": "Tea", "product_name": "Passion Fruit Black Tea", "product_brand": "Emperia", "combo": []}, {"category": "Beverages", "sub_category_name": "Tea", "product_name": "Indian Masala Tea Bag", "product_brand": "Emperia", "combo": []}, {"category": "Beverages", "sub_category_name": "Tea", "product_name": "Earl Grey Black Tea", "product_brand": "Emperia", "combo": []}, {"category": "Beverages", "sub_category_name": "Tea", "product_name": "Mint Rose Green Tea", "product_brand": "Emperia", "combo": []}, {"category": "Beverages", "sub_category_name": "Tea", "product_name": "Orange Spice Green Tea", "product_brand": "Emperia", "combo": []}, {"category": "Beverages", "sub_category_name": "Tea", "product_name": "Kashmiri Kahwa Tea", "product_brand": "Emperia", "combo": []}, {"category": "Beverages", "sub_category_name": "Tea", "product_name": "Green Tea - Lemon & Honey", "product_brand": "Typhoo", "combo": []}, {"category": "Beverages", "sub_category_name": "Tea", "product_name": "Earl Grey Tea", "product_brand": "Typhoo", "combo": []}, {"category": "Beverages", "sub_category_name": "Tea", "product_name": "Detox Green Tea", "product_brand": "FabBox", "combo": []}, {"category": "Beverages", "sub_category_name": "Tea", "product_name": "Digestive Green Tea", "product_brand": "FabBox", "combo": []}, {"category": "Beverages", "sub_category_name": "Tea", "product_name": "Earl Grey Tea", "product_brand": "Twinings", "combo": [["200 g", "910.00"], ["50 g", "285.00"]]}, {"category": "Beverages", "sub_category_name": "Tea", "product_name": "Moringa Green Tea Pyramid Bags - For Healthy Heart", "product_brand": "Onlyleaf", "combo": []}, {"category": "Beverages", "sub_category_name": "Tea", "product_name": "Cleansing Organic Root Remedy Tea", "product_brand": "Typhoo", "combo": []}, {"category": "Beverages", "sub_category_name": "Tea", "product_name": "Relaxing Organic Night Time Tea", "product_brand": "Typhoo", "combo": []}, {"category": "Beverages", "sub_category_name": "Tea", "product_name": "Tea Bags - Ginger", "product_brand": "Typhoo", "combo": []}, {"category": "Beverages", "sub_category_name": "Tea", "product_name": "Green Tea - Lemon Grass", "product_brand": "Typhoo", "combo": []}, {"category": "Beverages", "sub_category_name": "Tea", "product_name": "Turmeric Spiced Long Leaf Herbal Pyramid Tea Bags", "product_brand": "VAHDAM", "combo": []}, {"category": "Beverages", "sub_category_name": "Tea", "product_name": "Maharaja Breakfast Long Leaf Black Pyramid Tea Bags", "product_brand": "VAHDAM", "combo": []}, {"category": "Beverages", "sub_category_name": "Tea", "product_name": "Green Tea - Pure, Leaf", "product_brand": "Typhoo", "combo": []}, {"category": "Beverages", "sub_category_name": "Tea", "product_name": "Vanilla Spiced Long Leaf Chai Pyramid Tea Bags", "product_brand": "VAHDAM", "combo": []}, {"category": "Beverages", "sub_category_name": "Tea", "product_name": "Green Tea", "product_brand": "Organic Tattva", "combo": []}, {"category": "Beverages", "sub_category_name": "Tea", "product_name": "Tulsi Ginger Tea", "product_brand": "Organic Tattva", "combo": []}, {"category": "Beverages", "sub_category_name": "Tea", "product_name": "Tulsi Lemon Tea", "product_brand": "Organic Tattva", "combo": []}, {"category": "Beverages", "sub_category_name": "Tea", "product_name": "Chamomile Mint Citrus Long Leaf Green Pyramid Tea Bags", "product_brand": "VAHDAM", "combo": []}, {"category": "Beverages", "sub_category_name": "Tea", "product_name": "Organic Green Tea - Barnesbeg", "product_brand": "Goodricke", "combo": []}, {"category": "Beverages", "sub_category_name": "Tea", "product_name": "Chai Masala", "product_brand": "Keya", "combo": []}, {"category": "Beverages", "sub_category_name": "Tea", "product_name": "Essential Oil - Tea Tree", "product_brand": "By Nature", "combo": []}, {"category": "Beverages", "sub_category_name": "Tea", "product_name": "Mint Green Tea Pyramid Bags - For Feeling Refreshed", "product_brand": "Onlyleaf", "combo": []}, {"category": "Beverages", "sub_category_name": "Tea", "product_name": "Tea - Infusion, The Original Tulsi Ginger", "product_brand": "ORGANIC INDIA", "combo": []}, {"category": "Beverages", "sub_category_name": "Tea", "product_name": "Green Tea - Tulsi", "product_brand": "Typhoo", "combo": []}, {"category": "Beverages", "sub_category_name": "Tea", "product_name": "Earl Grey Tea", "product_brand": "Twinings", "combo": [["200 g", "910.00"], ["50 g", "285.00"]]}, {"category": "Beverages", "sub_category_name": "Tea", "product_name": "Moringa Green Tea Pyramid Bags - For Healthy Heart", "product_brand": "Onlyleaf", "combo": []}, {"category": "Beverages", "sub_category_name": "Tea", "product_name": "Cleansing Organic Root Remedy Tea", "product_brand": "Typhoo", "combo": []}, {"category": "Beverages", "sub_category_name": "Tea", "product_name": "Relaxing Organic Night Time Tea", "product_brand": "Typhoo", "combo": []}, {"category": "Beverages", "sub_category_name": "Tea", "product_name": "Tea Bags - Ginger", "product_brand": "Typhoo", "combo": []}, {"category": "Beverages", "sub_category_name": "Tea", "product_name": "Green Tea - Lemon Grass", "product_brand": "Typhoo", "combo": []}, {"category": "Beverages", "sub_category_name": "Tea", "product_name": "Turmeric Spiced Long Leaf Herbal Pyramid Tea Bags", "product_brand": "VAHDAM", "combo": []}, {"category": "Beverages", "sub_category_name": "Tea", "product_name": "Maharaja Breakfast Long Leaf Black Pyramid Tea Bags", "product_brand": "VAHDAM", "combo": []}, {"category": "Beverages", "sub_category_name": "Tea", "product_name": "Green Tea - Pure, Leaf", "product_brand": "Typhoo", "combo": []}, {"category": "Beverages", "sub_category_name": "Tea", "product_name": "Vanilla Spiced Long Leaf Chai Pyramid Tea Bags", "product_brand": "VAHDAM", "combo": []}, {"category": "Beverages", "sub_category_name": "Tea", "product_name": "Green Tea", "product_brand": "Organic Tattva", "combo": []}, {"category": "Beverages", "sub_category_name": "Tea", "product_name": "Tulsi Ginger Tea", "product_brand": "Organic Tattva", "combo": []}, {"category": "Beverages", "sub_category_name": "Tea", "product_name": "Tulsi Lemon Tea", "product_brand": "Organic Tattva", "combo": []}, {"category": "Beverages", "sub_category_name": "Tea", "product_name": "Chamomile Mint Citrus Long Leaf Green Pyramid Tea Bags", "product_brand": "VAHDAM", "combo": []}, {"category": "Beverages", "sub_category_name": "Tea", "product_name": "Organic Green Tea - Barnesbeg", "product_brand": "Goodricke", "combo": []}, {"category": "Beverages", "sub_category_name": "Tea", "product_name": "Chai Masala", "product_brand": "Keya", "combo": []}, {"category": "Beverages", "sub_category_name": "Tea", "product_name": "Essential Oil - Tea Tree", "product_brand": "By Nature", "combo": []}, {"category": "Beverages", "sub_category_name": "Tea", "product_name": "Mint Green Tea Pyramid Bags - For Feeling Refreshed", "product_brand": "Onlyleaf", "combo": []}, {"category": "Beverages", "sub_category_name": "Tea", "product_name": "Tea - Infusion, The Original Tulsi Ginger", "product_brand": "ORGANIC INDIA", "combo": []}, {"category": "Beverages", "sub_category_name": "Tea", "product_name": "Green Tea - Tulsi", "product_brand": "Typhoo", "combo": []}, {"category": "Beverages", "sub_category_name": "Tea", "product_name": "Earl Grey Tea", "product_brand": "Twinings", "combo": [["200 g", "910.00"], ["50 g", "285.00"]]}, {"category": "Beverages", "sub_category_name": "Tea", "product_name": "Moringa Green Tea Pyramid Bags - For Healthy Heart", "product_brand": "Onlyleaf", "combo": []}, {"category": "Beverages", "sub_category_name": "Tea", "product_name": "Cleansing Organic Root Remedy Tea", "product_brand": "Typhoo", "combo": []}, {"category": "Beverages", "sub_category_name": "Tea", "product_name": "Relaxing Organic Night Time Tea", "product_brand": "Typhoo", "combo": []}, {"category": "Beverages", "sub_category_name": "Tea", "product_name": "Tea Bags - Ginger", "product_brand": "Typhoo", "combo": []}, {"category": "Beverages", "sub_category_name": "Tea", "product_name": "Green Tea - Lemon Grass", "product_brand": "Typhoo", "combo": []}, {"category": "Beverages", "sub_category_name": "Tea", "product_name": "Turmeric Spiced Long Leaf Herbal Pyramid Tea Bags", "product_brand": "VAHDAM", "combo": []}, {"category": "Beverages", "sub_category_name": "Tea", "product_name": "Maharaja Breakfast Long Leaf Black Pyramid Tea Bags", "product_brand": "VAHDAM", "combo": []}, {"category": "Beverages", "sub_category_name": "Tea", "product_name": "Green Tea - Pure, Leaf", "product_brand": "Typhoo", "combo": []}, {"category": "Beverages", "sub_category_name": "Tea", "product_name": "Vanilla Spiced Long Leaf Chai Pyramid Tea Bags", "product_brand": "VAHDAM", "combo": []}, {"category": "Beverages", "sub_category_name": "Tea", "product_name": "Green Tea", "product_brand": "Organic Tattva", "combo": []}, {"category": "Beverages", "sub_category_name": "Tea", "product_name": "Tulsi Ginger Tea", "product_brand": "Organic Tattva", "combo": []}, {"category": "Beverages", "sub_category_name": "Tea", "product_name": "Tulsi Lemon Tea", "product_brand": "Organic Tattva", "combo": []}, {"category": "Beverages", "sub_category_name": "Tea", "product_name": "Chamomile Mint Citrus Long Leaf Green Pyramid Tea Bags", "product_brand": "VAHDAM", "combo": []}, {"category": "Beverages", "sub_category_name": "Tea", "product_name": "Organic Green Tea - Barnesbeg", "product_brand": "Goodricke", "combo": []}, {"category": "Beverages", "sub_category_name": "Tea", "product_name": "Chai Masala", "product_brand": "Keya", "combo": []}, {"category": "Beverages", "sub_category_name": "Tea", "product_name": "Essential Oil - Tea Tree", "product_brand": "By Nature", "combo": []}, {"category": "Beverages", "sub_category_name": "Tea", "product_name": "Mint Green Tea Pyramid Bags - For Feeling Refreshed", "product_brand": "Onlyleaf", "combo": []}, {"category": "Beverages", "sub_category_name": "Tea", "product_name": "Tea - Infusion, The Original Tulsi Ginger", "product_brand": "ORGANIC INDIA", "combo": []}, {"category": "Beverages", "sub_category_name": "Tea", "product_name": "Green Tea - Tulsi", "product_brand": "Typhoo", "combo": []}, {"category": "Beverages", "sub_category_name": "Tea", "product_name": "Earl Grey Tea", "product_brand": "Tetley", "combo": []}, {"category": "Beverages", "sub_category_name": "Tea", "product_name": "Green Tea", "product_brand": "Typhoo", "combo": [["150 g", "650.00"], ["50 g", "210.00"]]}, {"category": "Beverages", "sub_category_name": "Tea", "product_name": "Green Tea - Lemon", "product_brand": "Gaia", "combo": []}, {"category": "Beverages", "sub_category_name": "Tea", "product_name": "Green Tea - Barnesbeg, Ginger & Tulsi Flavour", "product_brand": "Goodricke", "combo": []}, {"category": "Beverages", "sub_category_name": "Tea", "product_name": "Tea Bags - Castleton Premium", "product_brand": "Goodricke", "combo": [["50 g", "625.00"], ["100 pcs", "650.00"]]}, {"category": "Beverages", "sub_category_name": "Tea", "product_name": "Tea - Roasted", "product_brand": "Goodricke", "combo": []}, {"category": "Beverages", "sub_category_name": "Tea", "product_name": "Tea - Castleton Premium", "product_brand": "Goodricke", "combo": []}, {"category": "Beverages", "sub_category_name": "Tea", "product_name": "Tea - Thurbo Whole leaf Darjeeling", "product_brand": "Goodricke", "combo": [["250 g", "325.00"], ["100 g", "140.00"]]}, {"category": "Beverages", "sub_category_name": "Tea", "product_name": "Tea - Roasted, Darjeeling", "product_brand": "Goodricke", "combo": [["250 g", "265.00"], ["100 g", "105.00"]]}, {"category": "Beverages", "sub_category_name": "Tea", "product_name": "Tea - Masters Blend - Rich Taste", "product_brand": "bb Royal", "combo": []}, {"category": "Beverages", "sub_category_name": "Tea", "product_name": "Detoxing Organic Slim Tea", "product_brand": "Typhoo", "combo": []}, {"category": "Beverages", "sub_category_name": "Tea", "product_name": "Green Tea", "product_brand": "Twinings", "combo": [["200 g", "910.00"], ["50 g", "280.00"]]}, {"category": "Beverages", "sub_category_name": "Tea", "product_name": "Green Tea - Masala Chai", "product_brand": "Typhoo", "combo": []}, {"category": "Beverages", "sub_category_name": "Tea", "product_name": "Green Tea Scented With French Lavender", "product_brand": "Sprig Tea", "combo": []}, {"category": "Beverages", "sub_category_name": "Tea", "product_name": "Green Tea With Lemon & Honey", "product_brand": "Sprig Tea", "combo": []}, {"category": "Beverages", "sub_category_name": "Tea", "product_name": "Green Tea With Tulsi", "product_brand": "Sprig Tea", "combo": []}, {"category": "Beverages", "sub_category_name": "Tea", "product_name": "100% Green Tea", "product_brand": "Sprig Tea", "combo": []}, {"category": "Beverages", "sub_category_name": "Tea", "product_name": "Organic Himalayan Long Leaf Green Pyramid Tea Bags", "product_brand": "VAHDAM", "combo": []}, {"category": "Beverages", "sub_category_name": "Tea", "product_name": "Cardamom Masala Long Leaf Chai Pyramid Tea Bags", "product_brand": "VAHDAM", "combo": []}, {"category": "Beverages", "sub_category_name": "Tea", "product_name": "Darjeeling Spring Long Leaf Black Pyramid Tea Bags", "product_brand": "VAHDAM", "combo": []}, {"category": "Beverages", "sub_category_name": "Tea", "product_name": "Earl Grey Tea", "product_brand": "Tetley", "combo": []}, {"category": "Beverages", "sub_category_name": "Tea", "product_name": "Green Tea", "product_brand": "Typhoo", "combo": [["150 g", "650.00"], ["50 g", "210.00"]]}, {"category": "Beverages", "sub_category_name": "Tea", "product_name": "Green Tea - Lemon", "product_brand": "Gaia", "combo": []}, {"category": "Beverages", "sub_category_name": "Tea", "product_name": "Green Tea - Barnesbeg, Ginger & Tulsi Flavour", "product_brand": "Goodricke", "combo": []}, {"category": "Beverages", "sub_category_name": "Tea", "product_name": "Tea Bags - Castleton Premium", "product_brand": "Goodricke", "combo": [["50 g", "625.00"], ["100 pcs", "650.00"]]}, {"category": "Beverages", "sub_category_name": "Tea", "product_name": "Tea - Roasted", "product_brand": "Goodricke", "combo": []}, {"category": "Beverages", "sub_category_name": "Tea", "product_name": "Tea - Castleton Premium", "product_brand": "Goodricke", "combo": []}, {"category": "Beverages", "sub_category_name": "Tea", "product_name": "Tea - Thurbo Whole leaf Darjeeling", "product_brand": "Goodricke", "combo": [["250 g", "325.00"], ["100 g", "140.00"]]}, {"category": "Beverages", "sub_category_name": "Tea", "product_name": "Tea - Roasted, Darjeeling", "product_brand": "Goodricke", "combo": [["250 g", "265.00"], ["100 g", "105.00"]]}, {"category": "Beverages", "sub_category_name": "Tea", "product_name": "Tea - Masters Blend - Rich Taste", "product_brand": "bb Royal", "combo": []}, {"category": "Beverages", "sub_category_name": "Tea", "product_name": "Detoxing Organic Slim Tea", "product_brand": "Typhoo", "combo": []}, {"category": "Beverages", "sub_category_name": "Tea", "product_name": "Green Tea", "product_brand": "Twinings", "combo": [["200 g", "910.00"], ["50 g", "280.00"]]}, {"category": "Beverages", "sub_category_name": "Tea", "product_name": "Green Tea - Masala Chai", "product_brand": "Typhoo", "combo": []}, {"category": "Beverages", "sub_category_name": "Tea", "product_name": "Green Tea Scented With French Lavender", "product_brand": "Sprig Tea", "combo": []}, {"category": "Beverages", "sub_category_name": "Tea", "product_name": "Green Tea With Lemon & Honey", "product_brand": "Sprig Tea", "combo": []}, {"category": "Beverages", "sub_category_name": "Tea", "product_name": "Green Tea With Tulsi", "product_brand": "Sprig Tea", "combo": []}, {"category": "Beverages", "sub_category_name": "Tea", "product_name": "100% Green Tea", "product_brand": "Sprig Tea", "combo": []}, {"category": "Beverages", "sub_category_name": "Tea", "product_name": "Organic Himalayan Long Leaf Green Pyramid Tea Bags", "product_brand": "VAHDAM", "combo": []}, {"category": "Beverages", "sub_category_name": "Tea", "product_name": "Cardamom Masala Long Leaf Chai Pyramid Tea Bags", "product_brand": "VAHDAM", "combo": []}, {"category": "Beverages", "sub_category_name": "Tea", "product_name": "Darjeeling Spring Long Leaf Black Pyramid Tea Bags", "product_brand": "VAHDAM", "combo": []}, {"category": "Beverages", "sub_category_name": "Tea", "product_name": "Assam Exotic Long Leaf Black Pyramid Tea Bags", "product_brand": "VAHDAM", "combo": []}, {"category": "Beverages", "sub_category_name": "Tea", "product_name": "Organics Hibiscus Tea - Herbal Infusion", "product_brand": "18 Herbs", "combo": []}, {"category": "Beverages", "sub_category_name": "Tea", "product_name": "Darjeeling Summer Long Leaf Black Pyramid Tea Bags", "product_brand": "VAHDAM", "combo": []}, {"category": "Beverages", "sub_category_name": "Tea", "product_name": "Mint Melody Long Leaf Green Pyramid Tea Bags", "product_brand": "VAHDAM", "combo": []}, {"category": "Beverages", "sub_category_name": "Tea", "product_name": "Sweet Himalayan Long Leaf Green Pyramid Tea Bags", "product_brand": "VAHDAM", "combo": []}, {"category": "Beverages", "sub_category_name": "Tea", "product_name": "Sweet Cinnamon Masala Long Leaf Chai Pyramid Tea Bags", "product_brand": "VAHDAM", "combo": []}, {"category": "Beverages", "sub_category_name": "Tea", "product_name": "Earl Grey Masala Long Leaf Chai Pyramid Tea Bags", "product_brand": "VAHDAM", "combo": []}, {"category": "Beverages", "sub_category_name": "Tea", "product_name": "Green Tea - Tulsi Natura", "product_brand": "Lipton", "combo": []}, {"category": "Beverages", "sub_category_name": "Tea", "product_name": "Green Tea - Lemon & Honey", "product_brand": "bb Royal", "combo": []}, {"category": "Beverages", "sub_category_name": "Tea", "product_name": "Divine Tulsi Tea", "product_brand": "Eco Valley", "combo": []}, {"category": "Beverages", "sub_category_name": "Tea", "product_name": "Rose Green Tea Pyramid Bags - For Glowing Skin", "product_brand": "Onlyleaf", "combo": []}, {"category": "Beverages", "sub_category_name": "Tea", "product_name": "Black Tea", "product_brand": "Organic Tattva", "combo": []}, {"category": "Beverages", "sub_category_name": "Tea", "product_name": "Assam Tea", "product_brand": "24 Mantra", "combo": []}, {"category": "Beverages", "sub_category_name": "Tea", "product_name": "Tea - English Breakfast", "product_brand": "Twinings", "combo": []}, {"category": "Beverages", "sub_category_name": "Tea", "product_name": "Green Tea - Lemon", "product_brand": "Twinings", "combo": [["200 g", "910.00"], ["50 g", "285.00"]]}, {"category": "Beverages", "sub_category_name": "Tea", "product_name": "Green Tea - Jasmine", "product_brand": "Twinings", "combo": []}, {"category": "Beverages", "sub_category_name": "Tea", "product_name": "Green Tea - Mint", "product_brand": "Twinings", "combo": []}, {"category": "Beverages", "sub_category_name": "Tea", "product_name": "Organic Green Tea", "product_brand": "24 Mantra", "combo": []}, {"category": "Beverages", "sub_category_name": "Tea", "product_name": "Ayurvedic Tea Masala - 21 Active Ingredients", "product_brand": "Kapiva Ayurveda", "combo": []}, {"category": "Beverages", "sub_category_name": "Tea", "product_name": "Kashmiri Kawah Tea", "product_brand": "Kapiva Ayurveda", "combo": []}, {"category": "Beverages", "sub_category_name": "Tea", "product_name": "Honey Lemon Green Tea", "product_brand": "Te-A-Me", "combo": []}, {"category": "Beverages", "sub_category_name": "Tea", "product_name": "Flavored Green Tea Bags - Lemon", "product_brand": "Mlesna", "combo": []}, {"category": "Beverages", "sub_category_name": "Tea", "product_name": "Long Leaf Green Tea - 20 Silken Pyramid Tea Bags", "product_brand": "Cambridge Tea Party", "combo": []}, {"category": "Beverages", "sub_category_name": "Tea", "product_name": "Green Tea - Lemon Honey", "product_brand": "Tea Culture Of The World", "combo": []}, {"category": "Beverages", "sub_category_name": "Tea", "product_name": "Tea - Black, Earl Grey", "product_brand": "Tea Culture Of The World", "combo": []}, {"category": "Beverages", "sub_category_name": "Tea", "product_name": "Green Tea - Moroccan Mint", "product_brand": "Tea Culture Of The World", "combo": []}, {"category": "Beverages", "sub_category_name": "Tea", "product_name": "Tea - Black, Masala Chai", "product_brand": "Tea Culture Of The World", "combo": []}, {"category": "Beverages", "sub_category_name": "Tea", "product_name": "Green Tea - Easy Digest", "product_brand": "Tea Culture Of The World", "combo": []}, {"category": "Beverages", "sub_category_name": "Tea", "product_name": "Green Tea - Detox", "product_brand": "Tea Culture Of The World", "combo": []}, {"category": "Beverages", "sub_category_name": "Tea", "product_name": "Cranberry Apple Infusion", "product_brand": "Te-A-Me", "combo": []}, {"category": "Beverages", "sub_category_name": "Tea", "product_name": "Black Tea - English Breakfast Tea", "product_brand": "Teamonk", "combo": []}, {"category": "Beverages", "sub_category_name": "Tea", "product_name": "Flavored Green Tea Bags - Jasmine", "product_brand": "Mlesna", "combo": []}, {"category": "Beverages", "sub_category_name": "Tea", "product_name": "Nilgiris Green Tea - Sozen Orange Detox", "product_brand": "Teamonk", "combo": []}, {"category": "Beverages", "sub_category_name": "Tea", "product_name": "Nilgiris Green Teabags - Koen Organic Rose", "product_brand": "Teamonk", "combo": []}, {"category": "Beverages", "sub_category_name": "Tea", "product_name": "Tag Bags - Mint", "product_brand": "DILMAH", "combo": []}, {"category": "Beverages", "sub_category_name": "Tea", "product_name": "Green Tea Powder - Golden Matcha", "product_brand": "Sprig", "combo": []}, {"category": "Beverages", "sub_category_name": "Tea", "product_name": "Tea Bags - Peach Apricot", "product_brand": "Mlesna", "combo": []}, {"category": "Beverages", "sub_category_name": "Tea", "product_name": "Green Tea & Oriental Ginger", "product_brand": "Sprig Tea", "combo": []}, {"category": "Beverages", "sub_category_name": "Tea", "product_name": "Green Tea & Oriental Ginger", "product_brand": "Sprig Tea", "combo": []}, {"category": "Beverages", "sub_category_name": "Tea", "product_name": "Mogo Mogo Green Tea Bag", "product_brand": "TGL Co.", "combo": []}, {"category": "Beverages", "sub_category_name": "Tea", "product_name": "Honey Lemon Green Tea", "product_brand": "Te-A-Me", "combo": []}, {"category": "Beverages", "sub_category_name": "Tea", "product_name": "Flavored Green Tea Bags - Lemon", "product_brand": "Mlesna", "combo": []}, {"category": "Beverages", "sub_category_name": "Tea", "product_name": "Long Leaf Green Tea - 20 Silken Pyramid Tea Bags", "product_brand": "Cambridge Tea Party", "combo": []}, {"category": "Beverages", "sub_category_name": "Tea", "product_name": "Green Tea - Lemon Honey", "product_brand": "Tea Culture Of The World", "combo": []}, {"category": "Beverages", "sub_category_name": "Tea", "product_name": "Tea - Black, Earl Grey", "product_brand": "Tea Culture Of The World", "combo": []}, {"category": "Beverages", "sub_category_name": "Tea", "product_name": "Green Tea - Moroccan Mint", "product_brand": "Tea Culture Of The World", "combo": []}, {"category": "Beverages", "sub_category_name": "Tea", "product_name": "Tea - Black, Masala Chai", "product_brand": "Tea Culture Of The World", "combo": []}, {"category": "Beverages", "sub_category_name": "Tea", "product_name": "Green Tea - Easy Digest", "product_brand": "Tea Culture Of The World", "combo": []}, {"category": "Beverages", "sub_category_name": "Tea", "product_name": "Green Tea - Detox", "product_brand": "Tea Culture Of The World", "combo": []}, {"category": "Beverages", "sub_category_name": "Tea", "product_name": "Cranberry Apple Infusion", "product_brand": "Te-A-Me", "combo": []}, {"category": "Beverages", "sub_category_name": "Tea", "product_name": "Black Tea - English Breakfast Tea", "product_brand": "Teamonk", "combo": []}, {"category": "Beverages", "sub_category_name": "Tea", "product_name": "Flavored Green Tea Bags - Jasmine", "product_brand": "Mlesna", "combo": []}, {"category": "Beverages", "sub_category_name": "Tea", "product_name": "Nilgiris Green Tea - Sozen Orange Detox", "product_brand": "Teamonk", "combo": []}, {"category": "Beverages", "sub_category_name": "Tea", "product_name": "Nilgiris Green Teabags - Koen Organic Rose", "product_brand": "Teamonk", "combo": []}, {"category": "Beverages", "sub_category_name": "Tea", "product_name": "Tag Bags - Mint", "product_brand": "DILMAH", "combo": []}, {"category": "Beverages", "sub_category_name": "Tea", "product_name": "Green Tea Powder - Golden Matcha", "product_brand": "Sprig", "combo": []}, {"category": "Beverages", "sub_category_name": "Tea", "product_name": "Tea Bags - Peach Apricot", "product_brand": "Mlesna", "combo": []}, {"category": "Beverages", "sub_category_name": "Tea", "product_name": "Green Tea & Oriental Ginger", "product_brand": "Sprig Tea", "combo": []}, {"category": "Beverages", "sub_category_name": "Tea", "product_name": "Green Tea & Oriental Ginger", "product_brand": "Sprig Tea", "combo": []}, {"category": "Beverages", "sub_category_name": "Tea", "product_name": "Mogo Mogo Green Tea Bag", "product_brand": "TGL Co.", "combo": []}, {"category": "Beverages", "sub_category_name": "Tea", "product_name": "Slim Line Slimming Herbal Tea Bags", "product_brand": "TGL Co.", "combo": []}, {"category": "Beverages", "sub_category_name": "Tea", "product_name": "South African Rooibos Tea Bags", "product_brand": "TGL Co.", "combo": []}, {"category": "Beverages", "sub_category_name": "Tea", "product_name": "Wellness Tea Assortment Herbal Tea Bags", "product_brand": "TGL Co.", "combo": []}, {"category": "Beverages", "sub_category_name": "Tea", "product_name": "Ginger Chai Tea CTC", "product_brand": "TGL Co.", "combo": []}, {"category": "Beverages", "sub_category_name": "Tea", "product_name": "Immunity Blend Immunity Booster Herbal Tea Bags", "product_brand": "TGL Co.", "combo": []}, {"category": "Beverages", "sub_category_name": "Tea", "product_name": "Flavored Green Tea Bags - Earl Grey", "product_brand": "Mlesna", "combo": []}, {"category": "Beverages", "sub_category_name": "Tea", "product_name": "Basil Leaves With Green Tea", "product_brand": "Wingreens Farms", "combo": []}, {"category": "Beverages", "sub_category_name": "Tea", "product_name": "Green Tea Bags", "product_brand": "Te-A-Me", "combo": []}, {"category": "Beverages", "sub_category_name": "Tea", "product_name": "Lime Lemongrass Spa Green Tea - Whole Leaf Loose Tea", "product_brand": "Cambridge Tea Party", "combo": []}, {"category": "Beverages", "sub_category_name": "Tea", "product_name": "Imperial Earl Grey Black Tea Bag", "product_brand": "TGL Co.", "combo": []}, {"category": "Beverages", "sub_category_name": "Tea", "product_name": "Green Tea - Premium", "product_brand": "DILMAH", "combo": []}, {"category": "Beverages", "sub_category_name": "Tea", "product_name": "Tag Bags - Ginger", "product_brand": "DILMAH", "combo": []}, {"category": "Beverages", "sub_category_name": "Tea", "product_name": "Flavored Green Tea Bags - Sour Sop", "product_brand": "Mlesna", "combo": []}, {"category": "Beverages", "sub_category_name": "Tea", "product_name": "Nilgiris Green Tea - Turmeric", "product_brand": "Teamonk", "combo": []}, {"category": "Beverages", "sub_category_name": "Tea", "product_name": "Green Tea - With Cinnamon", "product_brand": "DILMAH", "combo": []}, {"category": "Beverages", "sub_category_name": "Tea", "product_name": "Organic Japanese Matcha Tea - Ceremonial Grade", "product_brand": "TGL Co.", "combo": []}, {"category": "Beverages", "sub_category_name": "Tea", "product_name": "Miracle Mint Herbal Tea Bag", "product_brand": "TGL Co.", "combo": []}, {"category": "Beverages", "sub_category_name": "Tea", "product_name": "Tea Bags - Lemon", "product_brand": "DILMAH", "combo": []}, {"category": "Beverages", "sub_category_name": "Tea", "product_name": "Euphoria Instant Coffee Powder", "product_brand": "TGL Co.", "combo": []}, {"category": "Beverages", "sub_category_name": "Tea", "product_name": "Nilgiris Green Tea - Zoho Lemongrass", "product_brand": "Teamonk", "combo": []}, {"category": "Beverages", "sub_category_name": "Tea", "product_name": "Lemon Detox Green Tea Bag", "product_brand": "TGL Co.", "combo": []}, {"category": "Beverages", "sub_category_name": "Tea", "product_name": "Strawberry Cream Infusion", "product_brand": "Te-A-Me", "combo": []}, {"category": "Beverages", "sub_category_name": "Tea", "product_name": "8 Spices Masala Chai Tea", "product_brand": "Cambridge Tea Party", "combo": []}, {"category": "Beverages", "sub_category_name": "Tea", "product_name": "Mint Lemon Ginger Tea", "product_brand": "Te-A-Me", "combo": []}, {"category": "Beverages", "sub_category_name": "Tea", "product_name": "Tasties Khari - Maska 200 gm + bb Royal Tea - Masters Blend 250 gm", "product_brand": "bb Combo", "combo": []}, {"category": "Beverages", "sub_category_name": "Tea", "product_name": "BB Popular Almond/Badam Californian, Giri 500gm + BB Royal Green Tea Tulsi 25pcs", "product_brand": "bb Combo", "combo": []}, {"category": "Beverages", "sub_category_name": "Tea", "product_name": "BBPopular Almond/Badam Californian 500gm + BBRoyal Green Tea Lemon & Honey 25pcs", "product_brand": "bb Combo", "combo": []}, {"category": "Beverages", "sub_category_name": "Tea", "product_name": "Green Tea", "product_brand": "Tetley", "combo": []}, {"category": "Beverages", "sub_category_name": "Tea", "product_name": "Chamomile Green Tea Pyramid Bags - Stress Relief & Good Sleep", "product_brand": "Onlyleaf", "combo": []}, {"category": "Beverages", "sub_category_name": "Tea", "product_name": "Green Tea - Lemon & Honey", "product_brand": "Twinings", "combo": []}, {"category": "Beverages", "sub_category_name": "Tea", "product_name": "Green Tea Bags - Moroccan Mint", "product_brand": "Typhoo", "combo": []}, {"category": "Beverages", "sub_category_name": "Tea", "product_name": "Tea - Strong (Aroma And Taste)", "product_brand": "bb Royal", "combo": []}, {"category": "Beverages", "sub_category_name": "Tea", "product_name": "Assorted Flavours Tea Premix", "product_brand": "Granules n Beans", "combo": []}, {"category": "Beverages", "sub_category_name": "Tea", "product_name": "Organic Green Tea Pyramid Bags - For Weight Loss", "product_brand": "Onlyleaf", "combo": []}, {"category": "Beverages", "sub_category_name": "Tea", "product_name": "Masala Instant Tea Premix", "product_brand": "Granules n Beans", "combo": []}, {"category": "Beverages", "sub_category_name": "Tea", "product_name": "Dust Tea", "product_brand": "Wagh Bakri", "combo": []}, {"category": "Beverages", "sub_category_name": "Tea", "product_name": "Tulsi Green Tea Pyramid Bags - For Cold Relief", "product_brand": "Onlyleaf", "combo": []}, {"category": "Beverages", "sub_category_name": "Tea", "product_name": "Honey Lemon Green Tea Pyramid Bags - For Weight Loss", "product_brand": "Onlyleaf", "combo": []}, {"category": "Beverages", "sub_category_name": "Tea", "product_name": "Cardamom Instant Tea Premix", "product_brand": "Granules n Beans", "combo": []}, {"category": "Beverages", "sub_category_name": "Tea", "product_name": "Flavored Green Teas - Varieties", "product_brand": "Onlyleaf", "combo": []}, {"category": "Beverages", "sub_category_name": "Tea", "product_name": "Lemon Detox Green Tea Bag", "product_brand": "TGL Co.", "combo": []}, {"category": "Beverages", "sub_category_name": "Tea", "product_name": "Strawberry Cream Infusion", "product_brand": "Te-A-Me", "combo": []}, {"category": "Beverages", "sub_category_name": "Tea", "product_name": "8 Spices Masala Chai Tea", "product_brand": "Cambridge Tea Party", "combo": []}, {"category": "Beverages", "sub_category_name": "Tea", "product_name": "Mint Lemon Ginger Tea", "product_brand": "Te-A-Me", "combo": []}, {"category": "Beverages", "sub_category_name": "Tea", "product_name": "Tasties Khari - Maska 200 gm + bb Royal Tea - Masters Blend 250 gm", "product_brand": "bb Combo", "combo": []}, {"category": "Beverages", "sub_category_name": "Tea", "product_name": "BB Popular Almond/Badam Californian, Giri 500gm + BB Royal Green Tea Tulsi 25pcs", "product_brand": "bb Combo", "combo": []}, {"category": "Beverages", "sub_category_name": "Tea", "product_name": "BBPopular Almond/Badam Californian 500gm + BBRoyal Green Tea Lemon & Honey 25pcs", "product_brand": "bb Combo", "combo": []}, {"category": "Beverages", "sub_category_name": "Tea", "product_name": "Green Tea", "product_brand": "Tetley", "combo": []}, {"category": "Beverages", "sub_category_name": "Tea", "product_name": "Chamomile Green Tea Pyramid Bags - Stress Relief & Good Sleep", "product_brand": "Onlyleaf", "combo": []}, {"category": "Beverages", "sub_category_name": "Tea", "product_name": "Green Tea - Lemon & Honey", "product_brand": "Twinings", "combo": []}, {"category": "Beverages", "sub_category_name": "Tea", "product_name": "Green Tea Bags - Moroccan Mint", "product_brand": "Typhoo", "combo": []}, {"category": "Beverages", "sub_category_name": "Tea", "product_name": "Tea - Strong (Aroma And Taste)", "product_brand": "bb Royal", "combo": []}, {"category": "Beverages", "sub_category_name": "Tea", "product_name": "Assorted Flavours Tea Premix", "product_brand": "Granules n Beans", "combo": []}, {"category": "Beverages", "sub_category_name": "Tea", "product_name": "Organic Green Tea Pyramid Bags - For Weight Loss", "product_brand": "Onlyleaf", "combo": []}, {"category": "Beverages", "sub_category_name": "Tea", "product_name": "Masala Instant Tea Premix", "product_brand": "Granules n Beans", "combo": []}, {"category": "Beverages", "sub_category_name": "Tea", "product_name": "Dust Tea", "product_brand": "Wagh Bakri", "combo": []}, {"category": "Beverages", "sub_category_name": "Tea", "product_name": "Tulsi Green Tea Pyramid Bags - For Cold Relief", "product_brand": "Onlyleaf", "combo": []}, {"category": "Beverages", "sub_category_name": "Tea", "product_name": "Honey Lemon Green Tea Pyramid Bags - For Weight Loss", "product_brand": "Onlyleaf", "combo": []}, {"category": "Beverages", "sub_category_name": "Tea", "product_name": "Cardamom Instant Tea Premix", "product_brand": "Granules n Beans", "combo": []}, {"category": "Beverages", "sub_category_name": "Tea", "product_name": "Flavored Green Teas - Varieties", "product_brand": "Onlyleaf", "combo": []}, {"category": "Beverages", "sub_category_name": "Tea", "product_name": "Nilgiris Green Tea - Hibiscus", "product_brand": "Teamonk", "combo": []}, {"category": "Beverages", "sub_category_name": "Tea", "product_name": "Herbal Infusion - Chamomile", "product_brand": "Teamonk", "combo": []}, {"category": "Beverages", "sub_category_name": "Tea", "product_name": "Tea Bags - Ceylon Supreme", "product_brand": "DILMAH", "combo": []}, {"category": "Beverages", "sub_category_name": "Tea", "product_name": "Assorted Tea Bags - Green Tea Sampler Box", "product_brand": "TGL Co.", "combo": []}, {"category": "Beverages", "sub_category_name": "Tea", "product_name": "Tea Bags - English Breakfast", "product_brand": "DILMAH", "combo": []}, {"category": "Beverages", "sub_category_name": "Tea", "product_name": "Rose Petals With Green Tea", "product_brand": "Wingreens Farms", "combo": []}, {"category": "Beverages", "sub_category_name": "Tea", "product_name": "Signature Filter Instant Coffee Powder", "product_brand": "TGL Co.", "combo": []}, {"category": "Beverages", "sub_category_name": "Tea", "product_name": "Green Tea - All Natural", "product_brand": "DILMAH", "combo": []}, {"category": "Beverages", "sub_category_name": "Tea", "product_name": "Cello Water Bottle - H2O, Purple 1 lt + BB Royal Tea - Premium 500 gm", "product_brand": "bb Combo", "combo": []}, {"category": "Beverages", "sub_category_name": "Tea", "product_name": "Steelo Sunpet Water Bottle-Assorted 1L Pack of 6+BB Royal Tea-Masters Blend 500G", "product_brand": "bb Combo", "combo": []}]