[{"category": "Snacks & Branded Foods", "sub_category_name": "Chocolates & Candies", "product_name": "Dark Chocolate Slab - DCH-47", "product_brand": "Amul", "combo": []}, {"category": "Snacks & Branded Foods", "sub_category_name": "Chocolates & Candies", "product_name": "Dairy Milk Paan Jeer Chocolate Bar", "product_brand": "Cadbury", "combo": []}, {"category": "Snacks & Branded Foods", "sub_category_name": "Chocolates & Candies", "product_name": "Breakfast Combo", "product_brand": "Zerobeli", "combo": []}, {"category": "Snacks & Branded Foods", "sub_category_name": "Chocolates & Candies", "product_name": "Rejoice - A Gift for Someone You Love", "product_brand": "Amul", "combo": []}, {"category": "Snacks & Branded Foods", "sub_category_name": "Chocolates & Candies", "product_name": "Juicyfills - Orange & Mango Flavour, Assorted Candy", "product_brand": "ALPENLIEBE", "combo": [["380 g", "100.00"], ["174.8 g", "50.00"]]}, {"category": "Snacks & Branded Foods", "sub_category_name": "Chocolates & Candies", "product_name": "Choclairs Gold Coffee", "product_brand": "Cadbury", "combo": []}, {"category": "Snacks & Branded Foods", "sub_category_name": "Chocolates & Candies", "product_name": "Celebrations Silk Special Selection Gift Pack", "product_brand": "Cadbury", "combo": [["233 g", "297.50"], ["3x233 g", "892.50"]]}, {"category": "Snacks & Branded Foods", "sub_category_name": "Chocolates & Candies", "product_name": "Dark Compound Slab - DCO-18", "product_brand": "Amul", "combo": []}, {"category": "Snacks & Branded Foods", "sub_category_name": "Chocolates & Candies", "product_name": "Milk Compound Slab - MCO-11", "product_brand": "Amul", "combo": []}, {"category": "Snacks & Branded Foods", "sub_category_name": "Chocolates & Candies", "product_name": "Dairy Milk Hint O Mint Chocolate Bar", "product_brand": "Cadbury", "combo": []}, {"category": "Snacks & Branded Foods", "sub_category_name": "Chocolates & Candies", "product_name": "Celebrations - Treasure Basket", "product_brand": "Cadbury", "combo": [["3x297 g", "742.50"], ["588 g", "450.00"], ["297 g", "247.50"], ["3x588 g", "1350.00"]]}, {"category": "Snacks & Branded Foods", "sub_category_name": "Chocolates & Candies", "product_name": "Nutty Cookies Gift Box: Choco Almond+White Choco Cashew+Peanut Butter", "product_brand": "Open Secret", "combo": []}, {"category": "Snacks & Branded Foods", "sub_category_name": "Chocolates & Candies", "product_name": "Dark Chocolate- 55% Rich In Cocoa", "product_brand": "Amul", "combo": []}, {"category": "Snacks & Branded Foods", "sub_category_name": "Chocolates & Candies", "product_name": "Sugar Coated Chocolate", "product_brand": "Cadbury Gems", "combo": []}, {"category": "Snacks & Branded Foods", "sub_category_name": "Chocolates & Candies", "product_name": "Chocolate", "product_brand": "Cadbury Dairy Milk", "combo": [["50 g", "37.20"], ["3x50 g", "103.59"]]}, {"category": "Snacks & Branded Foods", "sub_category_name": "Chocolates & Candies", "product_name": "Cadbury Perk - Chocolate Bar", "product_brand": "Cadbury", "combo": []}, {"category": "Snacks & Branded Foods", "sub_category_name": "Chocolates & Candies", "product_name": "Nutties Chocolate Pack", "product_brand": "Cadbury", "combo": [["4x30 g", "150.00"], ["30 g", "40.00"]]}, {"category": "Snacks & Branded Foods", "sub_category_name": "Chocolates & Candies", "product_name": "Chocomini", "product_brand": "Amul", "combo": []}, {"category": "Snacks & Branded Foods", "sub_category_name": "Chocolates & Candies", "product_name": "Chocolate", "product_brand": "Cadbury Dairy Milk", "combo": [["23 g", "17.67"], ["2x23 g", "35.34"]]}, {"category": "Snacks & Branded Foods", "sub_category_name": "Chocolates & Candies", "product_name": "Gems - Sugar Coated Chocolate", "product_brand": "Cadbury", "combo": []}, {"category": "Snacks & Branded Foods", "sub_category_name": "Chocolates & Candies", "product_name": "Chocolate Home Treats Pack, 126 g, 18 Units", "product_brand": "Cadbury Dairy Milk", "combo": [["3x126 g", "298.02"], ["126 g", "99.34"], ["2x126 g", "193.68"]]}, {"category": "Snacks & Branded Foods", "sub_category_name": "Chocolates & Candies", "product_name": "Shots", "product_brand": "Cadbury Dairy Milk", "combo": []}, {"category": "Snacks & Branded Foods", "sub_category_name": "Chocolates & Candies", "product_name": "Sugar Free Dark Chocolate- 55% Rich In Cocoa", "product_brand": "Amul", "combo": []}, {"category": "Snacks & Branded Foods", "sub_category_name": "Chocolates & Candies", "product_name": "5 Star Chocolate Bar", "product_brand": "Cadbury", "combo": [["40 g", "20.00"], ["2x40 g", "40.00"]]}, {"category": "Snacks & Branded Foods", "sub_category_name": "Chocolates & Candies", "product_name": "5 Star Chocolate Home Pack (20 Units)", "product_brand": "Cadbury", "combo": [["200 g", "132.00"], ["2x200 g", "259.00"], ["3x200 g", "374.30"]]}, {"category": "Snacks & Branded Foods", "sub_category_name": "Chocolates & Candies", "product_name": "Munch Chocolate Coated Crunchy Wafer - Share Pack", "product_brand": "Nestle", "combo": []}, {"category": "Snacks & Branded Foods", "sub_category_name": "Chocolates & Candies", "product_name": "Milk Chocolate- Smooth & Creamy", "product_brand": "Amul", "combo": []}, {"category": "Snacks & Branded Foods", "sub_category_name": "Chocolates & Candies", "product_name": "Crackle Chocolate Bar, 36 g", "product_brand": "Cadbury Dairy Milk", "combo": [["4x36 g", "157.40"], ["8x36 g", "309.76"], ["3x36 g", "125.55"], ["36 g", "41.85"]]}, {"category": "Snacks & Branded Foods", "sub_category_name": "Chocolates & Candies", "product_name": "Silk Missed You Chocolate Bar", "product_brand": "Cadbury Dairy Milk", "combo": [["60 g", "70.00"], ["3x60 g", "210.00"], ["2x150 g", "295.80"], ["150 g", "150.40"]]}, {"category": "Snacks & Branded Foods", "sub_category_name": "Chocolates & Candies", "product_name": "99% Cacao - Ultimate Dark Chocolate", "product_brand": "Amul", "combo": []}, {"category": "Snacks & Branded Foods", "sub_category_name": "Chocolates & Candies", "product_name": "Dairy Milk Silk - Hazelnut Chocolate Bar", "product_brand": "Cadbury", "combo": [["143 g", "164.50"], ["58 g", "80.00"]]}, {"category": "Snacks & Branded Foods", "sub_category_name": "Chocolates & Candies", "product_name": "Chocolate Bar - Fuse, 45 g", "product_brand": "Cadbury", "combo": [["4x45 g", "130.00"], ["8x45 g", "280.00"], ["27.5 g", "18.60"], ["48 g", "35.00"], ["2x45 g", "70.00"], ["2x25 g", "37.20"]]}, {"category": "Snacks & Branded Foods", "sub_category_name": "Chocolates & Candies", "product_name": "KitKat 3 Finger Wafer Bar", "product_brand": "Nestle", "combo": []}, {"category": "Snacks & Branded Foods", "sub_category_name": "Chocolates & Candies", "product_name": "Fruit N Nut, Dark Chocolate- 55% Rich In Cocoa", "product_brand": "Amul", "combo": []}, {"category": "Snacks & Branded Foods", "sub_category_name": "Chocolates & Candies", "product_name": "Silk Fruit & Nut Chocolate Bar", "product_brand": "Cadbury Dairy Milk", "combo": [["2x137 g", "324.00"], ["55 g", "80.00"], ["137 g", "164.50"], ["3x55 g", "240.00"]]}, {"category": "Snacks & Branded Foods", "sub_category_name": "Chocolates & Candies", "product_name": "Rich Cocoa Dark Chocolate Bar", "product_brand": "Cadbury Bournville", "combo": [["2x80 g", "185.00"], ["80 g", "94.00"]]}, {"category": "Snacks & Branded Foods", "sub_category_name": "Chocolates & Candies", "product_name": "Tropical Orange- Dark Chocolate Infused With Orange Extracts From Netherlands", "product_brand": "Amul", "combo": []}, {"category": "Snacks & Branded Foods", "sub_category_name": "Chocolates & Candies", "product_name": "Fruit & Nut Chocolate Bar", "product_brand": "Cadbury Dairy Milk", "combo": [["80 g", "90.00"], ["4x36 g", "167.40"], ["36 g", "41.85"]]}, {"category": "Snacks & Branded Foods", "sub_category_name": "Chocolates & Candies", "product_name": "Silk Chocolate Bar, 150 Gm + Silk Oreo, 130G", "product_brand": "Cadbury Dairy Milk", "combo": []}, {"category": "Snacks & Branded Foods", "sub_category_name": "Chocolates & Candies", "product_name": "Moosha Wheat Cocoa Crispies", "product_brand": "Milkybar", "combo": []}, {"category": "Snacks & Branded Foods", "sub_category_name": "Chocolates & Candies", "product_name": "Oreo", "product_brand": "Cadbury Dairy Milk Silk", "combo": [["3x60 g", "240.00"], ["60 g", "80.00"]]}, {"category": "Snacks & Branded Foods", "sub_category_name": "Chocolates & Candies", "product_name": "Munch - Crunchiest Ever", "product_brand": "Nestle", "combo": []}, {"category": "Snacks & Branded Foods", "sub_category_name": "Chocolates & Candies", "product_name": "Cranberry Dark Chocolate Bar", "product_brand": "Cadbury Bournville", "combo": [["2x80 g", "185.00"], ["80 g", "94.00"]]}, {"category": "Snacks & Branded Foods", "sub_category_name": "Chocolates & Candies", "product_name": "Kitkat 2 Finger Chocolate Covered Wafer Bar", "product_brand": "Nestle", "combo": []}, {"category": "Snacks & Branded Foods", "sub_category_name": "Chocolates & Candies", "product_name": "Bitter Chocolate- 75% Rich In Cocoa", "product_brand": "Amul", "combo": []}, {"category": "Snacks & Branded Foods", "sub_category_name": "Chocolates & Candies", "product_name": "Mystic Mocha - Bold Coffee Blended With Finest Dark Chocolate", "product_brand": "Amul", "combo": []}, {"category": "Snacks & Branded Foods", "sub_category_name": "Chocolates & Candies", "product_name": "Dairy Milk Silk Oreo Red Velvet", "product_brand": "Cadbury", "combo": [["60 g", "80.00"], ["130 g", "159.80"]]}, {"category": "Snacks & Branded Foods", "sub_category_name": "Chocolates & Candies", "product_name": "Caramel + Nougat Bar - Moosha", "product_brand": "Milkybar", "combo": []}, {"category": "Snacks & Branded Foods", "sub_category_name": "Chocolates & Candies", "product_name": "Silk Oreo", "product_brand": "Cadbury Dairy Milk", "combo": [["130 g", "159.80"], ["2x130 g", "314.60"]]}, {"category": "Snacks & Branded Foods", "sub_category_name": "Chocolates & Candies", "product_name": "Best Wishes Dark Chocolate", "product_brand": "Amul", "combo": []}, {"category": "Snacks & Branded Foods", "sub_category_name": "Chocolates & Candies", "product_name": "KitKat 4 Finger Wafer Bar", "product_brand": "Nestle", "combo": []}, {"category": "Snacks & Branded Foods", "sub_category_name": "Chocolates & Candies", "product_name": "Perk - Chocolate, Home Treats", "product_brand": "Cadbury", "combo": [["2x175.5 g", "146.64"], ["175.5 g", "73.32"]]}, {"category": "Snacks & Branded Foods", "sub_category_name": "Chocolates & Candies", "product_name": "Munch Nuts Chocolate Coated Crunchy Wafer Bar", "product_brand": "Nestle", "combo": []}, {"category": "Snacks & Branded Foods", "sub_category_name": "Chocolates & Candies", "product_name": "Raisin & Nuts Dark Chocolate Bar", "product_brand": "Cadbury Bournville", "combo": []}, {"category": "Snacks & Branded Foods", "sub_category_name": "Chocolates & Candies", "product_name": "Hajmola Regular - Digestive Tablets", "product_brand": "Dabur", "combo": []}, {"category": "Snacks & Branded Foods", "sub_category_name": "Chocolates & Candies", "product_name": "Roast Almond Chocolate Bar, 36 g", "product_brand": "Cadbury Dairy Milk", "combo": [["36 g", "43.11"], ["4x36 g", "172.44"]]}, {"category": "Snacks & Branded Foods", "sub_category_name": "Chocolates & Candies", "product_name": "Chocolate Bar - Almond Treat", "product_brand": "Cadbury Temptations", "combo": []}, {"category": "Snacks & Branded Foods", "sub_category_name": "Chocolates & Candies", "product_name": "Silk Oreo 130G + Silk Fruit & Nut 137G", "product_brand": "Cadbury Dairy Milk", "combo": []}, {"category": "Snacks & Branded Foods", "sub_category_name": "Chocolates & Candies", "product_name": "Happy Birthday Milk Chocolate", "product_brand": "Amul", "combo": []}, {"category": "Snacks & Branded Foods", "sub_category_name": "Chocolates & Candies", "product_name": "Tanzania Chocolat Noir, Single Origin Dark Chocolate - 55% Dark", "product_brand": "Amul", "combo": []}, {"category": "Snacks & Branded Foods", "sub_category_name": "Chocolates & Candies", "product_name": "For Girls 20 gm + For Boys 20 gm", "product_brand": "Kinder Joy", "combo": []}, {"category": "Snacks & Branded Foods", "sub_category_name": "Chocolates & Candies", "product_name": "Silk Bubbly Chocolate Bar", "product_brand": "Cadbury Dairy Milk", "combo": [["50 g", "80.00"], ["120 g", "159.80"], ["3x120 g", "479.40"], ["2x120 g", "314.60"]]}, {"category": "Snacks & Branded Foods", "sub_category_name": "Chocolates & Candies", "product_name": "Home Treats - Milk Chocolate", "product_brand": "Cadbury Dairy Milk Silk", "combo": [["162 g", "180.00"], ["3x162 g", "496.21"], ["2x162 g", "355.00"]]}, {"category": "Snacks & Branded Foods", "sub_category_name": "Chocolates & Candies", "product_name": "Chocolate - Home Treats", "product_brand": "Cadbury Fuse", "combo": [["2x170.5 g", "298.00"], ["170.5 g", "149.00"]]}, {"category": "Snacks & Branded Foods", "sub_category_name": "Chocolates & Candies", "product_name": "For Girls - With Surprise", "product_brand": "Kinder Joy", "combo": [["4x20 g", "153.28"], ["8x20 g", "306.56"], ["20 g", "38.32"]]}, {"category": "Snacks & Branded Foods", "sub_category_name": "Chocolates & Candies", "product_name": "Sugar Free Chewing Gum - Spearmint", "product_brand": "Orbit", "combo": [["8.8 g", "10.00"], ["22 g", "50.00"]]}, {"category": "Snacks & Branded Foods", "sub_category_name": "Chocolates & Candies", "product_name": "Gold - Cream Strawberry Candy", "product_brand": "ALPENLIEBE", "combo": [["100 pcs", "90.00"], ["2x46 pcs", "100.00"], ["46 pcs", "50.00"]]}, {"category": "Snacks & Branded Foods", "sub_category_name": "Chocolates & Candies", "product_name": "Rainbow Assorted Flavour Chewy Candy Stick", "product_brand": "Mentos", "combo": []}, {"category": "Snacks & Branded Foods", "sub_category_name": "Chocolates & Candies", "product_name": "Chocolate - 90% Bitter", "product_brand": "Amul", "combo": []}, {"category": "Snacks & Branded Foods", "sub_category_name": "Chocolates & Candies", "product_name": "Chewing Gum Stick - Fruits Flavour", "product_brand": "Center Fruit", "combo": []}, {"category": "Snacks & Branded Foods", "sub_category_name": "Chocolates & Candies", "product_name": "Sour Bites Mixed Fruit Flavour Soft & Chewy Toffee", "product_brand": "Chupa Chups", "combo": [["3x61.6 g", "72.90"], ["61.6 g", "24.30"]]}, {"category": "Snacks & Branded Foods", "sub_category_name": "Chocolates & Candies", "product_name": "Chocolate Blueberry & Acai", "product_brand": "Hershey's Exotic Dark", "combo": [["2x100 g", "300.00"], ["100 g", "150.00"], ["33.3 g", "55.00"]]}, {"category": "Snacks & Branded Foods", "sub_category_name": "Chocolates & Candies", "product_name": "Juzt Jelly - Strawberry Flavour", "product_brand": "ALPENLIEBE", "combo": []}, {"category": "Snacks & Branded Foods", "sub_category_name": "Chocolates & Candies", "product_name": "Chocolate Bar - Crispello", "product_brand": "Cadbury Dairy Milk", "combo": []}, {"category": "Snacks & Branded Foods", "sub_category_name": "Chocolates & Candies", "product_name": "Venezuela Ebony Twist, Single Origin Dark Chocolate - 55% Dark", "product_brand": "Amul", "combo": []}, {"category": "Snacks & Branded Foods", "sub_category_name": "Chocolates & Candies", "product_name": "Spearmint Chewing Gum", "product_brand": "Wrigleys", "combo": []}, {"category": "Snacks & Branded Foods", "sub_category_name": "Chocolates & Candies", "product_name": "Gold Caramel Candy", "product_brand": "ALPENLIEBE", "combo": []}, {"category": "Snacks & Branded Foods", "sub_category_name": "Chocolates & Candies", "product_name": "Sugar Free Chewing Gum - Mixed Fruit", "product_brand": "Orbit", "combo": [["8.8 g", "10.00"], ["4.4 g", "5.00"]]}, {"category": "Snacks & Branded Foods", "sub_category_name": "Chocolates & Candies", "product_name": "Chewy Toffee Stick - Strawberry Flavour", "product_brand": "Fruit-Tella", "combo": [["45 g", "30.00"], ["4 x 45 g", "99.00"]]}, {"category": "Snacks & Branded Foods", "sub_category_name": "Chocolates & Candies", "product_name": "Juzt Jelly - Fruity Flavour Bears", "product_brand": "ALPENLIEBE", "combo": []}, {"category": "Snacks & Branded Foods", "sub_category_name": "Chocolates & Candies", "product_name": "5 Star - 3D Chocolate Bar", "product_brand": "Cadbury", "combo": [["2x45 g", "51.50"], ["42 g", "25.75"]]}, {"category": "Snacks & Branded Foods", "sub_category_name": "Chocolates & Candies", "product_name": "Soft Chews Candy - Assorted Flavour", "product_brand": "Center Fruit", "combo": []}, {"category": "Snacks & Branded Foods", "sub_category_name": "Chocolates & Candies", "product_name": "Orange Chewy Dragees", "product_brand": "Mentos", "combo": []}, {"category": "Snacks & Branded Foods", "sub_category_name": "Chocolates & Candies", "product_name": "Snack Bar - Almond & Oats", "product_brand": "Unibic", "combo": [["4x30 g", "144.00"], ["30 g", "36.00"]]}, {"category": "Snacks & Branded Foods", "sub_category_name": "Chocolates & Candies", "product_name": "Family Pack - Chocolate Bar", "product_brand": "Cadbury Dairy Milk", "combo": []}, {"category": "Snacks & Branded Foods", "sub_category_name": "Chocolates & Candies", "product_name": "Chewy Candy Stick - Mint Flavour", "product_brand": "Mentos", "combo": []}, {"category": "Snacks & Branded Foods", "sub_category_name": "Chocolates & Candies", "product_name": "For Boys - With Surprise", "product_brand": "Kinder Joy", "combo": [["4x20 g", "153.28"], ["8x20 g", "306.56"], ["20 g", "38.32"]]}, {"category": "Snacks & Branded Foods", "sub_category_name": "Chocolates & Candies", "product_name": "Flavored Center Chocolate - Pomegranate", "product_brand": "Brookside", "combo": [["3x33.3 g", "165.00"], ["100 g", "150.00"], ["33.3 g", "55.00"], ["2x100 g", "300.00"]]}, {"category": "Snacks & Branded Foods", "sub_category_name": "Chocolates & Candies", "product_name": "Gold Cream Strawberry Candy Stick", "product_brand": "ALPENLIEBE", "combo": []}, {"category": "Snacks & Branded Foods", "sub_category_name": "Chocolates & Candies", "product_name": "Chewy Toffee Stick - Orange Flavour", "product_brand": "Fruit-Tella", "combo": [["45 g", "28.74"], ["4 x 45 g", "94.84"]]}, {"category": "Snacks & Branded Foods", "sub_category_name": "Chocolates & Candies", "product_name": "Classic Milk Chocolate Candy", "product_brand": "Nestle", "combo": []}, {"category": "Snacks & Branded Foods", "sub_category_name": "Chocolates & Candies", "product_name": "Combo - Moosha Caramel + Nougat Bar", "product_brand": "Milkybar", "combo": []}, {"category": "Snacks & Branded Foods", "sub_category_name": "Chocolates & Candies", "product_name": "Jellicious - Jelimals", "product_brand": "Candyman", "combo": []}, {"category": "Snacks & Branded Foods", "sub_category_name": "Chocolates & Candies", "product_name": "Gold Caramel Candy Stick", "product_brand": "ALPENLIEBE", "combo": []}, {"category": "Snacks & Branded Foods", "sub_category_name": "Chocolates & Candies", "product_name": "Wave Xylitol Sugarfree Mint Flavour Bubble Gum - Pocket Bottle", "product_brand": "Happydent", "combo": []}, {"category": "Snacks & Branded Foods", "sub_category_name": "Chocolates & Candies", "product_name": "Falero Pulpy Fruit Chews - Strawberry", "product_brand": "Mapro", "combo": []}, {"category": "Snacks & Branded Foods", "sub_category_name": "Chocolates & Candies", "product_name": "Munch Crisp-Pop Chocolate Coated Crunchy Wafer", "product_brand": "Nestle", "combo": []}, {"category": "Snacks & Branded Foods", "sub_category_name": "Chocolates & Candies", "product_name": "Eclairs Plus - Choco Caramel Chews", "product_brand": "Chocoliebe", "combo": []}, {"category": "Snacks & Branded Foods", "sub_category_name": "Chocolates & Candies", "product_name": "Snack Bar - Multigrain, Choco", "product_brand": "Unibic", "combo": [["30 g", "36.00"], ["4x30 g", "144.00"]]}, {"category": "Snacks & Branded Foods", "sub_category_name": "Chocolates & Candies", "product_name": "Camel Milk Chocolate- Unique Treat Of Cocoa And Camel Milk", "product_brand": "Amul", "combo": []}, {"category": "Snacks & Branded Foods", "sub_category_name": "Chocolates & Candies", "product_name": "Green - T Chocolate - Goodness Of Dark Cocoa With Extracts Of Green Tea", "product_brand": "Amul", "combo": []}, {"category": "Snacks & Branded Foods", "sub_category_name": "Chocolates & Candies", "product_name": "Snack Bar - Fruit & Nut", "product_brand": "Unibic", "combo": [["30 g", "36.00"], ["4x30 g", "144.00"], ["8x30 g", "288.00"]]}, {"category": "Snacks & Branded Foods", "sub_category_name": "Chocolates & Candies", "product_name": "Candy - Melody Chocolaty", "product_brand": "Parle", "combo": []}, {"category": "Snacks & Branded Foods", "sub_category_name": "Chocolates & Candies", "product_name": "Silk Dairy Milk - Silk Miniatures Collection", "product_brand": "Cadbury", "combo": [["3X240 g", "1351.50"], ["240 g", "450.50"], ["2x240 g", "758.73"]]}, {"category": "Snacks & Branded Foods", "sub_category_name": "Chocolates & Candies", "product_name": "Coffy - Bite", "product_brand": "Lotte", "combo": []}, {"category": "Snacks & Branded Foods", "sub_category_name": "Chocolates & Candies", "product_name": "Sugar Free Chewing Gum - Sweetmint", "product_brand": "Orbit", "combo": []}, {"category": "Snacks & Branded Foods", "sub_category_name": "Chocolates & Candies", "product_name": "Rainbow Assorted Flavour Chewy Candy", "product_brand": "Mentos", "combo": []}, {"category": "Snacks & Branded Foods", "sub_category_name": "Chocolates & Candies", "product_name": "Chewing Gum - Peppermint", "product_brand": "Doublemint", "combo": []}, {"category": "Snacks & Branded Foods", "sub_category_name": "Chocolates & Candies", "product_name": "Juzt Jelly - Strawberry Flavour", "product_brand": "ALPENLIEBE", "combo": []}, {"category": "Snacks & Branded Foods", "sub_category_name": "Chocolates & Candies", "product_name": "Mint - Sugarfree, Peppermint Flavour", "product_brand": "Center Fresh", "combo": []}, {"category": "Snacks & Branded Foods", "sub_category_name": "Chocolates & Candies", "product_name": "Candy - Guava Flavoured, Juzt Jelly", "product_brand": "ALPENLIEBE", "combo": [["171 g", "45.00"], ["2x166.5 g", "90.00"]]}, {"category": "Snacks & Branded Foods", "sub_category_name": "Chocolates & Candies", "product_name": "100% Natural & Healthy Energy Bars - Berry + Nutty (4+ Years, 2x30G)", "product_brand": "Timios", "combo": []}, {"category": "Snacks & Branded Foods", "sub_category_name": "Chocolates & Candies", "product_name": "Pop Assorted Flavours Lollipop", "product_brand": "ALPENLIEBE", "combo": []}, {"category": "Snacks & Branded Foods", "sub_category_name": "Chocolates & Candies", "product_name": "White Chocolate - Creamy", "product_brand": "Milkybar", "combo": [["2x25 g", "40.00"], ["25 g", "20.00"]]}, {"category": "Snacks & Branded Foods", "sub_category_name": "Chocolates & Candies", "product_name": "Micro Mints - Mint Flavoured, Sf", "product_brand": "Smint", "combo": [["6.4 g", "40.00"], ["2x6.4 g", "80.00"]]}, {"category": "Snacks & Branded Foods", "sub_category_name": "Chocolates & Candies", "product_name": "Orbit Chewing Gum - Mixed Fruit , Sugarfree", "product_brand": "Wrigleys", "combo": []}, {"category": "Snacks & Branded Foods", "sub_category_name": "Chocolates & Candies", "product_name": "Pure Fresh Sugarfree Mint Flavour Chewing Gum", "product_brand": "Mentos", "combo": []}, {"category": "Snacks & Branded Foods", "sub_category_name": "Chocolates & Candies", "product_name": "Energy Bars - Berry, 4+ Years, 100% Natural & Healthy", "product_brand": "Timios", "combo": [["30 g", "35.00"], ["3x30 g", "105.00"]]}, {"category": "Snacks & Branded Foods", "sub_category_name": "Chocolates & Candies", "product_name": "Chewy Candy Stick - Strawberry Flavour", "product_brand": "Mentos", "combo": []}, {"category": "Snacks & Branded Foods", "sub_category_name": "Chocolates & Candies", "product_name": "Orbit Chewing Gum - Spearmint , Sugarfree", "product_brand": "Wrigleys", "combo": []}, {"category": "Snacks & Branded Foods", "sub_category_name": "Chocolates & Candies", "product_name": "Mazaana Whole Cashews Coated With Fine Milk Chocolate", "product_brand": "Mapro", "combo": []}, {"category": "Snacks & Branded Foods", "sub_category_name": "Chocolates & Candies", "product_name": "Sugar-Free Thinmints - Peppermint", "product_brand": "Doublemint", "combo": []}, {"category": "Snacks & Branded Foods", "sub_category_name": "Chocolates & Candies", "product_name": "Luvit Chocwich Home Delights 187 g", "product_brand": "LuvIt", "combo": []}, {"category": "Snacks & Branded Foods", "sub_category_name": "Chocolates & Candies", "product_name": "Kaccha Mango Candy", "product_brand": "Parle", "combo": []}, {"category": "Snacks & Branded Foods", "sub_category_name": "Chocolates & Candies", "product_name": "Surprise Chocolate Pack", "product_brand": "Cadbury Gems", "combo": []}, {"category": "Snacks & Branded Foods", "sub_category_name": "Chocolates & Candies", "product_name": "Choclairs Gold Birthday Pack", "product_brand": "Cadbury", "combo": []}, {"category": "Snacks & Branded Foods", "sub_category_name": "Chocolates & Candies", "product_name": "Pure Fresh Sugarfree Spearmint Flavour Chewing Gum", "product_brand": "Mentos", "combo": []}, {"category": "Snacks & Branded Foods", "sub_category_name": "Chocolates & Candies", "product_name": "Dairy Rich Fruit & Nut Chocolate Bar", "product_brand": "LuvIt", "combo": []}, {"category": "Snacks & Branded Foods", "sub_category_name": "Chocolates & Candies", "product_name": "Rich Cocoa", "product_brand": "Cadbury Bournville", "combo": []}, {"category": "Snacks & Branded Foods", "sub_category_name": "Chocolates & Candies", "product_name": "Truffel - Caramel", "product_brand": "Dukes", "combo": []}, {"category": "Snacks & Branded Foods", "sub_category_name": "Chocolates & Candies", "product_name": "Juzt Jelly - Cola Flavour Bottles", "product_brand": "ALPENLIEBE", "combo": []}, {"category": "Snacks & Branded Foods", "sub_category_name": "Chocolates & Candies", "product_name": "Sugar-Free Thinmints - Spearmint", "product_brand": "Doublemint", "combo": []}, {"category": "Snacks & Branded Foods", "sub_category_name": "Chocolates & Candies", "product_name": "Mazaana Chocolate Paan", "product_brand": "Mapro", "combo": []}, {"category": "Snacks & Branded Foods", "sub_category_name": "Chocolates & Candies", "product_name": "Luvit Chocwich White Home Delights 187 g", "product_brand": "LuvIt", "combo": []}, {"category": "Snacks & Branded Foods", "sub_category_name": "Chocolates & Candies", "product_name": "Daily Choco Berry Bar", "product_brand": "RiteBite Max Protein", "combo": [["3x50 g", "175.50"], ["50 g", "60.45"]]}, {"category": "Snacks & Branded Foods", "sub_category_name": "Chocolates & Candies", "product_name": "Daily Choco Berry Bar", "product_brand": "RiteBite Max Protein", "combo": []}, {"category": "Snacks & Branded Foods", "sub_category_name": "Chocolates & Candies", "product_name": "Truffel - Milk", "product_brand": "Dukes", "combo": []}, {"category": "Snacks & Branded Foods", "sub_category_name": "Chocolates & Candies", "product_name": "Peru Dark Amazon, Single Origin Dark Chocolate - 55%", "product_brand": "Amul", "combo": []}, {"category": "Snacks & Branded Foods", "sub_category_name": "Chocolates & Candies", "product_name": "Sugar Free Chewing Gum - Mixed Fruit", "product_brand": "Orbit", "combo": []}, {"category": "Snacks & Branded Foods", "sub_category_name": "Chocolates & Candies", "product_name": "Orbit Chewing Gum - Sweetmint , Sugarfree", "product_brand": "Wrigleys", "combo": []}, {"category": "Snacks & Branded Foods", "sub_category_name": "Chocolates & Candies", "product_name": "Mazaana Whole Cashews Coated With Fine Milk Chocolate", "product_brand": "Mapro", "combo": []}, {"category": "Snacks & Branded Foods", "sub_category_name": "Chocolates & Candies", "product_name": "Sugar-Free Thinmints - Peppermint", "product_brand": "Doublemint", "combo": []}, {"category": "Snacks & Branded Foods", "sub_category_name": "Chocolates & Candies", "product_name": "Luvit Chocwich Home Delights 187 g", "product_brand": "LuvIt", "combo": []}, {"category": "Snacks & Branded Foods", "sub_category_name": "Chocolates & Candies", "product_name": "Kaccha Mango Candy", "product_brand": "Parle", "combo": []}, {"category": "Snacks & Branded Foods", "sub_category_name": "Chocolates & Candies", "product_name": "Surprise Chocolate Pack", "product_brand": "Cadbury Gems", "combo": []}, {"category": "Snacks & Branded Foods", "sub_category_name": "Chocolates & Candies", "product_name": "Choclairs Gold Birthday Pack", "product_brand": "Cadbury", "combo": []}, {"category": "Snacks & Branded Foods", "sub_category_name": "Chocolates & Candies", "product_name": "Pure Fresh Sugarfree Spearmint Flavour Chewing Gum", "product_brand": "Mentos", "combo": []}, {"category": "Snacks & Branded Foods", "sub_category_name": "Chocolates & Candies", "product_name": "Dairy Rich Fruit & Nut Chocolate Bar", "product_brand": "LuvIt", "combo": []}, {"category": "Snacks & Branded Foods", "sub_category_name": "Chocolates & Candies", "product_name": "Rich Cocoa", "product_brand": "Cadbury Bournville", "combo": []}, {"category": "Snacks & Branded Foods", "sub_category_name": "Chocolates & Candies", "product_name": "Truffel - Caramel", "product_brand": "Dukes", "combo": []}, {"category": "Snacks & Branded Foods", "sub_category_name": "Chocolates & Candies", "product_name": "Juzt Jelly - Cola Flavour Bottles", "product_brand": "ALPENLIEBE", "combo": []}, {"category": "Snacks & Branded Foods", "sub_category_name": "Chocolates & Candies", "product_name": "Sugar-Free Thinmints - Spearmint", "product_brand": "Doublemint", "combo": []}, {"category": "Snacks & Branded Foods", "sub_category_name": "Chocolates & Candies", "product_name": "Mazaana Chocolate Paan", "product_brand": "Mapro", "combo": []}, {"category": "Snacks & Branded Foods", "sub_category_name": "Chocolates & Candies", "product_name": "Luvit Chocwich White Home Delights 187 g", "product_brand": "LuvIt", "combo": []}, {"category": "Snacks & Branded Foods", "sub_category_name": "Chocolates & Candies", "product_name": "Daily Choco Berry Bar", "product_brand": "RiteBite Max Protein", "combo": [["3x50 g", "175.50"], ["50 g", "60.45"]]}, {"category": "Snacks & Branded Foods", "sub_category_name": "Chocolates & Candies", "product_name": "Daily Choco Berry Bar", "product_brand": "RiteBite Max Protein", "combo": []}, {"category": "Snacks & Branded Foods", "sub_category_name": "Chocolates & Candies", "product_name": "Truffel - Milk", "product_brand": "Dukes", "combo": []}, {"category": "Snacks & Branded Foods", "sub_category_name": "Chocolates & Candies", "product_name": "Peru Dark Amazon, Single Origin Dark Chocolate - 55%", "product_brand": "Amul", "combo": []}, {"category": "Snacks & Branded Foods", "sub_category_name": "Chocolates & Candies", "product_name": "Sugar Free Chewing Gum - Mixed Fruit", "product_brand": "Orbit", "combo": []}, {"category": "Snacks & Branded Foods", "sub_category_name": "Chocolates & Candies", "product_name": "Orbit Chewing Gum - Sweetmint , Sugarfree", "product_brand": "Wrigleys", "combo": []}, {"category": "Snacks & Branded Foods", "sub_category_name": "Chocolates & Candies", "product_name": "Mazaana Whole Cashews Coated With Fine Milk Chocolate", "product_brand": "Mapro", "combo": []}, {"category": "Snacks & Branded Foods", "sub_category_name": "Chocolates & Candies", "product_name": "Sugar-Free Thinmints - Peppermint", "product_brand": "Doublemint", "combo": []}, {"category": "Snacks & Branded Foods", "sub_category_name": "Chocolates & Candies", "product_name": "Luvit Chocwich Home Delights 187 g", "product_brand": "LuvIt", "combo": []}, {"category": "Snacks & Branded Foods", "sub_category_name": "Chocolates & Candies", "product_name": "Kaccha Mango Candy", "product_brand": "Parle", "combo": []}, {"category": "Snacks & Branded Foods", "sub_category_name": "Chocolates & Candies", "product_name": "Surprise Chocolate Pack", "product_brand": "Cadbury Gems", "combo": []}, {"category": "Snacks & Branded Foods", "sub_category_name": "Chocolates & Candies", "product_name": "Choclairs Gold Birthday Pack", "product_brand": "Cadbury", "combo": []}, {"category": "Snacks & Branded Foods", "sub_category_name": "Chocolates & Candies", "product_name": "Pure Fresh Sugarfree Spearmint Flavour Chewing Gum", "product_brand": "Mentos", "combo": []}, {"category": "Snacks & Branded Foods", "sub_category_name": "Chocolates & Candies", "product_name": "Dairy Rich Fruit & Nut Chocolate Bar", "product_brand": "LuvIt", "combo": []}, {"category": "Snacks & Branded Foods", "sub_category_name": "Chocolates & Candies", "product_name": "Rich Cocoa", "product_brand": "Cadbury Bournville", "combo": []}, {"category": "Snacks & Branded Foods", "sub_category_name": "Chocolates & Candies", "product_name": "Truffel - Caramel", "product_brand": "Dukes", "combo": []}, {"category": "Snacks & Branded Foods", "sub_category_name": "Chocolates & Candies", "product_name": "Juzt Jelly - Cola Flavour Bottles", "product_brand": "ALPENLIEBE", "combo": []}, {"category": "Snacks & Branded Foods", "sub_category_name": "Chocolates & Candies", "product_name": "Sugar-Free Thinmints - Spearmint", "product_brand": "Doublemint", "combo": []}, {"category": "Snacks & Branded Foods", "sub_category_name": "Chocolates & Candies", "product_name": "Mazaana Chocolate Paan", "product_brand": "Mapro", "combo": []}, {"category": "Snacks & Branded Foods", "sub_category_name": "Chocolates & Candies", "product_name": "Luvit Chocwich White Home Delights 187 g", "product_brand": "LuvIt", "combo": []}, {"category": "Snacks & Branded Foods", "sub_category_name": "Chocolates & Candies", "product_name": "Daily Choco Berry Bar", "product_brand": "RiteBite Max Protein", "combo": [["3x50 g", "175.50"], ["50 g", "60.45"]]}, {"category": "Snacks & Branded Foods", "sub_category_name": "Chocolates & Candies", "product_name": "Daily Choco Berry Bar", "product_brand": "RiteBite Max Protein", "combo": []}, {"category": "Snacks & Branded Foods", "sub_category_name": "Chocolates & Candies", "product_name": "Truffel - Milk", "product_brand": "Dukes", "combo": []}, {"category": "Snacks & Branded Foods", "sub_category_name": "Chocolates & Candies", "product_name": "Peru Dark Amazon, Single Origin Dark Chocolate - 55%", "product_brand": "Amul", "combo": []}, {"category": "Snacks & Branded Foods", "sub_category_name": "Chocolates & Candies", "product_name": "Sugar Free Chewing Gum - Mixed Fruit", "product_brand": "Orbit", "combo": []}, {"category": "Snacks & Branded Foods", "sub_category_name": "Chocolates & Candies", "product_name": "Orbit Chewing Gum - Sweetmint , Sugarfree", "product_brand": "Wrigleys", "combo": []}, {"category": "Snacks & Branded Foods", "sub_category_name": "Chocolates & Candies", "product_name": "Mazaana Whole Cashews Coated With Fine Milk Chocolate", "product_brand": "Mapro", "combo": []}, {"category": "Snacks & Branded Foods", "sub_category_name": "Chocolates & Candies", "product_name": "Sugar-Free Thinmints - Peppermint", "product_brand": "Doublemint", "combo": []}, {"category": "Snacks & Branded Foods", "sub_category_name": "Chocolates & Candies", "product_name": "Luvit Chocwich Home Delights 187 g", "product_brand": "LuvIt", "combo": []}, {"category": "Snacks & Branded Foods", "sub_category_name": "Chocolates & Candies", "product_name": "Kaccha Mango Candy", "product_brand": "Parle", "combo": []}, {"category": "Snacks & Branded Foods", "sub_category_name": "Chocolates & Candies", "product_name": "Surprise Chocolate Pack", "product_brand": "Cadbury Gems", "combo": []}, {"category": "Snacks & Branded Foods", "sub_category_name": "Chocolates & Candies", "product_name": "Choclairs Gold Birthday Pack", "product_brand": "Cadbury", "combo": []}, {"category": "Snacks & Branded Foods", "sub_category_name": "Chocolates & Candies", "product_name": "Pure Fresh Sugarfree Spearmint Flavour Chewing Gum", "product_brand": "Mentos", "combo": []}, {"category": "Snacks & Branded Foods", "sub_category_name": "Chocolates & Candies", "product_name": "Dairy Rich Fruit & Nut Chocolate Bar", "product_brand": "LuvIt", "combo": []}, {"category": "Snacks & Branded Foods", "sub_category_name": "Chocolates & Candies", "product_name": "Rich Cocoa", "product_brand": "Cadbury Bournville", "combo": []}, {"category": "Snacks & Branded Foods", "sub_category_name": "Chocolates & Candies", "product_name": "Truffel - Caramel", "product_brand": "Dukes", "combo": []}, {"category": "Snacks & Branded Foods", "sub_category_name": "Chocolates & Candies", "product_name": "Juzt Jelly - Cola Flavour Bottles", "product_brand": "ALPENLIEBE", "combo": []}, {"category": "Snacks & Branded Foods", "sub_category_name": "Chocolates & Candies", "product_name": "Sugar-Free Thinmints - Spearmint", "product_brand": "Doublemint", "combo": []}, {"category": "Snacks & Branded Foods", "sub_category_name": "Chocolates & Candies", "product_name": "Mazaana Chocolate Paan", "product_brand": "Mapro", "combo": []}, {"category": "Snacks & Branded Foods", "sub_category_name": "Chocolates & Candies", "product_name": "Luvit Chocwich White Home Delights 187 g", "product_brand": "LuvIt", "combo": []}, {"category": "Snacks & Branded Foods", "sub_category_name": "Chocolates & Candies", "product_name": "Daily Choco Berry Bar", "product_brand": "RiteBite Max Protein", "combo": [["3x50 g", "175.50"], ["50 g", "60.45"]]}, {"category": "Snacks & Branded Foods", "sub_category_name": "Chocolates & Candies", "product_name": "Daily Choco Berry Bar", "product_brand": "RiteBite Max Protein", "combo": []}, {"category": "Snacks & Branded Foods", "sub_category_name": "Chocolates & Candies", "product_name": "Truffel - Milk", "product_brand": "Dukes", "combo": []}, {"category": "Snacks & Branded Foods", "sub_category_name": "Chocolates & Candies", "product_name": "Peru Dark Amazon, Single Origin Dark Chocolate - 55%", "product_brand": "Amul", "combo": []}, {"category": "Snacks & Branded Foods", "sub_category_name": "Chocolates & Candies", "product_name": "Sugar Free Chewing Gum - Mixed Fruit", "product_brand": "Orbit", "combo": []}, {"category": "Snacks & Branded Foods", "sub_category_name": "Chocolates & Candies", "product_name": "Orbit Chewing Gum - Sweetmint , Sugarfree", "product_brand": "Wrigleys", "combo": []}, {"category": "Snacks & Branded Foods", "sub_category_name": "Chocolates & Candies", "product_name": "Mazaana Whole Cashews Coated With Fine Milk Chocolate", "product_brand": "Mapro", "combo": []}, {"category": "Snacks & Branded Foods", "sub_category_name": "Chocolates & Candies", "product_name": "Sugar-Free Thinmints - Peppermint", "product_brand": "Doublemint", "combo": []}, {"category": "Snacks & Branded Foods", "sub_category_name": "Chocolates & Candies", "product_name": "Luvit Chocwich Home Delights 187 g", "product_brand": "LuvIt", "combo": []}, {"category": "Snacks & Branded Foods", "sub_category_name": "Chocolates & Candies", "product_name": "Kaccha Mango Candy", "product_brand": "Parle", "combo": []}, {"category": "Snacks & Branded Foods", "sub_category_name": "Chocolates & Candies", "product_name": "Surprise Chocolate Pack", "product_brand": "Cadbury Gems", "combo": []}, {"category": "Snacks & Branded Foods", "sub_category_name": "Chocolates & Candies", "product_name": "Choclairs Gold Birthday Pack", "product_brand": "Cadbury", "combo": []}, {"category": "Snacks & Branded Foods", "sub_category_name": "Chocolates & Candies", "product_name": "Pure Fresh Sugarfree Spearmint Flavour Chewing Gum", "product_brand": "Mentos", "combo": []}, {"category": "Snacks & Branded Foods", "sub_category_name": "Chocolates & Candies", "product_name": "Dairy Rich Fruit & Nut Chocolate Bar", "product_brand": "LuvIt", "combo": []}, {"category": "Snacks & Branded Foods", "sub_category_name": "Chocolates & Candies", "product_name": "Rich Cocoa", "product_brand": "Cadbury Bournville", "combo": []}, {"category": "Snacks & Branded Foods", "sub_category_name": "Chocolates & Candies", "product_name": "Truffel - Caramel", "product_brand": "Dukes", "combo": []}, {"category": "Snacks & Branded Foods", "sub_category_name": "Chocolates & Candies", "product_name": "Juzt Jelly - Cola Flavour Bottles", "product_brand": "ALPENLIEBE", "combo": []}, {"category": "Snacks & Branded Foods", "sub_category_name": "Chocolates & Candies", "product_name": "Sugar-Free Thinmints - Spearmint", "product_brand": "Doublemint", "combo": []}, {"category": "Snacks & Branded Foods", "sub_category_name": "Chocolates & Candies", "product_name": "Mazaana Chocolate Paan", "product_brand": "Mapro", "combo": []}, {"category": "Snacks & Branded Foods", "sub_category_name": "Chocolates & Candies", "product_name": "Luvit Chocwich White Home Delights 187 g", "product_brand": "LuvIt", "combo": []}, {"category": "Snacks & Branded Foods", "sub_category_name": "Chocolates & Candies", "product_name": "Daily Choco Berry Bar", "product_brand": "RiteBite Max Protein", "combo": [["3x50 g", "175.50"], ["50 g", "60.45"]]}, {"category": "Snacks & Branded Foods", "sub_category_name": "Chocolates & Candies", "product_name": "Daily Choco Berry Bar", "product_brand": "RiteBite Max Protein", "combo": []}, {"category": "Snacks & Branded Foods", "sub_category_name": "Chocolates & Candies", "product_name": "Truffel - Milk", "product_brand": "Dukes", "combo": []}, {"category": "Snacks & Branded Foods", "sub_category_name": "Chocolates & Candies", "product_name": "Peru Dark Amazon, Single Origin Dark Chocolate - 55%", "product_brand": "Amul", "combo": []}, {"category": "Snacks & Branded Foods", "sub_category_name": "Chocolates & Candies", "product_name": "Sugar Free Chewing Gum - Mixed Fruit", "product_brand": "Orbit", "combo": []}, {"category": "Snacks & Branded Foods", "sub_category_name": "Chocolates & Candies", "product_name": "Orbit Chewing Gum - Sweetmint , Sugarfree", "product_brand": "Wrigleys", "combo": []}, {"category": "Snacks & Branded Foods", "sub_category_name": "Chocolates & Candies", "product_name": "Mazaana Whole Cashews Coated With Fine Milk Chocolate", "product_brand": "Mapro", "combo": []}, {"category": "Snacks & Branded Foods", "sub_category_name": "Chocolates & Candies", "product_name": "Sugar-Free Thinmints - Peppermint", "product_brand": "Doublemint", "combo": []}, {"category": "Snacks & Branded Foods", "sub_category_name": "Chocolates & Candies", "product_name": "Luvit Chocwich Home Delights 187 g", "product_brand": "LuvIt", "combo": []}, {"category": "Snacks & Branded Foods", "sub_category_name": "Chocolates & Candies", "product_name": "Kaccha Mango Candy", "product_brand": "Parle", "combo": []}, {"category": "Snacks & Branded Foods", "sub_category_name": "Chocolates & Candies", "product_name": "Surprise Chocolate Pack", "product_brand": "Cadbury Gems", "combo": []}, {"category": "Snacks & Branded Foods", "sub_category_name": "Chocolates & Candies", "product_name": "Choclairs Gold Birthday Pack", "product_brand": "Cadbury", "combo": []}, {"category": "Snacks & Branded Foods", "sub_category_name": "Chocolates & Candies", "product_name": "Pure Fresh Sugarfree Spearmint Flavour Chewing Gum", "product_brand": "Mentos", "combo": []}, {"category": "Snacks & Branded Foods", "sub_category_name": "Chocolates & Candies", "product_name": "Dairy Rich Fruit & Nut Chocolate Bar", "product_brand": "LuvIt", "combo": []}, {"category": "Snacks & Branded Foods", "sub_category_name": "Chocolates & Candies", "product_name": "Rich Cocoa", "product_brand": "Cadbury Bournville", "combo": []}, {"category": "Snacks & Branded Foods", "sub_category_name": "Chocolates & Candies", "product_name": "Truffel - Caramel", "product_brand": "Dukes", "combo": []}, {"category": "Snacks & Branded Foods", "sub_category_name": "Chocolates & Candies", "product_name": "Juzt Jelly - Cola Flavour Bottles", "product_brand": "ALPENLIEBE", "combo": []}, {"category": "Snacks & Branded Foods", "sub_category_name": "Chocolates & Candies", "product_name": "Sugar-Free Thinmints - Spearmint", "product_brand": "Doublemint", "combo": []}, {"category": "Snacks & Branded Foods", "sub_category_name": "Chocolates & Candies", "product_name": "Mazaana Chocolate Paan", "product_brand": "Mapro", "combo": []}, {"category": "Snacks & Branded Foods", "sub_category_name": "Chocolates & Candies", "product_name": "Luvit Chocwich White Home Delights 187 g", "product_brand": "LuvIt", "combo": []}, {"category": "Snacks & Branded Foods", "sub_category_name": "Chocolates & Candies", "product_name": "Daily Choco Berry Bar", "product_brand": "RiteBite Max Protein", "combo": [["3x50 g", "175.50"], ["50 g", "60.45"]]}, {"category": "Snacks & Branded Foods", "sub_category_name": "Chocolates & Candies", "product_name": "Daily Choco Berry Bar", "product_brand": "RiteBite Max Protein", "combo": []}, {"category": "Snacks & Branded Foods", "sub_category_name": "Chocolates & Candies", "product_name": "Truffel - Milk", "product_brand": "Dukes", "combo": []}, {"category": "Snacks & Branded Foods", "sub_category_name": "Chocolates & Candies", "product_name": "Peru Dark Amazon, Single Origin Dark Chocolate - 55%", "product_brand": "Amul", "combo": []}, {"category": "Snacks & Branded Foods", "sub_category_name": "Chocolates & Candies", "product_name": "Sugar Free Chewing Gum - Mixed Fruit", "product_brand": "Orbit", "combo": []}, {"category": "Snacks & Branded Foods", "sub_category_name": "Chocolates & Candies", "product_name": "Orbit Chewing Gum - Sweetmint , Sugarfree", "product_brand": "Wrigleys", "combo": []}, {"category": "Snacks & Branded Foods", "sub_category_name": "Chocolates & Candies", "product_name": "Mazaana Whole Cashews Coated With Fine Milk Chocolate", "product_brand": "Mapro", "combo": []}, {"category": "Snacks & Branded Foods", "sub_category_name": "Chocolates & Candies", "product_name": "Sugar-Free Thinmints - Peppermint", "product_brand": "Doublemint", "combo": []}, {"category": "Snacks & Branded Foods", "sub_category_name": "Chocolates & Candies", "product_name": "Luvit Chocwich Home Delights 187 g", "product_brand": "LuvIt", "combo": []}, {"category": "Snacks & Branded Foods", "sub_category_name": "Chocolates & Candies", "product_name": "Kaccha Mango Candy", "product_brand": "Parle", "combo": []}, {"category": "Snacks & Branded Foods", "sub_category_name": "Chocolates & Candies", "product_name": "Surprise Chocolate Pack", "product_brand": "Cadbury Gems", "combo": []}, {"category": "Snacks & Branded Foods", "sub_category_name": "Chocolates & Candies", "product_name": "Choclairs Gold Birthday Pack", "product_brand": "Cadbury", "combo": []}, {"category": "Snacks & Branded Foods", "sub_category_name": "Chocolates & Candies", "product_name": "Pure Fresh Sugarfree Spearmint Flavour Chewing Gum", "product_brand": "Mentos", "combo": []}, {"category": "Snacks & Branded Foods", "sub_category_name": "Chocolates & Candies", "product_name": "Dairy Rich Fruit & Nut Chocolate Bar", "product_brand": "LuvIt", "combo": []}, {"category": "Snacks & Branded Foods", "sub_category_name": "Chocolates & Candies", "product_name": "Rich Cocoa", "product_brand": "Cadbury Bournville", "combo": []}, {"category": "Snacks & Branded Foods", "sub_category_name": "Chocolates & Candies", "product_name": "Truffel - Caramel", "product_brand": "Dukes", "combo": []}, {"category": "Snacks & Branded Foods", "sub_category_name": "Chocolates & Candies", "product_name": "Juzt Jelly - Cola Flavour Bottles", "product_brand": "ALPENLIEBE", "combo": []}, {"category": "Snacks & Branded Foods", "sub_category_name": "Chocolates & Candies", "product_name": "Sugar-Free Thinmints - Spearmint", "product_brand": "Doublemint", "combo": []}, {"category": "Snacks & Branded Foods", "sub_category_name": "Chocolates & Candies", "product_name": "Mazaana Chocolate Paan", "product_brand": "Mapro", "combo": []}, {"category": "Snacks & Branded Foods", "sub_category_name": "Chocolates & Candies", "product_name": "Luvit Chocwich White Home Delights 187 g", "product_brand": "LuvIt", "combo": []}, {"category": "Snacks & Branded Foods", "sub_category_name": "Chocolates & Candies", "product_name": "Daily Choco Berry Bar", "product_brand": "RiteBite Max Protein", "combo": [["3x50 g", "175.50"], ["50 g", "60.45"]]}, {"category": "Snacks & Branded Foods", "sub_category_name": "Chocolates & Candies", "product_name": "Daily Choco Berry Bar", "product_brand": "RiteBite Max Protein", "combo": []}, {"category": "Snacks & Branded Foods", "sub_category_name": "Chocolates & Candies", "product_name": "Truffel - Milk", "product_brand": "Dukes", "combo": []}, {"category": "Snacks & Branded Foods", "sub_category_name": "Chocolates & Candies", "product_name": "Peru Dark Amazon, Single Origin Dark Chocolate - 55%", "product_brand": "Amul", "combo": []}, {"category": "Snacks & Branded Foods", "sub_category_name": "Chocolates & Candies", "product_name": "Sugar Free Chewing Gum - Mixed Fruit", "product_brand": "Orbit", "combo": []}, {"category": "Snacks & Branded Foods", "sub_category_name": "Chocolates & Candies", "product_name": "Orbit Chewing Gum - Sweetmint , Sugarfree", "product_brand": "Wrigleys", "combo": []}, {"category": "Snacks & Branded Foods", "sub_category_name": "Chocolates & Candies", "product_name": "Mazaana Whole Cashews Coated With Fine Milk Chocolate", "product_brand": "Mapro", "combo": []}, {"category": "Snacks & Branded Foods", "sub_category_name": "Chocolates & Candies", "product_name": "Sugar-Free Thinmints - Peppermint", "product_brand": "Doublemint", "combo": []}, {"category": "Snacks & Branded Foods", "sub_category_name": "Chocolates & Candies", "product_name": "Luvit Chocwich Home Delights 187 g", "product_brand": "LuvIt", "combo": []}, {"category": "Snacks & Branded Foods", "sub_category_name": "Chocolates & Candies", "product_name": "Kaccha Mango Candy", "product_brand": "Parle", "combo": []}, {"category": "Snacks & Branded Foods", "sub_category_name": "Chocolates & Candies", "product_name": "Surprise Chocolate Pack", "product_brand": "Cadbury Gems", "combo": []}, {"category": "Snacks & Branded Foods", "sub_category_name": "Chocolates & Candies", "product_name": "Choclairs Gold Birthday Pack", "product_brand": "Cadbury", "combo": []}, {"category": "Snacks & Branded Foods", "sub_category_name": "Chocolates & Candies", "product_name": "Pure Fresh Sugarfree Spearmint Flavour Chewing Gum", "product_brand": "Mentos", "combo": []}, {"category": "Snacks & Branded Foods", "sub_category_name": "Chocolates & Candies", "product_name": "Dairy Rich Fruit & Nut Chocolate Bar", "product_brand": "LuvIt", "combo": []}, {"category": "Snacks & Branded Foods", "sub_category_name": "Chocolates & Candies", "product_name": "Rich Cocoa", "product_brand": "Cadbury Bournville", "combo": []}, {"category": "Snacks & Branded Foods", "sub_category_name": "Chocolates & Candies", "product_name": "Truffel - Caramel", "product_brand": "Dukes", "combo": []}, {"category": "Snacks & Branded Foods", "sub_category_name": "Chocolates & Candies", "product_name": "Juzt Jelly - Cola Flavour Bottles", "product_brand": "ALPENLIEBE", "combo": []}, {"category": "Snacks & Branded Foods", "sub_category_name": "Chocolates & Candies", "product_name": "Sugar-Free Thinmints - Spearmint", "product_brand": "Doublemint", "combo": []}, {"category": "Snacks & Branded Foods", "sub_category_name": "Chocolates & Candies", "product_name": "Mazaana Chocolate Paan", "product_brand": "Mapro", "combo": []}, {"category": "Snacks & Branded Foods", "sub_category_name": "Chocolates & Candies", "product_name": "Luvit Chocwich White Home Delights 187 g", "product_brand": "LuvIt", "combo": []}, {"category": "Snacks & Branded Foods", "sub_category_name": "Chocolates & Candies", "product_name": "Daily Choco Berry Bar", "product_brand": "RiteBite Max Protein", "combo": [["3x50 g", "175.50"], ["50 g", "60.45"]]}, {"category": "Snacks & Branded Foods", "sub_category_name": "Chocolates & Candies", "product_name": "Daily Choco Berry Bar", "product_brand": "RiteBite Max Protein", "combo": []}, {"category": "Snacks & Branded Foods", "sub_category_name": "Chocolates & Candies", "product_name": "Truffel - Milk", "product_brand": "Dukes", "combo": []}, {"category": "Snacks & Branded Foods", "sub_category_name": "Chocolates & Candies", "product_name": "Peru Dark Amazon, Single Origin Dark Chocolate - 55%", "product_brand": "Amul", "combo": []}, {"category": "Snacks & Branded Foods", "sub_category_name": "Chocolates & Candies", "product_name": "Sugar Free Chewing Gum - Mixed Fruit", "product_brand": "Orbit", "combo": []}, {"category": "Snacks & Branded Foods", "sub_category_name": "Chocolates & Candies", "product_name": "Orbit Chewing Gum - Sweetmint , Sugarfree", "product_brand": "Wrigleys", "combo": []}, {"category": "Snacks & Branded Foods", "sub_category_name": "Chocolates & Candies", "product_name": "Mazaana Whole Cashews Coated With Fine Milk Chocolate", "product_brand": "Mapro", "combo": []}, {"category": "Snacks & Branded Foods", "sub_category_name": "Chocolates & Candies", "product_name": "Sugar-Free Thinmints - Peppermint", "product_brand": "Doublemint", "combo": []}, {"category": "Snacks & Branded Foods", "sub_category_name": "Chocolates & Candies", "product_name": "Luvit Chocwich Home Delights 187 g", "product_brand": "LuvIt", "combo": []}, {"category": "Snacks & Branded Foods", "sub_category_name": "Chocolates & Candies", "product_name": "Kaccha Mango Candy", "product_brand": "Parle", "combo": []}, {"category": "Snacks & Branded Foods", "sub_category_name": "Chocolates & Candies", "product_name": "Surprise Chocolate Pack", "product_brand": "Cadbury Gems", "combo": []}, {"category": "Snacks & Branded Foods", "sub_category_name": "Chocolates & Candies", "product_name": "Choclairs Gold Birthday Pack", "product_brand": "Cadbury", "combo": []}, {"category": "Snacks & Branded Foods", "sub_category_name": "Chocolates & Candies", "product_name": "Pure Fresh Sugarfree Spearmint Flavour Chewing Gum", "product_brand": "Mentos", "combo": []}, {"category": "Snacks & Branded Foods", "sub_category_name": "Chocolates & Candies", "product_name": "Dairy Rich Fruit & Nut Chocolate Bar", "product_brand": "LuvIt", "combo": []}, {"category": "Snacks & Branded Foods", "sub_category_name": "Chocolates & Candies", "product_name": "Rich Cocoa", "product_brand": "Cadbury Bournville", "combo": []}, {"category": "Snacks & Branded Foods", "sub_category_name": "Chocolates & Candies", "product_name": "Truffel - Caramel", "product_brand": "Dukes", "combo": []}, {"category": "Snacks & Branded Foods", "sub_category_name": "Chocolates & Candies", "product_name": "Juzt Jelly - Cola Flavour Bottles", "product_brand": "ALPENLIEBE", "combo": []}, {"category": "Snacks & Branded Foods", "sub_category_name": "Chocolates & Candies", "product_name": "Sugar-Free Thinmints - Spearmint", "product_brand": "Doublemint", "combo": []}, {"category": "Snacks & Branded Foods", "sub_category_name": "Chocolates & Candies", "product_name": "Mazaana Chocolate Paan", "product_brand": "Mapro", "combo": []}, {"category": "Snacks & Branded Foods", "sub_category_name": "Chocolates & Candies", "product_name": "Luvit Chocwich White Home Delights 187 g", "product_brand": "LuvIt", "combo": []}, {"category": "Snacks & Branded Foods", "sub_category_name": "Chocolates & Candies", "product_name": "Daily Choco Berry Bar", "product_brand": "RiteBite Max Protein", "combo": [["3x50 g", "175.50"], ["50 g", "60.45"]]}, {"category": "Snacks & Branded Foods", "sub_category_name": "Chocolates & Candies", "product_name": "Daily Choco Berry Bar", "product_brand": "RiteBite Max Protein", "combo": []}, {"category": "Snacks & Branded Foods", "sub_category_name": "Chocolates & Candies", "product_name": "Truffel - Milk", "product_brand": "Dukes", "combo": []}, {"category": "Snacks & Branded Foods", "sub_category_name": "Chocolates & Candies", "product_name": "Peru Dark Amazon, Single Origin Dark Chocolate - 55%", "product_brand": "Amul", "combo": []}, {"category": "Snacks & Branded Foods", "sub_category_name": "Chocolates & Candies", "product_name": "Sugar Free Chewing Gum - Mixed Fruit", "product_brand": "Orbit", "combo": []}, {"category": "Snacks & Branded Foods", "sub_category_name": "Chocolates & Candies", "product_name": "Orbit Chewing Gum - Sweetmint , Sugarfree", "product_brand": "Wrigleys", "combo": []}, {"category": "Snacks & Branded Foods", "sub_category_name": "Chocolates & Candies", "product_name": "Mazaana Whole Cashews Coated With Fine Milk Chocolate", "product_brand": "Mapro", "combo": []}, {"category": "Snacks & Branded Foods", "sub_category_name": "Chocolates & Candies", "product_name": "Sugar-Free Thinmints - Peppermint", "product_brand": "Doublemint", "combo": []}, {"category": "Snacks & Branded Foods", "sub_category_name": "Chocolates & Candies", "product_name": "Luvit Chocwich Home Delights 187 g", "product_brand": "LuvIt", "combo": []}, {"category": "Snacks & Branded Foods", "sub_category_name": "Chocolates & Candies", "product_name": "Kaccha Mango Candy", "product_brand": "Parle", "combo": []}, {"category": "Snacks & Branded Foods", "sub_category_name": "Chocolates & Candies", "product_name": "Surprise Chocolate Pack", "product_brand": "Cadbury Gems", "combo": []}, {"category": "Snacks & Branded Foods", "sub_category_name": "Chocolates & Candies", "product_name": "Choclairs Gold Birthday Pack", "product_brand": "Cadbury", "combo": []}, {"category": "Snacks & Branded Foods", "sub_category_name": "Chocolates & Candies", "product_name": "Pure Fresh Sugarfree Spearmint Flavour Chewing Gum", "product_brand": "Mentos", "combo": []}, {"category": "Snacks & Branded Foods", "sub_category_name": "Chocolates & Candies", "product_name": "Dairy Rich Fruit & Nut Chocolate Bar", "product_brand": "LuvIt", "combo": []}, {"category": "Snacks & Branded Foods", "sub_category_name": "Chocolates & Candies", "product_name": "Rich Cocoa", "product_brand": "Cadbury Bournville", "combo": []}, {"category": "Snacks & Branded Foods", "sub_category_name": "Chocolates & Candies", "product_name": "Truffel - Caramel", "product_brand": "Dukes", "combo": []}, {"category": "Snacks & Branded Foods", "sub_category_name": "Chocolates & Candies", "product_name": "Juzt Jelly - Cola Flavour Bottles", "product_brand": "ALPENLIEBE", "combo": []}, {"category": "Snacks & Branded Foods", "sub_category_name": "Chocolates & Candies", "product_name": "Sugar-Free Thinmints - Spearmint", "product_brand": "Doublemint", "combo": []}, {"category": "Snacks & Branded Foods", "sub_category_name": "Chocolates & Candies", "product_name": "Mazaana Chocolate Paan", "product_brand": "Mapro", "combo": []}, {"category": "Snacks & Branded Foods", "sub_category_name": "Chocolates & Candies", "product_name": "Luvit Chocwich White Home Delights 187 g", "product_brand": "LuvIt", "combo": []}, {"category": "Snacks & Branded Foods", "sub_category_name": "Chocolates & Candies", "product_name": "Daily Choco Berry Bar", "product_brand": "RiteBite Max Protein", "combo": [["3x50 g", "175.50"], ["50 g", "60.45"]]}, {"category": "Snacks & Branded Foods", "sub_category_name": "Chocolates & Candies", "product_name": "Daily Choco Berry Bar", "product_brand": "RiteBite Max Protein", "combo": []}, {"category": "Snacks & Branded Foods", "sub_category_name": "Chocolates & Candies", "product_name": "Truffel - Milk", "product_brand": "Dukes", "combo": []}, {"category": "Snacks & Branded Foods", "sub_category_name": "Chocolates & Candies", "product_name": "Peru Dark Amazon, Single Origin Dark Chocolate - 55%", "product_brand": "Amul", "combo": []}, {"category": "Snacks & Branded Foods", "sub_category_name": "Chocolates & Candies", "product_name": "Sugar Free Chewing Gum - Mixed Fruit", "product_brand": "Orbit", "combo": []}, {"category": "Snacks & Branded Foods", "sub_category_name": "Chocolates & Candies", "product_name": "Orbit Chewing Gum - Sweetmint , Sugarfree", "product_brand": "Wrigleys", "combo": []}, {"category": "Snacks & Branded Foods", "sub_category_name": "Chocolates & Candies", "product_name": "Mazaana Whole Cashews Coated With Fine Milk Chocolate", "product_brand": "Mapro", "combo": []}, {"category": "Snacks & Branded Foods", "sub_category_name": "Chocolates & Candies", "product_name": "Sugar-Free Thinmints - Peppermint", "product_brand": "Doublemint", "combo": []}, {"category": "Snacks & Branded Foods", "sub_category_name": "Chocolates & Candies", "product_name": "Luvit Chocwich Home Delights 187 g", "product_brand": "LuvIt", "combo": []}, {"category": "Snacks & Branded Foods", "sub_category_name": "Chocolates & Candies", "product_name": "Kaccha Mango Candy", "product_brand": "Parle", "combo": []}, {"category": "Snacks & Branded Foods", "sub_category_name": "Chocolates & Candies", "product_name": "Surprise Chocolate Pack", "product_brand": "Cadbury Gems", "combo": []}, {"category": "Snacks & Branded Foods", "sub_category_name": "Chocolates & Candies", "product_name": "Choclairs Gold Birthday Pack", "product_brand": "Cadbury", "combo": []}, {"category": "Snacks & Branded Foods", "sub_category_name": "Chocolates & Candies", "product_name": "Pure Fresh Sugarfree Spearmint Flavour Chewing Gum", "product_brand": "Mentos", "combo": []}, {"category": "Snacks & Branded Foods", "sub_category_name": "Chocolates & Candies", "product_name": "Dairy Rich Fruit & Nut Chocolate Bar", "product_brand": "LuvIt", "combo": []}, {"category": "Snacks & Branded Foods", "sub_category_name": "Chocolates & Candies", "product_name": "Rich Cocoa", "product_brand": "Cadbury Bournville", "combo": []}, {"category": "Snacks & Branded Foods", "sub_category_name": "Chocolates & Candies", "product_name": "Truffel - Caramel", "product_brand": "Dukes", "combo": []}, {"category": "Snacks & Branded Foods", "sub_category_name": "Chocolates & Candies", "product_name": "Juzt Jelly - Cola Flavour Bottles", "product_brand": "ALPENLIEBE", "combo": []}, {"category": "Snacks & Branded Foods", "sub_category_name": "Chocolates & Candies", "product_name": "Sugar-Free Thinmints - Spearmint", "product_brand": "Doublemint", "combo": []}, {"category": "Snacks & Branded Foods", "sub_category_name": "Chocolates & Candies", "product_name": "Mazaana Chocolate Paan", "product_brand": "Mapro", "combo": []}, {"category": "Snacks & Branded Foods", "sub_category_name": "Chocolates & Candies", "product_name": "Luvit Chocwich White Home Delights 187 g", "product_brand": "LuvIt", "combo": []}, {"category": "Snacks & Branded Foods", "sub_category_name": "Chocolates & Candies", "product_name": "Daily Choco Berry Bar", "product_brand": "RiteBite Max Protein", "combo": [["3x50 g", "175.50"], ["50 g", "60.45"]]}, {"category": "Snacks & Branded Foods", "sub_category_name": "Chocolates & Candies", "product_name": "Daily Choco Berry Bar", "product_brand": "RiteBite Max Protein", "combo": []}, {"category": "Snacks & Branded Foods", "sub_category_name": "Chocolates & Candies", "product_name": "Truffel - Milk", "product_brand": "Dukes", "combo": []}, {"category": "Snacks & Branded Foods", "sub_category_name": "Chocolates & Candies", "product_name": "Peru Dark Amazon, Single Origin Dark Chocolate - 55%", "product_brand": "Amul", "combo": []}, {"category": "Snacks & Branded Foods", "sub_category_name": "Chocolates & Candies", "product_name": "Sugar Free Chewing Gum - Mixed Fruit", "product_brand": "Orbit", "combo": []}, {"category": "Snacks & Branded Foods", "sub_category_name": "Chocolates & Candies", "product_name": "Orbit Chewing Gum - Sweetmint , Sugarfree", "product_brand": "Wrigleys", "combo": []}, {"category": "Snacks & Branded Foods", "sub_category_name": "Chocolates & Candies", "product_name": "Mazaana Whole Cashews Coated With Fine Milk Chocolate", "product_brand": "Mapro", "combo": []}, {"category": "Snacks & Branded Foods", "sub_category_name": "Chocolates & Candies", "product_name": "Sugar-Free Thinmints - Peppermint", "product_brand": "Doublemint", "combo": []}, {"category": "Snacks & Branded Foods", "sub_category_name": "Chocolates & Candies", "product_name": "Luvit Chocwich Home Delights 187 g", "product_brand": "LuvIt", "combo": []}, {"category": "Snacks & Branded Foods", "sub_category_name": "Chocolates & Candies", "product_name": "Kaccha Mango Candy", "product_brand": "Parle", "combo": []}, {"category": "Snacks & Branded Foods", "sub_category_name": "Chocolates & Candies", "product_name": "Surprise Chocolate Pack", "product_brand": "Cadbury Gems", "combo": []}, {"category": "Snacks & Branded Foods", "sub_category_name": "Chocolates & Candies", "product_name": "Choclairs Gold Birthday Pack", "product_brand": "Cadbury", "combo": []}, {"category": "Snacks & Branded Foods", "sub_category_name": "Chocolates & Candies", "product_name": "Pure Fresh Sugarfree Spearmint Flavour Chewing Gum", "product_brand": "Mentos", "combo": []}, {"category": "Snacks & Branded Foods", "sub_category_name": "Chocolates & Candies", "product_name": "Dairy Rich Fruit & Nut Chocolate Bar", "product_brand": "LuvIt", "combo": []}, {"category": "Snacks & Branded Foods", "sub_category_name": "Chocolates & Candies", "product_name": "Rich Cocoa", "product_brand": "Cadbury Bournville", "combo": []}, {"category": "Snacks & Branded Foods", "sub_category_name": "Chocolates & Candies", "product_name": "Truffel - Caramel", "product_brand": "Dukes", "combo": []}, {"category": "Snacks & Branded Foods", "sub_category_name": "Chocolates & Candies", "product_name": "Juzt Jelly - Cola Flavour Bottles", "product_brand": "ALPENLIEBE", "combo": []}, {"category": "Snacks & Branded Foods", "sub_category_name": "Chocolates & Candies", "product_name": "Sugar-Free Thinmints - Spearmint", "product_brand": "Doublemint", "combo": []}, {"category": "Snacks & Branded Foods", "sub_category_name": "Chocolates & Candies", "product_name": "Mazaana Chocolate Paan", "product_brand": "Mapro", "combo": []}, {"category": "Snacks & Branded Foods", "sub_category_name": "Chocolates & Candies", "product_name": "Luvit Chocwich White Home Delights 187 g", "product_brand": "LuvIt", "combo": []}, {"category": "Snacks & Branded Foods", "sub_category_name": "Chocolates & Candies", "product_name": "Daily Choco Berry Bar", "product_brand": "RiteBite Max Protein", "combo": [["3x50 g", "175.50"], ["50 g", "60.45"]]}, {"category": "Snacks & Branded Foods", "sub_category_name": "Chocolates & Candies", "product_name": "Daily Choco Berry Bar", "product_brand": "RiteBite Max Protein", "combo": []}, {"category": "Snacks & Branded Foods", "sub_category_name": "Chocolates & Candies", "product_name": "Truffel - Milk", "product_brand": "Dukes", "combo": []}, {"category": "Snacks & Branded Foods", "sub_category_name": "Chocolates & Candies", "product_name": "Peru Dark Amazon, Single Origin Dark Chocolate - 55%", "product_brand": "Amul", "combo": []}, {"category": "Snacks & Branded Foods", "sub_category_name": "Chocolates & Candies", "product_name": "Sugar Free Chewing Gum - Mixed Fruit", "product_brand": "Orbit", "combo": []}, {"category": "Snacks & Branded Foods", "sub_category_name": "Chocolates & Candies", "product_name": "Orbit Chewing Gum - Sweetmint , Sugarfree", "product_brand": "Wrigleys", "combo": []}, {"category": "Snacks & Branded Foods", "sub_category_name": "Chocolates & Candies", "product_name": "Mazaana Whole Cashews Coated With Fine Milk Chocolate", "product_brand": "Mapro", "combo": []}, {"category": "Snacks & Branded Foods", "sub_category_name": "Chocolates & Candies", "product_name": "Sugar-Free Thinmints - Peppermint", "product_brand": "Doublemint", "combo": []}, {"category": "Snacks & Branded Foods", "sub_category_name": "Chocolates & Candies", "product_name": "Luvit Chocwich Home Delights 187 g", "product_brand": "LuvIt", "combo": []}, {"category": "Snacks & Branded Foods", "sub_category_name": "Chocolates & Candies", "product_name": "Kaccha Mango Candy", "product_brand": "Parle", "combo": []}, {"category": "Snacks & Branded Foods", "sub_category_name": "Chocolates & Candies", "product_name": "Surprise Chocolate Pack", "product_brand": "Cadbury Gems", "combo": []}, {"category": "Snacks & Branded Foods", "sub_category_name": "Chocolates & Candies", "product_name": "Choclairs Gold Birthday Pack", "product_brand": "Cadbury", "combo": []}, {"category": "Snacks & Branded Foods", "sub_category_name": "Chocolates & Candies", "product_name": "Pure Fresh Sugarfree Spearmint Flavour Chewing Gum", "product_brand": "Mentos", "combo": []}, {"category": "Snacks & Branded Foods", "sub_category_name": "Chocolates & Candies", "product_name": "Dairy Rich Fruit & Nut Chocolate Bar", "product_brand": "LuvIt", "combo": []}, {"category": "Snacks & Branded Foods", "sub_category_name": "Chocolates & Candies", "product_name": "Rich Cocoa", "product_brand": "Cadbury Bournville", "combo": []}, {"category": "Snacks & Branded Foods", "sub_category_name": "Chocolates & Candies", "product_name": "Truffel - Caramel", "product_brand": "Dukes", "combo": []}, {"category": "Snacks & Branded Foods", "sub_category_name": "Chocolates & Candies", "product_name": "Juzt Jelly - Cola Flavour Bottles", "product_brand": "ALPENLIEBE", "combo": []}, {"category": "Snacks & Branded Foods", "sub_category_name": "Chocolates & Candies", "product_name": "Sugar-Free Thinmints - Spearmint", "product_brand": "Doublemint", "combo": []}, {"category": "Snacks & Branded Foods", "sub_category_name": "Chocolates & Candies", "product_name": "Mazaana Chocolate Paan", "product_brand": "Mapro", "combo": []}, {"category": "Snacks & Branded Foods", "sub_category_name": "Chocolates & Candies", "product_name": "Luvit Chocwich White Home Delights 187 g", "product_brand": "LuvIt", "combo": []}, {"category": "Snacks & Branded Foods", "sub_category_name": "Chocolates & Candies", "product_name": "Daily Choco Berry Bar", "product_brand": "RiteBite Max Protein", "combo": [["3x50 g", "175.50"], ["50 g", "60.45"]]}, {"category": "Snacks & Branded Foods", "sub_category_name": "Chocolates & Candies", "product_name": "Daily Choco Berry Bar", "product_brand": "RiteBite Max Protein", "combo": []}, {"category": "Snacks & Branded Foods", "sub_category_name": "Chocolates & Candies", "product_name": "Truffel - Milk", "product_brand": "Dukes", "combo": []}, {"category": "Snacks & Branded Foods", "sub_category_name": "Chocolates & Candies", "product_name": "Peru Dark Amazon, Single Origin Dark Chocolate - 55%", "product_brand": "Amul", "combo": []}, {"category": "Snacks & Branded Foods", "sub_category_name": "Chocolates & Candies", "product_name": "Sugar Free Chewing Gum - Mixed Fruit", "product_brand": "Orbit", "combo": []}, {"category": "Snacks & Branded Foods", "sub_category_name": "Chocolates & Candies", "product_name": "Orbit Chewing Gum - Sweetmint , Sugarfree", "product_brand": "Wrigleys", "combo": []}]