[{"category": "Bakery, Cakes & Dairy", "sub_category_name": "Gourmet Breads", "product_name": "Whole Wheat Sourdough", "product_brand": "Theobroma", "combo": []}, {"category": "Bakery, Cakes & Dairy", "sub_category_name": "Gourmet Breads", "product_name": "Bread - 100% Whole Wheat", "product_brand": "Modern", "combo": []}, {"category": "Bakery, Cakes & Dairy", "sub_category_name": "Gourmet Breads", "product_name": "Moonfils Choco Cream", "product_brand": "Bauli", "combo": []}, {"category": "Bakery, Cakes & Dairy", "sub_category_name": "Gourmet Breads", "product_name": "Moonfils Orange", "product_brand": "Bauli", "combo": []}, {"category": "Bakery, Cakes & Dairy", "sub_category_name": "Gourmet Breads", "product_name": "Treat Croissant Cocoa Creme", "product_brand": "Britannia", "combo": []}, {"category": "Bakery, Cakes & Dairy", "sub_category_name": "Gourmet Breads", "product_name": "Pain Au Chocolat Chocolate Croissant", "product_brand": "The Baker's Dozen", "combo": []}, {"category": "Bakery, Cakes & Dairy", "sub_category_name": "Gourmet Breads", "product_name": "Pan Blanco Bread - Gluten Free", "product_brand": "Schar", "combo": []}, {"category": "Bakery, Cakes & Dairy", "sub_category_name": "Gourmet Breads", "product_name": "Treat Croissant Cocoa Creme", "product_brand": "Britannia", "combo": []}, {"category": "Bakery, Cakes & Dairy", "sub_category_name": "Gourmet Breads", "product_name": "Pan Rustico Gluten Free Bread", "product_brand": "Schar", "combo": []}, {"category": "Bakery, Cakes & Dairy", "sub_category_name": "Gourmet Breads", "product_name": "Bread - Sour Dough With Olives, Pre Sliced", "product_brand": "Fresho Signature", "combo": []}, {"category": "Bakery, Cakes & Dairy", "sub_category_name": "Gourmet Breads", "product_name": "Artisan Herb Bread - Pre-Sliced", "product_brand": "Fresho Signature", "combo": []}, {"category": "Bakery, Cakes & Dairy", "sub_category_name": "Gourmet Breads", "product_name": "Croissant", "product_brand": "The Baker's Dozen", "combo": []}, {"category": "Bakery, Cakes & Dairy", "sub_category_name": "Gourmet Breads", "product_name": "Whole Wheat Lavash", "product_brand": "Cookie Czar", "combo": []}, {"category": "Bakery, Cakes & Dairy", "sub_category_name": "Gourmet Breads", "product_name": "Artisan Bread - Multigrain, Pre Sliced", "product_brand": "Fresho Signature", "combo": []}, {"category": "Bakery, Cakes & Dairy", "sub_category_name": "Gourmet Breads", "product_name": "Baguette Bread - Multigrain", "product_brand": "Fresho Signature", "combo": []}, {"category": "Bakery, Cakes & Dairy", "sub_category_name": "Gourmet Breads", "product_name": "Bread - Panini", "product_brand": "Fresho Signature", "combo": []}, {"category": "Bakery, Cakes & Dairy", "sub_category_name": "Gourmet Breads", "product_name": "Pita Bread - Mini", "product_brand": "Fresho Signature", "combo": []}, {"category": "Bakery, Cakes & Dairy", "sub_category_name": "Gourmet Breads", "product_name": "Croissants - Butter", "product_brand": "Fresho Signature", "combo": []}, {"category": "Bakery, Cakes & Dairy", "sub_category_name": "Gourmet Breads", "product_name": "Croissants - Cheese", "product_brand": "Fresho Signature", "combo": []}, {"category": "Bakery, Cakes & Dairy", "sub_category_name": "Gourmet Breads", "product_name": "Croissant - Chocolate", "product_brand": "Fresho Signature", "combo": []}, {"category": "Bakery, Cakes & Dairy", "sub_category_name": "Gourmet Breads", "product_name": "Croissant - Plain Butter, Mini", "product_brand": "Fresho Signature", "combo": []}, {"category": "Bakery, Cakes & Dairy", "sub_category_name": "Gourmet Breads", "product_name": "Treat Croissant Vanilla Creme", "product_brand": "Britannia", "combo": []}, {"category": "Bakery, Cakes & Dairy", "sub_category_name": "Gourmet Breads", "product_name": "Croissant - Butter With Hazelnut Spread", "product_brand": "Fresho Signature", "combo": []}, {"category": "Bakery, Cakes & Dairy", "sub_category_name": "Gourmet Breads", "product_name": "Baguette - 100% Wholewheat Sourdough", "product_brand": "The Baker's Dozen", "combo": []}, {"category": "Bakery, Cakes & Dairy", "sub_category_name": "Gourmet Breads", "product_name": "Focaccia - 100% Wholewheat", "product_brand": "The Baker's Dozen", "combo": []}, {"category": "Bakery, Cakes & Dairy", "sub_category_name": "Gourmet Breads", "product_name": "100% Wholewheat Sourdough Fourgrain", "product_brand": "The Baker's Dozen", "combo": []}, {"category": "Bakery, Cakes & Dairy", "sub_category_name": "Gourmet Breads", "product_name": "Pita Bread 100% Wholewheat", "product_brand": "The Baker's Dozen", "combo": []}, {"category": "Bakery, Cakes & Dairy", "sub_category_name": "Gourmet Breads", "product_name": "Ragi Buns - Chocolate-Filled", "product_brand": "Cookie Czar", "combo": []}, {"category": "Bakery, Cakes & Dairy", "sub_category_name": "Gourmet Breads", "product_name": "Whole Wheat Savoury Buns - Cheese", "product_brand": "Cookie Czar", "combo": []}, {"category": "Bakery, Cakes & Dairy", "sub_category_name": "Gourmet Breads", "product_name": "Log - Oatmeal Cinnamon", "product_brand": "Cookie Czar", "combo": []}, {"category": "Bakery, Cakes & Dairy", "sub_category_name": "Gourmet Breads", "product_name": "Baked Chilli Garlic Pita Bread Crisps", "product_brand": "Wingreens Farms", "combo": []}, {"category": "Bakery, Cakes & Dairy", "sub_category_name": "Gourmet Breads", "product_name": "Pain Au Levain - with Walnuts & Raisins (Sourdough)", "product_brand": "The Baker's Dozen", "combo": []}, {"category": "Bakery, Cakes & Dairy", "sub_category_name": "Gourmet Breads", "product_name": "Ciabatta - 100% Wholewheat", "product_brand": "The Baker's Dozen", "combo": []}]