[{"category": "Eggs, Meat & Fish", "sub_category_name": "Pork & Other Meats", "product_name": "Pork - Momos, Original", "product_brand": "Prasuma", "combo": [["24 pcs", "395.00"], ["10 pcs", "225.00"]]}, {"category": "Eggs, Meat & Fish", "sub_category_name": "Pork & Other Meats", "product_name": "Bacon - Pork, Prime", "product_brand": "Quickee'S", "combo": []}, {"category": "Eggs, Meat & Fish", "sub_category_name": "Pork & Other Meats", "product_name": "Pepperoni - Pork", "product_brand": "Quickee'S", "combo": []}, {"category": "Eggs, Meat & Fish", "sub_category_name": "Pork & Other Meats", "product_name": "Bacon - Pork, Streaky", "product_brand": "Quickee'S", "combo": []}, {"category": "Eggs, Meat & Fish", "sub_category_name": "Pork & Other Meats", "product_name": "Sausage - Pork, English", "product_brand": "Quickee'S", "combo": []}, {"category": "Eggs, Meat & Fish", "sub_category_name": "Pork & Other Meats", "product_name": "Sausage - Pork, Goan", "product_brand": "Quickee'S", "combo": []}, {"category": "Eggs, Meat & Fish", "sub_category_name": "Pork & Other Meats", "product_name": "Ham - Pork", "product_brand": "Quickee'S", "combo": []}, {"category": "Eggs, Meat & Fish", "sub_category_name": "Pork & Other Meats", "product_name": "Ham - Pork, Luncheon", "product_brand": "Quickee'S", "combo": []}, {"category": "Eggs, Meat & Fish", "sub_category_name": "Pork & Other Meats", "product_name": "Pork - Chop Boneless", "product_brand": "Prasuma", "combo": []}, {"category": "Eggs, Meat & Fish", "sub_category_name": "Pork & Other Meats", "product_name": "Frankfurter - Pork", "product_brand": "Quickee'S", "combo": []}, {"category": "Eggs, Meat & Fish", "sub_category_name": "Pork & Other Meats", "product_name": "Sausage - Pork, Cocktail", "product_brand": "Quickee'S", "combo": []}, {"category": "Eggs, Meat & Fish", "sub_category_name": "Pork & Other Meats", "product_name": "Sausage - Pork, Super Bacon", "product_brand": "Quickee'S", "combo": []}, {"category": "Eggs, Meat & Fish", "sub_category_name": "Pork & Other Meats", "product_name": "Sausage - Pork", "product_brand": "Quickee'S", "combo": []}, {"category": "Eggs, Meat & Fish", "sub_category_name": "Pork & Other Meats", "product_name": "Pork - Loin Slice", "product_brand": "Prasuma", "combo": []}, {"category": "Eggs, Meat & Fish", "sub_category_name": "Pork & Other Meats", "product_name": "Pork - Mince", "product_brand": "Prasuma", "combo": []}, {"category": "Eggs, Meat & Fish", "sub_category_name": "Pork & Other Meats", "product_name": "Mortadella - Pork, Olive", "product_brand": "Quickee'S", "combo": []}, {"category": "Eggs, Meat & Fish", "sub_category_name": "Pork & Other Meats", "product_name": "Pork - Belly Slice", "product_brand": "Prasuma", "combo": []}, {"category": "Eggs, Meat & Fish", "sub_category_name": "Pork & Other Meats", "product_name": "Salami - Pork, Pepper", "product_brand": "Quickee'S", "combo": []}]