[{"category": "Gourmet & World Food", "sub_category_name": "Cooking & Baking Needs", "product_name": "Cocoa Powder", "product_brand": "Hersheys", "combo": []}, {"category": "Gourmet & World Food", "sub_category_name": "Cooking & Baking Needs", "product_name": "Salt - Unrefined, 100% Natural", "product_brand": "Puro", "combo": [["1 kg", "94.05"], ["2x1 kg", "188.10"]]}, {"category": "Gourmet & World Food", "sub_category_name": "Cooking & Baking Needs", "product_name": "Millet Pancake & Waffle Mix - Blueberry & Supergrains", "product_brand": "Slurrp Farm", "combo": []}, {"category": "Gourmet & World Food", "sub_category_name": "Cooking & Baking Needs", "product_name": "Millet Pancake & Waffle Mix - Classic & Supergrains", "product_brand": "Slurrp Farm", "combo": []}, {"category": "Gourmet & World Food", "sub_category_name": "Cooking & Baking Needs", "product_name": "Panko Bread Crumbs", "product_brand": "Green Shoots", "combo": []}, {"category": "Gourmet & World Food", "sub_category_name": "Cooking & Baking Needs", "product_name": "All-In-One Smoked Tandoori Spice Mix", "product_brand": "Wingreens Farms", "combo": []}, {"category": "Gourmet & World Food", "sub_category_name": "Cooking & Baking Needs", "product_name": "All In One Garlic Bread Seasoning", "product_brand": "Wingreens Farms", "combo": []}, {"category": "Gourmet & World Food", "sub_category_name": "Cooking & Baking Needs", "product_name": "All In One Peri Peri Seasoning", "product_brand": "Wingreens Farms", "combo": []}, {"category": "Gourmet & World Food", "sub_category_name": "Cooking & Baking Needs", "product_name": "Easy Eggless Pancake Mix", "product_brand": "Wingreens Farms", "combo": []}, {"category": "Gourmet & World Food", "sub_category_name": "Cooking & Baking Needs", "product_name": "Chocolate Flavour Essence", "product_brand": "Harveys", "combo": []}, {"category": "Gourmet & World Food", "sub_category_name": "Cooking & Baking Needs", "product_name": "Caramel Flavour Essence", "product_brand": "Harveys", "combo": []}, {"category": "Gourmet & World Food", "sub_category_name": "Cooking & Baking Needs", "product_name": "Unbleached All Purpose Flour", "product_brand": "American Pancake Co.", "combo": []}, {"category": "Gourmet & World Food", "sub_category_name": "Cooking & Baking Needs", "product_name": "Certified Organic Brown Sugar", "product_brand": "Nutriorg", "combo": []}, {"category": "Gourmet & World Food", "sub_category_name": "Cooking & Baking Needs", "product_name": "Pizza & Pasta Seasoning Shaker", "product_brand": "Urban Platter", "combo": []}, {"category": "Gourmet & World Food", "sub_category_name": "Cooking & Baking Needs", "product_name": "Gluten-Free Moong Dal Cheela/Dosa Mix", "product_brand": "Graminway", "combo": []}, {"category": "Gourmet & World Food", "sub_category_name": "Cooking & Baking Needs", "product_name": "Gluten-Free 4 Lentil Dosa Mix", "product_brand": "Graminway", "combo": []}, {"category": "Gourmet & World Food", "sub_category_name": "Cooking & Baking Needs", "product_name": "Gluten-Free Ragi Atta", "product_brand": "Graminway", "combo": []}, {"category": "Gourmet & World Food", "sub_category_name": "Cooking & Baking Needs", "product_name": "Healthy Gujarati Thepla Atta", "product_brand": "Graminway", "combo": []}, {"category": "Gourmet & World Food", "sub_category_name": "Cooking & Baking Needs", "product_name": "Rajasthani Missi Atta", "product_brand": "Graminway", "combo": []}, {"category": "Gourmet & World Food", "sub_category_name": "Cooking & Baking Needs", "product_name": "Masala Poori Atta", "product_brand": "Graminway", "combo": []}, {"category": "Gourmet & World Food", "sub_category_name": "Cooking & Baking Needs", "product_name": "Baking Powder", "product_brand": "Abbies", "combo": []}, {"category": "Gourmet & World Food", "sub_category_name": "Cooking & Baking Needs", "product_name": "Wasabi Powder", "product_brand": "Abbies", "combo": []}, {"category": "Gourmet & World Food", "sub_category_name": "Cooking & Baking Needs", "product_name": "Quinoa", "product_brand": "Abbies", "combo": []}, {"category": "Gourmet & World Food", "sub_category_name": "Cooking & Baking Needs", "product_name": "Polenta", "product_brand": "Abbies", "combo": []}, {"category": "Gourmet & World Food", "sub_category_name": "Cooking & Baking Needs", "product_name": "Rainbow Strands", "product_brand": "Abbies", "combo": []}, {"category": "Gourmet & World Food", "sub_category_name": "Cooking & Baking Needs", "product_name": "Extract - Natural Bourbon Vanilla", "product_brand": "Sprig", "combo": [["100 ml", "827.08"], ["50 ml", "449.00"]]}, {"category": "Gourmet & World Food", "sub_category_name": "Cooking & Baking Needs", "product_name": "Pineapple Flavour Essence", "product_brand": "Harveys", "combo": []}, {"category": "Gourmet & World Food", "sub_category_name": "Cooking & Baking Needs", "product_name": "Coconut Milk - UHT Natural", "product_brand": "Kara", "combo": [["200 ml", "70.00"], ["2x200 ml", "140.00"], ["4x200 ml", "280.00"]]}, {"category": "Gourmet & World Food", "sub_category_name": "Cooking & Baking Needs", "product_name": "Flavouring Essence - Vanilla", "product_brand": "Harveys", "combo": []}, {"category": "Gourmet & World Food", "sub_category_name": "Cooking & Baking Needs", "product_name": "Baking Chocolate Bar - Dark", "product_brand": "Happy Chef", "combo": [["2x200 g", "435.10"], ["200 g", "229.00"]]}, {"category": "Gourmet & World Food", "sub_category_name": "Cooking & Baking Needs", "product_name": "White - Baking Chocolate Bar", "product_brand": "Happy Chef", "combo": []}, {"category": "Gourmet & World Food", "sub_category_name": "Cooking & Baking Needs", "product_name": "Coconut Cream", "product_brand": "Real Thai", "combo": []}, {"category": "Gourmet & World Food", "sub_category_name": "Cooking & Baking Needs", "product_name": "Original Cinnamon", "product_brand": "REGENCY", "combo": []}, {"category": "Gourmet & World Food", "sub_category_name": "Cooking & Baking Needs", "product_name": "Dark - Button Chocolate", "product_brand": "Happy Chef", "combo": []}, {"category": "Gourmet & World Food", "sub_category_name": "Cooking & Baking Needs", "product_name": "Agar Agar Vegetarian Gelatin", "product_brand": "By Nature", "combo": []}, {"category": "Gourmet & World Food", "sub_category_name": "Cooking & Baking Needs", "product_name": "Milk - Baking Chocolate Bar", "product_brand": "Happy Chef", "combo": []}, {"category": "Gourmet & World Food", "sub_category_name": "Cooking & Baking Needs", "product_name": "Himalayan Pink Salt 400 g + Chia Seeds 100 g", "product_brand": "By Nature", "combo": []}, {"category": "Gourmet & World Food", "sub_category_name": "Cooking & Baking Needs", "product_name": "Himalayan Pink Salt", "product_brand": "By Nature", "combo": [["4x400 g", "576.00"], ["2x400 g", "288.00"], ["400 g", "144.00"]]}, {"category": "Gourmet & World Food", "sub_category_name": "Cooking & Baking Needs", "product_name": "Oats - Rolled 500 g + Himalayan Pink Salt 400 g", "product_brand": "By Nature", "combo": []}, {"category": "Gourmet & World Food", "sub_category_name": "Cooking & Baking Needs", "product_name": "Flour Power - Instant Dry Yeast", "product_brand": "Yellow Crumb", "combo": []}, {"category": "Gourmet & World Food", "sub_category_name": "Cooking & Baking Needs", "product_name": "Natural Jaggery Powder", "product_brand": "Slurrp Farm", "combo": []}, {"category": "Gourmet & World Food", "sub_category_name": "Cooking & Baking Needs", "product_name": "Milk - Button Chocolate", "product_brand": "Happy Chef", "combo": []}, {"category": "Gourmet & World Food", "sub_category_name": "Cooking & Baking Needs", "product_name": "Quinoa 500 g + Oats - Rolled 500 g", "product_brand": "By Nature", "combo": []}, {"category": "Gourmet & World Food", "sub_category_name": "Cooking & Baking Needs", "product_name": "Coconut Flour 200 g + Himalayan Pink Salt 400 g", "product_brand": "By Nature", "combo": []}, {"category": "Gourmet & World Food", "sub_category_name": "Cooking & Baking Needs", "product_name": "Millet Dosa Mix - Supergrains + Beetroot", "product_brand": "Slurrp Farm", "combo": []}, {"category": "Gourmet & World Food", "sub_category_name": "Cooking & Baking Needs", "product_name": "Flavouring Essence - Rose", "product_brand": "Harveys", "combo": []}, {"category": "Gourmet & World Food", "sub_category_name": "Cooking & Baking Needs", "product_name": "Powder - Organic, Wheat Grass, USDA Certified", "product_brand": "Geo-Fresh", "combo": []}, {"category": "Gourmet & World Food", "sub_category_name": "Cooking & Baking Needs", "product_name": "Flavouring Essence - Strawberry", "product_brand": "Harveys", "combo": []}, {"category": "Gourmet & World Food", "sub_category_name": "Cooking & Baking Needs", "product_name": "Black Salt", "product_brand": "Graminway", "combo": []}, {"category": "Gourmet & World Food", "sub_category_name": "Cooking & Baking Needs", "product_name": "Millet Dosa Mix - Supergrains + Spinach", "product_brand": "Slurrp Farm", "combo": []}, {"category": "Gourmet & World Food", "sub_category_name": "Cooking & Baking Needs", "product_name": "Siah Jeera", "product_brand": "REGENCY", "combo": []}, {"category": "Gourmet & World Food", "sub_category_name": "Cooking & Baking Needs", "product_name": "Chipotle Pepper Sauce", "product_brand": "Tabasco", "combo": []}, {"category": "Gourmet & World Food", "sub_category_name": "Cooking & Baking Needs", "product_name": "Flavouring Essence - Banana", "product_brand": "Harveys", "combo": []}, {"category": "Gourmet & World Food", "sub_category_name": "Cooking & Baking Needs", "product_name": "Vanilla Beans", "product_brand": "Sprig", "combo": []}, {"category": "Gourmet & World Food", "sub_category_name": "Cooking & Baking Needs", "product_name": "Coconut Flour", "product_brand": "By Nature", "combo": []}, {"category": "Gourmet & World Food", "sub_category_name": "Cooking & Baking Needs", "product_name": "Quinoa", "product_brand": "By Nature", "combo": [["500 g", "255.00"], ["250 g", "175.00"]]}, {"category": "Gourmet & World Food", "sub_category_name": "Cooking & Baking Needs", "product_name": "Hommade - Coconut Milk", "product_brand": "Dabur", "combo": [["3x200 ml", "225.00"], ["200 ml", "75.00"], ["2x200 ml", "150.00"]]}, {"category": "Gourmet & World Food", "sub_category_name": "Cooking & Baking Needs", "product_name": "Coconut Flour", "product_brand": "By Nature", "combo": []}, {"category": "Gourmet & World Food", "sub_category_name": "Cooking & Baking Needs", "product_name": "White - Button Chocolate", "product_brand": "Happy Chef", "combo": []}, {"category": "Gourmet & World Food", "sub_category_name": "Cooking & Baking Needs", "product_name": "Muesli - Almond & Quinoa Crunch", "product_brand": "Yoga bar", "combo": []}, {"category": "Gourmet & World Food", "sub_category_name": "Cooking & Baking Needs", "product_name": "Powder - Organic, Ginger, USDA Certified", "product_brand": "Geo-Fresh", "combo": []}, {"category": "Gourmet & World Food", "sub_category_name": "Cooking & Baking Needs", "product_name": "Millet Pancake Mix - Banana, Choco-Chip & Supergrains", "product_brand": "Slurrp Farm", "combo": []}, {"category": "Gourmet & World Food", "sub_category_name": "Cooking & Baking Needs", "product_name": "Flavouring Essence - Almond", "product_brand": "Harveys", "combo": []}, {"category": "Gourmet & World Food", "sub_category_name": "Cooking & Baking Needs", "product_name": "Flavouring Essence - Raspberry", "product_brand": "Harveys", "combo": []}, {"category": "Gourmet & World Food", "sub_category_name": "Cooking & Baking Needs", "product_name": "Powder - Organic, Wheat Grass, USDA Certified", "product_brand": "Geo-Fresh", "combo": []}, {"category": "Gourmet & World Food", "sub_category_name": "Cooking & Baking Needs", "product_name": "Barley Atta", "product_brand": "Graminway", "combo": []}, {"category": "Gourmet & World Food", "sub_category_name": "Cooking & Baking Needs", "product_name": "Almond Flour", "product_brand": "Dhatu Organics & Naturals", "combo": []}, {"category": "Gourmet & World Food", "sub_category_name": "Cooking & Baking Needs", "product_name": "Cassia Taj - Cigarette Roll", "product_brand": "REGENCY", "combo": []}, {"category": "Gourmet & World Food", "sub_category_name": "Cooking & Baking Needs", "product_name": "Powder - Organic, Coriander, USDA Certified", "product_brand": "Geo-Fresh", "combo": []}, {"category": "Gourmet & World Food", "sub_category_name": "Cooking & Baking Needs", "product_name": "Banana Powder", "product_brand": "Slurrp Farm", "combo": []}, {"category": "Gourmet & World Food", "sub_category_name": "Cooking & Baking Needs", "product_name": "Pumpkin Seeds 100 g + Palm Jaggery 250 g Tin", "product_brand": "By Nature", "combo": []}, {"category": "Gourmet & World Food", "sub_category_name": "Cooking & Baking Needs", "product_name": "Coconut Flour 400 g + Agar Agar Vegetarian Gelatin 100 g", "product_brand": "By Nature", "combo": []}, {"category": "Gourmet & World Food", "sub_category_name": "Cooking & Baking Needs", "product_name": "Quinoa Regular - Gluten Free", "product_brand": "True Elements", "combo": []}, {"category": "Gourmet & World Food", "sub_category_name": "Cooking & Baking Needs", "product_name": "Organic Chia Seeds", "product_brand": "Slurrp Farm", "combo": []}, {"category": "Gourmet & World Food", "sub_category_name": "Cooking & Baking Needs", "product_name": "Red Chilli Paste", "product_brand": "OrientAsian", "combo": []}, {"category": "Gourmet & World Food", "sub_category_name": "Cooking & Baking Needs", "product_name": "Sea Salt - Celery", "product_brand": "Sprig", "combo": []}, {"category": "Gourmet & World Food", "sub_category_name": "Cooking & Baking Needs", "product_name": "Peanut Satay Sauce", "product_brand": "Real Thai", "combo": []}, {"category": "Gourmet & World Food", "sub_category_name": "Cooking & Baking Needs", "product_name": "Holy Basil Wok Sauce", "product_brand": "Real Thai", "combo": []}, {"category": "Gourmet & World Food", "sub_category_name": "Cooking & Baking Needs", "product_name": "Coconut Flour", "product_brand": "NUTRIWISH", "combo": []}, {"category": "Gourmet & World Food", "sub_category_name": "Cooking & Baking Needs", "product_name": "Dark & Brown Soft-Cane Sugar", "product_brand": "Urban Platter", "combo": []}, {"category": "Gourmet & World Food", "sub_category_name": "Cooking & Baking Needs", "product_name": "Powder - Organic, Cumin, USDA Certified", "product_brand": "Geo-Fresh", "combo": []}, {"category": "Gourmet & World Food", "sub_category_name": "Cooking & Baking Needs", "product_name": "Malaysian Curry Paste", "product_brand": "OrientAsian", "combo": []}, {"category": "Gourmet & World Food", "sub_category_name": "Cooking & Baking Needs", "product_name": "Gourmet Six Pepper Medley", "product_brand": "Sprig", "combo": []}, {"category": "Gourmet & World Food", "sub_category_name": "Cooking & Baking Needs", "product_name": "Powder - Organic, White Pepper, USDA Certified", "product_brand": "Geo-Fresh", "combo": []}, {"category": "Gourmet & World Food", "sub_category_name": "Cooking & Baking Needs", "product_name": "Quinoa Flour - Finest Whole Grain", "product_brand": "Rostaa", "combo": []}, {"category": "Gourmet & World Food", "sub_category_name": "Cooking & Baking Needs", "product_name": "Pure Spirulina Powder", "product_brand": "Urban Platter", "combo": []}, {"category": "Gourmet & World Food", "sub_category_name": "Cooking & Baking Needs", "product_name": "Whole Blackseed (Kalonji) Grains", "product_brand": "Health 1st", "combo": []}, {"category": "Gourmet & World Food", "sub_category_name": "Cooking & Baking Needs", "product_name": "Green Curry Paste", "product_brand": "Real Thai", "combo": []}, {"category": "Gourmet & World Food", "sub_category_name": "Cooking & Baking Needs", "product_name": "Black Pepper - Organic, USDA Certified", "product_brand": "Geo-Fresh", "combo": []}, {"category": "Gourmet & World Food", "sub_category_name": "Cooking & Baking Needs", "product_name": "Tablet - Organic, Tulsi, 750 mg, USDA Certified", "product_brand": "Geo-Fresh", "combo": []}, {"category": "Gourmet & World Food", "sub_category_name": "Cooking & Baking Needs", "product_name": "Quinoa Finest Whole Grain - White", "product_brand": "Rostaa", "combo": []}, {"category": "Gourmet & World Food", "sub_category_name": "Cooking & Baking Needs", "product_name": "Bread Crumbs - Plain", "product_brand": "American Garden", "combo": []}, {"category": "Gourmet & World Food", "sub_category_name": "Cooking & Baking Needs", "product_name": "Paste - Red Curry", "product_brand": "Pantai", "combo": []}, {"category": "Gourmet & World Food", "sub_category_name": "Cooking & Baking Needs", "product_name": "Pure Afghan Asafoetida Powder", "product_brand": "Urban Platter", "combo": []}, {"category": "Gourmet & World Food", "sub_category_name": "Cooking & Baking Needs", "product_name": "Tablets - Organic, Neem, 600 mg, USDA Certified", "product_brand": "Geo-Fresh", "combo": []}, {"category": "Gourmet & World Food", "sub_category_name": "Cooking & Baking Needs", "product_name": "Sauce Extra Extra Hot Peri Peri", "product_brand": "Nando's", "combo": [["125 g", "225.00"], ["250 g", "351.00"]]}, {"category": "Gourmet & World Food", "sub_category_name": "Cooking & Baking Needs", "product_name": "Millet Pancake Mix - Chocolate & Supergrains", "product_brand": "Slurrp Farm", "combo": []}, {"category": "Gourmet & World Food", "sub_category_name": "Cooking & Baking Needs", "product_name": "Coconut Milk - Classic", "product_brand": "Kara", "combo": []}, {"category": "Gourmet & World Food", "sub_category_name": "Cooking & Baking Needs", "product_name": "Quinoa Regular - Gluten Free", "product_brand": "True Elements", "combo": []}, {"category": "Gourmet & World Food", "sub_category_name": "Cooking & Baking Needs", "product_name": "Capsules - Organic, Psyllium, Sat Isabgol, 520 mg", "product_brand": "Geo-Fresh", "combo": []}, {"category": "Gourmet & World Food", "sub_category_name": "Cooking & Baking Needs", "product_name": "Black Rice", "product_brand": "GoodDiet", "combo": []}, {"category": "Gourmet & World Food", "sub_category_name": "Cooking & Baking Needs", "product_name": "Fish Sauce", "product_brand": "Real Thai", "combo": []}, {"category": "Gourmet & World Food", "sub_category_name": "Cooking & Baking Needs", "product_name": "Oat Flour - Whole Grain, Keto-Friendly", "product_brand": "By Nature", "combo": []}, {"category": "Gourmet & World Food", "sub_category_name": "Cooking & Baking Needs", "product_name": "Powder - Spirulina", "product_brand": "NUTRIWISH", "combo": []}, {"category": "Gourmet & World Food", "sub_category_name": "Cooking & Baking Needs", "product_name": "Cumin Whole - Organic, USDA Certified", "product_brand": "Geo-Fresh", "combo": []}, {"category": "Gourmet & World Food", "sub_category_name": "Cooking & Baking Needs", "product_name": "Oats Fibre Powder - All Natural, 80% Fibre Content, Nutritious", "product_brand": "Urban Platter", "combo": []}, {"category": "Gourmet & World Food", "sub_category_name": "Cooking & Baking Needs", "product_name": "Powder - Wheat Grass", "product_brand": "NUTRIWISH", "combo": []}, {"category": "Gourmet & World Food", "sub_category_name": "Cooking & Baking Needs", "product_name": "Amaranth", "product_brand": "GoodDiet", "combo": []}, {"category": "Gourmet & World Food", "sub_category_name": "Cooking & Baking Needs", "product_name": "Sprouted Moth Beans", "product_brand": "Nutty Yogi", "combo": []}, {"category": "Gourmet & World Food", "sub_category_name": "Cooking & Baking Needs", "product_name": "Tabouleh", "product_brand": "Al' Fez", "combo": []}, {"category": "Gourmet & World Food", "sub_category_name": "Cooking & Baking Needs", "product_name": "Sri Lankan Curry", "product_brand": "OrientAsian", "combo": []}, {"category": "Gourmet & World Food", "sub_category_name": "Cooking & Baking Needs", "product_name": "Organic Quinoa", "product_brand": "Dhatu Organics & Naturals", "combo": []}, {"category": "Gourmet & World Food", "sub_category_name": "Cooking & Baking Needs", "product_name": "Coconut Milk - Organic", "product_brand": "Real Thai", "combo": []}, {"category": "Gourmet & World Food", "sub_category_name": "Cooking & Baking Needs", "product_name": "White Pepper", "product_brand": "Salz & Aroma", "combo": []}, {"category": "Gourmet & World Food", "sub_category_name": "Cooking & Baking Needs", "product_name": "Seasoning Mix - Fajita", "product_brand": "Tex Mex Salsalito", "combo": []}, {"category": "Gourmet & World Food", "sub_category_name": "Cooking & Baking Needs", "product_name": "Powder - Organic, Black Pepper, USDA Certified", "product_brand": "Geo-Fresh", "combo": []}, {"category": "Gourmet & World Food", "sub_category_name": "Cooking & Baking Needs", "product_name": "Powder - Organic, Clove, USDA Certified", "product_brand": "Geo-Fresh", "combo": []}, {"category": "Gourmet & World Food", "sub_category_name": "Cooking & Baking Needs", "product_name": "Himalayan Pink Salt", "product_brand": "Graminway", "combo": []}, {"category": "Gourmet & World Food", "sub_category_name": "Cooking & Baking Needs", "product_name": "True Cinnamon - Alba Variety", "product_brand": "Sprig", "combo": []}, {"category": "Gourmet & World Food", "sub_category_name": "Cooking & Baking Needs", "product_name": "Cardamom - Whole Green", "product_brand": "Sprig", "combo": []}, {"category": "Gourmet & World Food", "sub_category_name": "Cooking & Baking Needs", "product_name": "Coconut Milk - 17-19%", "product_brand": "Real Thai", "combo": []}, {"category": "Gourmet & World Food", "sub_category_name": "Cooking & Baking Needs", "product_name": "Black Chana Atta - Sattu", "product_brand": "Nutty Yogi", "combo": []}, {"category": "Gourmet & World Food", "sub_category_name": "Cooking & Baking Needs", "product_name": "Herbs - Chilli Flakes", "product_brand": "The Spice Club", "combo": []}, {"category": "Gourmet & World Food", "sub_category_name": "Cooking & Baking Needs", "product_name": "Dosa Mix - Organic Sprouted Multi Pulse", "product_brand": "Dhatu Organics & Naturals", "combo": []}, {"category": "Gourmet & World Food", "sub_category_name": "Cooking & Baking Needs", "product_name": "Powder - Organic Cinnamon", "product_brand": "Dhatu Organics & Naturals", "combo": []}, {"category": "Gourmet & World Food", "sub_category_name": "Cooking & Baking Needs", "product_name": "Rajgira Ke Atta - Gluten Free", "product_brand": "Graminway", "combo": []}, {"category": "Gourmet & World Food", "sub_category_name": "Cooking & Baking Needs", "product_name": "Powder - Organic Dry Ginger", "product_brand": "Dhatu Organics & Naturals", "combo": []}, {"category": "Gourmet & World Food", "sub_category_name": "Cooking & Baking Needs", "product_name": "Artificial Food Essence - Pineapple", "product_brand": "Flying Bird", "combo": []}, {"category": "Gourmet & World Food", "sub_category_name": "Cooking & Baking Needs", "product_name": "Artificial Food Essence - Kewra", "product_brand": "Flying Bird", "combo": []}, {"category": "Gourmet & World Food", "sub_category_name": "Cooking & Baking Needs", "product_name": "Artificial Food Essence - White Rose", "product_brand": "Flying Bird", "combo": []}, {"category": "Gourmet & World Food", "sub_category_name": "Cooking & Baking Needs", "product_name": "Blackberries - Frozen Fresh", "product_brand": "Delishh", "combo": []}, {"category": "Gourmet & World Food", "sub_category_name": "Cooking & Baking Needs", "product_name": "Blueberries - Frozen Fresh", "product_brand": "Delishh", "combo": []}, {"category": "Gourmet & World Food", "sub_category_name": "Cooking & Baking Needs", "product_name": "Raspberries - Frozen Fresh", "product_brand": "Delishh", "combo": []}, {"category": "Gourmet & World Food", "sub_category_name": "Cooking & Baking Needs", "product_name": "Strawberries - Frozen Fresh", "product_brand": "Delishh", "combo": []}, {"category": "Gourmet & World Food", "sub_category_name": "Cooking & Baking Needs", "product_name": "Daal Poori Atta", "product_brand": "Graminway", "combo": []}, {"category": "Gourmet & World Food", "sub_category_name": "Cooking & Baking Needs", "product_name": "Organic White Quinoa", "product_brand": "Nourish You", "combo": []}, {"category": "Gourmet & World Food", "sub_category_name": "Cooking & Baking Needs", "product_name": "Quinoa - White", "product_brand": "Nutrashil", "combo": []}, {"category": "Gourmet & World Food", "sub_category_name": "Cooking & Baking Needs", "product_name": "Malt - Multi Millet, Sprouted", "product_brand": "Dhatu Organics & Naturals", "combo": []}, {"category": "Gourmet & World Food", "sub_category_name": "Cooking & Baking Needs", "product_name": "Salt - Himalayan, Crystal Pink", "product_brand": "Dhatu Organics & Naturals", "combo": []}, {"category": "Gourmet & World Food", "sub_category_name": "Cooking & Baking Needs", "product_name": "Organic Mixed Millet Flour", "product_brand": "Dhatu Organics & Naturals", "combo": []}, {"category": "Gourmet & World Food", "sub_category_name": "Cooking & Baking Needs", "product_name": "Coconut Milk - 17-19%", "product_brand": "Real Thai", "combo": []}, {"category": "Gourmet & World Food", "sub_category_name": "Cooking & Baking Needs", "product_name": "Black Chana Atta - Sattu", "product_brand": "Nutty Yogi", "combo": []}, {"category": "Gourmet & World Food", "sub_category_name": "Cooking & Baking Needs", "product_name": "Herbs - Chilli Flakes", "product_brand": "The Spice Club", "combo": []}, {"category": "Gourmet & World Food", "sub_category_name": "Cooking & Baking Needs", "product_name": "Dosa Mix - Organic Sprouted Multi Pulse", "product_brand": "Dhatu Organics & Naturals", "combo": []}, {"category": "Gourmet & World Food", "sub_category_name": "Cooking & Baking Needs", "product_name": "Powder - Organic Cinnamon", "product_brand": "Dhatu Organics & Naturals", "combo": []}, {"category": "Gourmet & World Food", "sub_category_name": "Cooking & Baking Needs", "product_name": "Rajgira Ke Atta - Gluten Free", "product_brand": "Graminway", "combo": []}, {"category": "Gourmet & World Food", "sub_category_name": "Cooking & Baking Needs", "product_name": "Powder - Organic Dry Ginger", "product_brand": "Dhatu Organics & Naturals", "combo": []}, {"category": "Gourmet & World Food", "sub_category_name": "Cooking & Baking Needs", "product_name": "Artificial Food Essence - Pineapple", "product_brand": "Flying Bird", "combo": []}, {"category": "Gourmet & World Food", "sub_category_name": "Cooking & Baking Needs", "product_name": "Artificial Food Essence - Kewra", "product_brand": "Flying Bird", "combo": []}, {"category": "Gourmet & World Food", "sub_category_name": "Cooking & Baking Needs", "product_name": "Artificial Food Essence - White Rose", "product_brand": "Flying Bird", "combo": []}, {"category": "Gourmet & World Food", "sub_category_name": "Cooking & Baking Needs", "product_name": "Blackberries - Frozen Fresh", "product_brand": "Delishh", "combo": []}, {"category": "Gourmet & World Food", "sub_category_name": "Cooking & Baking Needs", "product_name": "Blueberries - Frozen Fresh", "product_brand": "Delishh", "combo": []}, {"category": "Gourmet & World Food", "sub_category_name": "Cooking & Baking Needs", "product_name": "Raspberries - Frozen Fresh", "product_brand": "Delishh", "combo": []}, {"category": "Gourmet & World Food", "sub_category_name": "Cooking & Baking Needs", "product_name": "Strawberries - Frozen Fresh", "product_brand": "Delishh", "combo": []}, {"category": "Gourmet & World Food", "sub_category_name": "Cooking & Baking Needs", "product_name": "Daal Poori Atta", "product_brand": "Graminway", "combo": []}, {"category": "Gourmet & World Food", "sub_category_name": "Cooking & Baking Needs", "product_name": "Organic White Quinoa", "product_brand": "Nourish You", "combo": []}, {"category": "Gourmet & World Food", "sub_category_name": "Cooking & Baking Needs", "product_name": "Quinoa - White", "product_brand": "Nutrashil", "combo": []}, {"category": "Gourmet & World Food", "sub_category_name": "Cooking & Baking Needs", "product_name": "Malt - Multi Millet, Sprouted", "product_brand": "Dhatu Organics & Naturals", "combo": []}, {"category": "Gourmet & World Food", "sub_category_name": "Cooking & Baking Needs", "product_name": "Salt - Himalayan, Crystal Pink", "product_brand": "Dhatu Organics & Naturals", "combo": []}, {"category": "Gourmet & World Food", "sub_category_name": "Cooking & Baking Needs", "product_name": "Organic Mixed Millet Flour", "product_brand": "Dhatu Organics & Naturals", "combo": []}, {"category": "Gourmet & World Food", "sub_category_name": "Cooking & Baking Needs", "product_name": "Organic Ground Fenugreek", "product_brand": "Dhatu Organics & Naturals", "combo": []}, {"category": "Gourmet & World Food", "sub_category_name": "Cooking & Baking Needs", "product_name": "Sugar - Coconut Blossom", "product_brand": "Dhatu Organics & Naturals", "combo": []}, {"category": "Gourmet & World Food", "sub_category_name": "Cooking & Baking Needs", "product_name": "Food Colour - Blue", "product_brand": "Harveys", "combo": []}, {"category": "Gourmet & World Food", "sub_category_name": "Cooking & Baking Needs", "product_name": "Vanilla Demerara Sugar", "product_brand": "Thoa", "combo": []}, {"category": "Gourmet & World Food", "sub_category_name": "Cooking & Baking Needs", "product_name": "Citrus & Mint Demerara Sugar", "product_brand": "Thoa", "combo": []}, {"category": "Gourmet & World Food", "sub_category_name": "Cooking & Baking Needs", "product_name": "Agar Agar Powder - Vegetarian Gelatin Powder", "product_brand": "Urban Platter", "combo": []}, {"category": "Gourmet & World Food", "sub_category_name": "Cooking & Baking Needs", "product_name": "Dried Shiitake Mushrooms", "product_brand": "Urban Platter", "combo": []}, {"category": "Gourmet & World Food", "sub_category_name": "Cooking & Baking Needs", "product_name": "Organic Wheatgrass Powder", "product_brand": "Urban Platter", "combo": []}, {"category": "Gourmet & World Food", "sub_category_name": "Cooking & Baking Needs", "product_name": "Chinese Five-Spice Powder Shaker", "product_brand": "Urban Platter", "combo": []}, {"category": "Gourmet & World Food", "sub_category_name": "Cooking & Baking Needs", "product_name": "Italian Secret Seasoning Mix Shaker", "product_brand": "Urban Platter", "combo": []}, {"category": "Gourmet & World Food", "sub_category_name": "Cooking & Baking Needs", "product_name": "Nutritional Yeast", "product_brand": "Bobs Red Mill", "combo": []}, {"category": "Gourmet & World Food", "sub_category_name": "Cooking & Baking Needs", "product_name": "Almond Flour - Low Carb Keto", "product_brand": "By Nature", "combo": []}, {"category": "Gourmet & World Food", "sub_category_name": "Cooking & Baking Needs", "product_name": "Tom Yum Paste", "product_brand": "Real Thai", "combo": []}, {"category": "Gourmet & World Food", "sub_category_name": "Cooking & Baking Needs", "product_name": "Natirel Raw Banana Flour", "product_brand": "Kokos Natural", "combo": []}, {"category": "Gourmet & World Food", "sub_category_name": "Cooking & Baking Needs", "product_name": "Cacao Nibs", "product_brand": "By Nature", "combo": []}, {"category": "Gourmet & World Food", "sub_category_name": "Cooking & Baking Needs", "product_name": "Green Curry", "product_brand": "Real Thai", "combo": [["227 g", "215.00"], ["400 g", "235.00"]]}, {"category": "Gourmet & World Food", "sub_category_name": "Cooking & Baking Needs", "product_name": "Coconut Flour", "product_brand": "Nutty Yogi", "combo": []}, {"category": "Gourmet & World Food", "sub_category_name": "Cooking & Baking Needs", "product_name": "Barley Flour", "product_brand": "Nutty Yogi", "combo": []}, {"category": "Gourmet & World Food", "sub_category_name": "Cooking & Baking Needs", "product_name": "UHT Coconut Milk", "product_brand": "Real Thai", "combo": []}, {"category": "Gourmet & World Food", "sub_category_name": "Cooking & Baking Needs", "product_name": "Peanut Rice Paper Sauce", "product_brand": "Real Thai", "combo": []}, {"category": "Gourmet & World Food", "sub_category_name": "Cooking & Baking Needs", "product_name": "Coconut Milk - 17-19%", "product_brand": "Real Thai", "combo": []}, {"category": "Gourmet & World Food", "sub_category_name": "Cooking & Baking Needs", "product_name": "Black Chana Atta - Sattu", "product_brand": "Nutty Yogi", "combo": []}, {"category": "Gourmet & World Food", "sub_category_name": "Cooking & Baking Needs", "product_name": "Herbs - Chilli Flakes", "product_brand": "The Spice Club", "combo": []}, {"category": "Gourmet & World Food", "sub_category_name": "Cooking & Baking Needs", "product_name": "Dosa Mix - Organic Sprouted Multi Pulse", "product_brand": "Dhatu Organics & Naturals", "combo": []}, {"category": "Gourmet & World Food", "sub_category_name": "Cooking & Baking Needs", "product_name": "Powder - Organic Cinnamon", "product_brand": "Dhatu Organics & Naturals", "combo": []}, {"category": "Gourmet & World Food", "sub_category_name": "Cooking & Baking Needs", "product_name": "Rajgira Ke Atta - Gluten Free", "product_brand": "Graminway", "combo": []}, {"category": "Gourmet & World Food", "sub_category_name": "Cooking & Baking Needs", "product_name": "Powder - Organic Dry Ginger", "product_brand": "Dhatu Organics & Naturals", "combo": []}, {"category": "Gourmet & World Food", "sub_category_name": "Cooking & Baking Needs", "product_name": "Artificial Food Essence - Pineapple", "product_brand": "Flying Bird", "combo": []}, {"category": "Gourmet & World Food", "sub_category_name": "Cooking & Baking Needs", "product_name": "Artificial Food Essence - Kewra", "product_brand": "Flying Bird", "combo": []}, {"category": "Gourmet & World Food", "sub_category_name": "Cooking & Baking Needs", "product_name": "Artificial Food Essence - White Rose", "product_brand": "Flying Bird", "combo": []}, {"category": "Gourmet & World Food", "sub_category_name": "Cooking & Baking Needs", "product_name": "Blackberries - Frozen Fresh", "product_brand": "Delishh", "combo": []}, {"category": "Gourmet & World Food", "sub_category_name": "Cooking & Baking Needs", "product_name": "Blueberries - Frozen Fresh", "product_brand": "Delishh", "combo": []}, {"category": "Gourmet & World Food", "sub_category_name": "Cooking & Baking Needs", "product_name": "Raspberries - Frozen Fresh", "product_brand": "Delishh", "combo": []}, {"category": "Gourmet & World Food", "sub_category_name": "Cooking & Baking Needs", "product_name": "Strawberries - Frozen Fresh", "product_brand": "Delishh", "combo": []}, {"category": "Gourmet & World Food", "sub_category_name": "Cooking & Baking Needs", "product_name": "Daal Poori Atta", "product_brand": "Graminway", "combo": []}, {"category": "Gourmet & World Food", "sub_category_name": "Cooking & Baking Needs", "product_name": "Organic White Quinoa", "product_brand": "Nourish You", "combo": []}, {"category": "Gourmet & World Food", "sub_category_name": "Cooking & Baking Needs", "product_name": "Quinoa - White", "product_brand": "Nutrashil", "combo": []}, {"category": "Gourmet & World Food", "sub_category_name": "Cooking & Baking Needs", "product_name": "Malt - Multi Millet, Sprouted", "product_brand": "Dhatu Organics & Naturals", "combo": []}, {"category": "Gourmet & World Food", "sub_category_name": "Cooking & Baking Needs", "product_name": "Salt - Himalayan, Crystal Pink", "product_brand": "Dhatu Organics & Naturals", "combo": []}, {"category": "Gourmet & World Food", "sub_category_name": "Cooking & Baking Needs", "product_name": "Organic Mixed Millet Flour", "product_brand": "Dhatu Organics & Naturals", "combo": []}, {"category": "Gourmet & World Food", "sub_category_name": "Cooking & Baking Needs", "product_name": "Coconut Milk - 17-19%", "product_brand": "Real Thai", "combo": []}, {"category": "Gourmet & World Food", "sub_category_name": "Cooking & Baking Needs", "product_name": "Black Chana Atta - Sattu", "product_brand": "Nutty Yogi", "combo": []}, {"category": "Gourmet & World Food", "sub_category_name": "Cooking & Baking Needs", "product_name": "Herbs - Chilli Flakes", "product_brand": "The Spice Club", "combo": []}, {"category": "Gourmet & World Food", "sub_category_name": "Cooking & Baking Needs", "product_name": "Dosa Mix - Organic Sprouted Multi Pulse", "product_brand": "Dhatu Organics & Naturals", "combo": []}, {"category": "Gourmet & World Food", "sub_category_name": "Cooking & Baking Needs", "product_name": "Powder - Organic Cinnamon", "product_brand": "Dhatu Organics & Naturals", "combo": []}, {"category": "Gourmet & World Food", "sub_category_name": "Cooking & Baking Needs", "product_name": "Rajgira Ke Atta - Gluten Free", "product_brand": "Graminway", "combo": []}, {"category": "Gourmet & World Food", "sub_category_name": "Cooking & Baking Needs", "product_name": "Powder - Organic Dry Ginger", "product_brand": "Dhatu Organics & Naturals", "combo": []}, {"category": "Gourmet & World Food", "sub_category_name": "Cooking & Baking Needs", "product_name": "Artificial Food Essence - Pineapple", "product_brand": "Flying Bird", "combo": []}, {"category": "Gourmet & World Food", "sub_category_name": "Cooking & Baking Needs", "product_name": "Artificial Food Essence - Kewra", "product_brand": "Flying Bird", "combo": []}, {"category": "Gourmet & World Food", "sub_category_name": "Cooking & Baking Needs", "product_name": "Artificial Food Essence - White Rose", "product_brand": "Flying Bird", "combo": []}, {"category": "Gourmet & World Food", "sub_category_name": "Cooking & Baking Needs", "product_name": "Blackberries - Frozen Fresh", "product_brand": "Delishh", "combo": []}, {"category": "Gourmet & World Food", "sub_category_name": "Cooking & Baking Needs", "product_name": "Blueberries - Frozen Fresh", "product_brand": "Delishh", "combo": []}, {"category": "Gourmet & World Food", "sub_category_name": "Cooking & Baking Needs", "product_name": "Raspberries - Frozen Fresh", "product_brand": "Delishh", "combo": []}, {"category": "Gourmet & World Food", "sub_category_name": "Cooking & Baking Needs", "product_name": "Strawberries - Frozen Fresh", "product_brand": "Delishh", "combo": []}, {"category": "Gourmet & World Food", "sub_category_name": "Cooking & Baking Needs", "product_name": "Daal Poori Atta", "product_brand": "Graminway", "combo": []}, {"category": "Gourmet & World Food", "sub_category_name": "Cooking & Baking Needs", "product_name": "Organic White Quinoa", "product_brand": "Nourish You", "combo": []}, {"category": "Gourmet & World Food", "sub_category_name": "Cooking & Baking Needs", "product_name": "Quinoa - White", "product_brand": "Nutrashil", "combo": []}, {"category": "Gourmet & World Food", "sub_category_name": "Cooking & Baking Needs", "product_name": "Malt - Multi Millet, Sprouted", "product_brand": "Dhatu Organics & Naturals", "combo": []}, {"category": "Gourmet & World Food", "sub_category_name": "Cooking & Baking Needs", "product_name": "Salt - Himalayan, Crystal Pink", "product_brand": "Dhatu Organics & Naturals", "combo": []}, {"category": "Gourmet & World Food", "sub_category_name": "Cooking & Baking Needs", "product_name": "Organic Mixed Millet Flour", "product_brand": "Dhatu Organics & Naturals", "combo": []}, {"category": "Gourmet & World Food", "sub_category_name": "Cooking & Baking Needs", "product_name": "Coconut Milk - 17-19%", "product_brand": "Real Thai", "combo": []}, {"category": "Gourmet & World Food", "sub_category_name": "Cooking & Baking Needs", "product_name": "Black Chana Atta - Sattu", "product_brand": "Nutty Yogi", "combo": []}, {"category": "Gourmet & World Food", "sub_category_name": "Cooking & Baking Needs", "product_name": "Herbs - Chilli Flakes", "product_brand": "The Spice Club", "combo": []}, {"category": "Gourmet & World Food", "sub_category_name": "Cooking & Baking Needs", "product_name": "Dosa Mix - Organic Sprouted Multi Pulse", "product_brand": "Dhatu Organics & Naturals", "combo": []}, {"category": "Gourmet & World Food", "sub_category_name": "Cooking & Baking Needs", "product_name": "Powder - Organic Cinnamon", "product_brand": "Dhatu Organics & Naturals", "combo": []}, {"category": "Gourmet & World Food", "sub_category_name": "Cooking & Baking Needs", "product_name": "Rajgira Ke Atta - Gluten Free", "product_brand": "Graminway", "combo": []}, {"category": "Gourmet & World Food", "sub_category_name": "Cooking & Baking Needs", "product_name": "Powder - Organic Dry Ginger", "product_brand": "Dhatu Organics & Naturals", "combo": []}, {"category": "Gourmet & World Food", "sub_category_name": "Cooking & Baking Needs", "product_name": "Artificial Food Essence - Pineapple", "product_brand": "Flying Bird", "combo": []}, {"category": "Gourmet & World Food", "sub_category_name": "Cooking & Baking Needs", "product_name": "Artificial Food Essence - Kewra", "product_brand": "Flying Bird", "combo": []}, {"category": "Gourmet & World Food", "sub_category_name": "Cooking & Baking Needs", "product_name": "Artificial Food Essence - White Rose", "product_brand": "Flying Bird", "combo": []}, {"category": "Gourmet & World Food", "sub_category_name": "Cooking & Baking Needs", "product_name": "Blackberries - Frozen Fresh", "product_brand": "Delishh", "combo": []}, {"category": "Gourmet & World Food", "sub_category_name": "Cooking & Baking Needs", "product_name": "Blueberries - Frozen Fresh", "product_brand": "Delishh", "combo": []}, {"category": "Gourmet & World Food", "sub_category_name": "Cooking & Baking Needs", "product_name": "Raspberries - Frozen Fresh", "product_brand": "Delishh", "combo": []}, {"category": "Gourmet & World Food", "sub_category_name": "Cooking & Baking Needs", "product_name": "Strawberries - Frozen Fresh", "product_brand": "Delishh", "combo": []}, {"category": "Gourmet & World Food", "sub_category_name": "Cooking & Baking Needs", "product_name": "Daal Poori Atta", "product_brand": "Graminway", "combo": []}, {"category": "Gourmet & World Food", "sub_category_name": "Cooking & Baking Needs", "product_name": "Organic White Quinoa", "product_brand": "Nourish You", "combo": []}, {"category": "Gourmet & World Food", "sub_category_name": "Cooking & Baking Needs", "product_name": "Quinoa - White", "product_brand": "Nutrashil", "combo": []}, {"category": "Gourmet & World Food", "sub_category_name": "Cooking & Baking Needs", "product_name": "Malt - Multi Millet, Sprouted", "product_brand": "Dhatu Organics & Naturals", "combo": []}, {"category": "Gourmet & World Food", "sub_category_name": "Cooking & Baking Needs", "product_name": "Salt - Himalayan, Crystal Pink", "product_brand": "Dhatu Organics & Naturals", "combo": []}, {"category": "Gourmet & World Food", "sub_category_name": "Cooking & Baking Needs", "product_name": "Organic Mixed Millet Flour", "product_brand": "Dhatu Organics & Naturals", "combo": []}, {"category": "Gourmet & World Food", "sub_category_name": "Cooking & Baking Needs", "product_name": "Coconut Milk - 17-19%", "product_brand": "Real Thai", "combo": []}, {"category": "Gourmet & World Food", "sub_category_name": "Cooking & Baking Needs", "product_name": "Black Chana Atta - Sattu", "product_brand": "Nutty Yogi", "combo": []}, {"category": "Gourmet & World Food", "sub_category_name": "Cooking & Baking Needs", "product_name": "Herbs - Chilli Flakes", "product_brand": "The Spice Club", "combo": []}, {"category": "Gourmet & World Food", "sub_category_name": "Cooking & Baking Needs", "product_name": "Dosa Mix - Organic Sprouted Multi Pulse", "product_brand": "Dhatu Organics & Naturals", "combo": []}, {"category": "Gourmet & World Food", "sub_category_name": "Cooking & Baking Needs", "product_name": "Powder - Organic Cinnamon", "product_brand": "Dhatu Organics & Naturals", "combo": []}, {"category": "Gourmet & World Food", "sub_category_name": "Cooking & Baking Needs", "product_name": "Rajgira Ke Atta - Gluten Free", "product_brand": "Graminway", "combo": []}, {"category": "Gourmet & World Food", "sub_category_name": "Cooking & Baking Needs", "product_name": "Powder - Organic Dry Ginger", "product_brand": "Dhatu Organics & Naturals", "combo": []}, {"category": "Gourmet & World Food", "sub_category_name": "Cooking & Baking Needs", "product_name": "Artificial Food Essence - Pineapple", "product_brand": "Flying Bird", "combo": []}, {"category": "Gourmet & World Food", "sub_category_name": "Cooking & Baking Needs", "product_name": "Artificial Food Essence - Kewra", "product_brand": "Flying Bird", "combo": []}, {"category": "Gourmet & World Food", "sub_category_name": "Cooking & Baking Needs", "product_name": "Artificial Food Essence - White Rose", "product_brand": "Flying Bird", "combo": []}, {"category": "Gourmet & World Food", "sub_category_name": "Cooking & Baking Needs", "product_name": "Blackberries - Frozen Fresh", "product_brand": "Delishh", "combo": []}, {"category": "Gourmet & World Food", "sub_category_name": "Cooking & Baking Needs", "product_name": "Blueberries - Frozen Fresh", "product_brand": "Delishh", "combo": []}, {"category": "Gourmet & World Food", "sub_category_name": "Cooking & Baking Needs", "product_name": "Raspberries - Frozen Fresh", "product_brand": "Delishh", "combo": []}, {"category": "Gourmet & World Food", "sub_category_name": "Cooking & Baking Needs", "product_name": "Strawberries - Frozen Fresh", "product_brand": "Delishh", "combo": []}, {"category": "Gourmet & World Food", "sub_category_name": "Cooking & Baking Needs", "product_name": "Daal Poori Atta", "product_brand": "Graminway", "combo": []}, {"category": "Gourmet & World Food", "sub_category_name": "Cooking & Baking Needs", "product_name": "Organic White Quinoa", "product_brand": "Nourish You", "combo": []}, {"category": "Gourmet & World Food", "sub_category_name": "Cooking & Baking Needs", "product_name": "Quinoa - White", "product_brand": "Nutrashil", "combo": []}, {"category": "Gourmet & World Food", "sub_category_name": "Cooking & Baking Needs", "product_name": "Malt - Multi Millet, Sprouted", "product_brand": "Dhatu Organics & Naturals", "combo": []}, {"category": "Gourmet & World Food", "sub_category_name": "Cooking & Baking Needs", "product_name": "Salt - Himalayan, Crystal Pink", "product_brand": "Dhatu Organics & Naturals", "combo": []}, {"category": "Gourmet & World Food", "sub_category_name": "Cooking & Baking Needs", "product_name": "Organic Mixed Millet Flour", "product_brand": "Dhatu Organics & Naturals", "combo": []}, {"category": "Gourmet & World Food", "sub_category_name": "Cooking & Baking Needs", "product_name": "Grinder - Pink Salt", "product_brand": "On1y", "combo": [["100 g", "99.00"], ["2x100 g", "198.00"]]}, {"category": "Gourmet & World Food", "sub_category_name": "Cooking & Baking Needs", "product_name": "Gluten Free - Quinoa, Semi Processed", "product_brand": "True Elements", "combo": []}, {"category": "Gourmet & World Food", "sub_category_name": "Cooking & Baking Needs", "product_name": "Tom Yum Paste", "product_brand": "Real Thai", "combo": []}, {"category": "Gourmet & World Food", "sub_category_name": "Cooking & Baking Needs", "product_name": "Red Curry Paste", "product_brand": "Real Thai", "combo": []}, {"category": "Gourmet & World Food", "sub_category_name": "Cooking & Baking Needs", "product_name": "Rosemary", "product_brand": "On1y", "combo": [["2x28 g", "198.00"], ["28 g", "99.00"]]}, {"category": "Gourmet & World Food", "sub_category_name": "Cooking & Baking Needs", "product_name": "Tom Kha Paste", "product_brand": "Real Thai", "combo": []}, {"category": "Gourmet & World Food", "sub_category_name": "Cooking & Baking Needs", "product_name": "Yellow Curry Paste", "product_brand": "Real Thai", "combo": []}, {"category": "Gourmet & World Food", "sub_category_name": "Cooking & Baking Needs", "product_name": "Red Curry Paste", "product_brand": "Real Thai", "combo": [["400 g", "235.00"], ["227 g", "215.00"]]}, {"category": "Gourmet & World Food", "sub_category_name": "Cooking & Baking Needs", "product_name": "Almond Flour", "product_brand": "Nutrashil", "combo": []}, {"category": "Gourmet & World Food", "sub_category_name": "Cooking & Baking Needs", "product_name": "Quinoa Flour", "product_brand": "Nutrashil", "combo": []}, {"category": "Gourmet & World Food", "sub_category_name": "Cooking & Baking Needs", "product_name": "Flour - High Protein, Gluten Free", "product_brand": "Earthspired", "combo": []}, {"category": "Gourmet & World Food", "sub_category_name": "Cooking & Baking Needs", "product_name": "Piri-Piri Seasoning", "product_brand": "On1y", "combo": []}, {"category": "Gourmet & World Food", "sub_category_name": "Cooking & Baking Needs", "product_name": "Pasta Seasoning", "product_brand": "On1y", "combo": []}, {"category": "Gourmet & World Food", "sub_category_name": "Cooking & Baking Needs", "product_name": "Pizza Seasoning", "product_brand": "On1y", "combo": []}, {"category": "Gourmet & World Food", "sub_category_name": "Cooking & Baking Needs", "product_name": "Cinnamon Powder", "product_brand": "On1y", "combo": []}, {"category": "Gourmet & World Food", "sub_category_name": "Cooking & Baking Needs", "product_name": "Cardamom Seed Powder", "product_brand": "On1y", "combo": []}, {"category": "Gourmet & World Food", "sub_category_name": "Cooking & Baking Needs", "product_name": "Gluten Free Flour/Atta", "product_brand": "Dr. Schar", "combo": []}, {"category": "Gourmet & World Food", "sub_category_name": "Cooking & Baking Needs", "product_name": "Masala Poori Atta", "product_brand": "Graminway", "combo": []}, {"category": "Gourmet & World Food", "sub_category_name": "Cooking & Baking Needs", "product_name": "Artificial Food Essence - Shahi Biryani", "product_brand": "Flying Bird", "combo": []}, {"category": "Gourmet & World Food", "sub_category_name": "Cooking & Baking Needs", "product_name": "Strawberry Demerara Sugar", "product_brand": "Thoa", "combo": []}, {"category": "Gourmet & World Food", "sub_category_name": "Cooking & Baking Needs", "product_name": "Grinder - Pink Salt", "product_brand": "On1y", "combo": [["100 g", "99.00"], ["2x100 g", "198.00"]]}, {"category": "Gourmet & World Food", "sub_category_name": "Cooking & Baking Needs", "product_name": "Gluten Free - Quinoa, Semi Processed", "product_brand": "True Elements", "combo": []}, {"category": "Gourmet & World Food", "sub_category_name": "Cooking & Baking Needs", "product_name": "Tom Yum Paste", "product_brand": "Real Thai", "combo": []}, {"category": "Gourmet & World Food", "sub_category_name": "Cooking & Baking Needs", "product_name": "Red Curry Paste", "product_brand": "Real Thai", "combo": []}, {"category": "Gourmet & World Food", "sub_category_name": "Cooking & Baking Needs", "product_name": "Rosemary", "product_brand": "On1y", "combo": [["2x28 g", "198.00"], ["28 g", "99.00"]]}, {"category": "Gourmet & World Food", "sub_category_name": "Cooking & Baking Needs", "product_name": "Tom Kha Paste", "product_brand": "Real Thai", "combo": []}, {"category": "Gourmet & World Food", "sub_category_name": "Cooking & Baking Needs", "product_name": "Yellow Curry Paste", "product_brand": "Real Thai", "combo": []}, {"category": "Gourmet & World Food", "sub_category_name": "Cooking & Baking Needs", "product_name": "Red Curry Paste", "product_brand": "Real Thai", "combo": [["400 g", "235.00"], ["227 g", "215.00"]]}, {"category": "Gourmet & World Food", "sub_category_name": "Cooking & Baking Needs", "product_name": "Almond Flour", "product_brand": "Nutrashil", "combo": []}, {"category": "Gourmet & World Food", "sub_category_name": "Cooking & Baking Needs", "product_name": "Quinoa Flour", "product_brand": "Nutrashil", "combo": []}, {"category": "Gourmet & World Food", "sub_category_name": "Cooking & Baking Needs", "product_name": "Flour - High Protein, Gluten Free", "product_brand": "Earthspired", "combo": []}, {"category": "Gourmet & World Food", "sub_category_name": "Cooking & Baking Needs", "product_name": "Piri-Piri Seasoning", "product_brand": "On1y", "combo": []}, {"category": "Gourmet & World Food", "sub_category_name": "Cooking & Baking Needs", "product_name": "Pasta Seasoning", "product_brand": "On1y", "combo": []}, {"category": "Gourmet & World Food", "sub_category_name": "Cooking & Baking Needs", "product_name": "Pizza Seasoning", "product_brand": "On1y", "combo": []}, {"category": "Gourmet & World Food", "sub_category_name": "Cooking & Baking Needs", "product_name": "Cinnamon Powder", "product_brand": "On1y", "combo": []}, {"category": "Gourmet & World Food", "sub_category_name": "Cooking & Baking Needs", "product_name": "Cardamom Seed Powder", "product_brand": "On1y", "combo": []}, {"category": "Gourmet & World Food", "sub_category_name": "Cooking & Baking Needs", "product_name": "Gluten Free Flour/Atta", "product_brand": "Dr. Schar", "combo": []}, {"category": "Gourmet & World Food", "sub_category_name": "Cooking & Baking Needs", "product_name": "Masala Poori Atta", "product_brand": "Graminway", "combo": []}, {"category": "Gourmet & World Food", "sub_category_name": "Cooking & Baking Needs", "product_name": "Artificial Food Essence - Shahi Biryani", "product_brand": "Flying Bird", "combo": []}, {"category": "Gourmet & World Food", "sub_category_name": "Cooking & Baking Needs", "product_name": "Strawberry Demerara Sugar", "product_brand": "Thoa", "combo": []}, {"category": "Gourmet & World Food", "sub_category_name": "Cooking & Baking Needs", "product_name": "Breadcrumbs Panko", "product_brand": "Abbies", "combo": []}, {"category": "Gourmet & World Food", "sub_category_name": "Cooking & Baking Needs", "product_name": "Black Pepper", "product_brand": "Salz & Aroma", "combo": []}, {"category": "Gourmet & World Food", "sub_category_name": "Cooking & Baking Needs", "product_name": "Nutmeg Powder", "product_brand": "Salz & Aroma", "combo": []}, {"category": "Gourmet & World Food", "sub_category_name": "Cooking & Baking Needs", "product_name": "Star Anise", "product_brand": "Salz & Aroma", "combo": []}, {"category": "Gourmet & World Food", "sub_category_name": "Cooking & Baking Needs", "product_name": "Red Chilly Flakes", "product_brand": "Salz & Aroma", "combo": []}, {"category": "Gourmet & World Food", "sub_category_name": "Cooking & Baking Needs", "product_name": "Rosemary", "product_brand": "Salz & Aroma", "combo": []}, {"category": "Gourmet & World Food", "sub_category_name": "Cooking & Baking Needs", "product_name": "Little Millet Khichadi Mix - Gluten Free", "product_brand": "Graminway", "combo": []}, {"category": "Gourmet & World Food", "sub_category_name": "Cooking & Baking Needs", "product_name": "Tapioca Atta - Gluten Free", "product_brand": "Graminway", "combo": []}, {"category": "Gourmet & World Food", "sub_category_name": "Cooking & Baking Needs", "product_name": "Curry Paste - Red", "product_brand": "Pantai", "combo": []}, {"category": "Gourmet & World Food", "sub_category_name": "Cooking & Baking Needs", "product_name": "Cous Cous", "product_brand": "Agnesh", "combo": []}, {"category": "Gourmet & World Food", "sub_category_name": "Cooking & Baking Needs", "product_name": "Pancake Mix", "product_brand": "American Pancake Co.", "combo": []}, {"category": "Gourmet & World Food", "sub_category_name": "Cooking & Baking Needs", "product_name": "Tapioca Flour", "product_brand": "Bobs Red Mill", "combo": []}, {"category": "Gourmet & World Food", "sub_category_name": "Cooking & Baking Needs", "product_name": "Artificial Food Essence - Chocolate", "product_brand": "Flying Bird", "combo": []}, {"category": "Gourmet & World Food", "sub_category_name": "Cooking & Baking Needs", "product_name": "Buckwheat Flour", "product_brand": "GoodDiet", "combo": []}, {"category": "Gourmet & World Food", "sub_category_name": "Cooking & Baking Needs", "product_name": "Buckwheat Seed", "product_brand": "GoodDiet", "combo": []}, {"category": "Gourmet & World Food", "sub_category_name": "Cooking & Baking Needs", "product_name": "Cheela Mix - Multi Millet, Gluten Free", "product_brand": "Nutty Yogi", "combo": []}, {"category": "Gourmet & World Food", "sub_category_name": "Cooking & Baking Needs", "product_name": "Flax Seed Chutney Powder", "product_brand": "The Spice Club", "combo": []}, {"category": "Gourmet & World Food", "sub_category_name": "Cooking & Baking Needs", "product_name": "Herbs - Oregano", "product_brand": "The Spice Club", "combo": []}, {"category": "Gourmet & World Food", "sub_category_name": "Cooking & Baking Needs", "product_name": "Black Salt", "product_brand": "The Spice Club", "combo": []}, {"category": "Gourmet & World Food", "sub_category_name": "Cooking & Baking Needs", "product_name": "Red Onion Powder", "product_brand": "The Spice Club", "combo": []}, {"category": "Gourmet & World Food", "sub_category_name": "Cooking & Baking Needs", "product_name": "Grinder - Pink Salt", "product_brand": "On1y", "combo": [["100 g", "99.00"], ["2x100 g", "198.00"]]}, {"category": "Gourmet & World Food", "sub_category_name": "Cooking & Baking Needs", "product_name": "Gluten Free - Quinoa, Semi Processed", "product_brand": "True Elements", "combo": []}, {"category": "Gourmet & World Food", "sub_category_name": "Cooking & Baking Needs", "product_name": "Tom Yum Paste", "product_brand": "Real Thai", "combo": []}, {"category": "Gourmet & World Food", "sub_category_name": "Cooking & Baking Needs", "product_name": "Red Curry Paste", "product_brand": "Real Thai", "combo": []}, {"category": "Gourmet & World Food", "sub_category_name": "Cooking & Baking Needs", "product_name": "Rosemary", "product_brand": "On1y", "combo": [["2x28 g", "198.00"], ["28 g", "99.00"]]}, {"category": "Gourmet & World Food", "sub_category_name": "Cooking & Baking Needs", "product_name": "Tom Kha Paste", "product_brand": "Real Thai", "combo": []}, {"category": "Gourmet & World Food", "sub_category_name": "Cooking & Baking Needs", "product_name": "Yellow Curry Paste", "product_brand": "Real Thai", "combo": []}, {"category": "Gourmet & World Food", "sub_category_name": "Cooking & Baking Needs", "product_name": "Red Curry Paste", "product_brand": "Real Thai", "combo": [["400 g", "235.00"], ["227 g", "215.00"]]}, {"category": "Gourmet & World Food", "sub_category_name": "Cooking & Baking Needs", "product_name": "Almond Flour", "product_brand": "Nutrashil", "combo": []}, {"category": "Gourmet & World Food", "sub_category_name": "Cooking & Baking Needs", "product_name": "Quinoa Flour", "product_brand": "Nutrashil", "combo": []}, {"category": "Gourmet & World Food", "sub_category_name": "Cooking & Baking Needs", "product_name": "Flour - High Protein, Gluten Free", "product_brand": "Earthspired", "combo": []}, {"category": "Gourmet & World Food", "sub_category_name": "Cooking & Baking Needs", "product_name": "Piri-Piri Seasoning", "product_brand": "On1y", "combo": []}, {"category": "Gourmet & World Food", "sub_category_name": "Cooking & Baking Needs", "product_name": "Pasta Seasoning", "product_brand": "On1y", "combo": []}, {"category": "Gourmet & World Food", "sub_category_name": "Cooking & Baking Needs", "product_name": "Pizza Seasoning", "product_brand": "On1y", "combo": []}, {"category": "Gourmet & World Food", "sub_category_name": "Cooking & Baking Needs", "product_name": "Cinnamon Powder", "product_brand": "On1y", "combo": []}, {"category": "Gourmet & World Food", "sub_category_name": "Cooking & Baking Needs", "product_name": "Cardamom Seed Powder", "product_brand": "On1y", "combo": []}, {"category": "Gourmet & World Food", "sub_category_name": "Cooking & Baking Needs", "product_name": "Gluten Free Flour/Atta", "product_brand": "Dr. Schar", "combo": []}, {"category": "Gourmet & World Food", "sub_category_name": "Cooking & Baking Needs", "product_name": "Masala Poori Atta", "product_brand": "Graminway", "combo": []}, {"category": "Gourmet & World Food", "sub_category_name": "Cooking & Baking Needs", "product_name": "Artificial Food Essence - Shahi Biryani", "product_brand": "Flying Bird", "combo": []}, {"category": "Gourmet & World Food", "sub_category_name": "Cooking & Baking Needs", "product_name": "Strawberry Demerara Sugar", "product_brand": "Thoa", "combo": []}, {"category": "Gourmet & World Food", "sub_category_name": "Cooking & Baking Needs", "product_name": "Grinder - Pink Salt", "product_brand": "On1y", "combo": [["100 g", "99.00"], ["2x100 g", "198.00"]]}, {"category": "Gourmet & World Food", "sub_category_name": "Cooking & Baking Needs", "product_name": "Gluten Free - Quinoa, Semi Processed", "product_brand": "True Elements", "combo": []}, {"category": "Gourmet & World Food", "sub_category_name": "Cooking & Baking Needs", "product_name": "Tom Yum Paste", "product_brand": "Real Thai", "combo": []}, {"category": "Gourmet & World Food", "sub_category_name": "Cooking & Baking Needs", "product_name": "Red Curry Paste", "product_brand": "Real Thai", "combo": []}, {"category": "Gourmet & World Food", "sub_category_name": "Cooking & Baking Needs", "product_name": "Rosemary", "product_brand": "On1y", "combo": [["2x28 g", "198.00"], ["28 g", "99.00"]]}, {"category": "Gourmet & World Food", "sub_category_name": "Cooking & Baking Needs", "product_name": "Tom Kha Paste", "product_brand": "Real Thai", "combo": []}, {"category": "Gourmet & World Food", "sub_category_name": "Cooking & Baking Needs", "product_name": "Yellow Curry Paste", "product_brand": "Real Thai", "combo": []}, {"category": "Gourmet & World Food", "sub_category_name": "Cooking & Baking Needs", "product_name": "Red Curry Paste", "product_brand": "Real Thai", "combo": [["400 g", "235.00"], ["227 g", "215.00"]]}, {"category": "Gourmet & World Food", "sub_category_name": "Cooking & Baking Needs", "product_name": "Almond Flour", "product_brand": "Nutrashil", "combo": []}, {"category": "Gourmet & World Food", "sub_category_name": "Cooking & Baking Needs", "product_name": "Quinoa Flour", "product_brand": "Nutrashil", "combo": []}, {"category": "Gourmet & World Food", "sub_category_name": "Cooking & Baking Needs", "product_name": "Flour - High Protein, Gluten Free", "product_brand": "Earthspired", "combo": []}, {"category": "Gourmet & World Food", "sub_category_name": "Cooking & Baking Needs", "product_name": "Piri-Piri Seasoning", "product_brand": "On1y", "combo": []}, {"category": "Gourmet & World Food", "sub_category_name": "Cooking & Baking Needs", "product_name": "Pasta Seasoning", "product_brand": "On1y", "combo": []}, {"category": "Gourmet & World Food", "sub_category_name": "Cooking & Baking Needs", "product_name": "Pizza Seasoning", "product_brand": "On1y", "combo": []}, {"category": "Gourmet & World Food", "sub_category_name": "Cooking & Baking Needs", "product_name": "Cinnamon Powder", "product_brand": "On1y", "combo": []}, {"category": "Gourmet & World Food", "sub_category_name": "Cooking & Baking Needs", "product_name": "Cardamom Seed Powder", "product_brand": "On1y", "combo": []}, {"category": "Gourmet & World Food", "sub_category_name": "Cooking & Baking Needs", "product_name": "Gluten Free Flour/Atta", "product_brand": "Dr. Schar", "combo": []}, {"category": "Gourmet & World Food", "sub_category_name": "Cooking & Baking Needs", "product_name": "Masala Poori Atta", "product_brand": "Graminway", "combo": []}, {"category": "Gourmet & World Food", "sub_category_name": "Cooking & Baking Needs", "product_name": "Artificial Food Essence - Shahi Biryani", "product_brand": "Flying Bird", "combo": []}, {"category": "Gourmet & World Food", "sub_category_name": "Cooking & Baking Needs", "product_name": "Strawberry Demerara Sugar", "product_brand": "Thoa", "combo": []}, {"category": "Gourmet & World Food", "sub_category_name": "Cooking & Baking Needs", "product_name": "Grinder - Pink Salt", "product_brand": "On1y", "combo": [["100 g", "99.00"], ["2x100 g", "198.00"]]}, {"category": "Gourmet & World Food", "sub_category_name": "Cooking & Baking Needs", "product_name": "Gluten Free - Quinoa, Semi Processed", "product_brand": "True Elements", "combo": []}, {"category": "Gourmet & World Food", "sub_category_name": "Cooking & Baking Needs", "product_name": "Tom Yum Paste", "product_brand": "Real Thai", "combo": []}, {"category": "Gourmet & World Food", "sub_category_name": "Cooking & Baking Needs", "product_name": "Red Curry Paste", "product_brand": "Real Thai", "combo": []}, {"category": "Gourmet & World Food", "sub_category_name": "Cooking & Baking Needs", "product_name": "Rosemary", "product_brand": "On1y", "combo": [["2x28 g", "198.00"], ["28 g", "99.00"]]}, {"category": "Gourmet & World Food", "sub_category_name": "Cooking & Baking Needs", "product_name": "Tom Kha Paste", "product_brand": "Real Thai", "combo": []}, {"category": "Gourmet & World Food", "sub_category_name": "Cooking & Baking Needs", "product_name": "Yellow Curry Paste", "product_brand": "Real Thai", "combo": []}, {"category": "Gourmet & World Food", "sub_category_name": "Cooking & Baking Needs", "product_name": "Red Curry Paste", "product_brand": "Real Thai", "combo": [["400 g", "235.00"], ["227 g", "215.00"]]}, {"category": "Gourmet & World Food", "sub_category_name": "Cooking & Baking Needs", "product_name": "Almond Flour", "product_brand": "Nutrashil", "combo": []}, {"category": "Gourmet & World Food", "sub_category_name": "Cooking & Baking Needs", "product_name": "Quinoa Flour", "product_brand": "Nutrashil", "combo": []}, {"category": "Gourmet & World Food", "sub_category_name": "Cooking & Baking Needs", "product_name": "Flour - High Protein, Gluten Free", "product_brand": "Earthspired", "combo": []}, {"category": "Gourmet & World Food", "sub_category_name": "Cooking & Baking Needs", "product_name": "Piri-Piri Seasoning", "product_brand": "On1y", "combo": []}, {"category": "Gourmet & World Food", "sub_category_name": "Cooking & Baking Needs", "product_name": "Pasta Seasoning", "product_brand": "On1y", "combo": []}, {"category": "Gourmet & World Food", "sub_category_name": "Cooking & Baking Needs", "product_name": "Pizza Seasoning", "product_brand": "On1y", "combo": []}, {"category": "Gourmet & World Food", "sub_category_name": "Cooking & Baking Needs", "product_name": "Cinnamon Powder", "product_brand": "On1y", "combo": []}, {"category": "Gourmet & World Food", "sub_category_name": "Cooking & Baking Needs", "product_name": "Cardamom Seed Powder", "product_brand": "On1y", "combo": []}, {"category": "Gourmet & World Food", "sub_category_name": "Cooking & Baking Needs", "product_name": "Gluten Free Flour/Atta", "product_brand": "Dr. Schar", "combo": []}, {"category": "Gourmet & World Food", "sub_category_name": "Cooking & Baking Needs", "product_name": "Masala Poori Atta", "product_brand": "Graminway", "combo": []}, {"category": "Gourmet & World Food", "sub_category_name": "Cooking & Baking Needs", "product_name": "Artificial Food Essence - Shahi Biryani", "product_brand": "Flying Bird", "combo": []}, {"category": "Gourmet & World Food", "sub_category_name": "Cooking & Baking Needs", "product_name": "Strawberry Demerara Sugar", "product_brand": "Thoa", "combo": []}, {"category": "Gourmet & World Food", "sub_category_name": "Cooking & Baking Needs", "product_name": "Grinder - Pink Salt", "product_brand": "On1y", "combo": [["100 g", "99.00"], ["2x100 g", "198.00"]]}, {"category": "Gourmet & World Food", "sub_category_name": "Cooking & Baking Needs", "product_name": "Gluten Free - Quinoa, Semi Processed", "product_brand": "True Elements", "combo": []}, {"category": "Gourmet & World Food", "sub_category_name": "Cooking & Baking Needs", "product_name": "Tom Yum Paste", "product_brand": "Real Thai", "combo": []}, {"category": "Gourmet & World Food", "sub_category_name": "Cooking & Baking Needs", "product_name": "Red Curry Paste", "product_brand": "Real Thai", "combo": []}, {"category": "Gourmet & World Food", "sub_category_name": "Cooking & Baking Needs", "product_name": "Rosemary", "product_brand": "On1y", "combo": [["2x28 g", "198.00"], ["28 g", "99.00"]]}, {"category": "Gourmet & World Food", "sub_category_name": "Cooking & Baking Needs", "product_name": "Tom Kha Paste", "product_brand": "Real Thai", "combo": []}, {"category": "Gourmet & World Food", "sub_category_name": "Cooking & Baking Needs", "product_name": "Yellow Curry Paste", "product_brand": "Real Thai", "combo": []}, {"category": "Gourmet & World Food", "sub_category_name": "Cooking & Baking Needs", "product_name": "Red Curry Paste", "product_brand": "Real Thai", "combo": [["400 g", "235.00"], ["227 g", "215.00"]]}, {"category": "Gourmet & World Food", "sub_category_name": "Cooking & Baking Needs", "product_name": "Almond Flour", "product_brand": "Nutrashil", "combo": []}, {"category": "Gourmet & World Food", "sub_category_name": "Cooking & Baking Needs", "product_name": "Quinoa Flour", "product_brand": "Nutrashil", "combo": []}, {"category": "Gourmet & World Food", "sub_category_name": "Cooking & Baking Needs", "product_name": "Flour - High Protein, Gluten Free", "product_brand": "Earthspired", "combo": []}, {"category": "Gourmet & World Food", "sub_category_name": "Cooking & Baking Needs", "product_name": "Piri-Piri Seasoning", "product_brand": "On1y", "combo": []}, {"category": "Gourmet & World Food", "sub_category_name": "Cooking & Baking Needs", "product_name": "Pasta Seasoning", "product_brand": "On1y", "combo": []}, {"category": "Gourmet & World Food", "sub_category_name": "Cooking & Baking Needs", "product_name": "Pizza Seasoning", "product_brand": "On1y", "combo": []}, {"category": "Gourmet & World Food", "sub_category_name": "Cooking & Baking Needs", "product_name": "Cinnamon Powder", "product_brand": "On1y", "combo": []}, {"category": "Gourmet & World Food", "sub_category_name": "Cooking & Baking Needs", "product_name": "Cardamom Seed Powder", "product_brand": "On1y", "combo": []}, {"category": "Gourmet & World Food", "sub_category_name": "Cooking & Baking Needs", "product_name": "Gluten Free Flour/Atta", "product_brand": "Dr. Schar", "combo": []}, {"category": "Gourmet & World Food", "sub_category_name": "Cooking & Baking Needs", "product_name": "Masala Poori Atta", "product_brand": "Graminway", "combo": []}, {"category": "Gourmet & World Food", "sub_category_name": "Cooking & Baking Needs", "product_name": "Artificial Food Essence - Shahi Biryani", "product_brand": "Flying Bird", "combo": []}, {"category": "Gourmet & World Food", "sub_category_name": "Cooking & Baking Needs", "product_name": "Strawberry Demerara Sugar", "product_brand": "Thoa", "combo": []}, {"category": "Gourmet & World Food", "sub_category_name": "Cooking & Baking Needs", "product_name": "Grinder - Pink Salt", "product_brand": "On1y", "combo": [["100 g", "99.00"], ["2x100 g", "198.00"]]}, {"category": "Gourmet & World Food", "sub_category_name": "Cooking & Baking Needs", "product_name": "Gluten Free - Quinoa, Semi Processed", "product_brand": "True Elements", "combo": []}, {"category": "Gourmet & World Food", "sub_category_name": "Cooking & Baking Needs", "product_name": "Tom Yum Paste", "product_brand": "Real Thai", "combo": []}, {"category": "Gourmet & World Food", "sub_category_name": "Cooking & Baking Needs", "product_name": "Red Curry Paste", "product_brand": "Real Thai", "combo": []}, {"category": "Gourmet & World Food", "sub_category_name": "Cooking & Baking Needs", "product_name": "Rosemary", "product_brand": "On1y", "combo": [["2x28 g", "198.00"], ["28 g", "99.00"]]}, {"category": "Gourmet & World Food", "sub_category_name": "Cooking & Baking Needs", "product_name": "Tom Kha Paste", "product_brand": "Real Thai", "combo": []}, {"category": "Gourmet & World Food", "sub_category_name": "Cooking & Baking Needs", "product_name": "Yellow Curry Paste", "product_brand": "Real Thai", "combo": []}, {"category": "Gourmet & World Food", "sub_category_name": "Cooking & Baking Needs", "product_name": "Red Curry Paste", "product_brand": "Real Thai", "combo": [["400 g", "235.00"], ["227 g", "215.00"]]}, {"category": "Gourmet & World Food", "sub_category_name": "Cooking & Baking Needs", "product_name": "Almond Flour", "product_brand": "Nutrashil", "combo": []}, {"category": "Gourmet & World Food", "sub_category_name": "Cooking & Baking Needs", "product_name": "Quinoa Flour", "product_brand": "Nutrashil", "combo": []}, {"category": "Gourmet & World Food", "sub_category_name": "Cooking & Baking Needs", "product_name": "Flour - High Protein, Gluten Free", "product_brand": "Earthspired", "combo": []}, {"category": "Gourmet & World Food", "sub_category_name": "Cooking & Baking Needs", "product_name": "Piri-Piri Seasoning", "product_brand": "On1y", "combo": []}, {"category": "Gourmet & World Food", "sub_category_name": "Cooking & Baking Needs", "product_name": "Pasta Seasoning", "product_brand": "On1y", "combo": []}, {"category": "Gourmet & World Food", "sub_category_name": "Cooking & Baking Needs", "product_name": "Pizza Seasoning", "product_brand": "On1y", "combo": []}, {"category": "Gourmet & World Food", "sub_category_name": "Cooking & Baking Needs", "product_name": "Cinnamon Powder", "product_brand": "On1y", "combo": []}, {"category": "Gourmet & World Food", "sub_category_name": "Cooking & Baking Needs", "product_name": "Cardamom Seed Powder", "product_brand": "On1y", "combo": []}, {"category": "Gourmet & World Food", "sub_category_name": "Cooking & Baking Needs", "product_name": "Gluten Free Flour/Atta", "product_brand": "Dr. Schar", "combo": []}, {"category": "Gourmet & World Food", "sub_category_name": "Cooking & Baking Needs", "product_name": "Masala Poori Atta", "product_brand": "Graminway", "combo": []}, {"category": "Gourmet & World Food", "sub_category_name": "Cooking & Baking Needs", "product_name": "Artificial Food Essence - Shahi Biryani", "product_brand": "Flying Bird", "combo": []}, {"category": "Gourmet & World Food", "sub_category_name": "Cooking & Baking Needs", "product_name": "Strawberry Demerara Sugar", "product_brand": "Thoa", "combo": []}]