[{"category": "Cleaning & Household", "sub_category_name": "All Purpose Cleaners", "product_name": "Disinfectant Toilet Cleaner Liquid, Original - Kills 99.9% Germs", "product_brand": "Harpic", "combo": [["500 ml", "86.00"], ["2x500 ml", "166.84"], ["1 L", "151.20"], ["2x1 L", "293.33"], ["3x1 L", "439.99"], ["200 ml", "35.34"], ["3X200 ml", "102.84"]]}, {"category": "Cleaning & Household", "sub_category_name": "All Purpose Cleaners", "product_name": "Disinfectant Surface & Floor Cleaner Liquid - Citrus, Kills 99.9% Germs", "product_brand": "Lizol", "combo": [["2 L", "325.80"], ["3x975 ml", "494.04"], ["975 ml", "164.68"], ["200 ml", "38.00"], ["2x500 ml", "164.34"], ["2x975 ml", "329.36"], ["500 ml", "82.17"]]}, {"category": "Cleaning & Household", "sub_category_name": "All Purpose Cleaners", "product_name": "Liquid Disinfectant for Multi-Purpose Germ Protection - Menthol Cool", "product_brand": "Dettol", "combo": [["200 ml", "98.00"], ["500 ml", "193.00"], ["2x500 ml", "386.00"]]}, {"category": "Cleaning & Household", "sub_category_name": "All Purpose Cleaners", "product_name": "Disinfectant Surface & Floor Cleaner Liquid - Floral, Kills 99.9% Germs", "product_brand": "Lizol", "combo": [["2 L", "325.80"], ["2x2 L", "651.60"], ["500 ml", "82.17"], ["3x975 ml", "494.04"], ["2x975 ml", "329.36"], ["975 ml", "164.68"]]}, {"category": "Cleaning & Household", "sub_category_name": "All Purpose Cleaners", "product_name": "Bathroom Cleaner - Lemon", "product_brand": "Harpic", "combo": [["2x1 L", "243.28"], ["500 ml", "80.40"], ["1 L", "125.40"], ["2x500 ml", "155.98"]]}, {"category": "Cleaning & Household", "sub_category_name": "All Purpose Cleaners", "product_name": "Harpic Power Plus Toilet Cleaner-Original 1 L + Lizol Surface Cleaner-Citrus 2 L", "product_brand": "bb Combo", "combo": []}, {"category": "Cleaning & Household", "sub_category_name": "All Purpose Cleaners", "product_name": "Harpic Disinfectant Toilet Cleaner Original200ml+Lizol Floor Cleaner Citrus200ml", "product_brand": "bb Combo", "combo": []}, {"category": "Cleaning & Household", "sub_category_name": "All Purpose Cleaners", "product_name": "Lizol Surface Cleaner-Floral 2 L + Harpic Power Plus Toilet Cleaner-Original 1 L", "product_brand": "bb Combo", "combo": []}, {"category": "Cleaning & Household", "sub_category_name": "All Purpose Cleaners", "product_name": "Super Saver Pack Toilet Cleaner Original, 500ml + Bathroom Cleaner Lemon, 500ml", "product_brand": "Harpic", "combo": []}, {"category": "Cleaning & Household", "sub_category_name": "All Purpose Cleaners", "product_name": "Bathroom Cleaner- Lemon + Power Plus Disinfectant Toilet Cleaner- Original (1 L)", "product_brand": "Harpic", "combo": []}, {"category": "Cleaning & Household", "sub_category_name": "All Purpose Cleaners", "product_name": "Original 1 ltr + Bathroom Cleaner Lemon 500 ml", "product_brand": "Harpic", "combo": []}, {"category": "Cleaning & Household", "sub_category_name": "All Purpose Cleaners", "product_name": "Disinfectant Toilet Cleaner Liquid - 1 L + Bathroom Cleaner Liquid - 500 ml", "product_brand": "Harpic", "combo": []}, {"category": "Cleaning & Household", "sub_category_name": "All Purpose Cleaners", "product_name": "Dranex Drain Cleaner", "product_brand": "Kiwi", "combo": [["375 g", "160.00"], ["50 g", "25.00"]]}, {"category": "Cleaning & Household", "sub_category_name": "All Purpose Cleaners", "product_name": "Disinfectant Floor Cleaner - Citrus, Kills 99.9% Germs", "product_brand": "BB Home", "combo": []}, {"category": "Cleaning & Household", "sub_category_name": "All Purpose Cleaners", "product_name": "Disinfectant Floor Cleaner Citrus 500 ml + Floor Cleaner Floral 500 ml", "product_brand": "Lizol", "combo": []}, {"category": "Cleaning & Household", "sub_category_name": "All Purpose Cleaners", "product_name": "Disinfectant Surface & Floor Cleaner Liquid [Citrus 975 ml + Floral 975 ml]", "product_brand": "Lizol", "combo": []}, {"category": "Cleaning & Household", "sub_category_name": "All Purpose Cleaners", "product_name": "Disinfectant Surface & Floor Cleaner Liquid [Citrus 2 L + Floral 2 L]", "product_brand": "Lizol", "combo": []}, {"category": "Cleaning & Household", "sub_category_name": "All Purpose Cleaners", "product_name": "Lizol Surface Cleaner- Citrus 500ml+Harpic Bathroom Cleaning Liquid- Lemon 500ml", "product_brand": "bb Combo", "combo": []}, {"category": "Cleaning & Household", "sub_category_name": "All Purpose Cleaners", "product_name": "Disinfectant Surface & Floor Cleaner Liquid - Lavender, Kills 99.9% Germs", "product_brand": "Lizol", "combo": [["500 ml", "93.00"], ["2x975 ml", "358.00"], ["975 ml", "179.00"]]}, {"category": "Cleaning & Household", "sub_category_name": "All Purpose Cleaners", "product_name": "Disinfectant Surface & Floor Cleaner Liquid [Citrus 975 ml + Lavender 975 ml]", "product_brand": "Lizol", "combo": []}, {"category": "Cleaning & Household", "sub_category_name": "All Purpose Cleaners", "product_name": "Disinfectant Surface & Floor Cleaner [Citrus + Floral & Lavender (Each 500 ml)]", "product_brand": "Lizol", "combo": []}, {"category": "Cleaning & Household", "sub_category_name": "All Purpose Cleaners", "product_name": "Disinfectant Surface & Floor Cleaner Liquid [Citrus 975 ml + Pine 975 ml]", "product_brand": "Lizol", "combo": []}, {"category": "Cleaning & Household", "sub_category_name": "All Purpose Cleaners", "product_name": "Dranex Drain Cleaner", "product_brand": "Mr Muscle", "combo": []}, {"category": "Cleaning & Household", "sub_category_name": "All Purpose Cleaners", "product_name": "Lizol Surface Cleaner - Citrus 975 ml + Scotch Brite Floor Cleaning Cloth 1 pc", "product_brand": "bb Combo", "combo": []}, {"category": "Cleaning & Household", "sub_category_name": "All Purpose Cleaners", "product_name": "Mop Bucket 360 Degree Spin with 2 Refills,Blue 1pc + Floor Cleaner-Citrus 500ml", "product_brand": "BB Home", "combo": []}, {"category": "Cleaning & Household", "sub_category_name": "All Purpose Cleaners", "product_name": "bb Home Floor Cleaner - Neem 500 ml + bb Home Floor Cleaner - Citrus 500 ml", "product_brand": "bb Combo", "combo": []}, {"category": "Cleaning & Household", "sub_category_name": "All Purpose Cleaners", "product_name": "Disinfectant Floor Cleaner, Floral 975ml + Floor Cleaner Liquid, Lavender 975ml", "product_brand": "Lizol", "combo": []}, {"category": "Cleaning & Household", "sub_category_name": "All Purpose Cleaners", "product_name": "Domex Toilet Cleaner Ocean Fresh 750ml+Surf Excel Matic Top Load Detergent 2kg", "product_brand": "bb Combo", "combo": []}, {"category": "Cleaning & Household", "sub_category_name": "All Purpose Cleaners", "product_name": "Hygienic Toilet Rim Block - Lavender", "product_brand": "Harpic", "combo": [["2x26 g", "137.64"], ["26 g", "68.82"], ["2x26 g", "133.51"]]}, {"category": "Cleaning & Household", "sub_category_name": "All Purpose Cleaners", "product_name": "Domex Toilet Cleaner Lime Fresh 750ml+Surf Excel Matic Front Load Detergent 2kg", "product_brand": "bb Combo", "combo": []}, {"category": "Cleaning & Household", "sub_category_name": "All Purpose Cleaners", "product_name": "Kitchen Cleaner", "product_brand": "Mr Muscle", "combo": []}, {"category": "Cleaning & Household", "sub_category_name": "All Purpose Cleaners", "product_name": "Bathroom Cleaner - Lemon 1 L + Toilet Cleaner - Bleach, White & Shine 500 ml", "product_brand": "Harpic", "combo": []}, {"category": "Cleaning & Household", "sub_category_name": "All Purpose Cleaners", "product_name": "Disinfectant Floor Cleaner, Floral 975 ml  + Floor Cleaner Liquid, Pine 975 ml", "product_brand": "Lizol", "combo": []}, {"category": "Cleaning & Household", "sub_category_name": "All Purpose Cleaners", "product_name": "Surface Disinfectant Spray Sanitiser - Germ Protection", "product_brand": "Savlon", "combo": [["2x170 g", "278.25"], ["170 g", "139.12"]]}, {"category": "Cleaning & Household", "sub_category_name": "All Purpose Cleaners", "product_name": "Disinfectant Floor Cleaner - Neem, Kills 99.9% Germs", "product_brand": "BB Home", "combo": []}, {"category": "Cleaning & Household", "sub_category_name": "All Purpose Cleaners", "product_name": "Disinfectant Toilet Cleaner - Original - Kills 99.9% Germs", "product_brand": "BB Home", "combo": [["1 L", "168.00"], ["500 ml", "86.00"]]}, {"category": "Cleaning & Household", "sub_category_name": "All Purpose Cleaners", "product_name": "Disinfectant Toilet Cleaner - Rose - Kills 99.9% Germs", "product_brand": "BB Home", "combo": [["1 L", "168.00"], ["500 ml", "86.00"]]}, {"category": "Cleaning & Household", "sub_category_name": "All Purpose Cleaners", "product_name": "Disinfectant Toilet Cleaner - Lemon - Kills 99.9% Germs", "product_brand": "BB Home", "combo": [["1 L", "168.00"], ["500 ml", "86.00"]]}, {"category": "Cleaning & Household", "sub_category_name": "All Purpose Cleaners", "product_name": "Floor Cleaner - Citrus", "product_brand": "Godrej Proclean", "combo": []}, {"category": "Cleaning & Household", "sub_category_name": "All Purpose Cleaners", "product_name": "Disinfectant Surface Cleaner - Lemon Kleen", "product_brand": "Florsafe +", "combo": [["2 L", "362.00"], ["975 ml", "189.00"]]}, {"category": "Cleaning & Household", "sub_category_name": "All Purpose Cleaners", "product_name": "Disinfectant Surface Cleaner - Rose Bloom", "product_brand": "Florsafe +", "combo": [["2 L", "362.00"], ["975 ml", "189.00"]]}, {"category": "Cleaning & Household", "sub_category_name": "All Purpose Cleaners", "product_name": "Disinfectant Surface Cleaner - Lavender Breeze", "product_brand": "Florsafe +", "combo": []}, {"category": "Cleaning & Household", "sub_category_name": "All Purpose Cleaners", "product_name": "Disinfectant Surface Cleaner - Lemongrass Twist", "product_brand": "Florsafe +", "combo": []}, {"category": "Cleaning & Household", "sub_category_name": "All Purpose Cleaners", "product_name": "HerboCleanse Fruit & Veggie Wash", "product_brand": "Dr. Vaidya's", "combo": []}, {"category": "Cleaning & Household", "sub_category_name": "All Purpose Cleaners", "product_name": "Disinfectant Spray", "product_brand": "Domex", "combo": []}, {"category": "Cleaning & Household", "sub_category_name": "All Purpose Cleaners", "product_name": "Toilet Seat Disinfectant Spray", "product_brand": "KeepSafe by Marico", "combo": []}, {"category": "Cleaning & Household", "sub_category_name": "All Purpose Cleaners", "product_name": "Multi Purpose Disinfectant Spray", "product_brand": "KeepSafe by Marico", "combo": [["90 ml", "161.25"], ["2x90 ml", "322.50"], ["3x90 ml", "483.75"]]}, {"category": "Cleaning & Household", "sub_category_name": "All Purpose Cleaners", "product_name": "Germ Kill Spray", "product_brand": "Morisons", "combo": []}, {"category": "Cleaning & Household", "sub_category_name": "All Purpose Cleaners", "product_name": "Bathroom Cleaner - Zesty Lemon", "product_brand": "TURIL", "combo": []}, {"category": "Cleaning & Household", "sub_category_name": "All Purpose Cleaners", "product_name": "Disinfectant Floor Cleaner", "product_brand": "Domex", "combo": []}, {"category": "Cleaning & Household", "sub_category_name": "All Purpose Cleaners", "product_name": "English Lavender Anti-Germ Spray", "product_brand": "Yardley London", "combo": []}, {"category": "Cleaning & Household", "sub_category_name": "All Purpose Cleaners", "product_name": "Disinfectant Spray", "product_brand": "Ciphands", "combo": [["300 ml", "224.00"], ["75 ml", "99.00"]]}, {"category": "Cleaning & Household", "sub_category_name": "All Purpose Cleaners", "product_name": "Proclean Floor Cleaner - Lavender", "product_brand": "Godrej", "combo": []}, {"category": "Cleaning & Household", "sub_category_name": "All Purpose Cleaners", "product_name": "No-Contact Disinfectant Spray", "product_brand": "Maxkleen", "combo": []}, {"category": "Cleaning & Household", "sub_category_name": "All Purpose Cleaners", "product_name": "Fruit & Vegetable Wash", "product_brand": "Giffy", "combo": []}, {"category": "Cleaning & Household", "sub_category_name": "All Purpose Cleaners", "product_name": "Double Concentrate Disinfectant Surface Cleaner - Citrus, Kills 99.9% Germs", "product_brand": "Lizol", "combo": []}, {"category": "Cleaning & Household", "sub_category_name": "All Purpose Cleaners", "product_name": "Laundry Sanitizer", "product_brand": "Lifebuoy", "combo": []}, {"category": "Cleaning & Household", "sub_category_name": "All Purpose Cleaners", "product_name": "Fruits & Vegetables Washing Liquid - Refill Pack", "product_brand": "Veggie Clean", "combo": []}, {"category": "Cleaning & Household", "sub_category_name": "All Purpose Cleaners", "product_name": "Food Safe Wipes", "product_brand": "Veggie Clean", "combo": []}, {"category": "Cleaning & Household", "sub_category_name": "All Purpose Cleaners", "product_name": "Fruits & Vegetables Washing Liquid - Refill Pack", "product_brand": "Veggie Clean", "combo": []}, {"category": "Cleaning & Household", "sub_category_name": "All Purpose Cleaners", "product_name": "Wall Stickable Pack", "product_brand": "Veg Fru Wash", "combo": []}, {"category": "Cleaning & Household", "sub_category_name": "All Purpose Cleaners", "product_name": "Detoxicating Vegetable and Fruit Wash", "product_brand": "Veg Fru Wash", "combo": []}, {"category": "Cleaning & Household", "sub_category_name": "All Purpose Cleaners", "product_name": "Disinfectant Surface Wipes - Kills 99.9% Germs & Bacteria, For Kitchen, Home & Travel, Alcohol Base", "product_brand": "Godrej Protekt", "combo": []}, {"category": "Cleaning & Household", "sub_category_name": "All Purpose Cleaners", "product_name": "Vegetable & Fruit Wash Spray", "product_brand": "Nimwash", "combo": [["2x450 ml", "260.00"], ["450 ml", "130.00"]]}, {"category": "Cleaning & Household", "sub_category_name": "All Purpose Cleaners", "product_name": "Sanitise Disinfectant Floor Cleaner", "product_brand": "Dabur", "combo": [["1 L", "117.80"], ["2 L", "201.60"]]}, {"category": "Cleaning & Household", "sub_category_name": "All Purpose Cleaners", "product_name": "Sanitize Multipurpose Surface Cleaner & Disinfectant", "product_brand": "Dabur", "combo": []}, {"category": "Cleaning & Household", "sub_category_name": "All Purpose Cleaners", "product_name": "Surface Disinfectant Spray", "product_brand": "Marico's House Protect", "combo": [["2x200 ml", "239.86"], ["200 ml", "119.93"], ["3x200 ml", "359.79"]]}, {"category": "Cleaning & Household", "sub_category_name": "All Purpose Cleaners", "product_name": "Sanitise Antiseptic Liquid", "product_brand": "Dabur", "combo": []}, {"category": "Cleaning & Household", "sub_category_name": "All Purpose Cleaners", "product_name": "Veggie Wash", "product_brand": "Dabur", "combo": [["2x500 ml", "260.10"], ["500 ml", "130.05"]]}, {"category": "Cleaning & Household", "sub_category_name": "All Purpose Cleaners", "product_name": "Multipurpose Disinfectant Liquid - Kills 99.9% Germs, Anti-bacterial, For Home & Personal Hygiene, Aqua Fragrance", "product_brand": "Godrej Protekt", "combo": []}, {"category": "Cleaning & Household", "sub_category_name": "All Purpose Cleaners", "product_name": "Multipurpose Disinfectant Liquid - Kills 99.9% Germs, Anti-bacterial, for Home & Personal Hygiene, Citrus Fragrance", "product_brand": "Godrej Protekt", "combo": []}, {"category": "Cleaning & Household", "sub_category_name": "All Purpose Cleaners", "product_name": "Surface Disinfectant Spray", "product_brand": "Marico's Travel Protect", "combo": [["200 ml", "119.93"], ["2x200 ml", "239.86"]]}, {"category": "Cleaning & Household", "sub_category_name": "All Purpose Cleaners", "product_name": "Vegetable & Fruit Wash", "product_brand": "BB Home", "combo": []}, {"category": "Cleaning & Household", "sub_category_name": "All Purpose Cleaners", "product_name": "Meat Wash", "product_brand": "Saafoo", "combo": []}, {"category": "Cleaning & Household", "sub_category_name": "All Purpose Cleaners", "product_name": "Vegetable & Fruit Wash", "product_brand": "Nimwash", "combo": [["2x1 L", "380.00"], ["500 ml", "99.00"], ["1 L", "190.00"]]}, {"category": "Cleaning & Household", "sub_category_name": "All Purpose Cleaners", "product_name": "Sanitize Air Sanitizer", "product_brand": "Dabur", "combo": []}, {"category": "Cleaning & Household", "sub_category_name": "All Purpose Cleaners", "product_name": "Veggies & Fruits Wash", "product_brand": "Saafoo", "combo": []}, {"category": "Cleaning & Household", "sub_category_name": "All Purpose Cleaners", "product_name": "Disinfectant Spray - Air & Surface Sanitizer, Kills 99.9% Germs & Bacteria, Alcohol Based, Aqua Fragrance", "product_brand": "Godrej Protekt", "combo": []}, {"category": "Cleaning & Household", "sub_category_name": "All Purpose Cleaners", "product_name": "ProClean Disinfectant Toilet Cleaner", "product_brand": "Godrej Proclean", "combo": [["500 ml", "86.00"], ["1 L", "168.00"]]}, {"category": "Cleaning & Household", "sub_category_name": "All Purpose Cleaners", "product_name": "Bathroom Cleaner", "product_brand": "Godrej Proclean", "combo": []}, {"category": "Cleaning & Household", "sub_category_name": "All Purpose Cleaners", "product_name": "Bathroom Cleaner - Zesty Lemon", "product_brand": "TURIL", "combo": []}, {"category": "Cleaning & Household", "sub_category_name": "All Purpose Cleaners", "product_name": "Disinfectant Floor Cleaner - Floral, Kills 99.9% Germs", "product_brand": "BB Home", "combo": []}, {"category": "Cleaning & Household", "sub_category_name": "All Purpose Cleaners", "product_name": "Joyo Pedal Dustbin - Assorted 7 lt + bb Home Floor Cleaner - Citrus 500 ml", "product_brand": "bb Combo", "combo": []}, {"category": "Cleaning & Household", "sub_category_name": "All Purpose Cleaners", "product_name": "Disinfectant Surface & Floor Cleaner Liquid [Floral 2 L + Pine 2 L]", "product_brand": "Lizol", "combo": []}, {"category": "Cleaning & Household", "sub_category_name": "All Purpose Cleaners", "product_name": "Liquid Disinfectant Cleaner for Home - Lime Fresh", "product_brand": "Dettol", "combo": [["500 ml", "165.02"], ["200 ml", "98.00"], ["1 L", "347.00"], ["2x500 ml", "330.04"]]}, {"category": "Cleaning & Household", "sub_category_name": "All Purpose Cleaners", "product_name": "Harpic Bathroom Cleaner - Lemon 1 L + Scotch Brite Jet Scrubber Brush 1 pc", "product_brand": "bb Combo", "combo": []}, {"category": "Cleaning & Household", "sub_category_name": "All Purpose Cleaners", "product_name": "Fresh Guard Ocean Fresh Disinfectant Toilet Cleaner", "product_brand": "Domex", "combo": [["2x750 ml", "170.00"], ["750 ml", "85.00"]]}, {"category": "Cleaning & Household", "sub_category_name": "All Purpose Cleaners", "product_name": "Multi Surface Disinfectant Spray", "product_brand": "Bacto-V", "combo": [["250 ml", "165.00"], ["180 ml", "120.00"]]}, {"category": "Cleaning & Household", "sub_category_name": "All Purpose Cleaners", "product_name": "Gadget Disinfectant - For Mobiles & Laptops", "product_brand": "Bacto-V", "combo": []}, {"category": "Cleaning & Household", "sub_category_name": "All Purpose Cleaners", "product_name": "Toilet Cleaner - Flushmatic, Aquamarine", "product_brand": "Harpic", "combo": [["3x100 g", "414.00"], ["2x100 g", "267.72"], ["100 g", "138.00"]]}, {"category": "Cleaning & Household", "sub_category_name": "All Purpose Cleaners", "product_name": "Disinfectant Bathroom Cleaning Liquid - Floral Fragrance, 3-In-1", "product_brand": "Harpic", "combo": [["2x500 ml", "176.54"], ["500 ml", "91.00"]]}, {"category": "Cleaning & Household", "sub_category_name": "All Purpose Cleaners", "product_name": "Toilet Cleaner Expert - Original", "product_brand": "Domex", "combo": [["500 ml", "85.00"], ["1 L", "120.00"]]}, {"category": "Cleaning & Household", "sub_category_name": "All Purpose Cleaners", "product_name": "Kitchen Cleaner - Power, Trigger", "product_brand": "Lizol", "combo": [["250 ml", "83.00"], ["450 ml", "136.00"]]}, {"category": "Cleaning & Household", "sub_category_name": "All Purpose Cleaners", "product_name": "Floor Cleaner", "product_brand": "Domex", "combo": [["1 L", "150.00"], ["500 ml", "88.35"]]}, {"category": "Cleaning & Household", "sub_category_name": "All Purpose Cleaners", "product_name": "Disinfectant Floor Cleaner - Pine, Kills 99.9% Germs", "product_brand": "BB Home", "combo": []}, {"category": "Cleaning & Household", "sub_category_name": "All Purpose Cleaners", "product_name": "Harpic Bathroom Cleaning Liquid-Floral 500ml+Scotch Brite Scrub Sponge Large 1pc", "product_brand": "bb Combo", "combo": []}, {"category": "Cleaning & Household", "sub_category_name": "All Purpose Cleaners", "product_name": "After Wash Liquid Laundry Sanitizer - Fresh Linen", "product_brand": "Dettol", "combo": [["960 ml", "290.00"], ["480 ml", "170.00"]]}, {"category": "Cleaning & Household", "sub_category_name": "All Purpose Cleaners", "product_name": "Toilet Cleaner - Ultra Shine", "product_brand": "SANIFRESH", "combo": []}, {"category": "Cleaning & Household", "sub_category_name": "All Purpose Cleaners", "product_name": "Floor Cleaner - Premium", "product_brand": "KLINOL", "combo": [["200 ml", "42.00"], ["500 ml", "102.00"], ["1 L", "199.00"]]}, {"category": "Cleaning & Household", "sub_category_name": "All Purpose Cleaners", "product_name": "Disinfectant Surface & Floor Cleaner Liquid - Citrus, Kills 99.9% Germs", "product_brand": "Lizol", "combo": []}, {"category": "Cleaning & Household", "sub_category_name": "All Purpose Cleaners", "product_name": "Disinfectant Surface & Floor Cleaner Liquid - Pine, Kills 99.9% Germs", "product_brand": "Lizol", "combo": [["975 ml", "179.00"], ["2x975 ml", "358.00"]]}, {"category": "Cleaning & Household", "sub_category_name": "All Purpose Cleaners", "product_name": "Bathroom Cleaning Spray - Extra Strong", "product_brand": "Harpic", "combo": [["2x400 ml", "280.00"], ["400 ml", "140.00"]]}, {"category": "Cleaning & Household", "sub_category_name": "All Purpose Cleaners", "product_name": "A Fruit And Vegetable Wash", "product_brand": "Veg Wash +", "combo": []}, {"category": "Cleaning & Household", "sub_category_name": "All Purpose Cleaners", "product_name": "Hygienic Toilet Cleaner Rim Block - Citrus", "product_brand": "Harpic", "combo": [["2x26 g", "143.56"], ["26 g", "74.00"]]}, {"category": "Cleaning & Household", "sub_category_name": "All Purpose Cleaners", "product_name": "Toilet Air Freshener - Lavender", "product_brand": "Odonil", "combo": []}, {"category": "Cleaning & Household", "sub_category_name": "All Purpose Cleaners", "product_name": "Disinfectant Toilet Cleaner Pro - Colour Changing Formula - Kills 99.9% germs", "product_brand": "BB Home", "combo": []}, {"category": "Cleaning & Household", "sub_category_name": "All Purpose Cleaners", "product_name": "Bathroom Cleaner - Power, Trigger", "product_brand": "Lizol", "combo": []}, {"category": "Cleaning & Household", "sub_category_name": "All Purpose Cleaners", "product_name": "Fresh Guard Lime Fresh Disinfectant Toilet Cleaner", "product_brand": "Domex", "combo": [["2x750 ml", "170.00"], ["750 ml", "85.00"]]}, {"category": "Cleaning & Household", "sub_category_name": "All Purpose Cleaners", "product_name": "Floor Cleaner - Citrus", "product_brand": "Mr Muscle", "combo": [["500 ml", "89.00"], ["1 L", "154.00"]]}, {"category": "Cleaning & Household", "sub_category_name": "All Purpose Cleaners", "product_name": "Flushmatic In-Cistern Toilet Cleaner - Aquamarine", "product_brand": "Harpic", "combo": [["2x(50 g x 3)", "372.48"], ["50 g", "192.00"]]}, {"category": "Cleaning & Household", "sub_category_name": "All Purpose Cleaners", "product_name": "Lizol Kitchen Cleaner - Power 450 ml + Scotch Brite Kitchen Gloves Medium 1 pc", "product_brand": "bb Combo", "combo": []}, {"category": "Cleaning & Household", "sub_category_name": "All Purpose Cleaners", "product_name": "Cistern Block - Flushmatic, Toilet In, Twin Pine", "product_brand": "Harpic", "combo": [["2x100 g", "267.72"], ["3x100 g", "414.00"], ["100 g", "138.00"], ["50 g", "74.00"]]}, {"category": "Cleaning & Household", "sub_category_name": "All Purpose Cleaners", "product_name": "Hygienic Toilet Cleaner Rim Block - Jasmine", "product_brand": "Harpic", "combo": [["2x26 g", "143.56"], ["26 g", "74.00"]]}, {"category": "Cleaning & Household", "sub_category_name": "All Purpose Cleaners", "product_name": "Glass Cleaner Liquid Refill Pack - Cleans Mirror, Car & Home Appliances", "product_brand": "Colin", "combo": []}, {"category": "Cleaning & Household", "sub_category_name": "All Purpose Cleaners", "product_name": "Fruits & Vegetables Washing Liquid", "product_brand": "Veggie Clean", "combo": [["200 ml", "69.00"], ["400 ml", "125.00"]]}, {"category": "Cleaning & Household", "sub_category_name": "All Purpose Cleaners", "product_name": "Floor Cleaner - Pine", "product_brand": "Jodax", "combo": []}, {"category": "Cleaning & Household", "sub_category_name": "All Purpose Cleaners", "product_name": "Toilet Cleaner Clinging Bleach Gel", "product_brand": "Clorox", "combo": []}, {"category": "Cleaning & Household", "sub_category_name": "All Purpose Cleaners", "product_name": "Rooperi - Silver Shine", "product_brand": "Pitambari", "combo": []}, {"category": "Cleaning & Household", "sub_category_name": "All Purpose Cleaners", "product_name": "Floor Cleaner - Neem", "product_brand": "Jodax", "combo": []}, {"category": "Cleaning & Household", "sub_category_name": "All Purpose Cleaners", "product_name": "Disinfectant Spray Active", "product_brand": "Lovin", "combo": []}, {"category": "Cleaning & Household", "sub_category_name": "All Purpose Cleaners", "product_name": "Disinfectant Surface Sanitizer", "product_brand": "Maxkleen", "combo": [["2 x 500 ml", "264.60"], ["500 ml", "135.00"]]}, {"category": "Cleaning & Household", "sub_category_name": "All Purpose Cleaners", "product_name": "Disinfectant Spray Active Plus", "product_brand": "Lovin", "combo": []}, {"category": "Cleaning & Household", "sub_category_name": "All Purpose Cleaners", "product_name": "IMPORTED - 3Ply Kitchen Towel Super Absorbent Paper Tissue Roll", "product_brand": "Selpak", "combo": [["6 Rolls", "570.00"], ["2x6 Rolls", "1140.00"]]}, {"category": "Cleaning & Household", "sub_category_name": "All Purpose Cleaners", "product_name": "Toilet Air Freshener - Rose", "product_brand": "Odonil", "combo": []}, {"category": "Cleaning & Household", "sub_category_name": "All Purpose Cleaners", "product_name": "Power Cleaner", "product_brand": "Colin", "combo": []}, {"category": "Cleaning & Household", "sub_category_name": "All Purpose Cleaners", "product_name": "Surface Cleaner - Cream Lemon", "product_brand": "Cif", "combo": [["250 ml", "90.00"], ["250 ml", "90.00"]]}, {"category": "Cleaning & Household", "sub_category_name": "All Purpose Cleaners", "product_name": "Bleach - Original", "product_brand": "Clorox", "combo": []}, {"category": "Cleaning & Household", "sub_category_name": "All Purpose Cleaners", "product_name": "Floor Cleaner - Rose", "product_brand": "Jodax", "combo": []}, {"category": "Cleaning & Household", "sub_category_name": "All Purpose Cleaners", "product_name": "Floor Cleaner cum Negative Energy Killer", "product_brand": "Vastu Shree Plus", "combo": []}, {"category": "Cleaning & Household", "sub_category_name": "All Purpose Cleaners", "product_name": "5-in-1 Toilet Cleaner", "product_brand": "Mr Muscle", "combo": []}, {"category": "Cleaning & Household", "sub_category_name": "All Purpose Cleaners", "product_name": "Toilet & Bathroom Cleaner - Triple Action", "product_brand": "Mr Muscle", "combo": []}, {"category": "Cleaning & Household", "sub_category_name": "All Purpose Cleaners", "product_name": "Floor Cleaner - Fresh Lemon", "product_brand": "TURIL", "combo": []}, {"category": "Cleaning & Household", "sub_category_name": "All Purpose Cleaners", "product_name": "Toilet Cleaner Fresh Scent", "product_brand": "Clorox", "combo": []}, {"category": "Cleaning & Household", "sub_category_name": "All Purpose Cleaners", "product_name": "Perfumed Floor Cleaner - Rose", "product_brand": "Glito", "combo": []}, {"category": "Cleaning & Household", "sub_category_name": "All Purpose Cleaners", "product_name": "Ultrashine Toilet Cleaner", "product_brand": "SANIFRESH", "combo": []}, {"category": "Cleaning & Household", "sub_category_name": "All Purpose Cleaners", "product_name": "Visible Power Toilet Cleaner", "product_brand": "Mr Muscle", "combo": []}, {"category": "Cleaning & Household", "sub_category_name": "All Purpose Cleaners", "product_name": "Floor Cleaner - Lavender", "product_brand": "Mr Muscle", "combo": [["500 ml", "89.00"], ["1 L", "154.00"]]}, {"category": "Cleaning & Household", "sub_category_name": "All Purpose Cleaners", "product_name": "Floor Cleaner - Floral Perfection", "product_brand": "Mr Muscle", "combo": [["500 ml", "89.00"], ["1 L", "154.00"]]}, {"category": "Cleaning & Household", "sub_category_name": "All Purpose Cleaners", "product_name": "Cistern Block - Flushmatic, Toilet In, Mono Aquamarine", "product_brand": "Harpic", "combo": [["50 g", "74.00"], ["3x50 g", "222.00"]]}, {"category": "Cleaning & Household", "sub_category_name": "All Purpose Cleaners", "product_name": "Floor Cleaner - Violet Meadows", "product_brand": "TURIL", "combo": []}, {"category": "Cleaning & Household", "sub_category_name": "All Purpose Cleaners", "product_name": "Disinfectant Surface Sanitizer", "product_brand": "Maxkleen", "combo": [["2 x 500 ml", "264.60"], ["500 ml", "135.00"]]}, {"category": "Cleaning & Household", "sub_category_name": "All Purpose Cleaners", "product_name": "Disinfectant Spray Active Plus", "product_brand": "Lovin", "combo": []}, {"category": "Cleaning & Household", "sub_category_name": "All Purpose Cleaners", "product_name": "IMPORTED - 3Ply Kitchen Towel Super Absorbent Paper Tissue Roll", "product_brand": "Selpak", "combo": [["6 Rolls", "570.00"], ["2x6 Rolls", "1140.00"]]}, {"category": "Cleaning & Household", "sub_category_name": "All Purpose Cleaners", "product_name": "Toilet Air Freshener - Rose", "product_brand": "Odonil", "combo": []}, {"category": "Cleaning & Household", "sub_category_name": "All Purpose Cleaners", "product_name": "Power Cleaner", "product_brand": "Colin", "combo": []}, {"category": "Cleaning & Household", "sub_category_name": "All Purpose Cleaners", "product_name": "Surface Cleaner - Cream Lemon", "product_brand": "Cif", "combo": [["250 ml", "90.00"], ["250 ml", "90.00"]]}, {"category": "Cleaning & Household", "sub_category_name": "All Purpose Cleaners", "product_name": "Bleach - Original", "product_brand": "Clorox", "combo": []}, {"category": "Cleaning & Household", "sub_category_name": "All Purpose Cleaners", "product_name": "Floor Cleaner - Rose", "product_brand": "Jodax", "combo": []}, {"category": "Cleaning & Household", "sub_category_name": "All Purpose Cleaners", "product_name": "Floor Cleaner cum Negative Energy Killer", "product_brand": "Vastu Shree Plus", "combo": []}, {"category": "Cleaning & Household", "sub_category_name": "All Purpose Cleaners", "product_name": "5-in-1 Toilet Cleaner", "product_brand": "Mr Muscle", "combo": []}, {"category": "Cleaning & Household", "sub_category_name": "All Purpose Cleaners", "product_name": "Toilet & Bathroom Cleaner - Triple Action", "product_brand": "Mr Muscle", "combo": []}, {"category": "Cleaning & Household", "sub_category_name": "All Purpose Cleaners", "product_name": "Floor Cleaner - Fresh Lemon", "product_brand": "TURIL", "combo": []}, {"category": "Cleaning & Household", "sub_category_name": "All Purpose Cleaners", "product_name": "Toilet Cleaner Fresh Scent", "product_brand": "Clorox", "combo": []}, {"category": "Cleaning & Household", "sub_category_name": "All Purpose Cleaners", "product_name": "Perfumed Floor Cleaner - Rose", "product_brand": "Glito", "combo": []}, {"category": "Cleaning & Household", "sub_category_name": "All Purpose Cleaners", "product_name": "Ultrashine Toilet Cleaner", "product_brand": "SANIFRESH", "combo": []}, {"category": "Cleaning & Household", "sub_category_name": "All Purpose Cleaners", "product_name": "Visible Power Toilet Cleaner", "product_brand": "Mr Muscle", "combo": []}, {"category": "Cleaning & Household", "sub_category_name": "All Purpose Cleaners", "product_name": "Floor Cleaner - Lavender", "product_brand": "Mr Muscle", "combo": [["500 ml", "89.00"], ["1 L", "154.00"]]}, {"category": "Cleaning & Household", "sub_category_name": "All Purpose Cleaners", "product_name": "Floor Cleaner - Floral Perfection", "product_brand": "Mr Muscle", "combo": [["500 ml", "89.00"], ["1 L", "154.00"]]}, {"category": "Cleaning & Household", "sub_category_name": "All Purpose Cleaners", "product_name": "Cistern Block - Flushmatic, Toilet In, Mono Aquamarine", "product_brand": "Harpic", "combo": [["50 g", "74.00"], ["3x50 g", "222.00"]]}, {"category": "Cleaning & Household", "sub_category_name": "All Purpose Cleaners", "product_name": "Floor Cleaner - Violet Meadows", "product_brand": "TURIL", "combo": []}, {"category": "Cleaning & Household", "sub_category_name": "All Purpose Cleaners", "product_name": "Floor Cleaner - Neem", "product_brand": "Jodax", "combo": []}, {"category": "Cleaning & Household", "sub_category_name": "All Purpose Cleaners", "product_name": "Bleach Pen Gel", "product_brand": "Clorox", "combo": []}, {"category": "Cleaning & Household", "sub_category_name": "All Purpose Cleaners", "product_name": "IMPORTED - 2Ply Super Soft Luncheon Napkin Paper Tissue", "product_brand": "Selpak", "combo": [["100 Sheets", "290.00"], ["2x100 Sheets", "580.00"]]}, {"category": "Cleaning & Household", "sub_category_name": "All Purpose Cleaners", "product_name": "Multi-Surface Cleaner and Deodorizer - Lemon Fresh", "product_brand": "Pine Sol", "combo": []}, {"category": "Cleaning & Household", "sub_category_name": "All Purpose Cleaners", "product_name": "3 in 1 - Perfumed Cleaner", "product_brand": "Glito", "combo": []}, {"category": "Cleaning & Household", "sub_category_name": "All Purpose Cleaners", "product_name": "Glass Cleaner", "product_brand": "Mr Muscle", "combo": []}, {"category": "Cleaning & Household", "sub_category_name": "All Purpose Cleaners", "product_name": "Multi-Surface Cleaner and Deodorizer - Lavender Clean", "product_brand": "Pine Sol", "combo": []}, {"category": "Cleaning & Household", "sub_category_name": "All Purpose Cleaners", "product_name": "Floor Cleaner cum Negative Energy Killer", "product_brand": "Vastu Shree Plus", "combo": []}, {"category": "Cleaning & Household", "sub_category_name": "All Purpose Cleaners", "product_name": "Raspberry Universal Cleaner", "product_brand": "Frosch", "combo": []}, {"category": "Cleaning & Household", "sub_category_name": "All Purpose Cleaners", "product_name": "Toilet Cleaner - Pure Blossom", "product_brand": "TURIL", "combo": []}, {"category": "Cleaning & Household", "sub_category_name": "All Purpose Cleaners", "product_name": "Bleach - Original", "product_brand": "Clorox", "combo": [["500 ml", "69.00"], ["2 L", "270.00"], ["4 L", "495.00"]]}, {"category": "Cleaning & Household", "sub_category_name": "All Purpose Cleaners", "product_name": "Floor Cleaner - Fresh Lemon", "product_brand": "TURIL", "combo": []}, {"category": "Cleaning & Household", "sub_category_name": "All Purpose Cleaners", "product_name": "Toilet Cleaner Cube Block - Twin Colour, Assorted", "product_brand": "Franck", "combo": []}, {"category": "Cleaning & Household", "sub_category_name": "All Purpose Cleaners", "product_name": "Glow White", "product_brand": "Dr. Beckmann", "combo": []}, {"category": "Cleaning & Household", "sub_category_name": "All Purpose Cleaners", "product_name": "Multi-Surface Cleaner and Deodorizer - Sparkling Wave", "product_brand": "Pine Sol", "combo": []}, {"category": "Cleaning & Household", "sub_category_name": "All Purpose Cleaners", "product_name": "Toilet Cleaner - Green Lemon", "product_brand": "TURIL", "combo": []}, {"category": "Cleaning & Household", "sub_category_name": "All Purpose Cleaners", "product_name": "Universal Cleaner - Orange", "product_brand": "Frosch", "combo": []}, {"category": "Cleaning & Household", "sub_category_name": "All Purpose Cleaners", "product_name": "Toilet Bowl Cleaner - Vinegar", "product_brand": "Frosch", "combo": []}, {"category": "Cleaning & Household", "sub_category_name": "All Purpose Cleaners", "product_name": "Klenz - Powder", "product_brand": "Pitambari", "combo": []}, {"category": "Cleaning & Household", "sub_category_name": "All Purpose Cleaners", "product_name": "Super Saver Combo", "product_brand": "Jodax", "combo": []}, {"category": "Cleaning & Household", "sub_category_name": "All Purpose Cleaners", "product_name": "Disinfectant Surface Sanitizer", "product_brand": "Maxkleen", "combo": [["2 x 500 ml", "264.60"], ["500 ml", "135.00"]]}, {"category": "Cleaning & Household", "sub_category_name": "All Purpose Cleaners", "product_name": "Disinfectant Spray Active Plus", "product_brand": "Lovin", "combo": []}, {"category": "Cleaning & Household", "sub_category_name": "All Purpose Cleaners", "product_name": "IMPORTED - 3Ply Kitchen Towel Super Absorbent Paper Tissue Roll", "product_brand": "Selpak", "combo": [["6 Rolls", "570.00"], ["2x6 Rolls", "1140.00"]]}, {"category": "Cleaning & Household", "sub_category_name": "All Purpose Cleaners", "product_name": "Toilet Air Freshener - Rose", "product_brand": "Odonil", "combo": []}, {"category": "Cleaning & Household", "sub_category_name": "All Purpose Cleaners", "product_name": "Power Cleaner", "product_brand": "Colin", "combo": []}, {"category": "Cleaning & Household", "sub_category_name": "All Purpose Cleaners", "product_name": "Surface Cleaner - Cream Lemon", "product_brand": "Cif", "combo": [["250 ml", "90.00"], ["250 ml", "90.00"]]}, {"category": "Cleaning & Household", "sub_category_name": "All Purpose Cleaners", "product_name": "Bleach - Original", "product_brand": "Clorox", "combo": []}, {"category": "Cleaning & Household", "sub_category_name": "All Purpose Cleaners", "product_name": "Floor Cleaner - Rose", "product_brand": "Jodax", "combo": []}, {"category": "Cleaning & Household", "sub_category_name": "All Purpose Cleaners", "product_name": "Floor Cleaner cum Negative Energy Killer", "product_brand": "Vastu Shree Plus", "combo": []}, {"category": "Cleaning & Household", "sub_category_name": "All Purpose Cleaners", "product_name": "5-in-1 Toilet Cleaner", "product_brand": "Mr Muscle", "combo": []}, {"category": "Cleaning & Household", "sub_category_name": "All Purpose Cleaners", "product_name": "Toilet & Bathroom Cleaner - Triple Action", "product_brand": "Mr Muscle", "combo": []}, {"category": "Cleaning & Household", "sub_category_name": "All Purpose Cleaners", "product_name": "Floor Cleaner - Fresh Lemon", "product_brand": "TURIL", "combo": []}, {"category": "Cleaning & Household", "sub_category_name": "All Purpose Cleaners", "product_name": "Toilet Cleaner Fresh Scent", "product_brand": "Clorox", "combo": []}, {"category": "Cleaning & Household", "sub_category_name": "All Purpose Cleaners", "product_name": "Perfumed Floor Cleaner - Rose", "product_brand": "Glito", "combo": []}, {"category": "Cleaning & Household", "sub_category_name": "All Purpose Cleaners", "product_name": "Ultrashine Toilet Cleaner", "product_brand": "SANIFRESH", "combo": []}, {"category": "Cleaning & Household", "sub_category_name": "All Purpose Cleaners", "product_name": "Visible Power Toilet Cleaner", "product_brand": "Mr Muscle", "combo": []}, {"category": "Cleaning & Household", "sub_category_name": "All Purpose Cleaners", "product_name": "Floor Cleaner - Lavender", "product_brand": "Mr Muscle", "combo": [["500 ml", "89.00"], ["1 L", "154.00"]]}, {"category": "Cleaning & Household", "sub_category_name": "All Purpose Cleaners", "product_name": "Floor Cleaner - Floral Perfection", "product_brand": "Mr Muscle", "combo": [["500 ml", "89.00"], ["1 L", "154.00"]]}, {"category": "Cleaning & Household", "sub_category_name": "All Purpose Cleaners", "product_name": "Cistern Block - Flushmatic, Toilet In, Mono Aquamarine", "product_brand": "Harpic", "combo": [["50 g", "74.00"], ["3x50 g", "222.00"]]}, {"category": "Cleaning & Household", "sub_category_name": "All Purpose Cleaners", "product_name": "Floor Cleaner - Violet Meadows", "product_brand": "TURIL", "combo": []}, {"category": "Cleaning & Household", "sub_category_name": "All Purpose Cleaners", "product_name": "Disinfectant Surface Sanitizer", "product_brand": "Maxkleen", "combo": [["2 x 500 ml", "264.60"], ["500 ml", "135.00"]]}, {"category": "Cleaning & Household", "sub_category_name": "All Purpose Cleaners", "product_name": "Disinfectant Spray Active Plus", "product_brand": "Lovin", "combo": []}, {"category": "Cleaning & Household", "sub_category_name": "All Purpose Cleaners", "product_name": "IMPORTED - 3Ply Kitchen Towel Super Absorbent Paper Tissue Roll", "product_brand": "Selpak", "combo": [["6 Rolls", "570.00"], ["2x6 Rolls", "1140.00"]]}, {"category": "Cleaning & Household", "sub_category_name": "All Purpose Cleaners", "product_name": "Toilet Air Freshener - Rose", "product_brand": "Odonil", "combo": []}, {"category": "Cleaning & Household", "sub_category_name": "All Purpose Cleaners", "product_name": "Power Cleaner", "product_brand": "Colin", "combo": []}, {"category": "Cleaning & Household", "sub_category_name": "All Purpose Cleaners", "product_name": "Surface Cleaner - Cream Lemon", "product_brand": "Cif", "combo": [["250 ml", "90.00"], ["250 ml", "90.00"]]}, {"category": "Cleaning & Household", "sub_category_name": "All Purpose Cleaners", "product_name": "Bleach - Original", "product_brand": "Clorox", "combo": []}, {"category": "Cleaning & Household", "sub_category_name": "All Purpose Cleaners", "product_name": "Floor Cleaner - Rose", "product_brand": "Jodax", "combo": []}, {"category": "Cleaning & Household", "sub_category_name": "All Purpose Cleaners", "product_name": "Floor Cleaner cum Negative Energy Killer", "product_brand": "Vastu Shree Plus", "combo": []}, {"category": "Cleaning & Household", "sub_category_name": "All Purpose Cleaners", "product_name": "5-in-1 Toilet Cleaner", "product_brand": "Mr Muscle", "combo": []}, {"category": "Cleaning & Household", "sub_category_name": "All Purpose Cleaners", "product_name": "Toilet & Bathroom Cleaner - Triple Action", "product_brand": "Mr Muscle", "combo": []}, {"category": "Cleaning & Household", "sub_category_name": "All Purpose Cleaners", "product_name": "Floor Cleaner - Fresh Lemon", "product_brand": "TURIL", "combo": []}, {"category": "Cleaning & Household", "sub_category_name": "All Purpose Cleaners", "product_name": "Toilet Cleaner Fresh Scent", "product_brand": "Clorox", "combo": []}, {"category": "Cleaning & Household", "sub_category_name": "All Purpose Cleaners", "product_name": "Perfumed Floor Cleaner - Rose", "product_brand": "Glito", "combo": []}, {"category": "Cleaning & Household", "sub_category_name": "All Purpose Cleaners", "product_name": "Ultrashine Toilet Cleaner", "product_brand": "SANIFRESH", "combo": []}, {"category": "Cleaning & Household", "sub_category_name": "All Purpose Cleaners", "product_name": "Visible Power Toilet Cleaner", "product_brand": "Mr Muscle", "combo": []}, {"category": "Cleaning & Household", "sub_category_name": "All Purpose Cleaners", "product_name": "Floor Cleaner - Lavender", "product_brand": "Mr Muscle", "combo": [["500 ml", "89.00"], ["1 L", "154.00"]]}, {"category": "Cleaning & Household", "sub_category_name": "All Purpose Cleaners", "product_name": "Floor Cleaner - Floral Perfection", "product_brand": "Mr Muscle", "combo": [["500 ml", "89.00"], ["1 L", "154.00"]]}, {"category": "Cleaning & Household", "sub_category_name": "All Purpose Cleaners", "product_name": "Cistern Block - Flushmatic, Toilet In, Mono Aquamarine", "product_brand": "Harpic", "combo": [["50 g", "74.00"], ["3x50 g", "222.00"]]}, {"category": "Cleaning & Household", "sub_category_name": "All Purpose Cleaners", "product_name": "Floor Cleaner - Violet Meadows", "product_brand": "TURIL", "combo": []}, {"category": "Cleaning & Household", "sub_category_name": "All Purpose Cleaners", "product_name": "Disinfectant Surface Sanitizer", "product_brand": "Maxkleen", "combo": [["2 x 500 ml", "264.60"], ["500 ml", "135.00"]]}, {"category": "Cleaning & Household", "sub_category_name": "All Purpose Cleaners", "product_name": "Disinfectant Spray Active Plus", "product_brand": "Lovin", "combo": []}, {"category": "Cleaning & Household", "sub_category_name": "All Purpose Cleaners", "product_name": "IMPORTED - 3Ply Kitchen Towel Super Absorbent Paper Tissue Roll", "product_brand": "Selpak", "combo": [["6 Rolls", "570.00"], ["2x6 Rolls", "1140.00"]]}, {"category": "Cleaning & Household", "sub_category_name": "All Purpose Cleaners", "product_name": "Toilet Air Freshener - Rose", "product_brand": "Odonil", "combo": []}, {"category": "Cleaning & Household", "sub_category_name": "All Purpose Cleaners", "product_name": "Power Cleaner", "product_brand": "Colin", "combo": []}, {"category": "Cleaning & Household", "sub_category_name": "All Purpose Cleaners", "product_name": "Surface Cleaner - Cream Lemon", "product_brand": "Cif", "combo": [["250 ml", "90.00"], ["250 ml", "90.00"]]}, {"category": "Cleaning & Household", "sub_category_name": "All Purpose Cleaners", "product_name": "Bleach - Original", "product_brand": "Clorox", "combo": []}, {"category": "Cleaning & Household", "sub_category_name": "All Purpose Cleaners", "product_name": "Floor Cleaner - Rose", "product_brand": "Jodax", "combo": []}, {"category": "Cleaning & Household", "sub_category_name": "All Purpose Cleaners", "product_name": "Floor Cleaner cum Negative Energy Killer", "product_brand": "Vastu Shree Plus", "combo": []}, {"category": "Cleaning & Household", "sub_category_name": "All Purpose Cleaners", "product_name": "5-in-1 Toilet Cleaner", "product_brand": "Mr Muscle", "combo": []}, {"category": "Cleaning & Household", "sub_category_name": "All Purpose Cleaners", "product_name": "Toilet & Bathroom Cleaner - Triple Action", "product_brand": "Mr Muscle", "combo": []}, {"category": "Cleaning & Household", "sub_category_name": "All Purpose Cleaners", "product_name": "Floor Cleaner - Fresh Lemon", "product_brand": "TURIL", "combo": []}, {"category": "Cleaning & Household", "sub_category_name": "All Purpose Cleaners", "product_name": "Toilet Cleaner Fresh Scent", "product_brand": "Clorox", "combo": []}, {"category": "Cleaning & Household", "sub_category_name": "All Purpose Cleaners", "product_name": "Perfumed Floor Cleaner - Rose", "product_brand": "Glito", "combo": []}, {"category": "Cleaning & Household", "sub_category_name": "All Purpose Cleaners", "product_name": "Ultrashine Toilet Cleaner", "product_brand": "SANIFRESH", "combo": []}, {"category": "Cleaning & Household", "sub_category_name": "All Purpose Cleaners", "product_name": "Visible Power Toilet Cleaner", "product_brand": "Mr Muscle", "combo": []}, {"category": "Cleaning & Household", "sub_category_name": "All Purpose Cleaners", "product_name": "Floor Cleaner - Lavender", "product_brand": "Mr Muscle", "combo": [["500 ml", "89.00"], ["1 L", "154.00"]]}, {"category": "Cleaning & Household", "sub_category_name": "All Purpose Cleaners", "product_name": "Floor Cleaner - Floral Perfection", "product_brand": "Mr Muscle", "combo": [["500 ml", "89.00"], ["1 L", "154.00"]]}, {"category": "Cleaning & Household", "sub_category_name": "All Purpose Cleaners", "product_name": "Cistern Block - Flushmatic, Toilet In, Mono Aquamarine", "product_brand": "Harpic", "combo": [["50 g", "74.00"], ["3x50 g", "222.00"]]}, {"category": "Cleaning & Household", "sub_category_name": "All Purpose Cleaners", "product_name": "Floor Cleaner - Violet Meadows", "product_brand": "TURIL", "combo": []}, {"category": "Cleaning & Household", "sub_category_name": "All Purpose Cleaners", "product_name": "Disinfectant Surface Sanitizer", "product_brand": "Maxkleen", "combo": [["2 x 500 ml", "264.60"], ["500 ml", "135.00"]]}, {"category": "Cleaning & Household", "sub_category_name": "All Purpose Cleaners", "product_name": "Disinfectant Spray Active Plus", "product_brand": "Lovin", "combo": []}, {"category": "Cleaning & Household", "sub_category_name": "All Purpose Cleaners", "product_name": "IMPORTED - 3Ply Kitchen Towel Super Absorbent Paper Tissue Roll", "product_brand": "Selpak", "combo": [["6 Rolls", "570.00"], ["2x6 Rolls", "1140.00"]]}, {"category": "Cleaning & Household", "sub_category_name": "All Purpose Cleaners", "product_name": "Toilet Air Freshener - Rose", "product_brand": "Odonil", "combo": []}, {"category": "Cleaning & Household", "sub_category_name": "All Purpose Cleaners", "product_name": "Power Cleaner", "product_brand": "Colin", "combo": []}, {"category": "Cleaning & Household", "sub_category_name": "All Purpose Cleaners", "product_name": "Surface Cleaner - Cream Lemon", "product_brand": "Cif", "combo": [["250 ml", "90.00"], ["250 ml", "90.00"]]}, {"category": "Cleaning & Household", "sub_category_name": "All Purpose Cleaners", "product_name": "Bleach - Original", "product_brand": "Clorox", "combo": []}, {"category": "Cleaning & Household", "sub_category_name": "All Purpose Cleaners", "product_name": "Floor Cleaner - Rose", "product_brand": "Jodax", "combo": []}, {"category": "Cleaning & Household", "sub_category_name": "All Purpose Cleaners", "product_name": "Floor Cleaner cum Negative Energy Killer", "product_brand": "Vastu Shree Plus", "combo": []}, {"category": "Cleaning & Household", "sub_category_name": "All Purpose Cleaners", "product_name": "5-in-1 Toilet Cleaner", "product_brand": "Mr Muscle", "combo": []}, {"category": "Cleaning & Household", "sub_category_name": "All Purpose Cleaners", "product_name": "Toilet & Bathroom Cleaner - Triple Action", "product_brand": "Mr Muscle", "combo": []}, {"category": "Cleaning & Household", "sub_category_name": "All Purpose Cleaners", "product_name": "Floor Cleaner - Fresh Lemon", "product_brand": "TURIL", "combo": []}, {"category": "Cleaning & Household", "sub_category_name": "All Purpose Cleaners", "product_name": "Toilet Cleaner Fresh Scent", "product_brand": "Clorox", "combo": []}, {"category": "Cleaning & Household", "sub_category_name": "All Purpose Cleaners", "product_name": "Perfumed Floor Cleaner - Rose", "product_brand": "Glito", "combo": []}, {"category": "Cleaning & Household", "sub_category_name": "All Purpose Cleaners", "product_name": "Ultrashine Toilet Cleaner", "product_brand": "SANIFRESH", "combo": []}, {"category": "Cleaning & Household", "sub_category_name": "All Purpose Cleaners", "product_name": "Visible Power Toilet Cleaner", "product_brand": "Mr Muscle", "combo": []}, {"category": "Cleaning & Household", "sub_category_name": "All Purpose Cleaners", "product_name": "Floor Cleaner - Lavender", "product_brand": "Mr Muscle", "combo": [["500 ml", "89.00"], ["1 L", "154.00"]]}, {"category": "Cleaning & Household", "sub_category_name": "All Purpose Cleaners", "product_name": "Floor Cleaner - Floral Perfection", "product_brand": "Mr Muscle", "combo": [["500 ml", "89.00"], ["1 L", "154.00"]]}, {"category": "Cleaning & Household", "sub_category_name": "All Purpose Cleaners", "product_name": "Cistern Block - Flushmatic, Toilet In, Mono Aquamarine", "product_brand": "Harpic", "combo": [["50 g", "74.00"], ["3x50 g", "222.00"]]}, {"category": "Cleaning & Household", "sub_category_name": "All Purpose Cleaners", "product_name": "Floor Cleaner - Violet Meadows", "product_brand": "TURIL", "combo": []}]