[{"category": "Cleaning & Household", "sub_category_name": "Car & Shoe Care", "product_name": "Shoe Polish - Dark Tan", "product_brand": "Cherry Blossom", "combo": [["40 g", "56.52"], ["15 g", "29.70"], ["2x40 g", "113.04"]]}, {"category": "Cleaning & Household", "sub_category_name": "Car & Shoe Care", "product_name": "Express Shine Sponge - For ALL Colours", "product_brand": "Kiwi", "combo": []}, {"category": "Cleaning & Household", "sub_category_name": "Car & Shoe Care", "product_name": "Liquid Shoe Polish - Black", "product_brand": "Cherry Blossom", "combo": [["75 ml", "76.50"], ["2x75 ml", "153.00"]]}, {"category": "Cleaning & Household", "sub_category_name": "Car & Shoe Care", "product_name": "Shoe Polish - Black", "product_brand": "Cherry Blossom", "combo": [["15 g", "29.70"], ["40 g", "53.10"], ["2x40 g", "106.20"], ["3X40 g", "159.30"]]}, {"category": "Cleaning & Household", "sub_category_name": "Car & Shoe Care", "product_name": "Car Air Freshener - Aqua Starter Kit", "product_brand": "Ambi pur", "combo": [["7.5 ml", "199.00"], ["7.5 ml", "299.00"]]}, {"category": "Cleaning & Household", "sub_category_name": "Car & Shoe Care", "product_name": "Shoe Polish Sponge - Handy Shine, Black", "product_brand": "Cherry Blossom", "combo": []}, {"category": "Cleaning & Household", "sub_category_name": "Car & Shoe Care", "product_name": "WD 40", "product_brand": "Pidilite", "combo": []}, {"category": "Cleaning & Household", "sub_category_name": "Car & Shoe Care", "product_name": "Car Freshener Refill - Sweet Citrus & Zest", "product_brand": "Ambi pur", "combo": []}, {"category": "Cleaning & Household", "sub_category_name": "Car & Shoe Care", "product_name": "Car Air Freshener Refill - Lavender Spa", "product_brand": "Ambi pur", "combo": []}, {"category": "Cleaning & Household", "sub_category_name": "Car & Shoe Care", "product_name": "Express Shine Sponge - Black", "product_brand": "Kiwi", "combo": []}, {"category": "Cleaning & Household", "sub_category_name": "Car & Shoe Care", "product_name": "Shoe Shine Kit - Shoe Wax + Handy Shine", "product_brand": "Cherry Blossom", "combo": []}, {"category": "Cleaning & Household", "sub_category_name": "Car & Shoe Care", "product_name": "Twist Gel - Car Air Freshener, Musk After Smoke", "product_brand": "Aer", "combo": []}, {"category": "Cleaning & Household", "sub_category_name": "Car & Shoe Care", "product_name": "Twist Gel - Car Air Freshener, Cool Surf Blue", "product_brand": "Aer", "combo": []}, {"category": "Cleaning & Household", "sub_category_name": "Car & Shoe Care", "product_name": "Polish - White Cleaner", "product_brand": "Cherry Blossom", "combo": [["2x75 ml", "99.00"], ["75 g", "49.50"]]}, {"category": "Cleaning & Household", "sub_category_name": "Car & Shoe Care", "product_name": "Car Freshener- Exotic Jasmine, Starter Kit", "product_brand": "Ambi pur", "combo": [["7.5 ml", "199.00"], ["7.5 ml", "299.00"]]}, {"category": "Cleaning & Household", "sub_category_name": "Car & Shoe Care", "product_name": "Car Air Freshener Refill - Vanilla", "product_brand": "Ambi pur", "combo": [["7.5 ml", "299.00"], ["7.5 ml", "199.00"]]}, {"category": "Cleaning & Household", "sub_category_name": "Car & Shoe Care", "product_name": "2 In 1 Shoe Brush", "product_brand": "Kiwi", "combo": []}, {"category": "Cleaning & Household", "sub_category_name": "Car & Shoe Care", "product_name": "Instant Polish - Brown Leather", "product_brand": "Kiwi", "combo": []}, {"category": "Cleaning & Household", "sub_category_name": "Car & Shoe Care", "product_name": "Liquid Shoe Polish - Dark Tan", "product_brand": "Cherry Blossom", "combo": [["2x75 ml", "153.00"], ["75 ml", "76.50"]]}, {"category": "Cleaning & Household", "sub_category_name": "Car & Shoe Care", "product_name": "Shoe Brush Shine", "product_brand": "Kiwi", "combo": []}, {"category": "Cleaning & Household", "sub_category_name": "Car & Shoe Care", "product_name": "Shoe Polish Paste - Black", "product_brand": "Kiwi", "combo": [["40 g", "53.00"], ["15 g", "29.70"]]}, {"category": "Cleaning & Household", "sub_category_name": "Car & Shoe Care", "product_name": "Shoe Polish Paste - Dark Tan", "product_brand": "Kiwi", "combo": [["40 g", "49.00"], ["15 g", "24.30"]]}, {"category": "Cleaning & Household", "sub_category_name": "Car & Shoe Care", "product_name": "Car Air Freshener - Starter Kit + Lavender Refill", "product_brand": "Ambi pur", "combo": []}, {"category": "Cleaning & Household", "sub_category_name": "Car & Shoe Care", "product_name": "Click Gel - Car Vent Air Freshener Kit, Musk After Smoke", "product_brand": "Aer", "combo": []}, {"category": "Cleaning & Household", "sub_category_name": "Car & Shoe Care", "product_name": "Moto Max 2K Rubbing Compound", "product_brand": "Pidilite", "combo": []}, {"category": "Cleaning & Household", "sub_category_name": "Car & Shoe Care", "product_name": "Click Gel - Car Vent Air Freshener Kit, Petal Crush Pink", "product_brand": "Aer", "combo": []}, {"category": "Cleaning & Household", "sub_category_name": "Car & Shoe Care", "product_name": "Cream Polish with Carnauba Wax", "product_brand": "Pidilite", "combo": []}, {"category": "Cleaning & Household", "sub_category_name": "Car & Shoe Care", "product_name": "Premium Liquid Polish", "product_brand": "Pidilite", "combo": []}, {"category": "Cleaning & Household", "sub_category_name": "Car & Shoe Care", "product_name": "Dashboard Polish", "product_brand": "Pidilite", "combo": []}, {"category": "Cleaning & Household", "sub_category_name": "Car & Shoe Care", "product_name": "Shoe Shampoo", "product_brand": "Kiwi", "combo": []}, {"category": "Cleaning & Household", "sub_category_name": "Car & Shoe Care", "product_name": "Car Air Freshener - Vanilla Bouquet Starter Kit + Refill", "product_brand": "Ambi pur", "combo": []}, {"category": "Cleaning & Household", "sub_category_name": "Car & Shoe Care", "product_name": "Protectant Spray", "product_brand": "Pidilite", "combo": []}, {"category": "Cleaning & Household", "sub_category_name": "Car & Shoe Care", "product_name": "Instant Polish - Black Leather", "product_brand": "Kiwi", "combo": []}, {"category": "Cleaning & Household", "sub_category_name": "Car & Shoe Care", "product_name": "Click Gel - Car Air Freshener Refill, Fresh Lush Green", "product_brand": "Aer", "combo": []}, {"category": "Cleaning & Household", "sub_category_name": "Car & Shoe Care", "product_name": "Twist Gel - Car Air Freshener, Fresh Lush Green", "product_brand": "Aer", "combo": []}, {"category": "Cleaning & Household", "sub_category_name": "Car & Shoe Care", "product_name": "Click Gel - Car Vent Air Freshener Kit, Bright Tangy Delight", "product_brand": "Aer", "combo": []}, {"category": "Cleaning & Household", "sub_category_name": "Car & Shoe Care", "product_name": "Twist Gel - Car Air Freshener, Bright Tangy Delight", "product_brand": "Aer", "combo": []}, {"category": "Cleaning & Household", "sub_category_name": "Car & Shoe Care", "product_name": "Instant Polish - All Colour Leather", "product_brand": "Kiwi", "combo": []}, {"category": "Cleaning & Household", "sub_category_name": "Car & Shoe Care", "product_name": "Car Shampoo Concentrated Wash", "product_brand": "Pidilite", "combo": []}, {"category": "Cleaning & Household", "sub_category_name": "Car & Shoe Care", "product_name": "Twist Gel - Car Air Freshener, Petal Crush Pink", "product_brand": "Aer", "combo": []}, {"category": "Cleaning & Household", "sub_category_name": "Car & Shoe Care", "product_name": "Instant Polish - Brown Leather", "product_brand": "Kiwi", "combo": []}, {"category": "Cleaning & Household", "sub_category_name": "Car & Shoe Care", "product_name": "Instant Polish - Black Leather", "product_brand": "Kiwi", "combo": []}, {"category": "Cleaning & Household", "sub_category_name": "Car & Shoe Care", "product_name": "Click Gel - Car Vent Air Freshener Kit, Rich Irish Cocktail", "product_brand": "Aer", "combo": [["45 g", "333.52"], ["10 g", "269.10"]]}]