[{"category": "Beauty & Hygiene", "sub_category_name": "Bath & Hand Wash", "product_name": "Hand Wash Liquid Refill - Original", "product_brand": "Dettol", "combo": [["2x750 ml", "218.00"], ["3x750 ml", "327.00"], ["750 ml", "109.00"], ["175 ml", "37.20"]]}, {"category": "Beauty & Hygiene", "sub_category_name": "Bath & Hand Wash", "product_name": "Alcohol Based Germ Protection Hand Sanitizer", "product_brand": "Lifebuoy", "combo": [["50 ml", "23.95"], ["500 ml", "250.00"], ["240 ml", "120.00"], ["190 ml", "95.00"]]}, {"category": "Beauty & Hygiene", "sub_category_name": "Bath & Hand Wash", "product_name": "Bathing Bar Soap - Germ Protection, Original", "product_brand": "Dettol", "combo": [["8x125 g", "297.60"], ["125 g", "46.50"], ["4x125 g", "186.00"], ["2x125 g", "86.49"], ["6x125 g", "237.15"]]}, {"category": "Beauty & Hygiene", "sub_category_name": "Bath & Hand Wash", "product_name": "Cream Beauty Bathing Bar", "product_brand": "Dove", "combo": [["2x50 g", "40.00"], ["100 g", "224.00"], ["5x100 g", "446.00"], ["800 g", "370.00"], ["3x(3x100 g)", "337.20"], ["50 g", "20.00"], ["100 g", "114.00"], ["4x50 g", "80.00"], ["8x50 g", "160.00"]]}, {"category": "Beauty & Hygiene", "sub_category_name": "Bath & Hand Wash", "product_name": "Original Germ Protection Alcohol Based Hand Sanitizer Refill", "product_brand": "Dettol", "combo": [["50 ml", "25.00"], ["200 ml", "100.00"], ["2x200 ml", "200.00"], ["500 ml", "250.00"], ["5 L", "2500.00"], ["2x50 ml", "50.00"]]}, {"category": "Beauty & Hygiene", "sub_category_name": "Bath & Hand Wash", "product_name": "Hand Wash Liquid Refill - Skincare", "product_brand": "Dettol", "combo": [["175 ml", "37.20"], ["750 ml", "109.00"], ["2x750 ml", "218.00"], ["3x750 ml", "327.00"]]}, {"category": "Beauty & Hygiene", "sub_category_name": "Bath & Hand Wash", "product_name": "Pure & Gentle Bathing Bar", "product_brand": "Pears", "combo": [["3x(3x125 g)", "314.04"], ["2x(5x125 g)", "382.00"], ["125 g", "60.45"], ["2x125 g", "120.90"], ["125 g", "106.88"], ["125 g", "192.00"], ["8x125 g", "483.60"]]}, {"category": "Beauty & Hygiene", "sub_category_name": "Bath & Hand Wash", "product_name": "Soap Bar - Lemon & Tea Tree Oil", "product_brand": "Liril", "combo": [["75 g", "32.00"], ["6x125 g", "342.00"], ["4x75 g", "128.00"], ["125 g", "57.00"], ["2x125 g", "114.00"], ["8x75 g", "256.00"], ["6x75 g", "144.00"], ["2x75 g", "64.00"]]}, {"category": "Beauty & Hygiene", "sub_category_name": "Bath & Hand Wash", "product_name": "Hand Wash - Masterblaster", "product_brand": "Godrej Protekt", "combo": [["2x750 ml", "162.00"], ["750 ml", "81.00"], ["3x750 ml", "243.00"], ["180 ml", "48.02"]]}, {"category": "Beauty & Hygiene", "sub_category_name": "Bath & Hand Wash", "product_name": "Handwash - Classic", "product_brand": "Santoor", "combo": [["3x750 ml", "256.96"], ["1.5 L", "189.05"], ["750 ml", "87.40"]]}, {"category": "Beauty & Hygiene", "sub_category_name": "Bath & Hand Wash", "product_name": "Shower Gel - Pure & Gentle 250ml + Soap Bar - Pure & Gentle 125Gx3", "product_brand": "Pears", "combo": []}, {"category": "Beauty & Hygiene", "sub_category_name": "Bath & Hand Wash", "product_name": "Cream Beauty Bathing Bar Soap", "product_brand": "Dove", "combo": [["100 g", "41.85"], ["8x75 g", "334.80"], ["2x75 g", "83.70"]]}, {"category": "Beauty & Hygiene", "sub_category_name": "Bath & Hand Wash", "product_name": "72% Alcohol Based Hand sanitizer", "product_brand": "BB Home", "combo": [["2x500 ml", "398.00"], ["500 ml", "199.00"]]}, {"category": "Beauty & Hygiene", "sub_category_name": "Bath & Hand Wash", "product_name": "Bathing Soap", "product_brand": "Mysore Sandal", "combo": [["8x75 g", "304.00"], ["2x125 g", "124.00"], ["150 g", "75.00"], ["2x75 g", "76.00"], ["4x75 g", "152.00"], ["75 g", "38.00"], ["125 g", "62.00"]]}, {"category": "Beauty & Hygiene", "sub_category_name": "Bath & Hand Wash", "product_name": "Liquid Handwash - Original", "product_brand": "Dettol", "combo": [["2x1.5 L", "398.00"], ["1.5 L", "199.00"], ["2x1.5 L", "398.00"]]}, {"category": "Beauty & Hygiene", "sub_category_name": "Bath & Hand Wash", "product_name": "Mr Magic Handwash Refills", "product_brand": "Godrej Protekt", "combo": [["9 g", "14.55"], ["3x9 g", "43.65"]]}, {"category": "Beauty & Hygiene", "sub_category_name": "Bath & Hand Wash", "product_name": "Total 10 Activ Natural Germ Protection Handwash", "product_brand": "Lifebuoy", "combo": [["750 ml", "119.00"], ["185 ml", "101.70"], ["1.5 L", "199.00"]]}, {"category": "Beauty & Hygiene", "sub_category_name": "Bath & Hand Wash", "product_name": "Liquid Hand Wash - Skin Care", "product_brand": "Dettol", "combo": [["900 ml", "134.00"], ["2x900 ml", "268.00"]]}, {"category": "Beauty & Hygiene", "sub_category_name": "Bath & Hand Wash", "product_name": "Total 10 Soap Bar", "product_brand": "Lifebuoy", "combo": [["4x125 g", "88.00"], ["125 g", "22.00"], ["56 g", "9.58"], ["2x125 g", "44.00"], ["8x125 g", "176.00"]]}, {"category": "Beauty & Hygiene", "sub_category_name": "Bath & Hand Wash", "product_name": "Fabric Sanitizer Spray - 99.9% Germ Protection, Long Lasting Fragrance, Cool Surf Blue", "product_brand": "Godrej Aer", "combo": []}, {"category": "Beauty & Hygiene", "sub_category_name": "Bath & Hand Wash", "product_name": "Germ Kill Spray Foam", "product_brand": "Dr Rhazes", "combo": []}, {"category": "Beauty & Hygiene", "sub_category_name": "Bath & Hand Wash", "product_name": "Hand Sanitiser Spray", "product_brand": "ZM LABS", "combo": []}, {"category": "Beauty & Hygiene", "sub_category_name": "Bath & Hand Wash", "product_name": "Air & Surface Disinfectant Spray", "product_brand": "ZM LABS", "combo": []}, {"category": "Beauty & Hygiene", "sub_category_name": "Bath & Hand Wash", "product_name": "Air & Surface Disinfectant Spray", "product_brand": "ZM LABS", "combo": []}, {"category": "Beauty & Hygiene", "sub_category_name": "Bath & Hand Wash", "product_name": "Premium Aloe Hand Wash", "product_brand": "VITRO", "combo": []}, {"category": "Beauty & Hygiene", "sub_category_name": "Bath & Hand Wash", "product_name": "Instant Hand Sanitizer", "product_brand": "KeepSafe by Marico", "combo": []}, {"category": "Beauty & Hygiene", "sub_category_name": "Bath & Hand Wash", "product_name": "Hygiene Hand Wipes With Anti-bacterial Actives- Skin-Friendly", "product_brand": "KeepSafe by Marico", "combo": []}, {"category": "Beauty & Hygiene", "sub_category_name": "Bath & Hand Wash", "product_name": "Hand Wash - Rose Liquid", "product_brand": "Premium", "combo": []}, {"category": "Beauty & Hygiene", "sub_category_name": "Bath & Hand Wash", "product_name": "Germ Protection Soap", "product_brand": "Hygienix", "combo": []}, {"category": "Beauty & Hygiene", "sub_category_name": "Bath & Hand Wash", "product_name": "Germ Protection Hand Wash Pump", "product_brand": "Hygienix", "combo": []}, {"category": "Beauty & Hygiene", "sub_category_name": "Bath & Hand Wash", "product_name": "Sanitize Germ Protection Soap", "product_brand": "Dabur", "combo": []}, {"category": "Beauty & Hygiene", "sub_category_name": "Bath & Hand Wash", "product_name": "Sanitize Hand Sanitizer - 60% Alcohol Based Sanitizer, Regular", "product_brand": "Dabur", "combo": []}, {"category": "Beauty & Hygiene", "sub_category_name": "Bath & Hand Wash", "product_name": "Pro Sanitize Hand Sanitizer", "product_brand": "Dabur", "combo": []}, {"category": "Beauty & Hygiene", "sub_category_name": "Bath & Hand Wash", "product_name": "Sanitize Gamma - Hand Sanitizing Rub", "product_brand": "Dabur", "combo": []}, {"category": "Beauty & Hygiene", "sub_category_name": "Bath & Hand Wash", "product_name": "Hexa Advanced Body Wash With Milk Protein", "product_brand": "Savlon", "combo": [["100 ml", "60.00"], ["215 ml", "170.00"]]}, {"category": "Beauty & Hygiene", "sub_category_name": "Bath & Hand Wash", "product_name": "Hexa Advanced Body Wash With Milk Protein", "product_brand": "Savlon", "combo": []}, {"category": "Beauty & Hygiene", "sub_category_name": "Bath & Hand Wash", "product_name": "Instant Hand Sanitizer", "product_brand": "KeepSafe by Marico", "combo": []}, {"category": "Beauty & Hygiene", "sub_category_name": "Bath & Hand Wash", "product_name": "Nourishing Liquid Hand Wash - For Soft Moisturised Skin, Washes Away Germs", "product_brand": "Dove", "combo": []}, {"category": "Beauty & Hygiene", "sub_category_name": "Bath & Hand Wash", "product_name": "Alcohol Based Germ Protection Hand Sanitizer", "product_brand": "Lifebuoy", "combo": []}, {"category": "Beauty & Hygiene", "sub_category_name": "Bath & Hand Wash", "product_name": "Alcohol Based Germ Protection Hand Sanitizer", "product_brand": "Lifebuoy", "combo": []}, {"category": "Beauty & Hygiene", "sub_category_name": "Bath & Hand Wash", "product_name": "Hand Sanitizer", "product_brand": "Lifebuoy", "combo": []}, {"category": "Beauty & Hygiene", "sub_category_name": "Bath & Hand Wash", "product_name": "Original Soap", "product_brand": "Dettol", "combo": []}, {"category": "Beauty & Hygiene", "sub_category_name": "Bath & Hand Wash", "product_name": "Skincare Germ Protection Liquid Handwash", "product_brand": "Dettol", "combo": []}, {"category": "Beauty & Hygiene", "sub_category_name": "Bath & Hand Wash", "product_name": "Clinical Strength Antiseptic Hand Sanitizer", "product_brand": "Dettol", "combo": []}, {"category": "Beauty & Hygiene", "sub_category_name": "Bath & Hand Wash", "product_name": "Disinfectant Spray", "product_brand": "Ciphands", "combo": [["300 ml", "224.00"], ["75 ml", "99.00"]]}, {"category": "Beauty & Hygiene", "sub_category_name": "Bath & Hand Wash", "product_name": "Antibacterial Germ Kill Spray - No Gas, Safe On Skin & Surfaces", "product_brand": "Lifebuoy", "combo": []}, {"category": "Beauty & Hygiene", "sub_category_name": "Bath & Hand Wash", "product_name": "Hexa Advanced Soap", "product_brand": "Savlon", "combo": []}, {"category": "Beauty & Hygiene", "sub_category_name": "Bath & Hand Wash", "product_name": "Sanitize Hand Sanitizer - 60% Alcohol Based Sanitizer, Lemon", "product_brand": "Dabur", "combo": []}, {"category": "Beauty & Hygiene", "sub_category_name": "Bath & Hand Wash", "product_name": "Handwash - Classic", "product_brand": "Santoor", "combo": [["215 ml", "64.40"], ["2 x 215 ml", "126.22"]]}, {"category": "Beauty & Hygiene", "sub_category_name": "Bath & Hand Wash", "product_name": "Body Wash Luminous Oils Invigorating Shower Gel With 100% Natural Macadamia Oil & Peony Extracts", "product_brand": "Palmolive", "combo": [["750 ml", "449.25"], ["250 ml", "199.20"]]}, {"category": "Beauty & Hygiene", "sub_category_name": "Bath & Hand Wash", "product_name": "Original Germ Protection Liquid Handwash", "product_brand": "Dettol", "combo": [["250 ml", "99.00"], ["250 ml", "89.00"]]}, {"category": "Beauty & Hygiene", "sub_category_name": "Bath & Hand Wash", "product_name": "& Moms - Citrus Soap", "product_brand": "Dettol", "combo": []}, {"category": "Beauty & Hygiene", "sub_category_name": "Bath & Hand Wash", "product_name": "Handsanitiser Gel With Mint & Lemon", "product_brand": "BB Home", "combo": []}, {"category": "Beauty & Hygiene", "sub_category_name": "Bath & Hand Wash", "product_name": "Antibacterial Hand Sanitiser - 72% Alcohol Based, Non Sticky", "product_brand": "Palmolive", "combo": []}, {"category": "Beauty & Hygiene", "sub_category_name": "Bath & Hand Wash", "product_name": "Protekt Health Soap", "product_brand": "Godrej Protekt", "combo": []}, {"category": "Beauty & Hygiene", "sub_category_name": "Bath & Hand Wash", "product_name": "Sea Minerals Liquid Handwash Refill", "product_brand": "Palmolive", "combo": []}, {"category": "Beauty & Hygiene", "sub_category_name": "Bath & Hand Wash", "product_name": "Orchid & Milk Liquid Handwash Refill", "product_brand": "Palmolive", "combo": []}, {"category": "Beauty & Hygiene", "sub_category_name": "Bath & Hand Wash", "product_name": "Luminous Oils Invigorating Handwash Refill", "product_brand": "Palmolive", "combo": []}, {"category": "Beauty & Hygiene", "sub_category_name": "Bath & Hand Wash", "product_name": "Health Body Wash \u2013 99.9% Germ Protection, Deep Cleansing & Moisturising, For both Men & Women, Citrus Fragrance", "product_brand": "Godrej Protekt", "combo": []}, {"category": "Beauty & Hygiene", "sub_category_name": "Bath & Hand Wash", "product_name": "Anti-Bacterial Hand Wash Refill", "product_brand": "Hygienix", "combo": []}, {"category": "Beauty & Hygiene", "sub_category_name": "Bath & Hand Wash", "product_name": "Handwash Moisture Shield", "product_brand": "Savlon", "combo": []}, {"category": "Beauty & Hygiene", "sub_category_name": "Bath & Hand Wash", "product_name": "Body Wash Luminous Oils Rejuvenating Shower Gel With 100% Natural Fig Oil & White Orchid Extracts", "product_brand": "Palmolive", "combo": [["750 ml", "449.25"], ["250 ml", "199.20"]]}, {"category": "Beauty & Hygiene", "sub_category_name": "Bath & Hand Wash", "product_name": "Germ Fighter Handwash Refill - Neem & Aloe Vera", "product_brand": "Godrej Protekt", "combo": [["180 ml", "48.02"], ["2x750 ml", "196.00"], ["750 ml", "98.00"]]}, {"category": "Beauty & Hygiene", "sub_category_name": "Bath & Hand Wash", "product_name": "Bathing Soap - Classic Ayurvedic 18 Herbs", "product_brand": "Medimix", "combo": [["125 g", "144.00"], ["75 g", "140.00"]]}, {"category": "Beauty & Hygiene", "sub_category_name": "Bath & Hand Wash", "product_name": "Bathing Bar Soap - Cool", "product_brand": "Dettol", "combo": [["6x125 g", "242.25"], ["4x125 g", "190.00"], ["125 g", "47.50"], ["8x125 g", "380.00"]]}, {"category": "Beauty & Hygiene", "sub_category_name": "Bath & Hand Wash", "product_name": "Pure & Gentle Bathing Bar", "product_brand": "Pears", "combo": []}, {"category": "Beauty & Hygiene", "sub_category_name": "Bath & Hand Wash", "product_name": "Original Germ Protection Bathing Soap", "product_brand": "Dettol", "combo": []}, {"category": "Beauty & Hygiene", "sub_category_name": "Bath & Hand Wash", "product_name": "Soft & Fresh Bathing Bar With 98% Pure Glycerin & Mint Extracts", "product_brand": "Pears", "combo": []}, {"category": "Beauty & Hygiene", "sub_category_name": "Bath & Hand Wash", "product_name": "Bathing Soap - Ayurvedic Classic 18 Herbs", "product_brand": "Medimix", "combo": [["75 g", "26.04"], ["2x75 g", "52.08"], ["2x125 g", "80.00"], ["4x75 g", "104.16"], ["8x75 g", "208.32"], ["125 g", "40.00"]]}, {"category": "Beauty & Hygiene", "sub_category_name": "Bath & Hand Wash", "product_name": "Soap - Neem & Turmeric", "product_brand": "Himalaya", "combo": [["125 g", "42.75"], ["4x125 g", "171.00"], ["6x125 g", "256.50"]]}, {"category": "Beauty & Hygiene", "sub_category_name": "Bath & Hand Wash", "product_name": "Bathing Soap - Cucumber & Coconut", "product_brand": "Himalaya", "combo": [["125 g", "42.75"], ["75 g", "28.50"], ["4x125 g", "171.00"], ["4x75 g", "114.00"]]}, {"category": "Beauty & Hygiene", "sub_category_name": "Bath & Hand Wash", "product_name": "Masterblaster Germ Protection Liquid Handwash Refill", "product_brand": "Godrej Protekt", "combo": []}, {"category": "Beauty & Hygiene", "sub_category_name": "Bath & Hand Wash", "product_name": "Shower Gel - Frangipani & Oil Body Wash, Women", "product_brand": "Nivea", "combo": []}, {"category": "Beauty & Hygiene", "sub_category_name": "Bath & Hand Wash", "product_name": "Bathing Soap - Original Neem", "product_brand": "Margo", "combo": [["6x100 g", "171.00"], ["100 g", "30.00"], ["75 g", "23.00"], ["2x100 g", "57.00"]]}, {"category": "Beauty & Hygiene", "sub_category_name": "Bath & Hand Wash", "product_name": "Gel Bathing Bar - Multi Variant (Buy 4 & Get 1 Free, 125 g each)", "product_brand": "Fiama Di Wills", "combo": [["2x625 g", "450.66"], ["125 g", "225.33"]]}, {"category": "Beauty & Hygiene", "sub_category_name": "Bath & Hand Wash", "product_name": "Soft & Fresh Soap Bar", "product_brand": "Pears", "combo": [["125 g", "67.00"], ["2x75 g", "76.26"], ["2x125 g", "134.00"], ["75 g", "38.13"], ["4x75 g", "152.52"], ["8x75 g", "305.04"]]}, {"category": "Beauty & Hygiene", "sub_category_name": "Bath & Hand Wash", "product_name": "Total 10 Activ Natural Germ Protection Handwash", "product_brand": "Lifebuoy", "combo": []}, {"category": "Beauty & Hygiene", "sub_category_name": "Bath & Hand Wash", "product_name": "Hand Sanitizer", "product_brand": "Godrej Protekt", "combo": []}, {"category": "Beauty & Hygiene", "sub_category_name": "Bath & Hand Wash", "product_name": "Bathing Soap - Ayurvedic Natural Glycerine", "product_brand": "Medimix", "combo": [["125 g", "46.50"], ["4x125 g", "186.00"], ["8x125 g", "372.00"], ["2x125 g", "93.00"]]}, {"category": "Beauty & Hygiene", "sub_category_name": "Bath & Hand Wash", "product_name": "Hand Wash Liquid Refill - Skincare", "product_brand": "Dettol", "combo": []}, {"category": "Beauty & Hygiene", "sub_category_name": "Bath & Hand Wash", "product_name": "Shower Gel - Aroma, Absolute Relax", "product_brand": "Palmolive", "combo": []}, {"category": "Beauty & Hygiene", "sub_category_name": "Bath & Hand Wash", "product_name": "Hand Sanitiser - Green Apple", "product_brand": "Nyle", "combo": [["180 ml", "81.00"], ["800 ml", "360.00"]]}, {"category": "Beauty & Hygiene", "sub_category_name": "Bath & Hand Wash", "product_name": "Bathing Soap - Superior with Pure Sandalwood Oil", "product_brand": "Mysore Sandal", "combo": []}, {"category": "Beauty & Hygiene", "sub_category_name": "Bath & Hand Wash", "product_name": "Beauty Soap For Glowing Skin - Rose & Vitamin E, Mega", "product_brand": "Lux", "combo": []}, {"category": "Beauty & Hygiene", "sub_category_name": "Bath & Hand Wash", "product_name": "Dreamflower Fragrant Talc", "product_brand": "Ponds", "combo": [["400 g", "230.00"], ["50 g", "45.00"], ["200 g", "180.00"], ["100 g", "90.00"]]}, {"category": "Beauty & Hygiene", "sub_category_name": "Bath & Hand Wash", "product_name": "Shower Gel - Lemon & Oil Body Wash, Women", "product_brand": "Nivea", "combo": []}, {"category": "Beauty & Hygiene", "sub_category_name": "Bath & Hand Wash", "product_name": "Go Fresh Moisture Bathing Bar Soap", "product_brand": "Dove", "combo": [["2x75 g", "98.00"], ["6x75 g", "294.00"], ["4x75 g", "245.00"], ["75 g", "49.00"]]}, {"category": "Beauty & Hygiene", "sub_category_name": "Bath & Hand Wash", "product_name": "Hand Sanitizer", "product_brand": "Nyle", "combo": []}, {"category": "Beauty & Hygiene", "sub_category_name": "Bath & Hand Wash", "product_name": "Shower Gel - Pure Impact Body Wash, Men", "product_brand": "Nivea Men", "combo": [["250 ml", "149.00"], ["500 ml", "259.35"]]}, {"category": "Beauty & Hygiene", "sub_category_name": "Bath & Hand Wash", "product_name": "Soap Bar", "product_brand": "Hamam", "combo": [["2x100 g", "59.52"], ["3x150 g", "143.70"], ["3x100 g", "89.28"], ["150 g", "47.90"], ["2x150 g", "95.80"], ["100 g", "29.76"]]}, {"category": "Beauty & Hygiene", "sub_category_name": "Bath & Hand Wash", "product_name": "Liquid Hand Wash - Original", "product_brand": "Dettol", "combo": [["900 ml", "149.00"], ["2x900 ml", "298.00"]]}, {"category": "Beauty & Hygiene", "sub_category_name": "Bath & Hand Wash", "product_name": "Masterchefs Germ Protection Liquid Handwash Refill", "product_brand": "Godrej Protekt", "combo": []}, {"category": "Beauty & Hygiene", "sub_category_name": "Bath & Hand Wash", "product_name": "Pink/Rosa Beauty Bathing Bar", "product_brand": "Dove", "combo": [["3x(3x100 g)", "400.20"], ["100 g", "135.00"], ["2x(3x100 g", "270.00"]]}, {"category": "Beauty & Hygiene", "sub_category_name": "Bath & Hand Wash", "product_name": "Liquid Handwash - Sea Minerals, Refill Pack", "product_brand": "Palmolive", "combo": [["185 ml", "49.00"], ["4x185 ml", "196.00"]]}, {"category": "Beauty & Hygiene", "sub_category_name": "Bath & Hand Wash", "product_name": "Shower Gel - Active Clean Body Wash, Men", "product_brand": "Nivea Men", "combo": []}, {"category": "Beauty & Hygiene", "sub_category_name": "Bath & Hand Wash", "product_name": "Shower Gel - Aroma Absolute Relax", "product_brand": "Palmolive", "combo": [["2x250 ml", "287.06"], ["250 ml", "143.53"], ["3x250 ml", "430.59"]]}, {"category": "Beauty & Hygiene", "sub_category_name": "Bath & Hand Wash", "product_name": "Germ Protection Hand Sanitizer", "product_brand": "Godrej Protekt", "combo": []}, {"category": "Beauty & Hygiene", "sub_category_name": "Bath & Hand Wash", "product_name": "Germ Protection Hand Sanitizer", "product_brand": "Godrej Protekt", "combo": []}, {"category": "Beauty & Hygiene", "sub_category_name": "Bath & Hand Wash", "product_name": "Germ Protection Hand Sanitizer", "product_brand": "Godrej Protekt", "combo": []}, {"category": "Beauty & Hygiene", "sub_category_name": "Bath & Hand Wash", "product_name": "Bodywash Thermal Spa 250ml + Toothpaste Maxfresh 150G + Mouthwash Plax 250ml", "product_brand": "bb Combo", "combo": []}, {"category": "Beauty & Hygiene", "sub_category_name": "Bath & Hand Wash", "product_name": "Shower Gel - Water Lily & Oil Body Wash, Women", "product_brand": "Nivea", "combo": []}, {"category": "Beauty & Hygiene", "sub_category_name": "Bath & Hand Wash", "product_name": "Handwash - Fresh", "product_brand": "Santoor", "combo": [["3x750 ml", "304.44"], ["750 ml", "103.55"]]}, {"category": "Beauty & Hygiene", "sub_category_name": "Bath & Hand Wash", "product_name": "Hand Wash - Sea Mineral, Imported 250ml + Sea Minerals, Refill Pack 185ml", "product_brand": "Palmolive", "combo": []}, {"category": "Beauty & Hygiene", "sub_category_name": "Bath & Hand Wash", "product_name": "Hand Wash - Black Orchid & Milk Imported 250ml+Natural Black Orchid & Milk 500ml", "product_brand": "Palmolive", "combo": []}, {"category": "Beauty & Hygiene", "sub_category_name": "Bath & Hand Wash", "product_name": "Shower Gel - Frangipani & Oil +Lemon & Oil + Water Lily & Oil (250 ml each)", "product_brand": "Nivea", "combo": []}, {"category": "Beauty & Hygiene", "sub_category_name": "Bath & Hand Wash", "product_name": "Magic Freshness Talc", "product_brand": "Ponds", "combo": [["400 g", "270.00"], ["50 g", "60.00"], ["100 g", "110.00"]]}, {"category": "Beauty & Hygiene", "sub_category_name": "Bath & Hand Wash", "product_name": "BB Home Loofah-Band Brown BH-031 BRWN 1pc+Nivea Shower Gel Body Wash Women 250ml", "product_brand": "bb Combo", "combo": []}, {"category": "Beauty & Hygiene", "sub_category_name": "Bath & Hand Wash", "product_name": "Handwash - Mild", "product_brand": "Santoor", "combo": [["3x750 ml", "276.36"], ["750 ml", "94.00"]]}, {"category": "Beauty & Hygiene", "sub_category_name": "Bath & Hand Wash", "product_name": "International Creamy Perfection Soap Bar", "product_brand": "Lux", "combo": [["2x75 g", "60.00"], ["4x75 g", "120.00"], ["8x75 g", "240.00"], ["75 g", "30.00"]]}, {"category": "Beauty & Hygiene", "sub_category_name": "Bath & Hand Wash", "product_name": "Shower Gel - Frangipani & Oil + Lemon & Oil + Fresh Powerfruit (250 ml each)", "product_brand": "Nivea", "combo": []}, {"category": "Beauty & Hygiene", "sub_category_name": "Bath & Hand Wash", "product_name": "Purifying Turmeric Natural Ayurvedic Soap", "product_brand": "Lever Ayush", "combo": [["2x100 g", "50.00"], ["100 g", "25.00"]]}, {"category": "Beauty & Hygiene", "sub_category_name": "Bath & Hand Wash", "product_name": "Honey & Cream Soap", "product_brand": "Himalaya", "combo": [["125 g", "42.75"], ["4x75 g", "114.00"], ["4x125 g", "171.00"], ["75 g", "28.50"]]}, {"category": "Beauty & Hygiene", "sub_category_name": "Bath & Hand Wash", "product_name": "Pure & Gentle Soap Bar", "product_brand": "Pears", "combo": [["100 g", "35.34"], ["8x75 g", "282.72"], ["2x75 g", "70.68"], ["4x75 g", "141.36"]]}, {"category": "Beauty & Hygiene", "sub_category_name": "Bath & Hand Wash", "product_name": "Anti-Bacterial Hand Sanitiser", "product_brand": "Hygienix", "combo": [["200 ml", "90.00"], ["2 x 200 ml", "176.40"], ["5 L", "2000.00"], ["50 ml", "24.00"], ["100 ml", "45.00"]]}, {"category": "Beauty & Hygiene", "sub_category_name": "Bath & Hand Wash", "product_name": "Lemon Fresh Germ Protection Soap Bar", "product_brand": "Lifebuoy", "combo": [["2x56 g", "20.00"], ["56 g", "10.00"], ["125 g", "25.00"]]}, {"category": "Beauty & Hygiene", "sub_category_name": "Bath & Hand Wash", "product_name": "Hand Wash - Sea Mineral, Imported 250ml + Hand Wash - Natural, Sea Mineral 500ml", "product_brand": "Palmolive", "combo": []}, {"category": "Beauty & Hygiene", "sub_category_name": "Bath & Hand Wash", "product_name": "Hand Wash - Naturals, Sea Mineral", "product_brand": "Palmolive", "combo": [["250 ml", "89.10"], ["500 ml", "120.00"], ["2x500 ml", "240.00"]]}, {"category": "Beauty & Hygiene", "sub_category_name": "Bath & Hand Wash", "product_name": "Neem & Turmeric Soap", "product_brand": "Himalaya", "combo": [["2x75 g", "57.00"], ["75 g", "28.50"]]}, {"category": "Beauty & Hygiene", "sub_category_name": "Bath & Hand Wash", "product_name": "Oil Clear & Glow Soap Bar", "product_brand": "Pears", "combo": [["4x75 g", "164.00"], ["8x75 g", "328.00"], ["2x75 g", "82.00"], ["6x75 g", "209.10"], ["75 g", "41.00"]]}, {"category": "Beauty & Hygiene", "sub_category_name": "Bath & Hand Wash", "product_name": "Hand Wash - Mild", "product_brand": "Santoor", "combo": []}, {"category": "Beauty & Hygiene", "sub_category_name": "Bath & Hand Wash", "product_name": "Savlon Hand Wash - Herbal Sensitive 750 ml", "product_brand": "Savlon", "combo": [["750 ml", "95.00"], ["2x750 ml", "190.00"], ["3x750 ml", "285.00"]]}, {"category": "Beauty & Hygiene", "sub_category_name": "Bath & Hand Wash", "product_name": "Soap Bar - Water Lily & Cooling Mint, Fresh Splash, Save Rs. 6/-", "product_brand": "Lux", "combo": [["100 g", "66.00"], ["150 gm each", "108.00"]]}, {"category": "Beauty & Hygiene", "sub_category_name": "Bath & Hand Wash", "product_name": "Hand Wash - Hydrating, Foaming, Lime & Mint", "product_brand": "Palmolive", "combo": []}, {"category": "Beauty & Hygiene", "sub_category_name": "Bath & Hand Wash", "product_name": "Body Wash - Thermal Spa Imported Mineral Massage with Thermal Salts & White Clay", "product_brand": "Palmolive", "combo": [["250 ml", "153.00"], ["2x250 ml", "306.00"]]}, {"category": "Beauty & Hygiene", "sub_category_name": "Bath & Hand Wash", "product_name": "Hand Sanitizer", "product_brand": "Lifebuoy", "combo": []}, {"category": "Beauty & Hygiene", "sub_category_name": "Bath & Hand Wash", "product_name": "Herbocleanse Plus Herbal Hand Sanitizer", "product_brand": "Dr. Vaidya's", "combo": []}, {"category": "Beauty & Hygiene", "sub_category_name": "Bath & Hand Wash", "product_name": "Beauty Soap For Glowing Skin - Jasmine & Vitamin E, Mega", "product_brand": "Lux", "combo": []}, {"category": "Beauty & Hygiene", "sub_category_name": "Bath & Hand Wash", "product_name": "Sandal & Turmeric Soap 150g (Pack Of 4) + Hand Wash- Mild 215ml Buy 1 Get 1 Free", "product_brand": "Santoor", "combo": []}, {"category": "Beauty & Hygiene", "sub_category_name": "Bath & Hand Wash", "product_name": "Body Wash - Soft Touch Moisturizing", "product_brand": "Lux", "combo": []}, {"category": "Beauty & Hygiene", "sub_category_name": "Bath & Hand Wash", "product_name": "Hand Sanitizer", "product_brand": "Mediker", "combo": [["500 ml", "167.50"], ["200 ml", "75.00"]]}, {"category": "Beauty & Hygiene", "sub_category_name": "Bath & Hand Wash", "product_name": "Luxury Bath Soap - Sandal", "product_brand": "Moti", "combo": [["75 g", "32.00"], ["150 g", "60.00"]]}, {"category": "Beauty & Hygiene", "sub_category_name": "Bath & Hand Wash", "product_name": "Instant Hand Sanitizer - Citrus Lime", "product_brand": "Zuci", "combo": []}, {"category": "Beauty & Hygiene", "sub_category_name": "Bath & Hand Wash", "product_name": "Shower Gel - Power Fruit Fresh Body Wash", "product_brand": "Nivea", "combo": []}, {"category": "Beauty & Hygiene", "sub_category_name": "Bath & Hand Wash", "product_name": "Hand Wash - Classic", "product_brand": "Santoor", "combo": []}, {"category": "Beauty & Hygiene", "sub_category_name": "Bath & Hand Wash", "product_name": "Total 10 Activ Natural Germ Protection Handwash", "product_brand": "Lifebuoy", "combo": []}, {"category": "Beauty & Hygiene", "sub_category_name": "Bath & Hand Wash", "product_name": "Cool Bath Soap - 99.9% Germ Protection", "product_brand": "Cinthol", "combo": []}, {"category": "Beauty & Hygiene", "sub_category_name": "Bath & Hand Wash", "product_name": "Deeply Nourishing Body Wash", "product_brand": "Dove", "combo": []}, {"category": "Beauty & Hygiene", "sub_category_name": "Bath & Hand Wash", "product_name": "Hand Wash - Mild Care, Germ Protection", "product_brand": "Lifebuoy", "combo": []}, {"category": "Beauty & Hygiene", "sub_category_name": "Bath & Hand Wash", "product_name": "Bathing Soap - Ayurvedic Classic 18 Herbs", "product_brand": "Medimix", "combo": []}, {"category": "Beauty & Hygiene", "sub_category_name": "Bath & Hand Wash", "product_name": "Original Bath Soap - 99.9% Germ Protection", "product_brand": "Cinthol", "combo": [["8x100 g", "266.00"], ["4x100 g", "133.00"], ["100 g", "33.25"]]}, {"category": "Beauty & Hygiene", "sub_category_name": "Bath & Hand Wash", "product_name": "Savlon Hand Wash - Herbal Sensitive 750 ml", "product_brand": "Savlon", "combo": [["750 ml", "95.00"], ["2x750 ml", "190.00"], ["3x750 ml", "285.00"]]}, {"category": "Beauty & Hygiene", "sub_category_name": "Bath & Hand Wash", "product_name": "Soap Bar - Water Lily & Cooling Mint, Fresh Splash, Save Rs. 6/-", "product_brand": "Lux", "combo": [["100 g", "66.00"], ["150 gm each", "108.00"]]}, {"category": "Beauty & Hygiene", "sub_category_name": "Bath & Hand Wash", "product_name": "Hand Wash - Hydrating, Foaming, Lime & Mint", "product_brand": "Palmolive", "combo": []}, {"category": "Beauty & Hygiene", "sub_category_name": "Bath & Hand Wash", "product_name": "Body Wash - Thermal Spa Imported Mineral Massage with Thermal Salts & White Clay", "product_brand": "Palmolive", "combo": [["250 ml", "153.00"], ["2x250 ml", "306.00"]]}, {"category": "Beauty & Hygiene", "sub_category_name": "Bath & Hand Wash", "product_name": "Hand Sanitizer", "product_brand": "Lifebuoy", "combo": []}, {"category": "Beauty & Hygiene", "sub_category_name": "Bath & Hand Wash", "product_name": "Herbocleanse Plus Herbal Hand Sanitizer", "product_brand": "Dr. Vaidya's", "combo": []}, {"category": "Beauty & Hygiene", "sub_category_name": "Bath & Hand Wash", "product_name": "Beauty Soap For Glowing Skin - Jasmine & Vitamin E, Mega", "product_brand": "Lux", "combo": []}, {"category": "Beauty & Hygiene", "sub_category_name": "Bath & Hand Wash", "product_name": "Sandal & Turmeric Soap 150g (Pack Of 4) + Hand Wash- Mild 215ml Buy 1 Get 1 Free", "product_brand": "Santoor", "combo": []}, {"category": "Beauty & Hygiene", "sub_category_name": "Bath & Hand Wash", "product_name": "Body Wash - Soft Touch Moisturizing", "product_brand": "Lux", "combo": []}, {"category": "Beauty & Hygiene", "sub_category_name": "Bath & Hand Wash", "product_name": "Hand Sanitizer", "product_brand": "Mediker", "combo": [["500 ml", "167.50"], ["200 ml", "75.00"]]}, {"category": "Beauty & Hygiene", "sub_category_name": "Bath & Hand Wash", "product_name": "Luxury Bath Soap - Sandal", "product_brand": "Moti", "combo": [["75 g", "32.00"], ["150 g", "60.00"]]}, {"category": "Beauty & Hygiene", "sub_category_name": "Bath & Hand Wash", "product_name": "Instant Hand Sanitizer - Citrus Lime", "product_brand": "Zuci", "combo": []}, {"category": "Beauty & Hygiene", "sub_category_name": "Bath & Hand Wash", "product_name": "Shower Gel - Power Fruit Fresh Body Wash", "product_brand": "Nivea", "combo": []}, {"category": "Beauty & Hygiene", "sub_category_name": "Bath & Hand Wash", "product_name": "Hand Wash - Classic", "product_brand": "Santoor", "combo": []}, {"category": "Beauty & Hygiene", "sub_category_name": "Bath & Hand Wash", "product_name": "Total 10 Activ Natural Germ Protection Handwash", "product_brand": "Lifebuoy", "combo": []}, {"category": "Beauty & Hygiene", "sub_category_name": "Bath & Hand Wash", "product_name": "Cool Bath Soap - 99.9% Germ Protection", "product_brand": "Cinthol", "combo": []}, {"category": "Beauty & Hygiene", "sub_category_name": "Bath & Hand Wash", "product_name": "Deeply Nourishing Body Wash", "product_brand": "Dove", "combo": []}, {"category": "Beauty & Hygiene", "sub_category_name": "Bath & Hand Wash", "product_name": "Hand Wash - Mild Care, Germ Protection", "product_brand": "Lifebuoy", "combo": []}, {"category": "Beauty & Hygiene", "sub_category_name": "Bath & Hand Wash", "product_name": "Bathing Soap - Ayurvedic Classic 18 Herbs", "product_brand": "Medimix", "combo": []}, {"category": "Beauty & Hygiene", "sub_category_name": "Bath & Hand Wash", "product_name": "Original Bath Soap - 99.9% Germ Protection", "product_brand": "Cinthol", "combo": [["8x100 g", "266.00"], ["4x100 g", "133.00"], ["100 g", "33.25"]]}, {"category": "Beauty & Hygiene", "sub_category_name": "Bath & Hand Wash", "product_name": "Savlon Hand Wash - Herbal Sensitive 750 ml", "product_brand": "Savlon", "combo": [["750 ml", "95.00"], ["2x750 ml", "190.00"], ["3x750 ml", "285.00"]]}, {"category": "Beauty & Hygiene", "sub_category_name": "Bath & Hand Wash", "product_name": "Soap Bar - Water Lily & Cooling Mint, Fresh Splash, Save Rs. 6/-", "product_brand": "Lux", "combo": [["100 g", "66.00"], ["150 gm each", "108.00"]]}, {"category": "Beauty & Hygiene", "sub_category_name": "Bath & Hand Wash", "product_name": "Hand Wash - Hydrating, Foaming, Lime & Mint", "product_brand": "Palmolive", "combo": []}, {"category": "Beauty & Hygiene", "sub_category_name": "Bath & Hand Wash", "product_name": "Body Wash - Thermal Spa Imported Mineral Massage with Thermal Salts & White Clay", "product_brand": "Palmolive", "combo": [["250 ml", "153.00"], ["2x250 ml", "306.00"]]}, {"category": "Beauty & Hygiene", "sub_category_name": "Bath & Hand Wash", "product_name": "Hand Sanitizer", "product_brand": "Lifebuoy", "combo": []}, {"category": "Beauty & Hygiene", "sub_category_name": "Bath & Hand Wash", "product_name": "Herbocleanse Plus Herbal Hand Sanitizer", "product_brand": "Dr. Vaidya's", "combo": []}, {"category": "Beauty & Hygiene", "sub_category_name": "Bath & Hand Wash", "product_name": "Beauty Soap For Glowing Skin - Jasmine & Vitamin E, Mega", "product_brand": "Lux", "combo": []}, {"category": "Beauty & Hygiene", "sub_category_name": "Bath & Hand Wash", "product_name": "Sandal & Turmeric Soap 150g (Pack Of 4) + Hand Wash- Mild 215ml Buy 1 Get 1 Free", "product_brand": "Santoor", "combo": []}, {"category": "Beauty & Hygiene", "sub_category_name": "Bath & Hand Wash", "product_name": "Body Wash - Soft Touch Moisturizing", "product_brand": "Lux", "combo": []}, {"category": "Beauty & Hygiene", "sub_category_name": "Bath & Hand Wash", "product_name": "Hand Sanitizer", "product_brand": "Mediker", "combo": [["500 ml", "167.50"], ["200 ml", "75.00"]]}, {"category": "Beauty & Hygiene", "sub_category_name": "Bath & Hand Wash", "product_name": "Luxury Bath Soap - Sandal", "product_brand": "Moti", "combo": [["75 g", "32.00"], ["150 g", "60.00"]]}, {"category": "Beauty & Hygiene", "sub_category_name": "Bath & Hand Wash", "product_name": "Instant Hand Sanitizer - Citrus Lime", "product_brand": "Zuci", "combo": []}, {"category": "Beauty & Hygiene", "sub_category_name": "Bath & Hand Wash", "product_name": "Shower Gel - Power Fruit Fresh Body Wash", "product_brand": "Nivea", "combo": []}, {"category": "Beauty & Hygiene", "sub_category_name": "Bath & Hand Wash", "product_name": "Hand Wash - Classic", "product_brand": "Santoor", "combo": []}, {"category": "Beauty & Hygiene", "sub_category_name": "Bath & Hand Wash", "product_name": "Total 10 Activ Natural Germ Protection Handwash", "product_brand": "Lifebuoy", "combo": []}, {"category": "Beauty & Hygiene", "sub_category_name": "Bath & Hand Wash", "product_name": "Cool Bath Soap - 99.9% Germ Protection", "product_brand": "Cinthol", "combo": []}, {"category": "Beauty & Hygiene", "sub_category_name": "Bath & Hand Wash", "product_name": "Deeply Nourishing Body Wash", "product_brand": "Dove", "combo": []}, {"category": "Beauty & Hygiene", "sub_category_name": "Bath & Hand Wash", "product_name": "Hand Wash - Mild Care, Germ Protection", "product_brand": "Lifebuoy", "combo": []}, {"category": "Beauty & Hygiene", "sub_category_name": "Bath & Hand Wash", "product_name": "Bathing Soap - Ayurvedic Classic 18 Herbs", "product_brand": "Medimix", "combo": []}, {"category": "Beauty & Hygiene", "sub_category_name": "Bath & Hand Wash", "product_name": "Original Bath Soap - 99.9% Germ Protection", "product_brand": "Cinthol", "combo": [["8x100 g", "266.00"], ["4x100 g", "133.00"], ["100 g", "33.25"]]}, {"category": "Beauty & Hygiene", "sub_category_name": "Bath & Hand Wash", "product_name": "Savlon Hand Wash - Herbal Sensitive 750 ml", "product_brand": "Savlon", "combo": [["750 ml", "95.00"], ["2x750 ml", "190.00"], ["3x750 ml", "285.00"]]}, {"category": "Beauty & Hygiene", "sub_category_name": "Bath & Hand Wash", "product_name": "Soap Bar - Water Lily & Cooling Mint, Fresh Splash, Save Rs. 6/-", "product_brand": "Lux", "combo": [["100 g", "66.00"], ["150 gm each", "108.00"]]}, {"category": "Beauty & Hygiene", "sub_category_name": "Bath & Hand Wash", "product_name": "Hand Wash - Hydrating, Foaming, Lime & Mint", "product_brand": "Palmolive", "combo": []}, {"category": "Beauty & Hygiene", "sub_category_name": "Bath & Hand Wash", "product_name": "Body Wash - Thermal Spa Imported Mineral Massage with Thermal Salts & White Clay", "product_brand": "Palmolive", "combo": [["250 ml", "153.00"], ["2x250 ml", "306.00"]]}, {"category": "Beauty & Hygiene", "sub_category_name": "Bath & Hand Wash", "product_name": "Hand Sanitizer", "product_brand": "Lifebuoy", "combo": []}, {"category": "Beauty & Hygiene", "sub_category_name": "Bath & Hand Wash", "product_name": "Herbocleanse Plus Herbal Hand Sanitizer", "product_brand": "Dr. Vaidya's", "combo": []}, {"category": "Beauty & Hygiene", "sub_category_name": "Bath & Hand Wash", "product_name": "Beauty Soap For Glowing Skin - Jasmine & Vitamin E, Mega", "product_brand": "Lux", "combo": []}, {"category": "Beauty & Hygiene", "sub_category_name": "Bath & Hand Wash", "product_name": "Sandal & Turmeric Soap 150g (Pack Of 4) + Hand Wash- Mild 215ml Buy 1 Get 1 Free", "product_brand": "Santoor", "combo": []}, {"category": "Beauty & Hygiene", "sub_category_name": "Bath & Hand Wash", "product_name": "Body Wash - Soft Touch Moisturizing", "product_brand": "Lux", "combo": []}, {"category": "Beauty & Hygiene", "sub_category_name": "Bath & Hand Wash", "product_name": "Hand Sanitizer", "product_brand": "Mediker", "combo": [["500 ml", "167.50"], ["200 ml", "75.00"]]}, {"category": "Beauty & Hygiene", "sub_category_name": "Bath & Hand Wash", "product_name": "Luxury Bath Soap - Sandal", "product_brand": "Moti", "combo": [["75 g", "32.00"], ["150 g", "60.00"]]}, {"category": "Beauty & Hygiene", "sub_category_name": "Bath & Hand Wash", "product_name": "Instant Hand Sanitizer - Citrus Lime", "product_brand": "Zuci", "combo": []}, {"category": "Beauty & Hygiene", "sub_category_name": "Bath & Hand Wash", "product_name": "Shower Gel - Power Fruit Fresh Body Wash", "product_brand": "Nivea", "combo": []}, {"category": "Beauty & Hygiene", "sub_category_name": "Bath & Hand Wash", "product_name": "Hand Wash - Classic", "product_brand": "Santoor", "combo": []}, {"category": "Beauty & Hygiene", "sub_category_name": "Bath & Hand Wash", "product_name": "Total 10 Activ Natural Germ Protection Handwash", "product_brand": "Lifebuoy", "combo": []}, {"category": "Beauty & Hygiene", "sub_category_name": "Bath & Hand Wash", "product_name": "Cool Bath Soap - 99.9% Germ Protection", "product_brand": "Cinthol", "combo": []}, {"category": "Beauty & Hygiene", "sub_category_name": "Bath & Hand Wash", "product_name": "Deeply Nourishing Body Wash", "product_brand": "Dove", "combo": []}, {"category": "Beauty & Hygiene", "sub_category_name": "Bath & Hand Wash", "product_name": "Hand Wash - Mild Care, Germ Protection", "product_brand": "Lifebuoy", "combo": []}, {"category": "Beauty & Hygiene", "sub_category_name": "Bath & Hand Wash", "product_name": "Bathing Soap - Ayurvedic Classic 18 Herbs", "product_brand": "Medimix", "combo": []}, {"category": "Beauty & Hygiene", "sub_category_name": "Bath & Hand Wash", "product_name": "Original Bath Soap - 99.9% Germ Protection", "product_brand": "Cinthol", "combo": [["8x100 g", "266.00"], ["4x100 g", "133.00"], ["100 g", "33.25"]]}, {"category": "Beauty & Hygiene", "sub_category_name": "Bath & Hand Wash", "product_name": "Savlon Hand Wash - Herbal Sensitive 750 ml", "product_brand": "Savlon", "combo": [["750 ml", "95.00"], ["2x750 ml", "190.00"], ["3x750 ml", "285.00"]]}, {"category": "Beauty & Hygiene", "sub_category_name": "Bath & Hand Wash", "product_name": "Soap Bar - Water Lily & Cooling Mint, Fresh Splash, Save Rs. 6/-", "product_brand": "Lux", "combo": [["100 g", "66.00"], ["150 gm each", "108.00"]]}, {"category": "Beauty & Hygiene", "sub_category_name": "Bath & Hand Wash", "product_name": "Hand Wash - Hydrating, Foaming, Lime & Mint", "product_brand": "Palmolive", "combo": []}, {"category": "Beauty & Hygiene", "sub_category_name": "Bath & Hand Wash", "product_name": "Body Wash - Thermal Spa Imported Mineral Massage with Thermal Salts & White Clay", "product_brand": "Palmolive", "combo": [["250 ml", "153.00"], ["2x250 ml", "306.00"]]}, {"category": "Beauty & Hygiene", "sub_category_name": "Bath & Hand Wash", "product_name": "Hand Sanitizer", "product_brand": "Lifebuoy", "combo": []}, {"category": "Beauty & Hygiene", "sub_category_name": "Bath & Hand Wash", "product_name": "Herbocleanse Plus Herbal Hand Sanitizer", "product_brand": "Dr. Vaidya's", "combo": []}, {"category": "Beauty & Hygiene", "sub_category_name": "Bath & Hand Wash", "product_name": "Beauty Soap For Glowing Skin - Jasmine & Vitamin E, Mega", "product_brand": "Lux", "combo": []}, {"category": "Beauty & Hygiene", "sub_category_name": "Bath & Hand Wash", "product_name": "Sandal & Turmeric Soap 150g (Pack Of 4) + Hand Wash- Mild 215ml Buy 1 Get 1 Free", "product_brand": "Santoor", "combo": []}, {"category": "Beauty & Hygiene", "sub_category_name": "Bath & Hand Wash", "product_name": "Body Wash - Soft Touch Moisturizing", "product_brand": "Lux", "combo": []}, {"category": "Beauty & Hygiene", "sub_category_name": "Bath & Hand Wash", "product_name": "Hand Sanitizer", "product_brand": "Mediker", "combo": [["500 ml", "167.50"], ["200 ml", "75.00"]]}, {"category": "Beauty & Hygiene", "sub_category_name": "Bath & Hand Wash", "product_name": "Luxury Bath Soap - Sandal", "product_brand": "Moti", "combo": [["75 g", "32.00"], ["150 g", "60.00"]]}, {"category": "Beauty & Hygiene", "sub_category_name": "Bath & Hand Wash", "product_name": "Instant Hand Sanitizer - Citrus Lime", "product_brand": "Zuci", "combo": []}, {"category": "Beauty & Hygiene", "sub_category_name": "Bath & Hand Wash", "product_name": "Shower Gel - Power Fruit Fresh Body Wash", "product_brand": "Nivea", "combo": []}, {"category": "Beauty & Hygiene", "sub_category_name": "Bath & Hand Wash", "product_name": "Hand Wash - Classic", "product_brand": "Santoor", "combo": []}, {"category": "Beauty & Hygiene", "sub_category_name": "Bath & Hand Wash", "product_name": "Total 10 Activ Natural Germ Protection Handwash", "product_brand": "Lifebuoy", "combo": []}, {"category": "Beauty & Hygiene", "sub_category_name": "Bath & Hand Wash", "product_name": "Cool Bath Soap - 99.9% Germ Protection", "product_brand": "Cinthol", "combo": []}, {"category": "Beauty & Hygiene", "sub_category_name": "Bath & Hand Wash", "product_name": "Deeply Nourishing Body Wash", "product_brand": "Dove", "combo": []}, {"category": "Beauty & Hygiene", "sub_category_name": "Bath & Hand Wash", "product_name": "Hand Wash - Mild Care, Germ Protection", "product_brand": "Lifebuoy", "combo": []}, {"category": "Beauty & Hygiene", "sub_category_name": "Bath & Hand Wash", "product_name": "Bathing Soap - Ayurvedic Classic 18 Herbs", "product_brand": "Medimix", "combo": []}, {"category": "Beauty & Hygiene", "sub_category_name": "Bath & Hand Wash", "product_name": "Original Bath Soap - 99.9% Germ Protection", "product_brand": "Cinthol", "combo": [["8x100 g", "266.00"], ["4x100 g", "133.00"], ["100 g", "33.25"]]}, {"category": "Beauty & Hygiene", "sub_category_name": "Bath & Hand Wash", "product_name": "Savlon Hand Wash - Herbal Sensitive 750 ml", "product_brand": "Savlon", "combo": [["750 ml", "95.00"], ["2x750 ml", "190.00"], ["3x750 ml", "285.00"]]}, {"category": "Beauty & Hygiene", "sub_category_name": "Bath & Hand Wash", "product_name": "Soap Bar - Water Lily & Cooling Mint, Fresh Splash, Save Rs. 6/-", "product_brand": "Lux", "combo": [["100 g", "66.00"], ["150 gm each", "108.00"]]}, {"category": "Beauty & Hygiene", "sub_category_name": "Bath & Hand Wash", "product_name": "Hand Wash - Hydrating, Foaming, Lime & Mint", "product_brand": "Palmolive", "combo": []}, {"category": "Beauty & Hygiene", "sub_category_name": "Bath & Hand Wash", "product_name": "Body Wash - Thermal Spa Imported Mineral Massage with Thermal Salts & White Clay", "product_brand": "Palmolive", "combo": [["250 ml", "153.00"], ["2x250 ml", "306.00"]]}, {"category": "Beauty & Hygiene", "sub_category_name": "Bath & Hand Wash", "product_name": "Hand Sanitizer", "product_brand": "Lifebuoy", "combo": []}, {"category": "Beauty & Hygiene", "sub_category_name": "Bath & Hand Wash", "product_name": "Herbocleanse Plus Herbal Hand Sanitizer", "product_brand": "Dr. Vaidya's", "combo": []}, {"category": "Beauty & Hygiene", "sub_category_name": "Bath & Hand Wash", "product_name": "Beauty Soap For Glowing Skin - Jasmine & Vitamin E, Mega", "product_brand": "Lux", "combo": []}, {"category": "Beauty & Hygiene", "sub_category_name": "Bath & Hand Wash", "product_name": "Sandal & Turmeric Soap 150g (Pack Of 4) + Hand Wash- Mild 215ml Buy 1 Get 1 Free", "product_brand": "Santoor", "combo": []}, {"category": "Beauty & Hygiene", "sub_category_name": "Bath & Hand Wash", "product_name": "Body Wash - Soft Touch Moisturizing", "product_brand": "Lux", "combo": []}, {"category": "Beauty & Hygiene", "sub_category_name": "Bath & Hand Wash", "product_name": "Hand Sanitizer", "product_brand": "Mediker", "combo": [["500 ml", "167.50"], ["200 ml", "75.00"]]}, {"category": "Beauty & Hygiene", "sub_category_name": "Bath & Hand Wash", "product_name": "Luxury Bath Soap - Sandal", "product_brand": "Moti", "combo": [["75 g", "32.00"], ["150 g", "60.00"]]}, {"category": "Beauty & Hygiene", "sub_category_name": "Bath & Hand Wash", "product_name": "Instant Hand Sanitizer - Citrus Lime", "product_brand": "Zuci", "combo": []}, {"category": "Beauty & Hygiene", "sub_category_name": "Bath & Hand Wash", "product_name": "Shower Gel - Power Fruit Fresh Body Wash", "product_brand": "Nivea", "combo": []}, {"category": "Beauty & Hygiene", "sub_category_name": "Bath & Hand Wash", "product_name": "Hand Wash - Classic", "product_brand": "Santoor", "combo": []}, {"category": "Beauty & Hygiene", "sub_category_name": "Bath & Hand Wash", "product_name": "Total 10 Activ Natural Germ Protection Handwash", "product_brand": "Lifebuoy", "combo": []}, {"category": "Beauty & Hygiene", "sub_category_name": "Bath & Hand Wash", "product_name": "Cool Bath Soap - 99.9% Germ Protection", "product_brand": "Cinthol", "combo": []}, {"category": "Beauty & Hygiene", "sub_category_name": "Bath & Hand Wash", "product_name": "Deeply Nourishing Body Wash", "product_brand": "Dove", "combo": []}, {"category": "Beauty & Hygiene", "sub_category_name": "Bath & Hand Wash", "product_name": "Hand Wash - Mild Care, Germ Protection", "product_brand": "Lifebuoy", "combo": []}, {"category": "Beauty & Hygiene", "sub_category_name": "Bath & Hand Wash", "product_name": "Bathing Soap - Ayurvedic Classic 18 Herbs", "product_brand": "Medimix", "combo": []}, {"category": "Beauty & Hygiene", "sub_category_name": "Bath & Hand Wash", "product_name": "Original Bath Soap - 99.9% Germ Protection", "product_brand": "Cinthol", "combo": [["8x100 g", "266.00"], ["4x100 g", "133.00"], ["100 g", "33.25"]]}, {"category": "Beauty & Hygiene", "sub_category_name": "Bath & Hand Wash", "product_name": "Savlon Hand Wash - Herbal Sensitive 750 ml", "product_brand": "Savlon", "combo": [["750 ml", "95.00"], ["2x750 ml", "190.00"], ["3x750 ml", "285.00"]]}, {"category": "Beauty & Hygiene", "sub_category_name": "Bath & Hand Wash", "product_name": "Soap Bar - Water Lily & Cooling Mint, Fresh Splash, Save Rs. 6/-", "product_brand": "Lux", "combo": [["100 g", "66.00"], ["150 gm each", "108.00"]]}, {"category": "Beauty & Hygiene", "sub_category_name": "Bath & Hand Wash", "product_name": "Hand Wash - Hydrating, Foaming, Lime & Mint", "product_brand": "Palmolive", "combo": []}, {"category": "Beauty & Hygiene", "sub_category_name": "Bath & Hand Wash", "product_name": "Body Wash - Thermal Spa Imported Mineral Massage with Thermal Salts & White Clay", "product_brand": "Palmolive", "combo": [["250 ml", "153.00"], ["2x250 ml", "306.00"]]}, {"category": "Beauty & Hygiene", "sub_category_name": "Bath & Hand Wash", "product_name": "Hand Sanitizer", "product_brand": "Lifebuoy", "combo": []}, {"category": "Beauty & Hygiene", "sub_category_name": "Bath & Hand Wash", "product_name": "Herbocleanse Plus Herbal Hand Sanitizer", "product_brand": "Dr. Vaidya's", "combo": []}, {"category": "Beauty & Hygiene", "sub_category_name": "Bath & Hand Wash", "product_name": "Beauty Soap For Glowing Skin - Jasmine & Vitamin E, Mega", "product_brand": "Lux", "combo": []}, {"category": "Beauty & Hygiene", "sub_category_name": "Bath & Hand Wash", "product_name": "Sandal & Turmeric Soap 150g (Pack Of 4) + Hand Wash- Mild 215ml Buy 1 Get 1 Free", "product_brand": "Santoor", "combo": []}, {"category": "Beauty & Hygiene", "sub_category_name": "Bath & Hand Wash", "product_name": "Body Wash - Soft Touch Moisturizing", "product_brand": "Lux", "combo": []}, {"category": "Beauty & Hygiene", "sub_category_name": "Bath & Hand Wash", "product_name": "Hand Sanitizer", "product_brand": "Mediker", "combo": [["500 ml", "167.50"], ["200 ml", "75.00"]]}, {"category": "Beauty & Hygiene", "sub_category_name": "Bath & Hand Wash", "product_name": "Luxury Bath Soap - Sandal", "product_brand": "Moti", "combo": [["75 g", "32.00"], ["150 g", "60.00"]]}, {"category": "Beauty & Hygiene", "sub_category_name": "Bath & Hand Wash", "product_name": "Instant Hand Sanitizer - Citrus Lime", "product_brand": "Zuci", "combo": []}, {"category": "Beauty & Hygiene", "sub_category_name": "Bath & Hand Wash", "product_name": "Shower Gel - Power Fruit Fresh Body Wash", "product_brand": "Nivea", "combo": []}, {"category": "Beauty & Hygiene", "sub_category_name": "Bath & Hand Wash", "product_name": "Hand Wash - Classic", "product_brand": "Santoor", "combo": []}, {"category": "Beauty & Hygiene", "sub_category_name": "Bath & Hand Wash", "product_name": "Total 10 Activ Natural Germ Protection Handwash", "product_brand": "Lifebuoy", "combo": []}, {"category": "Beauty & Hygiene", "sub_category_name": "Bath & Hand Wash", "product_name": "Cool Bath Soap - 99.9% Germ Protection", "product_brand": "Cinthol", "combo": []}, {"category": "Beauty & Hygiene", "sub_category_name": "Bath & Hand Wash", "product_name": "Deeply Nourishing Body Wash", "product_brand": "Dove", "combo": []}, {"category": "Beauty & Hygiene", "sub_category_name": "Bath & Hand Wash", "product_name": "Hand Wash - Mild Care, Germ Protection", "product_brand": "Lifebuoy", "combo": []}, {"category": "Beauty & Hygiene", "sub_category_name": "Bath & Hand Wash", "product_name": "Bathing Soap - Ayurvedic Classic 18 Herbs", "product_brand": "Medimix", "combo": []}, {"category": "Beauty & Hygiene", "sub_category_name": "Bath & Hand Wash", "product_name": "Original Bath Soap - 99.9% Germ Protection", "product_brand": "Cinthol", "combo": [["8x100 g", "266.00"], ["4x100 g", "133.00"], ["100 g", "33.25"]]}, {"category": "Beauty & Hygiene", "sub_category_name": "Bath & Hand Wash", "product_name": "Savlon Hand Wash - Herbal Sensitive 750 ml", "product_brand": "Savlon", "combo": [["750 ml", "95.00"], ["2x750 ml", "190.00"], ["3x750 ml", "285.00"]]}, {"category": "Beauty & Hygiene", "sub_category_name": "Bath & Hand Wash", "product_name": "Soap Bar - Water Lily & Cooling Mint, Fresh Splash, Save Rs. 6/-", "product_brand": "Lux", "combo": [["100 g", "66.00"], ["150 gm each", "108.00"]]}, {"category": "Beauty & Hygiene", "sub_category_name": "Bath & Hand Wash", "product_name": "Hand Wash - Hydrating, Foaming, Lime & Mint", "product_brand": "Palmolive", "combo": []}, {"category": "Beauty & Hygiene", "sub_category_name": "Bath & Hand Wash", "product_name": "Body Wash - Thermal Spa Imported Mineral Massage with Thermal Salts & White Clay", "product_brand": "Palmolive", "combo": [["250 ml", "153.00"], ["2x250 ml", "306.00"]]}, {"category": "Beauty & Hygiene", "sub_category_name": "Bath & Hand Wash", "product_name": "Hand Sanitizer", "product_brand": "Lifebuoy", "combo": []}, {"category": "Beauty & Hygiene", "sub_category_name": "Bath & Hand Wash", "product_name": "Herbocleanse Plus Herbal Hand Sanitizer", "product_brand": "Dr. Vaidya's", "combo": []}, {"category": "Beauty & Hygiene", "sub_category_name": "Bath & Hand Wash", "product_name": "Beauty Soap For Glowing Skin - Jasmine & Vitamin E, Mega", "product_brand": "Lux", "combo": []}, {"category": "Beauty & Hygiene", "sub_category_name": "Bath & Hand Wash", "product_name": "Sandal & Turmeric Soap 150g (Pack Of 4) + Hand Wash- Mild 215ml Buy 1 Get 1 Free", "product_brand": "Santoor", "combo": []}, {"category": "Beauty & Hygiene", "sub_category_name": "Bath & Hand Wash", "product_name": "Body Wash - Soft Touch Moisturizing", "product_brand": "Lux", "combo": []}, {"category": "Beauty & Hygiene", "sub_category_name": "Bath & Hand Wash", "product_name": "Hand Sanitizer", "product_brand": "Mediker", "combo": [["500 ml", "167.50"], ["200 ml", "75.00"]]}, {"category": "Beauty & Hygiene", "sub_category_name": "Bath & Hand Wash", "product_name": "Luxury Bath Soap - Sandal", "product_brand": "Moti", "combo": [["75 g", "32.00"], ["150 g", "60.00"]]}, {"category": "Beauty & Hygiene", "sub_category_name": "Bath & Hand Wash", "product_name": "Instant Hand Sanitizer - Citrus Lime", "product_brand": "Zuci", "combo": []}, {"category": "Beauty & Hygiene", "sub_category_name": "Bath & Hand Wash", "product_name": "Shower Gel - Power Fruit Fresh Body Wash", "product_brand": "Nivea", "combo": []}, {"category": "Beauty & Hygiene", "sub_category_name": "Bath & Hand Wash", "product_name": "Hand Wash - Classic", "product_brand": "Santoor", "combo": []}, {"category": "Beauty & Hygiene", "sub_category_name": "Bath & Hand Wash", "product_name": "Total 10 Activ Natural Germ Protection Handwash", "product_brand": "Lifebuoy", "combo": []}, {"category": "Beauty & Hygiene", "sub_category_name": "Bath & Hand Wash", "product_name": "Cool Bath Soap - 99.9% Germ Protection", "product_brand": "Cinthol", "combo": []}, {"category": "Beauty & Hygiene", "sub_category_name": "Bath & Hand Wash", "product_name": "Deeply Nourishing Body Wash", "product_brand": "Dove", "combo": []}, {"category": "Beauty & Hygiene", "sub_category_name": "Bath & Hand Wash", "product_name": "Hand Wash - Mild Care, Germ Protection", "product_brand": "Lifebuoy", "combo": []}, {"category": "Beauty & Hygiene", "sub_category_name": "Bath & Hand Wash", "product_name": "Bathing Soap - Ayurvedic Classic 18 Herbs", "product_brand": "Medimix", "combo": []}, {"category": "Beauty & Hygiene", "sub_category_name": "Bath & Hand Wash", "product_name": "Original Bath Soap - 99.9% Germ Protection", "product_brand": "Cinthol", "combo": [["8x100 g", "266.00"], ["4x100 g", "133.00"], ["100 g", "33.25"]]}, {"category": "Beauty & Hygiene", "sub_category_name": "Bath & Hand Wash", "product_name": "Savlon Hand Wash - Herbal Sensitive 750 ml", "product_brand": "Savlon", "combo": [["750 ml", "95.00"], ["2x750 ml", "190.00"], ["3x750 ml", "285.00"]]}, {"category": "Beauty & Hygiene", "sub_category_name": "Bath & Hand Wash", "product_name": "Soap Bar - Water Lily & Cooling Mint, Fresh Splash, Save Rs. 6/-", "product_brand": "Lux", "combo": [["100 g", "66.00"], ["150 gm each", "108.00"]]}, {"category": "Beauty & Hygiene", "sub_category_name": "Bath & Hand Wash", "product_name": "Hand Wash - Hydrating, Foaming, Lime & Mint", "product_brand": "Palmolive", "combo": []}, {"category": "Beauty & Hygiene", "sub_category_name": "Bath & Hand Wash", "product_name": "Body Wash - Thermal Spa Imported Mineral Massage with Thermal Salts & White Clay", "product_brand": "Palmolive", "combo": [["250 ml", "153.00"], ["2x250 ml", "306.00"]]}, {"category": "Beauty & Hygiene", "sub_category_name": "Bath & Hand Wash", "product_name": "Hand Sanitizer", "product_brand": "Lifebuoy", "combo": []}, {"category": "Beauty & Hygiene", "sub_category_name": "Bath & Hand Wash", "product_name": "Herbocleanse Plus Herbal Hand Sanitizer", "product_brand": "Dr. Vaidya's", "combo": []}, {"category": "Beauty & Hygiene", "sub_category_name": "Bath & Hand Wash", "product_name": "Beauty Soap For Glowing Skin - Jasmine & Vitamin E, Mega", "product_brand": "Lux", "combo": []}, {"category": "Beauty & Hygiene", "sub_category_name": "Bath & Hand Wash", "product_name": "Sandal & Turmeric Soap 150g (Pack Of 4) + Hand Wash- Mild 215ml Buy 1 Get 1 Free", "product_brand": "Santoor", "combo": []}, {"category": "Beauty & Hygiene", "sub_category_name": "Bath & Hand Wash", "product_name": "Body Wash - Soft Touch Moisturizing", "product_brand": "Lux", "combo": []}, {"category": "Beauty & Hygiene", "sub_category_name": "Bath & Hand Wash", "product_name": "Hand Sanitizer", "product_brand": "Mediker", "combo": [["500 ml", "167.50"], ["200 ml", "75.00"]]}, {"category": "Beauty & Hygiene", "sub_category_name": "Bath & Hand Wash", "product_name": "Luxury Bath Soap - Sandal", "product_brand": "Moti", "combo": [["75 g", "32.00"], ["150 g", "60.00"]]}, {"category": "Beauty & Hygiene", "sub_category_name": "Bath & Hand Wash", "product_name": "Instant Hand Sanitizer - Citrus Lime", "product_brand": "Zuci", "combo": []}, {"category": "Beauty & Hygiene", "sub_category_name": "Bath & Hand Wash", "product_name": "Shower Gel - Power Fruit Fresh Body Wash", "product_brand": "Nivea", "combo": []}, {"category": "Beauty & Hygiene", "sub_category_name": "Bath & Hand Wash", "product_name": "Hand Wash - Classic", "product_brand": "Santoor", "combo": []}, {"category": "Beauty & Hygiene", "sub_category_name": "Bath & Hand Wash", "product_name": "Total 10 Activ Natural Germ Protection Handwash", "product_brand": "Lifebuoy", "combo": []}, {"category": "Beauty & Hygiene", "sub_category_name": "Bath & Hand Wash", "product_name": "Cool Bath Soap - 99.9% Germ Protection", "product_brand": "Cinthol", "combo": []}, {"category": "Beauty & Hygiene", "sub_category_name": "Bath & Hand Wash", "product_name": "Deeply Nourishing Body Wash", "product_brand": "Dove", "combo": []}, {"category": "Beauty & Hygiene", "sub_category_name": "Bath & Hand Wash", "product_name": "Hand Wash - Mild Care, Germ Protection", "product_brand": "Lifebuoy", "combo": []}, {"category": "Beauty & Hygiene", "sub_category_name": "Bath & Hand Wash", "product_name": "Bathing Soap - Ayurvedic Classic 18 Herbs", "product_brand": "Medimix", "combo": []}, {"category": "Beauty & Hygiene", "sub_category_name": "Bath & Hand Wash", "product_name": "Original Bath Soap - 99.9% Germ Protection", "product_brand": "Cinthol", "combo": [["8x100 g", "266.00"], ["4x100 g", "133.00"], ["100 g", "33.25"]]}, {"category": "Beauty & Hygiene", "sub_category_name": "Bath & Hand Wash", "product_name": "Savlon Hand Wash - Herbal Sensitive 750 ml", "product_brand": "Savlon", "combo": [["750 ml", "95.00"], ["2x750 ml", "190.00"], ["3x750 ml", "285.00"]]}, {"category": "Beauty & Hygiene", "sub_category_name": "Bath & Hand Wash", "product_name": "Soap Bar - Water Lily & Cooling Mint, Fresh Splash, Save Rs. 6/-", "product_brand": "Lux", "combo": [["100 g", "66.00"], ["150 gm each", "108.00"]]}, {"category": "Beauty & Hygiene", "sub_category_name": "Bath & Hand Wash", "product_name": "Hand Wash - Hydrating, Foaming, Lime & Mint", "product_brand": "Palmolive", "combo": []}, {"category": "Beauty & Hygiene", "sub_category_name": "Bath & Hand Wash", "product_name": "Body Wash - Thermal Spa Imported Mineral Massage with Thermal Salts & White Clay", "product_brand": "Palmolive", "combo": [["250 ml", "153.00"], ["2x250 ml", "306.00"]]}, {"category": "Beauty & Hygiene", "sub_category_name": "Bath & Hand Wash", "product_name": "Hand Sanitizer", "product_brand": "Lifebuoy", "combo": []}, {"category": "Beauty & Hygiene", "sub_category_name": "Bath & Hand Wash", "product_name": "Herbocleanse Plus Herbal Hand Sanitizer", "product_brand": "Dr. Vaidya's", "combo": []}, {"category": "Beauty & Hygiene", "sub_category_name": "Bath & Hand Wash", "product_name": "Beauty Soap For Glowing Skin - Jasmine & Vitamin E, Mega", "product_brand": "Lux", "combo": []}, {"category": "Beauty & Hygiene", "sub_category_name": "Bath & Hand Wash", "product_name": "Sandal & Turmeric Soap 150g (Pack Of 4) + Hand Wash- Mild 215ml Buy 1 Get 1 Free", "product_brand": "Santoor", "combo": []}, {"category": "Beauty & Hygiene", "sub_category_name": "Bath & Hand Wash", "product_name": "Body Wash - Soft Touch Moisturizing", "product_brand": "Lux", "combo": []}, {"category": "Beauty & Hygiene", "sub_category_name": "Bath & Hand Wash", "product_name": "Hand Sanitizer", "product_brand": "Mediker", "combo": [["500 ml", "167.50"], ["200 ml", "75.00"]]}, {"category": "Beauty & Hygiene", "sub_category_name": "Bath & Hand Wash", "product_name": "Luxury Bath Soap - Sandal", "product_brand": "Moti", "combo": [["75 g", "32.00"], ["150 g", "60.00"]]}, {"category": "Beauty & Hygiene", "sub_category_name": "Bath & Hand Wash", "product_name": "Instant Hand Sanitizer - Citrus Lime", "product_brand": "Zuci", "combo": []}, {"category": "Beauty & Hygiene", "sub_category_name": "Bath & Hand Wash", "product_name": "Shower Gel - Power Fruit Fresh Body Wash", "product_brand": "Nivea", "combo": []}, {"category": "Beauty & Hygiene", "sub_category_name": "Bath & Hand Wash", "product_name": "Hand Wash - Classic", "product_brand": "Santoor", "combo": []}, {"category": "Beauty & Hygiene", "sub_category_name": "Bath & Hand Wash", "product_name": "Total 10 Activ Natural Germ Protection Handwash", "product_brand": "Lifebuoy", "combo": []}, {"category": "Beauty & Hygiene", "sub_category_name": "Bath & Hand Wash", "product_name": "Cool Bath Soap - 99.9% Germ Protection", "product_brand": "Cinthol", "combo": []}, {"category": "Beauty & Hygiene", "sub_category_name": "Bath & Hand Wash", "product_name": "Deeply Nourishing Body Wash", "product_brand": "Dove", "combo": []}, {"category": "Beauty & Hygiene", "sub_category_name": "Bath & Hand Wash", "product_name": "Hand Wash - Mild Care, Germ Protection", "product_brand": "Lifebuoy", "combo": []}, {"category": "Beauty & Hygiene", "sub_category_name": "Bath & Hand Wash", "product_name": "Bathing Soap - Ayurvedic Classic 18 Herbs", "product_brand": "Medimix", "combo": []}, {"category": "Beauty & Hygiene", "sub_category_name": "Bath & Hand Wash", "product_name": "Original Bath Soap - 99.9% Germ Protection", "product_brand": "Cinthol", "combo": [["8x100 g", "266.00"], ["4x100 g", "133.00"], ["100 g", "33.25"]]}, {"category": "Beauty & Hygiene", "sub_category_name": "Bath & Hand Wash", "product_name": "Savlon Hand Wash - Herbal Sensitive 750 ml", "product_brand": "Savlon", "combo": [["750 ml", "95.00"], ["2x750 ml", "190.00"], ["3x750 ml", "285.00"]]}, {"category": "Beauty & Hygiene", "sub_category_name": "Bath & Hand Wash", "product_name": "Soap Bar - Water Lily & Cooling Mint, Fresh Splash, Save Rs. 6/-", "product_brand": "Lux", "combo": [["100 g", "66.00"], ["150 gm each", "108.00"]]}, {"category": "Beauty & Hygiene", "sub_category_name": "Bath & Hand Wash", "product_name": "Hand Wash - Hydrating, Foaming, Lime & Mint", "product_brand": "Palmolive", "combo": []}, {"category": "Beauty & Hygiene", "sub_category_name": "Bath & Hand Wash", "product_name": "Body Wash - Thermal Spa Imported Mineral Massage with Thermal Salts & White Clay", "product_brand": "Palmolive", "combo": [["250 ml", "153.00"], ["2x250 ml", "306.00"]]}, {"category": "Beauty & Hygiene", "sub_category_name": "Bath & Hand Wash", "product_name": "Hand Sanitizer", "product_brand": "Lifebuoy", "combo": []}, {"category": "Beauty & Hygiene", "sub_category_name": "Bath & Hand Wash", "product_name": "Herbocleanse Plus Herbal Hand Sanitizer", "product_brand": "Dr. Vaidya's", "combo": []}, {"category": "Beauty & Hygiene", "sub_category_name": "Bath & Hand Wash", "product_name": "Beauty Soap For Glowing Skin - Jasmine & Vitamin E, Mega", "product_brand": "Lux", "combo": []}, {"category": "Beauty & Hygiene", "sub_category_name": "Bath & Hand Wash", "product_name": "Sandal & Turmeric Soap 150g (Pack Of 4) + Hand Wash- Mild 215ml Buy 1 Get 1 Free", "product_brand": "Santoor", "combo": []}, {"category": "Beauty & Hygiene", "sub_category_name": "Bath & Hand Wash", "product_name": "Body Wash - Soft Touch Moisturizing", "product_brand": "Lux", "combo": []}, {"category": "Beauty & Hygiene", "sub_category_name": "Bath & Hand Wash", "product_name": "Hand Sanitizer", "product_brand": "Mediker", "combo": [["500 ml", "167.50"], ["200 ml", "75.00"]]}, {"category": "Beauty & Hygiene", "sub_category_name": "Bath & Hand Wash", "product_name": "Luxury Bath Soap - Sandal", "product_brand": "Moti", "combo": [["75 g", "32.00"], ["150 g", "60.00"]]}, {"category": "Beauty & Hygiene", "sub_category_name": "Bath & Hand Wash", "product_name": "Instant Hand Sanitizer - Citrus Lime", "product_brand": "Zuci", "combo": []}, {"category": "Beauty & Hygiene", "sub_category_name": "Bath & Hand Wash", "product_name": "Shower Gel - Power Fruit Fresh Body Wash", "product_brand": "Nivea", "combo": []}, {"category": "Beauty & Hygiene", "sub_category_name": "Bath & Hand Wash", "product_name": "Hand Wash - Classic", "product_brand": "Santoor", "combo": []}, {"category": "Beauty & Hygiene", "sub_category_name": "Bath & Hand Wash", "product_name": "Total 10 Activ Natural Germ Protection Handwash", "product_brand": "Lifebuoy", "combo": []}, {"category": "Beauty & Hygiene", "sub_category_name": "Bath & Hand Wash", "product_name": "Cool Bath Soap - 99.9% Germ Protection", "product_brand": "Cinthol", "combo": []}, {"category": "Beauty & Hygiene", "sub_category_name": "Bath & Hand Wash", "product_name": "Deeply Nourishing Body Wash", "product_brand": "Dove", "combo": []}, {"category": "Beauty & Hygiene", "sub_category_name": "Bath & Hand Wash", "product_name": "Hand Wash - Mild Care, Germ Protection", "product_brand": "Lifebuoy", "combo": []}, {"category": "Beauty & Hygiene", "sub_category_name": "Bath & Hand Wash", "product_name": "Bathing Soap - Ayurvedic Classic 18 Herbs", "product_brand": "Medimix", "combo": []}, {"category": "Beauty & Hygiene", "sub_category_name": "Bath & Hand Wash", "product_name": "Original Bath Soap - 99.9% Germ Protection", "product_brand": "Cinthol", "combo": [["8x100 g", "266.00"], ["4x100 g", "133.00"], ["100 g", "33.25"]]}, {"category": "Beauty & Hygiene", "sub_category_name": "Bath & Hand Wash", "product_name": "Savlon Hand Wash - Herbal Sensitive 750 ml", "product_brand": "Savlon", "combo": [["750 ml", "95.00"], ["2x750 ml", "190.00"], ["3x750 ml", "285.00"]]}, {"category": "Beauty & Hygiene", "sub_category_name": "Bath & Hand Wash", "product_name": "Soap Bar - Water Lily & Cooling Mint, Fresh Splash, Save Rs. 6/-", "product_brand": "Lux", "combo": [["100 g", "66.00"], ["150 gm each", "108.00"]]}, {"category": "Beauty & Hygiene", "sub_category_name": "Bath & Hand Wash", "product_name": "Hand Wash - Hydrating, Foaming, Lime & Mint", "product_brand": "Palmolive", "combo": []}, {"category": "Beauty & Hygiene", "sub_category_name": "Bath & Hand Wash", "product_name": "Body Wash - Thermal Spa Imported Mineral Massage with Thermal Salts & White Clay", "product_brand": "Palmolive", "combo": [["250 ml", "153.00"], ["2x250 ml", "306.00"]]}, {"category": "Beauty & Hygiene", "sub_category_name": "Bath & Hand Wash", "product_name": "Hand Sanitizer", "product_brand": "Lifebuoy", "combo": []}, {"category": "Beauty & Hygiene", "sub_category_name": "Bath & Hand Wash", "product_name": "Herbocleanse Plus Herbal Hand Sanitizer", "product_brand": "Dr. Vaidya's", "combo": []}, {"category": "Beauty & Hygiene", "sub_category_name": "Bath & Hand Wash", "product_name": "Beauty Soap For Glowing Skin - Jasmine & Vitamin E, Mega", "product_brand": "Lux", "combo": []}, {"category": "Beauty & Hygiene", "sub_category_name": "Bath & Hand Wash", "product_name": "Sandal & Turmeric Soap 150g (Pack Of 4) + Hand Wash- Mild 215ml Buy 1 Get 1 Free", "product_brand": "Santoor", "combo": []}, {"category": "Beauty & Hygiene", "sub_category_name": "Bath & Hand Wash", "product_name": "Body Wash - Soft Touch Moisturizing", "product_brand": "Lux", "combo": []}, {"category": "Beauty & Hygiene", "sub_category_name": "Bath & Hand Wash", "product_name": "Hand Sanitizer", "product_brand": "Mediker", "combo": [["500 ml", "167.50"], ["200 ml", "75.00"]]}, {"category": "Beauty & Hygiene", "sub_category_name": "Bath & Hand Wash", "product_name": "Luxury Bath Soap - Sandal", "product_brand": "Moti", "combo": [["75 g", "32.00"], ["150 g", "60.00"]]}, {"category": "Beauty & Hygiene", "sub_category_name": "Bath & Hand Wash", "product_name": "Instant Hand Sanitizer - Citrus Lime", "product_brand": "Zuci", "combo": []}, {"category": "Beauty & Hygiene", "sub_category_name": "Bath & Hand Wash", "product_name": "Shower Gel - Power Fruit Fresh Body Wash", "product_brand": "Nivea", "combo": []}, {"category": "Beauty & Hygiene", "sub_category_name": "Bath & Hand Wash", "product_name": "Hand Wash - Classic", "product_brand": "Santoor", "combo": []}, {"category": "Beauty & Hygiene", "sub_category_name": "Bath & Hand Wash", "product_name": "Total 10 Activ Natural Germ Protection Handwash", "product_brand": "Lifebuoy", "combo": []}, {"category": "Beauty & Hygiene", "sub_category_name": "Bath & Hand Wash", "product_name": "Cool Bath Soap - 99.9% Germ Protection", "product_brand": "Cinthol", "combo": []}, {"category": "Beauty & Hygiene", "sub_category_name": "Bath & Hand Wash", "product_name": "Deeply Nourishing Body Wash", "product_brand": "Dove", "combo": []}, {"category": "Beauty & Hygiene", "sub_category_name": "Bath & Hand Wash", "product_name": "Hand Wash - Mild Care, Germ Protection", "product_brand": "Lifebuoy", "combo": []}, {"category": "Beauty & Hygiene", "sub_category_name": "Bath & Hand Wash", "product_name": "Bathing Soap - Ayurvedic Classic 18 Herbs", "product_brand": "Medimix", "combo": []}, {"category": "Beauty & Hygiene", "sub_category_name": "Bath & Hand Wash", "product_name": "Original Bath Soap - 99.9% Germ Protection", "product_brand": "Cinthol", "combo": [["8x100 g", "266.00"], ["4x100 g", "133.00"], ["100 g", "33.25"]]}, {"category": "Beauty & Hygiene", "sub_category_name": "Bath & Hand Wash", "product_name": "Savlon Hand Wash - Herbal Sensitive 750 ml", "product_brand": "Savlon", "combo": [["750 ml", "95.00"], ["2x750 ml", "190.00"], ["3x750 ml", "285.00"]]}, {"category": "Beauty & Hygiene", "sub_category_name": "Bath & Hand Wash", "product_name": "Soap Bar - Water Lily & Cooling Mint, Fresh Splash, Save Rs. 6/-", "product_brand": "Lux", "combo": [["100 g", "66.00"], ["150 gm each", "108.00"]]}, {"category": "Beauty & Hygiene", "sub_category_name": "Bath & Hand Wash", "product_name": "Hand Wash - Hydrating, Foaming, Lime & Mint", "product_brand": "Palmolive", "combo": []}, {"category": "Beauty & Hygiene", "sub_category_name": "Bath & Hand Wash", "product_name": "Body Wash - Thermal Spa Imported Mineral Massage with Thermal Salts & White Clay", "product_brand": "Palmolive", "combo": [["250 ml", "153.00"], ["2x250 ml", "306.00"]]}, {"category": "Beauty & Hygiene", "sub_category_name": "Bath & Hand Wash", "product_name": "Hand Sanitizer", "product_brand": "Lifebuoy", "combo": []}, {"category": "Beauty & Hygiene", "sub_category_name": "Bath & Hand Wash", "product_name": "Herbocleanse Plus Herbal Hand Sanitizer", "product_brand": "Dr. Vaidya's", "combo": []}, {"category": "Beauty & Hygiene", "sub_category_name": "Bath & Hand Wash", "product_name": "Beauty Soap For Glowing Skin - Jasmine & Vitamin E, Mega", "product_brand": "Lux", "combo": []}, {"category": "Beauty & Hygiene", "sub_category_name": "Bath & Hand Wash", "product_name": "Sandal & Turmeric Soap 150g (Pack Of 4) + Hand Wash- Mild 215ml Buy 1 Get 1 Free", "product_brand": "Santoor", "combo": []}, {"category": "Beauty & Hygiene", "sub_category_name": "Bath & Hand Wash", "product_name": "Body Wash - Soft Touch Moisturizing", "product_brand": "Lux", "combo": []}, {"category": "Beauty & Hygiene", "sub_category_name": "Bath & Hand Wash", "product_name": "Hand Sanitizer", "product_brand": "Mediker", "combo": [["500 ml", "167.50"], ["200 ml", "75.00"]]}, {"category": "Beauty & Hygiene", "sub_category_name": "Bath & Hand Wash", "product_name": "Luxury Bath Soap - Sandal", "product_brand": "Moti", "combo": [["75 g", "32.00"], ["150 g", "60.00"]]}, {"category": "Beauty & Hygiene", "sub_category_name": "Bath & Hand Wash", "product_name": "Instant Hand Sanitizer - Citrus Lime", "product_brand": "Zuci", "combo": []}, {"category": "Beauty & Hygiene", "sub_category_name": "Bath & Hand Wash", "product_name": "Shower Gel - Power Fruit Fresh Body Wash", "product_brand": "Nivea", "combo": []}, {"category": "Beauty & Hygiene", "sub_category_name": "Bath & Hand Wash", "product_name": "Hand Wash - Classic", "product_brand": "Santoor", "combo": []}, {"category": "Beauty & Hygiene", "sub_category_name": "Bath & Hand Wash", "product_name": "Total 10 Activ Natural Germ Protection Handwash", "product_brand": "Lifebuoy", "combo": []}, {"category": "Beauty & Hygiene", "sub_category_name": "Bath & Hand Wash", "product_name": "Cool Bath Soap - 99.9% Germ Protection", "product_brand": "Cinthol", "combo": []}, {"category": "Beauty & Hygiene", "sub_category_name": "Bath & Hand Wash", "product_name": "Deeply Nourishing Body Wash", "product_brand": "Dove", "combo": []}, {"category": "Beauty & Hygiene", "sub_category_name": "Bath & Hand Wash", "product_name": "Hand Wash - Mild Care, Germ Protection", "product_brand": "Lifebuoy", "combo": []}, {"category": "Beauty & Hygiene", "sub_category_name": "Bath & Hand Wash", "product_name": "Bathing Soap - Ayurvedic Classic 18 Herbs", "product_brand": "Medimix", "combo": []}, {"category": "Beauty & Hygiene", "sub_category_name": "Bath & Hand Wash", "product_name": "Original Bath Soap - 99.9% Germ Protection", "product_brand": "Cinthol", "combo": [["8x100 g", "266.00"], ["4x100 g", "133.00"], ["100 g", "33.25"]]}, {"category": "Beauty & Hygiene", "sub_category_name": "Bath & Hand Wash", "product_name": "Savlon Hand Wash - Herbal Sensitive 750 ml", "product_brand": "Savlon", "combo": [["750 ml", "95.00"], ["2x750 ml", "190.00"], ["3x750 ml", "285.00"]]}, {"category": "Beauty & Hygiene", "sub_category_name": "Bath & Hand Wash", "product_name": "Soap Bar - Water Lily & Cooling Mint, Fresh Splash, Save Rs. 6/-", "product_brand": "Lux", "combo": [["100 g", "66.00"], ["150 gm each", "108.00"]]}, {"category": "Beauty & Hygiene", "sub_category_name": "Bath & Hand Wash", "product_name": "Hand Wash - Hydrating, Foaming, Lime & Mint", "product_brand": "Palmolive", "combo": []}, {"category": "Beauty & Hygiene", "sub_category_name": "Bath & Hand Wash", "product_name": "Body Wash - Thermal Spa Imported Mineral Massage with Thermal Salts & White Clay", "product_brand": "Palmolive", "combo": [["250 ml", "153.00"], ["2x250 ml", "306.00"]]}, {"category": "Beauty & Hygiene", "sub_category_name": "Bath & Hand Wash", "product_name": "Hand Sanitizer", "product_brand": "Lifebuoy", "combo": []}, {"category": "Beauty & Hygiene", "sub_category_name": "Bath & Hand Wash", "product_name": "Herbocleanse Plus Herbal Hand Sanitizer", "product_brand": "Dr. Vaidya's", "combo": []}, {"category": "Beauty & Hygiene", "sub_category_name": "Bath & Hand Wash", "product_name": "Beauty Soap For Glowing Skin - Jasmine & Vitamin E, Mega", "product_brand": "Lux", "combo": []}, {"category": "Beauty & Hygiene", "sub_category_name": "Bath & Hand Wash", "product_name": "Sandal & Turmeric Soap 150g (Pack Of 4) + Hand Wash- Mild 215ml Buy 1 Get 1 Free", "product_brand": "Santoor", "combo": []}, {"category": "Beauty & Hygiene", "sub_category_name": "Bath & Hand Wash", "product_name": "Body Wash - Soft Touch Moisturizing", "product_brand": "Lux", "combo": []}, {"category": "Beauty & Hygiene", "sub_category_name": "Bath & Hand Wash", "product_name": "Hand Sanitizer", "product_brand": "Mediker", "combo": [["500 ml", "167.50"], ["200 ml", "75.00"]]}, {"category": "Beauty & Hygiene", "sub_category_name": "Bath & Hand Wash", "product_name": "Luxury Bath Soap - Sandal", "product_brand": "Moti", "combo": [["75 g", "32.00"], ["150 g", "60.00"]]}, {"category": "Beauty & Hygiene", "sub_category_name": "Bath & Hand Wash", "product_name": "Instant Hand Sanitizer - Citrus Lime", "product_brand": "Zuci", "combo": []}, {"category": "Beauty & Hygiene", "sub_category_name": "Bath & Hand Wash", "product_name": "Shower Gel - Power Fruit Fresh Body Wash", "product_brand": "Nivea", "combo": []}, {"category": "Beauty & Hygiene", "sub_category_name": "Bath & Hand Wash", "product_name": "Hand Wash - Classic", "product_brand": "Santoor", "combo": []}, {"category": "Beauty & Hygiene", "sub_category_name": "Bath & Hand Wash", "product_name": "Total 10 Activ Natural Germ Protection Handwash", "product_brand": "Lifebuoy", "combo": []}, {"category": "Beauty & Hygiene", "sub_category_name": "Bath & Hand Wash", "product_name": "Cool Bath Soap - 99.9% Germ Protection", "product_brand": "Cinthol", "combo": []}, {"category": "Beauty & Hygiene", "sub_category_name": "Bath & Hand Wash", "product_name": "Deeply Nourishing Body Wash", "product_brand": "Dove", "combo": []}, {"category": "Beauty & Hygiene", "sub_category_name": "Bath & Hand Wash", "product_name": "Hand Wash - Mild Care, Germ Protection", "product_brand": "Lifebuoy", "combo": []}, {"category": "Beauty & Hygiene", "sub_category_name": "Bath & Hand Wash", "product_name": "Bathing Soap - Ayurvedic Classic 18 Herbs", "product_brand": "Medimix", "combo": []}, {"category": "Beauty & Hygiene", "sub_category_name": "Bath & Hand Wash", "product_name": "Original Bath Soap - 99.9% Germ Protection", "product_brand": "Cinthol", "combo": [["8x100 g", "266.00"], ["4x100 g", "133.00"], ["100 g", "33.25"]]}, {"category": "Beauty & Hygiene", "sub_category_name": "Bath & Hand Wash", "product_name": "Lemon & Tea Tree Oil Body Wash", "product_brand": "Liril", "combo": []}, {"category": "Beauty & Hygiene", "sub_category_name": "Bath & Hand Wash", "product_name": "Sandal & Turmeric Soap 150gx4 + Bathing Soap - Sandal & Almond Milk 150gx3", "product_brand": "Santoor", "combo": []}, {"category": "Beauty & Hygiene", "sub_category_name": "Bath & Hand Wash", "product_name": "Fiama Body Wash Ashwagandha Almond Cream 200ml+Bramha kamalam Almond Cream 200ml", "product_brand": "Fiama Di Wills", "combo": []}, {"category": "Beauty & Hygiene", "sub_category_name": "Bath & Hand Wash", "product_name": "Shower Gel - Active Clean Body Wash, Men", "product_brand": "Nivea Men", "combo": []}, {"category": "Beauty & Hygiene", "sub_category_name": "Bath & Hand Wash", "product_name": "Shower Gel - Vitality Fresh Body Wash, Men", "product_brand": "Nivea Men", "combo": []}, {"category": "Beauty & Hygiene", "sub_category_name": "Bath & Hand Wash", "product_name": "Moisturising Cows Natural Ayurvedic Ghee Soap", "product_brand": "Lever Ayush", "combo": []}, {"category": "Beauty & Hygiene", "sub_category_name": "Bath & Hand Wash", "product_name": "Herbal Sensitive Hand Wash 500 ml Pump + Hand Wash - Herbal Sensitive 750 ml", "product_brand": "Savlon", "combo": []}, {"category": "Beauty & Hygiene", "sub_category_name": "Bath & Hand Wash", "product_name": "Charming Magnolia Soap Bar", "product_brand": "Lux", "combo": []}, {"category": "Beauty & Hygiene", "sub_category_name": "Bath & Hand Wash", "product_name": "Strawberry Soap", "product_brand": "Khadi Natural", "combo": [["125 g", "70.00"], ["3x125 g", "210.00"]]}, {"category": "Beauty & Hygiene", "sub_category_name": "Bath & Hand Wash", "product_name": "Saffron Soap", "product_brand": "Khadi Natural", "combo": [["3x125 g", "210.00"], ["125 g", "70.00"]]}, {"category": "Beauty & Hygiene", "sub_category_name": "Bath & Hand Wash", "product_name": "Pure&Safe Instant Hand Sanitizer", "product_brand": "Khadi Essentials", "combo": []}, {"category": "Beauty & Hygiene", "sub_category_name": "Bath & Hand Wash", "product_name": "BB Home Loofah Brown BH002 BRN 1 pc + Dettol Honey & Shea Butter Gel 250 ml", "product_brand": "bb Combo", "combo": []}, {"category": "Beauty & Hygiene", "sub_category_name": "Bath & Hand Wash", "product_name": "BB Home Loofah Pink BH002 PNK 1pc + Dettol Honey Shea Butter Gel Nourish 250ml", "product_brand": "bb Combo", "combo": []}, {"category": "Beauty & Hygiene", "sub_category_name": "Bath & Hand Wash", "product_name": "BB Home Loofah Green BH002 GRN 1 pc + Dettol Honey Shea Butter Gel 250 ml", "product_brand": "bb Combo", "combo": []}, {"category": "Beauty & Hygiene", "sub_category_name": "Bath & Hand Wash", "product_name": "Jasmine Bloom Soap Bar", "product_brand": "Lux", "combo": []}, {"category": "Beauty & Hygiene", "sub_category_name": "Bath & Hand Wash", "product_name": "Hand Sanitizer - Natural", "product_brand": "Zuci", "combo": []}, {"category": "Beauty & Hygiene", "sub_category_name": "Bath & Hand Wash", "product_name": "Ayurvedic Utane - Suvasik Chandanyukt", "product_brand": "Garden Fresh", "combo": []}, {"category": "Beauty & Hygiene", "sub_category_name": "Bath & Hand Wash", "product_name": "Lime Bath Soap - 99.9% Germ Protection", "product_brand": "Cinthol", "combo": []}, {"category": "Beauty & Hygiene", "sub_category_name": "Bath & Hand Wash", "product_name": "Pure Hands Purifying Tulsi Hand Wash", "product_brand": "Himalaya", "combo": []}, {"category": "Beauty & Hygiene", "sub_category_name": "Bath & Hand Wash", "product_name": "Ayurveda Clear Skin Soap", "product_brand": "Himalaya", "combo": []}, {"category": "Beauty & Hygiene", "sub_category_name": "Bath & Hand Wash", "product_name": "Lemon & Tea Tree Oil Body Wash", "product_brand": "Liril", "combo": []}, {"category": "Beauty & Hygiene", "sub_category_name": "Bath & Hand Wash", "product_name": "Sandal & Turmeric Soap 150gx4 + Bathing Soap - Sandal & Almond Milk 150gx3", "product_brand": "Santoor", "combo": []}, {"category": "Beauty & Hygiene", "sub_category_name": "Bath & Hand Wash", "product_name": "Fiama Body Wash Ashwagandha Almond Cream 200ml+Bramha kamalam Almond Cream 200ml", "product_brand": "Fiama Di Wills", "combo": []}, {"category": "Beauty & Hygiene", "sub_category_name": "Bath & Hand Wash", "product_name": "Shower Gel - Active Clean Body Wash, Men", "product_brand": "Nivea Men", "combo": []}, {"category": "Beauty & Hygiene", "sub_category_name": "Bath & Hand Wash", "product_name": "Shower Gel - Vitality Fresh Body Wash, Men", "product_brand": "Nivea Men", "combo": []}, {"category": "Beauty & Hygiene", "sub_category_name": "Bath & Hand Wash", "product_name": "Moisturising Cows Natural Ayurvedic Ghee Soap", "product_brand": "Lever Ayush", "combo": []}, {"category": "Beauty & Hygiene", "sub_category_name": "Bath & Hand Wash", "product_name": "Herbal Sensitive Hand Wash 500 ml Pump + Hand Wash - Herbal Sensitive 750 ml", "product_brand": "Savlon", "combo": []}, {"category": "Beauty & Hygiene", "sub_category_name": "Bath & Hand Wash", "product_name": "Charming Magnolia Soap Bar", "product_brand": "Lux", "combo": []}, {"category": "Beauty & Hygiene", "sub_category_name": "Bath & Hand Wash", "product_name": "Strawberry Soap", "product_brand": "Khadi Natural", "combo": [["125 g", "70.00"], ["3x125 g", "210.00"]]}, {"category": "Beauty & Hygiene", "sub_category_name": "Bath & Hand Wash", "product_name": "Saffron Soap", "product_brand": "Khadi Natural", "combo": [["3x125 g", "210.00"], ["125 g", "70.00"]]}, {"category": "Beauty & Hygiene", "sub_category_name": "Bath & Hand Wash", "product_name": "Pure&Safe Instant Hand Sanitizer", "product_brand": "Khadi Essentials", "combo": []}, {"category": "Beauty & Hygiene", "sub_category_name": "Bath & Hand Wash", "product_name": "BB Home Loofah Brown BH002 BRN 1 pc + Dettol Honey & Shea Butter Gel 250 ml", "product_brand": "bb Combo", "combo": []}, {"category": "Beauty & Hygiene", "sub_category_name": "Bath & Hand Wash", "product_name": "BB Home Loofah Pink BH002 PNK 1pc + Dettol Honey Shea Butter Gel Nourish 250ml", "product_brand": "bb Combo", "combo": []}, {"category": "Beauty & Hygiene", "sub_category_name": "Bath & Hand Wash", "product_name": "BB Home Loofah Green BH002 GRN 1 pc + Dettol Honey Shea Butter Gel 250 ml", "product_brand": "bb Combo", "combo": []}, {"category": "Beauty & Hygiene", "sub_category_name": "Bath & Hand Wash", "product_name": "Jasmine Bloom Soap Bar", "product_brand": "Lux", "combo": []}, {"category": "Beauty & Hygiene", "sub_category_name": "Bath & Hand Wash", "product_name": "Hand Sanitizer - Natural", "product_brand": "Zuci", "combo": []}, {"category": "Beauty & Hygiene", "sub_category_name": "Bath & Hand Wash", "product_name": "Ayurvedic Utane - Suvasik Chandanyukt", "product_brand": "Garden Fresh", "combo": []}, {"category": "Beauty & Hygiene", "sub_category_name": "Bath & Hand Wash", "product_name": "Lime Bath Soap - 99.9% Germ Protection", "product_brand": "Cinthol", "combo": []}, {"category": "Beauty & Hygiene", "sub_category_name": "Bath & Hand Wash", "product_name": "Pure Hands Purifying Tulsi Hand Wash", "product_brand": "Himalaya", "combo": []}, {"category": "Beauty & Hygiene", "sub_category_name": "Bath & Hand Wash", "product_name": "Ayurveda Clear Skin Soap", "product_brand": "Himalaya", "combo": []}, {"category": "Beauty & Hygiene", "sub_category_name": "Bath & Hand Wash", "product_name": "Lemon & Tea Tree Oil Body Wash", "product_brand": "Liril", "combo": []}, {"category": "Beauty & Hygiene", "sub_category_name": "Bath & Hand Wash", "product_name": "Sandal & Turmeric Soap 150gx4 + Bathing Soap - Sandal & Almond Milk 150gx3", "product_brand": "Santoor", "combo": []}, {"category": "Beauty & Hygiene", "sub_category_name": "Bath & Hand Wash", "product_name": "Fiama Body Wash Ashwagandha Almond Cream 200ml+Bramha kamalam Almond Cream 200ml", "product_brand": "Fiama Di Wills", "combo": []}, {"category": "Beauty & Hygiene", "sub_category_name": "Bath & Hand Wash", "product_name": "Shower Gel - Active Clean Body Wash, Men", "product_brand": "Nivea Men", "combo": []}, {"category": "Beauty & Hygiene", "sub_category_name": "Bath & Hand Wash", "product_name": "Shower Gel - Vitality Fresh Body Wash, Men", "product_brand": "Nivea Men", "combo": []}, {"category": "Beauty & Hygiene", "sub_category_name": "Bath & Hand Wash", "product_name": "Moisturising Cows Natural Ayurvedic Ghee Soap", "product_brand": "Lever Ayush", "combo": []}, {"category": "Beauty & Hygiene", "sub_category_name": "Bath & Hand Wash", "product_name": "Herbal Sensitive Hand Wash 500 ml Pump + Hand Wash - Herbal Sensitive 750 ml", "product_brand": "Savlon", "combo": []}, {"category": "Beauty & Hygiene", "sub_category_name": "Bath & Hand Wash", "product_name": "Charming Magnolia Soap Bar", "product_brand": "Lux", "combo": []}, {"category": "Beauty & Hygiene", "sub_category_name": "Bath & Hand Wash", "product_name": "Strawberry Soap", "product_brand": "Khadi Natural", "combo": [["125 g", "70.00"], ["3x125 g", "210.00"]]}, {"category": "Beauty & Hygiene", "sub_category_name": "Bath & Hand Wash", "product_name": "Saffron Soap", "product_brand": "Khadi Natural", "combo": [["3x125 g", "210.00"], ["125 g", "70.00"]]}, {"category": "Beauty & Hygiene", "sub_category_name": "Bath & Hand Wash", "product_name": "Pure&Safe Instant Hand Sanitizer", "product_brand": "Khadi Essentials", "combo": []}, {"category": "Beauty & Hygiene", "sub_category_name": "Bath & Hand Wash", "product_name": "BB Home Loofah Brown BH002 BRN 1 pc + Dettol Honey & Shea Butter Gel 250 ml", "product_brand": "bb Combo", "combo": []}, {"category": "Beauty & Hygiene", "sub_category_name": "Bath & Hand Wash", "product_name": "BB Home Loofah Pink BH002 PNK 1pc + Dettol Honey Shea Butter Gel Nourish 250ml", "product_brand": "bb Combo", "combo": []}, {"category": "Beauty & Hygiene", "sub_category_name": "Bath & Hand Wash", "product_name": "BB Home Loofah Green BH002 GRN 1 pc + Dettol Honey Shea Butter Gel 250 ml", "product_brand": "bb Combo", "combo": []}, {"category": "Beauty & Hygiene", "sub_category_name": "Bath & Hand Wash", "product_name": "Jasmine Bloom Soap Bar", "product_brand": "Lux", "combo": []}, {"category": "Beauty & Hygiene", "sub_category_name": "Bath & Hand Wash", "product_name": "Hand Sanitizer - Natural", "product_brand": "Zuci", "combo": []}, {"category": "Beauty & Hygiene", "sub_category_name": "Bath & Hand Wash", "product_name": "Ayurvedic Utane - Suvasik Chandanyukt", "product_brand": "Garden Fresh", "combo": []}, {"category": "Beauty & Hygiene", "sub_category_name": "Bath & Hand Wash", "product_name": "Lime Bath Soap - 99.9% Germ Protection", "product_brand": "Cinthol", "combo": []}, {"category": "Beauty & Hygiene", "sub_category_name": "Bath & Hand Wash", "product_name": "Pure Hands Purifying Tulsi Hand Wash", "product_brand": "Himalaya", "combo": []}, {"category": "Beauty & Hygiene", "sub_category_name": "Bath & Hand Wash", "product_name": "Ayurveda Clear Skin Soap", "product_brand": "Himalaya", "combo": []}, {"category": "Beauty & Hygiene", "sub_category_name": "Bath & Hand Wash", "product_name": "Lemon & Tea Tree Oil Body Wash", "product_brand": "Liril", "combo": []}, {"category": "Beauty & Hygiene", "sub_category_name": "Bath & Hand Wash", "product_name": "Sandal & Turmeric Soap 150gx4 + Bathing Soap - Sandal & Almond Milk 150gx3", "product_brand": "Santoor", "combo": []}, {"category": "Beauty & Hygiene", "sub_category_name": "Bath & Hand Wash", "product_name": "Fiama Body Wash Ashwagandha Almond Cream 200ml+Bramha kamalam Almond Cream 200ml", "product_brand": "Fiama Di Wills", "combo": []}, {"category": "Beauty & Hygiene", "sub_category_name": "Bath & Hand Wash", "product_name": "Shower Gel - Active Clean Body Wash, Men", "product_brand": "Nivea Men", "combo": []}, {"category": "Beauty & Hygiene", "sub_category_name": "Bath & Hand Wash", "product_name": "Shower Gel - Vitality Fresh Body Wash, Men", "product_brand": "Nivea Men", "combo": []}, {"category": "Beauty & Hygiene", "sub_category_name": "Bath & Hand Wash", "product_name": "Moisturising Cows Natural Ayurvedic Ghee Soap", "product_brand": "Lever Ayush", "combo": []}, {"category": "Beauty & Hygiene", "sub_category_name": "Bath & Hand Wash", "product_name": "Herbal Sensitive Hand Wash 500 ml Pump + Hand Wash - Herbal Sensitive 750 ml", "product_brand": "Savlon", "combo": []}, {"category": "Beauty & Hygiene", "sub_category_name": "Bath & Hand Wash", "product_name": "Charming Magnolia Soap Bar", "product_brand": "Lux", "combo": []}, {"category": "Beauty & Hygiene", "sub_category_name": "Bath & Hand Wash", "product_name": "Strawberry Soap", "product_brand": "Khadi Natural", "combo": [["125 g", "70.00"], ["3x125 g", "210.00"]]}, {"category": "Beauty & Hygiene", "sub_category_name": "Bath & Hand Wash", "product_name": "Saffron Soap", "product_brand": "Khadi Natural", "combo": [["3x125 g", "210.00"], ["125 g", "70.00"]]}, {"category": "Beauty & Hygiene", "sub_category_name": "Bath & Hand Wash", "product_name": "Pure&Safe Instant Hand Sanitizer", "product_brand": "Khadi Essentials", "combo": []}, {"category": "Beauty & Hygiene", "sub_category_name": "Bath & Hand Wash", "product_name": "BB Home Loofah Brown BH002 BRN 1 pc + Dettol Honey & Shea Butter Gel 250 ml", "product_brand": "bb Combo", "combo": []}, {"category": "Beauty & Hygiene", "sub_category_name": "Bath & Hand Wash", "product_name": "BB Home Loofah Pink BH002 PNK 1pc + Dettol Honey Shea Butter Gel Nourish 250ml", "product_brand": "bb Combo", "combo": []}, {"category": "Beauty & Hygiene", "sub_category_name": "Bath & Hand Wash", "product_name": "BB Home Loofah Green BH002 GRN 1 pc + Dettol Honey Shea Butter Gel 250 ml", "product_brand": "bb Combo", "combo": []}, {"category": "Beauty & Hygiene", "sub_category_name": "Bath & Hand Wash", "product_name": "Jasmine Bloom Soap Bar", "product_brand": "Lux", "combo": []}, {"category": "Beauty & Hygiene", "sub_category_name": "Bath & Hand Wash", "product_name": "Hand Sanitizer - Natural", "product_brand": "Zuci", "combo": []}, {"category": "Beauty & Hygiene", "sub_category_name": "Bath & Hand Wash", "product_name": "Ayurvedic Utane - Suvasik Chandanyukt", "product_brand": "Garden Fresh", "combo": []}, {"category": "Beauty & Hygiene", "sub_category_name": "Bath & Hand Wash", "product_name": "Lime Bath Soap - 99.9% Germ Protection", "product_brand": "Cinthol", "combo": []}, {"category": "Beauty & Hygiene", "sub_category_name": "Bath & Hand Wash", "product_name": "Pure Hands Purifying Tulsi Hand Wash", "product_brand": "Himalaya", "combo": []}, {"category": "Beauty & Hygiene", "sub_category_name": "Bath & Hand Wash", "product_name": "Ayurveda Clear Skin Soap", "product_brand": "Himalaya", "combo": []}, {"category": "Beauty & Hygiene", "sub_category_name": "Bath & Hand Wash", "product_name": "Lemon & Tea Tree Oil Body Wash", "product_brand": "Liril", "combo": []}, {"category": "Beauty & Hygiene", "sub_category_name": "Bath & Hand Wash", "product_name": "Sandal & Turmeric Soap 150gx4 + Bathing Soap - Sandal & Almond Milk 150gx3", "product_brand": "Santoor", "combo": []}, {"category": "Beauty & Hygiene", "sub_category_name": "Bath & Hand Wash", "product_name": "Fiama Body Wash Ashwagandha Almond Cream 200ml+Bramha kamalam Almond Cream 200ml", "product_brand": "Fiama Di Wills", "combo": []}, {"category": "Beauty & Hygiene", "sub_category_name": "Bath & Hand Wash", "product_name": "Shower Gel - Active Clean Body Wash, Men", "product_brand": "Nivea Men", "combo": []}, {"category": "Beauty & Hygiene", "sub_category_name": "Bath & Hand Wash", "product_name": "Shower Gel - Vitality Fresh Body Wash, Men", "product_brand": "Nivea Men", "combo": []}, {"category": "Beauty & Hygiene", "sub_category_name": "Bath & Hand Wash", "product_name": "Moisturising Cows Natural Ayurvedic Ghee Soap", "product_brand": "Lever Ayush", "combo": []}, {"category": "Beauty & Hygiene", "sub_category_name": "Bath & Hand Wash", "product_name": "Herbal Sensitive Hand Wash 500 ml Pump + Hand Wash - Herbal Sensitive 750 ml", "product_brand": "Savlon", "combo": []}, {"category": "Beauty & Hygiene", "sub_category_name": "Bath & Hand Wash", "product_name": "Charming Magnolia Soap Bar", "product_brand": "Lux", "combo": []}, {"category": "Beauty & Hygiene", "sub_category_name": "Bath & Hand Wash", "product_name": "Strawberry Soap", "product_brand": "Khadi Natural", "combo": [["125 g", "70.00"], ["3x125 g", "210.00"]]}, {"category": "Beauty & Hygiene", "sub_category_name": "Bath & Hand Wash", "product_name": "Saffron Soap", "product_brand": "Khadi Natural", "combo": [["3x125 g", "210.00"], ["125 g", "70.00"]]}, {"category": "Beauty & Hygiene", "sub_category_name": "Bath & Hand Wash", "product_name": "Pure&Safe Instant Hand Sanitizer", "product_brand": "Khadi Essentials", "combo": []}, {"category": "Beauty & Hygiene", "sub_category_name": "Bath & Hand Wash", "product_name": "BB Home Loofah Brown BH002 BRN 1 pc + Dettol Honey & Shea Butter Gel 250 ml", "product_brand": "bb Combo", "combo": []}, {"category": "Beauty & Hygiene", "sub_category_name": "Bath & Hand Wash", "product_name": "BB Home Loofah Pink BH002 PNK 1pc + Dettol Honey Shea Butter Gel Nourish 250ml", "product_brand": "bb Combo", "combo": []}, {"category": "Beauty & Hygiene", "sub_category_name": "Bath & Hand Wash", "product_name": "BB Home Loofah Green BH002 GRN 1 pc + Dettol Honey Shea Butter Gel 250 ml", "product_brand": "bb Combo", "combo": []}, {"category": "Beauty & Hygiene", "sub_category_name": "Bath & Hand Wash", "product_name": "Jasmine Bloom Soap Bar", "product_brand": "Lux", "combo": []}, {"category": "Beauty & Hygiene", "sub_category_name": "Bath & Hand Wash", "product_name": "Hand Sanitizer - Natural", "product_brand": "Zuci", "combo": []}, {"category": "Beauty & Hygiene", "sub_category_name": "Bath & Hand Wash", "product_name": "Ayurvedic Utane - Suvasik Chandanyukt", "product_brand": "Garden Fresh", "combo": []}, {"category": "Beauty & Hygiene", "sub_category_name": "Bath & Hand Wash", "product_name": "Lime Bath Soap - 99.9% Germ Protection", "product_brand": "Cinthol", "combo": []}, {"category": "Beauty & Hygiene", "sub_category_name": "Bath & Hand Wash", "product_name": "Pure Hands Purifying Tulsi Hand Wash", "product_brand": "Himalaya", "combo": []}]