[{"category": "Eggs, Meat & Fish", "sub_category_name": "Eggs", "product_name": "Farm Eggs - Table Tray, Medium, Antibiotic Residue-Free, Growth Hormone-Free", "product_brand": "Fresho", "combo": [["12 pcs", "100.00"], ["30 pcs", "220.00"]]}, {"category": "Eggs, Meat & Fish", "sub_category_name": "Eggs", "product_name": "White Power Eggs", "product_brand": "Yojana Poultry", "combo": []}, {"category": "Eggs, Meat & Fish", "sub_category_name": "Eggs", "product_name": "Golden Eggs", "product_brand": "Golden Eggs", "combo": []}, {"category": "Eggs, Meat & Fish", "sub_category_name": "Eggs", "product_name": "Eggs - Regular", "product_brand": "Fresho", "combo": [["5x6 pcs", "225.00"], ["6 pcs", "45.00"], ["4x6 pcs", "180.00"], ["2x6 pcs", "90.00"]]}, {"category": "Eggs, Meat & Fish", "sub_category_name": "Eggs", "product_name": "Eggs", "product_brand": "Happy Eggs", "combo": []}, {"category": "Eggs, Meat & Fish", "sub_category_name": "Eggs", "product_name": "Eggs - Free Range", "product_brand": "Farm Made", "combo": []}, {"category": "Eggs, Meat & Fish", "sub_category_name": "Eggs", "product_name": "Protein Eggs", "product_brand": "KAVITA AGRROS", "combo": []}, {"category": "Eggs, Meat & Fish", "sub_category_name": "Eggs", "product_name": "Farm Eggs - Brown, Medium, Antibiotic Residue-Free, Growth Hormone-Free", "product_brand": "Fresho", "combo": []}, {"category": "Eggs, Meat & Fish", "sub_category_name": "Eggs", "product_name": "Eggs - Free Range", "product_brand": "Farm Made", "combo": []}, {"category": "Eggs, Meat & Fish", "sub_category_name": "Eggs", "product_name": "Brown Eggs", "product_brand": "KAVITA AGRROS", "combo": []}, {"category": "Eggs, Meat & Fish", "sub_category_name": "Eggs", "product_name": "Healthy Brown Eggs", "product_brand": "UPF", "combo": []}, {"category": "Eggs, Meat & Fish", "sub_category_name": "Eggs", "product_name": "The Good Eggs Cage Free Eggs", "product_brand": "UPF", "combo": []}, {"category": "Eggs, Meat & Fish", "sub_category_name": "Eggs", "product_name": "Healthy Daily Eggs", "product_brand": "UPF", "combo": []}, {"category": "Eggs, Meat & Fish", "sub_category_name": "Eggs", "product_name": "Sandwich Bread - White, Chemical Free 400G + Eggs - Regular 6pcs", "product_brand": "Fresho", "combo": []}, {"category": "Eggs, Meat & Fish", "sub_category_name": "Eggs", "product_name": "Bread - Whole Wheat, Chemical Free 400G + Eggs - Regular 6pcs", "product_brand": "Fresho", "combo": []}, {"category": "Eggs, Meat & Fish", "sub_category_name": "Eggs", "product_name": "Bread - Whole Wheat, Chemical Free 400G + Eggs - Table Tray 30pcs", "product_brand": "Fresho", "combo": []}, {"category": "Eggs, Meat & Fish", "sub_category_name": "Eggs", "product_name": "Bread - Whole Wheat, Chemical Free 400G + Eggs - Table Tray 12pcs", "product_brand": "Fresho", "combo": []}, {"category": "Eggs, Meat & Fish", "sub_category_name": "Eggs", "product_name": "Bread - Brown, Chemical Free 400G + Eggs - Regular 6pcs", "product_brand": "Fresho", "combo": []}, {"category": "Eggs, Meat & Fish", "sub_category_name": "Eggs", "product_name": "Eggs", "product_brand": "Happy Eggs", "combo": []}]