[{"category": "Cleaning & Household", "sub_category_name": "Party & Festive Needs", "product_name": "Disposable Mini Meal Plate - 9 Inches", "product_brand": "Chuk", "combo": []}, {"category": "Cleaning & Household", "sub_category_name": "Party & Festive Needs", "product_name": "Rakhi - Assorted Colour/Design, CC2", "product_brand": "SBE", "combo": []}, {"category": "Cleaning & Household", "sub_category_name": "Party & Festive Needs", "product_name": "Happy Birthday Foil Ballon For Girls - 1 Year", "product_brand": "B Vishal", "combo": []}, {"category": "Cleaning & Household", "sub_category_name": "Party & Festive Needs", "product_name": "Eye Mask - Polka Dotted, Assorted Colour", "product_brand": "B Vishal", "combo": []}, {"category": "Cleaning & Household", "sub_category_name": "Party & Festive Needs", "product_name": "Foil Balloon - Baby Girl", "product_brand": "B Vishal", "combo": []}, {"category": "Cleaning & Household", "sub_category_name": "Party & Festive Needs", "product_name": "Foil Balloon - Baby Boy", "product_brand": "B Vishal", "combo": []}, {"category": "Cleaning & Household", "sub_category_name": "Party & Festive Needs", "product_name": "T Light Holder - Star", "product_brand": "Lexton", "combo": []}, {"category": "Cleaning & Household", "sub_category_name": "Party & Festive Needs", "product_name": "T Light Holder - Dew Drops", "product_brand": "Lexton", "combo": []}, {"category": "Cleaning & Household", "sub_category_name": "Party & Festive Needs", "product_name": "T Light Holder - Floral", "product_brand": "Lexton", "combo": []}, {"category": "Cleaning & Household", "sub_category_name": "Party & Festive Needs", "product_name": "Balloon - Polka Dot, 12 Inch", "product_brand": "B Vishal", "combo": []}, {"category": "Cleaning & Household", "sub_category_name": "Party & Festive Needs", "product_name": "Balloon Pump - Assorted", "product_brand": "B Vishal", "combo": []}, {"category": "Cleaning & Household", "sub_category_name": "Party & Festive Needs", "product_name": "Disposable Meal Plate - 5 Compartment", "product_brand": "Chuk", "combo": []}, {"category": "Cleaning & Household", "sub_category_name": "Party & Festive Needs", "product_name": "Toran - Assorted Colour, T001", "product_brand": "Kvg", "combo": []}, {"category": "Cleaning & Household", "sub_category_name": "Party & Festive Needs", "product_name": "Toran - Assorted Colour, T003", "product_brand": "Kvg", "combo": []}, {"category": "Cleaning & Household", "sub_category_name": "Party & Festive Needs", "product_name": "Toran - Assorted Colour, T004", "product_brand": "Kvg", "combo": []}, {"category": "Cleaning & Household", "sub_category_name": "Party & Festive Needs", "product_name": "Toran - Assorted Colour, T006", "product_brand": "Kvg", "combo": []}, {"category": "Cleaning & Household", "sub_category_name": "Party & Festive Needs", "product_name": "Toran - Assorted Colour, T008", "product_brand": "Kvg", "combo": []}, {"category": "Cleaning & Household", "sub_category_name": "Party & Festive Needs", "product_name": "Toran - Assorted Colour, T009", "product_brand": "Kvg", "combo": []}, {"category": "Cleaning & Household", "sub_category_name": "Party & Festive Needs", "product_name": "Balloon Twister", "product_brand": "B Vishal", "combo": []}, {"category": "Cleaning & Household", "sub_category_name": "Party & Festive Needs", "product_name": "Birthday Candle - No. 5", "product_brand": "B Vishal", "combo": []}, {"category": "Cleaning & Household", "sub_category_name": "Party & Festive Needs", "product_name": "Happy Birthday Candle", "product_brand": "B Vishal", "combo": []}, {"category": "Cleaning & Household", "sub_category_name": "Party & Festive Needs", "product_name": "Birthday Boy Candle - Blue", "product_brand": "B Vishal", "combo": []}, {"category": "Cleaning & Household", "sub_category_name": "Party & Festive Needs", "product_name": "Birthday Girl Candle - Assorted", "product_brand": "B Vishal", "combo": []}, {"category": "Cleaning & Household", "sub_category_name": "Party & Festive Needs", "product_name": "Decorative Roll/Crepe Stremer - Large", "product_brand": "B Vishal", "combo": []}, {"category": "Cleaning & Household", "sub_category_name": "Party & Festive Needs", "product_name": "Paper Eye Mask, 482 x 864 mm", "product_brand": "B Vishal", "combo": []}, {"category": "Cleaning & Household", "sub_category_name": "Party & Festive Needs", "product_name": "Happy Birthday Cap - Chamki", "product_brand": "B Vishal", "combo": []}, {"category": "Cleaning & Household", "sub_category_name": "Party & Festive Needs", "product_name": "Happy Birthday Cap - Medium, Assorted", "product_brand": "B Vishal", "combo": []}, {"category": "Cleaning & Household", "sub_category_name": "Party & Festive Needs", "product_name": "Paper Glass - Assorted Colour", "product_brand": "B Vishal", "combo": []}, {"category": "Cleaning & Household", "sub_category_name": "Party & Festive Needs", "product_name": "Party Eye Mask - Paper, Assorted", "product_brand": "B Vishal", "combo": []}, {"category": "Cleaning & Household", "sub_category_name": "Party & Festive Needs", "product_name": "Party Face Mask - Assorted", "product_brand": "B Vishal", "combo": []}, {"category": "Cleaning & Household", "sub_category_name": "Party & Festive Needs", "product_name": "Printed Paper Plate For Party - 9 Inch, Assorted", "product_brand": "B Vishal", "combo": []}, {"category": "Cleaning & Household", "sub_category_name": "Party & Festive Needs", "product_name": "Plain Paper Plate For Party - 9 Inch, Assorted", "product_brand": "B Vishal", "combo": []}, {"category": "Cleaning & Household", "sub_category_name": "Party & Festive Needs", "product_name": "Paper Plate For Party - Polka, 9 Inch, Assorted,", "product_brand": "B Vishal", "combo": []}, {"category": "Cleaning & Household", "sub_category_name": "Party & Festive Needs", "product_name": "Paper Glass - Polka Dot, Assorted", "product_brand": "B Vishal", "combo": []}, {"category": "Cleaning & Household", "sub_category_name": "Party & Festive Needs", "product_name": "Party Cap - Polka Dot, Assorted", "product_brand": "B Vishal", "combo": []}, {"category": "Cleaning & Household", "sub_category_name": "Party & Festive Needs", "product_name": "Party Poppers - Assorted, 30 Cm", "product_brand": "B Vishal", "combo": []}, {"category": "Cleaning & Household", "sub_category_name": "Party & Festive Needs", "product_name": "Party Poppers - Assorted, 40 Cm", "product_brand": "B Vishal", "combo": []}, {"category": "Cleaning & Household", "sub_category_name": "Party & Festive Needs", "product_name": "Pom Pom - Assorted Colour", "product_brand": "B Vishal", "combo": []}, {"category": "Cleaning & Household", "sub_category_name": "Party & Festive Needs", "product_name": "Paper Straw - 6 mm, Assorted", "product_brand": "B Vishal", "combo": []}, {"category": "Cleaning & Household", "sub_category_name": "Party & Festive Needs", "product_name": "Disposable Bowl", "product_brand": "Chuk", "combo": []}, {"category": "Cleaning & Household", "sub_category_name": "Party & Festive Needs", "product_name": "Disposable Bowl", "product_brand": "Chuk", "combo": []}, {"category": "Cleaning & Household", "sub_category_name": "Party & Festive Needs", "product_name": "Disposable Bowl", "product_brand": "Chuk", "combo": []}, {"category": "Cleaning & Household", "sub_category_name": "Party & Festive Needs", "product_name": "Disposable Snack Plate - 5 Inch", "product_brand": "Chuk", "combo": []}, {"category": "Cleaning & Household", "sub_category_name": "Party & Festive Needs", "product_name": "Disposable Snack Plate - 7 Inches", "product_brand": "Chuk", "combo": []}, {"category": "Cleaning & Household", "sub_category_name": "Party & Festive Needs", "product_name": "Disposable Meal Plate", "product_brand": "Chuk", "combo": []}, {"category": "Cleaning & Household", "sub_category_name": "Party & Festive Needs", "product_name": "Disposable Meal Plate - 4 Compartments", "product_brand": "Chuk", "combo": []}, {"category": "Cleaning & Household", "sub_category_name": "Party & Festive Needs", "product_name": "Diwali Rangoli Sticker - Assorted", "product_brand": "Arham", "combo": []}, {"category": "Cleaning & Household", "sub_category_name": "Party & Festive Needs", "product_name": "Party Poppers - Large, Assorted", "product_brand": "Pahal", "combo": []}, {"category": "Cleaning & Household", "sub_category_name": "Party & Festive Needs", "product_name": "Balloon - Mettalic, HD Finish", "product_brand": "Pahal", "combo": []}, {"category": "Cleaning & Household", "sub_category_name": "Party & Festive Needs", "product_name": "Balloon Pump - Assorted Colour", "product_brand": "Pahal", "combo": []}, {"category": "Cleaning & Household", "sub_category_name": "Party & Festive Needs", "product_name": "Mirror Balls", "product_brand": "Pahal", "combo": []}, {"category": "Cleaning & Household", "sub_category_name": "Party & Festive Needs", "product_name": "Christmas-Xmas-Hangable Decorative Candle - Paper, Multicolour, BB1124-3", "product_brand": "DP", "combo": []}, {"category": "Cleaning & Household", "sub_category_name": "Party & Festive Needs", "product_name": "Merry Christmas Wishing Hangable Decorative - Paper, Multicolour, BB1125-3", "product_brand": "DP", "combo": []}, {"category": "Cleaning & Household", "sub_category_name": "Party & Festive Needs", "product_name": "Christmas-Xmas Hangable Decorative Tree - Multicolour, BB1126-4", "product_brand": "DP", "combo": []}, {"category": "Cleaning & Household", "sub_category_name": "Party & Festive Needs", "product_name": "Christmas-Xmas Decorative Hangable Santa - Paper, Multicolour, BB1126-7", "product_brand": "DP", "combo": []}, {"category": "Cleaning & Household", "sub_category_name": "Party & Festive Needs", "product_name": "Fridge Bag", "product_brand": "Big Blue", "combo": []}, {"category": "Cleaning & Household", "sub_category_name": "Party & Festive Needs", "product_name": "Crackers - 5000 Wala Garland", "product_brand": "Anil Pathaka Mart", "combo": []}, {"category": "Cleaning & Household", "sub_category_name": "Party & Festive Needs", "product_name": "Natural Holi Colour - Assorted", "product_brand": "Rang Dulaar", "combo": []}, {"category": "Cleaning & Household", "sub_category_name": "Party & Festive Needs", "product_name": "Natural Holi Colour - Assorted", "product_brand": "Rang Dulaar", "combo": []}, {"category": "Cleaning & Household", "sub_category_name": "Party & Festive Needs", "product_name": "Organic Holi Color 5 In 1 Combo", "product_brand": "Radiance Colour", "combo": []}, {"category": "Cleaning & Household", "sub_category_name": "Party & Festive Needs", "product_name": "5 Round Bowl", "product_brand": "Econatura", "combo": []}, {"category": "Cleaning & Household", "sub_category_name": "Party & Festive Needs", "product_name": "6.75 Round Quarter Plate", "product_brand": "Econatura", "combo": []}, {"category": "Cleaning & Household", "sub_category_name": "Party & Festive Needs", "product_name": "10.25 Square Dinner Plate", "product_brand": "Econatura", "combo": []}, {"category": "Cleaning & Household", "sub_category_name": "Party & Festive Needs", "product_name": "10.25 Round Dinner Plate", "product_brand": "Econatura", "combo": []}, {"category": "Cleaning & Household", "sub_category_name": "Party & Festive Needs", "product_name": "10.25 Round Dinner Plate", "product_brand": "Econatura", "combo": []}, {"category": "Cleaning & Household", "sub_category_name": "Party & Festive Needs", "product_name": "12 Deep Round Plate", "product_brand": "Econatura", "combo": []}, {"category": "Cleaning & Household", "sub_category_name": "Party & Festive Needs", "product_name": "12 Four Compartment Plate", "product_brand": "Econatura", "combo": []}, {"category": "Cleaning & Household", "sub_category_name": "Party & Festive Needs", "product_name": "Wooden Fork", "product_brand": "Econatura", "combo": []}, {"category": "Cleaning & Household", "sub_category_name": "Party & Festive Needs", "product_name": "Rakhi - Ladies Latkan, Assorted Color/Design", "product_brand": "Pahal", "combo": []}, {"category": "Cleaning & Household", "sub_category_name": "Party & Festive Needs", "product_name": "Rakhi - Stylish Metal, Assorted Color/Design", "product_brand": "Shubh", "combo": []}, {"category": "Cleaning & Household", "sub_category_name": "Party & Festive Needs", "product_name": "Rakhi - Radha Krishna", "product_brand": "Shubh", "combo": []}, {"category": "Cleaning & Household", "sub_category_name": "Party & Festive Needs", "product_name": "Decorative Metal Dandiya Sticks - Silver", "product_brand": "Nirgun Bhakti", "combo": []}, {"category": "Cleaning & Household", "sub_category_name": "Party & Festive Needs", "product_name": "Decorative Wooden Dandiya Sticks - Multicolour", "product_brand": "Nirgun Bhakti", "combo": []}, {"category": "Cleaning & Household", "sub_category_name": "Party & Festive Needs", "product_name": "Decorative PVC Coated Wooden Dandiya Sticks - Multicolour", "product_brand": "Nirgun Bhakti", "combo": []}, {"category": "Cleaning & Household", "sub_category_name": "Party & Festive Needs", "product_name": "Bandhni Cloth Decorative Wooden Dandiya Sticks - Assorted Colour", "product_brand": "Nirgun Bhakti", "combo": []}, {"category": "Cleaning & Household", "sub_category_name": "Party & Festive Needs", "product_name": "Decorative Steel Dandiya Sticks", "product_brand": "Nirgun Bhakti", "combo": []}, {"category": "Cleaning & Household", "sub_category_name": "Party & Festive Needs", "product_name": "Christmas-Xmas Hangable Decorative Santa - Paper, Multicolour, BB1125-2", "product_brand": "DP", "combo": []}, {"category": "Cleaning & Household", "sub_category_name": "Party & Festive Needs", "product_name": "Christmas-Xmas Hangable Decorative Tree With Bells - Multicolour, BB1125-5", "product_brand": "DP", "combo": []}, {"category": "Cleaning & Household", "sub_category_name": "Party & Festive Needs", "product_name": "Christmas-Xmas Hangable Decorative Santa Merry Christmas - Paper, Multicolour, BB1125-8", "product_brand": "DP", "combo": []}, {"category": "Cleaning & Household", "sub_category_name": "Party & Festive Needs", "product_name": "Christmas-Xmas-Hangable Decorative Sock Santa - Paper, Multicolour BB1126-1", "product_brand": "DP", "combo": []}, {"category": "Cleaning & Household", "sub_category_name": "Party & Festive Needs", "product_name": "3.5 Square Bowl", "product_brand": "Econatura", "combo": []}, {"category": "Cleaning & Household", "sub_category_name": "Party & Festive Needs", "product_name": "Christmas-Xmas Paper Hangable Santa Snowman Decoration - Multicolour, BB1126-5", "product_brand": "DP", "combo": []}, {"category": "Cleaning & Household", "sub_category_name": "Party & Festive Needs", "product_name": "Tealight Wall Mount", "product_brand": "Pahal", "combo": []}, {"category": "Cleaning & Household", "sub_category_name": "Party & Festive Needs", "product_name": "Merry Christmas - Foil Balloon", "product_brand": "Pahal", "combo": []}, {"category": "Cleaning & Household", "sub_category_name": "Party & Festive Needs", "product_name": "Holi Colours/Gulal - Non Toxic", "product_brand": "Pidilite", "combo": []}, {"category": "Cleaning & Household", "sub_category_name": "Party & Festive Needs", "product_name": "Rakhi With Tika, Assorted Color/Design", "product_brand": "Pahal", "combo": []}, {"category": "Cleaning & Household", "sub_category_name": "Party & Festive Needs", "product_name": "Party Wooden Knife", "product_brand": "Ayurvaidic", "combo": []}, {"category": "Cleaning & Household", "sub_category_name": "Party & Festive Needs", "product_name": "Water Balloons With Tap - Assorted", "product_brand": "Sonic", "combo": []}, {"category": "Cleaning & Household", "sub_category_name": "Party & Festive Needs", "product_name": "Tealight Holder - Ganesh Shadow Round Stand", "product_brand": "Pahal", "combo": []}, {"category": "Cleaning & Household", "sub_category_name": "Party & Festive Needs", "product_name": "Festive Artificial Rangoli For Floor/Table/Wall - Assorted Design, Pink", "product_brand": "Kvg", "combo": []}, {"category": "Cleaning & Household", "sub_category_name": "Party & Festive Needs", "product_name": "Festive Artificial Rangoli For Floor/Table/Wall - Assorted Design, Yellow", "product_brand": "Kvg", "combo": []}, {"category": "Cleaning & Household", "sub_category_name": "Party & Festive Needs", "product_name": "Artificial Rangoli for Floor/Table/Wall - Assorted Design, Green", "product_brand": "Kvg", "combo": []}, {"category": "Cleaning & Household", "sub_category_name": "Party & Festive Needs", "product_name": "Rakhi - Assorted Colour/Design, CC4", "product_brand": "SBE", "combo": []}, {"category": "Cleaning & Household", "sub_category_name": "Party & Festive Needs", "product_name": "Eco-Friendly Lakshmi Ganesh Clay Murti - Diwali special", "product_brand": "Arham", "combo": []}, {"category": "Cleaning & Household", "sub_category_name": "Party & Festive Needs", "product_name": "T Light Holder - Flower", "product_brand": "Lexton", "combo": []}, {"category": "Cleaning & Household", "sub_category_name": "Party & Festive Needs", "product_name": "T Light Holder - Leaf", "product_brand": "Lexton", "combo": []}, {"category": "Cleaning & Household", "sub_category_name": "Party & Festive Needs", "product_name": "Toran - Assorted Colour, T007", "product_brand": "Kvg", "combo": []}, {"category": "Cleaning & Household", "sub_category_name": "Party & Festive Needs", "product_name": "Paper Straw - 6 mm, Green", "product_brand": "B Vishal", "combo": []}, {"category": "Cleaning & Household", "sub_category_name": "Party & Festive Needs", "product_name": "Toothpicks - Neem", "product_brand": "Ayurvaidic", "combo": []}, {"category": "Cleaning & Household", "sub_category_name": "Party & Festive Needs", "product_name": "Plates - Leaf, Areca, 6 inches", "product_brand": "Ayurvaidic", "combo": []}, {"category": "Cleaning & Household", "sub_category_name": "Party & Festive Needs", "product_name": "Latex Balloon - Assorted Colour", "product_brand": "Pahal", "combo": []}, {"category": "Cleaning & Household", "sub_category_name": "Party & Festive Needs", "product_name": "Giant Latex Balloon", "product_brand": "Pahal", "combo": []}, {"category": "Cleaning & Household", "sub_category_name": "Party & Festive Needs", "product_name": "Balloon - LED, Polka dot", "product_brand": "Pahal", "combo": []}, {"category": "Cleaning & Household", "sub_category_name": "Party & Festive Needs", "product_name": "Holi Multi-Colored Water Balloons", "product_brand": "Unique Arts & Interiors", "combo": []}, {"category": "Cleaning & Household", "sub_category_name": "Party & Festive Needs", "product_name": "Eye Cover - Do Not Disturb For Sleeping, Assorted Color", "product_brand": "JLT", "combo": []}, {"category": "Cleaning & Household", "sub_category_name": "Party & Festive Needs", "product_name": "3.6 Round Bowl", "product_brand": "Econatura", "combo": []}, {"category": "Cleaning & Household", "sub_category_name": "Party & Festive Needs", "product_name": "5.5 Square Bowl", "product_brand": "Econatura", "combo": []}, {"category": "Cleaning & Household", "sub_category_name": "Party & Festive Needs", "product_name": "Wooden Pine Boat", "product_brand": "Pappco", "combo": []}, {"category": "Cleaning & Household", "sub_category_name": "Party & Festive Needs", "product_name": "5 Round Bowl", "product_brand": "Econatura", "combo": []}, {"category": "Cleaning & Household", "sub_category_name": "Party & Festive Needs", "product_name": "6 Square Quarter Plate", "product_brand": "Econatura", "combo": []}, {"category": "Cleaning & Household", "sub_category_name": "Party & Festive Needs", "product_name": "6 Square Quarter Plate", "product_brand": "Econatura", "combo": []}, {"category": "Cleaning & Household", "sub_category_name": "Party & Festive Needs", "product_name": "6.75 Round Quarter Plate", "product_brand": "Econatura", "combo": []}, {"category": "Cleaning & Household", "sub_category_name": "Party & Festive Needs", "product_name": "6.5 Spoon", "product_brand": "Econatura", "combo": []}, {"category": "Cleaning & Household", "sub_category_name": "Party & Festive Needs", "product_name": "10 Deep Round Dinner Plate", "product_brand": "Econatura", "combo": []}, {"category": "Cleaning & Household", "sub_category_name": "Party & Festive Needs", "product_name": "Wooden Spoon", "product_brand": "Econatura", "combo": []}, {"category": "Cleaning & Household", "sub_category_name": "Party & Festive Needs", "product_name": "Decorative Wooden Dandiya Sticks With Laces - For Kids, Assorted Colour", "product_brand": "Nirgun Bhakti", "combo": []}, {"category": "Cleaning & Household", "sub_category_name": "Party & Festive Needs", "product_name": "Christmas-Xmas Decorative Hangable Bell - Paper, Multicolour, BB1126-9", "product_brand": "DP", "combo": []}, {"category": "Cleaning & Household", "sub_category_name": "Party & Festive Needs", "product_name": "10.25 Square Dinner Plate", "product_brand": "Econatura", "combo": []}, {"category": "Cleaning & Household", "sub_category_name": "Party & Festive Needs", "product_name": "Festive Artificial Rangoli For Floor/Table/Wall - Assorted Design, Red", "product_brand": "Kvg", "combo": []}, {"category": "Cleaning & Household", "sub_category_name": "Party & Festive Needs", "product_name": "10 Four Compartment Plate", "product_brand": "Econatura", "combo": []}]