[{"category": "Eggs, Meat & Fish", "sub_category_name": "Fish & Seafood", "product_name": "Basa Fillet", "product_brand": "Fresho", "combo": []}, {"category": "Eggs, Meat & Fish", "sub_category_name": "Fish & Seafood", "product_name": "DVC Jumbo", "product_brand": "Cambay Tiger", "combo": []}, {"category": "Eggs, Meat & Fish", "sub_category_name": "Fish & Seafood", "product_name": "Norwegian Salmon Portions Skin Off", "product_brand": "Cambay Tiger", "combo": []}, {"category": "Eggs, Meat & Fish", "sub_category_name": "Fish & Seafood", "product_name": "Tilapia Fillets", "product_brand": "Cambay Tiger", "combo": []}, {"category": "Eggs, Meat & Fish", "sub_category_name": "Fish & Seafood", "product_name": "Pomfret Black Fish (Medium) - Curry Cut/Bengali Cut", "product_brand": "Fresho", "combo": []}, {"category": "Eggs, Meat & Fish", "sub_category_name": "Fish & Seafood", "product_name": "Rohu - Cut Pieces, Medium", "product_brand": "Fresho", "combo": []}, {"category": "Eggs, Meat & Fish", "sub_category_name": "Fish & Seafood", "product_name": "Rohu Fish (Large) - Steak/Slice", "product_brand": "Fresho", "combo": []}, {"category": "Eggs, Meat & Fish", "sub_category_name": "Fish & Seafood", "product_name": "Pabda Whole Cleaned - Preservative Free, 10-12 pcs", "product_brand": "Fresho", "combo": []}, {"category": "Eggs, Meat & Fish", "sub_category_name": "Fish & Seafood", "product_name": "Seer Fish Large - Steak/Slice, Preservative Free, 6-8 pcs", "product_brand": "Fresho", "combo": []}, {"category": "Eggs, Meat & Fish", "sub_category_name": "Fish & Seafood", "product_name": "Pink Perch Fish - Steak/Slice", "product_brand": "Fresho", "combo": []}, {"category": "Eggs, Meat & Fish", "sub_category_name": "Fish & Seafood", "product_name": "Roopchand Fish - Slice, Preservative Free, 10-14 pcs", "product_brand": "Fresho", "combo": []}, {"category": "Eggs, Meat & Fish", "sub_category_name": "Fish & Seafood", "product_name": "Rohu - Cut Pieces, Medium", "product_brand": "Fresho", "combo": []}, {"category": "Eggs, Meat & Fish", "sub_category_name": "Fish & Seafood", "product_name": "Catla Fish - Steak/Slice", "product_brand": "Fresho", "combo": []}, {"category": "Eggs, Meat & Fish", "sub_category_name": "Fish & Seafood", "product_name": "Tuna Fish - Steak/Slice, Preservative Free, 6-8 pcs", "product_brand": "Fresho", "combo": []}, {"category": "Eggs, Meat & Fish", "sub_category_name": "Fish & Seafood", "product_name": "Frozen Basa Fish - Fillets", "product_brand": "Big Sams", "combo": []}, {"category": "Eggs, Meat & Fish", "sub_category_name": "Fish & Seafood", "product_name": "Frozen Basa Fish - Fillets", "product_brand": "Big Sams", "combo": []}, {"category": "Eggs, Meat & Fish", "sub_category_name": "Fish & Seafood", "product_name": "Fish Fingers", "product_brand": "Gadre", "combo": [["200 g", "185.00"], ["1 kg", "650.00"]]}, {"category": "Eggs, Meat & Fish", "sub_category_name": "Fish & Seafood", "product_name": "Prawns - Medium, Peeled & Deveined", "product_brand": "ITC Master Chef", "combo": []}, {"category": "Eggs, Meat & Fish", "sub_category_name": "Fish & Seafood", "product_name": "Small Prawns - Peeled & Cleaned", "product_brand": "Ocean", "combo": [["1 Kg", "945.00"], ["500 g", "550.00"]]}, {"category": "Eggs, Meat & Fish", "sub_category_name": "Fish & Seafood", "product_name": "Large Prawns - Peeled & Cleaned", "product_brand": "Ocean", "combo": [["1 Kg", "1200.00"], ["500 g", "650.00"]]}, {"category": "Eggs, Meat & Fish", "sub_category_name": "Fish & Seafood", "product_name": "Prawns - Jumbo", "product_brand": "Gadre", "combo": []}, {"category": "Eggs, Meat & Fish", "sub_category_name": "Fish & Seafood", "product_name": "Prawns - Super Large, Peeled & Deveined", "product_brand": "ITC Master Chef", "combo": []}, {"category": "Eggs, Meat & Fish", "sub_category_name": "Fish & Seafood", "product_name": "Atlantic Salmon - Fillet", "product_brand": "Big Sams", "combo": []}, {"category": "Eggs, Meat & Fish", "sub_category_name": "Fish & Seafood", "product_name": "Medium Prawns - Peeled & Cleaned", "product_brand": "Ocean", "combo": []}, {"category": "Eggs, Meat & Fish", "sub_category_name": "Fish & Seafood", "product_name": "Seer Fish - Steak, Curry Cut", "product_brand": "Gadre", "combo": []}, {"category": "Eggs, Meat & Fish", "sub_category_name": "Fish & Seafood", "product_name": "Tuna Flakes - Light Meat, in Water", "product_brand": "Tasty Nibbles", "combo": []}, {"category": "Eggs, Meat & Fish", "sub_category_name": "Fish & Seafood", "product_name": "Prawns - Jumbo, Peeled & Deveined", "product_brand": "ITC Master Chef", "combo": []}, {"category": "Eggs, Meat & Fish", "sub_category_name": "Fish & Seafood", "product_name": "Seer Fish - Steak, Premium", "product_brand": "Gadre", "combo": []}, {"category": "Eggs, Meat & Fish", "sub_category_name": "Fish & Seafood", "product_name": "Canned Skipjack Light Meat Tuna - Chunk In Olive Oil", "product_brand": "Golden Prize", "combo": []}, {"category": "Eggs, Meat & Fish", "sub_category_name": "Fish & Seafood", "product_name": "Tuna Chunks - Light Meat, in Water", "product_brand": "Tasty Nibbles", "combo": []}, {"category": "Eggs, Meat & Fish", "sub_category_name": "Fish & Seafood", "product_name": "Steaks - Premium Seer Fish", "product_brand": "Gadre", "combo": []}, {"category": "Eggs, Meat & Fish", "sub_category_name": "Fish & Seafood", "product_name": "Frozen Tilapia Fish Fillet", "product_brand": "Gadre", "combo": []}, {"category": "Eggs, Meat & Fish", "sub_category_name": "Fish & Seafood", "product_name": "Prawns Goan Curry", "product_brand": "Gadre", "combo": []}, {"category": "Eggs, Meat & Fish", "sub_category_name": "Fish & Seafood", "product_name": "Prawns - Large", "product_brand": "Big Sams", "combo": []}, {"category": "Eggs, Meat & Fish", "sub_category_name": "Fish & Seafood", "product_name": "Canned Mackerel In - Tomato Sauce With Chili", "product_brand": "Golden Prize", "combo": []}, {"category": "Eggs, Meat & Fish", "sub_category_name": "Fish & Seafood", "product_name": "Frozen Prawns", "product_brand": "Big Sams", "combo": []}, {"category": "Eggs, Meat & Fish", "sub_category_name": "Fish & Seafood", "product_name": "Prawns Gassi", "product_brand": "Gadre", "combo": []}, {"category": "Eggs, Meat & Fish", "sub_category_name": "Fish & Seafood", "product_name": "Prawns Chettinad Curry", "product_brand": "Gadre", "combo": []}, {"category": "Eggs, Meat & Fish", "sub_category_name": "Fish & Seafood", "product_name": "Prawns Balchao Masala", "product_brand": "Gadre", "combo": []}, {"category": "Eggs, Meat & Fish", "sub_category_name": "Fish & Seafood", "product_name": "Prawns Masala", "product_brand": "Gadre", "combo": []}, {"category": "Eggs, Meat & Fish", "sub_category_name": "Fish & Seafood", "product_name": "Prawns Hariyali Masala", "product_brand": "Gadre", "combo": []}, {"category": "Eggs, Meat & Fish", "sub_category_name": "Fish & Seafood", "product_name": "DVC - Medium", "product_brand": "Cambay Tiger", "combo": [["300 g", "360.00"], ["600 g", "695.00"]]}, {"category": "Eggs, Meat & Fish", "sub_category_name": "Fish & Seafood", "product_name": "Basa Fish Fillet", "product_brand": "Ocean", "combo": []}, {"category": "Eggs, Meat & Fish", "sub_category_name": "Fish & Seafood", "product_name": "Canned Sardine in Natural Oil", "product_brand": "Golden Prize", "combo": []}, {"category": "Eggs, Meat & Fish", "sub_category_name": "Fish & Seafood", "product_name": "Jumbo Prawns - Peeled & Cleaned", "product_brand": "Ocean", "combo": [["500 g", "525.00"], ["1 Kg", "975.00"]]}, {"category": "Eggs, Meat & Fish", "sub_category_name": "Fish & Seafood", "product_name": "Canned Tuna Chunks in Spring Water", "product_brand": "Golden Prize", "combo": []}, {"category": "Eggs, Meat & Fish", "sub_category_name": "Fish & Seafood", "product_name": "Tuna Chunks - In Brine", "product_brand": "Ocean Secret", "combo": []}, {"category": "Eggs, Meat & Fish", "sub_category_name": "Fish & Seafood", "product_name": "Canned Skipjack Light Meat Tuna - Chunk In Soya Bean Oil", "product_brand": "Golden Prize", "combo": []}, {"category": "Eggs, Meat & Fish", "sub_category_name": "Fish & Seafood", "product_name": "Tuna Flakes - Light Meat, in Salted Water", "product_brand": "Tasty Nibbles", "combo": []}, {"category": "Eggs, Meat & Fish", "sub_category_name": "Fish & Seafood", "product_name": "Ready to Cook - Jumbo Prawns (Peeled & Deveined)", "product_brand": "Buffet", "combo": []}, {"category": "Eggs, Meat & Fish", "sub_category_name": "Fish & Seafood", "product_name": "Tuna FLakes in - Vegetable Oil", "product_brand": "Ocean Secret", "combo": []}, {"category": "Eggs, Meat & Fish", "sub_category_name": "Fish & Seafood", "product_name": "Seer Fish Steak", "product_brand": "Ocean", "combo": []}, {"category": "Eggs, Meat & Fish", "sub_category_name": "Fish & Seafood", "product_name": "Dabur Hommade - Coconut Milk 200ml + ITC Master Chef Prawns - Super Large 200gm", "product_brand": "bb Combo", "combo": []}, {"category": "Eggs, Meat & Fish", "sub_category_name": "Fish & Seafood", "product_name": "Dried Bombay Duck - Cut Piece", "product_brand": "Judes", "combo": []}, {"category": "Eggs, Meat & Fish", "sub_category_name": "Fish & Seafood", "product_name": "Sardines - In Vegetable Oil With Red Chilly & Cracked Pepper", "product_brand": "Ocean Secret", "combo": []}, {"category": "Eggs, Meat & Fish", "sub_category_name": "Fish & Seafood", "product_name": "Jus-Like - Crab Stick", "product_brand": "Gadre", "combo": [["250 g", "195.00"], ["1 kg", "550.00"]]}, {"category": "Eggs, Meat & Fish", "sub_category_name": "Fish & Seafood", "product_name": "Tuna Steak - in Brine", "product_brand": "Sealect", "combo": []}, {"category": "Eggs, Meat & Fish", "sub_category_name": "Fish & Seafood", "product_name": "Basa - Indian", "product_brand": "Big Sams", "combo": []}, {"category": "Eggs, Meat & Fish", "sub_category_name": "Fish & Seafood", "product_name": "Burger Patty - Tilapia Fish", "product_brand": "Gadre", "combo": []}, {"category": "Eggs, Meat & Fish", "sub_category_name": "Fish & Seafood", "product_name": "Jus-Like - Crab Claw Amritsari", "product_brand": "Gadre", "combo": []}, {"category": "Eggs, Meat & Fish", "sub_category_name": "Fish & Seafood", "product_name": "Jus-Like - Lobster Bite", "product_brand": "Gadre", "combo": []}, {"category": "Eggs, Meat & Fish", "sub_category_name": "Fish & Seafood", "product_name": "Dried Bombay Duck - Medium Pieces", "product_brand": "Judes", "combo": []}, {"category": "Eggs, Meat & Fish", "sub_category_name": "Fish & Seafood", "product_name": "Fried Bombay Duck Masala", "product_brand": "Judes", "combo": []}, {"category": "Eggs, Meat & Fish", "sub_category_name": "Fish & Seafood", "product_name": "Premium Streaky Bacon", "product_brand": "Big Sams", "combo": []}, {"category": "Eggs, Meat & Fish", "sub_category_name": "Fish & Seafood", "product_name": "Tuna Chunks in - Vegetable Oil with Red Chilly & Cracked Pepper", "product_brand": "Ocean Secret", "combo": []}, {"category": "Eggs, Meat & Fish", "sub_category_name": "Fish & Seafood", "product_name": "Chicken Pickle", "product_brand": "Judes", "combo": []}, {"category": "Eggs, Meat & Fish", "sub_category_name": "Fish & Seafood", "product_name": "Imitation - Crab Claw", "product_brand": "Gadre", "combo": []}, {"category": "Eggs, Meat & Fish", "sub_category_name": "Fish & Seafood", "product_name": "Canned Sardine in Tomato Sauce", "product_brand": "Golden Prize", "combo": []}, {"category": "Eggs, Meat & Fish", "sub_category_name": "Fish & Seafood", "product_name": "Canned Tuna Chunks in Tomato Sauce", "product_brand": "Golden Prize", "combo": []}, {"category": "Eggs, Meat & Fish", "sub_category_name": "Fish & Seafood", "product_name": "Canned Mackerel In - Brine", "product_brand": "Golden Prize", "combo": []}, {"category": "Eggs, Meat & Fish", "sub_category_name": "Fish & Seafood", "product_name": "Basa Fish - Fillet", "product_brand": "Cambay Tiger", "combo": []}, {"category": "Eggs, Meat & Fish", "sub_category_name": "Fish & Seafood", "product_name": "Atlantic Salmon Portion Single", "product_brand": "Big Sams", "combo": []}, {"category": "Eggs, Meat & Fish", "sub_category_name": "Fish & Seafood", "product_name": "Prawn Pickle", "product_brand": "Judes", "combo": []}, {"category": "Eggs, Meat & Fish", "sub_category_name": "Fish & Seafood", "product_name": "Tuna Steak - in Sunflower Oil", "product_brand": "Sealect", "combo": []}, {"category": "Eggs, Meat & Fish", "sub_category_name": "Fish & Seafood", "product_name": "Tuna Chunks - Light Meat, in Sunflower Oil, with Lemon Slice", "product_brand": "Tasty Nibbles", "combo": []}, {"category": "Eggs, Meat & Fish", "sub_category_name": "Fish & Seafood", "product_name": "Chilli Basil Basa Fish", "product_brand": "Cambay Tiger", "combo": []}, {"category": "Eggs, Meat & Fish", "sub_category_name": "Fish & Seafood", "product_name": "Prawns - Small (Clean & Undeveined)", "product_brand": "Gadre", "combo": []}, {"category": "Eggs, Meat & Fish", "sub_category_name": "Fish & Seafood", "product_name": "Tuna Chunks in - Sunflower Oil", "product_brand": "Ocean Secret", "combo": []}, {"category": "Eggs, Meat & Fish", "sub_category_name": "Fish & Seafood", "product_name": "Tuna in Tantalizing Mayonnaise", "product_brand": "Ocean Secret", "combo": []}, {"category": "Eggs, Meat & Fish", "sub_category_name": "Fish & Seafood", "product_name": "Tuna Chunks - In Vegetable Oil With Lemon Slices", "product_brand": "Ocean Secret", "combo": []}, {"category": "Eggs, Meat & Fish", "sub_category_name": "Fish & Seafood", "product_name": "Ready to Cook - Small Prawns (Peeled & Deveined)", "product_brand": "Buffet", "combo": []}, {"category": "Eggs, Meat & Fish", "sub_category_name": "Fish & Seafood", "product_name": "Basa Chunks", "product_brand": "Cambay Tiger", "combo": [["250 g", "205.00"], ["400 g", "300.00"]]}, {"category": "Eggs, Meat & Fish", "sub_category_name": "Fish & Seafood", "product_name": "Kardi", "product_brand": "Judes", "combo": []}, {"category": "Eggs, Meat & Fish", "sub_category_name": "Fish & Seafood", "product_name": "Ready To Cook - Masala Mackerel", "product_brand": "Gadre", "combo": []}, {"category": "Eggs, Meat & Fish", "sub_category_name": "Fish & Seafood", "product_name": "Medium Prawns - Peeled & Deveined", "product_brand": "Buffet", "combo": []}, {"category": "Eggs, Meat & Fish", "sub_category_name": "Fish & Seafood", "product_name": "Fried Jawla Masala", "product_brand": "Judes", "combo": []}, {"category": "Eggs, Meat & Fish", "sub_category_name": "Fish & Seafood", "product_name": "Light Meat Tuna Flakes In Sunflower Oil With Chilli & Cracked Pepper", "product_brand": "Tasty Nibbles", "combo": []}, {"category": "Eggs, Meat & Fish", "sub_category_name": "Fish & Seafood", "product_name": "Sardines in - Tomato Sauce", "product_brand": "Ocean Secret", "combo": []}, {"category": "Eggs, Meat & Fish", "sub_category_name": "Fish & Seafood", "product_name": "Norgwegian Salmon Portions - Family Pack", "product_brand": "Big Sams", "combo": []}, {"category": "Eggs, Meat & Fish", "sub_category_name": "Fish & Seafood", "product_name": "Green Prawn Pickle", "product_brand": "Judes", "combo": []}, {"category": "Eggs, Meat & Fish", "sub_category_name": "Fish & Seafood", "product_name": "Canned Mackerel In - Tomato Sauce", "product_brand": "Golden Prize", "combo": []}, {"category": "Eggs, Meat & Fish", "sub_category_name": "Fish & Seafood", "product_name": "Jawala", "product_brand": "Judes", "combo": []}, {"category": "Eggs, Meat & Fish", "sub_category_name": "Fish & Seafood", "product_name": "Salmon Smoked - Presliced", "product_brand": "Big Sams", "combo": []}, {"category": "Eggs, Meat & Fish", "sub_category_name": "Fish & Seafood", "product_name": "Tuna Flakes - White Meat In Water, Salt Added", "product_brand": "Tasty Nibbles", "combo": []}, {"category": "Eggs, Meat & Fish", "sub_category_name": "Fish & Seafood", "product_name": "Tuna Chunks in - Olive Oil", "product_brand": "Ocean Secret", "combo": []}, {"category": "Eggs, Meat & Fish", "sub_category_name": "Fish & Seafood", "product_name": "Light Meat Tuna Flakes In Sunflower Oil", "product_brand": "Tasty Nibbles", "combo": []}, {"category": "Eggs, Meat & Fish", "sub_category_name": "Fish & Seafood", "product_name": "Spicy Prawn Pickle", "product_brand": "Judes", "combo": []}, {"category": "Eggs, Meat & Fish", "sub_category_name": "Fish & Seafood", "product_name": "Frozen Salmon Skin-on Portions", "product_brand": "Big Sams", "combo": []}, {"category": "Eggs, Meat & Fish", "sub_category_name": "Fish & Seafood", "product_name": "Roasted Masala Dry Shrimps - Black Pepper", "product_brand": "KRAKER", "combo": []}, {"category": "Eggs, Meat & Fish", "sub_category_name": "Fish & Seafood", "product_name": "Tuna Steak - in Spring Water", "product_brand": "Sealect", "combo": []}, {"category": "Eggs, Meat & Fish", "sub_category_name": "Fish & Seafood", "product_name": "Tuna Sandwich - in Soybean Oil", "product_brand": "Sealect", "combo": []}, {"category": "Eggs, Meat & Fish", "sub_category_name": "Fish & Seafood", "product_name": "Fresh Catch Prawns - Jumbo", "product_brand": "Ifb", "combo": []}, {"category": "Eggs, Meat & Fish", "sub_category_name": "Fish & Seafood", "product_name": "Gravlax - Cured Norwegian Salmon With Dill", "product_brand": "Big Sams", "combo": []}, {"category": "Eggs, Meat & Fish", "sub_category_name": "Fish & Seafood", "product_name": "Canned Sardine - in Natural Oil with Chili", "product_brand": "Golden Prize", "combo": []}, {"category": "Eggs, Meat & Fish", "sub_category_name": "Fish & Seafood", "product_name": "Tuna Chunks - White Meat In Water, Salt Added", "product_brand": "Tasty Nibbles", "combo": []}, {"category": "Eggs, Meat & Fish", "sub_category_name": "Fish & Seafood", "product_name": "Crab Crackers", "product_brand": "Vinanth", "combo": []}, {"category": "Eggs, Meat & Fish", "sub_category_name": "Fish & Seafood", "product_name": "Seer Fish Pickle", "product_brand": "Judes", "combo": []}, {"category": "Eggs, Meat & Fish", "sub_category_name": "Fish & Seafood", "product_name": "Tuna Flakes - White Meat In Water", "product_brand": "Tasty Nibbles", "combo": []}, {"category": "Eggs, Meat & Fish", "sub_category_name": "Fish & Seafood", "product_name": "Premium Back Bacon", "product_brand": "Big Sams", "combo": []}, {"category": "Eggs, Meat & Fish", "sub_category_name": "Fish & Seafood", "product_name": "Canned Skipjack Light Meat Tuna - Chunk In Brine", "product_brand": "Golden Prize", "combo": []}, {"category": "Eggs, Meat & Fish", "sub_category_name": "Fish & Seafood", "product_name": "Tuna Chunks - Light Meat, in Sunflower Oil, with Ginger Slice", "product_brand": "Tasty Nibbles", "combo": []}, {"category": "Eggs, Meat & Fish", "sub_category_name": "Fish & Seafood", "product_name": "Bombay Duck Pickle", "product_brand": "Judes", "combo": []}, {"category": "Eggs, Meat & Fish", "sub_category_name": "Fish & Seafood", "product_name": "Fish Fingers - Breaded", "product_brand": "Buffet", "combo": []}, {"category": "Eggs, Meat & Fish", "sub_category_name": "Fish & Seafood", "product_name": "Sardine In Soy Sauce", "product_brand": "Golden Prize", "combo": []}, {"category": "Eggs, Meat & Fish", "sub_category_name": "Fish & Seafood", "product_name": "Rosted Masala Dry Bombay Duck - Black Pepper", "product_brand": "KRAKER", "combo": []}, {"category": "Eggs, Meat & Fish", "sub_category_name": "Fish & Seafood", "product_name": "Pickle - Fish", "product_brand": "Judes", "combo": []}, {"category": "Eggs, Meat & Fish", "sub_category_name": "Fish & Seafood", "product_name": "Prawn Balchao", "product_brand": "Judes", "combo": []}, {"category": "Eggs, Meat & Fish", "sub_category_name": "Fish & Seafood", "product_name": "Tuna Steak - in Soybean Oil", "product_brand": "Sealect", "combo": []}, {"category": "Eggs, Meat & Fish", "sub_category_name": "Fish & Seafood", "product_name": "Prawns - Large, Peeled & Deveined", "product_brand": "ITC Master Chef", "combo": []}, {"category": "Eggs, Meat & Fish", "sub_category_name": "Fish & Seafood", "product_name": "Canned Skipjack Light Meat Tuna - Flakes In Brine", "product_brand": "Golden Prize", "combo": []}, {"category": "Eggs, Meat & Fish", "sub_category_name": "Fish & Seafood", "product_name": "Canned Sardine - in Brine", "product_brand": "Golden Prize", "combo": []}, {"category": "Eggs, Meat & Fish", "sub_category_name": "Fish & Seafood", "product_name": "Basa Fish With Lemon & Pepper", "product_brand": "Cambay Tiger", "combo": []}, {"category": "Eggs, Meat & Fish", "sub_category_name": "Fish & Seafood", "product_name": "DVC - Small", "product_brand": "Cambay Tiger", "combo": []}, {"category": "Eggs, Meat & Fish", "sub_category_name": "Fish & Seafood", "product_name": "Surmai Medium", "product_brand": "Cambay Tiger", "combo": []}, {"category": "Eggs, Meat & Fish", "sub_category_name": "Fish & Seafood", "product_name": "Tandoori Prawn Skewers", "product_brand": "Cambay Tiger", "combo": []}, {"category": "Eggs, Meat & Fish", "sub_category_name": "Fish & Seafood", "product_name": "Pickle - Fish", "product_brand": "Tasty Nibbles", "combo": []}, {"category": "Eggs, Meat & Fish", "sub_category_name": "Fish & Seafood", "product_name": "Pickle - Anchovy", "product_brand": "Tasty Nibbles", "combo": []}, {"category": "Eggs, Meat & Fish", "sub_category_name": "Fish & Seafood", "product_name": "Pickle - Squid", "product_brand": "Tasty Nibbles", "combo": []}, {"category": "Eggs, Meat & Fish", "sub_category_name": "Fish & Seafood", "product_name": "Pickle - Clam 400 GRM", "product_brand": "Tasty Nibbles", "combo": []}, {"category": "Eggs, Meat & Fish", "sub_category_name": "Fish & Seafood", "product_name": "Tuna Chunks - Light Meat, in Sunflower Oil, with Chilli & Cracked Pepper", "product_brand": "Tasty Nibbles", "combo": []}, {"category": "Eggs, Meat & Fish", "sub_category_name": "Fish & Seafood", "product_name": "Frozen Basa Chunks", "product_brand": "Big Sams", "combo": []}, {"category": "Eggs, Meat & Fish", "sub_category_name": "Fish & Seafood", "product_name": "Tuna Chunks in Sunflower Oil", "product_brand": "Abbies", "combo": []}, {"category": "Eggs, Meat & Fish", "sub_category_name": "Fish & Seafood", "product_name": "Seer Fish Crackers", "product_brand": "Vinanth", "combo": []}, {"category": "Eggs, Meat & Fish", "sub_category_name": "Fish & Seafood", "product_name": "Tuna Sandwich - in Brine", "product_brand": "Sealect", "combo": []}, {"category": "Eggs, Meat & Fish", "sub_category_name": "Fish & Seafood", "product_name": "Tuna Chunks- White Meat In Sunflower Oil", "product_brand": "Tasty Nibbles", "combo": []}, {"category": "Eggs, Meat & Fish", "sub_category_name": "Fish & Seafood", "product_name": "Tuna Flakes - White Meat In Sunflower Oil", "product_brand": "Tasty Nibbles", "combo": []}, {"category": "Eggs, Meat & Fish", "sub_category_name": "Fish & Seafood", "product_name": "Frozen Prawns - Medium", "product_brand": "Big Sams", "combo": []}, {"category": "Eggs, Meat & Fish", "sub_category_name": "Fish & Seafood", "product_name": "Breaded Basa Fish Fingers", "product_brand": "Big Sams", "combo": []}, {"category": "Eggs, Meat & Fish", "sub_category_name": "Fish & Seafood", "product_name": "Fresh Catch Breaded Fish Fillets", "product_brand": "Ifb", "combo": []}, {"category": "Eggs, Meat & Fish", "sub_category_name": "Fish & Seafood", "product_name": "Fresh Catch Prawns - Medium", "product_brand": "Ifb", "combo": []}, {"category": "Eggs, Meat & Fish", "sub_category_name": "Fish & Seafood", "product_name": "Canned Sardine - in Brine", "product_brand": "Golden Prize", "combo": []}, {"category": "Eggs, Meat & Fish", "sub_category_name": "Fish & Seafood", "product_name": "Basa Fish With Lemon & Pepper", "product_brand": "Cambay Tiger", "combo": []}, {"category": "Eggs, Meat & Fish", "sub_category_name": "Fish & Seafood", "product_name": "DVC - Small", "product_brand": "Cambay Tiger", "combo": []}, {"category": "Eggs, Meat & Fish", "sub_category_name": "Fish & Seafood", "product_name": "Surmai Medium", "product_brand": "Cambay Tiger", "combo": []}, {"category": "Eggs, Meat & Fish", "sub_category_name": "Fish & Seafood", "product_name": "Tandoori Prawn Skewers", "product_brand": "Cambay Tiger", "combo": []}, {"category": "Eggs, Meat & Fish", "sub_category_name": "Fish & Seafood", "product_name": "Pickle - Fish", "product_brand": "Tasty Nibbles", "combo": []}, {"category": "Eggs, Meat & Fish", "sub_category_name": "Fish & Seafood", "product_name": "Pickle - Anchovy", "product_brand": "Tasty Nibbles", "combo": []}, {"category": "Eggs, Meat & Fish", "sub_category_name": "Fish & Seafood", "product_name": "Pickle - Squid", "product_brand": "Tasty Nibbles", "combo": []}, {"category": "Eggs, Meat & Fish", "sub_category_name": "Fish & Seafood", "product_name": "Pickle - Clam 400 GRM", "product_brand": "Tasty Nibbles", "combo": []}, {"category": "Eggs, Meat & Fish", "sub_category_name": "Fish & Seafood", "product_name": "Tuna Chunks - Light Meat, in Sunflower Oil, with Chilli & Cracked Pepper", "product_brand": "Tasty Nibbles", "combo": []}, {"category": "Eggs, Meat & Fish", "sub_category_name": "Fish & Seafood", "product_name": "Frozen Basa Chunks", "product_brand": "Big Sams", "combo": []}, {"category": "Eggs, Meat & Fish", "sub_category_name": "Fish & Seafood", "product_name": "Tuna Chunks in Sunflower Oil", "product_brand": "Abbies", "combo": []}, {"category": "Eggs, Meat & Fish", "sub_category_name": "Fish & Seafood", "product_name": "Seer Fish Crackers", "product_brand": "Vinanth", "combo": []}, {"category": "Eggs, Meat & Fish", "sub_category_name": "Fish & Seafood", "product_name": "Tuna Sandwich - in Brine", "product_brand": "Sealect", "combo": []}, {"category": "Eggs, Meat & Fish", "sub_category_name": "Fish & Seafood", "product_name": "Tuna Chunks- White Meat In Sunflower Oil", "product_brand": "Tasty Nibbles", "combo": []}, {"category": "Eggs, Meat & Fish", "sub_category_name": "Fish & Seafood", "product_name": "Tuna Flakes - White Meat In Sunflower Oil", "product_brand": "Tasty Nibbles", "combo": []}, {"category": "Eggs, Meat & Fish", "sub_category_name": "Fish & Seafood", "product_name": "Frozen Prawns - Medium", "product_brand": "Big Sams", "combo": []}, {"category": "Eggs, Meat & Fish", "sub_category_name": "Fish & Seafood", "product_name": "Breaded Basa Fish Fingers", "product_brand": "Big Sams", "combo": []}, {"category": "Eggs, Meat & Fish", "sub_category_name": "Fish & Seafood", "product_name": "Fresh Catch Breaded Fish Fillets", "product_brand": "Ifb", "combo": []}, {"category": "Eggs, Meat & Fish", "sub_category_name": "Fish & Seafood", "product_name": "Fresh Catch Prawns - Medium", "product_brand": "Ifb", "combo": []}, {"category": "Eggs, Meat & Fish", "sub_category_name": "Fish & Seafood", "product_name": "Canned Sardine - in Brine", "product_brand": "Golden Prize", "combo": []}, {"category": "Eggs, Meat & Fish", "sub_category_name": "Fish & Seafood", "product_name": "Basa Fish With Lemon & Pepper", "product_brand": "Cambay Tiger", "combo": []}, {"category": "Eggs, Meat & Fish", "sub_category_name": "Fish & Seafood", "product_name": "DVC - Small", "product_brand": "Cambay Tiger", "combo": []}, {"category": "Eggs, Meat & Fish", "sub_category_name": "Fish & Seafood", "product_name": "Surmai Medium", "product_brand": "Cambay Tiger", "combo": []}, {"category": "Eggs, Meat & Fish", "sub_category_name": "Fish & Seafood", "product_name": "Tandoori Prawn Skewers", "product_brand": "Cambay Tiger", "combo": []}, {"category": "Eggs, Meat & Fish", "sub_category_name": "Fish & Seafood", "product_name": "Pickle - Fish", "product_brand": "Tasty Nibbles", "combo": []}, {"category": "Eggs, Meat & Fish", "sub_category_name": "Fish & Seafood", "product_name": "Pickle - Anchovy", "product_brand": "Tasty Nibbles", "combo": []}, {"category": "Eggs, Meat & Fish", "sub_category_name": "Fish & Seafood", "product_name": "Pickle - Squid", "product_brand": "Tasty Nibbles", "combo": []}, {"category": "Eggs, Meat & Fish", "sub_category_name": "Fish & Seafood", "product_name": "Pickle - Clam 400 GRM", "product_brand": "Tasty Nibbles", "combo": []}, {"category": "Eggs, Meat & Fish", "sub_category_name": "Fish & Seafood", "product_name": "Tuna Chunks - Light Meat, in Sunflower Oil, with Chilli & Cracked Pepper", "product_brand": "Tasty Nibbles", "combo": []}, {"category": "Eggs, Meat & Fish", "sub_category_name": "Fish & Seafood", "product_name": "Frozen Basa Chunks", "product_brand": "Big Sams", "combo": []}, {"category": "Eggs, Meat & Fish", "sub_category_name": "Fish & Seafood", "product_name": "Tuna Chunks in Sunflower Oil", "product_brand": "Abbies", "combo": []}, {"category": "Eggs, Meat & Fish", "sub_category_name": "Fish & Seafood", "product_name": "Seer Fish Crackers", "product_brand": "Vinanth", "combo": []}, {"category": "Eggs, Meat & Fish", "sub_category_name": "Fish & Seafood", "product_name": "Tuna Sandwich - in Brine", "product_brand": "Sealect", "combo": []}, {"category": "Eggs, Meat & Fish", "sub_category_name": "Fish & Seafood", "product_name": "Tuna Chunks- White Meat In Sunflower Oil", "product_brand": "Tasty Nibbles", "combo": []}, {"category": "Eggs, Meat & Fish", "sub_category_name": "Fish & Seafood", "product_name": "Tuna Flakes - White Meat In Sunflower Oil", "product_brand": "Tasty Nibbles", "combo": []}, {"category": "Eggs, Meat & Fish", "sub_category_name": "Fish & Seafood", "product_name": "Frozen Prawns - Medium", "product_brand": "Big Sams", "combo": []}, {"category": "Eggs, Meat & Fish", "sub_category_name": "Fish & Seafood", "product_name": "Breaded Basa Fish Fingers", "product_brand": "Big Sams", "combo": []}, {"category": "Eggs, Meat & Fish", "sub_category_name": "Fish & Seafood", "product_name": "Fresh Catch Breaded Fish Fillets", "product_brand": "Ifb", "combo": []}, {"category": "Eggs, Meat & Fish", "sub_category_name": "Fish & Seafood", "product_name": "Fresh Catch Prawns - Medium", "product_brand": "Ifb", "combo": []}, {"category": "Eggs, Meat & Fish", "sub_category_name": "Fish & Seafood", "product_name": "Fish - Katla, Head", "product_brand": "Fresho", "combo": []}, {"category": "Eggs, Meat & Fish", "sub_category_name": "Fish & Seafood", "product_name": "Seer Fish - Fillet, Preservative Free, 4-6 pcs", "product_brand": "Fresho", "combo": []}, {"category": "Eggs, Meat & Fish", "sub_category_name": "Fish & Seafood", "product_name": "Fish - Rohu, Head", "product_brand": "Fresho", "combo": []}, {"category": "Eggs, Meat & Fish", "sub_category_name": "Fish & Seafood", "product_name": "Prawns - Medium Tail, Peeled, 15-25 pcs", "product_brand": "Fresho", "combo": []}, {"category": "Eggs, Meat & Fish", "sub_category_name": "Fish & Seafood", "product_name": "Pink Perch Fish - Whole Cleaned, Preservative Free, 3-4 pcs", "product_brand": "Fresho", "combo": []}, {"category": "Eggs, Meat & Fish", "sub_category_name": "Fish & Seafood", "product_name": "Fish Pakodas", "product_brand": "Cambay Tiger", "combo": []}, {"category": "Eggs, Meat & Fish", "sub_category_name": "Fish & Seafood", "product_name": "Prawn Crackers", "product_brand": "Vinanth", "combo": []}, {"category": "Eggs, Meat & Fish", "sub_category_name": "Fish & Seafood", "product_name": "Jus-Cook - Masala Seer Fish Steak", "product_brand": "Gadre", "combo": []}, {"category": "Eggs, Meat & Fish", "sub_category_name": "Fish & Seafood", "product_name": "Smoked Pink Salmon Fillet - Wild Alaskan, In Oil", "product_brand": "Golden Prize", "combo": []}, {"category": "Eggs, Meat & Fish", "sub_category_name": "Fish & Seafood", "product_name": "Rosted Masala Dry Bombay Duck - Red Hot Chilli", "product_brand": "KRAKER", "combo": []}, {"category": "Eggs, Meat & Fish", "sub_category_name": "Fish & Seafood", "product_name": "Ready to Cook - Large Prawns (Peeled & Deveined)", "product_brand": "Buffet", "combo": []}, {"category": "Eggs, Meat & Fish", "sub_category_name": "Fish & Seafood", "product_name": "Pink Salmon In Oil", "product_brand": "Golden Prize", "combo": []}, {"category": "Eggs, Meat & Fish", "sub_category_name": "Fish & Seafood", "product_name": "Mandeli - Dried", "product_brand": "Judes", "combo": []}, {"category": "Eggs, Meat & Fish", "sub_category_name": "Fish & Seafood", "product_name": "Canned Sardine - in Tomato Sauce", "product_brand": "Golden Prize", "combo": []}, {"category": "Eggs, Meat & Fish", "sub_category_name": "Fish & Seafood", "product_name": "Tuna Chunks in Olive Oil", "product_brand": "Abbies", "combo": []}, {"category": "Eggs, Meat & Fish", "sub_category_name": "Fish & Seafood", "product_name": "Prawns - Small", "product_brand": "Fresho", "combo": []}, {"category": "Eggs, Meat & Fish", "sub_category_name": "Fish & Seafood", "product_name": "Prawns - Medium", "product_brand": "Fresho", "combo": []}, {"category": "Eggs, Meat & Fish", "sub_category_name": "Fish & Seafood", "product_name": "Frozen Prawns - Large", "product_brand": "Big Sams", "combo": []}, {"category": "Eggs, Meat & Fish", "sub_category_name": "Fish & Seafood", "product_name": "Sardine In Tomato Sauce", "product_brand": "Indofish", "combo": []}, {"category": "Eggs, Meat & Fish", "sub_category_name": "Fish & Seafood", "product_name": "Fresh Catch Basa Fish Fillets", "product_brand": "Ifb", "combo": []}, {"category": "Eggs, Meat & Fish", "sub_category_name": "Fish & Seafood", "product_name": "Fish - Katla, Head", "product_brand": "Fresho", "combo": []}, {"category": "Eggs, Meat & Fish", "sub_category_name": "Fish & Seafood", "product_name": "Seer Fish - Fillet, Preservative Free, 4-6 pcs", "product_brand": "Fresho", "combo": []}, {"category": "Eggs, Meat & Fish", "sub_category_name": "Fish & Seafood", "product_name": "Fish - Rohu, Head", "product_brand": "Fresho", "combo": []}, {"category": "Eggs, Meat & Fish", "sub_category_name": "Fish & Seafood", "product_name": "Prawns - Medium Tail, Peeled, 15-25 pcs", "product_brand": "Fresho", "combo": []}, {"category": "Eggs, Meat & Fish", "sub_category_name": "Fish & Seafood", "product_name": "Pink Perch Fish - Whole Cleaned, Preservative Free, 3-4 pcs", "product_brand": "Fresho", "combo": []}, {"category": "Eggs, Meat & Fish", "sub_category_name": "Fish & Seafood", "product_name": "Fish Pakodas", "product_brand": "Cambay Tiger", "combo": []}, {"category": "Eggs, Meat & Fish", "sub_category_name": "Fish & Seafood", "product_name": "Prawn Crackers", "product_brand": "Vinanth", "combo": []}, {"category": "Eggs, Meat & Fish", "sub_category_name": "Fish & Seafood", "product_name": "Jus-Cook - Masala Seer Fish Steak", "product_brand": "Gadre", "combo": []}, {"category": "Eggs, Meat & Fish", "sub_category_name": "Fish & Seafood", "product_name": "Smoked Pink Salmon Fillet - Wild Alaskan, In Oil", "product_brand": "Golden Prize", "combo": []}, {"category": "Eggs, Meat & Fish", "sub_category_name": "Fish & Seafood", "product_name": "Rosted Masala Dry Bombay Duck - Red Hot Chilli", "product_brand": "KRAKER", "combo": []}, {"category": "Eggs, Meat & Fish", "sub_category_name": "Fish & Seafood", "product_name": "Ready to Cook - Large Prawns (Peeled & Deveined)", "product_brand": "Buffet", "combo": []}, {"category": "Eggs, Meat & Fish", "sub_category_name": "Fish & Seafood", "product_name": "Pink Salmon In Oil", "product_brand": "Golden Prize", "combo": []}, {"category": "Eggs, Meat & Fish", "sub_category_name": "Fish & Seafood", "product_name": "Mandeli - Dried", "product_brand": "Judes", "combo": []}, {"category": "Eggs, Meat & Fish", "sub_category_name": "Fish & Seafood", "product_name": "Canned Sardine - in Tomato Sauce", "product_brand": "Golden Prize", "combo": []}, {"category": "Eggs, Meat & Fish", "sub_category_name": "Fish & Seafood", "product_name": "Tuna Chunks in Olive Oil", "product_brand": "Abbies", "combo": []}, {"category": "Eggs, Meat & Fish", "sub_category_name": "Fish & Seafood", "product_name": "Prawns - Small", "product_brand": "Fresho", "combo": []}, {"category": "Eggs, Meat & Fish", "sub_category_name": "Fish & Seafood", "product_name": "Prawns - Medium", "product_brand": "Fresho", "combo": []}, {"category": "Eggs, Meat & Fish", "sub_category_name": "Fish & Seafood", "product_name": "Frozen Prawns - Large", "product_brand": "Big Sams", "combo": []}, {"category": "Eggs, Meat & Fish", "sub_category_name": "Fish & Seafood", "product_name": "Sardine In Tomato Sauce", "product_brand": "Indofish", "combo": []}, {"category": "Eggs, Meat & Fish", "sub_category_name": "Fish & Seafood", "product_name": "Fresh Catch Basa Fish Fillets", "product_brand": "Ifb", "combo": []}, {"category": "Eggs, Meat & Fish", "sub_category_name": "Fish & Seafood", "product_name": "Skipjack Tuna - Chunks In Water", "product_brand": "Grace", "combo": []}, {"category": "Eggs, Meat & Fish", "sub_category_name": "Fish & Seafood", "product_name": "Sardine In Vegetable Oil", "product_brand": "Indofish", "combo": []}, {"category": "Eggs, Meat & Fish", "sub_category_name": "Fish & Seafood", "product_name": "Tuna Flakes in Sunflower Oil", "product_brand": "Abbies", "combo": []}, {"category": "Eggs, Meat & Fish", "sub_category_name": "Fish & Seafood", "product_name": "Tuna Chunks - Light Meat, in Sunflower Oil", "product_brand": "Tasty Nibbles", "combo": []}, {"category": "Eggs, Meat & Fish", "sub_category_name": "Fish & Seafood", "product_name": "Fish - Katla, Head", "product_brand": "Fresho", "combo": []}, {"category": "Eggs, Meat & Fish", "sub_category_name": "Fish & Seafood", "product_name": "Seer Fish - Fillet, Preservative Free, 4-6 pcs", "product_brand": "Fresho", "combo": []}, {"category": "Eggs, Meat & Fish", "sub_category_name": "Fish & Seafood", "product_name": "Fish - Rohu, Head", "product_brand": "Fresho", "combo": []}, {"category": "Eggs, Meat & Fish", "sub_category_name": "Fish & Seafood", "product_name": "Prawns - Medium Tail, Peeled, 15-25 pcs", "product_brand": "Fresho", "combo": []}, {"category": "Eggs, Meat & Fish", "sub_category_name": "Fish & Seafood", "product_name": "Pink Perch Fish - Whole Cleaned, Preservative Free, 3-4 pcs", "product_brand": "Fresho", "combo": []}, {"category": "Eggs, Meat & Fish", "sub_category_name": "Fish & Seafood", "product_name": "Fish Pakodas", "product_brand": "Cambay Tiger", "combo": []}, {"category": "Eggs, Meat & Fish", "sub_category_name": "Fish & Seafood", "product_name": "Prawn Crackers", "product_brand": "Vinanth", "combo": []}, {"category": "Eggs, Meat & Fish", "sub_category_name": "Fish & Seafood", "product_name": "Jus-Cook - Masala Seer Fish Steak", "product_brand": "Gadre", "combo": []}, {"category": "Eggs, Meat & Fish", "sub_category_name": "Fish & Seafood", "product_name": "Smoked Pink Salmon Fillet - Wild Alaskan, In Oil", "product_brand": "Golden Prize", "combo": []}, {"category": "Eggs, Meat & Fish", "sub_category_name": "Fish & Seafood", "product_name": "Rosted Masala Dry Bombay Duck - Red Hot Chilli", "product_brand": "KRAKER", "combo": []}, {"category": "Eggs, Meat & Fish", "sub_category_name": "Fish & Seafood", "product_name": "Ready to Cook - Large Prawns (Peeled & Deveined)", "product_brand": "Buffet", "combo": []}, {"category": "Eggs, Meat & Fish", "sub_category_name": "Fish & Seafood", "product_name": "Pink Salmon In Oil", "product_brand": "Golden Prize", "combo": []}, {"category": "Eggs, Meat & Fish", "sub_category_name": "Fish & Seafood", "product_name": "Mandeli - Dried", "product_brand": "Judes", "combo": []}, {"category": "Eggs, Meat & Fish", "sub_category_name": "Fish & Seafood", "product_name": "Canned Sardine - in Tomato Sauce", "product_brand": "Golden Prize", "combo": []}, {"category": "Eggs, Meat & Fish", "sub_category_name": "Fish & Seafood", "product_name": "Tuna Chunks in Olive Oil", "product_brand": "Abbies", "combo": []}, {"category": "Eggs, Meat & Fish", "sub_category_name": "Fish & Seafood", "product_name": "Prawns - Small", "product_brand": "Fresho", "combo": []}, {"category": "Eggs, Meat & Fish", "sub_category_name": "Fish & Seafood", "product_name": "Prawns - Medium", "product_brand": "Fresho", "combo": []}, {"category": "Eggs, Meat & Fish", "sub_category_name": "Fish & Seafood", "product_name": "Frozen Prawns - Large", "product_brand": "Big Sams", "combo": []}, {"category": "Eggs, Meat & Fish", "sub_category_name": "Fish & Seafood", "product_name": "Sardine In Tomato Sauce", "product_brand": "Indofish", "combo": []}, {"category": "Eggs, Meat & Fish", "sub_category_name": "Fish & Seafood", "product_name": "Fresh Catch Basa Fish Fillets", "product_brand": "Ifb", "combo": []}, {"category": "Eggs, Meat & Fish", "sub_category_name": "Fish & Seafood", "product_name": "Fish - Katla, Head", "product_brand": "Fresho", "combo": []}, {"category": "Eggs, Meat & Fish", "sub_category_name": "Fish & Seafood", "product_name": "Seer Fish - Fillet, Preservative Free, 4-6 pcs", "product_brand": "Fresho", "combo": []}, {"category": "Eggs, Meat & Fish", "sub_category_name": "Fish & Seafood", "product_name": "Fish - Rohu, Head", "product_brand": "Fresho", "combo": []}, {"category": "Eggs, Meat & Fish", "sub_category_name": "Fish & Seafood", "product_name": "Prawns - Medium Tail, Peeled, 15-25 pcs", "product_brand": "Fresho", "combo": []}, {"category": "Eggs, Meat & Fish", "sub_category_name": "Fish & Seafood", "product_name": "Pink Perch Fish - Whole Cleaned, Preservative Free, 3-4 pcs", "product_brand": "Fresho", "combo": []}, {"category": "Eggs, Meat & Fish", "sub_category_name": "Fish & Seafood", "product_name": "Fish Pakodas", "product_brand": "Cambay Tiger", "combo": []}, {"category": "Eggs, Meat & Fish", "sub_category_name": "Fish & Seafood", "product_name": "Prawn Crackers", "product_brand": "Vinanth", "combo": []}, {"category": "Eggs, Meat & Fish", "sub_category_name": "Fish & Seafood", "product_name": "Jus-Cook - Masala Seer Fish Steak", "product_brand": "Gadre", "combo": []}, {"category": "Eggs, Meat & Fish", "sub_category_name": "Fish & Seafood", "product_name": "Smoked Pink Salmon Fillet - Wild Alaskan, In Oil", "product_brand": "Golden Prize", "combo": []}, {"category": "Eggs, Meat & Fish", "sub_category_name": "Fish & Seafood", "product_name": "Rosted Masala Dry Bombay Duck - Red Hot Chilli", "product_brand": "KRAKER", "combo": []}, {"category": "Eggs, Meat & Fish", "sub_category_name": "Fish & Seafood", "product_name": "Ready to Cook - Large Prawns (Peeled & Deveined)", "product_brand": "Buffet", "combo": []}, {"category": "Eggs, Meat & Fish", "sub_category_name": "Fish & Seafood", "product_name": "Pink Salmon In Oil", "product_brand": "Golden Prize", "combo": []}, {"category": "Eggs, Meat & Fish", "sub_category_name": "Fish & Seafood", "product_name": "Mandeli - Dried", "product_brand": "Judes", "combo": []}, {"category": "Eggs, Meat & Fish", "sub_category_name": "Fish & Seafood", "product_name": "Canned Sardine - in Tomato Sauce", "product_brand": "Golden Prize", "combo": []}, {"category": "Eggs, Meat & Fish", "sub_category_name": "Fish & Seafood", "product_name": "Tuna Chunks in Olive Oil", "product_brand": "Abbies", "combo": []}, {"category": "Eggs, Meat & Fish", "sub_category_name": "Fish & Seafood", "product_name": "Prawns - Small", "product_brand": "Fresho", "combo": []}, {"category": "Eggs, Meat & Fish", "sub_category_name": "Fish & Seafood", "product_name": "Prawns - Medium", "product_brand": "Fresho", "combo": []}, {"category": "Eggs, Meat & Fish", "sub_category_name": "Fish & Seafood", "product_name": "Frozen Prawns - Large", "product_brand": "Big Sams", "combo": []}, {"category": "Eggs, Meat & Fish", "sub_category_name": "Fish & Seafood", "product_name": "Sardine In Tomato Sauce", "product_brand": "Indofish", "combo": []}, {"category": "Eggs, Meat & Fish", "sub_category_name": "Fish & Seafood", "product_name": "Fresh Catch Basa Fish Fillets", "product_brand": "Ifb", "combo": []}, {"category": "Eggs, Meat & Fish", "sub_category_name": "Fish & Seafood", "product_name": "Fish - Katla, Head", "product_brand": "Fresho", "combo": []}, {"category": "Eggs, Meat & Fish", "sub_category_name": "Fish & Seafood", "product_name": "Seer Fish - Fillet, Preservative Free, 4-6 pcs", "product_brand": "Fresho", "combo": []}, {"category": "Eggs, Meat & Fish", "sub_category_name": "Fish & Seafood", "product_name": "Fish - Rohu, Head", "product_brand": "Fresho", "combo": []}, {"category": "Eggs, Meat & Fish", "sub_category_name": "Fish & Seafood", "product_name": "Prawns - Medium Tail, Peeled, 15-25 pcs", "product_brand": "Fresho", "combo": []}, {"category": "Eggs, Meat & Fish", "sub_category_name": "Fish & Seafood", "product_name": "Pink Perch Fish - Whole Cleaned, Preservative Free, 3-4 pcs", "product_brand": "Fresho", "combo": []}, {"category": "Eggs, Meat & Fish", "sub_category_name": "Fish & Seafood", "product_name": "Fish Pakodas", "product_brand": "Cambay Tiger", "combo": []}, {"category": "Eggs, Meat & Fish", "sub_category_name": "Fish & Seafood", "product_name": "Prawn Crackers", "product_brand": "Vinanth", "combo": []}, {"category": "Eggs, Meat & Fish", "sub_category_name": "Fish & Seafood", "product_name": "Jus-Cook - Masala Seer Fish Steak", "product_brand": "Gadre", "combo": []}, {"category": "Eggs, Meat & Fish", "sub_category_name": "Fish & Seafood", "product_name": "Smoked Pink Salmon Fillet - Wild Alaskan, In Oil", "product_brand": "Golden Prize", "combo": []}, {"category": "Eggs, Meat & Fish", "sub_category_name": "Fish & Seafood", "product_name": "Rosted Masala Dry Bombay Duck - Red Hot Chilli", "product_brand": "KRAKER", "combo": []}, {"category": "Eggs, Meat & Fish", "sub_category_name": "Fish & Seafood", "product_name": "Ready to Cook - Large Prawns (Peeled & Deveined)", "product_brand": "Buffet", "combo": []}, {"category": "Eggs, Meat & Fish", "sub_category_name": "Fish & Seafood", "product_name": "Pink Salmon In Oil", "product_brand": "Golden Prize", "combo": []}, {"category": "Eggs, Meat & Fish", "sub_category_name": "Fish & Seafood", "product_name": "Mandeli - Dried", "product_brand": "Judes", "combo": []}, {"category": "Eggs, Meat & Fish", "sub_category_name": "Fish & Seafood", "product_name": "Canned Sardine - in Tomato Sauce", "product_brand": "Golden Prize", "combo": []}, {"category": "Eggs, Meat & Fish", "sub_category_name": "Fish & Seafood", "product_name": "Tuna Chunks in Olive Oil", "product_brand": "Abbies", "combo": []}, {"category": "Eggs, Meat & Fish", "sub_category_name": "Fish & Seafood", "product_name": "Prawns - Small", "product_brand": "Fresho", "combo": []}, {"category": "Eggs, Meat & Fish", "sub_category_name": "Fish & Seafood", "product_name": "Prawns - Medium", "product_brand": "Fresho", "combo": []}, {"category": "Eggs, Meat & Fish", "sub_category_name": "Fish & Seafood", "product_name": "Frozen Prawns - Large", "product_brand": "Big Sams", "combo": []}, {"category": "Eggs, Meat & Fish", "sub_category_name": "Fish & Seafood", "product_name": "Sardine In Tomato Sauce", "product_brand": "Indofish", "combo": []}, {"category": "Eggs, Meat & Fish", "sub_category_name": "Fish & Seafood", "product_name": "Fresh Catch Basa Fish Fillets", "product_brand": "Ifb", "combo": []}]