[{"category": "Gourmet & World Food", "sub_category_name": "Cereals & Breakfast", "product_name": "Fruit & Nuts Muesli - Protein Rich Breakfast Cereal", "product_brand": "True Elements", "combo": []}, {"category": "Gourmet & World Food", "sub_category_name": "Cereals & Breakfast", "product_name": "Crunchy Nuts & Berries Muesli For Breakfast - Nuts Delight With Almonds & Cranberries", "product_brand": "True Elements", "combo": []}, {"category": "Gourmet & World Food", "sub_category_name": "Cereals & Breakfast", "product_name": "Seeds & Nuts Muesli", "product_brand": "Nourish Organics", "combo": []}, {"category": "Gourmet & World Food", "sub_category_name": "Cereals & Breakfast", "product_name": "Honey Crunch Muesli", "product_brand": "Nourish Organics", "combo": []}, {"category": "Gourmet & World Food", "sub_category_name": "Cereals & Breakfast", "product_name": "Oats Granola", "product_brand": "Nourish Organics", "combo": []}, {"category": "Gourmet & World Food", "sub_category_name": "Cereals & Breakfast", "product_name": "Instant Oats", "product_brand": "Oateo", "combo": []}, {"category": "Gourmet & World Food", "sub_category_name": "Cereals & Breakfast", "product_name": "Steel Cut Oats", "product_brand": "Oateo", "combo": []}, {"category": "Gourmet & World Food", "sub_category_name": "Cereals & Breakfast", "product_name": "Millet Maverick Breakfast Granola", "product_brand": "The Nibble Box", "combo": []}, {"category": "Gourmet & World Food", "sub_category_name": "Cereals & Breakfast", "product_name": "Multigrain Energy Bar - Vanilla Almond", "product_brand": "Yoga bar", "combo": []}, {"category": "Gourmet & World Food", "sub_category_name": "Cereals & Breakfast", "product_name": "Oats Flour", "product_brand": "Oateo", "combo": []}, {"category": "Gourmet & World Food", "sub_category_name": "Cereals & Breakfast", "product_name": "Amla Bar", "product_brand": "Nourish Organics", "combo": []}, {"category": "Gourmet & World Food", "sub_category_name": "Cereals & Breakfast", "product_name": "Banana Oats Bar", "product_brand": "Nourish Organics", "combo": []}, {"category": "Gourmet & World Food", "sub_category_name": "Cereals & Breakfast", "product_name": "Rolled Oats - Gluten Free", "product_brand": "True Elements", "combo": [["500 g", "180.00"], ["1 kg", "340.00"]]}, {"category": "Gourmet & World Food", "sub_category_name": "Cereals & Breakfast", "product_name": "Nutrition Energy Bar - Fig, Flax & Pumpkin Seeds", "product_brand": "GoodDiet", "combo": [["10x40 g", "350.01"], ["40 g", "45.00"], ["3x40 g", "129.01"], ["6x40 g", "240.00"]]}, {"category": "Gourmet & World Food", "sub_category_name": "Cereals & Breakfast", "product_name": "Cranberry Blueberry Muesli - Fibre Rich Breakfast Cereal", "product_brand": "True Elements", "combo": []}, {"category": "Gourmet & World Food", "sub_category_name": "Cereals & Breakfast", "product_name": "Fibre Rich Muesli For Breakfast - No Added Sugar", "product_brand": "True Elements", "combo": [["400 g", "265.50"], ["1 Kg", "505.75"]]}, {"category": "Gourmet & World Food", "sub_category_name": "Cereals & Breakfast", "product_name": "Nutrition Energy Bar - Cocoa Coconut & Almonds", "product_brand": "GoodDiet", "combo": [["6x40 g", "240.00"], ["40 g", "45.00"], ["10x40 g", "350.01"], ["3x40 g", "129.01"]]}, {"category": "Gourmet & World Food", "sub_category_name": "Cereals & Breakfast", "product_name": "Muesli Fruit & Nuts - Whole Grain Cereal For Breakfast", "product_brand": "True Elements", "combo": []}, {"category": "Gourmet & World Food", "sub_category_name": "Cereals & Breakfast", "product_name": "Wholegrain Breakfast Muesli - Dried Fruits + Nuts + Seeds", "product_brand": "Yoga bar", "combo": [["700 g", "414.17"], ["400 g", "269.75"], ["40 g", "24.00"]]}, {"category": "Gourmet & World Food", "sub_category_name": "Cereals & Breakfast", "product_name": "Nutrition Energy Bar - Dates & Walnut", "product_brand": "GoodDiet", "combo": [["40 g", "45.00"], ["3x40 g", "129.01"], ["6x40 g", "240.00"], ["10x40 g", "350.01"]]}, {"category": "Gourmet & World Food", "sub_category_name": "Cereals & Breakfast", "product_name": "Nutrition Energy Bar - Pumpkin Seeds & Cranberries", "product_brand": "GoodDiet", "combo": [["3x40 g", "129.01"], ["6x40 g", "240.00"], ["10x40 g", "350.01"], ["40 g", "45.00"]]}, {"category": "Gourmet & World Food", "sub_category_name": "Cereals & Breakfast", "product_name": "Protein Variety Bar - Chocolate Brownie, Cranberry, Almond Fudge, Hazelnut", "product_brand": "Yoga bar", "combo": []}, {"category": "Gourmet & World Food", "sub_category_name": "Cereals & Breakfast", "product_name": "Oats - Rolled 500 g + Chia Seeds 100 g", "product_brand": "By Nature", "combo": []}, {"category": "Gourmet & World Food", "sub_category_name": "Cereals & Breakfast", "product_name": "Nutrition Energy Bar - Chocolate & Peanut", "product_brand": "GoodDiet", "combo": [["3x40 g", "129.01"], ["6x40 g", "240.00"], ["40 g", "45.00"], ["10x40 g", "350.01"]]}, {"category": "Gourmet & World Food", "sub_category_name": "Cereals & Breakfast", "product_name": "Muesli - Dark Chocolate & Cranberry", "product_brand": "Yoga bar", "combo": [["400 g", "269.75"], ["40 g", "30.00"], ["700 g", "414.17"]]}, {"category": "Gourmet & World Food", "sub_category_name": "Cereals & Breakfast", "product_name": "Oats - Rolled 500 g + Himalayan Pink Salt 400 g", "product_brand": "By Nature", "combo": []}, {"category": "Gourmet & World Food", "sub_category_name": "Cereals & Breakfast", "product_name": "Oats - Rolled", "product_brand": "By Nature", "combo": [["2x500 g", "380.00"], ["200 g", "99.00"], ["500 g", "190.00"]]}, {"category": "Gourmet & World Food", "sub_category_name": "Cereals & Breakfast", "product_name": "Multigrain Variety Energy Bar - Chocolate, Vanilla Almonds, Cashew Orange & Nuts & Seeds", "product_brand": "Yoga bar", "combo": []}, {"category": "Gourmet & World Food", "sub_category_name": "Cereals & Breakfast", "product_name": "Nutrition Energy Bar - Almonds & Raisins", "product_brand": "GoodDiet", "combo": [["40 g", "45.00"], ["3x40 g", "129.01"], ["6x40 g", "240.00"], ["10x40 g", "350.01"]]}, {"category": "Gourmet & World Food", "sub_category_name": "Cereals & Breakfast", "product_name": "Breakfast Protein Variety Bar - Almond Coconut, Apricot & Fig, Blueberry, Apple Cinnamon", "product_brand": "Yoga bar", "combo": []}, {"category": "Gourmet & World Food", "sub_category_name": "Cereals & Breakfast", "product_name": "Seeds & Berries Breakfast Muesli", "product_brand": "True Elements", "combo": []}, {"category": "Gourmet & World Food", "sub_category_name": "Cereals & Breakfast", "product_name": "Granola - Hazelnut & Almond, Gluten free", "product_brand": "GoodDiet", "combo": []}, {"category": "Gourmet & World Food", "sub_category_name": "Cereals & Breakfast", "product_name": "20g Whey Protein Bar - Hazelnut Coffee", "product_brand": "GoodDiet", "combo": []}, {"category": "Gourmet & World Food", "sub_category_name": "Cereals & Breakfast", "product_name": "Nutrition Energy Bar - Gojiberry, Blackcurrant & Cashews", "product_brand": "GoodDiet", "combo": [["40 g", "45.00"], ["6x40 g", "240.00"], ["10x40 g", "350.01"], ["3x40 g", "129.01"]]}, {"category": "Gourmet & World Food", "sub_category_name": "Cereals & Breakfast", "product_name": "Whey Protein Bar - Chocolate Brownie", "product_brand": "Yoga bar", "combo": []}, {"category": "Gourmet & World Food", "sub_category_name": "Cereals & Breakfast", "product_name": "Quinoa 500 g + Oats - Rolled 500 g", "product_brand": "By Nature", "combo": []}, {"category": "Gourmet & World Food", "sub_category_name": "Cereals & Breakfast", "product_name": "Wholegrain Breakfast Muesli - Dark Chocolate + Cranberry", "product_brand": "Yoga bar", "combo": []}, {"category": "Gourmet & World Food", "sub_category_name": "Cereals & Breakfast", "product_name": "20g Whey Protein Bar - Chocolate Cranberry", "product_brand": "GoodDiet", "combo": [["65 g", "99.00"], ["4x65 g", "345.00"], ["2x65 g", "188.99"]]}, {"category": "Gourmet & World Food", "sub_category_name": "Cereals & Breakfast", "product_name": "20g Whey Protein Bar - Kesar Almond Fudge", "product_brand": "GoodDiet", "combo": [["4x65 g", "345.00"], ["2x65 g", "188.99"], ["65 g", "99.00"]]}, {"category": "Gourmet & World Food", "sub_category_name": "Cereals & Breakfast", "product_name": "Whole Instant Oats - Gluten Free", "product_brand": "True Elements", "combo": []}, {"category": "Gourmet & World Food", "sub_category_name": "Cereals & Breakfast", "product_name": "Mighty Puff - Choco Ragi", "product_brand": "Slurrp Farm", "combo": []}, {"category": "Gourmet & World Food", "sub_category_name": "Cereals & Breakfast", "product_name": "Granola - Honey Nut, Gluten free", "product_brand": "GoodDiet", "combo": []}, {"category": "Gourmet & World Food", "sub_category_name": "Cereals & Breakfast", "product_name": "Crunchy Granola Bars - Apple Crunch", "product_brand": "Nature Valley", "combo": []}, {"category": "Gourmet & World Food", "sub_category_name": "Cereals & Breakfast", "product_name": "20g Whey Protein Bar - Double Chocolate Caramel", "product_brand": "GoodDiet", "combo": []}, {"category": "Gourmet & World Food", "sub_category_name": "Cereals & Breakfast", "product_name": "Rolled Oats - Gluten Free", "product_brand": "Graminway", "combo": []}, {"category": "Gourmet & World Food", "sub_category_name": "Cereals & Breakfast", "product_name": "Wholegrain Breakfast Muesli - Dried Fruits + Nuts + Seeds", "product_brand": "Yoga bar", "combo": []}, {"category": "Gourmet & World Food", "sub_category_name": "Cereals & Breakfast", "product_name": "Whey Protein Bar - Almond Fudge", "product_brand": "Yoga bar", "combo": []}, {"category": "Gourmet & World Food", "sub_category_name": "Cereals & Breakfast", "product_name": "Original", "product_brand": "Weetabix", "combo": []}, {"category": "Gourmet & World Food", "sub_category_name": "Cereals & Breakfast", "product_name": "Crunchy Granola Bars - Roasted Almond", "product_brand": "Nature Valley", "combo": []}, {"category": "Gourmet & World Food", "sub_category_name": "Cereals & Breakfast", "product_name": "Breakfast Protein Bar - Apricot Fig", "product_brand": "Yoga bar", "combo": []}, {"category": "Gourmet & World Food", "sub_category_name": "Cereals & Breakfast", "product_name": "Muesli - Almond & Quinoa Crunch", "product_brand": "Yoga bar", "combo": []}, {"category": "Gourmet & World Food", "sub_category_name": "Cereals & Breakfast", "product_name": "Breakfast Protein Bar - Blueberry", "product_brand": "Yoga bar", "combo": []}, {"category": "Gourmet & World Food", "sub_category_name": "Cereals & Breakfast", "product_name": "Gluten Free - Steel Cut Oats", "product_brand": "True Elements", "combo": [["1.5 kg", "427.50"], ["1 kg", "292.50"], ["500 g", "180.00"]]}, {"category": "Gourmet & World Food", "sub_category_name": "Cereals & Breakfast", "product_name": "Breakfast Protein Bar - Blueberry Pie", "product_brand": "Yoga bar", "combo": []}, {"category": "Gourmet & World Food", "sub_category_name": "Cereals & Breakfast", "product_name": "Oats - Steel Cut", "product_brand": "By Nature", "combo": [["400 g", "190.00"], ["200 g", "89.10"]]}, {"category": "Gourmet & World Food", "sub_category_name": "Cereals & Breakfast", "product_name": "Granola - Goji Cocoa, Gluten free", "product_brand": "GoodDiet", "combo": []}, {"category": "Gourmet & World Food", "sub_category_name": "Cereals & Breakfast", "product_name": "Granola - Quinoa & Amaranth Cranberry, Gluten Free", "product_brand": "GoodDiet", "combo": []}, {"category": "Gourmet & World Food", "sub_category_name": "Cereals & Breakfast", "product_name": "Oat Flour - Premium", "product_brand": "NUTRIWISH", "combo": []}, {"category": "Gourmet & World Food", "sub_category_name": "Cereals & Breakfast", "product_name": "Protein Bar - Hazlenut Toffee", "product_brand": "Yoga bar", "combo": []}, {"category": "Gourmet & World Food", "sub_category_name": "Cereals & Breakfast", "product_name": "Multigrain Energy Bar - Chocolate Chunk Nut", "product_brand": "Yoga bar", "combo": []}, {"category": "Gourmet & World Food", "sub_category_name": "Cereals & Breakfast", "product_name": "Granola - Dark Chocolate & Walnut Granola", "product_brand": "Nutty Yogi", "combo": []}, {"category": "Gourmet & World Food", "sub_category_name": "Cereals & Breakfast", "product_name": "Jowar Flakes - With Honey & Almonds", "product_brand": "True Elements", "combo": []}, {"category": "Gourmet & World Food", "sub_category_name": "Cereals & Breakfast", "product_name": "No Added Sugar Muesli - High Fibre Cereal For Breakfast", "product_brand": "True Elements", "combo": []}, {"category": "Gourmet & World Food", "sub_category_name": "Cereals & Breakfast", "product_name": "Muesli - Crunchy Yogurt Raspberry & Oats", "product_brand": "Kolln", "combo": []}, {"category": "Gourmet & World Food", "sub_category_name": "Cereals & Breakfast", "product_name": "20g Whey Protein Bar - Coconut", "product_brand": "GoodDiet", "combo": []}, {"category": "Gourmet & World Food", "sub_category_name": "Cereals & Breakfast", "product_name": "Multigrain Energy Bar - Nuts n Seed", "product_brand": "Yoga bar", "combo": []}, {"category": "Gourmet & World Food", "sub_category_name": "Cereals & Breakfast", "product_name": "Multigrain Energy Bar - Cashew Orange Zest", "product_brand": "Yoga bar", "combo": []}, {"category": "Gourmet & World Food", "sub_category_name": "Cereals & Breakfast", "product_name": "Breakfast Protein Bar - Apricot & Fig", "product_brand": "Yoga bar", "combo": []}, {"category": "Gourmet & World Food", "sub_category_name": "Cereals & Breakfast", "product_name": "Breakfast Protein Bar - Apple Cinnamon", "product_brand": "Yoga bar", "combo": []}, {"category": "Gourmet & World Food", "sub_category_name": "Cereals & Breakfast", "product_name": "Whey Protein Bar - Baked Brownie", "product_brand": "Yoga bar", "combo": []}, {"category": "Gourmet & World Food", "sub_category_name": "Cereals & Breakfast", "product_name": "Granola - Apple & Cinnamon, Gluten free", "product_brand": "GoodDiet", "combo": []}, {"category": "Gourmet & World Food", "sub_category_name": "Cereals & Breakfast", "product_name": "Toasted Millet Muesli - Cranberry And Almond", "product_brand": "Monsoon Harvest", "combo": []}, {"category": "Gourmet & World Food", "sub_category_name": "Cereals & Breakfast", "product_name": "Crunchy Granola Bars - Oats & Dark Chocolate", "product_brand": "Nature Valley", "combo": []}, {"category": "Gourmet & World Food", "sub_category_name": "Cereals & Breakfast", "product_name": "Breakfast Protein Bar - Almond Coconut", "product_brand": "Yoga bar", "combo": []}, {"category": "Gourmet & World Food", "sub_category_name": "Cereals & Breakfast", "product_name": "Whey Protein Bar - Cranberry Blast", "product_brand": "Yoga bar", "combo": []}, {"category": "Gourmet & World Food", "sub_category_name": "Cereals & Breakfast", "product_name": "Protein Bar - Hazlenut Toffee", "product_brand": "Yoga bar", "combo": []}, {"category": "Gourmet & World Food", "sub_category_name": "Cereals & Breakfast", "product_name": "Crunchy Granola Bar - Oats & Honey", "product_brand": "Nature Valley", "combo": []}, {"category": "Gourmet & World Food", "sub_category_name": "Cereals & Breakfast", "product_name": "Rolled Oats - Gluten-Free", "product_brand": "True Elements", "combo": []}, {"category": "Gourmet & World Food", "sub_category_name": "Cereals & Breakfast", "product_name": "Multi Millet Muesli - With Fruits, Nuts & Berries", "product_brand": "GoodDiet", "combo": [["350 g", "249.00"], ["30 g", "25.00"], ["6x30 g", "115.00"]]}, {"category": "Gourmet & World Food", "sub_category_name": "Cereals & Breakfast", "product_name": "Breakfast Protein Bar - Apple Cinnamon", "product_brand": "Yoga bar", "combo": []}, {"category": "Gourmet & World Food", "sub_category_name": "Cereals & Breakfast", "product_name": "Whey Protein Bar - Almond Fudge", "product_brand": "Yoga bar", "combo": []}, {"category": "Gourmet & World Food", "sub_category_name": "Cereals & Breakfast", "product_name": "Cranberry Blueberry Muesli - Fibre Rich Breakfast Cereal", "product_brand": "True Elements", "combo": []}, {"category": "Gourmet & World Food", "sub_category_name": "Cereals & Breakfast", "product_name": "Multigrain Energy Bar - Vanilla Almond", "product_brand": "Yoga bar", "combo": []}, {"category": "Gourmet & World Food", "sub_category_name": "Cereals & Breakfast", "product_name": "Quinoa Muesli - With Nuts & Seeds", "product_brand": "GoodDiet", "combo": [["6x30 g", "115.00"], ["350 g", "249.00"], ["30 g", "25.00"]]}, {"category": "Gourmet & World Food", "sub_category_name": "Cereals & Breakfast", "product_name": "Whole Oatmeal  With Chia & Real Whole Fruits - No Added Sugar", "product_brand": "True Elements", "combo": [["500 g", "332.50"], ["1 kg", "565.25"]]}, {"category": "Gourmet & World Food", "sub_category_name": "Cereals & Breakfast", "product_name": "Chatpati Protein Muesli With Quinoa Puff, Soynuts & Almonds", "product_brand": "True Elements", "combo": []}, {"category": "Gourmet & World Food", "sub_category_name": "Cereals & Breakfast", "product_name": "Muesli - Cranberry & Oats", "product_brand": "Kolln", "combo": []}, {"category": "Gourmet & World Food", "sub_category_name": "Cereals & Breakfast", "product_name": "20g Whey Protein Bar - Cranberry Orange", "product_brand": "GoodDiet", "combo": []}, {"category": "Gourmet & World Food", "sub_category_name": "Cereals & Breakfast", "product_name": "Gluten-Free Rolled Oats - Premium", "product_brand": "NUTRIWISH", "combo": [["1.25 kg", "405.00"], ["500 g", "180.00"], ["1 kg", "315.00"]]}, {"category": "Gourmet & World Food", "sub_category_name": "Cereals & Breakfast", "product_name": "Certified Organic Steel Cut Oats", "product_brand": "Nutriorg", "combo": []}, {"category": "Gourmet & World Food", "sub_category_name": "Cereals & Breakfast", "product_name": "Healthy Quinoa & Millets Breakfast Cereals", "product_brand": "GoodDiet", "combo": []}, {"category": "Gourmet & World Food", "sub_category_name": "Cereals & Breakfast", "product_name": "Crunchy Granola Bar - Apple Crunch", "product_brand": "Nature Valley", "combo": []}, {"category": "Gourmet & World Food", "sub_category_name": "Cereals & Breakfast", "product_name": "Cereal - Granola, Crunchy Tropical Sunshine", "product_brand": "Cocosutra", "combo": []}, {"category": "Gourmet & World Food", "sub_category_name": "Cereals & Breakfast", "product_name": "Cereal - Granola, Chia Soya Chocolate Chunk", "product_brand": "Cocosutra", "combo": []}, {"category": "Gourmet & World Food", "sub_category_name": "Cereals & Breakfast", "product_name": "Multi Millet Flakes - Plain", "product_brand": "GoodDiet", "combo": [["350 g", "189.00"], ["30 g", "17.00"], ["6x30 g", "85.00"]]}, {"category": "Gourmet & World Food", "sub_category_name": "Cereals & Breakfast", "product_name": "Breakfast Protein Variety Bar - Almond Coconut", "product_brand": "Yoga bar", "combo": []}, {"category": "Gourmet & World Food", "sub_category_name": "Cereals & Breakfast", "product_name": "Seeds & Berries Breakfast Muesli", "product_brand": "True Elements", "combo": []}, {"category": "Gourmet & World Food", "sub_category_name": "Cereals & Breakfast", "product_name": "Muesli - Ultimate Seeds & Berries Muesli", "product_brand": "Nutty Yogi", "combo": []}, {"category": "Gourmet & World Food", "sub_category_name": "Cereals & Breakfast", "product_name": "Wheat Flakes - Honey & Almonds", "product_brand": "True Elements", "combo": []}, {"category": "Gourmet & World Food", "sub_category_name": "Cereals & Breakfast", "product_name": "Muesli Fruit & Nuts - Whole Grain Cereal For Breakfast", "product_brand": "True Elements", "combo": []}, {"category": "Gourmet & World Food", "sub_category_name": "Cereals & Breakfast", "product_name": "Gluten-Free Steel Cut Oats - Premium", "product_brand": "NUTRIWISH", "combo": [["1 kg", "315.00"], ["750 g", "315.00"], ["500 g", "180.00"]]}, {"category": "Gourmet & World Food", "sub_category_name": "Cereals & Breakfast", "product_name": "Oats Flour", "product_brand": "Nutty Yogi", "combo": []}, {"category": "Gourmet & World Food", "sub_category_name": "Cereals & Breakfast", "product_name": "Multi Millet Flakes - With Fruits & Nuts", "product_brand": "GoodDiet", "combo": [["350 g", "249.00"], ["30 g", "24.65"], ["6x30 g", "113.39"]]}, {"category": "Gourmet & World Food", "sub_category_name": "Cereals & Breakfast", "product_name": "Protein Mix - Roasted Pumpkin, Watermelon, Almonds & Soya Nuts", "product_brand": "True Elements", "combo": []}, {"category": "Gourmet & World Food", "sub_category_name": "Cereals & Breakfast", "product_name": "Steel Cut Oats", "product_brand": "NUTRIWISH", "combo": [["200 g", "112.50"], ["2 kg", "585.00"]]}, {"category": "Gourmet & World Food", "sub_category_name": "Cereals & Breakfast", "product_name": "Quinoa Cereal - With Fruits & Nuts, Banana Flavour", "product_brand": "GoodDiet", "combo": [["6x30 g", "115.00"], ["350 g", "249.00"], ["30 g", "25.00"]]}, {"category": "Gourmet & World Food", "sub_category_name": "Cereals & Breakfast", "product_name": "Quinoa - Quinoa", "product_brand": "NUTRIWISH", "combo": []}, {"category": "Gourmet & World Food", "sub_category_name": "Cereals & Breakfast", "product_name": "Quinoa - Quinoa Flour", "product_brand": "NUTRIWISH", "combo": []}, {"category": "Gourmet & World Food", "sub_category_name": "Cereals & Breakfast", "product_name": "Quinoa - Flakes", "product_brand": "NUTRIWISH", "combo": []}, {"category": "Gourmet & World Food", "sub_category_name": "Cereals & Breakfast", "product_name": "Steel Cut Oats - Premium Gluten-Free", "product_brand": "NUTRIWISH", "combo": []}, {"category": "Gourmet & World Food", "sub_category_name": "Cereals & Breakfast", "product_name": "Cosmic Clusters Strawberry Cereal", "product_brand": "The Nibble Box", "combo": []}, {"category": "Gourmet & World Food", "sub_category_name": "Cereals & Breakfast", "product_name": "Honey Bunches Of Oats - Real Vanilla Bunches & Whole Grain Flakes", "product_brand": "Post", "combo": []}, {"category": "Gourmet & World Food", "sub_category_name": "Cereals & Breakfast", "product_name": "Oat Crispies - Classic", "product_brand": "Kolln", "combo": []}, {"category": "Gourmet & World Food", "sub_category_name": "Cereals & Breakfast", "product_name": "Muesli - Crunchy Classic & Oats", "product_brand": "Kolln", "combo": []}, {"category": "Gourmet & World Food", "sub_category_name": "Cereals & Breakfast", "product_name": "Artisanal Muesli - Cranberry & Almond", "product_brand": "By Nature", "combo": []}, {"category": "Gourmet & World Food", "sub_category_name": "Cereals & Breakfast", "product_name": "Artisanal Muesli - Figs & Pistachios, With Honey", "product_brand": "By Nature", "combo": []}, {"category": "Gourmet & World Food", "sub_category_name": "Cereals & Breakfast", "product_name": "Muesli - Strawberry", "product_brand": "True Elements", "combo": []}, {"category": "Gourmet & World Food", "sub_category_name": "Cereals & Breakfast", "product_name": "Granola Bar - Assorted", "product_brand": "RINE", "combo": []}, {"category": "Gourmet & World Food", "sub_category_name": "Cereals & Breakfast", "product_name": "Granola Bar - Nutty Strawberry", "product_brand": "RINE", "combo": []}, {"category": "Gourmet & World Food", "sub_category_name": "Cereals & Breakfast", "product_name": "Granola Bar - Peanut Butter Crunch", "product_brand": "RINE", "combo": []}, {"category": "Gourmet & World Food", "sub_category_name": "Cereals & Breakfast", "product_name": "Granola Bar - Nutty Strawberry", "product_brand": "RINE", "combo": []}, {"category": "Gourmet & World Food", "sub_category_name": "Cereals & Breakfast", "product_name": "Post Fruity Pebbles", "product_brand": "Post", "combo": []}, {"category": "Gourmet & World Food", "sub_category_name": "Cereals & Breakfast", "product_name": "Cereals - Honey Bunches Of Oats, With Almonds", "product_brand": "Post", "combo": []}, {"category": "Gourmet & World Food", "sub_category_name": "Cereals & Breakfast", "product_name": "Oatmeal - Scottish", "product_brand": "Bobs Red Mill", "combo": []}, {"category": "Gourmet & World Food", "sub_category_name": "Cereals & Breakfast", "product_name": "Muesli - Gluten Free", "product_brand": "Bobs Red Mill", "combo": []}, {"category": "Gourmet & World Food", "sub_category_name": "Cereals & Breakfast", "product_name": "Cereal - Granola, Peanut Butter Chocolate Chunk", "product_brand": "Cocosutra", "combo": []}, {"category": "Gourmet & World Food", "sub_category_name": "Cereals & Breakfast", "product_name": "Whole Oatmeal  With Chia & Real Whole Fruits - No Added Sugar", "product_brand": "True Elements", "combo": []}, {"category": "Gourmet & World Food", "sub_category_name": "Cereals & Breakfast", "product_name": "Oat Flakes", "product_brand": "NUTRIWISH", "combo": [["1 kg", "360.00"], ["500 g", "198.00"]]}, {"category": "Gourmet & World Food", "sub_category_name": "Cereals & Breakfast", "product_name": "White Quinoa", "product_brand": "NUTRIWISH", "combo": []}, {"category": "Gourmet & World Food", "sub_category_name": "Cereals & Breakfast", "product_name": "Almond Chocolate Granola", "product_brand": "Graminway", "combo": []}, {"category": "Gourmet & World Food", "sub_category_name": "Cereals & Breakfast", "product_name": "Multi Millet Granola", "product_brand": "Graminway", "combo": []}, {"category": "Gourmet & World Food", "sub_category_name": "Cereals & Breakfast", "product_name": "Original", "product_brand": "Weetabix", "combo": []}, {"category": "Gourmet & World Food", "sub_category_name": "Cereals & Breakfast", "product_name": "Multigrain Oatmeal", "product_brand": "True Elements", "combo": []}, {"category": "Gourmet & World Food", "sub_category_name": "Cereals & Breakfast", "product_name": "Crunchy Granola Bar - Oats & Dark Chocolate", "product_brand": "Nature Valley", "combo": []}, {"category": "Gourmet & World Food", "sub_category_name": "Cereals & Breakfast", "product_name": "Crunchy Granola Bar - Roasted Almond", "product_brand": "Nature Valley", "combo": []}, {"category": "Gourmet & World Food", "sub_category_name": "Cereals & Breakfast", "product_name": "Crunchy Granola Bars - Oats 'n Honey", "product_brand": "Nature Valley", "combo": []}, {"category": "Gourmet & World Food", "sub_category_name": "Cereals & Breakfast", "product_name": "Healthy Snack - Nutty Apricot + Fibre", "product_brand": "Mojo Bar", "combo": [["2x35 g", "67.50"], ["32 g", "33.75"], ["4x35 g", "135.00"], ["192 g", "229.50"]]}, {"category": "Gourmet & World Food", "sub_category_name": "Cereals & Breakfast", "product_name": "Healthy Snacks - Yoghurt Berry + Anti-Oxidants", "product_brand": "Mojo Bar", "combo": [["4x35 g", "162.00"], ["32 g", "40.50"], ["2x32 g", "81.00"], ["192 g", "255.00"]]}, {"category": "Gourmet & World Food", "sub_category_name": "Cereals & Breakfast", "product_name": "Instant Oats - Gluten Free", "product_brand": "Graminway", "combo": []}, {"category": "Gourmet & World Food", "sub_category_name": "Cereals & Breakfast", "product_name": "Flakes - White Oats Instant Oatmeal", "product_brand": "Kolln", "combo": []}, {"category": "Gourmet & World Food", "sub_category_name": "Cereals & Breakfast", "product_name": "Granola Bar - Nutty Strawberry", "product_brand": "RINE", "combo": []}, {"category": "Gourmet & World Food", "sub_category_name": "Cereals & Breakfast", "product_name": "Post Fruity Pebbles", "product_brand": "Post", "combo": []}, {"category": "Gourmet & World Food", "sub_category_name": "Cereals & Breakfast", "product_name": "Cereals - Honey Bunches Of Oats, With Almonds", "product_brand": "Post", "combo": []}, {"category": "Gourmet & World Food", "sub_category_name": "Cereals & Breakfast", "product_name": "Oatmeal - Scottish", "product_brand": "Bobs Red Mill", "combo": []}, {"category": "Gourmet & World Food", "sub_category_name": "Cereals & Breakfast", "product_name": "Muesli - Gluten Free", "product_brand": "Bobs Red Mill", "combo": []}, {"category": "Gourmet & World Food", "sub_category_name": "Cereals & Breakfast", "product_name": "Cereal - Granola, Peanut Butter Chocolate Chunk", "product_brand": "Cocosutra", "combo": []}, {"category": "Gourmet & World Food", "sub_category_name": "Cereals & Breakfast", "product_name": "Whole Oatmeal  With Chia & Real Whole Fruits - No Added Sugar", "product_brand": "True Elements", "combo": []}, {"category": "Gourmet & World Food", "sub_category_name": "Cereals & Breakfast", "product_name": "Oat Flakes", "product_brand": "NUTRIWISH", "combo": [["1 kg", "360.00"], ["500 g", "198.00"]]}, {"category": "Gourmet & World Food", "sub_category_name": "Cereals & Breakfast", "product_name": "White Quinoa", "product_brand": "NUTRIWISH", "combo": []}, {"category": "Gourmet & World Food", "sub_category_name": "Cereals & Breakfast", "product_name": "Almond Chocolate Granola", "product_brand": "Graminway", "combo": []}, {"category": "Gourmet & World Food", "sub_category_name": "Cereals & Breakfast", "product_name": "Multi Millet Granola", "product_brand": "Graminway", "combo": []}, {"category": "Gourmet & World Food", "sub_category_name": "Cereals & Breakfast", "product_name": "Original", "product_brand": "Weetabix", "combo": []}, {"category": "Gourmet & World Food", "sub_category_name": "Cereals & Breakfast", "product_name": "Multigrain Oatmeal", "product_brand": "True Elements", "combo": []}, {"category": "Gourmet & World Food", "sub_category_name": "Cereals & Breakfast", "product_name": "Crunchy Granola Bar - Oats & Dark Chocolate", "product_brand": "Nature Valley", "combo": []}, {"category": "Gourmet & World Food", "sub_category_name": "Cereals & Breakfast", "product_name": "Crunchy Granola Bar - Roasted Almond", "product_brand": "Nature Valley", "combo": []}, {"category": "Gourmet & World Food", "sub_category_name": "Cereals & Breakfast", "product_name": "Crunchy Granola Bars - Oats 'n Honey", "product_brand": "Nature Valley", "combo": []}, {"category": "Gourmet & World Food", "sub_category_name": "Cereals & Breakfast", "product_name": "Healthy Snack - Nutty Apricot + Fibre", "product_brand": "Mojo Bar", "combo": [["2x35 g", "67.50"], ["32 g", "33.75"], ["4x35 g", "135.00"], ["192 g", "229.50"]]}, {"category": "Gourmet & World Food", "sub_category_name": "Cereals & Breakfast", "product_name": "Healthy Snacks - Yoghurt Berry + Anti-Oxidants", "product_brand": "Mojo Bar", "combo": [["4x35 g", "162.00"], ["32 g", "40.50"], ["2x32 g", "81.00"], ["192 g", "255.00"]]}, {"category": "Gourmet & World Food", "sub_category_name": "Cereals & Breakfast", "product_name": "Instant Oats - Gluten Free", "product_brand": "Graminway", "combo": []}, {"category": "Gourmet & World Food", "sub_category_name": "Cereals & Breakfast", "product_name": "Flakes - White Oats Instant Oatmeal", "product_brand": "Kolln", "combo": []}, {"category": "Gourmet & World Food", "sub_category_name": "Cereals & Breakfast", "product_name": "Granola Bar - Nutty Strawberry", "product_brand": "RINE", "combo": []}, {"category": "Gourmet & World Food", "sub_category_name": "Cereals & Breakfast", "product_name": "Post Fruity Pebbles", "product_brand": "Post", "combo": []}, {"category": "Gourmet & World Food", "sub_category_name": "Cereals & Breakfast", "product_name": "Cereals - Honey Bunches Of Oats, With Almonds", "product_brand": "Post", "combo": []}, {"category": "Gourmet & World Food", "sub_category_name": "Cereals & Breakfast", "product_name": "Oatmeal - Scottish", "product_brand": "Bobs Red Mill", "combo": []}, {"category": "Gourmet & World Food", "sub_category_name": "Cereals & Breakfast", "product_name": "Muesli - Gluten Free", "product_brand": "Bobs Red Mill", "combo": []}, {"category": "Gourmet & World Food", "sub_category_name": "Cereals & Breakfast", "product_name": "Cereal - Granola, Peanut Butter Chocolate Chunk", "product_brand": "Cocosutra", "combo": []}, {"category": "Gourmet & World Food", "sub_category_name": "Cereals & Breakfast", "product_name": "Whole Oatmeal  With Chia & Real Whole Fruits - No Added Sugar", "product_brand": "True Elements", "combo": []}, {"category": "Gourmet & World Food", "sub_category_name": "Cereals & Breakfast", "product_name": "Oat Flakes", "product_brand": "NUTRIWISH", "combo": [["1 kg", "360.00"], ["500 g", "198.00"]]}, {"category": "Gourmet & World Food", "sub_category_name": "Cereals & Breakfast", "product_name": "White Quinoa", "product_brand": "NUTRIWISH", "combo": []}, {"category": "Gourmet & World Food", "sub_category_name": "Cereals & Breakfast", "product_name": "Almond Chocolate Granola", "product_brand": "Graminway", "combo": []}, {"category": "Gourmet & World Food", "sub_category_name": "Cereals & Breakfast", "product_name": "Multi Millet Granola", "product_brand": "Graminway", "combo": []}, {"category": "Gourmet & World Food", "sub_category_name": "Cereals & Breakfast", "product_name": "Original", "product_brand": "Weetabix", "combo": []}, {"category": "Gourmet & World Food", "sub_category_name": "Cereals & Breakfast", "product_name": "Multigrain Oatmeal", "product_brand": "True Elements", "combo": []}, {"category": "Gourmet & World Food", "sub_category_name": "Cereals & Breakfast", "product_name": "Crunchy Granola Bar - Oats & Dark Chocolate", "product_brand": "Nature Valley", "combo": []}, {"category": "Gourmet & World Food", "sub_category_name": "Cereals & Breakfast", "product_name": "Crunchy Granola Bar - Roasted Almond", "product_brand": "Nature Valley", "combo": []}, {"category": "Gourmet & World Food", "sub_category_name": "Cereals & Breakfast", "product_name": "Crunchy Granola Bars - Oats 'n Honey", "product_brand": "Nature Valley", "combo": []}, {"category": "Gourmet & World Food", "sub_category_name": "Cereals & Breakfast", "product_name": "Healthy Snack - Nutty Apricot + Fibre", "product_brand": "Mojo Bar", "combo": [["2x35 g", "67.50"], ["32 g", "33.75"], ["4x35 g", "135.00"], ["192 g", "229.50"]]}, {"category": "Gourmet & World Food", "sub_category_name": "Cereals & Breakfast", "product_name": "Healthy Snacks - Yoghurt Berry + Anti-Oxidants", "product_brand": "Mojo Bar", "combo": [["4x35 g", "162.00"], ["32 g", "40.50"], ["2x32 g", "81.00"], ["192 g", "255.00"]]}, {"category": "Gourmet & World Food", "sub_category_name": "Cereals & Breakfast", "product_name": "Instant Oats - Gluten Free", "product_brand": "Graminway", "combo": []}, {"category": "Gourmet & World Food", "sub_category_name": "Cereals & Breakfast", "product_name": "Flakes - White Oats Instant Oatmeal", "product_brand": "Kolln", "combo": []}, {"category": "Gourmet & World Food", "sub_category_name": "Cereals & Breakfast", "product_name": "Granola Bar - Nutty Strawberry", "product_brand": "RINE", "combo": []}, {"category": "Gourmet & World Food", "sub_category_name": "Cereals & Breakfast", "product_name": "Post Fruity Pebbles", "product_brand": "Post", "combo": []}, {"category": "Gourmet & World Food", "sub_category_name": "Cereals & Breakfast", "product_name": "Cereals - Honey Bunches Of Oats, With Almonds", "product_brand": "Post", "combo": []}, {"category": "Gourmet & World Food", "sub_category_name": "Cereals & Breakfast", "product_name": "Oatmeal - Scottish", "product_brand": "Bobs Red Mill", "combo": []}, {"category": "Gourmet & World Food", "sub_category_name": "Cereals & Breakfast", "product_name": "Muesli - Gluten Free", "product_brand": "Bobs Red Mill", "combo": []}, {"category": "Gourmet & World Food", "sub_category_name": "Cereals & Breakfast", "product_name": "Cereal - Granola, Peanut Butter Chocolate Chunk", "product_brand": "Cocosutra", "combo": []}, {"category": "Gourmet & World Food", "sub_category_name": "Cereals & Breakfast", "product_name": "Whole Oatmeal  With Chia & Real Whole Fruits - No Added Sugar", "product_brand": "True Elements", "combo": []}, {"category": "Gourmet & World Food", "sub_category_name": "Cereals & Breakfast", "product_name": "Oat Flakes", "product_brand": "NUTRIWISH", "combo": [["1 kg", "360.00"], ["500 g", "198.00"]]}, {"category": "Gourmet & World Food", "sub_category_name": "Cereals & Breakfast", "product_name": "White Quinoa", "product_brand": "NUTRIWISH", "combo": []}, {"category": "Gourmet & World Food", "sub_category_name": "Cereals & Breakfast", "product_name": "Almond Chocolate Granola", "product_brand": "Graminway", "combo": []}, {"category": "Gourmet & World Food", "sub_category_name": "Cereals & Breakfast", "product_name": "Multi Millet Granola", "product_brand": "Graminway", "combo": []}, {"category": "Gourmet & World Food", "sub_category_name": "Cereals & Breakfast", "product_name": "Original", "product_brand": "Weetabix", "combo": []}, {"category": "Gourmet & World Food", "sub_category_name": "Cereals & Breakfast", "product_name": "Multigrain Oatmeal", "product_brand": "True Elements", "combo": []}, {"category": "Gourmet & World Food", "sub_category_name": "Cereals & Breakfast", "product_name": "Crunchy Granola Bar - Oats & Dark Chocolate", "product_brand": "Nature Valley", "combo": []}, {"category": "Gourmet & World Food", "sub_category_name": "Cereals & Breakfast", "product_name": "Crunchy Granola Bar - Roasted Almond", "product_brand": "Nature Valley", "combo": []}, {"category": "Gourmet & World Food", "sub_category_name": "Cereals & Breakfast", "product_name": "Crunchy Granola Bars - Oats 'n Honey", "product_brand": "Nature Valley", "combo": []}, {"category": "Gourmet & World Food", "sub_category_name": "Cereals & Breakfast", "product_name": "Healthy Snack - Nutty Apricot + Fibre", "product_brand": "Mojo Bar", "combo": [["2x35 g", "67.50"], ["32 g", "33.75"], ["4x35 g", "135.00"], ["192 g", "229.50"]]}, {"category": "Gourmet & World Food", "sub_category_name": "Cereals & Breakfast", "product_name": "Healthy Snacks - Yoghurt Berry + Anti-Oxidants", "product_brand": "Mojo Bar", "combo": [["4x35 g", "162.00"], ["32 g", "40.50"], ["2x32 g", "81.00"], ["192 g", "255.00"]]}, {"category": "Gourmet & World Food", "sub_category_name": "Cereals & Breakfast", "product_name": "Instant Oats - Gluten Free", "product_brand": "Graminway", "combo": []}, {"category": "Gourmet & World Food", "sub_category_name": "Cereals & Breakfast", "product_name": "Flakes - White Oats Instant Oatmeal", "product_brand": "Kolln", "combo": []}, {"category": "Gourmet & World Food", "sub_category_name": "Cereals & Breakfast", "product_name": "Granola Bar - Nutty Strawberry", "product_brand": "RINE", "combo": []}, {"category": "Gourmet & World Food", "sub_category_name": "Cereals & Breakfast", "product_name": "Post Fruity Pebbles", "product_brand": "Post", "combo": []}, {"category": "Gourmet & World Food", "sub_category_name": "Cereals & Breakfast", "product_name": "Cereals - Honey Bunches Of Oats, With Almonds", "product_brand": "Post", "combo": []}, {"category": "Gourmet & World Food", "sub_category_name": "Cereals & Breakfast", "product_name": "Oatmeal - Scottish", "product_brand": "Bobs Red Mill", "combo": []}, {"category": "Gourmet & World Food", "sub_category_name": "Cereals & Breakfast", "product_name": "Muesli - Gluten Free", "product_brand": "Bobs Red Mill", "combo": []}, {"category": "Gourmet & World Food", "sub_category_name": "Cereals & Breakfast", "product_name": "Cereal - Granola, Peanut Butter Chocolate Chunk", "product_brand": "Cocosutra", "combo": []}, {"category": "Gourmet & World Food", "sub_category_name": "Cereals & Breakfast", "product_name": "Whole Oatmeal  With Chia & Real Whole Fruits - No Added Sugar", "product_brand": "True Elements", "combo": []}, {"category": "Gourmet & World Food", "sub_category_name": "Cereals & Breakfast", "product_name": "Oat Flakes", "product_brand": "NUTRIWISH", "combo": [["1 kg", "360.00"], ["500 g", "198.00"]]}, {"category": "Gourmet & World Food", "sub_category_name": "Cereals & Breakfast", "product_name": "White Quinoa", "product_brand": "NUTRIWISH", "combo": []}, {"category": "Gourmet & World Food", "sub_category_name": "Cereals & Breakfast", "product_name": "Almond Chocolate Granola", "product_brand": "Graminway", "combo": []}, {"category": "Gourmet & World Food", "sub_category_name": "Cereals & Breakfast", "product_name": "Multi Millet Granola", "product_brand": "Graminway", "combo": []}, {"category": "Gourmet & World Food", "sub_category_name": "Cereals & Breakfast", "product_name": "Original", "product_brand": "Weetabix", "combo": []}, {"category": "Gourmet & World Food", "sub_category_name": "Cereals & Breakfast", "product_name": "Multigrain Oatmeal", "product_brand": "True Elements", "combo": []}, {"category": "Gourmet & World Food", "sub_category_name": "Cereals & Breakfast", "product_name": "Crunchy Granola Bar - Oats & Dark Chocolate", "product_brand": "Nature Valley", "combo": []}, {"category": "Gourmet & World Food", "sub_category_name": "Cereals & Breakfast", "product_name": "Crunchy Granola Bar - Roasted Almond", "product_brand": "Nature Valley", "combo": []}, {"category": "Gourmet & World Food", "sub_category_name": "Cereals & Breakfast", "product_name": "Crunchy Granola Bars - Oats 'n Honey", "product_brand": "Nature Valley", "combo": []}, {"category": "Gourmet & World Food", "sub_category_name": "Cereals & Breakfast", "product_name": "Healthy Snack - Nutty Apricot + Fibre", "product_brand": "Mojo Bar", "combo": [["2x35 g", "67.50"], ["32 g", "33.75"], ["4x35 g", "135.00"], ["192 g", "229.50"]]}, {"category": "Gourmet & World Food", "sub_category_name": "Cereals & Breakfast", "product_name": "Healthy Snacks - Yoghurt Berry + Anti-Oxidants", "product_brand": "Mojo Bar", "combo": [["4x35 g", "162.00"], ["32 g", "40.50"], ["2x32 g", "81.00"], ["192 g", "255.00"]]}, {"category": "Gourmet & World Food", "sub_category_name": "Cereals & Breakfast", "product_name": "Instant Oats - Gluten Free", "product_brand": "Graminway", "combo": []}, {"category": "Gourmet & World Food", "sub_category_name": "Cereals & Breakfast", "product_name": "Flakes - White Oats Instant Oatmeal", "product_brand": "Kolln", "combo": []}, {"category": "Gourmet & World Food", "sub_category_name": "Cereals & Breakfast", "product_name": "Toasted Millet Muesli - Roasted Cacao Bean And Raisin", "product_brand": "Monsoon Harvest", "combo": []}, {"category": "Gourmet & World Food", "sub_category_name": "Cereals & Breakfast", "product_name": "Gluten Free Corn Flakes", "product_brand": "Schar", "combo": []}, {"category": "Gourmet & World Food", "sub_category_name": "Cereals & Breakfast", "product_name": "Choco Muesli Cereal - Gluten Free", "product_brand": "Schar", "combo": []}, {"category": "Gourmet & World Food", "sub_category_name": "Cereals & Breakfast", "product_name": "Cinnamon Apple Pie Muesli", "product_brand": "Nutty Yogi", "combo": []}, {"category": "Gourmet & World Food", "sub_category_name": "Cereals & Breakfast", "product_name": "Rolled Oats - Gluten Free", "product_brand": "Bobs Red Mill", "combo": []}, {"category": "Gourmet & World Food", "sub_category_name": "Cereals & Breakfast", "product_name": "Muesli - Buckwheat Groats & Millets", "product_brand": "Nutty Yogi", "combo": []}, {"category": "Gourmet & World Food", "sub_category_name": "Cereals & Breakfast", "product_name": "Instant Oats", "product_brand": "Nutriorg", "combo": []}, {"category": "Gourmet & World Food", "sub_category_name": "Cereals & Breakfast", "product_name": "Steelcut Oats", "product_brand": "Nutriorg", "combo": []}, {"category": "Gourmet & World Food", "sub_category_name": "Cereals & Breakfast", "product_name": "Oatmeal - Irish Steel Cut", "product_brand": "Flahavan'S", "combo": []}, {"category": "Gourmet & World Food", "sub_category_name": "Cereals & Breakfast", "product_name": "Tangy Cranberry Oat Balls", "product_brand": "True Elements", "combo": []}, {"category": "Gourmet & World Food", "sub_category_name": "Cereals & Breakfast", "product_name": "Chocolate & Hazelnut Porridge", "product_brand": "The Nibble Box", "combo": []}, {"category": "Gourmet & World Food", "sub_category_name": "Cereals & Breakfast", "product_name": "Millet Maverick Breakfast Granola", "product_brand": "The Nibble Box", "combo": []}, {"category": "Gourmet & World Food", "sub_category_name": "Cereals & Breakfast", "product_name": "Rose & Pistachio Porridge", "product_brand": "The Nibble Box", "combo": []}, {"category": "Gourmet & World Food", "sub_category_name": "Cereals & Breakfast", "product_name": "Millet Granola with Rolled Oats, Cranberries and Almonds - No Added Sugar", "product_brand": "True Elements", "combo": []}, {"category": "Gourmet & World Food", "sub_category_name": "Cereals & Breakfast", "product_name": "Protein Bar - Chocolate Cranberry", "product_brand": "Yoga bar", "combo": []}, {"category": "Gourmet & World Food", "sub_category_name": "Cereals & Breakfast", "product_name": "Certified Organic Instant Oats", "product_brand": "Nutriorg", "combo": []}, {"category": "Gourmet & World Food", "sub_category_name": "Cereals & Breakfast", "product_name": "Certified Organic Rolled Oats", "product_brand": "Nutriorg", "combo": []}, {"category": "Gourmet & World Food", "sub_category_name": "Cereals & Breakfast", "product_name": "Rolled Oats", "product_brand": "Nutriorg", "combo": []}, {"category": "Gourmet & World Food", "sub_category_name": "Cereals & Breakfast", "product_name": "Snack Pack - Strawberry With chunky Granola", "product_brand": "Epigamia", "combo": []}, {"category": "Gourmet & World Food", "sub_category_name": "Cereals & Breakfast", "product_name": "Variety Protein Bar Chocolate Cranberry-Double Chocolate Caramel-Hazelnut Coffee", "product_brand": "GoodDiet", "combo": []}, {"category": "Gourmet & World Food", "sub_category_name": "Cereals & Breakfast", "product_name": "Toasted Millet Muesli - Roasted Cacao Bean And Raisin", "product_brand": "Monsoon Harvest", "combo": []}, {"category": "Gourmet & World Food", "sub_category_name": "Cereals & Breakfast", "product_name": "Gluten Free Corn Flakes", "product_brand": "Schar", "combo": []}, {"category": "Gourmet & World Food", "sub_category_name": "Cereals & Breakfast", "product_name": "Choco Muesli Cereal - Gluten Free", "product_brand": "Schar", "combo": []}, {"category": "Gourmet & World Food", "sub_category_name": "Cereals & Breakfast", "product_name": "Cinnamon Apple Pie Muesli", "product_brand": "Nutty Yogi", "combo": []}, {"category": "Gourmet & World Food", "sub_category_name": "Cereals & Breakfast", "product_name": "Rolled Oats - Gluten Free", "product_brand": "Bobs Red Mill", "combo": []}, {"category": "Gourmet & World Food", "sub_category_name": "Cereals & Breakfast", "product_name": "Muesli - Buckwheat Groats & Millets", "product_brand": "Nutty Yogi", "combo": []}, {"category": "Gourmet & World Food", "sub_category_name": "Cereals & Breakfast", "product_name": "Instant Oats", "product_brand": "Nutriorg", "combo": []}, {"category": "Gourmet & World Food", "sub_category_name": "Cereals & Breakfast", "product_name": "Steelcut Oats", "product_brand": "Nutriorg", "combo": []}, {"category": "Gourmet & World Food", "sub_category_name": "Cereals & Breakfast", "product_name": "Oatmeal - Irish Steel Cut", "product_brand": "Flahavan'S", "combo": []}, {"category": "Gourmet & World Food", "sub_category_name": "Cereals & Breakfast", "product_name": "Tangy Cranberry Oat Balls", "product_brand": "True Elements", "combo": []}, {"category": "Gourmet & World Food", "sub_category_name": "Cereals & Breakfast", "product_name": "Chocolate & Hazelnut Porridge", "product_brand": "The Nibble Box", "combo": []}, {"category": "Gourmet & World Food", "sub_category_name": "Cereals & Breakfast", "product_name": "Millet Maverick Breakfast Granola", "product_brand": "The Nibble Box", "combo": []}, {"category": "Gourmet & World Food", "sub_category_name": "Cereals & Breakfast", "product_name": "Rose & Pistachio Porridge", "product_brand": "The Nibble Box", "combo": []}, {"category": "Gourmet & World Food", "sub_category_name": "Cereals & Breakfast", "product_name": "Millet Granola with Rolled Oats, Cranberries and Almonds - No Added Sugar", "product_brand": "True Elements", "combo": []}, {"category": "Gourmet & World Food", "sub_category_name": "Cereals & Breakfast", "product_name": "Protein Bar - Chocolate Cranberry", "product_brand": "Yoga bar", "combo": []}, {"category": "Gourmet & World Food", "sub_category_name": "Cereals & Breakfast", "product_name": "Certified Organic Instant Oats", "product_brand": "Nutriorg", "combo": []}, {"category": "Gourmet & World Food", "sub_category_name": "Cereals & Breakfast", "product_name": "Certified Organic Rolled Oats", "product_brand": "Nutriorg", "combo": []}, {"category": "Gourmet & World Food", "sub_category_name": "Cereals & Breakfast", "product_name": "Rolled Oats", "product_brand": "Nutriorg", "combo": []}, {"category": "Gourmet & World Food", "sub_category_name": "Cereals & Breakfast", "product_name": "Snack Pack - Strawberry With chunky Granola", "product_brand": "Epigamia", "combo": []}, {"category": "Gourmet & World Food", "sub_category_name": "Cereals & Breakfast", "product_name": "Variety Protein Bar Chocolate Cranberry-Double Chocolate Caramel-Hazelnut Coffee", "product_brand": "GoodDiet", "combo": []}, {"category": "Gourmet & World Food", "sub_category_name": "Cereals & Breakfast", "product_name": "Variety Protein Bar-Double Chocolate, Kesar Almond, Cranberry,Hazelnut & Coconut", "product_brand": "GoodDiet", "combo": []}, {"category": "Gourmet & World Food", "sub_category_name": "Cereals & Breakfast", "product_name": "Snack Pack - Mango With Chunky Granola", "product_brand": "Epigamia", "combo": []}, {"category": "Gourmet & World Food", "sub_category_name": "Cereals & Breakfast", "product_name": "Rolled Oats", "product_brand": "Urban Platter", "combo": []}, {"category": "Gourmet & World Food", "sub_category_name": "Cereals & Breakfast", "product_name": "Rolled Oats Gluten Free 1 kg + Whole Oatmeal With Chia & Real Whole Fruits 500 g", "product_brand": "True Elements", "combo": []}, {"category": "Gourmet & World Food", "sub_category_name": "Cereals & Breakfast", "product_name": "Rolled Oats Gluten Free 1 kg + Honey Raw 350 g", "product_brand": "True Elements", "combo": []}, {"category": "Gourmet & World Food", "sub_category_name": "Cereals & Breakfast", "product_name": "Multigrain Energy Bar Chocolate Chunk Nut 38G+Breakfast Protein Variety Bar 50G", "product_brand": "Yoga bar", "combo": []}, {"category": "Gourmet & World Food", "sub_category_name": "Cereals & Breakfast", "product_name": "Whey Protein Bar Chocolate Brownie 60G+Breakfast Protein Bar Apple Cinnamon 50G", "product_brand": "Yoga bar", "combo": []}, {"category": "Gourmet & World Food", "sub_category_name": "Cereals & Breakfast", "product_name": "Breakfast Protein Bar - Apricot & Fig 50 gm + Apple Cinnamon 50 gm", "product_brand": "Yoga bar", "combo": []}, {"category": "Gourmet & World Food", "sub_category_name": "Cereals & Breakfast", "product_name": "Breakfast Protein Bar - Blueberry 50 gm + Protein Variety Bar 60 gm", "product_brand": "Yoga bar", "combo": []}, {"category": "Gourmet & World Food", "sub_category_name": "Cereals & Breakfast", "product_name": "Multigrain Variety Energy Bar 38G Pack of 10+Protein Variety Bar 60G Pack of 6", "product_brand": "Yoga bar", "combo": []}, {"category": "Gourmet & World Food", "sub_category_name": "Cereals & Breakfast", "product_name": "Multigrain VarietyBar 38G Pack of 10+Breakfast Protein VarietyBar 50G Pack of 6", "product_brand": "Yoga bar", "combo": []}, {"category": "Gourmet & World Food", "sub_category_name": "Cereals & Breakfast", "product_name": "Protein Variety Bar 60G Pack of 6 + Breakfast Protein Variety Bar 50G Pack of 6", "product_brand": "Yoga bar", "combo": []}, {"category": "Gourmet & World Food", "sub_category_name": "Cereals & Breakfast", "product_name": "VarietyBar-Multigrain 38G 10's Pack+Protein 60G+Breakfast Protein 50G (6's Pack)", "product_brand": "Yoga bar", "combo": []}, {"category": "Gourmet & World Food", "sub_category_name": "Cereals & Breakfast", "product_name": "Nutrition Energy Bar - Tropical Mango, Ginger & Sesame Seeds", "product_brand": "GoodDiet", "combo": [["3x40 g", "129.01"], ["6x40 g", "240.00"], ["10x40 g", "350.01"], ["40 g", "45.00"]]}, {"category": "Gourmet & World Food", "sub_category_name": "Cereals & Breakfast", "product_name": "Butterscotch Muesli with Almond, Raisins & Honey", "product_brand": "True Elements", "combo": []}, {"category": "Gourmet & World Food", "sub_category_name": "Cereals & Breakfast", "product_name": "Multigrain Energy Bar - Chocolate Chunk Nut", "product_brand": "Yoga bar", "combo": []}, {"category": "Gourmet & World Food", "sub_category_name": "Cereals & Breakfast", "product_name": "Healthy Snacks - Choco Almond + Protein", "product_brand": "Mojo Bar", "combo": [["192 g", "255.00"], ["4x35 g", "180.00"], ["32 g", "45.00"], ["2x35 g", "90.00"]]}, {"category": "Gourmet & World Food", "sub_category_name": "Cereals & Breakfast", "product_name": "Gluten-Free Oat Bran", "product_brand": "NUTRIWISH", "combo": []}, {"category": "Gourmet & World Food", "sub_category_name": "Cereals & Breakfast", "product_name": "Snack Bar - Orange, Dark Chocolate + Vitamin C", "product_brand": "Mojo Bar", "combo": []}, {"category": "Gourmet & World Food", "sub_category_name": "Cereals & Breakfast", "product_name": "Toasted Millet Muesli - Dark Chocolate And Orange Peel", "product_brand": "Monsoon Harvest", "combo": []}, {"category": "Gourmet & World Food", "sub_category_name": "Cereals & Breakfast", "product_name": "Toasted Millet Muesli - Roasted Cacao Bean And Raisin", "product_brand": "Monsoon Harvest", "combo": []}, {"category": "Gourmet & World Food", "sub_category_name": "Cereals & Breakfast", "product_name": "Gluten Free Corn Flakes", "product_brand": "Schar", "combo": []}, {"category": "Gourmet & World Food", "sub_category_name": "Cereals & Breakfast", "product_name": "Choco Muesli Cereal - Gluten Free", "product_brand": "Schar", "combo": []}, {"category": "Gourmet & World Food", "sub_category_name": "Cereals & Breakfast", "product_name": "Cinnamon Apple Pie Muesli", "product_brand": "Nutty Yogi", "combo": []}, {"category": "Gourmet & World Food", "sub_category_name": "Cereals & Breakfast", "product_name": "Rolled Oats - Gluten Free", "product_brand": "Bobs Red Mill", "combo": []}, {"category": "Gourmet & World Food", "sub_category_name": "Cereals & Breakfast", "product_name": "Muesli - Buckwheat Groats & Millets", "product_brand": "Nutty Yogi", "combo": []}, {"category": "Gourmet & World Food", "sub_category_name": "Cereals & Breakfast", "product_name": "Instant Oats", "product_brand": "Nutriorg", "combo": []}, {"category": "Gourmet & World Food", "sub_category_name": "Cereals & Breakfast", "product_name": "Steelcut Oats", "product_brand": "Nutriorg", "combo": []}, {"category": "Gourmet & World Food", "sub_category_name": "Cereals & Breakfast", "product_name": "Oatmeal - Irish Steel Cut", "product_brand": "Flahavan'S", "combo": []}, {"category": "Gourmet & World Food", "sub_category_name": "Cereals & Breakfast", "product_name": "Tangy Cranberry Oat Balls", "product_brand": "True Elements", "combo": []}, {"category": "Gourmet & World Food", "sub_category_name": "Cereals & Breakfast", "product_name": "Chocolate & Hazelnut Porridge", "product_brand": "The Nibble Box", "combo": []}, {"category": "Gourmet & World Food", "sub_category_name": "Cereals & Breakfast", "product_name": "Millet Maverick Breakfast Granola", "product_brand": "The Nibble Box", "combo": []}, {"category": "Gourmet & World Food", "sub_category_name": "Cereals & Breakfast", "product_name": "Rose & Pistachio Porridge", "product_brand": "The Nibble Box", "combo": []}, {"category": "Gourmet & World Food", "sub_category_name": "Cereals & Breakfast", "product_name": "Millet Granola with Rolled Oats, Cranberries and Almonds - No Added Sugar", "product_brand": "True Elements", "combo": []}, {"category": "Gourmet & World Food", "sub_category_name": "Cereals & Breakfast", "product_name": "Protein Bar - Chocolate Cranberry", "product_brand": "Yoga bar", "combo": []}, {"category": "Gourmet & World Food", "sub_category_name": "Cereals & Breakfast", "product_name": "Certified Organic Instant Oats", "product_brand": "Nutriorg", "combo": []}, {"category": "Gourmet & World Food", "sub_category_name": "Cereals & Breakfast", "product_name": "Certified Organic Rolled Oats", "product_brand": "Nutriorg", "combo": []}, {"category": "Gourmet & World Food", "sub_category_name": "Cereals & Breakfast", "product_name": "Rolled Oats", "product_brand": "Nutriorg", "combo": []}, {"category": "Gourmet & World Food", "sub_category_name": "Cereals & Breakfast", "product_name": "Snack Pack - Strawberry With chunky Granola", "product_brand": "Epigamia", "combo": []}, {"category": "Gourmet & World Food", "sub_category_name": "Cereals & Breakfast", "product_name": "Variety Protein Bar Chocolate Cranberry-Double Chocolate Caramel-Hazelnut Coffee", "product_brand": "GoodDiet", "combo": []}, {"category": "Gourmet & World Food", "sub_category_name": "Cereals & Breakfast", "product_name": "Toasted Millet Muesli - Roasted Cacao Bean And Raisin", "product_brand": "Monsoon Harvest", "combo": []}, {"category": "Gourmet & World Food", "sub_category_name": "Cereals & Breakfast", "product_name": "Gluten Free Corn Flakes", "product_brand": "Schar", "combo": []}, {"category": "Gourmet & World Food", "sub_category_name": "Cereals & Breakfast", "product_name": "Choco Muesli Cereal - Gluten Free", "product_brand": "Schar", "combo": []}, {"category": "Gourmet & World Food", "sub_category_name": "Cereals & Breakfast", "product_name": "Cinnamon Apple Pie Muesli", "product_brand": "Nutty Yogi", "combo": []}, {"category": "Gourmet & World Food", "sub_category_name": "Cereals & Breakfast", "product_name": "Rolled Oats - Gluten Free", "product_brand": "Bobs Red Mill", "combo": []}, {"category": "Gourmet & World Food", "sub_category_name": "Cereals & Breakfast", "product_name": "Muesli - Buckwheat Groats & Millets", "product_brand": "Nutty Yogi", "combo": []}, {"category": "Gourmet & World Food", "sub_category_name": "Cereals & Breakfast", "product_name": "Instant Oats", "product_brand": "Nutriorg", "combo": []}, {"category": "Gourmet & World Food", "sub_category_name": "Cereals & Breakfast", "product_name": "Steelcut Oats", "product_brand": "Nutriorg", "combo": []}, {"category": "Gourmet & World Food", "sub_category_name": "Cereals & Breakfast", "product_name": "Oatmeal - Irish Steel Cut", "product_brand": "Flahavan'S", "combo": []}, {"category": "Gourmet & World Food", "sub_category_name": "Cereals & Breakfast", "product_name": "Tangy Cranberry Oat Balls", "product_brand": "True Elements", "combo": []}, {"category": "Gourmet & World Food", "sub_category_name": "Cereals & Breakfast", "product_name": "Chocolate & Hazelnut Porridge", "product_brand": "The Nibble Box", "combo": []}, {"category": "Gourmet & World Food", "sub_category_name": "Cereals & Breakfast", "product_name": "Millet Maverick Breakfast Granola", "product_brand": "The Nibble Box", "combo": []}, {"category": "Gourmet & World Food", "sub_category_name": "Cereals & Breakfast", "product_name": "Rose & Pistachio Porridge", "product_brand": "The Nibble Box", "combo": []}, {"category": "Gourmet & World Food", "sub_category_name": "Cereals & Breakfast", "product_name": "Millet Granola with Rolled Oats, Cranberries and Almonds - No Added Sugar", "product_brand": "True Elements", "combo": []}, {"category": "Gourmet & World Food", "sub_category_name": "Cereals & Breakfast", "product_name": "Protein Bar - Chocolate Cranberry", "product_brand": "Yoga bar", "combo": []}, {"category": "Gourmet & World Food", "sub_category_name": "Cereals & Breakfast", "product_name": "Certified Organic Instant Oats", "product_brand": "Nutriorg", "combo": []}, {"category": "Gourmet & World Food", "sub_category_name": "Cereals & Breakfast", "product_name": "Certified Organic Rolled Oats", "product_brand": "Nutriorg", "combo": []}, {"category": "Gourmet & World Food", "sub_category_name": "Cereals & Breakfast", "product_name": "Rolled Oats", "product_brand": "Nutriorg", "combo": []}, {"category": "Gourmet & World Food", "sub_category_name": "Cereals & Breakfast", "product_name": "Snack Pack - Strawberry With chunky Granola", "product_brand": "Epigamia", "combo": []}, {"category": "Gourmet & World Food", "sub_category_name": "Cereals & Breakfast", "product_name": "Variety Protein Bar Chocolate Cranberry-Double Chocolate Caramel-Hazelnut Coffee", "product_brand": "GoodDiet", "combo": []}, {"category": "Gourmet & World Food", "sub_category_name": "Cereals & Breakfast", "product_name": "Toasted Millet Muesli - Roasted Cacao Bean And Raisin", "product_brand": "Monsoon Harvest", "combo": []}, {"category": "Gourmet & World Food", "sub_category_name": "Cereals & Breakfast", "product_name": "Gluten Free Corn Flakes", "product_brand": "Schar", "combo": []}, {"category": "Gourmet & World Food", "sub_category_name": "Cereals & Breakfast", "product_name": "Choco Muesli Cereal - Gluten Free", "product_brand": "Schar", "combo": []}, {"category": "Gourmet & World Food", "sub_category_name": "Cereals & Breakfast", "product_name": "Cinnamon Apple Pie Muesli", "product_brand": "Nutty Yogi", "combo": []}, {"category": "Gourmet & World Food", "sub_category_name": "Cereals & Breakfast", "product_name": "Rolled Oats - Gluten Free", "product_brand": "Bobs Red Mill", "combo": []}, {"category": "Gourmet & World Food", "sub_category_name": "Cereals & Breakfast", "product_name": "Muesli - Buckwheat Groats & Millets", "product_brand": "Nutty Yogi", "combo": []}, {"category": "Gourmet & World Food", "sub_category_name": "Cereals & Breakfast", "product_name": "Instant Oats", "product_brand": "Nutriorg", "combo": []}, {"category": "Gourmet & World Food", "sub_category_name": "Cereals & Breakfast", "product_name": "Steelcut Oats", "product_brand": "Nutriorg", "combo": []}, {"category": "Gourmet & World Food", "sub_category_name": "Cereals & Breakfast", "product_name": "Oatmeal - Irish Steel Cut", "product_brand": "Flahavan'S", "combo": []}, {"category": "Gourmet & World Food", "sub_category_name": "Cereals & Breakfast", "product_name": "Tangy Cranberry Oat Balls", "product_brand": "True Elements", "combo": []}, {"category": "Gourmet & World Food", "sub_category_name": "Cereals & Breakfast", "product_name": "Chocolate & Hazelnut Porridge", "product_brand": "The Nibble Box", "combo": []}, {"category": "Gourmet & World Food", "sub_category_name": "Cereals & Breakfast", "product_name": "Millet Maverick Breakfast Granola", "product_brand": "The Nibble Box", "combo": []}, {"category": "Gourmet & World Food", "sub_category_name": "Cereals & Breakfast", "product_name": "Rose & Pistachio Porridge", "product_brand": "The Nibble Box", "combo": []}, {"category": "Gourmet & World Food", "sub_category_name": "Cereals & Breakfast", "product_name": "Millet Granola with Rolled Oats, Cranberries and Almonds - No Added Sugar", "product_brand": "True Elements", "combo": []}, {"category": "Gourmet & World Food", "sub_category_name": "Cereals & Breakfast", "product_name": "Protein Bar - Chocolate Cranberry", "product_brand": "Yoga bar", "combo": []}, {"category": "Gourmet & World Food", "sub_category_name": "Cereals & Breakfast", "product_name": "Certified Organic Instant Oats", "product_brand": "Nutriorg", "combo": []}, {"category": "Gourmet & World Food", "sub_category_name": "Cereals & Breakfast", "product_name": "Certified Organic Rolled Oats", "product_brand": "Nutriorg", "combo": []}, {"category": "Gourmet & World Food", "sub_category_name": "Cereals & Breakfast", "product_name": "Rolled Oats", "product_brand": "Nutriorg", "combo": []}, {"category": "Gourmet & World Food", "sub_category_name": "Cereals & Breakfast", "product_name": "Snack Pack - Strawberry With chunky Granola", "product_brand": "Epigamia", "combo": []}, {"category": "Gourmet & World Food", "sub_category_name": "Cereals & Breakfast", "product_name": "Variety Protein Bar Chocolate Cranberry-Double Chocolate Caramel-Hazelnut Coffee", "product_brand": "GoodDiet", "combo": []}]