[{"category": "Bakery, Cakes & Dairy", "sub_category_name": "Cakes & Pastries", "product_name": "Gobbles Fruity Fun Veg Fruit Cake", "product_brand": "Britannia", "combo": []}, {"category": "Bakery, Cakes & Dairy", "sub_category_name": "Cakes & Pastries", "product_name": "Pound Cake", "product_brand": "Theobroma", "combo": []}, {"category": "Bakery, Cakes & Dairy", "sub_category_name": "Cakes & Pastries", "product_name": "Eggless Mawa Cake", "product_brand": "Theobroma", "combo": []}, {"category": "Bakery, Cakes & Dairy", "sub_category_name": "Cakes & Pastries", "product_name": "Coffee Cake", "product_brand": "The Baker's Dozen", "combo": []}, {"category": "Bakery, Cakes & Dairy", "sub_category_name": "Cakes & Pastries", "product_name": "Dense Chocolate Loaf", "product_brand": "Theobroma", "combo": []}, {"category": "Bakery, Cakes & Dairy", "sub_category_name": "Cakes & Pastries", "product_name": "Eggless Dense Loaf", "product_brand": "Theobroma", "combo": []}, {"category": "Bakery, Cakes & Dairy", "sub_category_name": "Cakes & Pastries", "product_name": "Tutti Frutty Cake", "product_brand": "Parle", "combo": []}, {"category": "Bakery, Cakes & Dairy", "sub_category_name": "Cakes & Pastries", "product_name": "Caker Trinity Cake - Triple Chocolate", "product_brand": "Sunfeast", "combo": []}, {"category": "Bakery, Cakes & Dairy", "sub_category_name": "Cakes & Pastries", "product_name": "Caker Swiss Roll Cake - Chocolate", "product_brand": "Sunfeast", "combo": []}, {"category": "Bakery, Cakes & Dairy", "sub_category_name": "Cakes & Pastries", "product_name": "Banana Cake", "product_brand": "Theobroma", "combo": []}, {"category": "Bakery, Cakes & Dairy", "sub_category_name": "Cakes & Pastries", "product_name": "Mava Cake", "product_brand": "Theobroma", "combo": []}, {"category": "Bakery, Cakes & Dairy", "sub_category_name": "Cakes & Pastries", "product_name": "Eggless Chocolate Overload Cupcakes", "product_brand": "The Baker's Dozen", "combo": []}, {"category": "Bakery, Cakes & Dairy", "sub_category_name": "Cakes & Pastries", "product_name": "Gooey Brownie - Pure Hot Fudge, Family Love", "product_brand": "Brownie Cottage", "combo": []}, {"category": "Bakery, Cakes & Dairy", "sub_category_name": "Cakes & Pastries", "product_name": "Gooey Brownie - Belgian Truffle, Family Love", "product_brand": "Brownie Cottage", "combo": []}, {"category": "Bakery, Cakes & Dairy", "sub_category_name": "Cakes & Pastries", "product_name": "Fruit Cake", "product_brand": "Britannia", "combo": []}, {"category": "Bakery, Cakes & Dairy", "sub_category_name": "Cakes & Pastries", "product_name": "Gooey Brownie With Nutella - Convenience Pack", "product_brand": "Brownie Cottage", "combo": []}, {"category": "Bakery, Cakes & Dairy", "sub_category_name": "Cakes & Pastries", "product_name": "Moonfils - Vanilla", "product_brand": "Bauli", "combo": []}, {"category": "Bakery, Cakes & Dairy", "sub_category_name": "Cakes & Pastries", "product_name": "Chocolate Fudge Cake", "product_brand": "The Finishing Touch", "combo": []}, {"category": "Bakery, Cakes & Dairy", "sub_category_name": "Cakes & Pastries", "product_name": "Moonfils - Strawberry", "product_brand": "Bauli", "combo": []}, {"category": "Bakery, Cakes & Dairy", "sub_category_name": "Cakes & Pastries", "product_name": "Cake Muffills - Chocolate", "product_brand": "Britannia", "combo": []}, {"category": "Bakery, Cakes & Dairy", "sub_category_name": "Cakes & Pastries", "product_name": "Moonfils Veg - Choco", "product_brand": "Bauli", "combo": []}, {"category": "Bakery, Cakes & Dairy", "sub_category_name": "Cakes & Pastries", "product_name": "Cake - Nut & Raisin Romance", "product_brand": "Britannia", "combo": [["150 g", "42.50"], ["2x150 g", "85.00"]]}, {"category": "Bakery, Cakes & Dairy", "sub_category_name": "Cakes & Pastries", "product_name": "Gobbles Fruity Fun Cake", "product_brand": "Britannia", "combo": [["3x60 g", "40.50"], ["120 g", "25.50"], ["90 g", "18.00"], ["55 g", "13.50"]]}, {"category": "Bakery, Cakes & Dairy", "sub_category_name": "Cakes & Pastries", "product_name": "Gobbles Choco Chill Cake", "product_brand": "Britannia", "combo": []}, {"category": "Bakery, Cakes & Dairy", "sub_category_name": "Cakes & Pastries", "product_name": "Spyroll", "product_brand": "Bauli", "combo": []}, {"category": "Bakery, Cakes & Dairy", "sub_category_name": "Cakes & Pastries", "product_name": "Moonfils Veg - Strawberry", "product_brand": "Bauli", "combo": []}, {"category": "Bakery, Cakes & Dairy", "sub_category_name": "Cakes & Pastries", "product_name": "Gobbles Pineapple Plunge Cake", "product_brand": "Britannia", "combo": []}, {"category": "Bakery, Cakes & Dairy", "sub_category_name": "Cakes & Pastries", "product_name": "Rainbow Cake", "product_brand": "Fresho Signature", "combo": []}, {"category": "Bakery, Cakes & Dairy", "sub_category_name": "Cakes & Pastries", "product_name": "Cake Muffills - Strawberry", "product_brand": "Britannia", "combo": []}, {"category": "Bakery, Cakes & Dairy", "sub_category_name": "Cakes & Pastries", "product_name": "Red Velvet Cake", "product_brand": "Fresho Signature", "combo": []}, {"category": "Bakery, Cakes & Dairy", "sub_category_name": "Cakes & Pastries", "product_name": "Banana Walnut Cake - 100% Wholewheat", "product_brand": "The Baker's Dozen", "combo": []}, {"category": "Bakery, Cakes & Dairy", "sub_category_name": "Cakes & Pastries", "product_name": "New York Cheese Cake", "product_brand": "Fresho Signature", "combo": []}, {"category": "Bakery, Cakes & Dairy", "sub_category_name": "Cakes & Pastries", "product_name": "Fresh Orange Cake With Pistachio", "product_brand": "The Baker's Dozen", "combo": []}, {"category": "Bakery, Cakes & Dairy", "sub_category_name": "Cakes & Pastries", "product_name": "Eggless Chocolate Almond Cake", "product_brand": "The Baker's Dozen", "combo": []}, {"category": "Bakery, Cakes & Dairy", "sub_category_name": "Cakes & Pastries", "product_name": "Choco Brownie", "product_brand": "Bauli", "combo": []}, {"category": "Bakery, Cakes & Dairy", "sub_category_name": "Cakes & Pastries", "product_name": "Blueberry Cheese Cake", "product_brand": "Fresho Signature", "combo": []}, {"category": "Bakery, Cakes & Dairy", "sub_category_name": "Cakes & Pastries", "product_name": "Muffin/Cup Cake - Dark Choco", "product_brand": "Fresho Signature", "combo": []}, {"category": "Bakery, Cakes & Dairy", "sub_category_name": "Cakes & Pastries", "product_name": "Tea Cake - Blueberry Crumble", "product_brand": "Fresho Signature", "combo": []}, {"category": "Bakery, Cakes & Dairy", "sub_category_name": "Cakes & Pastries", "product_name": "Vanilla Cake", "product_brand": "Parle", "combo": []}, {"category": "Bakery, Cakes & Dairy", "sub_category_name": "Cakes & Pastries", "product_name": "Carrot Walnut Cake - 100% Wholewheat", "product_brand": "The Baker's Dozen", "combo": []}, {"category": "Bakery, Cakes & Dairy", "sub_category_name": "Cakes & Pastries", "product_name": "100% Wholewheat Lemon Loaf With Honey", "product_brand": "The Baker's Dozen", "combo": []}, {"category": "Bakery, Cakes & Dairy", "sub_category_name": "Cakes & Pastries", "product_name": "Vanilla Pound Cake", "product_brand": "The Baker's Dozen", "combo": []}, {"category": "Bakery, Cakes & Dairy", "sub_category_name": "Cakes & Pastries", "product_name": "Tea Cake - Banana Walnut", "product_brand": "Fresho Signature", "combo": []}, {"category": "Bakery, Cakes & Dairy", "sub_category_name": "Cakes & Pastries", "product_name": "Muffin/Cup Cake - Vanilla", "product_brand": "Fresho Signature", "combo": []}, {"category": "Bakery, Cakes & Dairy", "sub_category_name": "Cakes & Pastries", "product_name": "Muffin/Cup Cake - Blueberry", "product_brand": "Fresho Signature", "combo": []}, {"category": "Bakery, Cakes & Dairy", "sub_category_name": "Cakes & Pastries", "product_name": "Red Velvet Cake", "product_brand": "The Baker's Dozen", "combo": []}, {"category": "Bakery, Cakes & Dairy", "sub_category_name": "Cakes & Pastries", "product_name": "Whole Wheat Cake - Apple", "product_brand": "Cookie Czar", "combo": []}, {"category": "Bakery, Cakes & Dairy", "sub_category_name": "Cakes & Pastries", "product_name": "Whole Wheat Muffins - Chocolate", "product_brand": "Cookie Czar", "combo": []}, {"category": "Bakery, Cakes & Dairy", "sub_category_name": "Cakes & Pastries", "product_name": "Whole Wheat Cake - Butter Choco Chip", "product_brand": "Cookie Czar", "combo": []}, {"category": "Bakery, Cakes & Dairy", "sub_category_name": "Cakes & Pastries", "product_name": "Xmas Plum Cake", "product_brand": "Cookie Czar", "combo": []}, {"category": "Bakery, Cakes & Dairy", "sub_category_name": "Cakes & Pastries", "product_name": "Spyroll", "product_brand": "Bauli", "combo": []}, {"category": "Bakery, Cakes & Dairy", "sub_category_name": "Cakes & Pastries", "product_name": "Marble Tea Cake", "product_brand": "Fresho Signature", "combo": []}, {"category": "Bakery, Cakes & Dairy", "sub_category_name": "Cakes & Pastries", "product_name": "Fruit Tea Cake", "product_brand": "Fresho Signature", "combo": []}, {"category": "Bakery, Cakes & Dairy", "sub_category_name": "Cakes & Pastries", "product_name": "Choco Chip Tea Cake", "product_brand": "Fresho Signature", "combo": []}, {"category": "Bakery, Cakes & Dairy", "sub_category_name": "Cakes & Pastries", "product_name": "Muffin/Cup Cake - Choco Chip", "product_brand": "Fresho Signature", "combo": []}, {"category": "Bakery, Cakes & Dairy", "sub_category_name": "Cakes & Pastries", "product_name": "Muffins/Cup Cake - Assorted", "product_brand": "Fresho Signature", "combo": []}, {"category": "Bakery, Cakes & Dairy", "sub_category_name": "Cakes & Pastries", "product_name": "Muffin/Cup Cake Blueberry 200 g + Choco Chip 200 g (Pack of 4 each)", "product_brand": "Fresho Signature", "combo": []}, {"category": "Bakery, Cakes & Dairy", "sub_category_name": "Cakes & Pastries", "product_name": "Muffin/Cup Cake Vanilla 200 g + Choco Chip 200 g (Pack of 4 each)", "product_brand": "Fresho Signature", "combo": []}, {"category": "Bakery, Cakes & Dairy", "sub_category_name": "Cakes & Pastries", "product_name": "Tea Cake - Caramel", "product_brand": "Fresho Signature", "combo": []}, {"category": "Bakery, Cakes & Dairy", "sub_category_name": "Cakes & Pastries", "product_name": "Whey Protein Bar - Chocolate Brownie", "product_brand": "Yoga bar", "combo": []}, {"category": "Bakery, Cakes & Dairy", "sub_category_name": "Cakes & Pastries", "product_name": "Red Velvet Cupcakes", "product_brand": "The Baker's Dozen", "combo": []}, {"category": "Bakery, Cakes & Dairy", "sub_category_name": "Cakes & Pastries", "product_name": "Gooey Brownie With Nutella - Family Love", "product_brand": "Brownie Cottage", "combo": []}, {"category": "Bakery, Cakes & Dairy", "sub_category_name": "Cakes & Pastries", "product_name": "Gooey Brownie - 70% Dark Belgian, Convenience Pack", "product_brand": "Brownie Cottage", "combo": []}, {"category": "Bakery, Cakes & Dairy", "sub_category_name": "Cakes & Pastries", "product_name": "Banana Walnut Cake - 100% Wholewheat", "product_brand": "The Baker's Dozen", "combo": []}, {"category": "Bakery, Cakes & Dairy", "sub_category_name": "Cakes & Pastries", "product_name": "Veg Cakes - Fruit", "product_brand": "Monginis", "combo": []}, {"category": "Bakery, Cakes & Dairy", "sub_category_name": "Cakes & Pastries", "product_name": "Whole Wheat Cake - Lemon", "product_brand": "Cookie Czar", "combo": []}, {"category": "Bakery, Cakes & Dairy", "sub_category_name": "Cakes & Pastries", "product_name": "Whole Wheat Cake - Coffee Almond", "product_brand": "Cookie Czar", "combo": []}, {"category": "Bakery, Cakes & Dairy", "sub_category_name": "Cakes & Pastries", "product_name": "Whole Wheat Muffins - Vanilla", "product_brand": "Cookie Czar", "combo": []}, {"category": "Bakery, Cakes & Dairy", "sub_category_name": "Cakes & Pastries", "product_name": "Whole Wheat Cake - Chocolate Brownie", "product_brand": "Cookie Czar", "combo": []}, {"category": "Bakery, Cakes & Dairy", "sub_category_name": "Cakes & Pastries", "product_name": "Whole Wheat Cake - Orange", "product_brand": "Cookie Czar", "combo": []}, {"category": "Bakery, Cakes & Dairy", "sub_category_name": "Cakes & Pastries", "product_name": "Chocolate Cheese Cake - Eggless", "product_brand": "Fresho Signature", "combo": []}, {"category": "Bakery, Cakes & Dairy", "sub_category_name": "Cakes & Pastries", "product_name": "Whole Wheat Cake - Pineapple", "product_brand": "Cookie Czar", "combo": []}, {"category": "Bakery, Cakes & Dairy", "sub_category_name": "Cakes & Pastries", "product_name": "Whole Wheat Cake - Blueberry", "product_brand": "Cookie Czar", "combo": []}, {"category": "Bakery, Cakes & Dairy", "sub_category_name": "Cakes & Pastries", "product_name": "Gooey Brownie - Pure Hot Fudge, Convenience Pack", "product_brand": "Brownie Cottage", "combo": []}, {"category": "Bakery, Cakes & Dairy", "sub_category_name": "Cakes & Pastries", "product_name": "Assorted French Macarons", "product_brand": "Lindberg", "combo": []}]