[{"category": "Gourmet & World Food", "sub_category_name": "Chocolates & Biscuits", "product_name": "Peanut Filled Chocolate Bar", "product_brand": "Snickers", "combo": [["45 g", "32.00"], ["25 g", "19.20"]]}, {"category": "Gourmet & World Food", "sub_category_name": "Chocolates & Biscuits", "product_name": "Smooth Milk Chocolate Bar", "product_brand": "Galaxy", "combo": [["56 g", "63.00"], ["90 g", "108.00"]]}, {"category": "Gourmet & World Food", "sub_category_name": "Chocolates & Biscuits", "product_name": "Tomato & Herbs Flax Crackers", "product_brand": "Nourish Organics", "combo": []}, {"category": "Gourmet & World Food", "sub_category_name": "Chocolates & Biscuits", "product_name": "Black Pepper Sour Dough Crackers", "product_brand": "Theobroma", "combo": []}, {"category": "Gourmet & World Food", "sub_category_name": "Chocolates & Biscuits", "product_name": "Party Pack", "product_brand": "Cornitos", "combo": []}, {"category": "Gourmet & World Food", "sub_category_name": "Chocolates & Biscuits", "product_name": "Peanut Filled Chocolate - Duos", "product_brand": "Snickers", "combo": []}, {"category": "Gourmet & World Food", "sub_category_name": "Chocolates & Biscuits", "product_name": "Milk Chocolate Candies", "product_brand": "M&M's", "combo": []}, {"category": "Gourmet & World Food", "sub_category_name": "Chocolates & Biscuits", "product_name": "Peanut Filled Chocolate", "product_brand": "Snickers", "combo": []}, {"category": "Gourmet & World Food", "sub_category_name": "Chocolates & Biscuits", "product_name": "Milk Chocolate Candies", "product_brand": "M&M's", "combo": []}, {"category": "Gourmet & World Food", "sub_category_name": "Chocolates & Biscuits", "product_name": "Expressions Premium Chocolates", "product_brand": "Lindberg", "combo": []}, {"category": "Gourmet & World Food", "sub_category_name": "Chocolates & Biscuits", "product_name": "Expressions Premium Chocolates", "product_brand": "Lindberg", "combo": []}, {"category": "Gourmet & World Food", "sub_category_name": "Chocolates & Biscuits", "product_name": "Swiss Milk Chocolate - With Honey & Almond Nougat, Yellow", "product_brand": "Toblerone", "combo": []}, {"category": "Gourmet & World Food", "sub_category_name": "Chocolates & Biscuits", "product_name": "Festive Blaaast", "product_brand": "Cornitos", "combo": []}, {"category": "Gourmet & World Food", "sub_category_name": "Chocolates & Biscuits", "product_name": "Nacho Fiesta", "product_brand": "Cornitos", "combo": []}, {"category": "Gourmet & World Food", "sub_category_name": "Chocolates & Biscuits", "product_name": "White Chocolate", "product_brand": "Toblerone", "combo": []}, {"category": "Gourmet & World Food", "sub_category_name": "Chocolates & Biscuits", "product_name": "Almond Sensation - Milk", "product_brand": "Smoor", "combo": []}, {"category": "Gourmet & World Food", "sub_category_name": "Chocolates & Biscuits", "product_name": "Caramel Crunch Chocolate Bar", "product_brand": "Smoor", "combo": []}, {"category": "Gourmet & World Food", "sub_category_name": "Chocolates & Biscuits", "product_name": "Spicy Indian Chilli Dark Chocolate Bar", "product_brand": "Smoor", "combo": []}, {"category": "Gourmet & World Food", "sub_category_name": "Chocolates & Biscuits", "product_name": "Himalayan Pink Salt Chocolate Bar", "product_brand": "Smoor", "combo": []}, {"category": "Gourmet & World Food", "sub_category_name": "Chocolates & Biscuits", "product_name": "Pineapple Rice Crispies", "product_brand": "Smoor", "combo": []}, {"category": "Gourmet & World Food", "sub_category_name": "Chocolates & Biscuits", "product_name": "Coffee Rice Crispies", "product_brand": "Smoor", "combo": []}, {"category": "Gourmet & World Food", "sub_category_name": "Chocolates & Biscuits", "product_name": "Caramel Rice Crispies", "product_brand": "Smoor", "combo": []}, {"category": "Gourmet & World Food", "sub_category_name": "Chocolates & Biscuits", "product_name": "Mixed Nuts Milk Chocolate Bar", "product_brand": "Smoor", "combo": []}, {"category": "Gourmet & World Food", "sub_category_name": "Chocolates & Biscuits", "product_name": "Moments", "product_brand": "Ferrero Rocher", "combo": []}, {"category": "Gourmet & World Food", "sub_category_name": "Chocolates & Biscuits", "product_name": "Milk Chocolate Candies", "product_brand": "M&M's", "combo": []}, {"category": "Gourmet & World Food", "sub_category_name": "Chocolates & Biscuits", "product_name": "Peanut Filled Chocolate", "product_brand": "Snickers", "combo": []}, {"category": "Gourmet & World Food", "sub_category_name": "Chocolates & Biscuits", "product_name": "Jeera Cookies", "product_brand": "Tasties", "combo": [["75 g", "22.50"], ["4x75 g", "79.00"]]}, {"category": "Gourmet & World Food", "sub_category_name": "Chocolates & Biscuits", "product_name": "Honey Oats Cookies", "product_brand": "Tasties", "combo": [["4x75 g", "99.00"], ["75 g", "27.00"]]}, {"category": "Gourmet & World Food", "sub_category_name": "Chocolates & Biscuits", "product_name": "Choco Almond Nutty Cookies - Box of 2 Cookies", "product_brand": "Open Secret", "combo": []}, {"category": "Gourmet & World Food", "sub_category_name": "Chocolates & Biscuits", "product_name": "Biscotti - Almond, Gluten free", "product_brand": "GoodDiet", "combo": []}, {"category": "Gourmet & World Food", "sub_category_name": "Chocolates & Biscuits", "product_name": "Roasted Almond Barks - Snacking Chocolate", "product_brand": "Lindberg", "combo": []}, {"category": "Gourmet & World Food", "sub_category_name": "Chocolates & Biscuits", "product_name": "Biscotti - Double Dark Chocolate, Pistachio, Gluten Free", "product_brand": "GoodDiet", "combo": []}, {"category": "Gourmet & World Food", "sub_category_name": "Chocolates & Biscuits", "product_name": "Coconut Cookies", "product_brand": "Tasties", "combo": [["4x75 g", "99.00"], ["75 g", "27.00"]]}, {"category": "Gourmet & World Food", "sub_category_name": "Chocolates & Biscuits", "product_name": "Nougat & Caramel Filled Chocolates - Miniatures", "product_brand": "Mars", "combo": []}, {"category": "Gourmet & World Food", "sub_category_name": "Chocolates & Biscuits", "product_name": "Crackers - Roasted Onion Crackers, Gluten Free", "product_brand": "GoodDiet", "combo": []}, {"category": "Gourmet & World Food", "sub_category_name": "Chocolates & Biscuits", "product_name": "Crackers - Jeera & Ajwain, Gluten free", "product_brand": "GoodDiet", "combo": []}, {"category": "Gourmet & World Food", "sub_category_name": "Chocolates & Biscuits", "product_name": "Peanut Filled Chocolates - Miniatures", "product_brand": "Snickers", "combo": []}, {"category": "Gourmet & World Food", "sub_category_name": "Chocolates & Biscuits", "product_name": "Biscotti - Dark Chocolate & Rock Salt, Gluten Free", "product_brand": "GoodDiet", "combo": []}, {"category": "Gourmet & World Food", "sub_category_name": "Chocolates & Biscuits", "product_name": "Rocher - Chocolate", "product_brand": "Ferrero", "combo": [["4x200 g", "1948.00"], ["2x200 g", "974.00"], ["16 pcs", "487.00"]]}, {"category": "Gourmet & World Food", "sub_category_name": "Chocolates & Biscuits", "product_name": "Chocochip Cookies", "product_brand": "Tasties", "combo": [["75 g", "25.50"], ["4x75 g", "93.50"]]}, {"category": "Gourmet & World Food", "sub_category_name": "Chocolates & Biscuits", "product_name": "Butter Cookies", "product_brand": "Tasties", "combo": [["4x75 g", "93.50"], ["75 g", "25.50"]]}, {"category": "Gourmet & World Food", "sub_category_name": "Chocolates & Biscuits", "product_name": "Butter Cashew Cookies", "product_brand": "Tasties", "combo": [["75 g", "27.00"], ["4x75 g", "99.00"]]}, {"category": "Gourmet & World Food", "sub_category_name": "Chocolates & Biscuits", "product_name": "Biscotti - Cranberry, Gluten Free", "product_brand": "GoodDiet", "combo": []}, {"category": "Gourmet & World Food", "sub_category_name": "Chocolates & Biscuits", "product_name": "Crackers - Rock Salt & Pepper, Gluten Free", "product_brand": "GoodDiet", "combo": []}, {"category": "Gourmet & World Food", "sub_category_name": "Chocolates & Biscuits", "product_name": "Crackers -Tomato, Gluten free", "product_brand": "GoodDiet", "combo": []}, {"category": "Gourmet & World Food", "sub_category_name": "Chocolates & Biscuits", "product_name": "Fruit & Nuts Cookies", "product_brand": "Tasties", "combo": [["75 g", "25.50"], ["4x75 g", "93.50"]]}, {"category": "Gourmet & World Food", "sub_category_name": "Chocolates & Biscuits", "product_name": "Oatmeal Cookies - Hobnobs - Imported", "product_brand": "Mcvities", "combo": []}, {"category": "Gourmet & World Food", "sub_category_name": "Chocolates & Biscuits", "product_name": "Multigrain Cookies", "product_brand": "Tasties", "combo": [["75 g", "27.00"], ["4x75 g", "99.00"]]}, {"category": "Gourmet & World Food", "sub_category_name": "Chocolates & Biscuits", "product_name": "Peanut Butter Nutty Cookies - Box of 2 Cookies", "product_brand": "Open Secret", "combo": []}, {"category": "Gourmet & World Food", "sub_category_name": "Chocolates & Biscuits", "product_name": "White Choco Cashew Nutty Cookies - Box of 2 Cookies", "product_brand": "Open Secret", "combo": []}, {"category": "Gourmet & World Food", "sub_category_name": "Chocolates & Biscuits", "product_name": "Crackers - Herb, Gluten free", "product_brand": "GoodDiet", "combo": []}, {"category": "Gourmet & World Food", "sub_category_name": "Chocolates & Biscuits", "product_name": "Toast - Fig & Walnuts, Gluten Free", "product_brand": "GoodDiet", "combo": []}, {"category": "Gourmet & World Food", "sub_category_name": "Chocolates & Biscuits", "product_name": "Classic - Milk Chocolate Crispies", "product_brand": "Lindberg", "combo": []}, {"category": "Gourmet & World Food", "sub_category_name": "Chocolates & Biscuits", "product_name": "Dip Biscuit - Creamy Chocolate Flavored", "product_brand": "Yan Yan", "combo": [["50 g", "80.00"], ["2x50 g", "160.00"], ["4x50 g", "320.00"], ["6x50 g", "480.00"], ["2x50 g", "160.00"], ["4x50 g", "320.00"]]}, {"category": "Gourmet & World Food", "sub_category_name": "Chocolates & Biscuits", "product_name": "Smooth Milk Chocolate Bar", "product_brand": "Galaxy", "combo": []}, {"category": "Gourmet & World Food", "sub_category_name": "Chocolates & Biscuits", "product_name": "Digestive Biscuit", "product_brand": "Mcvities", "combo": []}, {"category": "Gourmet & World Food", "sub_category_name": "Chocolates & Biscuits", "product_name": "Orange - Pure Belgian Dark Chocolate", "product_brand": "Lindberg", "combo": []}, {"category": "Gourmet & World Food", "sub_category_name": "Chocolates & Biscuits", "product_name": "Rocher - Chocolate (24 pcs)", "product_brand": "Ferrero", "combo": [["24 pcs", "781.00"], ["4x300 g", "3124.00"], ["2x300 g", "1562.00"]]}, {"category": "Gourmet & World Food", "sub_category_name": "Chocolates & Biscuits", "product_name": "Pure Belgium Raisins Dark Chocolate Bar", "product_brand": "Lindberg", "combo": [["50 g", "119.00"], ["2x50 g", "226.10"]]}, {"category": "Gourmet & World Food", "sub_category_name": "Chocolates & Biscuits", "product_name": "Classic - White Chocolate Crispies", "product_brand": "Lindberg", "combo": []}, {"category": "Gourmet & World Food", "sub_category_name": "Chocolates & Biscuits", "product_name": "Biscuits - Ginger Nuts (Imported)", "product_brand": "Mcvities", "combo": []}, {"category": "Gourmet & World Food", "sub_category_name": "Chocolates & Biscuits", "product_name": "Dark Chocolate - Apricot", "product_brand": "Lindberg", "combo": []}, {"category": "Gourmet & World Food", "sub_category_name": "Chocolates & Biscuits", "product_name": "Fruit & Nut Chocolate Bar - Pure Belgian", "product_brand": "Lindberg", "combo": [["3x50 g", "339.15"], ["50 g", "119.00"]]}, {"category": "Gourmet & World Food", "sub_category_name": "Chocolates & Biscuits", "product_name": "Pure Belgium Milk Chocolate Bar", "product_brand": "Lindberg", "combo": [["2x45 g", "226.10"], ["45 g", "119.00"]]}, {"category": "Gourmet & World Food", "sub_category_name": "Chocolates & Biscuits", "product_name": "Assorted Crispy Treats", "product_brand": "Lindberg", "combo": []}, {"category": "Gourmet & World Food", "sub_category_name": "Chocolates & Biscuits", "product_name": "Pure Belgium Cranberries Dark Chocolate Bar", "product_brand": "Lindberg", "combo": [["3x50 g", "339.15"], ["50 g", "119.00"]]}, {"category": "Gourmet & World Food", "sub_category_name": "Chocolates & Biscuits", "product_name": "Crunchy & Creame Wafer Biscuit - Vanilla", "product_brand": "Harveys", "combo": []}, {"category": "Gourmet & World Food", "sub_category_name": "Chocolates & Biscuits", "product_name": "Cashew Chocolate Bar", "product_brand": "Snickers", "combo": []}, {"category": "Gourmet & World Food", "sub_category_name": "Chocolates & Biscuits", "product_name": "Almonds Chocolate Bar - Pure Belgian", "product_brand": "Lindberg", "combo": []}, {"category": "Gourmet & World Food", "sub_category_name": "Chocolates & Biscuits", "product_name": "Chilli - Pure Belgian Dark Chocolate", "product_brand": "Lindberg", "combo": []}, {"category": "Gourmet & World Food", "sub_category_name": "Chocolates & Biscuits", "product_name": "Hazelnut Dark Chocolate Coated Nuts", "product_brand": "Lindberg", "combo": [["100 g", "289.00"], ["2x100 g", "549.10"]]}, {"category": "Gourmet & World Food", "sub_category_name": "Chocolates & Biscuits", "product_name": "Crispy Milk Chocolate Bar", "product_brand": "Galaxy", "combo": []}, {"category": "Gourmet & World Food", "sub_category_name": "Chocolates & Biscuits", "product_name": "Wafers - Orange Cream", "product_brand": "Nutro", "combo": []}, {"category": "Gourmet & World Food", "sub_category_name": "Chocolates & Biscuits", "product_name": "Digestive Biscuits (Imported)-Original", "product_brand": "Mcvities", "combo": []}, {"category": "Gourmet & World Food", "sub_category_name": "Chocolates & Biscuits", "product_name": "Almonds Milk Chocolate Coated Nuts", "product_brand": "Lindberg", "combo": [["2x100 g", "497.32"], ["100 g", "261.75"]]}, {"category": "Gourmet & World Food", "sub_category_name": "Chocolates & Biscuits", "product_name": "Assorted Gift Box - Pure Belgium Chocolate Truffles", "product_brand": "Lindberg", "combo": [["270 g", "699.00"], ["5x270 gm 25 pcs", "3495.00"], ["10x270 gm 25 pcs", "6990.00"], ["2x270 gm 25 pcs", "1328.10"]]}, {"category": "Gourmet & World Food", "sub_category_name": "Chocolates & Biscuits", "product_name": "Sea Salt - Pure Belgian Milk Chocolate", "product_brand": "Lindberg", "combo": []}, {"category": "Gourmet & World Food", "sub_category_name": "Chocolates & Biscuits", "product_name": "Hello Panda Biscuits - With Chocolate Flavor Filling", "product_brand": "Meiji", "combo": []}, {"category": "Gourmet & World Food", "sub_category_name": "Chocolates & Biscuits", "product_name": "Quadratini Wafer - Dark Chocolate", "product_brand": "Loacker", "combo": []}, {"category": "Gourmet & World Food", "sub_category_name": "Chocolates & Biscuits", "product_name": "Gluten Free Crackers", "product_brand": "Schar", "combo": []}, {"category": "Gourmet & World Food", "sub_category_name": "Chocolates & Biscuits", "product_name": "Dip Biscuit - Creamy Strawberry Flavoured", "product_brand": "Yan Yan", "combo": [["50 g", "80.00"], ["2x50 g", "160.00"], ["4x50 g", "320.00"], ["6x50 g", "480.00"]]}, {"category": "Gourmet & World Food", "sub_category_name": "Chocolates & Biscuits", "product_name": "Candy Stick - Apple Flavour", "product_brand": "Sour Punk", "combo": []}, {"category": "Gourmet & World Food", "sub_category_name": "Chocolates & Biscuits", "product_name": "Salted Peanut Coconut Barks - Snacking chocolate", "product_brand": "Lindberg", "combo": []}, {"category": "Gourmet & World Food", "sub_category_name": "Chocolates & Biscuits", "product_name": "Walker Toffee N Pecan 150G", "product_brand": "Walkers", "combo": []}, {"category": "Gourmet & World Food", "sub_category_name": "Chocolates & Biscuits", "product_name": "Assorted Gift Box - Pure Belgium Chocolate Truffles", "product_brand": "Lindberg", "combo": [["120 g 12 pcs", "349.00"], ["5x120 gm 12 pcs", "1745.00"], ["10x120 gm 12 pcs", "3490.00"], ["2x120 gm 12 pcs", "663.10"]]}, {"category": "Gourmet & World Food", "sub_category_name": "Chocolates & Biscuits", "product_name": "Fruit & Nut Milk Chocolate Bar", "product_brand": "Galaxy", "combo": []}, {"category": "Gourmet & World Food", "sub_category_name": "Chocolates & Biscuits", "product_name": "Sugar Free Mints - Fresh", "product_brand": "IMPACT", "combo": []}, {"category": "Gourmet & World Food", "sub_category_name": "Chocolates & Biscuits", "product_name": "Assorted Choco Treats", "product_brand": "Lindberg", "combo": []}, {"category": "Gourmet & World Food", "sub_category_name": "Chocolates & Biscuits", "product_name": "Drops - Dark Chocolate", "product_brand": "Lindberg", "combo": []}, {"category": "Gourmet & World Food", "sub_category_name": "Chocolates & Biscuits", "product_name": "Shrimp Flavoured Cracker - Hot & Spicy", "product_brand": "Nongshim", "combo": []}, {"category": "Gourmet & World Food", "sub_category_name": "Chocolates & Biscuits", "product_name": "Crunchy Cookie - Pure Belgian Milk Chocolate", "product_brand": "Lindberg", "combo": []}, {"category": "Gourmet & World Food", "sub_category_name": "Chocolates & Biscuits", "product_name": "Bite-Size Fruit Flavour Candies - Wild Berries", "product_brand": "Skittles", "combo": []}, {"category": "Gourmet & World Food", "sub_category_name": "Chocolates & Biscuits", "product_name": "Wafer Cookies - QuadraTini (Cappuccino)", "product_brand": "Loacker", "combo": []}, {"category": "Gourmet & World Food", "sub_category_name": "Chocolates & Biscuits", "product_name": "Wafer - Minis, Assorted", "product_brand": "Loacker", "combo": []}, {"category": "Gourmet & World Food", "sub_category_name": "Chocolates & Biscuits", "product_name": "Caramel - Milk Chocolate Crispies", "product_brand": "Lindberg", "combo": [["100 g", "159.00"], ["2x100 g", "302.10"]]}, {"category": "Gourmet & World Food", "sub_category_name": "Chocolates & Biscuits", "product_name": "Pineapple - Dark Chocolate Cripsies", "product_brand": "Lindberg", "combo": []}, {"category": "Gourmet & World Food", "sub_category_name": "Chocolates & Biscuits", "product_name": "Honey Avla", "product_brand": "Urban Platter", "combo": []}, {"category": "Gourmet & World Food", "sub_category_name": "Chocolates & Biscuits", "product_name": "Peanut Filled Chocolate", "product_brand": "Snickers", "combo": []}, {"category": "Gourmet & World Food", "sub_category_name": "Chocolates & Biscuits", "product_name": "Cuttlefish Crackers", "product_brand": "BIKA", "combo": []}, {"category": "Gourmet & World Food", "sub_category_name": "Chocolates & Biscuits", "product_name": "Drops - Milk Chocolate", "product_brand": "Lindberg", "combo": []}, {"category": "Gourmet & World Food", "sub_category_name": "Chocolates & Biscuits", "product_name": "Butterscotch Barks - Snacking chocolate", "product_brand": "Lindberg", "combo": []}, {"category": "Gourmet & World Food", "sub_category_name": "Chocolates & Biscuits", "product_name": "Sugar Free Mints - Strawberry", "product_brand": "IMPACT", "combo": []}, {"category": "Gourmet & World Food", "sub_category_name": "Chocolates & Biscuits", "product_name": "Lemon - Pure Belgian Milk Chocolate", "product_brand": "Lindberg", "combo": []}, {"category": "Gourmet & World Food", "sub_category_name": "Chocolates & Biscuits", "product_name": "Cashew Brittle - With Jaggery", "product_brand": "Lindberg", "combo": []}, {"category": "Gourmet & World Food", "sub_category_name": "Chocolates & Biscuits", "product_name": "Peanut Brittle - With Jaggery", "product_brand": "Lindberg", "combo": []}, {"category": "Gourmet & World Food", "sub_category_name": "Chocolates & Biscuits", "product_name": "Assorted Gift Box - Pure Belgium Chocolate Truffles", "product_brand": "Lindberg", "combo": [["2x50 gm, 5 pcs", "256.50"], ["50 g, 5 pcs", "135.00"]]}, {"category": "Gourmet & World Food", "sub_category_name": "Chocolates & Biscuits", "product_name": "Hot Chocolate Stir It Up - Mocha", "product_brand": "Lindberg", "combo": [["2x40 g", "207.10"], ["40 g", "109.00"]]}, {"category": "Gourmet & World Food", "sub_category_name": "Chocolates & Biscuits", "product_name": "Assorted Chocolate Thins- 18 Pcs", "product_brand": "Lindberg", "combo": []}, {"category": "Gourmet & World Food", "sub_category_name": "Chocolates & Biscuits", "product_name": "Crunchy & Creame Wafer Biscuit - Orange", "product_brand": "Harveys", "combo": []}, {"category": "Gourmet & World Food", "sub_category_name": "Chocolates & Biscuits", "product_name": "Sugar Free Oatmeal Crackers - Oat Bran", "product_brand": "IKO", "combo": []}, {"category": "Gourmet & World Food", "sub_category_name": "Chocolates & Biscuits", "product_name": "Fruit & Nut Chocolate", "product_brand": "Toblerone", "combo": []}, {"category": "Gourmet & World Food", "sub_category_name": "Chocolates & Biscuits", "product_name": "Butter Cookies - Next", "product_brand": "Bogutti", "combo": []}, {"category": "Gourmet & World Food", "sub_category_name": "Chocolates & Biscuits", "product_name": "Topfer Cream Filled Waffer Cubes - Coffee Roma", "product_brand": "Frontier", "combo": []}, {"category": "Gourmet & World Food", "sub_category_name": "Chocolates & Biscuits", "product_name": "Quadratini Wafer - Vanilla", "product_brand": "Loacker", "combo": []}, {"category": "Gourmet & World Food", "sub_category_name": "Chocolates & Biscuits", "product_name": "Honey Crab Crackers", "product_brand": "BIKA", "combo": []}, {"category": "Gourmet & World Food", "sub_category_name": "Chocolates & Biscuits", "product_name": "Almonds - nuts regular choco", "product_brand": "Sapphire", "combo": []}, {"category": "Gourmet & World Food", "sub_category_name": "Chocolates & Biscuits", "product_name": "Coconut Filled Chocolate Bar", "product_brand": "Bounty", "combo": [["227 g", "229.00"], ["150 g", "134.10"], ["28.5 g", "45.00"]]}, {"category": "Gourmet & World Food", "sub_category_name": "Chocolates & Biscuits", "product_name": "Chocolate Coated Fruits & Nuts", "product_brand": "Sapphire", "combo": []}, {"category": "Gourmet & World Food", "sub_category_name": "Chocolates & Biscuits", "product_name": "Happy Birthday Chocolate Bar", "product_brand": "Rage", "combo": []}, {"category": "Gourmet & World Food", "sub_category_name": "Chocolates & Biscuits", "product_name": "Sugar Free Mints - Ice", "product_brand": "IMPACT", "combo": []}, {"category": "Gourmet & World Food", "sub_category_name": "Chocolates & Biscuits", "product_name": "Wafer Cookies - Cappuccino Bite Size", "product_brand": "Loacker", "combo": []}, {"category": "Gourmet & World Food", "sub_category_name": "Chocolates & Biscuits", "product_name": "Wafer Cube - Milk", "product_brand": "Jacker", "combo": []}, {"category": "Gourmet & World Food", "sub_category_name": "Chocolates & Biscuits", "product_name": "Quadratini Wafer Cookies - Tiramisu", "product_brand": "Loacker", "combo": []}, {"category": "Gourmet & World Food", "sub_category_name": "Chocolates & Biscuits", "product_name": "Travel Sweets - Sugar & Gluten Free Mixed Fruit", "product_brand": "Simpkins", "combo": []}, {"category": "Gourmet & World Food", "sub_category_name": "Chocolates & Biscuits", "product_name": "Pistachio & Cocoa Nibs White Chocolate", "product_brand": "Toska Chocolates", "combo": []}, {"category": "Gourmet & World Food", "sub_category_name": "Chocolates & Biscuits", "product_name": "White - Chocolate Coated Coffee Beans", "product_brand": "Lindberg", "combo": []}, {"category": "Gourmet & World Food", "sub_category_name": "Chocolates & Biscuits", "product_name": "Gluten Free Choco Chip Cookies", "product_brand": "Schar", "combo": []}, {"category": "Gourmet & World Food", "sub_category_name": "Chocolates & Biscuits", "product_name": "Dip Biscuit - Creamy Vanilla Flavoured", "product_brand": "Yan Yan", "combo": [["4x50 g", "320.00"], ["50 g", "80.00"], ["2x50 g", "160.00"]]}, {"category": "Gourmet & World Food", "sub_category_name": "Chocolates & Biscuits", "product_name": "Butter Cookies Gold Collection", "product_brand": "Sapphire", "combo": []}, {"category": "Gourmet & World Food", "sub_category_name": "Chocolates & Biscuits", "product_name": "Prawn Cracker", "product_brand": "BIKA", "combo": []}, {"category": "Gourmet & World Food", "sub_category_name": "Chocolates & Biscuits", "product_name": "Coffee - Pure Belgian Milk Chocolate", "product_brand": "Lindberg", "combo": [["2x50 g", "226.10"], ["50 g", "119.00"]]}, {"category": "Gourmet & World Food", "sub_category_name": "Chocolates & Biscuits", "product_name": "Milk Chocolate - Crunchy Caramel", "product_brand": "Lindberg", "combo": [["2x50 g", "226.10"], ["50 g", "119.00"]]}, {"category": "Gourmet & World Food", "sub_category_name": "Chocolates & Biscuits", "product_name": "Strawberry Cheese Cake chocolate bar", "product_brand": "Rage", "combo": []}, {"category": "Gourmet & World Food", "sub_category_name": "Chocolates & Biscuits", "product_name": "Hot Chocolate Stir It Up - Honey", "product_brand": "Lindberg", "combo": []}, {"category": "Gourmet & World Food", "sub_category_name": "Chocolates & Biscuits", "product_name": "Chocolate Cookies - Free, 20% Chocolate", "product_brand": "Bogutti", "combo": []}, {"category": "Gourmet & World Food", "sub_category_name": "Chocolates & Biscuits", "product_name": "Prawn Chili Cheese Crackers", "product_brand": "BIKA", "combo": []}, {"category": "Gourmet & World Food", "sub_category_name": "Chocolates & Biscuits", "product_name": "Hot & Spicy Potato Sticks", "product_brand": "BIKA", "combo": []}, {"category": "Gourmet & World Food", "sub_category_name": "Chocolates & Biscuits", "product_name": "Cookies - La Gustosa, With Hazelnut Cream", "product_brand": "Bogutti", "combo": []}, {"category": "Gourmet & World Food", "sub_category_name": "Chocolates & Biscuits", "product_name": "Crunchy Biscuit - Next, With Chocolate Chips & Hazelnuts", "product_brand": "Bogutti", "combo": []}, {"category": "Gourmet & World Food", "sub_category_name": "Chocolates & Biscuits", "product_name": "Cookies - with Hazelnnut", "product_brand": "Grisbi", "combo": []}, {"category": "Gourmet & World Food", "sub_category_name": "Chocolates & Biscuits", "product_name": "Wafer Cookies - Cappuccino Bite Size", "product_brand": "Loacker", "combo": []}, {"category": "Gourmet & World Food", "sub_category_name": "Chocolates & Biscuits", "product_name": "Wafer Cube - Milk", "product_brand": "Jacker", "combo": []}, {"category": "Gourmet & World Food", "sub_category_name": "Chocolates & Biscuits", "product_name": "Quadratini Wafer Cookies - Tiramisu", "product_brand": "Loacker", "combo": []}, {"category": "Gourmet & World Food", "sub_category_name": "Chocolates & Biscuits", "product_name": "Travel Sweets - Sugar & Gluten Free Mixed Fruit", "product_brand": "Simpkins", "combo": []}, {"category": "Gourmet & World Food", "sub_category_name": "Chocolates & Biscuits", "product_name": "Pistachio & Cocoa Nibs White Chocolate", "product_brand": "Toska Chocolates", "combo": []}, {"category": "Gourmet & World Food", "sub_category_name": "Chocolates & Biscuits", "product_name": "White - Chocolate Coated Coffee Beans", "product_brand": "Lindberg", "combo": []}, {"category": "Gourmet & World Food", "sub_category_name": "Chocolates & Biscuits", "product_name": "Gluten Free Choco Chip Cookies", "product_brand": "Schar", "combo": []}, {"category": "Gourmet & World Food", "sub_category_name": "Chocolates & Biscuits", "product_name": "Dip Biscuit - Creamy Vanilla Flavoured", "product_brand": "Yan Yan", "combo": [["4x50 g", "320.00"], ["50 g", "80.00"], ["2x50 g", "160.00"]]}, {"category": "Gourmet & World Food", "sub_category_name": "Chocolates & Biscuits", "product_name": "Butter Cookies Gold Collection", "product_brand": "Sapphire", "combo": []}, {"category": "Gourmet & World Food", "sub_category_name": "Chocolates & Biscuits", "product_name": "Prawn Cracker", "product_brand": "BIKA", "combo": []}, {"category": "Gourmet & World Food", "sub_category_name": "Chocolates & Biscuits", "product_name": "Coffee - Pure Belgian Milk Chocolate", "product_brand": "Lindberg", "combo": [["2x50 g", "226.10"], ["50 g", "119.00"]]}, {"category": "Gourmet & World Food", "sub_category_name": "Chocolates & Biscuits", "product_name": "Milk Chocolate - Crunchy Caramel", "product_brand": "Lindberg", "combo": [["2x50 g", "226.10"], ["50 g", "119.00"]]}, {"category": "Gourmet & World Food", "sub_category_name": "Chocolates & Biscuits", "product_name": "Strawberry Cheese Cake chocolate bar", "product_brand": "Rage", "combo": []}, {"category": "Gourmet & World Food", "sub_category_name": "Chocolates & Biscuits", "product_name": "Hot Chocolate Stir It Up - Honey", "product_brand": "Lindberg", "combo": []}, {"category": "Gourmet & World Food", "sub_category_name": "Chocolates & Biscuits", "product_name": "Chocolate Cookies - Free, 20% Chocolate", "product_brand": "Bogutti", "combo": []}, {"category": "Gourmet & World Food", "sub_category_name": "Chocolates & Biscuits", "product_name": "Prawn Chili Cheese Crackers", "product_brand": "BIKA", "combo": []}, {"category": "Gourmet & World Food", "sub_category_name": "Chocolates & Biscuits", "product_name": "Hot & Spicy Potato Sticks", "product_brand": "BIKA", "combo": []}, {"category": "Gourmet & World Food", "sub_category_name": "Chocolates & Biscuits", "product_name": "Cookies - La Gustosa, With Hazelnut Cream", "product_brand": "Bogutti", "combo": []}, {"category": "Gourmet & World Food", "sub_category_name": "Chocolates & Biscuits", "product_name": "Crunchy Biscuit - Next, With Chocolate Chips & Hazelnuts", "product_brand": "Bogutti", "combo": []}, {"category": "Gourmet & World Food", "sub_category_name": "Chocolates & Biscuits", "product_name": "Cookies - with Hazelnnut", "product_brand": "Grisbi", "combo": []}, {"category": "Gourmet & World Food", "sub_category_name": "Chocolates & Biscuits", "product_name": "Wafer Cookies - Cappuccino Bite Size", "product_brand": "Loacker", "combo": []}, {"category": "Gourmet & World Food", "sub_category_name": "Chocolates & Biscuits", "product_name": "Wafer Cube - Milk", "product_brand": "Jacker", "combo": []}, {"category": "Gourmet & World Food", "sub_category_name": "Chocolates & Biscuits", "product_name": "Quadratini Wafer Cookies - Tiramisu", "product_brand": "Loacker", "combo": []}, {"category": "Gourmet & World Food", "sub_category_name": "Chocolates & Biscuits", "product_name": "Travel Sweets - Sugar & Gluten Free Mixed Fruit", "product_brand": "Simpkins", "combo": []}, {"category": "Gourmet & World Food", "sub_category_name": "Chocolates & Biscuits", "product_name": "Pistachio & Cocoa Nibs White Chocolate", "product_brand": "Toska Chocolates", "combo": []}, {"category": "Gourmet & World Food", "sub_category_name": "Chocolates & Biscuits", "product_name": "White - Chocolate Coated Coffee Beans", "product_brand": "Lindberg", "combo": []}, {"category": "Gourmet & World Food", "sub_category_name": "Chocolates & Biscuits", "product_name": "Gluten Free Choco Chip Cookies", "product_brand": "Schar", "combo": []}, {"category": "Gourmet & World Food", "sub_category_name": "Chocolates & Biscuits", "product_name": "Dip Biscuit - Creamy Vanilla Flavoured", "product_brand": "Yan Yan", "combo": [["4x50 g", "320.00"], ["50 g", "80.00"], ["2x50 g", "160.00"]]}, {"category": "Gourmet & World Food", "sub_category_name": "Chocolates & Biscuits", "product_name": "Butter Cookies Gold Collection", "product_brand": "Sapphire", "combo": []}, {"category": "Gourmet & World Food", "sub_category_name": "Chocolates & Biscuits", "product_name": "Prawn Cracker", "product_brand": "BIKA", "combo": []}, {"category": "Gourmet & World Food", "sub_category_name": "Chocolates & Biscuits", "product_name": "Coffee - Pure Belgian Milk Chocolate", "product_brand": "Lindberg", "combo": [["2x50 g", "226.10"], ["50 g", "119.00"]]}, {"category": "Gourmet & World Food", "sub_category_name": "Chocolates & Biscuits", "product_name": "Milk Chocolate - Crunchy Caramel", "product_brand": "Lindberg", "combo": [["2x50 g", "226.10"], ["50 g", "119.00"]]}, {"category": "Gourmet & World Food", "sub_category_name": "Chocolates & Biscuits", "product_name": "Strawberry Cheese Cake chocolate bar", "product_brand": "Rage", "combo": []}, {"category": "Gourmet & World Food", "sub_category_name": "Chocolates & Biscuits", "product_name": "Hot Chocolate Stir It Up - Honey", "product_brand": "Lindberg", "combo": []}, {"category": "Gourmet & World Food", "sub_category_name": "Chocolates & Biscuits", "product_name": "Chocolate Cookies - Free, 20% Chocolate", "product_brand": "Bogutti", "combo": []}, {"category": "Gourmet & World Food", "sub_category_name": "Chocolates & Biscuits", "product_name": "Prawn Chili Cheese Crackers", "product_brand": "BIKA", "combo": []}, {"category": "Gourmet & World Food", "sub_category_name": "Chocolates & Biscuits", "product_name": "Hot & Spicy Potato Sticks", "product_brand": "BIKA", "combo": []}, {"category": "Gourmet & World Food", "sub_category_name": "Chocolates & Biscuits", "product_name": "Cookies - La Gustosa, With Hazelnut Cream", "product_brand": "Bogutti", "combo": []}, {"category": "Gourmet & World Food", "sub_category_name": "Chocolates & Biscuits", "product_name": "Crunchy Biscuit - Next, With Chocolate Chips & Hazelnuts", "product_brand": "Bogutti", "combo": []}, {"category": "Gourmet & World Food", "sub_category_name": "Chocolates & Biscuits", "product_name": "Cookies - with Hazelnnut", "product_brand": "Grisbi", "combo": []}, {"category": "Gourmet & World Food", "sub_category_name": "Chocolates & Biscuits", "product_name": "Bite Size Wafer - Cocoa & Milk", "product_brand": "Loacker", "combo": []}, {"category": "Gourmet & World Food", "sub_category_name": "Chocolates & Biscuits", "product_name": "Cracker - Calcium, Sesame Oat", "product_brand": "IKO", "combo": []}, {"category": "Gourmet & World Food", "sub_category_name": "Chocolates & Biscuits", "product_name": "Chilli & Cinnamon Dark Chocolate", "product_brand": "Didier & Frank", "combo": []}, {"category": "Gourmet & World Food", "sub_category_name": "Chocolates & Biscuits", "product_name": "Toffee - Almond", "product_brand": "4Fruitz", "combo": []}, {"category": "Gourmet & World Food", "sub_category_name": "Chocolates & Biscuits", "product_name": "Teddy Roosevelt Coffee Milk Chocolate", "product_brand": "Didier & Frank", "combo": []}, {"category": "Gourmet & World Food", "sub_category_name": "Chocolates & Biscuits", "product_name": "Assorted Cookies", "product_brand": "Tasties", "combo": []}, {"category": "Gourmet & World Food", "sub_category_name": "Chocolates & Biscuits", "product_name": "Shrimp Flavoured Cracker", "product_brand": "Nongshim", "combo": []}, {"category": "Gourmet & World Food", "sub_category_name": "Chocolates & Biscuits", "product_name": "Crunch 'n' Cream Crunchiest Cream Wafers - Hazelnut Flavored", "product_brand": "Tiffany", "combo": [["2x150 g", "180.00"], ["150 g", "90.00"], ["4x150 g", "360.00"], ["6x150 g", "540.00"]]}, {"category": "Gourmet & World Food", "sub_category_name": "Chocolates & Biscuits", "product_name": "Wafers - Vanilla Cream", "product_brand": "Nutro", "combo": []}, {"category": "Gourmet & World Food", "sub_category_name": "Chocolates & Biscuits", "product_name": "Fika Cheese Ring Snacks", "product_brand": "BIKA", "combo": []}, {"category": "Gourmet & World Food", "sub_category_name": "Chocolates & Biscuits", "product_name": "Black Pepper Chicken Crackers", "product_brand": "BIKA", "combo": []}, {"category": "Gourmet & World Food", "sub_category_name": "Chocolates & Biscuits", "product_name": "Wafers - Hazelnut Cream", "product_brand": "Nutro", "combo": []}, {"category": "Gourmet & World Food", "sub_category_name": "Chocolates & Biscuits", "product_name": "Smooth Milk Chocolate Bar", "product_brand": "Galaxy", "combo": []}, {"category": "Gourmet & World Food", "sub_category_name": "Chocolates & Biscuits", "product_name": "Sour Bites Mixed Fruit Flavour Soft & Chewy Toffee", "product_brand": "Chupa Chups", "combo": [["3x61.6 g", "72.90"], ["61.6 g", "24.30"]]}, {"category": "Gourmet & World Food", "sub_category_name": "Chocolates & Biscuits", "product_name": "Sour Belt Mixed Fruit Flavour Soft & Chewy Toffee", "product_brand": "Chupa Chups", "combo": [["3x57.6 g", "81.00"], ["57.6 g", "27.00"]]}, {"category": "Gourmet & World Food", "sub_category_name": "Chocolates & Biscuits", "product_name": "Cream Crackers - Peanut", "product_brand": "Lee", "combo": []}, {"category": "Gourmet & World Food", "sub_category_name": "Chocolates & Biscuits", "product_name": "Orange Assorted Biscuits", "product_brand": "Biskitop", "combo": []}, {"category": "Gourmet & World Food", "sub_category_name": "Chocolates & Biscuits", "product_name": "No Sugar Added Bar - Dark With Green Tea", "product_brand": "The Belgian", "combo": []}, {"category": "Gourmet & World Food", "sub_category_name": "Chocolates & Biscuits", "product_name": "Lindor Singles - White", "product_brand": "Lindt", "combo": []}, {"category": "Gourmet & World Food", "sub_category_name": "Chocolates & Biscuits", "product_name": "Love You To The Moon And Back Signature Blend Bar", "product_brand": "Rage", "combo": []}, {"category": "Gourmet & World Food", "sub_category_name": "Chocolates & Biscuits", "product_name": "Wafer Cookies - Cappuccino Bite Size", "product_brand": "Loacker", "combo": []}, {"category": "Gourmet & World Food", "sub_category_name": "Chocolates & Biscuits", "product_name": "Wafer Cube - Milk", "product_brand": "Jacker", "combo": []}, {"category": "Gourmet & World Food", "sub_category_name": "Chocolates & Biscuits", "product_name": "Quadratini Wafer Cookies - Tiramisu", "product_brand": "Loacker", "combo": []}, {"category": "Gourmet & World Food", "sub_category_name": "Chocolates & Biscuits", "product_name": "Travel Sweets - Sugar & Gluten Free Mixed Fruit", "product_brand": "Simpkins", "combo": []}, {"category": "Gourmet & World Food", "sub_category_name": "Chocolates & Biscuits", "product_name": "Pistachio & Cocoa Nibs White Chocolate", "product_brand": "Toska Chocolates", "combo": []}, {"category": "Gourmet & World Food", "sub_category_name": "Chocolates & Biscuits", "product_name": "White - Chocolate Coated Coffee Beans", "product_brand": "Lindberg", "combo": []}, {"category": "Gourmet & World Food", "sub_category_name": "Chocolates & Biscuits", "product_name": "Gluten Free Choco Chip Cookies", "product_brand": "Schar", "combo": []}, {"category": "Gourmet & World Food", "sub_category_name": "Chocolates & Biscuits", "product_name": "Dip Biscuit - Creamy Vanilla Flavoured", "product_brand": "Yan Yan", "combo": [["4x50 g", "320.00"], ["50 g", "80.00"], ["2x50 g", "160.00"]]}, {"category": "Gourmet & World Food", "sub_category_name": "Chocolates & Biscuits", "product_name": "Butter Cookies Gold Collection", "product_brand": "Sapphire", "combo": []}, {"category": "Gourmet & World Food", "sub_category_name": "Chocolates & Biscuits", "product_name": "Prawn Cracker", "product_brand": "BIKA", "combo": []}, {"category": "Gourmet & World Food", "sub_category_name": "Chocolates & Biscuits", "product_name": "Coffee - Pure Belgian Milk Chocolate", "product_brand": "Lindberg", "combo": [["2x50 g", "226.10"], ["50 g", "119.00"]]}, {"category": "Gourmet & World Food", "sub_category_name": "Chocolates & Biscuits", "product_name": "Milk Chocolate - Crunchy Caramel", "product_brand": "Lindberg", "combo": [["2x50 g", "226.10"], ["50 g", "119.00"]]}, {"category": "Gourmet & World Food", "sub_category_name": "Chocolates & Biscuits", "product_name": "Strawberry Cheese Cake chocolate bar", "product_brand": "Rage", "combo": []}, {"category": "Gourmet & World Food", "sub_category_name": "Chocolates & Biscuits", "product_name": "Hot Chocolate Stir It Up - Honey", "product_brand": "Lindberg", "combo": []}, {"category": "Gourmet & World Food", "sub_category_name": "Chocolates & Biscuits", "product_name": "Chocolate Cookies - Free, 20% Chocolate", "product_brand": "Bogutti", "combo": []}, {"category": "Gourmet & World Food", "sub_category_name": "Chocolates & Biscuits", "product_name": "Prawn Chili Cheese Crackers", "product_brand": "BIKA", "combo": []}, {"category": "Gourmet & World Food", "sub_category_name": "Chocolates & Biscuits", "product_name": "Hot & Spicy Potato Sticks", "product_brand": "BIKA", "combo": []}, {"category": "Gourmet & World Food", "sub_category_name": "Chocolates & Biscuits", "product_name": "Cookies - La Gustosa, With Hazelnut Cream", "product_brand": "Bogutti", "combo": []}, {"category": "Gourmet & World Food", "sub_category_name": "Chocolates & Biscuits", "product_name": "Crunchy Biscuit - Next, With Chocolate Chips & Hazelnuts", "product_brand": "Bogutti", "combo": []}, {"category": "Gourmet & World Food", "sub_category_name": "Chocolates & Biscuits", "product_name": "Cookies - with Hazelnnut", "product_brand": "Grisbi", "combo": []}, {"category": "Gourmet & World Food", "sub_category_name": "Chocolates & Biscuits", "product_name": "Wafer Cookies - Cappuccino Bite Size", "product_brand": "Loacker", "combo": []}, {"category": "Gourmet & World Food", "sub_category_name": "Chocolates & Biscuits", "product_name": "Wafer Cube - Milk", "product_brand": "Jacker", "combo": []}, {"category": "Gourmet & World Food", "sub_category_name": "Chocolates & Biscuits", "product_name": "Quadratini Wafer Cookies - Tiramisu", "product_brand": "Loacker", "combo": []}, {"category": "Gourmet & World Food", "sub_category_name": "Chocolates & Biscuits", "product_name": "Travel Sweets - Sugar & Gluten Free Mixed Fruit", "product_brand": "Simpkins", "combo": []}, {"category": "Gourmet & World Food", "sub_category_name": "Chocolates & Biscuits", "product_name": "Pistachio & Cocoa Nibs White Chocolate", "product_brand": "Toska Chocolates", "combo": []}, {"category": "Gourmet & World Food", "sub_category_name": "Chocolates & Biscuits", "product_name": "White - Chocolate Coated Coffee Beans", "product_brand": "Lindberg", "combo": []}, {"category": "Gourmet & World Food", "sub_category_name": "Chocolates & Biscuits", "product_name": "Gluten Free Choco Chip Cookies", "product_brand": "Schar", "combo": []}, {"category": "Gourmet & World Food", "sub_category_name": "Chocolates & Biscuits", "product_name": "Dip Biscuit - Creamy Vanilla Flavoured", "product_brand": "Yan Yan", "combo": [["4x50 g", "320.00"], ["50 g", "80.00"], ["2x50 g", "160.00"]]}, {"category": "Gourmet & World Food", "sub_category_name": "Chocolates & Biscuits", "product_name": "Butter Cookies Gold Collection", "product_brand": "Sapphire", "combo": []}, {"category": "Gourmet & World Food", "sub_category_name": "Chocolates & Biscuits", "product_name": "Prawn Cracker", "product_brand": "BIKA", "combo": []}, {"category": "Gourmet & World Food", "sub_category_name": "Chocolates & Biscuits", "product_name": "Coffee - Pure Belgian Milk Chocolate", "product_brand": "Lindberg", "combo": [["2x50 g", "226.10"], ["50 g", "119.00"]]}, {"category": "Gourmet & World Food", "sub_category_name": "Chocolates & Biscuits", "product_name": "Milk Chocolate - Crunchy Caramel", "product_brand": "Lindberg", "combo": [["2x50 g", "226.10"], ["50 g", "119.00"]]}, {"category": "Gourmet & World Food", "sub_category_name": "Chocolates & Biscuits", "product_name": "Strawberry Cheese Cake chocolate bar", "product_brand": "Rage", "combo": []}, {"category": "Gourmet & World Food", "sub_category_name": "Chocolates & Biscuits", "product_name": "Hot Chocolate Stir It Up - Honey", "product_brand": "Lindberg", "combo": []}, {"category": "Gourmet & World Food", "sub_category_name": "Chocolates & Biscuits", "product_name": "Chocolate Cookies - Free, 20% Chocolate", "product_brand": "Bogutti", "combo": []}, {"category": "Gourmet & World Food", "sub_category_name": "Chocolates & Biscuits", "product_name": "Prawn Chili Cheese Crackers", "product_brand": "BIKA", "combo": []}, {"category": "Gourmet & World Food", "sub_category_name": "Chocolates & Biscuits", "product_name": "Hot & Spicy Potato Sticks", "product_brand": "BIKA", "combo": []}, {"category": "Gourmet & World Food", "sub_category_name": "Chocolates & Biscuits", "product_name": "Cookies - La Gustosa, With Hazelnut Cream", "product_brand": "Bogutti", "combo": []}, {"category": "Gourmet & World Food", "sub_category_name": "Chocolates & Biscuits", "product_name": "Crunchy Biscuit - Next, With Chocolate Chips & Hazelnuts", "product_brand": "Bogutti", "combo": []}, {"category": "Gourmet & World Food", "sub_category_name": "Chocolates & Biscuits", "product_name": "Cookies - with Hazelnnut", "product_brand": "Grisbi", "combo": []}, {"category": "Gourmet & World Food", "sub_category_name": "Chocolates & Biscuits", "product_name": "Crunchy & Creame Wafer Biscuit - Chocolate", "product_brand": "Harveys", "combo": []}, {"category": "Gourmet & World Food", "sub_category_name": "Chocolates & Biscuits", "product_name": "Travel Sweets - Tropical Fruit", "product_brand": "Simpkins", "combo": []}, {"category": "Gourmet & World Food", "sub_category_name": "Chocolates & Biscuits", "product_name": "Chocolate - Excellence (85% Cocoa - Dark)", "product_brand": "Lindt", "combo": []}, {"category": "Gourmet & World Food", "sub_category_name": "Chocolates & Biscuits", "product_name": "Marshmallow", "product_brand": "marshmallow", "combo": []}, {"category": "Gourmet & World Food", "sub_category_name": "Chocolates & Biscuits", "product_name": "Cream Wafers - Strawberry Flavored", "product_brand": "Tiffany", "combo": [["75 g", "50.00"], ["2x75 g", "100.00"], ["4x75 g", "200.00"]]}, {"category": "Gourmet & World Food", "sub_category_name": "Chocolates & Biscuits", "product_name": "Sugar Free Mints - Orange", "product_brand": "IMPACT", "combo": []}, {"category": "Gourmet & World Food", "sub_category_name": "Chocolates & Biscuits", "product_name": "Cream Crackers - Peanut", "product_brand": "Lee", "combo": []}, {"category": "Gourmet & World Food", "sub_category_name": "Chocolates & Biscuits", "product_name": "Wafers - Chocolate Cream", "product_brand": "Nutro", "combo": []}, {"category": "Gourmet & World Food", "sub_category_name": "Chocolates & Biscuits", "product_name": "Wafers - Chocolate Cream", "product_brand": "Nutro", "combo": []}, {"category": "Gourmet & World Food", "sub_category_name": "Chocolates & Biscuits", "product_name": "Wafers - Strawberry Cream", "product_brand": "Nutro", "combo": []}, {"category": "Gourmet & World Food", "sub_category_name": "Chocolates & Biscuits", "product_name": "Wafers - Strawberry Cream", "product_brand": "Nutro", "combo": []}, {"category": "Gourmet & World Food", "sub_category_name": "Chocolates & Biscuits", "product_name": "Wafers - Vanilla Cream", "product_brand": "Nutro", "combo": []}, {"category": "Gourmet & World Food", "sub_category_name": "Chocolates & Biscuits", "product_name": "Biscuit with Choco Cream", "product_brand": "Meiji", "combo": []}, {"category": "Gourmet & World Food", "sub_category_name": "Chocolates & Biscuits", "product_name": "Les Grandes - Milk Chocolate, 34% Hazelnuts", "product_brand": "Lindt", "combo": []}, {"category": "Gourmet & World Food", "sub_category_name": "Chocolates & Biscuits", "product_name": "Swiss Classic - Dark Chocolate, Hazelnut", "product_brand": "Lindt", "combo": []}, {"category": "Gourmet & World Food", "sub_category_name": "Chocolates & Biscuits", "product_name": "Mint - Hot Chocolate Stir It Up", "product_brand": "Lindberg", "combo": []}, {"category": "Gourmet & World Food", "sub_category_name": "Chocolates & Biscuits", "product_name": "Coffee - White Chocolate Crispies", "product_brand": "Lindberg", "combo": []}, {"category": "Gourmet & World Food", "sub_category_name": "Chocolates & Biscuits", "product_name": "Blueberry Mocha Dark Chocolate", "product_brand": "Toska Chocolates", "combo": []}, {"category": "Gourmet & World Food", "sub_category_name": "Chocolates & Biscuits", "product_name": "Black Grape & Walnut Dark Chocolate", "product_brand": "Toska Chocolates", "combo": []}, {"category": "Gourmet & World Food", "sub_category_name": "Chocolates & Biscuits", "product_name": "Madagascar - Single Origin Dark Chocolate", "product_brand": "Toska Chocolates", "combo": []}, {"category": "Gourmet & World Food", "sub_category_name": "Chocolates & Biscuits", "product_name": "Crunchy & Creame Wafer Biscuit - Chocolate", "product_brand": "Harveys", "combo": []}, {"category": "Gourmet & World Food", "sub_category_name": "Chocolates & Biscuits", "product_name": "Travel Sweets - Tropical Fruit", "product_brand": "Simpkins", "combo": []}, {"category": "Gourmet & World Food", "sub_category_name": "Chocolates & Biscuits", "product_name": "Chocolate - Excellence (85% Cocoa - Dark)", "product_brand": "Lindt", "combo": []}, {"category": "Gourmet & World Food", "sub_category_name": "Chocolates & Biscuits", "product_name": "Marshmallow", "product_brand": "marshmallow", "combo": []}, {"category": "Gourmet & World Food", "sub_category_name": "Chocolates & Biscuits", "product_name": "Cream Wafers - Strawberry Flavored", "product_brand": "Tiffany", "combo": [["75 g", "50.00"], ["2x75 g", "100.00"], ["4x75 g", "200.00"]]}, {"category": "Gourmet & World Food", "sub_category_name": "Chocolates & Biscuits", "product_name": "Sugar Free Mints - Orange", "product_brand": "IMPACT", "combo": []}, {"category": "Gourmet & World Food", "sub_category_name": "Chocolates & Biscuits", "product_name": "Cream Crackers - Peanut", "product_brand": "Lee", "combo": []}, {"category": "Gourmet & World Food", "sub_category_name": "Chocolates & Biscuits", "product_name": "Wafers - Chocolate Cream", "product_brand": "Nutro", "combo": []}, {"category": "Gourmet & World Food", "sub_category_name": "Chocolates & Biscuits", "product_name": "Wafers - Chocolate Cream", "product_brand": "Nutro", "combo": []}, {"category": "Gourmet & World Food", "sub_category_name": "Chocolates & Biscuits", "product_name": "Wafers - Strawberry Cream", "product_brand": "Nutro", "combo": []}, {"category": "Gourmet & World Food", "sub_category_name": "Chocolates & Biscuits", "product_name": "Wafers - Strawberry Cream", "product_brand": "Nutro", "combo": []}, {"category": "Gourmet & World Food", "sub_category_name": "Chocolates & Biscuits", "product_name": "Wafers - Vanilla Cream", "product_brand": "Nutro", "combo": []}, {"category": "Gourmet & World Food", "sub_category_name": "Chocolates & Biscuits", "product_name": "Biscuit with Choco Cream", "product_brand": "Meiji", "combo": []}, {"category": "Gourmet & World Food", "sub_category_name": "Chocolates & Biscuits", "product_name": "Les Grandes - Milk Chocolate, 34% Hazelnuts", "product_brand": "Lindt", "combo": []}, {"category": "Gourmet & World Food", "sub_category_name": "Chocolates & Biscuits", "product_name": "Swiss Classic - Dark Chocolate, Hazelnut", "product_brand": "Lindt", "combo": []}, {"category": "Gourmet & World Food", "sub_category_name": "Chocolates & Biscuits", "product_name": "Mint - Hot Chocolate Stir It Up", "product_brand": "Lindberg", "combo": []}, {"category": "Gourmet & World Food", "sub_category_name": "Chocolates & Biscuits", "product_name": "Coffee - White Chocolate Crispies", "product_brand": "Lindberg", "combo": []}, {"category": "Gourmet & World Food", "sub_category_name": "Chocolates & Biscuits", "product_name": "Blueberry Mocha Dark Chocolate", "product_brand": "Toska Chocolates", "combo": []}, {"category": "Gourmet & World Food", "sub_category_name": "Chocolates & Biscuits", "product_name": "Black Grape & Walnut Dark Chocolate", "product_brand": "Toska Chocolates", "combo": []}, {"category": "Gourmet & World Food", "sub_category_name": "Chocolates & Biscuits", "product_name": "Madagascar - Single Origin Dark Chocolate", "product_brand": "Toska Chocolates", "combo": []}, {"category": "Gourmet & World Food", "sub_category_name": "Chocolates & Biscuits", "product_name": "Cracker - Multigrain", "product_brand": "IKO", "combo": []}, {"category": "Gourmet & World Food", "sub_category_name": "Chocolates & Biscuits", "product_name": "Marie Biscuits", "product_brand": "Lee", "combo": []}, {"category": "Gourmet & World Food", "sub_category_name": "Chocolates & Biscuits", "product_name": "Black Cookies Vanilla Cream", "product_brand": "Biskitop", "combo": []}, {"category": "Gourmet & World Food", "sub_category_name": "Chocolates & Biscuits", "product_name": "Delicious Wafer Sticks - Vanilla", "product_brand": "Biscotto", "combo": []}, {"category": "Gourmet & World Food", "sub_category_name": "Chocolates & Biscuits", "product_name": "Peanut Assorted Biscuits", "product_brand": "Biskitop", "combo": []}, {"category": "Gourmet & World Food", "sub_category_name": "Chocolates & Biscuits", "product_name": "Chocolate Assorted Biscuits", "product_brand": "Biskitop", "combo": []}, {"category": "Gourmet & World Food", "sub_category_name": "Chocolates & Biscuits", "product_name": "Badam Sticks - Premium", "product_brand": "Gone mad", "combo": []}, {"category": "Gourmet & World Food", "sub_category_name": "Chocolates & Biscuits", "product_name": "Choco Stick - Dark, Premium", "product_brand": "Gone mad", "combo": []}, {"category": "Gourmet & World Food", "sub_category_name": "Chocolates & Biscuits", "product_name": "Biscuits - Fruit Shortcake with Currants (Imported)", "product_brand": "Mcvities", "combo": []}, {"category": "Gourmet & World Food", "sub_category_name": "Chocolates & Biscuits", "product_name": "Honey Prawn Crackers", "product_brand": "BIKA", "combo": []}, {"category": "Gourmet & World Food", "sub_category_name": "Chocolates & Biscuits", "product_name": "Oats & Biscuit - Milk", "product_brand": "BIKA", "combo": []}, {"category": "Gourmet & World Food", "sub_category_name": "Chocolates & Biscuits", "product_name": "Coffee Sticks - Premium", "product_brand": "Gone mad", "combo": []}, {"category": "Gourmet & World Food", "sub_category_name": "Chocolates & Biscuits", "product_name": "Choco Stick - Strawberry", "product_brand": "Gone mad", "combo": []}, {"category": "Gourmet & World Food", "sub_category_name": "Chocolates & Biscuits", "product_name": "No Added Sugar - Pure Belgian Milk Chocolate", "product_brand": "Lindberg", "combo": []}, {"category": "Gourmet & World Food", "sub_category_name": "Chocolates & Biscuits", "product_name": "Digestive Cookies - Gluten Free", "product_brand": "Schar", "combo": []}, {"category": "Gourmet & World Food", "sub_category_name": "Chocolates & Biscuits", "product_name": "Maria Biscuits - Gluten Free", "product_brand": "Schar", "combo": []}, {"category": "Gourmet & World Food", "sub_category_name": "Chocolates & Biscuits", "product_name": "Chocolate O's - Gluten Free", "product_brand": "Schar", "combo": []}, {"category": "Gourmet & World Food", "sub_category_name": "Chocolates & Biscuits", "product_name": "Wafers Al Cacao - Gluten Free", "product_brand": "Schar", "combo": []}, {"category": "Gourmet & World Food", "sub_category_name": "Chocolates & Biscuits", "product_name": "Cracker - Muesli", "product_brand": "IKO", "combo": []}, {"category": "Gourmet & World Food", "sub_category_name": "Chocolates & Biscuits", "product_name": "Biscuits - Digestive", "product_brand": "IKO", "combo": []}, {"category": "Gourmet & World Food", "sub_category_name": "Chocolates & Biscuits", "product_name": "Crunchy & Creame Wafer Biscuit - Chocolate", "product_brand": "Harveys", "combo": []}, {"category": "Gourmet & World Food", "sub_category_name": "Chocolates & Biscuits", "product_name": "Travel Sweets - Tropical Fruit", "product_brand": "Simpkins", "combo": []}, {"category": "Gourmet & World Food", "sub_category_name": "Chocolates & Biscuits", "product_name": "Chocolate - Excellence (85% Cocoa - Dark)", "product_brand": "Lindt", "combo": []}, {"category": "Gourmet & World Food", "sub_category_name": "Chocolates & Biscuits", "product_name": "Marshmallow", "product_brand": "marshmallow", "combo": []}, {"category": "Gourmet & World Food", "sub_category_name": "Chocolates & Biscuits", "product_name": "Cream Wafers - Strawberry Flavored", "product_brand": "Tiffany", "combo": [["75 g", "50.00"], ["2x75 g", "100.00"], ["4x75 g", "200.00"]]}, {"category": "Gourmet & World Food", "sub_category_name": "Chocolates & Biscuits", "product_name": "Sugar Free Mints - Orange", "product_brand": "IMPACT", "combo": []}, {"category": "Gourmet & World Food", "sub_category_name": "Chocolates & Biscuits", "product_name": "Cream Crackers - Peanut", "product_brand": "Lee", "combo": []}, {"category": "Gourmet & World Food", "sub_category_name": "Chocolates & Biscuits", "product_name": "Wafers - Chocolate Cream", "product_brand": "Nutro", "combo": []}, {"category": "Gourmet & World Food", "sub_category_name": "Chocolates & Biscuits", "product_name": "Wafers - Chocolate Cream", "product_brand": "Nutro", "combo": []}, {"category": "Gourmet & World Food", "sub_category_name": "Chocolates & Biscuits", "product_name": "Wafers - Strawberry Cream", "product_brand": "Nutro", "combo": []}, {"category": "Gourmet & World Food", "sub_category_name": "Chocolates & Biscuits", "product_name": "Wafers - Strawberry Cream", "product_brand": "Nutro", "combo": []}, {"category": "Gourmet & World Food", "sub_category_name": "Chocolates & Biscuits", "product_name": "Wafers - Vanilla Cream", "product_brand": "Nutro", "combo": []}, {"category": "Gourmet & World Food", "sub_category_name": "Chocolates & Biscuits", "product_name": "Biscuit with Choco Cream", "product_brand": "Meiji", "combo": []}, {"category": "Gourmet & World Food", "sub_category_name": "Chocolates & Biscuits", "product_name": "Les Grandes - Milk Chocolate, 34% Hazelnuts", "product_brand": "Lindt", "combo": []}, {"category": "Gourmet & World Food", "sub_category_name": "Chocolates & Biscuits", "product_name": "Swiss Classic - Dark Chocolate, Hazelnut", "product_brand": "Lindt", "combo": []}, {"category": "Gourmet & World Food", "sub_category_name": "Chocolates & Biscuits", "product_name": "Mint - Hot Chocolate Stir It Up", "product_brand": "Lindberg", "combo": []}, {"category": "Gourmet & World Food", "sub_category_name": "Chocolates & Biscuits", "product_name": "Coffee - White Chocolate Crispies", "product_brand": "Lindberg", "combo": []}, {"category": "Gourmet & World Food", "sub_category_name": "Chocolates & Biscuits", "product_name": "Blueberry Mocha Dark Chocolate", "product_brand": "Toska Chocolates", "combo": []}, {"category": "Gourmet & World Food", "sub_category_name": "Chocolates & Biscuits", "product_name": "Black Grape & Walnut Dark Chocolate", "product_brand": "Toska Chocolates", "combo": []}, {"category": "Gourmet & World Food", "sub_category_name": "Chocolates & Biscuits", "product_name": "Madagascar - Single Origin Dark Chocolate", "product_brand": "Toska Chocolates", "combo": []}, {"category": "Gourmet & World Food", "sub_category_name": "Chocolates & Biscuits", "product_name": "Crunchy & Creame Wafer Biscuit - Chocolate", "product_brand": "Harveys", "combo": []}, {"category": "Gourmet & World Food", "sub_category_name": "Chocolates & Biscuits", "product_name": "Travel Sweets - Tropical Fruit", "product_brand": "Simpkins", "combo": []}, {"category": "Gourmet & World Food", "sub_category_name": "Chocolates & Biscuits", "product_name": "Chocolate - Excellence (85% Cocoa - Dark)", "product_brand": "Lindt", "combo": []}, {"category": "Gourmet & World Food", "sub_category_name": "Chocolates & Biscuits", "product_name": "Marshmallow", "product_brand": "marshmallow", "combo": []}, {"category": "Gourmet & World Food", "sub_category_name": "Chocolates & Biscuits", "product_name": "Cream Wafers - Strawberry Flavored", "product_brand": "Tiffany", "combo": [["75 g", "50.00"], ["2x75 g", "100.00"], ["4x75 g", "200.00"]]}, {"category": "Gourmet & World Food", "sub_category_name": "Chocolates & Biscuits", "product_name": "Sugar Free Mints - Orange", "product_brand": "IMPACT", "combo": []}, {"category": "Gourmet & World Food", "sub_category_name": "Chocolates & Biscuits", "product_name": "Cream Crackers - Peanut", "product_brand": "Lee", "combo": []}, {"category": "Gourmet & World Food", "sub_category_name": "Chocolates & Biscuits", "product_name": "Wafers - Chocolate Cream", "product_brand": "Nutro", "combo": []}, {"category": "Gourmet & World Food", "sub_category_name": "Chocolates & Biscuits", "product_name": "Wafers - Chocolate Cream", "product_brand": "Nutro", "combo": []}, {"category": "Gourmet & World Food", "sub_category_name": "Chocolates & Biscuits", "product_name": "Wafers - Strawberry Cream", "product_brand": "Nutro", "combo": []}, {"category": "Gourmet & World Food", "sub_category_name": "Chocolates & Biscuits", "product_name": "Wafers - Strawberry Cream", "product_brand": "Nutro", "combo": []}, {"category": "Gourmet & World Food", "sub_category_name": "Chocolates & Biscuits", "product_name": "Wafers - Vanilla Cream", "product_brand": "Nutro", "combo": []}, {"category": "Gourmet & World Food", "sub_category_name": "Chocolates & Biscuits", "product_name": "Biscuit with Choco Cream", "product_brand": "Meiji", "combo": []}, {"category": "Gourmet & World Food", "sub_category_name": "Chocolates & Biscuits", "product_name": "Les Grandes - Milk Chocolate, 34% Hazelnuts", "product_brand": "Lindt", "combo": []}, {"category": "Gourmet & World Food", "sub_category_name": "Chocolates & Biscuits", "product_name": "Swiss Classic - Dark Chocolate, Hazelnut", "product_brand": "Lindt", "combo": []}, {"category": "Gourmet & World Food", "sub_category_name": "Chocolates & Biscuits", "product_name": "Mint - Hot Chocolate Stir It Up", "product_brand": "Lindberg", "combo": []}, {"category": "Gourmet & World Food", "sub_category_name": "Chocolates & Biscuits", "product_name": "Coffee - White Chocolate Crispies", "product_brand": "Lindberg", "combo": []}, {"category": "Gourmet & World Food", "sub_category_name": "Chocolates & Biscuits", "product_name": "Blueberry Mocha Dark Chocolate", "product_brand": "Toska Chocolates", "combo": []}, {"category": "Gourmet & World Food", "sub_category_name": "Chocolates & Biscuits", "product_name": "Black Grape & Walnut Dark Chocolate", "product_brand": "Toska Chocolates", "combo": []}, {"category": "Gourmet & World Food", "sub_category_name": "Chocolates & Biscuits", "product_name": "Madagascar - Single Origin Dark Chocolate", "product_brand": "Toska Chocolates", "combo": []}, {"category": "Gourmet & World Food", "sub_category_name": "Chocolates & Biscuits", "product_name": "Crunchy & Creame Wafer Biscuit - Chocolate", "product_brand": "Harveys", "combo": []}, {"category": "Gourmet & World Food", "sub_category_name": "Chocolates & Biscuits", "product_name": "Travel Sweets - Tropical Fruit", "product_brand": "Simpkins", "combo": []}, {"category": "Gourmet & World Food", "sub_category_name": "Chocolates & Biscuits", "product_name": "Chocolate - Excellence (85% Cocoa - Dark)", "product_brand": "Lindt", "combo": []}, {"category": "Gourmet & World Food", "sub_category_name": "Chocolates & Biscuits", "product_name": "Marshmallow", "product_brand": "marshmallow", "combo": []}, {"category": "Gourmet & World Food", "sub_category_name": "Chocolates & Biscuits", "product_name": "Cream Wafers - Strawberry Flavored", "product_brand": "Tiffany", "combo": [["75 g", "50.00"], ["2x75 g", "100.00"], ["4x75 g", "200.00"]]}, {"category": "Gourmet & World Food", "sub_category_name": "Chocolates & Biscuits", "product_name": "Sugar Free Mints - Orange", "product_brand": "IMPACT", "combo": []}, {"category": "Gourmet & World Food", "sub_category_name": "Chocolates & Biscuits", "product_name": "Cream Crackers - Peanut", "product_brand": "Lee", "combo": []}, {"category": "Gourmet & World Food", "sub_category_name": "Chocolates & Biscuits", "product_name": "Wafers - Chocolate Cream", "product_brand": "Nutro", "combo": []}, {"category": "Gourmet & World Food", "sub_category_name": "Chocolates & Biscuits", "product_name": "Wafers - Chocolate Cream", "product_brand": "Nutro", "combo": []}, {"category": "Gourmet & World Food", "sub_category_name": "Chocolates & Biscuits", "product_name": "Wafers - Strawberry Cream", "product_brand": "Nutro", "combo": []}, {"category": "Gourmet & World Food", "sub_category_name": "Chocolates & Biscuits", "product_name": "Wafers - Strawberry Cream", "product_brand": "Nutro", "combo": []}, {"category": "Gourmet & World Food", "sub_category_name": "Chocolates & Biscuits", "product_name": "Wafers - Vanilla Cream", "product_brand": "Nutro", "combo": []}, {"category": "Gourmet & World Food", "sub_category_name": "Chocolates & Biscuits", "product_name": "Biscuit with Choco Cream", "product_brand": "Meiji", "combo": []}, {"category": "Gourmet & World Food", "sub_category_name": "Chocolates & Biscuits", "product_name": "Les Grandes - Milk Chocolate, 34% Hazelnuts", "product_brand": "Lindt", "combo": []}, {"category": "Gourmet & World Food", "sub_category_name": "Chocolates & Biscuits", "product_name": "Swiss Classic - Dark Chocolate, Hazelnut", "product_brand": "Lindt", "combo": []}, {"category": "Gourmet & World Food", "sub_category_name": "Chocolates & Biscuits", "product_name": "Mint - Hot Chocolate Stir It Up", "product_brand": "Lindberg", "combo": []}, {"category": "Gourmet & World Food", "sub_category_name": "Chocolates & Biscuits", "product_name": "Coffee - White Chocolate Crispies", "product_brand": "Lindberg", "combo": []}, {"category": "Gourmet & World Food", "sub_category_name": "Chocolates & Biscuits", "product_name": "Blueberry Mocha Dark Chocolate", "product_brand": "Toska Chocolates", "combo": []}, {"category": "Gourmet & World Food", "sub_category_name": "Chocolates & Biscuits", "product_name": "Black Grape & Walnut Dark Chocolate", "product_brand": "Toska Chocolates", "combo": []}, {"category": "Gourmet & World Food", "sub_category_name": "Chocolates & Biscuits", "product_name": "Madagascar - Single Origin Dark Chocolate", "product_brand": "Toska Chocolates", "combo": []}, {"category": "Gourmet & World Food", "sub_category_name": "Chocolates & Biscuits", "product_name": "White Mini", "product_brand": "Toblerone", "combo": []}, {"category": "Gourmet & World Food", "sub_category_name": "Chocolates & Biscuits", "product_name": "Butter Cookies Gold Collection", "product_brand": "Sapphire", "combo": []}, {"category": "Gourmet & World Food", "sub_category_name": "Chocolates & Biscuits", "product_name": "Chocochip Cookies", "product_brand": "Sapphire", "combo": [["400 g", "300.00"], ["800 g", "550.00"]]}, {"category": "Gourmet & World Food", "sub_category_name": "Chocolates & Biscuits", "product_name": "Crackers - Cheese & Sugar + Coconut, Family Pack (10 Crackers, 110G)", "product_brand": "Gery Gone Mad", "combo": []}, {"category": "Gourmet & World Food", "sub_category_name": "Chocolates & Biscuits", "product_name": "Chocolate - Swiss Thins Dark", "product_brand": "Lindt", "combo": []}, {"category": "Gourmet & World Food", "sub_category_name": "Chocolates & Biscuits", "product_name": "Chocolate Coated Fruit & Nuts", "product_brand": "Sapphire", "combo": []}, {"category": "Gourmet & World Food", "sub_category_name": "Chocolates & Biscuits", "product_name": "Choco Stick - Chocolate + Strawberry + Mithai Stick - Cashew (24 Sticks, 288G)", "product_brand": "Gone mad", "combo": []}, {"category": "Gourmet & World Food", "sub_category_name": "Chocolates & Biscuits", "product_name": "Butter Cookies Silver Collection", "product_brand": "Sapphire", "combo": []}, {"category": "Gourmet & World Food", "sub_category_name": "Chocolates & Biscuits", "product_name": "Orange Intense", "product_brand": "Lindt", "combo": []}, {"category": "Gourmet & World Food", "sub_category_name": "Chocolates & Biscuits", "product_name": "Chocolate - Swiss Thins Milk", "product_brand": "Lindt", "combo": []}, {"category": "Gourmet & World Food", "sub_category_name": "Chocolates & Biscuits", "product_name": "Chocolate - Napolitains Assorted", "product_brand": "Lindt", "combo": []}, {"category": "Gourmet & World Food", "sub_category_name": "Chocolates & Biscuits", "product_name": "Assortment - Nuts regular", "product_brand": "Sapphire", "combo": []}, {"category": "Gourmet & World Food", "sub_category_name": "Chocolates & Biscuits", "product_name": "Swiss Chocolate - Classic Milk Raisin", "product_brand": "Lindt", "combo": []}, {"category": "Gourmet & World Food", "sub_category_name": "Chocolates & Biscuits", "product_name": "Chocolate Coated Almonds", "product_brand": "Sapphire", "combo": []}, {"category": "Gourmet & World Food", "sub_category_name": "Chocolates & Biscuits", "product_name": "Chocolate Coated Hazelnuts", "product_brand": "Sapphire", "combo": []}, {"category": "Gourmet & World Food", "sub_category_name": "Chocolates & Biscuits", "product_name": "Swiss Premium Chocolate - Milk Almond", "product_brand": "Lindt", "combo": []}, {"category": "Gourmet & World Food", "sub_category_name": "Chocolates & Biscuits", "product_name": "Premium Wafer Bites - Orange", "product_brand": "Tasties", "combo": [["100 g", "49.00"], ["2x100 g", "90.00"]]}, {"category": "Gourmet & World Food", "sub_category_name": "Chocolates & Biscuits", "product_name": "Nutty Cookies Gift Box: Choco Almond+White Choco Cashew+Peanut Butter", "product_brand": "Open Secret", "combo": []}, {"category": "Gourmet & World Food", "sub_category_name": "Chocolates & Biscuits", "product_name": "Premium Wafer Bites - Strawberry", "product_brand": "Tasties", "combo": [["100 g", "49.00"], ["2x100 g", "90.00"]]}, {"category": "Gourmet & World Food", "sub_category_name": "Chocolates & Biscuits", "product_name": "Premium Wafer Bites - Dark Choco", "product_brand": "Tasties", "combo": [["100 g", "49.00"], ["2x100 g", "90.00"]]}, {"category": "Gourmet & World Food", "sub_category_name": "Chocolates & Biscuits", "product_name": "White Mini", "product_brand": "Toblerone", "combo": []}, {"category": "Gourmet & World Food", "sub_category_name": "Chocolates & Biscuits", "product_name": "Butter Cookies Gold Collection", "product_brand": "Sapphire", "combo": []}, {"category": "Gourmet & World Food", "sub_category_name": "Chocolates & Biscuits", "product_name": "Chocochip Cookies", "product_brand": "Sapphire", "combo": [["400 g", "300.00"], ["800 g", "550.00"]]}, {"category": "Gourmet & World Food", "sub_category_name": "Chocolates & Biscuits", "product_name": "Crackers - Cheese & Sugar + Coconut, Family Pack (10 Crackers, 110G)", "product_brand": "Gery Gone Mad", "combo": []}, {"category": "Gourmet & World Food", "sub_category_name": "Chocolates & Biscuits", "product_name": "Chocolate - Swiss Thins Dark", "product_brand": "Lindt", "combo": []}, {"category": "Gourmet & World Food", "sub_category_name": "Chocolates & Biscuits", "product_name": "Chocolate Coated Fruit & Nuts", "product_brand": "Sapphire", "combo": []}, {"category": "Gourmet & World Food", "sub_category_name": "Chocolates & Biscuits", "product_name": "Choco Stick - Chocolate + Strawberry + Mithai Stick - Cashew (24 Sticks, 288G)", "product_brand": "Gone mad", "combo": []}, {"category": "Gourmet & World Food", "sub_category_name": "Chocolates & Biscuits", "product_name": "Butter Cookies Silver Collection", "product_brand": "Sapphire", "combo": []}, {"category": "Gourmet & World Food", "sub_category_name": "Chocolates & Biscuits", "product_name": "Orange Intense", "product_brand": "Lindt", "combo": []}, {"category": "Gourmet & World Food", "sub_category_name": "Chocolates & Biscuits", "product_name": "Chocolate - Swiss Thins Milk", "product_brand": "Lindt", "combo": []}, {"category": "Gourmet & World Food", "sub_category_name": "Chocolates & Biscuits", "product_name": "Chocolate - Napolitains Assorted", "product_brand": "Lindt", "combo": []}, {"category": "Gourmet & World Food", "sub_category_name": "Chocolates & Biscuits", "product_name": "Assortment - Nuts regular", "product_brand": "Sapphire", "combo": []}, {"category": "Gourmet & World Food", "sub_category_name": "Chocolates & Biscuits", "product_name": "Swiss Chocolate - Classic Milk Raisin", "product_brand": "Lindt", "combo": []}, {"category": "Gourmet & World Food", "sub_category_name": "Chocolates & Biscuits", "product_name": "Chocolate Coated Almonds", "product_brand": "Sapphire", "combo": []}, {"category": "Gourmet & World Food", "sub_category_name": "Chocolates & Biscuits", "product_name": "Chocolate Coated Hazelnuts", "product_brand": "Sapphire", "combo": []}, {"category": "Gourmet & World Food", "sub_category_name": "Chocolates & Biscuits", "product_name": "Swiss Premium Chocolate - Milk Almond", "product_brand": "Lindt", "combo": []}, {"category": "Gourmet & World Food", "sub_category_name": "Chocolates & Biscuits", "product_name": "Premium Wafer Bites - Orange", "product_brand": "Tasties", "combo": [["100 g", "49.00"], ["2x100 g", "90.00"]]}, {"category": "Gourmet & World Food", "sub_category_name": "Chocolates & Biscuits", "product_name": "Nutty Cookies Gift Box: Choco Almond+White Choco Cashew+Peanut Butter", "product_brand": "Open Secret", "combo": []}, {"category": "Gourmet & World Food", "sub_category_name": "Chocolates & Biscuits", "product_name": "Premium Wafer Bites - Strawberry", "product_brand": "Tasties", "combo": [["100 g", "49.00"], ["2x100 g", "90.00"]]}, {"category": "Gourmet & World Food", "sub_category_name": "Chocolates & Biscuits", "product_name": "Premium Wafer Bites - Dark Choco", "product_brand": "Tasties", "combo": [["100 g", "49.00"], ["2x100 g", "90.00"]]}, {"category": "Gourmet & World Food", "sub_category_name": "Chocolates & Biscuits", "product_name": "White Mini", "product_brand": "Toblerone", "combo": []}, {"category": "Gourmet & World Food", "sub_category_name": "Chocolates & Biscuits", "product_name": "Butter Cookies Gold Collection", "product_brand": "Sapphire", "combo": []}, {"category": "Gourmet & World Food", "sub_category_name": "Chocolates & Biscuits", "product_name": "Chocochip Cookies", "product_brand": "Sapphire", "combo": [["400 g", "300.00"], ["800 g", "550.00"]]}, {"category": "Gourmet & World Food", "sub_category_name": "Chocolates & Biscuits", "product_name": "Crackers - Cheese & Sugar + Coconut, Family Pack (10 Crackers, 110G)", "product_brand": "Gery Gone Mad", "combo": []}, {"category": "Gourmet & World Food", "sub_category_name": "Chocolates & Biscuits", "product_name": "Chocolate - Swiss Thins Dark", "product_brand": "Lindt", "combo": []}, {"category": "Gourmet & World Food", "sub_category_name": "Chocolates & Biscuits", "product_name": "Chocolate Coated Fruit & Nuts", "product_brand": "Sapphire", "combo": []}, {"category": "Gourmet & World Food", "sub_category_name": "Chocolates & Biscuits", "product_name": "Choco Stick - Chocolate + Strawberry + Mithai Stick - Cashew (24 Sticks, 288G)", "product_brand": "Gone mad", "combo": []}, {"category": "Gourmet & World Food", "sub_category_name": "Chocolates & Biscuits", "product_name": "Butter Cookies Silver Collection", "product_brand": "Sapphire", "combo": []}, {"category": "Gourmet & World Food", "sub_category_name": "Chocolates & Biscuits", "product_name": "Orange Intense", "product_brand": "Lindt", "combo": []}, {"category": "Gourmet & World Food", "sub_category_name": "Chocolates & Biscuits", "product_name": "Chocolate - Swiss Thins Milk", "product_brand": "Lindt", "combo": []}, {"category": "Gourmet & World Food", "sub_category_name": "Chocolates & Biscuits", "product_name": "Chocolate - Napolitains Assorted", "product_brand": "Lindt", "combo": []}, {"category": "Gourmet & World Food", "sub_category_name": "Chocolates & Biscuits", "product_name": "Assortment - Nuts regular", "product_brand": "Sapphire", "combo": []}, {"category": "Gourmet & World Food", "sub_category_name": "Chocolates & Biscuits", "product_name": "Swiss Chocolate - Classic Milk Raisin", "product_brand": "Lindt", "combo": []}, {"category": "Gourmet & World Food", "sub_category_name": "Chocolates & Biscuits", "product_name": "Chocolate Coated Almonds", "product_brand": "Sapphire", "combo": []}, {"category": "Gourmet & World Food", "sub_category_name": "Chocolates & Biscuits", "product_name": "Chocolate Coated Hazelnuts", "product_brand": "Sapphire", "combo": []}, {"category": "Gourmet & World Food", "sub_category_name": "Chocolates & Biscuits", "product_name": "Swiss Premium Chocolate - Milk Almond", "product_brand": "Lindt", "combo": []}, {"category": "Gourmet & World Food", "sub_category_name": "Chocolates & Biscuits", "product_name": "Premium Wafer Bites - Orange", "product_brand": "Tasties", "combo": [["100 g", "49.00"], ["2x100 g", "90.00"]]}, {"category": "Gourmet & World Food", "sub_category_name": "Chocolates & Biscuits", "product_name": "Nutty Cookies Gift Box: Choco Almond+White Choco Cashew+Peanut Butter", "product_brand": "Open Secret", "combo": []}, {"category": "Gourmet & World Food", "sub_category_name": "Chocolates & Biscuits", "product_name": "Premium Wafer Bites - Strawberry", "product_brand": "Tasties", "combo": [["100 g", "49.00"], ["2x100 g", "90.00"]]}, {"category": "Gourmet & World Food", "sub_category_name": "Chocolates & Biscuits", "product_name": "Premium Wafer Bites - Dark Choco", "product_brand": "Tasties", "combo": [["100 g", "49.00"], ["2x100 g", "90.00"]]}, {"category": "Gourmet & World Food", "sub_category_name": "Chocolates & Biscuits", "product_name": "White Mini", "product_brand": "Toblerone", "combo": []}, {"category": "Gourmet & World Food", "sub_category_name": "Chocolates & Biscuits", "product_name": "Butter Cookies Gold Collection", "product_brand": "Sapphire", "combo": []}, {"category": "Gourmet & World Food", "sub_category_name": "Chocolates & Biscuits", "product_name": "Chocochip Cookies", "product_brand": "Sapphire", "combo": [["400 g", "300.00"], ["800 g", "550.00"]]}, {"category": "Gourmet & World Food", "sub_category_name": "Chocolates & Biscuits", "product_name": "Crackers - Cheese & Sugar + Coconut, Family Pack (10 Crackers, 110G)", "product_brand": "Gery Gone Mad", "combo": []}, {"category": "Gourmet & World Food", "sub_category_name": "Chocolates & Biscuits", "product_name": "Chocolate - Swiss Thins Dark", "product_brand": "Lindt", "combo": []}, {"category": "Gourmet & World Food", "sub_category_name": "Chocolates & Biscuits", "product_name": "Chocolate Coated Fruit & Nuts", "product_brand": "Sapphire", "combo": []}, {"category": "Gourmet & World Food", "sub_category_name": "Chocolates & Biscuits", "product_name": "Choco Stick - Chocolate + Strawberry + Mithai Stick - Cashew (24 Sticks, 288G)", "product_brand": "Gone mad", "combo": []}, {"category": "Gourmet & World Food", "sub_category_name": "Chocolates & Biscuits", "product_name": "Butter Cookies Silver Collection", "product_brand": "Sapphire", "combo": []}, {"category": "Gourmet & World Food", "sub_category_name": "Chocolates & Biscuits", "product_name": "Orange Intense", "product_brand": "Lindt", "combo": []}, {"category": "Gourmet & World Food", "sub_category_name": "Chocolates & Biscuits", "product_name": "Chocolate - Swiss Thins Milk", "product_brand": "Lindt", "combo": []}, {"category": "Gourmet & World Food", "sub_category_name": "Chocolates & Biscuits", "product_name": "Chocolate - Napolitains Assorted", "product_brand": "Lindt", "combo": []}, {"category": "Gourmet & World Food", "sub_category_name": "Chocolates & Biscuits", "product_name": "Assortment - Nuts regular", "product_brand": "Sapphire", "combo": []}, {"category": "Gourmet & World Food", "sub_category_name": "Chocolates & Biscuits", "product_name": "Swiss Chocolate - Classic Milk Raisin", "product_brand": "Lindt", "combo": []}, {"category": "Gourmet & World Food", "sub_category_name": "Chocolates & Biscuits", "product_name": "Chocolate Coated Almonds", "product_brand": "Sapphire", "combo": []}, {"category": "Gourmet & World Food", "sub_category_name": "Chocolates & Biscuits", "product_name": "Chocolate Coated Hazelnuts", "product_brand": "Sapphire", "combo": []}, {"category": "Gourmet & World Food", "sub_category_name": "Chocolates & Biscuits", "product_name": "Swiss Premium Chocolate - Milk Almond", "product_brand": "Lindt", "combo": []}, {"category": "Gourmet & World Food", "sub_category_name": "Chocolates & Biscuits", "product_name": "Premium Wafer Bites - Orange", "product_brand": "Tasties", "combo": [["100 g", "49.00"], ["2x100 g", "90.00"]]}, {"category": "Gourmet & World Food", "sub_category_name": "Chocolates & Biscuits", "product_name": "Nutty Cookies Gift Box: Choco Almond+White Choco Cashew+Peanut Butter", "product_brand": "Open Secret", "combo": []}, {"category": "Gourmet & World Food", "sub_category_name": "Chocolates & Biscuits", "product_name": "Premium Wafer Bites - Strawberry", "product_brand": "Tasties", "combo": [["100 g", "49.00"], ["2x100 g", "90.00"]]}, {"category": "Gourmet & World Food", "sub_category_name": "Chocolates & Biscuits", "product_name": "Premium Wafer Bites - Dark Choco", "product_brand": "Tasties", "combo": [["100 g", "49.00"], ["2x100 g", "90.00"]]}, {"category": "Gourmet & World Food", "sub_category_name": "Chocolates & Biscuits", "product_name": "White Mini", "product_brand": "Toblerone", "combo": []}, {"category": "Gourmet & World Food", "sub_category_name": "Chocolates & Biscuits", "product_name": "Butter Cookies Gold Collection", "product_brand": "Sapphire", "combo": []}, {"category": "Gourmet & World Food", "sub_category_name": "Chocolates & Biscuits", "product_name": "Chocochip Cookies", "product_brand": "Sapphire", "combo": [["400 g", "300.00"], ["800 g", "550.00"]]}, {"category": "Gourmet & World Food", "sub_category_name": "Chocolates & Biscuits", "product_name": "Crackers - Cheese & Sugar + Coconut, Family Pack (10 Crackers, 110G)", "product_brand": "Gery Gone Mad", "combo": []}, {"category": "Gourmet & World Food", "sub_category_name": "Chocolates & Biscuits", "product_name": "Chocolate - Swiss Thins Dark", "product_brand": "Lindt", "combo": []}, {"category": "Gourmet & World Food", "sub_category_name": "Chocolates & Biscuits", "product_name": "Chocolate Coated Fruit & Nuts", "product_brand": "Sapphire", "combo": []}, {"category": "Gourmet & World Food", "sub_category_name": "Chocolates & Biscuits", "product_name": "Choco Stick - Chocolate + Strawberry + Mithai Stick - Cashew (24 Sticks, 288G)", "product_brand": "Gone mad", "combo": []}, {"category": "Gourmet & World Food", "sub_category_name": "Chocolates & Biscuits", "product_name": "Butter Cookies Silver Collection", "product_brand": "Sapphire", "combo": []}, {"category": "Gourmet & World Food", "sub_category_name": "Chocolates & Biscuits", "product_name": "Orange Intense", "product_brand": "Lindt", "combo": []}, {"category": "Gourmet & World Food", "sub_category_name": "Chocolates & Biscuits", "product_name": "Chocolate - Swiss Thins Milk", "product_brand": "Lindt", "combo": []}, {"category": "Gourmet & World Food", "sub_category_name": "Chocolates & Biscuits", "product_name": "Chocolate - Napolitains Assorted", "product_brand": "Lindt", "combo": []}, {"category": "Gourmet & World Food", "sub_category_name": "Chocolates & Biscuits", "product_name": "Assortment - Nuts regular", "product_brand": "Sapphire", "combo": []}, {"category": "Gourmet & World Food", "sub_category_name": "Chocolates & Biscuits", "product_name": "Swiss Chocolate - Classic Milk Raisin", "product_brand": "Lindt", "combo": []}, {"category": "Gourmet & World Food", "sub_category_name": "Chocolates & Biscuits", "product_name": "Chocolate Coated Almonds", "product_brand": "Sapphire", "combo": []}, {"category": "Gourmet & World Food", "sub_category_name": "Chocolates & Biscuits", "product_name": "Chocolate Coated Hazelnuts", "product_brand": "Sapphire", "combo": []}, {"category": "Gourmet & World Food", "sub_category_name": "Chocolates & Biscuits", "product_name": "Swiss Premium Chocolate - Milk Almond", "product_brand": "Lindt", "combo": []}, {"category": "Gourmet & World Food", "sub_category_name": "Chocolates & Biscuits", "product_name": "Premium Wafer Bites - Orange", "product_brand": "Tasties", "combo": [["100 g", "49.00"], ["2x100 g", "90.00"]]}, {"category": "Gourmet & World Food", "sub_category_name": "Chocolates & Biscuits", "product_name": "Nutty Cookies Gift Box: Choco Almond+White Choco Cashew+Peanut Butter", "product_brand": "Open Secret", "combo": []}, {"category": "Gourmet & World Food", "sub_category_name": "Chocolates & Biscuits", "product_name": "Premium Wafer Bites - Strawberry", "product_brand": "Tasties", "combo": [["100 g", "49.00"], ["2x100 g", "90.00"]]}, {"category": "Gourmet & World Food", "sub_category_name": "Chocolates & Biscuits", "product_name": "Premium Wafer Bites - Dark Choco", "product_brand": "Tasties", "combo": [["100 g", "49.00"], ["2x100 g", "90.00"]]}, {"category": "Gourmet & World Food", "sub_category_name": "Chocolates & Biscuits", "product_name": "White Mini", "product_brand": "Toblerone", "combo": []}, {"category": "Gourmet & World Food", "sub_category_name": "Chocolates & Biscuits", "product_name": "Butter Cookies Gold Collection", "product_brand": "Sapphire", "combo": []}, {"category": "Gourmet & World Food", "sub_category_name": "Chocolates & Biscuits", "product_name": "Chocochip Cookies", "product_brand": "Sapphire", "combo": [["400 g", "300.00"], ["800 g", "550.00"]]}, {"category": "Gourmet & World Food", "sub_category_name": "Chocolates & Biscuits", "product_name": "Crackers - Cheese & Sugar + Coconut, Family Pack (10 Crackers, 110G)", "product_brand": "Gery Gone Mad", "combo": []}, {"category": "Gourmet & World Food", "sub_category_name": "Chocolates & Biscuits", "product_name": "Chocolate - Swiss Thins Dark", "product_brand": "Lindt", "combo": []}, {"category": "Gourmet & World Food", "sub_category_name": "Chocolates & Biscuits", "product_name": "Chocolate Coated Fruit & Nuts", "product_brand": "Sapphire", "combo": []}, {"category": "Gourmet & World Food", "sub_category_name": "Chocolates & Biscuits", "product_name": "Choco Stick - Chocolate + Strawberry + Mithai Stick - Cashew (24 Sticks, 288G)", "product_brand": "Gone mad", "combo": []}, {"category": "Gourmet & World Food", "sub_category_name": "Chocolates & Biscuits", "product_name": "Butter Cookies Silver Collection", "product_brand": "Sapphire", "combo": []}, {"category": "Gourmet & World Food", "sub_category_name": "Chocolates & Biscuits", "product_name": "Orange Intense", "product_brand": "Lindt", "combo": []}, {"category": "Gourmet & World Food", "sub_category_name": "Chocolates & Biscuits", "product_name": "Chocolate - Swiss Thins Milk", "product_brand": "Lindt", "combo": []}, {"category": "Gourmet & World Food", "sub_category_name": "Chocolates & Biscuits", "product_name": "Chocolate - Napolitains Assorted", "product_brand": "Lindt", "combo": []}, {"category": "Gourmet & World Food", "sub_category_name": "Chocolates & Biscuits", "product_name": "Assortment - Nuts regular", "product_brand": "Sapphire", "combo": []}, {"category": "Gourmet & World Food", "sub_category_name": "Chocolates & Biscuits", "product_name": "Swiss Chocolate - Classic Milk Raisin", "product_brand": "Lindt", "combo": []}, {"category": "Gourmet & World Food", "sub_category_name": "Chocolates & Biscuits", "product_name": "Chocolate Coated Almonds", "product_brand": "Sapphire", "combo": []}, {"category": "Gourmet & World Food", "sub_category_name": "Chocolates & Biscuits", "product_name": "Chocolate Coated Hazelnuts", "product_brand": "Sapphire", "combo": []}, {"category": "Gourmet & World Food", "sub_category_name": "Chocolates & Biscuits", "product_name": "Swiss Premium Chocolate - Milk Almond", "product_brand": "Lindt", "combo": []}, {"category": "Gourmet & World Food", "sub_category_name": "Chocolates & Biscuits", "product_name": "Premium Wafer Bites - Orange", "product_brand": "Tasties", "combo": [["100 g", "49.00"], ["2x100 g", "90.00"]]}, {"category": "Gourmet & World Food", "sub_category_name": "Chocolates & Biscuits", "product_name": "Nutty Cookies Gift Box: Choco Almond+White Choco Cashew+Peanut Butter", "product_brand": "Open Secret", "combo": []}, {"category": "Gourmet & World Food", "sub_category_name": "Chocolates & Biscuits", "product_name": "Premium Wafer Bites - Strawberry", "product_brand": "Tasties", "combo": [["100 g", "49.00"], ["2x100 g", "90.00"]]}, {"category": "Gourmet & World Food", "sub_category_name": "Chocolates & Biscuits", "product_name": "Premium Wafer Bites - Dark Choco", "product_brand": "Tasties", "combo": [["100 g", "49.00"], ["2x100 g", "90.00"]]}, {"category": "Gourmet & World Food", "sub_category_name": "Chocolates & Biscuits", "product_name": "White Mini", "product_brand": "Toblerone", "combo": []}, {"category": "Gourmet & World Food", "sub_category_name": "Chocolates & Biscuits", "product_name": "Butter Cookies Gold Collection", "product_brand": "Sapphire", "combo": []}, {"category": "Gourmet & World Food", "sub_category_name": "Chocolates & Biscuits", "product_name": "Chocochip Cookies", "product_brand": "Sapphire", "combo": [["400 g", "300.00"], ["800 g", "550.00"]]}, {"category": "Gourmet & World Food", "sub_category_name": "Chocolates & Biscuits", "product_name": "Crackers - Cheese & Sugar + Coconut, Family Pack (10 Crackers, 110G)", "product_brand": "Gery Gone Mad", "combo": []}, {"category": "Gourmet & World Food", "sub_category_name": "Chocolates & Biscuits", "product_name": "Chocolate - Swiss Thins Dark", "product_brand": "Lindt", "combo": []}, {"category": "Gourmet & World Food", "sub_category_name": "Chocolates & Biscuits", "product_name": "Chocolate Coated Fruit & Nuts", "product_brand": "Sapphire", "combo": []}, {"category": "Gourmet & World Food", "sub_category_name": "Chocolates & Biscuits", "product_name": "Choco Stick - Chocolate + Strawberry + Mithai Stick - Cashew (24 Sticks, 288G)", "product_brand": "Gone mad", "combo": []}, {"category": "Gourmet & World Food", "sub_category_name": "Chocolates & Biscuits", "product_name": "Butter Cookies Silver Collection", "product_brand": "Sapphire", "combo": []}, {"category": "Gourmet & World Food", "sub_category_name": "Chocolates & Biscuits", "product_name": "Orange Intense", "product_brand": "Lindt", "combo": []}, {"category": "Gourmet & World Food", "sub_category_name": "Chocolates & Biscuits", "product_name": "Chocolate - Swiss Thins Milk", "product_brand": "Lindt", "combo": []}, {"category": "Gourmet & World Food", "sub_category_name": "Chocolates & Biscuits", "product_name": "Chocolate - Napolitains Assorted", "product_brand": "Lindt", "combo": []}, {"category": "Gourmet & World Food", "sub_category_name": "Chocolates & Biscuits", "product_name": "Assortment - Nuts regular", "product_brand": "Sapphire", "combo": []}, {"category": "Gourmet & World Food", "sub_category_name": "Chocolates & Biscuits", "product_name": "Swiss Chocolate - Classic Milk Raisin", "product_brand": "Lindt", "combo": []}, {"category": "Gourmet & World Food", "sub_category_name": "Chocolates & Biscuits", "product_name": "Chocolate Coated Almonds", "product_brand": "Sapphire", "combo": []}, {"category": "Gourmet & World Food", "sub_category_name": "Chocolates & Biscuits", "product_name": "Chocolate Coated Hazelnuts", "product_brand": "Sapphire", "combo": []}, {"category": "Gourmet & World Food", "sub_category_name": "Chocolates & Biscuits", "product_name": "Swiss Premium Chocolate - Milk Almond", "product_brand": "Lindt", "combo": []}, {"category": "Gourmet & World Food", "sub_category_name": "Chocolates & Biscuits", "product_name": "Premium Wafer Bites - Orange", "product_brand": "Tasties", "combo": [["100 g", "49.00"], ["2x100 g", "90.00"]]}, {"category": "Gourmet & World Food", "sub_category_name": "Chocolates & Biscuits", "product_name": "Nutty Cookies Gift Box: Choco Almond+White Choco Cashew+Peanut Butter", "product_brand": "Open Secret", "combo": []}, {"category": "Gourmet & World Food", "sub_category_name": "Chocolates & Biscuits", "product_name": "Premium Wafer Bites - Strawberry", "product_brand": "Tasties", "combo": [["100 g", "49.00"], ["2x100 g", "90.00"]]}]