[{"category": "Cleaning & Household", "sub_category_name": "Stationery", "product_name": "USB MK200 Keyboard & Mouse", "product_brand": "Logitech", "combo": []}, {"category": "Cleaning & Household", "sub_category_name": "Stationery", "product_name": "CS10 Wireless Keyboard & Mouse", "product_brand": "Hp", "combo": []}, {"category": "Cleaning & Household", "sub_category_name": "Stationery", "product_name": "32 GB Pendrive", "product_brand": "Sandisk", "combo": []}, {"category": "Cleaning & Household", "sub_category_name": "Stationery", "product_name": "Meredian 555 Gold Premium Paper Playing Cards", "product_brand": "Parksons", "combo": []}, {"category": "Cleaning & Household", "sub_category_name": "Stationery", "product_name": "C Club Gold Premium Paper Playing Cards", "product_brand": "Parksons", "combo": []}, {"category": "Cleaning & Household", "sub_category_name": "Stationery", "product_name": "Meredian 555 Original Paper Playing Cards", "product_brand": "Parksons", "combo": []}, {"category": "Cleaning & Household", "sub_category_name": "Stationery", "product_name": "Double Sided Transparent Tape - 19mm x 3m", "product_brand": "Scotch", "combo": []}, {"category": "Cleaning & Household", "sub_category_name": "Stationery", "product_name": "White Bonus Paper Playing Cards", "product_brand": "Parksons", "combo": []}, {"category": "Cleaning & Household", "sub_category_name": "Stationery", "product_name": "Pixoo CSK Cricket Heroes Logic Puzzle Game For Kids & Adults - Multi-Colour", "product_brand": "Kaadoo", "combo": []}, {"category": "Cleaning & Household", "sub_category_name": "Stationery", "product_name": "Lion's Den - Wildlife Safari Adventure Board Game For Kids & Family, Fun Gift", "product_brand": "Kaadoo", "combo": []}, {"category": "Cleaning & Household", "sub_category_name": "Stationery", "product_name": "Disney Doond Finding Dory Board Game For Kids - Multi-Colour", "product_brand": "Kaadoo", "combo": []}, {"category": "Cleaning & Household", "sub_category_name": "Stationery", "product_name": "Doch Grab Em - Memory Card Game For Kids, Multi-Colour, Educational Gift", "product_brand": "Kaadoo", "combo": []}, {"category": "Cleaning & Household", "sub_category_name": "Stationery", "product_name": "Koogu - Innovative Learning Card Game For Kids & Family, MultiColour, Fun Gift", "product_brand": "Kaadoo", "combo": []}, {"category": "Cleaning & Household", "sub_category_name": "Stationery", "product_name": "Howzzat! - CSK Cricket Team Card Game & Collectible For Kids & Adults, Multi-Colour", "product_brand": "Kaadoo", "combo": []}, {"category": "Cleaning & Household", "sub_category_name": "Stationery", "product_name": "Snakes & Ladders + Ludo With Wild Animals - 2-In-1 Combo Board Game For Kids", "product_brand": "Kaadoo", "combo": []}, {"category": "Cleaning & Household", "sub_category_name": "Stationery", "product_name": "Yippy - Suspense-Filled Animal Card Game For Kids & Family, Multi-Colour, Fun Gift", "product_brand": "Kaadoo", "combo": []}, {"category": "Cleaning & Household", "sub_category_name": "Stationery", "product_name": "Animal Buddy - Bhutan Jungle Discovery Game, Kids, Play & Early Learn, Multi-Colour", "product_brand": "Kaadoo", "combo": []}, {"category": "Cleaning & Household", "sub_category_name": "Stationery", "product_name": "Animal Buddy Board Game - Indian Jungle Discovery, Kids, Play & Learn, Multi-Colour", "product_brand": "Kaadoo", "combo": []}, {"category": "Cleaning & Household", "sub_category_name": "Stationery", "product_name": "6 CSK Cricket Match Board Game For Kids & Family, Sports Gift, Multi-Colour", "product_brand": "Kaadoo", "combo": []}, {"category": "Cleaning & Household", "sub_category_name": "Stationery", "product_name": "Disney Fish Frenzy - Finding Dory Card Game for Kids, Multicolour, Gift", "product_brand": "Kaadoo", "combo": []}, {"category": "Cleaning & Household", "sub_category_name": "Stationery", "product_name": "Disney Jodi Joy-Zootopia Card Game For Kids - Multicolour, Gift", "product_brand": "Kaadoo", "combo": []}, {"category": "Cleaning & Household", "sub_category_name": "Stationery", "product_name": "Power Blast - CSK Cricket Match Card Game & Collectible, 6+ Ages, Multi-Colour", "product_brand": "Kaadoo", "combo": []}, {"category": "Cleaning & Household", "sub_category_name": "Stationery", "product_name": "Merelane 7 Paper Playing Cards", "product_brand": "Parksons", "combo": []}, {"category": "Cleaning & Household", "sub_category_name": "Stationery", "product_name": "70 Gsm A4 Size Copier Paper 500 Sheets 1 Ream", "product_brand": "My Choice", "combo": []}, {"category": "Cleaning & Household", "sub_category_name": "Stationery", "product_name": "Trident Spectra 75 Gsm A4 Size Copier Paper 500 Sheets 1 Ream", "product_brand": "Trident Spectra", "combo": []}, {"category": "Cleaning & Household", "sub_category_name": "Stationery", "product_name": "Trident 80 Gsm A4 Size Copier Paper 500 Sheets 1 Ream", "product_brand": "Royal Touch", "combo": []}, {"category": "Cleaning & Household", "sub_category_name": "Stationery", "product_name": "Single Line Spiral Book 21x29.7 cm", "product_brand": "Navneet Youva", "combo": []}, {"category": "Cleaning & Household", "sub_category_name": "Stationery", "product_name": "Single Line Spiral Book - 21x29.7 cm", "product_brand": "Navneet Youva", "combo": []}, {"category": "Cleaning & Household", "sub_category_name": "Stationery", "product_name": "Single Line Spiral Bound - 6 Subject Book, 21x29.7 cm", "product_brand": "Navneet Youva", "combo": []}, {"category": "Cleaning & Household", "sub_category_name": "Stationery", "product_name": "Single Line Spiral Book - 21x29.7 cm", "product_brand": "Navneet Youva", "combo": []}, {"category": "Cleaning & Household", "sub_category_name": "Stationery", "product_name": "Single Line Spiral Book 21x29.7 cm", "product_brand": "Navneet Youva", "combo": []}, {"category": "Cleaning & Household", "sub_category_name": "Stationery", "product_name": "Single Line Soft Bound Long Book 19x31 Cm", "product_brand": "Navneet Youva", "combo": []}, {"category": "Cleaning & Household", "sub_category_name": "Stationery", "product_name": "Single Line Soft Bound Long Book Trendy Series 21x29.7 Cm", "product_brand": "Navneet Youva", "combo": []}, {"category": "Cleaning & Household", "sub_category_name": "Stationery", "product_name": "Four Line Full Bound Brown Note Book 15.5x18.8 cm", "product_brand": "Navneet Youva", "combo": []}, {"category": "Cleaning & Household", "sub_category_name": "Stationery", "product_name": "Single Line Soft Bound Long Book Feminine Series - 21x29.7 cm", "product_brand": "Navneet Youva", "combo": []}, {"category": "Cleaning & Household", "sub_category_name": "Stationery", "product_name": "Unruled Soft Bound Long Book 17x27 Cm", "product_brand": "Navneet Youva", "combo": []}, {"category": "Cleaning & Household", "sub_category_name": "Stationery", "product_name": "Single Line Soft Bound Long Book Rainbow 21x29.7 Cm", "product_brand": "Navneet Youva", "combo": []}, {"category": "Cleaning & Household", "sub_category_name": "Stationery", "product_name": "Single Line Soft Bound Long Book 21x29.7 cm", "product_brand": "Navneet Youva", "combo": []}, {"category": "Cleaning & Household", "sub_category_name": "Stationery", "product_name": "Single Line Soft Bound Brown Note Book 18x24 Cm", "product_brand": "Navneet Youva", "combo": []}, {"category": "Cleaning & Household", "sub_category_name": "Stationery", "product_name": "Single Line Soft Bound Brown Cover Long Book 21x29.7 Cm", "product_brand": "Navneet Youva", "combo": []}, {"category": "Cleaning & Household", "sub_category_name": "Stationery", "product_name": "Full Bound Brown Note Book - Red & Blue With Gap, 15.5x18.8 cm", "product_brand": "Navneet Youva", "combo": []}, {"category": "Cleaning & Household", "sub_category_name": "Stationery", "product_name": "Single Line Soft Bound Note Book - 18x24 cm", "product_brand": "Navneet Youva", "combo": []}, {"category": "Cleaning & Household", "sub_category_name": "Stationery", "product_name": "Soft Bound Note Book 18x24 cm Red & Blue With Gap", "product_brand": "Navneet Youva", "combo": []}, {"category": "Cleaning & Household", "sub_category_name": "Stationery", "product_name": "Gel One Pen", "product_brand": "Luxor", "combo": []}, {"category": "Cleaning & Household", "sub_category_name": "Stationery", "product_name": "Super Top Ball Pen - Black", "product_brand": "Luxor", "combo": []}, {"category": "Cleaning & Household", "sub_category_name": "Stationery", "product_name": "Pop Squeaks Washable Inks - Vibrant Colours", "product_brand": "Luxor", "combo": []}, {"category": "Cleaning & Household", "sub_category_name": "Stationery", "product_name": "Perfecto Geometry Box Set", "product_brand": "Luxor", "combo": []}, {"category": "Cleaning & Household", "sub_category_name": "Stationery", "product_name": "Liquiwrite Ball Pen", "product_brand": "Luxor", "combo": []}, {"category": "Cleaning & Household", "sub_category_name": "Stationery", "product_name": "Merelane 7 Premium Paper Playing Cards", "product_brand": "Parksons", "combo": []}, {"category": "Cleaning & Household", "sub_category_name": "Stationery", "product_name": "Combo Gift Pack - Creative Art Set Colouring Kit", "product_brand": "Luxor", "combo": []}, {"category": "Cleaning & Household", "sub_category_name": "Stationery", "product_name": "Jotter Standard Ball Pen", "product_brand": "Parker", "combo": []}, {"category": "Cleaning & Household", "sub_category_name": "Stationery", "product_name": "Hi-Techpoint V-7 Grip Pen - Black", "product_brand": "Pilot", "combo": []}, {"category": "Cleaning & Household", "sub_category_name": "Stationery", "product_name": "Hi-Techpoint V-7 Grip Pen - Blue", "product_brand": "Pilot", "combo": []}, {"category": "Cleaning & Household", "sub_category_name": "Stationery", "product_name": "Back To School Pens Set - Combo", "product_brand": "Luxor", "combo": []}, {"category": "Cleaning & Household", "sub_category_name": "Stationery", "product_name": "Uniflow Ball Pen", "product_brand": "Luxor", "combo": []}, {"category": "Cleaning & Household", "sub_category_name": "Stationery", "product_name": "Super Top Ball Pen - Blue", "product_brand": "Luxor", "combo": []}, {"category": "Cleaning & Household", "sub_category_name": "Stationery", "product_name": "Liquiwrite Ball Pen", "product_brand": "Luxor", "combo": []}, {"category": "Cleaning & Household", "sub_category_name": "Stationery", "product_name": "Jumbo Yum Yum Colour Pens - Assorted", "product_brand": "Luxor", "combo": []}, {"category": "Cleaning & Household", "sub_category_name": "Stationery", "product_name": "Dough Art - Creative Modelling, Assorted", "product_brand": "Luxor", "combo": []}, {"category": "Cleaning & Household", "sub_category_name": "Stationery", "product_name": "Combo Gift Pack - All in one", "product_brand": "Luxor", "combo": []}, {"category": "Cleaning & Household", "sub_category_name": "Stationery", "product_name": "Note Book Spiral - 6 Subject", "product_brand": "Luxor", "combo": []}, {"category": "Cleaning & Household", "sub_category_name": "Stationery", "product_name": "Note Book Spiral - 5 Subject", "product_brand": "Luxor", "combo": []}, {"category": "Cleaning & Household", "sub_category_name": "Stationery", "product_name": "Spiral Note Book - 1 Subject", "product_brand": "Luxor", "combo": []}, {"category": "Cleaning & Household", "sub_category_name": "Stationery", "product_name": "Executive Pens Set - Combo", "product_brand": "Luxor", "combo": []}, {"category": "Cleaning & Household", "sub_category_name": "Stationery", "product_name": "Frixion Roller Ball Pen", "product_brand": "Pilot", "combo": []}, {"category": "Cleaning & Household", "sub_category_name": "Stationery", "product_name": "Highlighter - Assorted Colours", "product_brand": "Luxor", "combo": []}, {"category": "Cleaning & Household", "sub_category_name": "Stationery", "product_name": "Galaxy Standard GT Ball Pen", "product_brand": "Parker", "combo": []}, {"category": "Cleaning & Household", "sub_category_name": "Stationery", "product_name": "Grippy Colour Pens Set - Assorted Colour", "product_brand": "Luxor", "combo": []}, {"category": "Cleaning & Household", "sub_category_name": "Stationery", "product_name": "Uniflow Ball Pen", "product_brand": "Luxor", "combo": []}, {"category": "Cleaning & Household", "sub_category_name": "Stationery", "product_name": "Gel Pen - Gel one", "product_brand": "Luxor", "combo": []}, {"category": "Cleaning & Household", "sub_category_name": "Stationery", "product_name": "Super Top Ball Pen", "product_brand": "Luxor", "combo": []}, {"category": "Cleaning & Household", "sub_category_name": "Stationery", "product_name": "Micra Ball Pen", "product_brand": "Luxor", "combo": []}, {"category": "Cleaning & Household", "sub_category_name": "Stationery", "product_name": "Double Sided Mounting Squares - 1\"x1\"", "product_brand": "Scotch", "combo": []}, {"category": "Cleaning & Household", "sub_category_name": "Stationery", "product_name": "K120 USB Keyboard Wired", "product_brand": "Logitech", "combo": []}, {"category": "Cleaning & Household", "sub_category_name": "Stationery", "product_name": "Zeb-K25 USB Keyboard - Wired", "product_brand": "Zebronics", "combo": []}, {"category": "Cleaning & Household", "sub_category_name": "Stationery", "product_name": "KB216 Multimedia Keyboard - Wired", "product_brand": "Dell", "combo": []}, {"category": "Cleaning & Household", "sub_category_name": "Stationery", "product_name": "M170 Wireless Mouse", "product_brand": "Logitech", "combo": []}, {"category": "Cleaning & Household", "sub_category_name": "Stationery", "product_name": "WM118 Wireless Mouse", "product_brand": "Dell", "combo": []}, {"category": "Cleaning & Household", "sub_category_name": "Stationery", "product_name": "Standard USB 2.0 Cable AM To AF Extension For Computer", "product_brand": "KCL", "combo": []}, {"category": "Cleaning & Household", "sub_category_name": "Stationery", "product_name": "Fevikwik - Gel", "product_brand": "Pidilite", "combo": []}, {"category": "Cleaning & Household", "sub_category_name": "Stationery", "product_name": "M Seal - Phataphat", "product_brand": "Pidilite", "combo": []}, {"category": "Cleaning & Household", "sub_category_name": "Stationery", "product_name": "Fevikwik - Sm", "product_brand": "Pidilite", "combo": []}, {"category": "Cleaning & Household", "sub_category_name": "Stationery", "product_name": "Fevicol MR Angular Tip", "product_brand": "Pidilite", "combo": [["10 g", "4.00"], ["100 g", "39.00"], ["200 g", "65.00"], ["45 g", "19.00"]]}, {"category": "Cleaning & Household", "sub_category_name": "Stationery", "product_name": "Daddy's Princess Pencil - X-Tra Super Dark", "product_brand": "Doms", "combo": []}, {"category": "Cleaning & Household", "sub_category_name": "Stationery", "product_name": "Neon Rubber Tipped Graphite Pencils", "product_brand": "Doms", "combo": []}, {"category": "Cleaning & Household", "sub_category_name": "Stationery", "product_name": "X1 Pencil - X-Tra Super Dark", "product_brand": "Doms", "combo": []}, {"category": "Cleaning & Household", "sub_category_name": "Stationery", "product_name": "FSC Colour Pencil - 24 Shades", "product_brand": "Doms", "combo": []}, {"category": "Cleaning & Household", "sub_category_name": "Stationery", "product_name": "Aqua Water Soluble Colour Pencil - 12 Shades", "product_brand": "Doms", "combo": []}, {"category": "Cleaning & Household", "sub_category_name": "Stationery", "product_name": "Oil Pastel - 25 Shades", "product_brand": "Doms", "combo": []}, {"category": "Cleaning & Household", "sub_category_name": "Stationery", "product_name": "Water Colour Cakes - 12 Shades, 30 Mm", "product_brand": "Doms", "combo": []}, {"category": "Cleaning & Household", "sub_category_name": "Stationery", "product_name": "Aqua 24 Water Colour Pens - Bright", "product_brand": "Doms", "combo": []}, {"category": "Cleaning & Household", "sub_category_name": "Stationery", "product_name": "Art Kit - Apps Nxt", "product_brand": "Doms", "combo": []}, {"category": "Cleaning & Household", "sub_category_name": "Stationery", "product_name": "Academia Math Draw Instrument Box", "product_brand": "Doms", "combo": []}, {"category": "Cleaning & Household", "sub_category_name": "Stationery", "product_name": "Painting Kit", "product_brand": "Doms", "combo": []}, {"category": "Cleaning & Household", "sub_category_name": "Stationery", "product_name": "Champions Kit", "product_brand": "Doms", "combo": []}, {"category": "Cleaning & Household", "sub_category_name": "Stationery", "product_name": "Wow Stationary Kit", "product_brand": "Doms", "combo": []}, {"category": "Cleaning & Household", "sub_category_name": "Stationery", "product_name": "Pencil Smart Kit", "product_brand": "Doms", "combo": []}, {"category": "Cleaning & Household", "sub_category_name": "Stationery", "product_name": "Fusion Pencils - X-Tra Super Dark", "product_brand": "Doms", "combo": []}, {"category": "Cleaning & Household", "sub_category_name": "Stationery", "product_name": "Mumma's Boy Pencil - X-Tra Super Dark", "product_brand": "Doms", "combo": []}, {"category": "Cleaning & Household", "sub_category_name": "Stationery", "product_name": "Geomiti Mathematical Drawing Instrument Box", "product_brand": "Doms", "combo": []}, {"category": "Cleaning & Household", "sub_category_name": "Stationery", "product_name": "Zoom Ultimate Dark Triangle Pencil", "product_brand": "Doms", "combo": []}, {"category": "Cleaning & Household", "sub_category_name": "Stationery", "product_name": "Smart Point Ball Pen - Assorted, Turbo Writing", "product_brand": "Doms", "combo": []}, {"category": "Cleaning & Household", "sub_category_name": "Stationery", "product_name": "Adhesive - Shoe Fix Shoe Repair", "product_brand": "Pidilite", "combo": []}, {"category": "Cleaning & Household", "sub_category_name": "Stationery", "product_name": "5-Inch Scissor", "product_brand": "B Vishal", "combo": []}, {"category": "Cleaning & Household", "sub_category_name": "Stationery", "product_name": "Office Scissor", "product_brand": "B Vishal", "combo": []}, {"category": "Cleaning & Household", "sub_category_name": "Stationery", "product_name": "Fevistik Super Glue Stick", "product_brand": "Pidilite", "combo": [["15 g", "35.00"], ["8 g", "20.00"]]}, {"category": "Cleaning & Household", "sub_category_name": "Stationery", "product_name": "Fevicol MR", "product_brand": "Pidilite", "combo": []}, {"category": "Cleaning & Household", "sub_category_name": "Stationery", "product_name": "Adhesive - All Fix Clear & Non Staining All Purpose", "product_brand": "Pidilite", "combo": []}, {"category": "Cleaning & Household", "sub_category_name": "Stationery", "product_name": "Fevibond", "product_brand": "Pidilite", "combo": []}, {"category": "Cleaning & Household", "sub_category_name": "Stationery", "product_name": "Fevistik Super Pocket Glue Stick", "product_brand": "Pidilite", "combo": []}, {"category": "Cleaning & Household", "sub_category_name": "Stationery", "product_name": "Fevibond", "product_brand": "Pidilite", "combo": []}, {"category": "Cleaning & Household", "sub_category_name": "Stationery", "product_name": "Fevistik Super Glue Stick", "product_brand": "Pidilite", "combo": []}, {"category": "Cleaning & Household", "sub_category_name": "Stationery", "product_name": "Notebook - Ruled, Long, Single Line", "product_brand": "Classmate", "combo": [["3x172 Pages", "133.92"], ["172 Pages", "44.64"]]}, {"category": "Cleaning & Household", "sub_category_name": "Stationery", "product_name": "Threads", "product_brand": "B Vishal", "combo": []}, {"category": "Cleaning & Household", "sub_category_name": "Stationery", "product_name": "Fevigum Squeezy - Lime Fragrance", "product_brand": "Pidilite", "combo": []}, {"category": "Cleaning & Household", "sub_category_name": "Stationery", "product_name": "Fevistik Super Kids", "product_brand": "Pidilite Ind. Ltd.", "combo": []}, {"category": "Cleaning & Household", "sub_category_name": "Stationery", "product_name": "Colour Pencils", "product_brand": "Faber castell", "combo": []}, {"category": "Cleaning & Household", "sub_category_name": "Stationery", "product_name": "Ruled Notebook - A4, White, 176 Pages", "product_brand": "Karma", "combo": []}, {"category": "Cleaning & Household", "sub_category_name": "Stationery", "product_name": "Fevicol MR Angular Tip", "product_brand": "Pidilite", "combo": []}, {"category": "Cleaning & Household", "sub_category_name": "Stationery", "product_name": "Notebook - A4, Single Line, Ruled", "product_brand": "Classmate", "combo": [["3x1pc", "153.45"], ["140 Pages", "51.15"], ["4x140 Pages", "204.60"]]}, {"category": "Cleaning & Household", "sub_category_name": "Stationery", "product_name": "Fevigum Squeezy - Lime Fragrance", "product_brand": "Pidilite", "combo": []}, {"category": "Cleaning & Household", "sub_category_name": "Stationery", "product_name": "Notebook - Ruled, Long, Single Line", "product_brand": "Classmate", "combo": [["92 Pages", "33.00"], ["3x1pc", "99.00"], ["4x92 Pages", "132.00"]]}, {"category": "Cleaning & Household", "sub_category_name": "Stationery", "product_name": "Bi-Color Pencils", "product_brand": "Faber castell", "combo": []}, {"category": "Cleaning & Household", "sub_category_name": "Stationery", "product_name": "Technotip Ballpen Set - Blue", "product_brand": "BIC Cello", "combo": []}, {"category": "Cleaning & Household", "sub_category_name": "Stationery", "product_name": "Sewing Kit", "product_brand": "Seven", "combo": []}, {"category": "Cleaning & Household", "sub_category_name": "Stationery", "product_name": "Rangeela Moulding Dough - With 4 Moulding Tools", "product_brand": "Pidilite", "combo": []}, {"category": "Cleaning & Household", "sub_category_name": "Stationery", "product_name": "Modelling Clay", "product_brand": "B Vishal", "combo": []}, {"category": "Cleaning & Household", "sub_category_name": "Stationery", "product_name": "Ruled Notebook - A4, White, 288 Pages", "product_brand": "Karma", "combo": []}, {"category": "Cleaning & Household", "sub_category_name": "Stationery", "product_name": "Notebook - Six Subject, Ruled, Pulse", "product_brand": "Classmate", "combo": [["300 Pages", "134.85"], ["2x300 Pages", "269.70"]]}, {"category": "Cleaning & Household", "sub_category_name": "Stationery", "product_name": "Drawing Book - Unruled, 40 Pages", "product_brand": "Classmate", "combo": [["40 Pages", "50.00"], ["3x1pc", "120.00"], ["6x40 Pages", "300.00"]]}, {"category": "Cleaning & Household", "sub_category_name": "Stationery", "product_name": "Geometry Box - Asteroid", "product_brand": "Classmate", "combo": []}, {"category": "Cleaning & Household", "sub_category_name": "Stationery", "product_name": "Gel Pen Blue, Octane, Colour Burst 10pc+Notebook Six Subject, Ruled, Pulse 300pg", "product_brand": "Classmate", "combo": []}, {"category": "Cleaning & Household", "sub_category_name": "Stationery", "product_name": "Ball Pens", "product_brand": "Natraj", "combo": []}, {"category": "Cleaning & Household", "sub_category_name": "Stationery", "product_name": "Notebook - A4, Long, Unruled", "product_brand": "Classmate", "combo": [["240 Pages", "69.75"], ["4x240 Pages", "279.00"]]}, {"category": "Cleaning & Household", "sub_category_name": "Stationery", "product_name": "Notebook - Small, Four Line", "product_brand": "Classmate", "combo": [["6x172 Pages", "195.30"], ["172 Pages", "32.55"]]}, {"category": "Cleaning & Household", "sub_category_name": "Stationery", "product_name": "Drawing Book - A4, Unruled", "product_brand": "Classmate", "combo": [["40 Pages", "30.00"], ["6x40 Pages", "180.00"]]}, {"category": "Cleaning & Household", "sub_category_name": "Stationery", "product_name": "Mesh Desk Organiser", "product_brand": "B Vishal", "combo": []}, {"category": "Cleaning & Household", "sub_category_name": "Stationery", "product_name": "Home Kit Box Blister", "product_brand": "Pidilite", "combo": []}, {"category": "Cleaning & Household", "sub_category_name": "Stationery", "product_name": "Gel Pen - Blue, Octane", "product_brand": "Classmate", "combo": [["5x1 pc", "40.00"], ["1 pc", "10.00"]]}, {"category": "Cleaning & Household", "sub_category_name": "Stationery", "product_name": "Multi-Purpose Hand Tool Set", "product_brand": "B Vishal", "combo": []}, {"category": "Cleaning & Household", "sub_category_name": "Stationery", "product_name": "Fevigum Squeezy - Lime Fragrance", "product_brand": "Pidilite", "combo": []}, {"category": "Cleaning & Household", "sub_category_name": "Stationery", "product_name": "Notebook - Ruled, Long, Single Line", "product_brand": "Classmate", "combo": [["92 Pages", "33.00"], ["3x1pc", "99.00"], ["4x92 Pages", "132.00"]]}, {"category": "Cleaning & Household", "sub_category_name": "Stationery", "product_name": "Bi-Color Pencils", "product_brand": "Faber castell", "combo": []}, {"category": "Cleaning & Household", "sub_category_name": "Stationery", "product_name": "Technotip Ballpen Set - Blue", "product_brand": "BIC Cello", "combo": []}, {"category": "Cleaning & Household", "sub_category_name": "Stationery", "product_name": "Sewing Kit", "product_brand": "Seven", "combo": []}, {"category": "Cleaning & Household", "sub_category_name": "Stationery", "product_name": "Rangeela Moulding Dough - With 4 Moulding Tools", "product_brand": "Pidilite", "combo": []}, {"category": "Cleaning & Household", "sub_category_name": "Stationery", "product_name": "Modelling Clay", "product_brand": "B Vishal", "combo": []}, {"category": "Cleaning & Household", "sub_category_name": "Stationery", "product_name": "Ruled Notebook - A4, White, 288 Pages", "product_brand": "Karma", "combo": []}, {"category": "Cleaning & Household", "sub_category_name": "Stationery", "product_name": "Notebook - Six Subject, Ruled, Pulse", "product_brand": "Classmate", "combo": [["300 Pages", "134.85"], ["2x300 Pages", "269.70"]]}, {"category": "Cleaning & Household", "sub_category_name": "Stationery", "product_name": "Drawing Book - Unruled, 40 Pages", "product_brand": "Classmate", "combo": [["40 Pages", "50.00"], ["3x1pc", "120.00"], ["6x40 Pages", "300.00"]]}, {"category": "Cleaning & Household", "sub_category_name": "Stationery", "product_name": "Geometry Box - Asteroid", "product_brand": "Classmate", "combo": []}, {"category": "Cleaning & Household", "sub_category_name": "Stationery", "product_name": "Gel Pen Blue, Octane, Colour Burst 10pc+Notebook Six Subject, Ruled, Pulse 300pg", "product_brand": "Classmate", "combo": []}, {"category": "Cleaning & Household", "sub_category_name": "Stationery", "product_name": "Ball Pens", "product_brand": "Natraj", "combo": []}, {"category": "Cleaning & Household", "sub_category_name": "Stationery", "product_name": "Notebook - A4, Long, Unruled", "product_brand": "Classmate", "combo": [["240 Pages", "69.75"], ["4x240 Pages", "279.00"]]}, {"category": "Cleaning & Household", "sub_category_name": "Stationery", "product_name": "Notebook - Small, Four Line", "product_brand": "Classmate", "combo": [["6x172 Pages", "195.30"], ["172 Pages", "32.55"]]}, {"category": "Cleaning & Household", "sub_category_name": "Stationery", "product_name": "Drawing Book - A4, Unruled", "product_brand": "Classmate", "combo": [["40 Pages", "30.00"], ["6x40 Pages", "180.00"]]}, {"category": "Cleaning & Household", "sub_category_name": "Stationery", "product_name": "Mesh Desk Organiser", "product_brand": "B Vishal", "combo": []}, {"category": "Cleaning & Household", "sub_category_name": "Stationery", "product_name": "Home Kit Box Blister", "product_brand": "Pidilite", "combo": []}, {"category": "Cleaning & Household", "sub_category_name": "Stationery", "product_name": "Gel Pen - Blue, Octane", "product_brand": "Classmate", "combo": [["5x1 pc", "40.00"], ["1 pc", "10.00"]]}, {"category": "Cleaning & Household", "sub_category_name": "Stationery", "product_name": "Multi-Purpose Hand Tool Set", "product_brand": "B Vishal", "combo": []}, {"category": "Cleaning & Household", "sub_category_name": "Stationery", "product_name": "Purple Tutle Note Book - Singing, Three Little Kittens, Four line, 176 Pages", "product_brand": "Karma", "combo": []}, {"category": "Cleaning & Household", "sub_category_name": "Stationery", "product_name": "Sewing Kit", "product_brand": "Seven", "combo": []}, {"category": "Cleaning & Household", "sub_category_name": "Stationery", "product_name": "Drawstring Cord - Dori Nada", "product_brand": "Seven", "combo": []}, {"category": "Cleaning & Household", "sub_category_name": "Stationery", "product_name": "Register - Ruled, 5QUIRE", "product_brand": "Ravi", "combo": []}, {"category": "Cleaning & Household", "sub_category_name": "Stationery", "product_name": "Notebook - A4, Ruled, Single Line", "product_brand": "Classmate", "combo": [["240 Pages", "74.40"], ["4x240 Pages", "256.00"], ["3x1pc", "223.20"]]}, {"category": "Cleaning & Household", "sub_category_name": "Stationery", "product_name": "Scissors", "product_brand": "B Vishal", "combo": []}, {"category": "Cleaning & Household", "sub_category_name": "Stationery", "product_name": "Gel Pen - Blue, Octane, Blister Pack", "product_brand": "Classmate", "combo": []}, {"category": "Cleaning & Household", "sub_category_name": "Stationery", "product_name": "Screw Driver Set", "product_brand": "B Vishal", "combo": []}, {"category": "Cleaning & Household", "sub_category_name": "Stationery", "product_name": "Gel Pen Blue, Octane, Colour Burst 10pc + Gel Pen Blue, Octane, Blister Pack 5pc", "product_brand": "Classmate", "combo": []}, {"category": "Cleaning & Household", "sub_category_name": "Stationery", "product_name": "Gel Pen - Black, Octane", "product_brand": "Classmate", "combo": []}, {"category": "Cleaning & Household", "sub_category_name": "Stationery", "product_name": "Fabric Whitner - Ranipal", "product_brand": "Pidilite", "combo": []}, {"category": "Cleaning & Household", "sub_category_name": "Stationery", "product_name": "Glue Stick", "product_brand": "B Vishal", "combo": []}, {"category": "Cleaning & Household", "sub_category_name": "Stationery", "product_name": "Notebook - King Size, Four Line, Ruled", "product_brand": "Classmate", "combo": [["172 Pages", "44.64"], ["4x172 Pages", "178.56"]]}, {"category": "Cleaning & Household", "sub_category_name": "Stationery", "product_name": "Notebook - King Size, Ruled, College, Spiral", "product_brand": "Classmate", "combo": [["3x200 Pages", "144.00"], ["200 Pages", "55.80"]]}, {"category": "Cleaning & Household", "sub_category_name": "Stationery", "product_name": "Notebook - A4, Unruled, 140 Pages", "product_brand": "Classmate", "combo": [["140 Pages", "50.00"], ["4x140 Pages", "200.00"], ["3x1pc", "120.00"]]}, {"category": "Cleaning & Household", "sub_category_name": "Stationery", "product_name": "Rubber Bands - Nylon, Assorted Colour, 2 inches", "product_brand": "Oasis", "combo": []}, {"category": "Cleaning & Household", "sub_category_name": "Stationery", "product_name": "Fevicol - Glue Drops", "product_brand": "Pidilite", "combo": []}, {"category": "Cleaning & Household", "sub_category_name": "Stationery", "product_name": "Office Key Chains", "product_brand": "B Vishal", "combo": []}, {"category": "Cleaning & Household", "sub_category_name": "Stationery", "product_name": "Post It - 3 x 5 Inches", "product_brand": "Oddy", "combo": []}, {"category": "Cleaning & Household", "sub_category_name": "Stationery", "product_name": "Octane Neon Gel Pen", "product_brand": "Classmate", "combo": []}, {"category": "Cleaning & Household", "sub_category_name": "Stationery", "product_name": "Fevigum Squeezy - Lime Fragrance", "product_brand": "Pidilite", "combo": []}, {"category": "Cleaning & Household", "sub_category_name": "Stationery", "product_name": "Notebook - Ruled, Long, Single Line", "product_brand": "Classmate", "combo": [["92 Pages", "33.00"], ["3x1pc", "99.00"], ["4x92 Pages", "132.00"]]}, {"category": "Cleaning & Household", "sub_category_name": "Stationery", "product_name": "Bi-Color Pencils", "product_brand": "Faber castell", "combo": []}, {"category": "Cleaning & Household", "sub_category_name": "Stationery", "product_name": "Technotip Ballpen Set - Blue", "product_brand": "BIC Cello", "combo": []}, {"category": "Cleaning & Household", "sub_category_name": "Stationery", "product_name": "Sewing Kit", "product_brand": "Seven", "combo": []}, {"category": "Cleaning & Household", "sub_category_name": "Stationery", "product_name": "Rangeela Moulding Dough - With 4 Moulding Tools", "product_brand": "Pidilite", "combo": []}, {"category": "Cleaning & Household", "sub_category_name": "Stationery", "product_name": "Modelling Clay", "product_brand": "B Vishal", "combo": []}, {"category": "Cleaning & Household", "sub_category_name": "Stationery", "product_name": "Ruled Notebook - A4, White, 288 Pages", "product_brand": "Karma", "combo": []}, {"category": "Cleaning & Household", "sub_category_name": "Stationery", "product_name": "Notebook - Six Subject, Ruled, Pulse", "product_brand": "Classmate", "combo": [["300 Pages", "134.85"], ["2x300 Pages", "269.70"]]}, {"category": "Cleaning & Household", "sub_category_name": "Stationery", "product_name": "Drawing Book - Unruled, 40 Pages", "product_brand": "Classmate", "combo": [["40 Pages", "50.00"], ["3x1pc", "120.00"], ["6x40 Pages", "300.00"]]}, {"category": "Cleaning & Household", "sub_category_name": "Stationery", "product_name": "Geometry Box - Asteroid", "product_brand": "Classmate", "combo": []}, {"category": "Cleaning & Household", "sub_category_name": "Stationery", "product_name": "Gel Pen Blue, Octane, Colour Burst 10pc+Notebook Six Subject, Ruled, Pulse 300pg", "product_brand": "Classmate", "combo": []}, {"category": "Cleaning & Household", "sub_category_name": "Stationery", "product_name": "Ball Pens", "product_brand": "Natraj", "combo": []}, {"category": "Cleaning & Household", "sub_category_name": "Stationery", "product_name": "Notebook - A4, Long, Unruled", "product_brand": "Classmate", "combo": [["240 Pages", "69.75"], ["4x240 Pages", "279.00"]]}, {"category": "Cleaning & Household", "sub_category_name": "Stationery", "product_name": "Notebook - Small, Four Line", "product_brand": "Classmate", "combo": [["6x172 Pages", "195.30"], ["172 Pages", "32.55"]]}, {"category": "Cleaning & Household", "sub_category_name": "Stationery", "product_name": "Drawing Book - A4, Unruled", "product_brand": "Classmate", "combo": [["40 Pages", "30.00"], ["6x40 Pages", "180.00"]]}, {"category": "Cleaning & Household", "sub_category_name": "Stationery", "product_name": "Mesh Desk Organiser", "product_brand": "B Vishal", "combo": []}, {"category": "Cleaning & Household", "sub_category_name": "Stationery", "product_name": "Home Kit Box Blister", "product_brand": "Pidilite", "combo": []}, {"category": "Cleaning & Household", "sub_category_name": "Stationery", "product_name": "Gel Pen - Blue, Octane", "product_brand": "Classmate", "combo": [["5x1 pc", "40.00"], ["1 pc", "10.00"]]}, {"category": "Cleaning & Household", "sub_category_name": "Stationery", "product_name": "Multi-Purpose Hand Tool Set", "product_brand": "B Vishal", "combo": []}, {"category": "Cleaning & Household", "sub_category_name": "Stationery", "product_name": "Fevigum Squeezy - Lime Fragrance", "product_brand": "Pidilite", "combo": []}, {"category": "Cleaning & Household", "sub_category_name": "Stationery", "product_name": "Notebook - Ruled, Long, Single Line", "product_brand": "Classmate", "combo": [["92 Pages", "33.00"], ["3x1pc", "99.00"], ["4x92 Pages", "132.00"]]}, {"category": "Cleaning & Household", "sub_category_name": "Stationery", "product_name": "Bi-Color Pencils", "product_brand": "Faber castell", "combo": []}, {"category": "Cleaning & Household", "sub_category_name": "Stationery", "product_name": "Technotip Ballpen Set - Blue", "product_brand": "BIC Cello", "combo": []}, {"category": "Cleaning & Household", "sub_category_name": "Stationery", "product_name": "Sewing Kit", "product_brand": "Seven", "combo": []}, {"category": "Cleaning & Household", "sub_category_name": "Stationery", "product_name": "Rangeela Moulding Dough - With 4 Moulding Tools", "product_brand": "Pidilite", "combo": []}, {"category": "Cleaning & Household", "sub_category_name": "Stationery", "product_name": "Modelling Clay", "product_brand": "B Vishal", "combo": []}, {"category": "Cleaning & Household", "sub_category_name": "Stationery", "product_name": "Ruled Notebook - A4, White, 288 Pages", "product_brand": "Karma", "combo": []}, {"category": "Cleaning & Household", "sub_category_name": "Stationery", "product_name": "Notebook - Six Subject, Ruled, Pulse", "product_brand": "Classmate", "combo": [["300 Pages", "134.85"], ["2x300 Pages", "269.70"]]}, {"category": "Cleaning & Household", "sub_category_name": "Stationery", "product_name": "Drawing Book - Unruled, 40 Pages", "product_brand": "Classmate", "combo": [["40 Pages", "50.00"], ["3x1pc", "120.00"], ["6x40 Pages", "300.00"]]}, {"category": "Cleaning & Household", "sub_category_name": "Stationery", "product_name": "Geometry Box - Asteroid", "product_brand": "Classmate", "combo": []}, {"category": "Cleaning & Household", "sub_category_name": "Stationery", "product_name": "Gel Pen Blue, Octane, Colour Burst 10pc+Notebook Six Subject, Ruled, Pulse 300pg", "product_brand": "Classmate", "combo": []}, {"category": "Cleaning & Household", "sub_category_name": "Stationery", "product_name": "Ball Pens", "product_brand": "Natraj", "combo": []}, {"category": "Cleaning & Household", "sub_category_name": "Stationery", "product_name": "Notebook - A4, Long, Unruled", "product_brand": "Classmate", "combo": [["240 Pages", "69.75"], ["4x240 Pages", "279.00"]]}, {"category": "Cleaning & Household", "sub_category_name": "Stationery", "product_name": "Notebook - Small, Four Line", "product_brand": "Classmate", "combo": [["6x172 Pages", "195.30"], ["172 Pages", "32.55"]]}, {"category": "Cleaning & Household", "sub_category_name": "Stationery", "product_name": "Drawing Book - A4, Unruled", "product_brand": "Classmate", "combo": [["40 Pages", "30.00"], ["6x40 Pages", "180.00"]]}, {"category": "Cleaning & Household", "sub_category_name": "Stationery", "product_name": "Mesh Desk Organiser", "product_brand": "B Vishal", "combo": []}, {"category": "Cleaning & Household", "sub_category_name": "Stationery", "product_name": "Home Kit Box Blister", "product_brand": "Pidilite", "combo": []}, {"category": "Cleaning & Household", "sub_category_name": "Stationery", "product_name": "Gel Pen - Blue, Octane", "product_brand": "Classmate", "combo": [["5x1 pc", "40.00"], ["1 pc", "10.00"]]}, {"category": "Cleaning & Household", "sub_category_name": "Stationery", "product_name": "Multi-Purpose Hand Tool Set", "product_brand": "B Vishal", "combo": []}, {"category": "Cleaning & Household", "sub_category_name": "Stationery", "product_name": "Fevigum Squeezy - Lime Fragrance", "product_brand": "Pidilite", "combo": []}, {"category": "Cleaning & Household", "sub_category_name": "Stationery", "product_name": "Notebook - Ruled, Long, Single Line", "product_brand": "Classmate", "combo": [["92 Pages", "33.00"], ["3x1pc", "99.00"], ["4x92 Pages", "132.00"]]}, {"category": "Cleaning & Household", "sub_category_name": "Stationery", "product_name": "Bi-Color Pencils", "product_brand": "Faber castell", "combo": []}, {"category": "Cleaning & Household", "sub_category_name": "Stationery", "product_name": "Technotip Ballpen Set - Blue", "product_brand": "BIC Cello", "combo": []}, {"category": "Cleaning & Household", "sub_category_name": "Stationery", "product_name": "Sewing Kit", "product_brand": "Seven", "combo": []}, {"category": "Cleaning & Household", "sub_category_name": "Stationery", "product_name": "Rangeela Moulding Dough - With 4 Moulding Tools", "product_brand": "Pidilite", "combo": []}, {"category": "Cleaning & Household", "sub_category_name": "Stationery", "product_name": "Modelling Clay", "product_brand": "B Vishal", "combo": []}, {"category": "Cleaning & Household", "sub_category_name": "Stationery", "product_name": "Ruled Notebook - A4, White, 288 Pages", "product_brand": "Karma", "combo": []}, {"category": "Cleaning & Household", "sub_category_name": "Stationery", "product_name": "Notebook - Six Subject, Ruled, Pulse", "product_brand": "Classmate", "combo": [["300 Pages", "134.85"], ["2x300 Pages", "269.70"]]}, {"category": "Cleaning & Household", "sub_category_name": "Stationery", "product_name": "Drawing Book - Unruled, 40 Pages", "product_brand": "Classmate", "combo": [["40 Pages", "50.00"], ["3x1pc", "120.00"], ["6x40 Pages", "300.00"]]}, {"category": "Cleaning & Household", "sub_category_name": "Stationery", "product_name": "Geometry Box - Asteroid", "product_brand": "Classmate", "combo": []}, {"category": "Cleaning & Household", "sub_category_name": "Stationery", "product_name": "Gel Pen Blue, Octane, Colour Burst 10pc+Notebook Six Subject, Ruled, Pulse 300pg", "product_brand": "Classmate", "combo": []}, {"category": "Cleaning & Household", "sub_category_name": "Stationery", "product_name": "Ball Pens", "product_brand": "Natraj", "combo": []}, {"category": "Cleaning & Household", "sub_category_name": "Stationery", "product_name": "Notebook - A4, Long, Unruled", "product_brand": "Classmate", "combo": [["240 Pages", "69.75"], ["4x240 Pages", "279.00"]]}, {"category": "Cleaning & Household", "sub_category_name": "Stationery", "product_name": "Notebook - Small, Four Line", "product_brand": "Classmate", "combo": [["6x172 Pages", "195.30"], ["172 Pages", "32.55"]]}, {"category": "Cleaning & Household", "sub_category_name": "Stationery", "product_name": "Drawing Book - A4, Unruled", "product_brand": "Classmate", "combo": [["40 Pages", "30.00"], ["6x40 Pages", "180.00"]]}, {"category": "Cleaning & Household", "sub_category_name": "Stationery", "product_name": "Mesh Desk Organiser", "product_brand": "B Vishal", "combo": []}, {"category": "Cleaning & Household", "sub_category_name": "Stationery", "product_name": "Home Kit Box Blister", "product_brand": "Pidilite", "combo": []}, {"category": "Cleaning & Household", "sub_category_name": "Stationery", "product_name": "Gel Pen - Blue, Octane", "product_brand": "Classmate", "combo": [["5x1 pc", "40.00"], ["1 pc", "10.00"]]}, {"category": "Cleaning & Household", "sub_category_name": "Stationery", "product_name": "Multi-Purpose Hand Tool Set", "product_brand": "B Vishal", "combo": []}, {"category": "Cleaning & Household", "sub_category_name": "Stationery", "product_name": "Fevigum Squeezy - Lime Fragrance", "product_brand": "Pidilite", "combo": []}, {"category": "Cleaning & Household", "sub_category_name": "Stationery", "product_name": "Notebook - Ruled, Long, Single Line", "product_brand": "Classmate", "combo": [["92 Pages", "33.00"], ["3x1pc", "99.00"], ["4x92 Pages", "132.00"]]}, {"category": "Cleaning & Household", "sub_category_name": "Stationery", "product_name": "Bi-Color Pencils", "product_brand": "Faber castell", "combo": []}, {"category": "Cleaning & Household", "sub_category_name": "Stationery", "product_name": "Technotip Ballpen Set - Blue", "product_brand": "BIC Cello", "combo": []}, {"category": "Cleaning & Household", "sub_category_name": "Stationery", "product_name": "Sewing Kit", "product_brand": "Seven", "combo": []}, {"category": "Cleaning & Household", "sub_category_name": "Stationery", "product_name": "Rangeela Moulding Dough - With 4 Moulding Tools", "product_brand": "Pidilite", "combo": []}, {"category": "Cleaning & Household", "sub_category_name": "Stationery", "product_name": "Modelling Clay", "product_brand": "B Vishal", "combo": []}, {"category": "Cleaning & Household", "sub_category_name": "Stationery", "product_name": "Ruled Notebook - A4, White, 288 Pages", "product_brand": "Karma", "combo": []}, {"category": "Cleaning & Household", "sub_category_name": "Stationery", "product_name": "Notebook - Six Subject, Ruled, Pulse", "product_brand": "Classmate", "combo": [["300 Pages", "134.85"], ["2x300 Pages", "269.70"]]}, {"category": "Cleaning & Household", "sub_category_name": "Stationery", "product_name": "Drawing Book - Unruled, 40 Pages", "product_brand": "Classmate", "combo": [["40 Pages", "50.00"], ["3x1pc", "120.00"], ["6x40 Pages", "300.00"]]}, {"category": "Cleaning & Household", "sub_category_name": "Stationery", "product_name": "Geometry Box - Asteroid", "product_brand": "Classmate", "combo": []}, {"category": "Cleaning & Household", "sub_category_name": "Stationery", "product_name": "Gel Pen Blue, Octane, Colour Burst 10pc+Notebook Six Subject, Ruled, Pulse 300pg", "product_brand": "Classmate", "combo": []}, {"category": "Cleaning & Household", "sub_category_name": "Stationery", "product_name": "Ball Pens", "product_brand": "Natraj", "combo": []}, {"category": "Cleaning & Household", "sub_category_name": "Stationery", "product_name": "Notebook - A4, Long, Unruled", "product_brand": "Classmate", "combo": [["240 Pages", "69.75"], ["4x240 Pages", "279.00"]]}, {"category": "Cleaning & Household", "sub_category_name": "Stationery", "product_name": "Notebook - Small, Four Line", "product_brand": "Classmate", "combo": [["6x172 Pages", "195.30"], ["172 Pages", "32.55"]]}, {"category": "Cleaning & Household", "sub_category_name": "Stationery", "product_name": "Drawing Book - A4, Unruled", "product_brand": "Classmate", "combo": [["40 Pages", "30.00"], ["6x40 Pages", "180.00"]]}, {"category": "Cleaning & Household", "sub_category_name": "Stationery", "product_name": "Mesh Desk Organiser", "product_brand": "B Vishal", "combo": []}, {"category": "Cleaning & Household", "sub_category_name": "Stationery", "product_name": "Home Kit Box Blister", "product_brand": "Pidilite", "combo": []}, {"category": "Cleaning & Household", "sub_category_name": "Stationery", "product_name": "Gel Pen - Blue, Octane", "product_brand": "Classmate", "combo": [["5x1 pc", "40.00"], ["1 pc", "10.00"]]}, {"category": "Cleaning & Household", "sub_category_name": "Stationery", "product_name": "Multi-Purpose Hand Tool Set", "product_brand": "B Vishal", "combo": []}, {"category": "Cleaning & Household", "sub_category_name": "Stationery", "product_name": "EZ Grip", "product_brand": "Apsara", "combo": []}, {"category": "Cleaning & Household", "sub_category_name": "Stationery", "product_name": "Gel Pen Blue, Octane, Blister 5pc+Notebook King Size Ruled, College Spiral 200pg", "product_brand": "Classmate", "combo": []}, {"category": "Cleaning & Household", "sub_category_name": "Stationery", "product_name": "Smart Crayon - 70 X 25", "product_brand": "Faber castell", "combo": []}, {"category": "Cleaning & Household", "sub_category_name": "Stationery", "product_name": "Mayfair Ballpen - Blue", "product_brand": "BIC Cello", "combo": []}, {"category": "Cleaning & Household", "sub_category_name": "Stationery", "product_name": "Envelope - Cloth Lined, Green, 10.5 x 4.5 inches", "product_brand": "Ravi", "combo": []}, {"category": "Cleaning & Household", "sub_category_name": "Stationery", "product_name": "Stamp Pad - Medium", "product_brand": "Kores", "combo": []}, {"category": "Cleaning & Household", "sub_category_name": "Stationery", "product_name": "Yellow Sticky Notes - Paper, BB1277", "product_brand": "DP", "combo": []}, {"category": "Cleaning & Household", "sub_category_name": "Stationery", "product_name": "Fevicol MR - Flip Top", "product_brand": "Pidilite", "combo": []}, {"category": "Cleaning & Household", "sub_category_name": "Stationery", "product_name": "Envelope - White, 9 x 4 inches", "product_brand": "Ravi", "combo": []}, {"category": "Cleaning & Household", "sub_category_name": "Stationery", "product_name": "Notebook - King Size, Double Line", "product_brand": "Classmate", "combo": [["172 Pages", "44.64"], ["4x172 Pages", "178.56"], ["3x1pc", "133.92"]]}, {"category": "Cleaning & Household", "sub_category_name": "Stationery", "product_name": "Notebook - Unruled, Long", "product_brand": "Classmate", "combo": [["172 Pages", "44.64"], ["6x172 Pages", "267.84"]]}, {"category": "Cleaning & Household", "sub_category_name": "Stationery", "product_name": "Stapler Pin Pack - 24/6", "product_brand": "Kangaroo", "combo": []}, {"category": "Cleaning & Household", "sub_category_name": "Stationery", "product_name": "Stamp Pad - Violet", "product_brand": "Faber castell", "combo": []}, {"category": "Cleaning & Household", "sub_category_name": "Stationery", "product_name": "Geometry Box - Disney, Invento", "product_brand": "Classmate", "combo": []}, {"category": "Cleaning & Household", "sub_category_name": "Stationery", "product_name": "Mini Sewing Kit", "product_brand": "B Vishal", "combo": []}, {"category": "Cleaning & Household", "sub_category_name": "Stationery", "product_name": "Box File - With Steel Clip, Fullscape, Classic", "product_brand": "Ravi", "combo": []}, {"category": "Cleaning & Household", "sub_category_name": "Stationery", "product_name": "503 Display File - A4, 20 Leaves", "product_brand": "Stationari+", "combo": []}, {"category": "Cleaning & Household", "sub_category_name": "Stationery", "product_name": "Seperator/Divider - A4", "product_brand": "Solo", "combo": []}, {"category": "Cleaning & Household", "sub_category_name": "Stationery", "product_name": "Notebook - Unruled, Small", "product_brand": "Classmate", "combo": [["6x172 Pages", "168.00"], ["172 Pages", "28.00"]]}, {"category": "Cleaning & Household", "sub_category_name": "Stationery", "product_name": "Utility Set", "product_brand": "B Vishal", "combo": []}, {"category": "Cleaning & Household", "sub_category_name": "Stationery", "product_name": "EZ Grip", "product_brand": "Apsara", "combo": []}, {"category": "Cleaning & Household", "sub_category_name": "Stationery", "product_name": "Gel Pen Blue, Octane, Blister 5pc+Notebook King Size Ruled, College Spiral 200pg", "product_brand": "Classmate", "combo": []}, {"category": "Cleaning & Household", "sub_category_name": "Stationery", "product_name": "Smart Crayon - 70 X 25", "product_brand": "Faber castell", "combo": []}, {"category": "Cleaning & Household", "sub_category_name": "Stationery", "product_name": "Mayfair Ballpen - Blue", "product_brand": "BIC Cello", "combo": []}, {"category": "Cleaning & Household", "sub_category_name": "Stationery", "product_name": "Envelope - Cloth Lined, Green, 10.5 x 4.5 inches", "product_brand": "Ravi", "combo": []}, {"category": "Cleaning & Household", "sub_category_name": "Stationery", "product_name": "Stamp Pad - Medium", "product_brand": "Kores", "combo": []}, {"category": "Cleaning & Household", "sub_category_name": "Stationery", "product_name": "Yellow Sticky Notes - Paper, BB1277", "product_brand": "DP", "combo": []}, {"category": "Cleaning & Household", "sub_category_name": "Stationery", "product_name": "Fevicol MR - Flip Top", "product_brand": "Pidilite", "combo": []}, {"category": "Cleaning & Household", "sub_category_name": "Stationery", "product_name": "Envelope - White, 9 x 4 inches", "product_brand": "Ravi", "combo": []}, {"category": "Cleaning & Household", "sub_category_name": "Stationery", "product_name": "Notebook - King Size, Double Line", "product_brand": "Classmate", "combo": [["172 Pages", "44.64"], ["4x172 Pages", "178.56"], ["3x1pc", "133.92"]]}, {"category": "Cleaning & Household", "sub_category_name": "Stationery", "product_name": "Notebook - Unruled, Long", "product_brand": "Classmate", "combo": [["172 Pages", "44.64"], ["6x172 Pages", "267.84"]]}, {"category": "Cleaning & Household", "sub_category_name": "Stationery", "product_name": "Stapler Pin Pack - 24/6", "product_brand": "Kangaroo", "combo": []}, {"category": "Cleaning & Household", "sub_category_name": "Stationery", "product_name": "Stamp Pad - Violet", "product_brand": "Faber castell", "combo": []}, {"category": "Cleaning & Household", "sub_category_name": "Stationery", "product_name": "Geometry Box - Disney, Invento", "product_brand": "Classmate", "combo": []}, {"category": "Cleaning & Household", "sub_category_name": "Stationery", "product_name": "Mini Sewing Kit", "product_brand": "B Vishal", "combo": []}, {"category": "Cleaning & Household", "sub_category_name": "Stationery", "product_name": "Box File - With Steel Clip, Fullscape, Classic", "product_brand": "Ravi", "combo": []}, {"category": "Cleaning & Household", "sub_category_name": "Stationery", "product_name": "503 Display File - A4, 20 Leaves", "product_brand": "Stationari+", "combo": []}, {"category": "Cleaning & Household", "sub_category_name": "Stationery", "product_name": "Seperator/Divider - A4", "product_brand": "Solo", "combo": []}, {"category": "Cleaning & Household", "sub_category_name": "Stationery", "product_name": "Notebook - Unruled, Small", "product_brand": "Classmate", "combo": [["6x172 Pages", "168.00"], ["172 Pages", "28.00"]]}, {"category": "Cleaning & Household", "sub_category_name": "Stationery", "product_name": "Utility Set", "product_brand": "B Vishal", "combo": []}, {"category": "Cleaning & Household", "sub_category_name": "Stationery", "product_name": "EZ Grip", "product_brand": "Apsara", "combo": []}, {"category": "Cleaning & Household", "sub_category_name": "Stationery", "product_name": "Gel Pen Blue, Octane, Blister 5pc+Notebook King Size Ruled, College Spiral 200pg", "product_brand": "Classmate", "combo": []}, {"category": "Cleaning & Household", "sub_category_name": "Stationery", "product_name": "Smart Crayon - 70 X 25", "product_brand": "Faber castell", "combo": []}, {"category": "Cleaning & Household", "sub_category_name": "Stationery", "product_name": "Mayfair Ballpen - Blue", "product_brand": "BIC Cello", "combo": []}, {"category": "Cleaning & Household", "sub_category_name": "Stationery", "product_name": "Envelope - Cloth Lined, Green, 10.5 x 4.5 inches", "product_brand": "Ravi", "combo": []}, {"category": "Cleaning & Household", "sub_category_name": "Stationery", "product_name": "Stamp Pad - Medium", "product_brand": "Kores", "combo": []}, {"category": "Cleaning & Household", "sub_category_name": "Stationery", "product_name": "Yellow Sticky Notes - Paper, BB1277", "product_brand": "DP", "combo": []}, {"category": "Cleaning & Household", "sub_category_name": "Stationery", "product_name": "Fevicol MR - Flip Top", "product_brand": "Pidilite", "combo": []}, {"category": "Cleaning & Household", "sub_category_name": "Stationery", "product_name": "Envelope - White, 9 x 4 inches", "product_brand": "Ravi", "combo": []}, {"category": "Cleaning & Household", "sub_category_name": "Stationery", "product_name": "Notebook - King Size, Double Line", "product_brand": "Classmate", "combo": [["172 Pages", "44.64"], ["4x172 Pages", "178.56"], ["3x1pc", "133.92"]]}, {"category": "Cleaning & Household", "sub_category_name": "Stationery", "product_name": "Notebook - Unruled, Long", "product_brand": "Classmate", "combo": [["172 Pages", "44.64"], ["6x172 Pages", "267.84"]]}, {"category": "Cleaning & Household", "sub_category_name": "Stationery", "product_name": "Stapler Pin Pack - 24/6", "product_brand": "Kangaroo", "combo": []}, {"category": "Cleaning & Household", "sub_category_name": "Stationery", "product_name": "Stamp Pad - Violet", "product_brand": "Faber castell", "combo": []}, {"category": "Cleaning & Household", "sub_category_name": "Stationery", "product_name": "Geometry Box - Disney, Invento", "product_brand": "Classmate", "combo": []}, {"category": "Cleaning & Household", "sub_category_name": "Stationery", "product_name": "Mini Sewing Kit", "product_brand": "B Vishal", "combo": []}, {"category": "Cleaning & Household", "sub_category_name": "Stationery", "product_name": "Box File - With Steel Clip, Fullscape, Classic", "product_brand": "Ravi", "combo": []}, {"category": "Cleaning & Household", "sub_category_name": "Stationery", "product_name": "503 Display File - A4, 20 Leaves", "product_brand": "Stationari+", "combo": []}, {"category": "Cleaning & Household", "sub_category_name": "Stationery", "product_name": "Seperator/Divider - A4", "product_brand": "Solo", "combo": []}, {"category": "Cleaning & Household", "sub_category_name": "Stationery", "product_name": "Notebook - Unruled, Small", "product_brand": "Classmate", "combo": [["6x172 Pages", "168.00"], ["172 Pages", "28.00"]]}, {"category": "Cleaning & Household", "sub_category_name": "Stationery", "product_name": "Utility Set", "product_brand": "B Vishal", "combo": []}, {"category": "Cleaning & Household", "sub_category_name": "Stationery", "product_name": "EZ Grip", "product_brand": "Apsara", "combo": []}, {"category": "Cleaning & Household", "sub_category_name": "Stationery", "product_name": "Gel Pen Blue, Octane, Blister 5pc+Notebook King Size Ruled, College Spiral 200pg", "product_brand": "Classmate", "combo": []}, {"category": "Cleaning & Household", "sub_category_name": "Stationery", "product_name": "Smart Crayon - 70 X 25", "product_brand": "Faber castell", "combo": []}, {"category": "Cleaning & Household", "sub_category_name": "Stationery", "product_name": "Mayfair Ballpen - Blue", "product_brand": "BIC Cello", "combo": []}, {"category": "Cleaning & Household", "sub_category_name": "Stationery", "product_name": "Envelope - Cloth Lined, Green, 10.5 x 4.5 inches", "product_brand": "Ravi", "combo": []}, {"category": "Cleaning & Household", "sub_category_name": "Stationery", "product_name": "Stamp Pad - Medium", "product_brand": "Kores", "combo": []}, {"category": "Cleaning & Household", "sub_category_name": "Stationery", "product_name": "Yellow Sticky Notes - Paper, BB1277", "product_brand": "DP", "combo": []}, {"category": "Cleaning & Household", "sub_category_name": "Stationery", "product_name": "Fevicol MR - Flip Top", "product_brand": "Pidilite", "combo": []}, {"category": "Cleaning & Household", "sub_category_name": "Stationery", "product_name": "Envelope - White, 9 x 4 inches", "product_brand": "Ravi", "combo": []}, {"category": "Cleaning & Household", "sub_category_name": "Stationery", "product_name": "Notebook - King Size, Double Line", "product_brand": "Classmate", "combo": [["172 Pages", "44.64"], ["4x172 Pages", "178.56"], ["3x1pc", "133.92"]]}, {"category": "Cleaning & Household", "sub_category_name": "Stationery", "product_name": "Notebook - Unruled, Long", "product_brand": "Classmate", "combo": [["172 Pages", "44.64"], ["6x172 Pages", "267.84"]]}, {"category": "Cleaning & Household", "sub_category_name": "Stationery", "product_name": "Stapler Pin Pack - 24/6", "product_brand": "Kangaroo", "combo": []}, {"category": "Cleaning & Household", "sub_category_name": "Stationery", "product_name": "Stamp Pad - Violet", "product_brand": "Faber castell", "combo": []}, {"category": "Cleaning & Household", "sub_category_name": "Stationery", "product_name": "Geometry Box - Disney, Invento", "product_brand": "Classmate", "combo": []}, {"category": "Cleaning & Household", "sub_category_name": "Stationery", "product_name": "Mini Sewing Kit", "product_brand": "B Vishal", "combo": []}, {"category": "Cleaning & Household", "sub_category_name": "Stationery", "product_name": "Box File - With Steel Clip, Fullscape, Classic", "product_brand": "Ravi", "combo": []}, {"category": "Cleaning & Household", "sub_category_name": "Stationery", "product_name": "503 Display File - A4, 20 Leaves", "product_brand": "Stationari+", "combo": []}, {"category": "Cleaning & Household", "sub_category_name": "Stationery", "product_name": "Seperator/Divider - A4", "product_brand": "Solo", "combo": []}, {"category": "Cleaning & Household", "sub_category_name": "Stationery", "product_name": "Notebook - Unruled, Small", "product_brand": "Classmate", "combo": [["6x172 Pages", "168.00"], ["172 Pages", "28.00"]]}, {"category": "Cleaning & Household", "sub_category_name": "Stationery", "product_name": "Utility Set", "product_brand": "B Vishal", "combo": []}, {"category": "Cleaning & Household", "sub_category_name": "Stationery", "product_name": "EZ Grip", "product_brand": "Apsara", "combo": []}, {"category": "Cleaning & Household", "sub_category_name": "Stationery", "product_name": "Gel Pen Blue, Octane, Blister 5pc+Notebook King Size Ruled, College Spiral 200pg", "product_brand": "Classmate", "combo": []}, {"category": "Cleaning & Household", "sub_category_name": "Stationery", "product_name": "Smart Crayon - 70 X 25", "product_brand": "Faber castell", "combo": []}, {"category": "Cleaning & Household", "sub_category_name": "Stationery", "product_name": "Mayfair Ballpen - Blue", "product_brand": "BIC Cello", "combo": []}, {"category": "Cleaning & Household", "sub_category_name": "Stationery", "product_name": "Envelope - Cloth Lined, Green, 10.5 x 4.5 inches", "product_brand": "Ravi", "combo": []}, {"category": "Cleaning & Household", "sub_category_name": "Stationery", "product_name": "Stamp Pad - Medium", "product_brand": "Kores", "combo": []}, {"category": "Cleaning & Household", "sub_category_name": "Stationery", "product_name": "Yellow Sticky Notes - Paper, BB1277", "product_brand": "DP", "combo": []}, {"category": "Cleaning & Household", "sub_category_name": "Stationery", "product_name": "Fevicol MR - Flip Top", "product_brand": "Pidilite", "combo": []}, {"category": "Cleaning & Household", "sub_category_name": "Stationery", "product_name": "Envelope - White, 9 x 4 inches", "product_brand": "Ravi", "combo": []}, {"category": "Cleaning & Household", "sub_category_name": "Stationery", "product_name": "Notebook - King Size, Double Line", "product_brand": "Classmate", "combo": [["172 Pages", "44.64"], ["4x172 Pages", "178.56"], ["3x1pc", "133.92"]]}, {"category": "Cleaning & Household", "sub_category_name": "Stationery", "product_name": "Notebook - Unruled, Long", "product_brand": "Classmate", "combo": [["172 Pages", "44.64"], ["6x172 Pages", "267.84"]]}, {"category": "Cleaning & Household", "sub_category_name": "Stationery", "product_name": "Stapler Pin Pack - 24/6", "product_brand": "Kangaroo", "combo": []}, {"category": "Cleaning & Household", "sub_category_name": "Stationery", "product_name": "Stamp Pad - Violet", "product_brand": "Faber castell", "combo": []}, {"category": "Cleaning & Household", "sub_category_name": "Stationery", "product_name": "Geometry Box - Disney, Invento", "product_brand": "Classmate", "combo": []}, {"category": "Cleaning & Household", "sub_category_name": "Stationery", "product_name": "Mini Sewing Kit", "product_brand": "B Vishal", "combo": []}, {"category": "Cleaning & Household", "sub_category_name": "Stationery", "product_name": "Box File - With Steel Clip, Fullscape, Classic", "product_brand": "Ravi", "combo": []}, {"category": "Cleaning & Household", "sub_category_name": "Stationery", "product_name": "503 Display File - A4, 20 Leaves", "product_brand": "Stationari+", "combo": []}, {"category": "Cleaning & Household", "sub_category_name": "Stationery", "product_name": "Seperator/Divider - A4", "product_brand": "Solo", "combo": []}, {"category": "Cleaning & Household", "sub_category_name": "Stationery", "product_name": "Notebook - Unruled, Small", "product_brand": "Classmate", "combo": [["6x172 Pages", "168.00"], ["172 Pages", "28.00"]]}, {"category": "Cleaning & Household", "sub_category_name": "Stationery", "product_name": "Utility Set", "product_brand": "B Vishal", "combo": []}, {"category": "Cleaning & Household", "sub_category_name": "Stationery", "product_name": "EZ Grip", "product_brand": "Apsara", "combo": []}, {"category": "Cleaning & Household", "sub_category_name": "Stationery", "product_name": "Gel Pen Blue, Octane, Blister 5pc+Notebook King Size Ruled, College Spiral 200pg", "product_brand": "Classmate", "combo": []}, {"category": "Cleaning & Household", "sub_category_name": "Stationery", "product_name": "Smart Crayon - 70 X 25", "product_brand": "Faber castell", "combo": []}, {"category": "Cleaning & Household", "sub_category_name": "Stationery", "product_name": "Mayfair Ballpen - Blue", "product_brand": "BIC Cello", "combo": []}, {"category": "Cleaning & Household", "sub_category_name": "Stationery", "product_name": "Envelope - Cloth Lined, Green, 10.5 x 4.5 inches", "product_brand": "Ravi", "combo": []}, {"category": "Cleaning & Household", "sub_category_name": "Stationery", "product_name": "Stamp Pad - Medium", "product_brand": "Kores", "combo": []}, {"category": "Cleaning & Household", "sub_category_name": "Stationery", "product_name": "Yellow Sticky Notes - Paper, BB1277", "product_brand": "DP", "combo": []}, {"category": "Cleaning & Household", "sub_category_name": "Stationery", "product_name": "Fevicol MR - Flip Top", "product_brand": "Pidilite", "combo": []}, {"category": "Cleaning & Household", "sub_category_name": "Stationery", "product_name": "Envelope - White, 9 x 4 inches", "product_brand": "Ravi", "combo": []}, {"category": "Cleaning & Household", "sub_category_name": "Stationery", "product_name": "Notebook - King Size, Double Line", "product_brand": "Classmate", "combo": [["172 Pages", "44.64"], ["4x172 Pages", "178.56"], ["3x1pc", "133.92"]]}, {"category": "Cleaning & Household", "sub_category_name": "Stationery", "product_name": "Notebook - Unruled, Long", "product_brand": "Classmate", "combo": [["172 Pages", "44.64"], ["6x172 Pages", "267.84"]]}, {"category": "Cleaning & Household", "sub_category_name": "Stationery", "product_name": "Stapler Pin Pack - 24/6", "product_brand": "Kangaroo", "combo": []}, {"category": "Cleaning & Household", "sub_category_name": "Stationery", "product_name": "Stamp Pad - Violet", "product_brand": "Faber castell", "combo": []}, {"category": "Cleaning & Household", "sub_category_name": "Stationery", "product_name": "Geometry Box - Disney, Invento", "product_brand": "Classmate", "combo": []}, {"category": "Cleaning & Household", "sub_category_name": "Stationery", "product_name": "Mini Sewing Kit", "product_brand": "B Vishal", "combo": []}, {"category": "Cleaning & Household", "sub_category_name": "Stationery", "product_name": "Box File - With Steel Clip, Fullscape, Classic", "product_brand": "Ravi", "combo": []}, {"category": "Cleaning & Household", "sub_category_name": "Stationery", "product_name": "503 Display File - A4, 20 Leaves", "product_brand": "Stationari+", "combo": []}, {"category": "Cleaning & Household", "sub_category_name": "Stationery", "product_name": "Seperator/Divider - A4", "product_brand": "Solo", "combo": []}, {"category": "Cleaning & Household", "sub_category_name": "Stationery", "product_name": "Notebook - Unruled, Small", "product_brand": "Classmate", "combo": [["6x172 Pages", "168.00"], ["172 Pages", "28.00"]]}, {"category": "Cleaning & Household", "sub_category_name": "Stationery", "product_name": "Utility Set", "product_brand": "B Vishal", "combo": []}, {"category": "Cleaning & Household", "sub_category_name": "Stationery", "product_name": "EZ Grip", "product_brand": "Apsara", "combo": []}, {"category": "Cleaning & Household", "sub_category_name": "Stationery", "product_name": "Gel Pen Blue, Octane, Blister 5pc+Notebook King Size Ruled, College Spiral 200pg", "product_brand": "Classmate", "combo": []}, {"category": "Cleaning & Household", "sub_category_name": "Stationery", "product_name": "Smart Crayon - 70 X 25", "product_brand": "Faber castell", "combo": []}, {"category": "Cleaning & Household", "sub_category_name": "Stationery", "product_name": "Mayfair Ballpen - Blue", "product_brand": "BIC Cello", "combo": []}, {"category": "Cleaning & Household", "sub_category_name": "Stationery", "product_name": "Envelope - Cloth Lined, Green, 10.5 x 4.5 inches", "product_brand": "Ravi", "combo": []}, {"category": "Cleaning & Household", "sub_category_name": "Stationery", "product_name": "Stamp Pad - Medium", "product_brand": "Kores", "combo": []}, {"category": "Cleaning & Household", "sub_category_name": "Stationery", "product_name": "Yellow Sticky Notes - Paper, BB1277", "product_brand": "DP", "combo": []}, {"category": "Cleaning & Household", "sub_category_name": "Stationery", "product_name": "Fevicol MR - Flip Top", "product_brand": "Pidilite", "combo": []}, {"category": "Cleaning & Household", "sub_category_name": "Stationery", "product_name": "Envelope - White, 9 x 4 inches", "product_brand": "Ravi", "combo": []}, {"category": "Cleaning & Household", "sub_category_name": "Stationery", "product_name": "Notebook - King Size, Double Line", "product_brand": "Classmate", "combo": [["172 Pages", "44.64"], ["4x172 Pages", "178.56"], ["3x1pc", "133.92"]]}, {"category": "Cleaning & Household", "sub_category_name": "Stationery", "product_name": "Notebook - Unruled, Long", "product_brand": "Classmate", "combo": [["172 Pages", "44.64"], ["6x172 Pages", "267.84"]]}, {"category": "Cleaning & Household", "sub_category_name": "Stationery", "product_name": "Stapler Pin Pack - 24/6", "product_brand": "Kangaroo", "combo": []}, {"category": "Cleaning & Household", "sub_category_name": "Stationery", "product_name": "Stamp Pad - Violet", "product_brand": "Faber castell", "combo": []}, {"category": "Cleaning & Household", "sub_category_name": "Stationery", "product_name": "Geometry Box - Disney, Invento", "product_brand": "Classmate", "combo": []}, {"category": "Cleaning & Household", "sub_category_name": "Stationery", "product_name": "Mini Sewing Kit", "product_brand": "B Vishal", "combo": []}, {"category": "Cleaning & Household", "sub_category_name": "Stationery", "product_name": "Box File - With Steel Clip, Fullscape, Classic", "product_brand": "Ravi", "combo": []}, {"category": "Cleaning & Household", "sub_category_name": "Stationery", "product_name": "503 Display File - A4, 20 Leaves", "product_brand": "Stationari+", "combo": []}, {"category": "Cleaning & Household", "sub_category_name": "Stationery", "product_name": "Seperator/Divider - A4", "product_brand": "Solo", "combo": []}, {"category": "Cleaning & Household", "sub_category_name": "Stationery", "product_name": "Notebook - Unruled, Small", "product_brand": "Classmate", "combo": [["6x172 Pages", "168.00"], ["172 Pages", "28.00"]]}, {"category": "Cleaning & Household", "sub_category_name": "Stationery", "product_name": "Utility Set", "product_brand": "B Vishal", "combo": []}, {"category": "Cleaning & Household", "sub_category_name": "Stationery", "product_name": "EZ Grip", "product_brand": "Apsara", "combo": []}, {"category": "Cleaning & Household", "sub_category_name": "Stationery", "product_name": "Gel Pen Blue, Octane, Blister 5pc+Notebook King Size Ruled, College Spiral 200pg", "product_brand": "Classmate", "combo": []}, {"category": "Cleaning & Household", "sub_category_name": "Stationery", "product_name": "Smart Crayon - 70 X 25", "product_brand": "Faber castell", "combo": []}, {"category": "Cleaning & Household", "sub_category_name": "Stationery", "product_name": "Mayfair Ballpen - Blue", "product_brand": "BIC Cello", "combo": []}, {"category": "Cleaning & Household", "sub_category_name": "Stationery", "product_name": "Envelope - Cloth Lined, Green, 10.5 x 4.5 inches", "product_brand": "Ravi", "combo": []}, {"category": "Cleaning & Household", "sub_category_name": "Stationery", "product_name": "Stamp Pad - Medium", "product_brand": "Kores", "combo": []}, {"category": "Cleaning & Household", "sub_category_name": "Stationery", "product_name": "Yellow Sticky Notes - Paper, BB1277", "product_brand": "DP", "combo": []}, {"category": "Cleaning & Household", "sub_category_name": "Stationery", "product_name": "Fevicol MR - Flip Top", "product_brand": "Pidilite", "combo": []}, {"category": "Cleaning & Household", "sub_category_name": "Stationery", "product_name": "Envelope - White, 9 x 4 inches", "product_brand": "Ravi", "combo": []}, {"category": "Cleaning & Household", "sub_category_name": "Stationery", "product_name": "Notebook - King Size, Double Line", "product_brand": "Classmate", "combo": [["172 Pages", "44.64"], ["4x172 Pages", "178.56"], ["3x1pc", "133.92"]]}, {"category": "Cleaning & Household", "sub_category_name": "Stationery", "product_name": "Notebook - Unruled, Long", "product_brand": "Classmate", "combo": [["172 Pages", "44.64"], ["6x172 Pages", "267.84"]]}, {"category": "Cleaning & Household", "sub_category_name": "Stationery", "product_name": "Stapler Pin Pack - 24/6", "product_brand": "Kangaroo", "combo": []}, {"category": "Cleaning & Household", "sub_category_name": "Stationery", "product_name": "Stamp Pad - Violet", "product_brand": "Faber castell", "combo": []}, {"category": "Cleaning & Household", "sub_category_name": "Stationery", "product_name": "Geometry Box - Disney, Invento", "product_brand": "Classmate", "combo": []}, {"category": "Cleaning & Household", "sub_category_name": "Stationery", "product_name": "Mini Sewing Kit", "product_brand": "B Vishal", "combo": []}, {"category": "Cleaning & Household", "sub_category_name": "Stationery", "product_name": "Box File - With Steel Clip, Fullscape, Classic", "product_brand": "Ravi", "combo": []}, {"category": "Cleaning & Household", "sub_category_name": "Stationery", "product_name": "503 Display File - A4, 20 Leaves", "product_brand": "Stationari+", "combo": []}, {"category": "Cleaning & Household", "sub_category_name": "Stationery", "product_name": "Seperator/Divider - A4", "product_brand": "Solo", "combo": []}, {"category": "Cleaning & Household", "sub_category_name": "Stationery", "product_name": "Notebook - Unruled, Small", "product_brand": "Classmate", "combo": [["6x172 Pages", "168.00"], ["172 Pages", "28.00"]]}, {"category": "Cleaning & Household", "sub_category_name": "Stationery", "product_name": "Utility Set", "product_brand": "B Vishal", "combo": []}, {"category": "Cleaning & Household", "sub_category_name": "Stationery", "product_name": "EZ Grip", "product_brand": "Apsara", "combo": []}, {"category": "Cleaning & Household", "sub_category_name": "Stationery", "product_name": "Gel Pen Blue, Octane, Blister 5pc+Notebook King Size Ruled, College Spiral 200pg", "product_brand": "Classmate", "combo": []}, {"category": "Cleaning & Household", "sub_category_name": "Stationery", "product_name": "Smart Crayon - 70 X 25", "product_brand": "Faber castell", "combo": []}, {"category": "Cleaning & Household", "sub_category_name": "Stationery", "product_name": "Mayfair Ballpen - Blue", "product_brand": "BIC Cello", "combo": []}, {"category": "Cleaning & Household", "sub_category_name": "Stationery", "product_name": "Envelope - Cloth Lined, Green, 10.5 x 4.5 inches", "product_brand": "Ravi", "combo": []}, {"category": "Cleaning & Household", "sub_category_name": "Stationery", "product_name": "Stamp Pad - Medium", "product_brand": "Kores", "combo": []}, {"category": "Cleaning & Household", "sub_category_name": "Stationery", "product_name": "Yellow Sticky Notes - Paper, BB1277", "product_brand": "DP", "combo": []}, {"category": "Cleaning & Household", "sub_category_name": "Stationery", "product_name": "Fevicol MR - Flip Top", "product_brand": "Pidilite", "combo": []}, {"category": "Cleaning & Household", "sub_category_name": "Stationery", "product_name": "Envelope - White, 9 x 4 inches", "product_brand": "Ravi", "combo": []}, {"category": "Cleaning & Household", "sub_category_name": "Stationery", "product_name": "Notebook - King Size, Double Line", "product_brand": "Classmate", "combo": [["172 Pages", "44.64"], ["4x172 Pages", "178.56"], ["3x1pc", "133.92"]]}, {"category": "Cleaning & Household", "sub_category_name": "Stationery", "product_name": "Notebook - Unruled, Long", "product_brand": "Classmate", "combo": [["172 Pages", "44.64"], ["6x172 Pages", "267.84"]]}, {"category": "Cleaning & Household", "sub_category_name": "Stationery", "product_name": "Stapler Pin Pack - 24/6", "product_brand": "Kangaroo", "combo": []}, {"category": "Cleaning & Household", "sub_category_name": "Stationery", "product_name": "Stamp Pad - Violet", "product_brand": "Faber castell", "combo": []}, {"category": "Cleaning & Household", "sub_category_name": "Stationery", "product_name": "Geometry Box - Disney, Invento", "product_brand": "Classmate", "combo": []}, {"category": "Cleaning & Household", "sub_category_name": "Stationery", "product_name": "Mini Sewing Kit", "product_brand": "B Vishal", "combo": []}, {"category": "Cleaning & Household", "sub_category_name": "Stationery", "product_name": "Box File - With Steel Clip, Fullscape, Classic", "product_brand": "Ravi", "combo": []}, {"category": "Cleaning & Household", "sub_category_name": "Stationery", "product_name": "503 Display File - A4, 20 Leaves", "product_brand": "Stationari+", "combo": []}, {"category": "Cleaning & Household", "sub_category_name": "Stationery", "product_name": "Seperator/Divider - A4", "product_brand": "Solo", "combo": []}, {"category": "Cleaning & Household", "sub_category_name": "Stationery", "product_name": "Notebook - Unruled, Small", "product_brand": "Classmate", "combo": [["6x172 Pages", "168.00"], ["172 Pages", "28.00"]]}, {"category": "Cleaning & Household", "sub_category_name": "Stationery", "product_name": "Utility Set", "product_brand": "B Vishal", "combo": []}, {"category": "Cleaning & Household", "sub_category_name": "Stationery", "product_name": "EZ Grip", "product_brand": "Apsara", "combo": []}, {"category": "Cleaning & Household", "sub_category_name": "Stationery", "product_name": "Gel Pen Blue, Octane, Blister 5pc+Notebook King Size Ruled, College Spiral 200pg", "product_brand": "Classmate", "combo": []}, {"category": "Cleaning & Household", "sub_category_name": "Stationery", "product_name": "Smart Crayon - 70 X 25", "product_brand": "Faber castell", "combo": []}, {"category": "Cleaning & Household", "sub_category_name": "Stationery", "product_name": "Mayfair Ballpen - Blue", "product_brand": "BIC Cello", "combo": []}, {"category": "Cleaning & Household", "sub_category_name": "Stationery", "product_name": "Envelope - Cloth Lined, Green, 10.5 x 4.5 inches", "product_brand": "Ravi", "combo": []}, {"category": "Cleaning & Household", "sub_category_name": "Stationery", "product_name": "Stamp Pad - Medium", "product_brand": "Kores", "combo": []}, {"category": "Cleaning & Household", "sub_category_name": "Stationery", "product_name": "Yellow Sticky Notes - Paper, BB1277", "product_brand": "DP", "combo": []}, {"category": "Cleaning & Household", "sub_category_name": "Stationery", "product_name": "Fevicol MR - Flip Top", "product_brand": "Pidilite", "combo": []}, {"category": "Cleaning & Household", "sub_category_name": "Stationery", "product_name": "Envelope - White, 9 x 4 inches", "product_brand": "Ravi", "combo": []}, {"category": "Cleaning & Household", "sub_category_name": "Stationery", "product_name": "Notebook - King Size, Double Line", "product_brand": "Classmate", "combo": [["172 Pages", "44.64"], ["4x172 Pages", "178.56"], ["3x1pc", "133.92"]]}, {"category": "Cleaning & Household", "sub_category_name": "Stationery", "product_name": "Notebook - Unruled, Long", "product_brand": "Classmate", "combo": [["172 Pages", "44.64"], ["6x172 Pages", "267.84"]]}, {"category": "Cleaning & Household", "sub_category_name": "Stationery", "product_name": "Stapler Pin Pack - 24/6", "product_brand": "Kangaroo", "combo": []}, {"category": "Cleaning & Household", "sub_category_name": "Stationery", "product_name": "Stamp Pad - Violet", "product_brand": "Faber castell", "combo": []}, {"category": "Cleaning & Household", "sub_category_name": "Stationery", "product_name": "Geometry Box - Disney, Invento", "product_brand": "Classmate", "combo": []}, {"category": "Cleaning & Household", "sub_category_name": "Stationery", "product_name": "Mini Sewing Kit", "product_brand": "B Vishal", "combo": []}, {"category": "Cleaning & Household", "sub_category_name": "Stationery", "product_name": "Box File - With Steel Clip, Fullscape, Classic", "product_brand": "Ravi", "combo": []}, {"category": "Cleaning & Household", "sub_category_name": "Stationery", "product_name": "503 Display File - A4, 20 Leaves", "product_brand": "Stationari+", "combo": []}, {"category": "Cleaning & Household", "sub_category_name": "Stationery", "product_name": "Seperator/Divider - A4", "product_brand": "Solo", "combo": []}, {"category": "Cleaning & Household", "sub_category_name": "Stationery", "product_name": "Notebook - Unruled, Small", "product_brand": "Classmate", "combo": [["6x172 Pages", "168.00"], ["172 Pages", "28.00"]]}, {"category": "Cleaning & Household", "sub_category_name": "Stationery", "product_name": "Utility Set", "product_brand": "B Vishal", "combo": []}, {"category": "Cleaning & Household", "sub_category_name": "Stationery", "product_name": "EZ Grip", "product_brand": "Apsara", "combo": []}, {"category": "Cleaning & Household", "sub_category_name": "Stationery", "product_name": "Gel Pen Blue, Octane, Blister 5pc+Notebook King Size Ruled, College Spiral 200pg", "product_brand": "Classmate", "combo": []}, {"category": "Cleaning & Household", "sub_category_name": "Stationery", "product_name": "Smart Crayon - 70 X 25", "product_brand": "Faber castell", "combo": []}, {"category": "Cleaning & Household", "sub_category_name": "Stationery", "product_name": "Mayfair Ballpen - Blue", "product_brand": "BIC Cello", "combo": []}, {"category": "Cleaning & Household", "sub_category_name": "Stationery", "product_name": "Envelope - Cloth Lined, Green, 10.5 x 4.5 inches", "product_brand": "Ravi", "combo": []}, {"category": "Cleaning & Household", "sub_category_name": "Stationery", "product_name": "Stamp Pad - Medium", "product_brand": "Kores", "combo": []}, {"category": "Cleaning & Household", "sub_category_name": "Stationery", "product_name": "Yellow Sticky Notes - Paper, BB1277", "product_brand": "DP", "combo": []}, {"category": "Cleaning & Household", "sub_category_name": "Stationery", "product_name": "Fevicol MR - Flip Top", "product_brand": "Pidilite", "combo": []}, {"category": "Cleaning & Household", "sub_category_name": "Stationery", "product_name": "Envelope - White, 9 x 4 inches", "product_brand": "Ravi", "combo": []}, {"category": "Cleaning & Household", "sub_category_name": "Stationery", "product_name": "Notebook - King Size, Double Line", "product_brand": "Classmate", "combo": [["172 Pages", "44.64"], ["4x172 Pages", "178.56"], ["3x1pc", "133.92"]]}, {"category": "Cleaning & Household", "sub_category_name": "Stationery", "product_name": "Notebook - Unruled, Long", "product_brand": "Classmate", "combo": [["172 Pages", "44.64"], ["6x172 Pages", "267.84"]]}, {"category": "Cleaning & Household", "sub_category_name": "Stationery", "product_name": "Stapler Pin Pack - 24/6", "product_brand": "Kangaroo", "combo": []}, {"category": "Cleaning & Household", "sub_category_name": "Stationery", "product_name": "Stamp Pad - Violet", "product_brand": "Faber castell", "combo": []}, {"category": "Cleaning & Household", "sub_category_name": "Stationery", "product_name": "Geometry Box - Disney, Invento", "product_brand": "Classmate", "combo": []}, {"category": "Cleaning & Household", "sub_category_name": "Stationery", "product_name": "Mini Sewing Kit", "product_brand": "B Vishal", "combo": []}, {"category": "Cleaning & Household", "sub_category_name": "Stationery", "product_name": "Box File - With Steel Clip, Fullscape, Classic", "product_brand": "Ravi", "combo": []}, {"category": "Cleaning & Household", "sub_category_name": "Stationery", "product_name": "503 Display File - A4, 20 Leaves", "product_brand": "Stationari+", "combo": []}, {"category": "Cleaning & Household", "sub_category_name": "Stationery", "product_name": "Seperator/Divider - A4", "product_brand": "Solo", "combo": []}, {"category": "Cleaning & Household", "sub_category_name": "Stationery", "product_name": "Notebook - Unruled, Small", "product_brand": "Classmate", "combo": [["6x172 Pages", "168.00"], ["172 Pages", "28.00"]]}, {"category": "Cleaning & Household", "sub_category_name": "Stationery", "product_name": "Utility Set", "product_brand": "B Vishal", "combo": []}, {"category": "Cleaning & Household", "sub_category_name": "Stationery", "product_name": "EZ Grip", "product_brand": "Apsara", "combo": []}, {"category": "Cleaning & Household", "sub_category_name": "Stationery", "product_name": "Gel Pen Blue, Octane, Blister 5pc+Notebook King Size Ruled, College Spiral 200pg", "product_brand": "Classmate", "combo": []}, {"category": "Cleaning & Household", "sub_category_name": "Stationery", "product_name": "Smart Crayon - 70 X 25", "product_brand": "Faber castell", "combo": []}, {"category": "Cleaning & Household", "sub_category_name": "Stationery", "product_name": "Mayfair Ballpen - Blue", "product_brand": "BIC Cello", "combo": []}, {"category": "Cleaning & Household", "sub_category_name": "Stationery", "product_name": "Envelope - Cloth Lined, Green, 10.5 x 4.5 inches", "product_brand": "Ravi", "combo": []}, {"category": "Cleaning & Household", "sub_category_name": "Stationery", "product_name": "Stamp Pad - Medium", "product_brand": "Kores", "combo": []}, {"category": "Cleaning & Household", "sub_category_name": "Stationery", "product_name": "Yellow Sticky Notes - Paper, BB1277", "product_brand": "DP", "combo": []}, {"category": "Cleaning & Household", "sub_category_name": "Stationery", "product_name": "Fevicol MR - Flip Top", "product_brand": "Pidilite", "combo": []}, {"category": "Cleaning & Household", "sub_category_name": "Stationery", "product_name": "Envelope - White, 9 x 4 inches", "product_brand": "Ravi", "combo": []}, {"category": "Cleaning & Household", "sub_category_name": "Stationery", "product_name": "Notebook - King Size, Double Line", "product_brand": "Classmate", "combo": [["172 Pages", "44.64"], ["4x172 Pages", "178.56"], ["3x1pc", "133.92"]]}, {"category": "Cleaning & Household", "sub_category_name": "Stationery", "product_name": "Notebook - Unruled, Long", "product_brand": "Classmate", "combo": [["172 Pages", "44.64"], ["6x172 Pages", "267.84"]]}, {"category": "Cleaning & Household", "sub_category_name": "Stationery", "product_name": "Stapler Pin Pack - 24/6", "product_brand": "Kangaroo", "combo": []}, {"category": "Cleaning & Household", "sub_category_name": "Stationery", "product_name": "Stamp Pad - Violet", "product_brand": "Faber castell", "combo": []}, {"category": "Cleaning & Household", "sub_category_name": "Stationery", "product_name": "Geometry Box - Disney, Invento", "product_brand": "Classmate", "combo": []}, {"category": "Cleaning & Household", "sub_category_name": "Stationery", "product_name": "Mini Sewing Kit", "product_brand": "B Vishal", "combo": []}, {"category": "Cleaning & Household", "sub_category_name": "Stationery", "product_name": "Box File - With Steel Clip, Fullscape, Classic", "product_brand": "Ravi", "combo": []}, {"category": "Cleaning & Household", "sub_category_name": "Stationery", "product_name": "503 Display File - A4, 20 Leaves", "product_brand": "Stationari+", "combo": []}, {"category": "Cleaning & Household", "sub_category_name": "Stationery", "product_name": "Seperator/Divider - A4", "product_brand": "Solo", "combo": []}, {"category": "Cleaning & Household", "sub_category_name": "Stationery", "product_name": "Notebook - Unruled, Small", "product_brand": "Classmate", "combo": [["6x172 Pages", "168.00"], ["172 Pages", "28.00"]]}]