[{"category": "Kitchen, Garden & Pets", "sub_category_name": "Cookware & Non Stick", "product_name": "Non-Stick Cookware Set With Steel Lid - Maroon", "product_brand": "Nirlon", "combo": []}, {"category": "Kitchen, Garden & Pets", "sub_category_name": "Cookware & Non Stick", "product_name": "Non-Stick Appam Patra/Panniyarkal With Steel Lid - Diamond Series", "product_brand": "Anjali", "combo": []}, {"category": "Kitchen, Garden & Pets", "sub_category_name": "Cookware & Non Stick", "product_name": "Svachh Aluminium Outer Lid Pressure Cooker (10726)", "product_brand": "Prestige", "combo": []}, {"category": "Kitchen, Garden & Pets", "sub_category_name": "Cookware & Non Stick", "product_name": "Nakshatra Plus Svachh Inner Lid Pressure Cooker (10752)", "product_brand": "Prestige", "combo": []}, {"category": "Kitchen, Garden & Pets", "sub_category_name": "Cookware & Non Stick", "product_name": "Nakshatra Plus Svachh Inner Lid Pressure Cooker (10753)", "product_brand": "Prestige", "combo": []}, {"category": "Kitchen, Garden & Pets", "sub_category_name": "Cookware & Non Stick", "product_name": "Svachh DLX Alpha Steel Outer Lid Pressure Cooker (20255)", "product_brand": "Prestige", "combo": []}, {"category": "Kitchen, Garden & Pets", "sub_category_name": "Cookware & Non Stick", "product_name": "Svachh Nakshtra Steel Inner Lid Pressure Cooker (20257)", "product_brand": "Prestige", "combo": []}, {"category": "Kitchen, Garden & Pets", "sub_category_name": "Cookware & Non Stick", "product_name": "Svachh DLX Alpha Steel Outer Lid Pressure Cooker (20265)", "product_brand": "Prestige", "combo": []}, {"category": "Kitchen, Garden & Pets", "sub_category_name": "Cookware & Non Stick", "product_name": "Svachh DLX Alpha Steel Outer Lid Pressure Cooker (20266)", "product_brand": "Prestige", "combo": []}, {"category": "Kitchen, Garden & Pets", "sub_category_name": "Cookware & Non Stick", "product_name": "Non-Stick Cookware Set - Red, Tawa 250 mm + Kadhai 220 mm", "product_brand": "Anjali", "combo": []}, {"category": "Kitchen, Garden & Pets", "sub_category_name": "Cookware & Non Stick", "product_name": "Induction Base Stainless Steel Cookware Set - Kadai, Patila, Sauce Pan", "product_brand": "Kitchen Essentials", "combo": []}, {"category": "Kitchen, Garden & Pets", "sub_category_name": "Cookware & Non Stick", "product_name": "Induction Base Stainless Steel 25 cm Kadai With Glass Lid - Heavy Gauge, 3 L", "product_brand": "Kitchen Essentials", "combo": []}, {"category": "Kitchen, Garden & Pets", "sub_category_name": "Cookware & Non Stick", "product_name": "Non-Stick Cookware Set With Glass Lid & Nylon Spoon-Granite Coating - Red", "product_brand": "Nirlon", "combo": []}, {"category": "Kitchen, Garden & Pets", "sub_category_name": "Cookware & Non Stick", "product_name": "Induction Base Non Stick Cookware Set With Glass Lid & Soft Touch Handle - Regal Purple", "product_brand": "Nirlon", "combo": []}, {"category": "Kitchen, Garden & Pets", "sub_category_name": "Cookware & Non Stick", "product_name": "Non-Stick Cookware Set - Tawa+Kadai+Fry Pan, Red", "product_brand": "Nirlon", "combo": []}, {"category": "Kitchen, Garden & Pets", "sub_category_name": "Cookware & Non Stick", "product_name": "Non-Stick Cookware Set - Favourite,Red (12417-S)", "product_brand": "Pigeon", "combo": []}, {"category": "Kitchen, Garden & Pets", "sub_category_name": "Cookware & Non Stick", "product_name": "3 Burner Gas Stove - Glass Top Manual Ignition, Ayush 13336", "product_brand": "Pigeon", "combo": []}, {"category": "Kitchen, Garden & Pets", "sub_category_name": "Cookware & Non Stick", "product_name": "Svachh Outer Lid Pressure Cooker Combo-5L & 3L (10783)", "product_brand": "Prestige", "combo": []}, {"category": "Kitchen, Garden & Pets", "sub_category_name": "Cookware & Non Stick", "product_name": "Svachh Outer Lid Pressure Cooker Combo-3L & 2L (10784)", "product_brand": "Prestige", "combo": []}, {"category": "Kitchen, Garden & Pets", "sub_category_name": "Cookware & Non Stick", "product_name": "Copper Bottom Steel Cook N Serve Set With Glass Lid", "product_brand": "Neelam", "combo": []}, {"category": "Kitchen, Garden & Pets", "sub_category_name": "Cookware & Non Stick", "product_name": "Non-Stick Biryani Pot/Handi With Glass Lid - 24 cm, Maroon", "product_brand": "Srushti Gold", "combo": []}, {"category": "Kitchen, Garden & Pets", "sub_category_name": "Cookware & Non Stick", "product_name": "Non-Stick Flat Dosa-Tawa With Soft Touch Handle - 28 cm, Red", "product_brand": "Srushti Gold", "combo": []}, {"category": "Kitchen, Garden & Pets", "sub_category_name": "Cookware & Non Stick", "product_name": "Non-Stick Appam Patra/Panniyarkal With Steel Lid - Diamond Series", "product_brand": "Anjali", "combo": []}, {"category": "Kitchen, Garden & Pets", "sub_category_name": "Cookware & Non Stick", "product_name": "Non-Stick Fry Pan 240 mm & Tawa 260mm Combo - Granite Coating, Black", "product_brand": "Nirlon", "combo": []}, {"category": "Kitchen, Garden & Pets", "sub_category_name": "Cookware & Non Stick", "product_name": "Stainless Steel Idli Maker", "product_brand": "Kitchen Essentials", "combo": []}, {"category": "Kitchen, Garden & Pets", "sub_category_name": "Cookware & Non Stick", "product_name": "Non-Stick Flat Dosa Tawa - 260 mm, Aluminium, Red", "product_brand": "Master", "combo": []}, {"category": "Kitchen, Garden & Pets", "sub_category_name": "Cookware & Non Stick", "product_name": "Stainless Steel Serving Handi Set With Lids & 2 Serving Spoons", "product_brand": "BB Home", "combo": []}, {"category": "Kitchen, Garden & Pets", "sub_category_name": "Cookware & Non Stick", "product_name": "Steel Flat Bottom Tope/Patila/Bhagona - No. 12", "product_brand": "BB Home", "combo": []}, {"category": "Kitchen, Garden & Pets", "sub_category_name": "Cookware & Non Stick", "product_name": "Steel Milk/Sauce/Tea Pan - No. 10, Regular", "product_brand": "BB Home", "combo": []}, {"category": "Kitchen, Garden & Pets", "sub_category_name": "Cookware & Non Stick", "product_name": "Hard Anodised Ezee-Pour Saucepan With Lid - L88", "product_brand": "Hawkins Futura", "combo": []}, {"category": "Kitchen, Garden & Pets", "sub_category_name": "Cookware & Non Stick", "product_name": "Hard Anodised Saucepan With Stainless Steel Lid - L95, 16 Cm", "product_brand": "Hawkins Futura", "combo": []}, {"category": "Kitchen, Garden & Pets", "sub_category_name": "Cookware & Non Stick", "product_name": "Deluxe Granite Non-Stick Omni Tawa, 300 mm (36303)", "product_brand": "Prestige", "combo": []}, {"category": "Kitchen, Garden & Pets", "sub_category_name": "Cookware & Non Stick", "product_name": "Non-Stick Heavy Gauge Dosa/Flat Tawa With Wire Handle - Red", "product_brand": "Nirlon", "combo": []}, {"category": "Kitchen, Garden & Pets", "sub_category_name": "Cookware & Non Stick", "product_name": "Non Stick Kadai - Red", "product_brand": "Nirlon", "combo": []}, {"category": "Kitchen, Garden & Pets", "sub_category_name": "Cookware & Non Stick", "product_name": "Induction Base Non-Stick Cookware Set With Steel Lid - Maroon", "product_brand": "Nirlon", "combo": []}, {"category": "Kitchen, Garden & Pets", "sub_category_name": "Cookware & Non Stick", "product_name": "Steel Milk/Sauce/Tea Pan - No. 10, Deluxe", "product_brand": "BB Home", "combo": []}, {"category": "Kitchen, Garden & Pets", "sub_category_name": "Cookware & Non Stick", "product_name": "Aluminium Kadai - Induction Base", "product_brand": "Le Kaviraj", "combo": []}, {"category": "Kitchen, Garden & Pets", "sub_category_name": "Cookware & Non Stick", "product_name": "Combo - Outer Lid Aluminum Pressure Cooker With Common Lid", "product_brand": "Srushti Gold", "combo": []}, {"category": "Kitchen, Garden & Pets", "sub_category_name": "Cookware & Non Stick", "product_name": "Stainless Steel Copper Bottom Cook & Serve Handi-Parpu Chetty Set", "product_brand": "BB Home", "combo": []}, {"category": "Kitchen, Garden & Pets", "sub_category_name": "Cookware & Non Stick", "product_name": "Steel Milk Sauce Pan 10 Cm & Casserole With Glass Lid 16 Cm", "product_brand": "Kitchen Essentials", "combo": []}, {"category": "Kitchen, Garden & Pets", "sub_category_name": "Cookware & Non Stick", "product_name": "Tope/Patila Combo With Lid - 550ml + 950ml + 1100 ml, Stainless Steel", "product_brand": "Neelam", "combo": []}, {"category": "Kitchen, Garden & Pets", "sub_category_name": "Cookware & Non Stick", "product_name": "Non-Stick Dosa-Flat Tawa With Soft Touch Handle - Red", "product_brand": "Le Kaviraj", "combo": []}, {"category": "Kitchen, Garden & Pets", "sub_category_name": "Cookware & Non Stick", "product_name": "Popular Senior Aluminium Deep Pressure Pan-Cooker (10035)", "product_brand": "Prestige", "combo": []}, {"category": "Kitchen, Garden & Pets", "sub_category_name": "Cookware & Non Stick", "product_name": "Home Zone Stainless Steel Milk Pan - Induction Bottom", "product_brand": "Kitchen Essentials", "combo": []}, {"category": "Kitchen, Garden & Pets", "sub_category_name": "Cookware & Non Stick", "product_name": "Omega Select Plus Non-Stick Paniyarakkal-11 Holes (30727)", "product_brand": "Prestige", "combo": []}, {"category": "Kitchen, Garden & Pets", "sub_category_name": "Cookware & Non Stick", "product_name": "Omega Select Plus Non-Stick Paniyarakkal-7 Holes (30726)", "product_brand": "Prestige", "combo": []}, {"category": "Kitchen, Garden & Pets", "sub_category_name": "Cookware & Non Stick", "product_name": "Nakshatra Plus Induction Base Aluminum Pressure Cooker 11604", "product_brand": "Prestige", "combo": []}, {"category": "Kitchen, Garden & Pets", "sub_category_name": "Cookware & Non Stick", "product_name": "Steel Milk/Sauce/Tea Pan - No. 9, Regular", "product_brand": "BB Home", "combo": []}, {"category": "Kitchen, Garden & Pets", "sub_category_name": "Cookware & Non Stick", "product_name": "Aluminium Pressure Cooker - Pranzo, Induction Base, Hard Anodised, Black", "product_brand": "United", "combo": []}, {"category": "Kitchen, Garden & Pets", "sub_category_name": "Cookware & Non Stick", "product_name": "Popular Aluminium Outer Lid Pressure Cooker (10013)", "product_brand": "Prestige", "combo": []}, {"category": "Kitchen, Garden & Pets", "sub_category_name": "Cookware & Non Stick", "product_name": "Popular Aluminium Outer Lid Pressure Cooker (10000)", "product_brand": "Prestige", "combo": []}, {"category": "Kitchen, Garden & Pets", "sub_category_name": "Cookware & Non Stick", "product_name": "Popular Aluminium Outer Lid Pressure Cooker (10003)", "product_brand": "Prestige", "combo": []}, {"category": "Kitchen, Garden & Pets", "sub_category_name": "Cookware & Non Stick", "product_name": "Frying Pan - Non Stick, Induction Base", "product_brand": "Le Kaviraj", "combo": []}, {"category": "Kitchen, Garden & Pets", "sub_category_name": "Cookware & Non Stick", "product_name": "Non-Stick Dosa/ Flat Tawa - 29.5 cm, Red", "product_brand": "Nirlon", "combo": []}, {"category": "Kitchen, Garden & Pets", "sub_category_name": "Cookware & Non Stick", "product_name": "Steel Flat Bottom Tope/Patila/Bhagona - No. 14", "product_brand": "BB Home", "combo": []}, {"category": "Kitchen, Garden & Pets", "sub_category_name": "Cookware & Non Stick", "product_name": "Popular Stainless Steel Outer Lid Pressure Cooker (20654)", "product_brand": "Prestige", "combo": []}, {"category": "Kitchen, Garden & Pets", "sub_category_name": "Cookware & Non Stick", "product_name": "Steel Induction Bottom Tope/Patila/Bhagona - No. 11", "product_brand": "BB Home", "combo": []}, {"category": "Kitchen, Garden & Pets", "sub_category_name": "Cookware & Non Stick", "product_name": "Non-Stick Sauce Pan - 17.5 cm, 1.5 L, Red", "product_brand": "Nirlon", "combo": []}, {"category": "Kitchen, Garden & Pets", "sub_category_name": "Cookware & Non Stick", "product_name": "Combo - Non-Stick Flat Tawa & Kadai, Red", "product_brand": "Nirlon", "combo": []}, {"category": "Kitchen, Garden & Pets", "sub_category_name": "Cookware & Non Stick", "product_name": "Steel Induction Bottom Tope/Patila/Bhagona - No. 15", "product_brand": "BB Home", "combo": []}, {"category": "Kitchen, Garden & Pets", "sub_category_name": "Cookware & Non Stick", "product_name": "Stainless Steel Tope/Patila With Induction Bottom No 16", "product_brand": "Vinod", "combo": []}, {"category": "Kitchen, Garden & Pets", "sub_category_name": "Cookware & Non Stick", "product_name": "Steel Induction Bottom Tope/Patila/Bhagona - No. 13", "product_brand": "BB Home", "combo": []}, {"category": "Kitchen, Garden & Pets", "sub_category_name": "Cookware & Non Stick", "product_name": "Induction Base Aluminium Outer Lid Pressure Cooker Combo - 12610", "product_brand": "Pigeon", "combo": []}, {"category": "Kitchen, Garden & Pets", "sub_category_name": "Cookware & Non Stick", "product_name": "Non-Stick Induction Base Flat Dosa Tawa - 280 mm, Red", "product_brand": "Cello Cookware", "combo": []}, {"category": "Kitchen, Garden & Pets", "sub_category_name": "Cookware & Non Stick", "product_name": "Stainless Steel Copper Laquer Touch Tope-Patila Set With Lids", "product_brand": "Jagdamba", "combo": []}, {"category": "Kitchen, Garden & Pets", "sub_category_name": "Cookware & Non Stick", "product_name": "Stainless Steel Cookware - With Lid, Induction Friendly, Bellevue", "product_brand": "Kitchen Essentials", "combo": []}, {"category": "Kitchen, Garden & Pets", "sub_category_name": "Cookware & Non Stick", "product_name": "Honey Comb Touch Non-Stick Flat Tawa - 260 mm, Black", "product_brand": "Nirlon", "combo": []}, {"category": "Kitchen, Garden & Pets", "sub_category_name": "Cookware & Non Stick", "product_name": "Honey Comb Touch Non-stick Flat Fry Pan - 240 mm, Black", "product_brand": "Nirlon", "combo": []}, {"category": "Kitchen, Garden & Pets", "sub_category_name": "Cookware & Non Stick", "product_name": "Honey Comb Touch Non-Stick Deep Kadhai - 220 mm, Black", "product_brand": "Nirlon", "combo": []}, {"category": "Kitchen, Garden & Pets", "sub_category_name": "Cookware & Non Stick", "product_name": "Aluminium Pressure Cooker - With Silicone Soft Touch Handle, Cibo X1, Silver", "product_brand": "United", "combo": []}, {"category": "Kitchen, Garden & Pets", "sub_category_name": "Cookware & Non Stick", "product_name": "Non-Stick Concave Dosa/ Chapati Tawa - 28.5 cm, Red", "product_brand": "Nirlon", "combo": []}, {"category": "Kitchen, Garden & Pets", "sub_category_name": "Cookware & Non Stick", "product_name": "Steel Induction Bottom Tope/Patila/Bhagona - No. 17", "product_brand": "BB Home", "combo": []}, {"category": "Kitchen, Garden & Pets", "sub_category_name": "Cookware & Non Stick", "product_name": "Omega Select Plus Non-Stick Concave Tawa, 250 mm (30712)", "product_brand": "Prestige", "combo": []}, {"category": "Kitchen, Garden & Pets", "sub_category_name": "Cookware & Non Stick", "product_name": "Honey Comb Touch Non-Stick Cookware Set - Black", "product_brand": "Nirlon", "combo": []}, {"category": "Kitchen, Garden & Pets", "sub_category_name": "Cookware & Non Stick", "product_name": "Non-Stick Tapper Fry Pan - 20 Cm, Red", "product_brand": "Nirlon", "combo": []}, {"category": "Kitchen, Garden & Pets", "sub_category_name": "Cookware & Non Stick", "product_name": "Aluminium Pressure Cooker - Outer Lid", "product_brand": "Leo Natura", "combo": []}, {"category": "Kitchen, Garden & Pets", "sub_category_name": "Cookware & Non Stick", "product_name": "Combo - Coloured Non-Stick Flat Tawa & Kadai, Blue", "product_brand": "Nirlon", "combo": []}, {"category": "Kitchen, Garden & Pets", "sub_category_name": "Cookware & Non Stick", "product_name": "Idly Stand - Non Stick", "product_brand": "Le Kaviraj", "combo": []}, {"category": "Kitchen, Garden & Pets", "sub_category_name": "Cookware & Non Stick", "product_name": "Stainless Steel Cookware Set", "product_brand": "Neelam", "combo": []}, {"category": "Kitchen, Garden & Pets", "sub_category_name": "Cookware & Non Stick", "product_name": "Aluminium Pressure Cooker - Outer Lid, Induction Base", "product_brand": "Srushti Gold", "combo": []}, {"category": "Kitchen, Garden & Pets", "sub_category_name": "Cookware & Non Stick", "product_name": "Steel Casserole Cook N Serve Induction Bottom With Glass Lid - 16 cm", "product_brand": "Vinayak", "combo": []}, {"category": "Kitchen, Garden & Pets", "sub_category_name": "Cookware & Non Stick", "product_name": "Non-Stick Multi Pan With Stainless Steel Lid - Black", "product_brand": "Anjali", "combo": []}, {"category": "Kitchen, Garden & Pets", "sub_category_name": "Cookware & Non Stick", "product_name": "Tope - Aluminium", "product_brand": "Namoo", "combo": []}, {"category": "Kitchen, Garden & Pets", "sub_category_name": "Cookware & Non Stick", "product_name": "Cookware Set - Stainless Steel, Tool Touch", "product_brand": "Manya", "combo": []}, {"category": "Kitchen, Garden & Pets", "sub_category_name": "Cookware & Non Stick", "product_name": "Steel Sauce Pan Induction Bottom With Glass Lid - 14 cm", "product_brand": "Vinayak", "combo": []}, {"category": "Kitchen, Garden & Pets", "sub_category_name": "Cookware & Non Stick", "product_name": "Steel Flat Bottom Tope/Patila/Bhagona - No. 10", "product_brand": "BB Home", "combo": []}, {"category": "Kitchen, Garden & Pets", "sub_category_name": "Cookware & Non Stick", "product_name": "Steel Tope Induction Bottom - 16 cm", "product_brand": "Vinayak", "combo": []}, {"category": "Kitchen, Garden & Pets", "sub_category_name": "Cookware & Non Stick", "product_name": "Stainless Steel Flat Botton Urli - No. 11", "product_brand": "Kitchen Essentials", "combo": []}, {"category": "Kitchen, Garden & Pets", "sub_category_name": "Cookware & Non Stick", "product_name": "Stainless Steel Copper Bottom Handi - No. 10", "product_brand": "Kitchen Essentials", "combo": []}, {"category": "Kitchen, Garden & Pets", "sub_category_name": "Cookware & Non Stick", "product_name": "Aluminium Pressure Cooker - Outer Lid", "product_brand": "Leo Natura", "combo": []}, {"category": "Kitchen, Garden & Pets", "sub_category_name": "Cookware & Non Stick", "product_name": "Aluminium Pressure Cooker - Outer Lid, Induction Base", "product_brand": "Leo Natura", "combo": []}, {"category": "Kitchen, Garden & Pets", "sub_category_name": "Cookware & Non Stick", "product_name": "Cooking Set - Garnet", "product_brand": "Wonderchef", "combo": []}, {"category": "Kitchen, Garden & Pets", "sub_category_name": "Cookware & Non Stick", "product_name": "Aluminium Baby Fry Pan", "product_brand": "Le Kaviraj", "combo": []}, {"category": "Kitchen, Garden & Pets", "sub_category_name": "Cookware & Non Stick", "product_name": "Stainless Steel Induction Base Sauce Pan - Regular", "product_brand": "Vinod", "combo": []}, {"category": "Kitchen, Garden & Pets", "sub_category_name": "Cookware & Non Stick", "product_name": "Non-Stick Concave Dosa-Chapati Tawa - 27 cm, Maroon", "product_brand": "Le Kaviraj", "combo": []}, {"category": "Kitchen, Garden & Pets", "sub_category_name": "Cookware & Non Stick", "product_name": "Platinum Triply Stainless Steel Induction Base Tope With Lid - 22 cm", "product_brand": "Vinod", "combo": [["1.7 L", "1349.00"], ["4.7 L", "1999.00"]]}, {"category": "Kitchen, Garden & Pets", "sub_category_name": "Cookware & Non Stick", "product_name": "Platinum Triply Stainless Steel Induction Base Fry Pan - 20 cm", "product_brand": "Vinod", "combo": [["1 pc", "1799.00"], ["1 pc", "2199.00"]]}, {"category": "Kitchen, Garden & Pets", "sub_category_name": "Cookware & Non Stick", "product_name": "Platinum Triply Stainless Steel Induction Base Saucepan With Lid - 18 cm", "product_brand": "Vinod", "combo": [["1.6 L", "1999.00"], ["2.2 L", "2199.00"]]}, {"category": "Kitchen, Garden & Pets", "sub_category_name": "Cookware & Non Stick", "product_name": "Platinum Triply Stainless Steel Induction Base Honeycomb Dosa Tawa - 28 cm", "product_brand": "Vinod", "combo": []}, {"category": "Kitchen, Garden & Pets", "sub_category_name": "Cookware & Non Stick", "product_name": "Platinum Triply Stainless Steel Induction Base Extra Deep Kadhai With Lid - 20 cm", "product_brand": "Vinod", "combo": [["1.5 L", "1899.00"], ["2.4 L", "2199.00"], ["3.3 L", "2599.00"], ["4.1 L", "2799.00"]]}, {"category": "Kitchen, Garden & Pets", "sub_category_name": "Cookware & Non Stick", "product_name": "Platinum Triply Stainless Steel Induction Base Saucepot/Casserole With Lid - 24 cm", "product_brand": "Vinod", "combo": []}, {"category": "Kitchen, Garden & Pets", "sub_category_name": "Cookware & Non Stick", "product_name": "Kadhai - Induction Bottom, Aluminium", "product_brand": "Namoo", "combo": []}, {"category": "Kitchen, Garden & Pets", "sub_category_name": "Cookware & Non Stick", "product_name": "Aluminium Tope", "product_brand": "Namoo", "combo": []}, {"category": "Kitchen, Garden & Pets", "sub_category_name": "Cookware & Non Stick", "product_name": "Casserole Cook n Serve With Glass Lid - Stainless Steel, Induction Bottom, 18 cm", "product_brand": "Chefset Kaviraj", "combo": []}, {"category": "Kitchen, Garden & Pets", "sub_category_name": "Cookware & Non Stick", "product_name": "Super Aluminium Saucepan Gift Pack", "product_brand": "Namoo", "combo": []}, {"category": "Kitchen, Garden & Pets", "sub_category_name": "Cookware & Non Stick", "product_name": "Aluminum Inner Lid Pressure Cooker - 5 lt", "product_brand": "Srushti Gold", "combo": []}, {"category": "Kitchen, Garden & Pets", "sub_category_name": "Cookware & Non Stick", "product_name": "Aluminium Pressure Cooker - With Silicone Soft Touch Handle, Cibo X1, Silver", "product_brand": "United", "combo": []}, {"category": "Kitchen, Garden & Pets", "sub_category_name": "Cookware & Non Stick", "product_name": "Aluminium Pressure Cooker - Super BLK Plus, Induction Base, Hard Anodised, Black", "product_brand": "UCOOK", "combo": []}, {"category": "Kitchen, Garden & Pets", "sub_category_name": "Cookware & Non Stick", "product_name": "Aluminium Pressure Cooker - Super SLVR, Silver", "product_brand": "UCOOK", "combo": []}, {"category": "Kitchen, Garden & Pets", "sub_category_name": "Cookware & Non Stick", "product_name": "Aluminium Pressure Cooker - Super SLVR Plus, Induction Base, Silver", "product_brand": "UCOOK", "combo": []}, {"category": "Kitchen, Garden & Pets", "sub_category_name": "Cookware & Non Stick", "product_name": "Aluminium Pressure Cooker - Super SLVR Plus, Induction Base, Silver", "product_brand": "UCOOK", "combo": []}, {"category": "Kitchen, Garden & Pets", "sub_category_name": "Cookware & Non Stick", "product_name": "Idly Boiler - Aluminium", "product_brand": "Le Kaviraj", "combo": []}, {"category": "Kitchen, Garden & Pets", "sub_category_name": "Cookware & Non Stick", "product_name": "Casseroles - With Lid, Everest", "product_brand": "Wonderchef", "combo": []}, {"category": "Kitchen, Garden & Pets", "sub_category_name": "Cookware & Non Stick", "product_name": "Casseroles - With Lid, Everest", "product_brand": "Wonderchef", "combo": []}, {"category": "Kitchen, Garden & Pets", "sub_category_name": "Cookware & Non Stick", "product_name": "Hard Anodised - Sauce Pan", "product_brand": "Kitchen Essentials", "combo": []}, {"category": "Kitchen, Garden & Pets", "sub_category_name": "Cookware & Non Stick", "product_name": "Aluminium Baby Sauce Pan", "product_brand": "Le Kaviraj", "combo": []}, {"category": "Kitchen, Garden & Pets", "sub_category_name": "Cookware & Non Stick", "product_name": "Non-Stick Mini Deep Kadhai - 16 cm, Maroon", "product_brand": "Le Kaviraj", "combo": []}, {"category": "Kitchen, Garden & Pets", "sub_category_name": "Cookware & Non Stick", "product_name": "Steel Casserole Cook N Serve Induction Bottom With Glass Lid - 18 cm", "product_brand": "Vinayak", "combo": []}, {"category": "Kitchen, Garden & Pets", "sub_category_name": "Cookware & Non Stick", "product_name": "Steel Kadhai Induction Bottom With Glass Lid - 20 cm", "product_brand": "Vinayak", "combo": []}, {"category": "Kitchen, Garden & Pets", "sub_category_name": "Cookware & Non Stick", "product_name": "Aluminium Pressure Cooker - Outer Lid", "product_brand": "Srushti Gold", "combo": []}, {"category": "Kitchen, Garden & Pets", "sub_category_name": "Cookware & Non Stick", "product_name": "Idly Stand - Aluminium", "product_brand": "Le Kaviraj", "combo": []}, {"category": "Kitchen, Garden & Pets", "sub_category_name": "Cookware & Non Stick", "product_name": "Popular Aluminium Pressure Cooker-Combo, 5L & 3L (10048)", "product_brand": "Prestige", "combo": []}, {"category": "Kitchen, Garden & Pets", "sub_category_name": "Cookware & Non Stick", "product_name": "Kadhai - Aluminium", "product_brand": "Namoo", "combo": []}, {"category": "Kitchen, Garden & Pets", "sub_category_name": "Cookware & Non Stick", "product_name": "Aluminium Pressure Cooker - Regular, Silver", "product_brand": "United", "combo": []}, {"category": "Kitchen, Garden & Pets", "sub_category_name": "Cookware & Non Stick", "product_name": "Aluminium Pressure Cooker - Super SLVR, Silver", "product_brand": "UCOOK", "combo": []}, {"category": "Kitchen, Garden & Pets", "sub_category_name": "Cookware & Non Stick", "product_name": "Induction Handi - With Lid, Hard Anodized, Ebony", "product_brand": "Wonderchef", "combo": []}, {"category": "Kitchen, Garden & Pets", "sub_category_name": "Cookware & Non Stick", "product_name": "Induction Kadhai Wok - With Lid, Hard Anodized, Ebony", "product_brand": "Wonderchef", "combo": []}, {"category": "Kitchen, Garden & Pets", "sub_category_name": "Cookware & Non Stick", "product_name": "Aluminium Kadhai", "product_brand": "Namoo", "combo": []}, {"category": "Kitchen, Garden & Pets", "sub_category_name": "Cookware & Non Stick", "product_name": "Steel Flat Bottom Tope/Patila/Bhagona - No. 16", "product_brand": "BB Home", "combo": []}, {"category": "Kitchen, Garden & Pets", "sub_category_name": "Cookware & Non Stick", "product_name": "Deluxe Granite Non-Stick Fry Pan w/o Lid, 280 mm (36306)", "product_brand": "Prestige", "combo": []}, {"category": "Kitchen, Garden & Pets", "sub_category_name": "Cookware & Non Stick", "product_name": "Popular Stainless Steel Outer Lid Pressure Cooker (20651)", "product_brand": "Prestige", "combo": []}, {"category": "Kitchen, Garden & Pets", "sub_category_name": "Cookware & Non Stick", "product_name": "Hard Anodised Apple Duo Pressure Cooker-Black (20427)", "product_brand": "Prestige", "combo": []}, {"category": "Kitchen, Garden & Pets", "sub_category_name": "Cookware & Non Stick", "product_name": "Stainless Steel Dlx Alphs Junior Handi 20613", "product_brand": "Prestige", "combo": []}, {"category": "Kitchen, Garden & Pets", "sub_category_name": "Cookware & Non Stick", "product_name": "Omega Deluxe Granite Non-Stick BYK Cookware Set (36316)", "product_brand": "Prestige", "combo": []}, {"category": "Kitchen, Garden & Pets", "sub_category_name": "Cookware & Non Stick", "product_name": "Deluxe Plus Junior Handi Pressure Cooker (20357)", "product_brand": "Prestige", "combo": []}, {"category": "Kitchen, Garden & Pets", "sub_category_name": "Cookware & Non Stick", "product_name": "Deluxe Plus Mini Handi Outer Lid Pressure Cooker (20356)", "product_brand": "Prestige", "combo": []}, {"category": "Kitchen, Garden & Pets", "sub_category_name": "Cookware & Non Stick", "product_name": "Popular Junior Deep Pressure Cooker/Pan (10025)", "product_brand": "Prestige", "combo": []}, {"category": "Kitchen, Garden & Pets", "sub_category_name": "Cookware & Non Stick", "product_name": "Omega Select Plus Non-Stick Kadai 250mm with Lid (30720)", "product_brand": "Prestige", "combo": []}, {"category": "Kitchen, Garden & Pets", "sub_category_name": "Cookware & Non Stick", "product_name": "Hard Anodised Aluminium Fry Pan with Lid, 240 mm (30607)", "product_brand": "Prestige", "combo": []}, {"category": "Kitchen, Garden & Pets", "sub_category_name": "Cookware & Non Stick", "product_name": "Deluxe Granite Non-Stick Fry Pan w/o Lid, 240 mm (36305)", "product_brand": "Prestige", "combo": []}, {"category": "Kitchen, Garden & Pets", "sub_category_name": "Cookware & Non Stick", "product_name": "Idly Stand - Aluminium", "product_brand": "Le Kaviraj", "combo": []}, {"category": "Kitchen, Garden & Pets", "sub_category_name": "Cookware & Non Stick", "product_name": "Popular Aluminium Pressure Cooker-Combo, 5L & 3L (10048)", "product_brand": "Prestige", "combo": []}, {"category": "Kitchen, Garden & Pets", "sub_category_name": "Cookware & Non Stick", "product_name": "Kadhai - Aluminium", "product_brand": "Namoo", "combo": []}, {"category": "Kitchen, Garden & Pets", "sub_category_name": "Cookware & Non Stick", "product_name": "Aluminium Pressure Cooker - Regular, Silver", "product_brand": "United", "combo": []}, {"category": "Kitchen, Garden & Pets", "sub_category_name": "Cookware & Non Stick", "product_name": "Aluminium Pressure Cooker - Super SLVR, Silver", "product_brand": "UCOOK", "combo": []}, {"category": "Kitchen, Garden & Pets", "sub_category_name": "Cookware & Non Stick", "product_name": "Induction Handi - With Lid, Hard Anodized, Ebony", "product_brand": "Wonderchef", "combo": []}, {"category": "Kitchen, Garden & Pets", "sub_category_name": "Cookware & Non Stick", "product_name": "Induction Kadhai Wok - With Lid, Hard Anodized, Ebony", "product_brand": "Wonderchef", "combo": []}, {"category": "Kitchen, Garden & Pets", "sub_category_name": "Cookware & Non Stick", "product_name": "Aluminium Kadhai", "product_brand": "Namoo", "combo": []}, {"category": "Kitchen, Garden & Pets", "sub_category_name": "Cookware & Non Stick", "product_name": "Steel Flat Bottom Tope/Patila/Bhagona - No. 16", "product_brand": "BB Home", "combo": []}, {"category": "Kitchen, Garden & Pets", "sub_category_name": "Cookware & Non Stick", "product_name": "Deluxe Granite Non-Stick Fry Pan w/o Lid, 280 mm (36306)", "product_brand": "Prestige", "combo": []}, {"category": "Kitchen, Garden & Pets", "sub_category_name": "Cookware & Non Stick", "product_name": "Popular Stainless Steel Outer Lid Pressure Cooker (20651)", "product_brand": "Prestige", "combo": []}, {"category": "Kitchen, Garden & Pets", "sub_category_name": "Cookware & Non Stick", "product_name": "Hard Anodised Apple Duo Pressure Cooker-Black (20427)", "product_brand": "Prestige", "combo": []}, {"category": "Kitchen, Garden & Pets", "sub_category_name": "Cookware & Non Stick", "product_name": "Stainless Steel Dlx Alphs Junior Handi 20613", "product_brand": "Prestige", "combo": []}, {"category": "Kitchen, Garden & Pets", "sub_category_name": "Cookware & Non Stick", "product_name": "Omega Deluxe Granite Non-Stick BYK Cookware Set (36316)", "product_brand": "Prestige", "combo": []}, {"category": "Kitchen, Garden & Pets", "sub_category_name": "Cookware & Non Stick", "product_name": "Deluxe Plus Junior Handi Pressure Cooker (20357)", "product_brand": "Prestige", "combo": []}, {"category": "Kitchen, Garden & Pets", "sub_category_name": "Cookware & Non Stick", "product_name": "Deluxe Plus Mini Handi Outer Lid Pressure Cooker (20356)", "product_brand": "Prestige", "combo": []}, {"category": "Kitchen, Garden & Pets", "sub_category_name": "Cookware & Non Stick", "product_name": "Popular Junior Deep Pressure Cooker/Pan (10025)", "product_brand": "Prestige", "combo": []}, {"category": "Kitchen, Garden & Pets", "sub_category_name": "Cookware & Non Stick", "product_name": "Omega Select Plus Non-Stick Kadai 250mm with Lid (30720)", "product_brand": "Prestige", "combo": []}, {"category": "Kitchen, Garden & Pets", "sub_category_name": "Cookware & Non Stick", "product_name": "Hard Anodised Aluminium Fry Pan with Lid, 240 mm (30607)", "product_brand": "Prestige", "combo": []}, {"category": "Kitchen, Garden & Pets", "sub_category_name": "Cookware & Non Stick", "product_name": "Deluxe Granite Non-Stick Fry Pan w/o Lid, 240 mm (36305)", "product_brand": "Prestige", "combo": []}, {"category": "Kitchen, Garden & Pets", "sub_category_name": "Cookware & Non Stick", "product_name": "Gas Stove-2 Burner Royale Plus Schott Glass, Black (40081)", "product_brand": "Prestige", "combo": []}, {"category": "Kitchen, Garden & Pets", "sub_category_name": "Cookware & Non Stick", "product_name": "Gas Stove-3 Burner Royale Plus Schott Glass, Black (40177)", "product_brand": "Prestige", "combo": []}, {"category": "Kitchen, Garden & Pets", "sub_category_name": "Cookware & Non Stick", "product_name": "Gas Stove-4 Burner Royale Plus Schott Glass, Black (40278)", "product_brand": "Prestige", "combo": []}, {"category": "Kitchen, Garden & Pets", "sub_category_name": "Cookware & Non Stick", "product_name": "Popular Plus Aluminium Pressure Cooker (10200)", "product_brand": "Prestige", "combo": []}, {"category": "Kitchen, Garden & Pets", "sub_category_name": "Cookware & Non Stick", "product_name": "Omega Deluxe Granite Non-Stick Kadai with Lid (36310)", "product_brand": "Prestige", "combo": []}, {"category": "Kitchen, Garden & Pets", "sub_category_name": "Cookware & Non Stick", "product_name": "Omega Deluxe Non-Stick BYK Cookware Set, Maroon (30747)", "product_brand": "Prestige", "combo": []}, {"category": "Kitchen, Garden & Pets", "sub_category_name": "Cookware & Non Stick", "product_name": "Stainless Steel Kadai - Induction Bottom With Glass Lid, 26 cm", "product_brand": "Vinod", "combo": []}, {"category": "Kitchen, Garden & Pets", "sub_category_name": "Cookware & Non Stick", "product_name": "Stainless Steel Dutch Oven - Cook & Serve, With Glass Lid, Induction Bottom", "product_brand": "Kitchen Essentials", "combo": []}, {"category": "Kitchen, Garden & Pets", "sub_category_name": "Cookware & Non Stick", "product_name": "Stainless Steel Urli - Flat Bottom", "product_brand": "Kitchen Essentials", "combo": []}, {"category": "Kitchen, Garden & Pets", "sub_category_name": "Cookware & Non Stick", "product_name": "Stainless Steel Cookware - Dream", "product_brand": "Kitchen Essentials", "combo": []}, {"category": "Kitchen, Garden & Pets", "sub_category_name": "Cookware & Non Stick", "product_name": "Induction Base Non-Stick Flat/Dosa Tawa - 26 cm, Maroon", "product_brand": "Nirlon", "combo": []}, {"category": "Kitchen, Garden & Pets", "sub_category_name": "Cookware & Non Stick", "product_name": "Non-Stick Frying Pan With Stainless Steel Lid - 24 cm, Red", "product_brand": "Nirlon", "combo": []}, {"category": "Kitchen, Garden & Pets", "sub_category_name": "Cookware & Non Stick", "product_name": "Non-Stick Heavy Gauge Frying Pan With Glass Lid - 24 Cm, Red", "product_brand": "Nirlon", "combo": []}, {"category": "Kitchen, Garden & Pets", "sub_category_name": "Cookware & Non Stick", "product_name": "Cook N Serve Cookware Set - Induction Bottom With Glass Lid, 16 cm & 18 cm, Tuscany, 2 lt & 2.8 lt", "product_brand": "Vinod", "combo": []}, {"category": "Kitchen, Garden & Pets", "sub_category_name": "Cookware & Non Stick", "product_name": "Tope/Patila - Flat Bottom, Stainless Steel, No. 11", "product_brand": "Kitchen Essentials", "combo": []}, {"category": "Kitchen, Garden & Pets", "sub_category_name": "Cookware & Non Stick", "product_name": "Hard Anodised Pressure Cooker - Outer Lid", "product_brand": "Leo Natura", "combo": []}, {"category": "Kitchen, Garden & Pets", "sub_category_name": "Cookware & Non Stick", "product_name": "Dosa Tawa - Non-stick, Diamond Series", "product_brand": "Anjali", "combo": []}, {"category": "Kitchen, Garden & Pets", "sub_category_name": "Cookware & Non Stick", "product_name": "Fry Pan With Lid - Non-stick, Diamond Series", "product_brand": "Anjali", "combo": []}, {"category": "Kitchen, Garden & Pets", "sub_category_name": "Cookware & Non Stick", "product_name": "Induction Base Steel Kadai With Glass Lid - 20 cm, Fiesta", "product_brand": "Anjali", "combo": []}, {"category": "Kitchen, Garden & Pets", "sub_category_name": "Cookware & Non Stick", "product_name": "Induction Base Steel Kadai With Glass Lid - 22 cm, Fiesta", "product_brand": "Anjali", "combo": []}, {"category": "Kitchen, Garden & Pets", "sub_category_name": "Cookware & Non Stick", "product_name": "Idly Stand - Aluminium", "product_brand": "Le Kaviraj", "combo": []}, {"category": "Kitchen, Garden & Pets", "sub_category_name": "Cookware & Non Stick", "product_name": "Popular Aluminium Pressure Cooker-Combo, 5L & 3L (10048)", "product_brand": "Prestige", "combo": []}, {"category": "Kitchen, Garden & Pets", "sub_category_name": "Cookware & Non Stick", "product_name": "Kadhai - Aluminium", "product_brand": "Namoo", "combo": []}, {"category": "Kitchen, Garden & Pets", "sub_category_name": "Cookware & Non Stick", "product_name": "Aluminium Pressure Cooker - Regular, Silver", "product_brand": "United", "combo": []}, {"category": "Kitchen, Garden & Pets", "sub_category_name": "Cookware & Non Stick", "product_name": "Aluminium Pressure Cooker - Super SLVR, Silver", "product_brand": "UCOOK", "combo": []}, {"category": "Kitchen, Garden & Pets", "sub_category_name": "Cookware & Non Stick", "product_name": "Induction Handi - With Lid, Hard Anodized, Ebony", "product_brand": "Wonderchef", "combo": []}, {"category": "Kitchen, Garden & Pets", "sub_category_name": "Cookware & Non Stick", "product_name": "Induction Kadhai Wok - With Lid, Hard Anodized, Ebony", "product_brand": "Wonderchef", "combo": []}, {"category": "Kitchen, Garden & Pets", "sub_category_name": "Cookware & Non Stick", "product_name": "Aluminium Kadhai", "product_brand": "Namoo", "combo": []}, {"category": "Kitchen, Garden & Pets", "sub_category_name": "Cookware & Non Stick", "product_name": "Steel Flat Bottom Tope/Patila/Bhagona - No. 16", "product_brand": "BB Home", "combo": []}, {"category": "Kitchen, Garden & Pets", "sub_category_name": "Cookware & Non Stick", "product_name": "Deluxe Granite Non-Stick Fry Pan w/o Lid, 280 mm (36306)", "product_brand": "Prestige", "combo": []}, {"category": "Kitchen, Garden & Pets", "sub_category_name": "Cookware & Non Stick", "product_name": "Popular Stainless Steel Outer Lid Pressure Cooker (20651)", "product_brand": "Prestige", "combo": []}, {"category": "Kitchen, Garden & Pets", "sub_category_name": "Cookware & Non Stick", "product_name": "Hard Anodised Apple Duo Pressure Cooker-Black (20427)", "product_brand": "Prestige", "combo": []}, {"category": "Kitchen, Garden & Pets", "sub_category_name": "Cookware & Non Stick", "product_name": "Stainless Steel Dlx Alphs Junior Handi 20613", "product_brand": "Prestige", "combo": []}, {"category": "Kitchen, Garden & Pets", "sub_category_name": "Cookware & Non Stick", "product_name": "Omega Deluxe Granite Non-Stick BYK Cookware Set (36316)", "product_brand": "Prestige", "combo": []}, {"category": "Kitchen, Garden & Pets", "sub_category_name": "Cookware & Non Stick", "product_name": "Deluxe Plus Junior Handi Pressure Cooker (20357)", "product_brand": "Prestige", "combo": []}, {"category": "Kitchen, Garden & Pets", "sub_category_name": "Cookware & Non Stick", "product_name": "Deluxe Plus Mini Handi Outer Lid Pressure Cooker (20356)", "product_brand": "Prestige", "combo": []}, {"category": "Kitchen, Garden & Pets", "sub_category_name": "Cookware & Non Stick", "product_name": "Popular Junior Deep Pressure Cooker/Pan (10025)", "product_brand": "Prestige", "combo": []}, {"category": "Kitchen, Garden & Pets", "sub_category_name": "Cookware & Non Stick", "product_name": "Omega Select Plus Non-Stick Kadai 250mm with Lid (30720)", "product_brand": "Prestige", "combo": []}, {"category": "Kitchen, Garden & Pets", "sub_category_name": "Cookware & Non Stick", "product_name": "Hard Anodised Aluminium Fry Pan with Lid, 240 mm (30607)", "product_brand": "Prestige", "combo": []}, {"category": "Kitchen, Garden & Pets", "sub_category_name": "Cookware & Non Stick", "product_name": "Deluxe Granite Non-Stick Fry Pan w/o Lid, 240 mm (36305)", "product_brand": "Prestige", "combo": []}, {"category": "Kitchen, Garden & Pets", "sub_category_name": "Cookware & Non Stick", "product_name": "Gas Stove - 3 Burner, Marvel Glass Tables, GTM03L, Black 40172", "product_brand": "Prestige", "combo": []}, {"category": "Kitchen, Garden & Pets", "sub_category_name": "Cookware & Non Stick", "product_name": "Induction Casserole - With Lid, Royal Velvet", "product_brand": "Wonderchef", "combo": []}, {"category": "Kitchen, Garden & Pets", "sub_category_name": "Cookware & Non Stick", "product_name": "Induction Handi - With Lid, Hard Anodized, Ebony", "product_brand": "Wonderchef", "combo": []}, {"category": "Kitchen, Garden & Pets", "sub_category_name": "Cookware & Non Stick", "product_name": "Cookware Set - Induction, Royal Velvet, Red, Non-Stick", "product_brand": "Wonderchef", "combo": []}, {"category": "Kitchen, Garden & Pets", "sub_category_name": "Cookware & Non Stick", "product_name": "Aluminium Pressure Cooker - Super BLK Plus, Induction Base, Hard Anodised, Black", "product_brand": "UCOOK", "combo": []}, {"category": "Kitchen, Garden & Pets", "sub_category_name": "Cookware & Non Stick", "product_name": "Non-Stick Induction Base Cookware Set With Glass Lid - Red", "product_brand": "Cello Cookware", "combo": []}, {"category": "Kitchen, Garden & Pets", "sub_category_name": "Cookware & Non Stick", "product_name": "Induction Base Non-Stick Cookware Set With Glass Lid - Blue", "product_brand": "Nirlon", "combo": []}, {"category": "Kitchen, Garden & Pets", "sub_category_name": "Cookware & Non Stick", "product_name": "Stainless Steel Handi - Flat Bottom", "product_brand": "Kitchen Essentials", "combo": []}, {"category": "Kitchen, Garden & Pets", "sub_category_name": "Cookware & Non Stick", "product_name": "Stainless Steel Cookware - Kitchen Pride", "product_brand": "Kitchen Essentials", "combo": []}, {"category": "Kitchen, Garden & Pets", "sub_category_name": "Cookware & Non Stick", "product_name": "Deluxe Granite Non-Stick Omni Tawa, 250 mm (36301)", "product_brand": "Prestige", "combo": []}, {"category": "Kitchen, Garden & Pets", "sub_category_name": "Cookware & Non Stick", "product_name": "Induction Base Non Stick Cookware Set With Glass Lid - Bling, Blue", "product_brand": "Nirlon", "combo": []}, {"category": "Kitchen, Garden & Pets", "sub_category_name": "Cookware & Non Stick", "product_name": "Pressure Cooker - Aluminium, Outer Lid, Induction Base", "product_brand": "Srushti Gold", "combo": []}, {"category": "Kitchen, Garden & Pets", "sub_category_name": "Cookware & Non Stick", "product_name": "Non-stick Dosa/Flat Tawa - Diamond Series", "product_brand": "Anjali", "combo": []}, {"category": "Kitchen, Garden & Pets", "sub_category_name": "Cookware & Non Stick", "product_name": "Non-stick Dosa/Flat Tawa - Diamond Series", "product_brand": "Anjali", "combo": []}, {"category": "Kitchen, Garden & Pets", "sub_category_name": "Cookware & Non Stick", "product_name": "Non-Stick Kadai With Steel Lid - Diamond Series", "product_brand": "Anjali", "combo": []}, {"category": "Kitchen, Garden & Pets", "sub_category_name": "Cookware & Non Stick", "product_name": "Paniyarakkal - Non-Stick, With 7 Round-Holes, Maroon", "product_brand": "Master", "combo": []}, {"category": "Kitchen, Garden & Pets", "sub_category_name": "Cookware & Non Stick", "product_name": "Induction Kadhai Wok - With Lid, Hard Anodized, Ebony", "product_brand": "Wonderchef", "combo": []}, {"category": "Kitchen, Garden & Pets", "sub_category_name": "Cookware & Non Stick", "product_name": "Aluminium Baby Kadhai", "product_brand": "Le Kaviraj", "combo": []}, {"category": "Kitchen, Garden & Pets", "sub_category_name": "Cookware & Non Stick", "product_name": "Svachh Hard Anodised Outer Lid Pressure Cooker (20277)", "product_brand": "Prestige", "combo": []}, {"category": "Kitchen, Garden & Pets", "sub_category_name": "Cookware & Non Stick", "product_name": "Induction Base Non-Stick 26 Cm Big Kadhai With Glass Lid 4 Litres", "product_brand": "Kitchen Essentials", "combo": []}, {"category": "Kitchen, Garden & Pets", "sub_category_name": "Cookware & Non Stick", "product_name": "Gas Stove - 3 Burner, Marvel Glass Tables, GTM03L, Black 40172", "product_brand": "Prestige", "combo": []}, {"category": "Kitchen, Garden & Pets", "sub_category_name": "Cookware & Non Stick", "product_name": "Induction Casserole - With Lid, Royal Velvet", "product_brand": "Wonderchef", "combo": []}, {"category": "Kitchen, Garden & Pets", "sub_category_name": "Cookware & Non Stick", "product_name": "Induction Handi - With Lid, Hard Anodized, Ebony", "product_brand": "Wonderchef", "combo": []}, {"category": "Kitchen, Garden & Pets", "sub_category_name": "Cookware & Non Stick", "product_name": "Cookware Set - Induction, Royal Velvet, Red, Non-Stick", "product_brand": "Wonderchef", "combo": []}, {"category": "Kitchen, Garden & Pets", "sub_category_name": "Cookware & Non Stick", "product_name": "Aluminium Pressure Cooker - Super BLK Plus, Induction Base, Hard Anodised, Black", "product_brand": "UCOOK", "combo": []}, {"category": "Kitchen, Garden & Pets", "sub_category_name": "Cookware & Non Stick", "product_name": "Non-Stick Induction Base Cookware Set With Glass Lid - Red", "product_brand": "Cello Cookware", "combo": []}, {"category": "Kitchen, Garden & Pets", "sub_category_name": "Cookware & Non Stick", "product_name": "Induction Base Non-Stick Cookware Set With Glass Lid - Blue", "product_brand": "Nirlon", "combo": []}, {"category": "Kitchen, Garden & Pets", "sub_category_name": "Cookware & Non Stick", "product_name": "Stainless Steel Handi - Flat Bottom", "product_brand": "Kitchen Essentials", "combo": []}, {"category": "Kitchen, Garden & Pets", "sub_category_name": "Cookware & Non Stick", "product_name": "Stainless Steel Cookware - Kitchen Pride", "product_brand": "Kitchen Essentials", "combo": []}, {"category": "Kitchen, Garden & Pets", "sub_category_name": "Cookware & Non Stick", "product_name": "Deluxe Granite Non-Stick Omni Tawa, 250 mm (36301)", "product_brand": "Prestige", "combo": []}, {"category": "Kitchen, Garden & Pets", "sub_category_name": "Cookware & Non Stick", "product_name": "Induction Base Non Stick Cookware Set With Glass Lid - Bling, Blue", "product_brand": "Nirlon", "combo": []}, {"category": "Kitchen, Garden & Pets", "sub_category_name": "Cookware & Non Stick", "product_name": "Pressure Cooker - Aluminium, Outer Lid, Induction Base", "product_brand": "Srushti Gold", "combo": []}, {"category": "Kitchen, Garden & Pets", "sub_category_name": "Cookware & Non Stick", "product_name": "Non-stick Dosa/Flat Tawa - Diamond Series", "product_brand": "Anjali", "combo": []}, {"category": "Kitchen, Garden & Pets", "sub_category_name": "Cookware & Non Stick", "product_name": "Non-stick Dosa/Flat Tawa - Diamond Series", "product_brand": "Anjali", "combo": []}, {"category": "Kitchen, Garden & Pets", "sub_category_name": "Cookware & Non Stick", "product_name": "Non-Stick Kadai With Steel Lid - Diamond Series", "product_brand": "Anjali", "combo": []}, {"category": "Kitchen, Garden & Pets", "sub_category_name": "Cookware & Non Stick", "product_name": "Paniyarakkal - Non-Stick, With 7 Round-Holes, Maroon", "product_brand": "Master", "combo": []}, {"category": "Kitchen, Garden & Pets", "sub_category_name": "Cookware & Non Stick", "product_name": "Induction Kadhai Wok - With Lid, Hard Anodized, Ebony", "product_brand": "Wonderchef", "combo": []}, {"category": "Kitchen, Garden & Pets", "sub_category_name": "Cookware & Non Stick", "product_name": "Aluminium Baby Kadhai", "product_brand": "Le Kaviraj", "combo": []}, {"category": "Kitchen, Garden & Pets", "sub_category_name": "Cookware & Non Stick", "product_name": "Svachh Hard Anodised Outer Lid Pressure Cooker (20277)", "product_brand": "Prestige", "combo": []}, {"category": "Kitchen, Garden & Pets", "sub_category_name": "Cookware & Non Stick", "product_name": "Induction Base Non-Stick 26 Cm Big Kadhai With Glass Lid 4 Litres", "product_brand": "Kitchen Essentials", "combo": []}, {"category": "Kitchen, Garden & Pets", "sub_category_name": "Cookware & Non Stick", "product_name": "3 Burner Gas Stove - Magic Glass Tables, GTMC 03 (40184)", "product_brand": "Prestige", "combo": []}, {"category": "Kitchen, Garden & Pets", "sub_category_name": "Cookware & Non Stick", "product_name": "Appam Patra/Panniyarkal - 7 Rounds, Maroon", "product_brand": "Le Kaviraj", "combo": []}, {"category": "Kitchen, Garden & Pets", "sub_category_name": "Cookware & Non Stick", "product_name": "Serving Hammered Handi With Lid - 16 cm", "product_brand": "Classic Essentials", "combo": []}, {"category": "Kitchen, Garden & Pets", "sub_category_name": "Cookware & Non Stick", "product_name": "Aluminium Pressure Cooker - Pranzo, Induction Base, Hard Anodised, Black", "product_brand": "United", "combo": []}, {"category": "Kitchen, Garden & Pets", "sub_category_name": "Cookware & Non Stick", "product_name": "Omega Select Plus Non-Stick Concave Tawa, 280 mm (30713)", "product_brand": "Prestige", "combo": []}, {"category": "Kitchen, Garden & Pets", "sub_category_name": "Cookware & Non Stick", "product_name": "Steel Sauce Pan Induction Bottom With Glass Lid - 16 cm", "product_brand": "Vinayak", "combo": []}, {"category": "Kitchen, Garden & Pets", "sub_category_name": "Cookware & Non Stick", "product_name": "Stainless Steel Induction Base Sauce Pan - Regular", "product_brand": "Vinod", "combo": []}, {"category": "Kitchen, Garden & Pets", "sub_category_name": "Cookware & Non Stick", "product_name": "Aluminium Pressure Cooker - Outer Taper Lid, Induction Base", "product_brand": "Srushti Gold", "combo": []}, {"category": "Kitchen, Garden & Pets", "sub_category_name": "Cookware & Non Stick", "product_name": "Pressure Cooker - With Outer Lid, Aluminium, Perfect", "product_brand": "Master", "combo": []}, {"category": "Kitchen, Garden & Pets", "sub_category_name": "Cookware & Non Stick", "product_name": "Steel Tope Induction Bottom - 18 cm", "product_brand": "Vinayak", "combo": []}, {"category": "Kitchen, Garden & Pets", "sub_category_name": "Cookware & Non Stick", "product_name": "Miss Mary Pressure Cooker L58", "product_brand": "Hawkins", "combo": []}, {"category": "Kitchen, Garden & Pets", "sub_category_name": "Cookware & Non Stick", "product_name": "Nakshatra Plus Aluminium Pressure Cooker - Red 11657", "product_brand": "Prestige", "combo": []}, {"category": "Kitchen, Garden & Pets", "sub_category_name": "Cookware & Non Stick", "product_name": "Deluxe Alpha Stainless Steel Pressure Cooker 20602", "product_brand": "Prestige", "combo": []}, {"category": "Kitchen, Garden & Pets", "sub_category_name": "Cookware & Non Stick", "product_name": "Omega Gold Omni Tawa 36404", "product_brand": "Prestige", "combo": []}, {"category": "Kitchen, Garden & Pets", "sub_category_name": "Cookware & Non Stick", "product_name": "Popular Stainless Steel Outer Lid Pressure Cooker (20652)", "product_brand": "Prestige", "combo": []}, {"category": "Kitchen, Garden & Pets", "sub_category_name": "Cookware & Non Stick", "product_name": "Nakshatra Plus Handi Cooker", "product_brand": "Prestige", "combo": []}, {"category": "Kitchen, Garden & Pets", "sub_category_name": "Cookware & Non Stick", "product_name": "Omega Select Plus Non-Stick Fry Pan, 250 mm (30715)", "product_brand": "Prestige", "combo": []}, {"category": "Kitchen, Garden & Pets", "sub_category_name": "Cookware & Non Stick", "product_name": "Omega Select Plus Non-Stick Appachetty (30731)", "product_brand": "Prestige", "combo": []}, {"category": "Kitchen, Garden & Pets", "sub_category_name": "Cookware & Non Stick", "product_name": "Stainless Steel Bowl - With Glass Lid, Cook & Serve", "product_brand": "Kitchen Essentials", "combo": []}, {"category": "Kitchen, Garden & Pets", "sub_category_name": "Cookware & Non Stick", "product_name": "Steel Copper Bottom Handi Serveware Set With Steel Lid", "product_brand": "Kitchen Essentials", "combo": []}, {"category": "Kitchen, Garden & Pets", "sub_category_name": "Cookware & Non Stick", "product_name": "Contura Black Hard Anodised Pressure Cooker - CB40", "product_brand": "Hawkins", "combo": []}, {"category": "Kitchen, Garden & Pets", "sub_category_name": "Cookware & Non Stick", "product_name": "Contura Black Hard Anodised Pressure Cooker - CB50", "product_brand": "Hawkins", "combo": []}, {"category": "Kitchen, Garden & Pets", "sub_category_name": "Cookware & Non Stick", "product_name": "Classic Aluminium Pressure Cooker - CL15", "product_brand": "Hawkins", "combo": []}, {"category": "Kitchen, Garden & Pets", "sub_category_name": "Cookware & Non Stick", "product_name": "Classic Aluminium Pressure Cooker - CL50", "product_brand": "Hawkins", "combo": []}, {"category": "Kitchen, Garden & Pets", "sub_category_name": "Cookware & Non Stick", "product_name": "Stainless Steel Pressure Cooker HSS3W", "product_brand": "Hawkins", "combo": []}, {"category": "Kitchen, Garden & Pets", "sub_category_name": "Cookware & Non Stick", "product_name": "Non-Stick Frying Pan INF22", "product_brand": "Hawkins Futura", "combo": []}, {"category": "Kitchen, Garden & Pets", "sub_category_name": "Cookware & Non Stick", "product_name": "Classic Aluminium Pressure Cooker - CL20", "product_brand": "Hawkins", "combo": []}, {"category": "Kitchen, Garden & Pets", "sub_category_name": "Cookware & Non Stick", "product_name": "Hard Anodised Cook & Serve Bowl - L65, 23 Cm", "product_brand": "Hawkins Futura", "combo": []}, {"category": "Kitchen, Garden & Pets", "sub_category_name": "Cookware & Non Stick", "product_name": "Non-Stick Dosa Tawa NDT30", "product_brand": "Hawkins Futura", "combo": []}, {"category": "Kitchen, Garden & Pets", "sub_category_name": "Cookware & Non Stick", "product_name": "Stainless Steel Pressure Cooker HSS15", "product_brand": "Hawkins", "combo": []}, {"category": "Kitchen, Garden & Pets", "sub_category_name": "Cookware & Non Stick", "product_name": "Induction Base Pressure Cooker IFP50", "product_brand": "Hawkins Futura", "combo": []}, {"category": "Kitchen, Garden & Pets", "sub_category_name": "Cookware & Non Stick", "product_name": "Stainless Steel Contura Pressure Cooker SSC50", "product_brand": "Hawkins", "combo": []}, {"category": "Kitchen, Garden & Pets", "sub_category_name": "Cookware & Non Stick", "product_name": "Stainless Steel Contura Pressure Cooker SSC30", "product_brand": "Hawkins", "combo": []}, {"category": "Kitchen, Garden & Pets", "sub_category_name": "Cookware & Non Stick", "product_name": "Stainless Steel Tri-Ply Deep-Fry Pan/Kadhai With Glass Lid - 26 cm, SSD25G", "product_brand": "Hawkins", "combo": []}, {"category": "Kitchen, Garden & Pets", "sub_category_name": "Cookware & Non Stick", "product_name": "Stainless Steel Tri-Ply Deep-Fry Pan/Kadhai - 26 cm, SSD25", "product_brand": "Hawkins", "combo": []}, {"category": "Kitchen, Garden & Pets", "sub_category_name": "Cookware & Non Stick", "product_name": "Stainless Steel Tri-Ply Frying Pan - 26 cm, SSF26", "product_brand": "Hawkins", "combo": []}, {"category": "Kitchen, Garden & Pets", "sub_category_name": "Cookware & Non Stick", "product_name": "Stainless Steel Tri-Ply Frying Pan With Glass Lid - 26 cm, SSF26G", "product_brand": "Hawkins", "combo": []}, {"category": "Kitchen, Garden & Pets", "sub_category_name": "Cookware & Non Stick", "product_name": "Classic Aluminium Pressure Cooker - CL65", "product_brand": "Hawkins", "combo": []}, {"category": "Kitchen, Garden & Pets", "sub_category_name": "Cookware & Non Stick", "product_name": "Non Stick Tawa - R50, 26 Cm", "product_brand": "Hawkins Futura", "combo": []}, {"category": "Kitchen, Garden & Pets", "sub_category_name": "Cookware & Non Stick", "product_name": "Hard Anodised Ezee-Pour Saucepan Without Lid - L87", "product_brand": "Hawkins Futura", "combo": []}, {"category": "Kitchen, Garden & Pets", "sub_category_name": "Cookware & Non Stick", "product_name": "Contura Black Hard Anodised Pressure Cooker - CB40", "product_brand": "Hawkins", "combo": []}, {"category": "Kitchen, Garden & Pets", "sub_category_name": "Cookware & Non Stick", "product_name": "Contura Black Hard Anodised Pressure Cooker - CB50", "product_brand": "Hawkins", "combo": []}, {"category": "Kitchen, Garden & Pets", "sub_category_name": "Cookware & Non Stick", "product_name": "Classic Aluminium Pressure Cooker - CL15", "product_brand": "Hawkins", "combo": []}, {"category": "Kitchen, Garden & Pets", "sub_category_name": "Cookware & Non Stick", "product_name": "Classic Aluminium Pressure Cooker - CL50", "product_brand": "Hawkins", "combo": []}, {"category": "Kitchen, Garden & Pets", "sub_category_name": "Cookware & Non Stick", "product_name": "Stainless Steel Pressure Cooker HSS3W", "product_brand": "Hawkins", "combo": []}, {"category": "Kitchen, Garden & Pets", "sub_category_name": "Cookware & Non Stick", "product_name": "Non-Stick Frying Pan INF22", "product_brand": "Hawkins Futura", "combo": []}, {"category": "Kitchen, Garden & Pets", "sub_category_name": "Cookware & Non Stick", "product_name": "Classic Aluminium Pressure Cooker - CL20", "product_brand": "Hawkins", "combo": []}, {"category": "Kitchen, Garden & Pets", "sub_category_name": "Cookware & Non Stick", "product_name": "Hard Anodised Cook & Serve Bowl - L65, 23 Cm", "product_brand": "Hawkins Futura", "combo": []}, {"category": "Kitchen, Garden & Pets", "sub_category_name": "Cookware & Non Stick", "product_name": "Non-Stick Dosa Tawa NDT30", "product_brand": "Hawkins Futura", "combo": []}, {"category": "Kitchen, Garden & Pets", "sub_category_name": "Cookware & Non Stick", "product_name": "Stainless Steel Pressure Cooker HSS15", "product_brand": "Hawkins", "combo": []}, {"category": "Kitchen, Garden & Pets", "sub_category_name": "Cookware & Non Stick", "product_name": "Induction Base Pressure Cooker IFP50", "product_brand": "Hawkins Futura", "combo": []}, {"category": "Kitchen, Garden & Pets", "sub_category_name": "Cookware & Non Stick", "product_name": "Stainless Steel Contura Pressure Cooker SSC50", "product_brand": "Hawkins", "combo": []}, {"category": "Kitchen, Garden & Pets", "sub_category_name": "Cookware & Non Stick", "product_name": "Stainless Steel Contura Pressure Cooker SSC30", "product_brand": "Hawkins", "combo": []}, {"category": "Kitchen, Garden & Pets", "sub_category_name": "Cookware & Non Stick", "product_name": "Stainless Steel Tri-Ply Deep-Fry Pan/Kadhai With Glass Lid - 26 cm, SSD25G", "product_brand": "Hawkins", "combo": []}, {"category": "Kitchen, Garden & Pets", "sub_category_name": "Cookware & Non Stick", "product_name": "Stainless Steel Tri-Ply Deep-Fry Pan/Kadhai - 26 cm, SSD25", "product_brand": "Hawkins", "combo": []}, {"category": "Kitchen, Garden & Pets", "sub_category_name": "Cookware & Non Stick", "product_name": "Stainless Steel Tri-Ply Frying Pan - 26 cm, SSF26", "product_brand": "Hawkins", "combo": []}, {"category": "Kitchen, Garden & Pets", "sub_category_name": "Cookware & Non Stick", "product_name": "Stainless Steel Tri-Ply Frying Pan With Glass Lid - 26 cm, SSF26G", "product_brand": "Hawkins", "combo": []}, {"category": "Kitchen, Garden & Pets", "sub_category_name": "Cookware & Non Stick", "product_name": "Classic Aluminium Pressure Cooker - CL65", "product_brand": "Hawkins", "combo": []}, {"category": "Kitchen, Garden & Pets", "sub_category_name": "Cookware & Non Stick", "product_name": "Non Stick Tawa - R50, 26 Cm", "product_brand": "Hawkins Futura", "combo": []}, {"category": "Kitchen, Garden & Pets", "sub_category_name": "Cookware & Non Stick", "product_name": "Hard Anodised Ezee-Pour Saucepan Without Lid - L87", "product_brand": "Hawkins Futura", "combo": []}, {"category": "Kitchen, Garden & Pets", "sub_category_name": "Cookware & Non Stick", "product_name": "Combo Outer Lid Aluminum Pressure Cooker With Common Lid", "product_brand": "Srushti Gold", "combo": []}, {"category": "Kitchen, Garden & Pets", "sub_category_name": "Cookware & Non Stick", "product_name": "Aluminium Pressure Cooker Outer Lid", "product_brand": "Srushti Gold", "combo": []}, {"category": "Kitchen, Garden & Pets", "sub_category_name": "Cookware & Non Stick", "product_name": "Nonstick Saucepan - Q83", "product_brand": "Hawkins Futura", "combo": []}, {"category": "Kitchen, Garden & Pets", "sub_category_name": "Cookware & Non Stick", "product_name": "Deluxe Plus Baby Handi Outer Lid Pressure Cooker (20355)", "product_brand": "Prestige", "combo": []}, {"category": "Kitchen, Garden & Pets", "sub_category_name": "Cookware & Non Stick", "product_name": "Omega Select Plus Non-Stick Fry Pan, 200 mm (30714)", "product_brand": "Prestige", "combo": []}, {"category": "Kitchen, Garden & Pets", "sub_category_name": "Cookware & Non Stick", "product_name": "Induction Base Non-Stick Deep Kadai - 24.5 cm, Black", "product_brand": "Nirlon", "combo": []}, {"category": "Kitchen, Garden & Pets", "sub_category_name": "Cookware & Non Stick", "product_name": "Hard Anodised Plus Chapati-Paratha Tawa, 265 mm (35036)", "product_brand": "Prestige", "combo": []}, {"category": "Kitchen, Garden & Pets", "sub_category_name": "Cookware & Non Stick", "product_name": "Deluxe Alpha Stainless Steel Pressure Handi With Glass Lid 20614", "product_brand": "Prestige", "combo": []}, {"category": "Kitchen, Garden & Pets", "sub_category_name": "Cookware & Non Stick", "product_name": "Nakshatra Alpha Stainless Steel Pressure Cooker 20551", "product_brand": "Prestige", "combo": []}, {"category": "Kitchen, Garden & Pets", "sub_category_name": "Cookware & Non Stick", "product_name": "Roti Tawa - Non-stick, Diamond Series", "product_brand": "Anjali", "combo": []}, {"category": "Kitchen, Garden & Pets", "sub_category_name": "Cookware & Non Stick", "product_name": "Non-Stick Kadai With Steel Lid - Diamond Series", "product_brand": "Anjali", "combo": []}, {"category": "Kitchen, Garden & Pets", "sub_category_name": "Cookware & Non Stick", "product_name": "Non Stick Dosa Tawa - Q41, 33 Cm", "product_brand": "Hawkins Futura", "combo": []}, {"category": "Kitchen, Garden & Pets", "sub_category_name": "Cookware & Non Stick", "product_name": "Contura Black Hard Anodised Pressure Cooker - CB40", "product_brand": "Hawkins", "combo": []}, {"category": "Kitchen, Garden & Pets", "sub_category_name": "Cookware & Non Stick", "product_name": "Contura Black Hard Anodised Pressure Cooker - CB50", "product_brand": "Hawkins", "combo": []}, {"category": "Kitchen, Garden & Pets", "sub_category_name": "Cookware & Non Stick", "product_name": "Classic Aluminium Pressure Cooker - CL15", "product_brand": "Hawkins", "combo": []}, {"category": "Kitchen, Garden & Pets", "sub_category_name": "Cookware & Non Stick", "product_name": "Classic Aluminium Pressure Cooker - CL50", "product_brand": "Hawkins", "combo": []}, {"category": "Kitchen, Garden & Pets", "sub_category_name": "Cookware & Non Stick", "product_name": "Stainless Steel Pressure Cooker HSS3W", "product_brand": "Hawkins", "combo": []}, {"category": "Kitchen, Garden & Pets", "sub_category_name": "Cookware & Non Stick", "product_name": "Non-Stick Frying Pan INF22", "product_brand": "Hawkins Futura", "combo": []}, {"category": "Kitchen, Garden & Pets", "sub_category_name": "Cookware & Non Stick", "product_name": "Classic Aluminium Pressure Cooker - CL20", "product_brand": "Hawkins", "combo": []}, {"category": "Kitchen, Garden & Pets", "sub_category_name": "Cookware & Non Stick", "product_name": "Hard Anodised Cook & Serve Bowl - L65, 23 Cm", "product_brand": "Hawkins Futura", "combo": []}, {"category": "Kitchen, Garden & Pets", "sub_category_name": "Cookware & Non Stick", "product_name": "Non-Stick Dosa Tawa NDT30", "product_brand": "Hawkins Futura", "combo": []}, {"category": "Kitchen, Garden & Pets", "sub_category_name": "Cookware & Non Stick", "product_name": "Stainless Steel Pressure Cooker HSS15", "product_brand": "Hawkins", "combo": []}, {"category": "Kitchen, Garden & Pets", "sub_category_name": "Cookware & Non Stick", "product_name": "Induction Base Pressure Cooker IFP50", "product_brand": "Hawkins Futura", "combo": []}, {"category": "Kitchen, Garden & Pets", "sub_category_name": "Cookware & Non Stick", "product_name": "Stainless Steel Contura Pressure Cooker SSC50", "product_brand": "Hawkins", "combo": []}, {"category": "Kitchen, Garden & Pets", "sub_category_name": "Cookware & Non Stick", "product_name": "Stainless Steel Contura Pressure Cooker SSC30", "product_brand": "Hawkins", "combo": []}, {"category": "Kitchen, Garden & Pets", "sub_category_name": "Cookware & Non Stick", "product_name": "Stainless Steel Tri-Ply Deep-Fry Pan/Kadhai With Glass Lid - 26 cm, SSD25G", "product_brand": "Hawkins", "combo": []}, {"category": "Kitchen, Garden & Pets", "sub_category_name": "Cookware & Non Stick", "product_name": "Stainless Steel Tri-Ply Deep-Fry Pan/Kadhai - 26 cm, SSD25", "product_brand": "Hawkins", "combo": []}, {"category": "Kitchen, Garden & Pets", "sub_category_name": "Cookware & Non Stick", "product_name": "Stainless Steel Tri-Ply Frying Pan - 26 cm, SSF26", "product_brand": "Hawkins", "combo": []}, {"category": "Kitchen, Garden & Pets", "sub_category_name": "Cookware & Non Stick", "product_name": "Stainless Steel Tri-Ply Frying Pan With Glass Lid - 26 cm, SSF26G", "product_brand": "Hawkins", "combo": []}, {"category": "Kitchen, Garden & Pets", "sub_category_name": "Cookware & Non Stick", "product_name": "Classic Aluminium Pressure Cooker - CL65", "product_brand": "Hawkins", "combo": []}, {"category": "Kitchen, Garden & Pets", "sub_category_name": "Cookware & Non Stick", "product_name": "Non Stick Tawa - R50, 26 Cm", "product_brand": "Hawkins Futura", "combo": []}, {"category": "Kitchen, Garden & Pets", "sub_category_name": "Cookware & Non Stick", "product_name": "Hard Anodised Ezee-Pour Saucepan Without Lid - L87", "product_brand": "Hawkins Futura", "combo": []}]