[{"category": "Snacks & Branded Foods", "sub_category_name": "Breakfast Cereals", "product_name": "Quaker Oats 400 gm Pouch + Fresho Banana - Robusta 1 kg approx. 6 to 7 nos", "product_brand": "bb Combo", "combo": []}, {"category": "Snacks & Branded Foods", "sub_category_name": "Breakfast Cereals", "product_name": "Wheat Flakes With Honey & Almonds", "product_brand": "True Elements", "combo": []}, {"category": "Snacks & Branded Foods", "sub_category_name": "Breakfast Cereals", "product_name": "High Fiber Whole Instant Oats", "product_brand": "Zerobeli", "combo": []}, {"category": "Snacks & Branded Foods", "sub_category_name": "Breakfast Cereals", "product_name": "Corn Flakes", "product_brand": "Zerobeli", "combo": []}, {"category": "Snacks & Branded Foods", "sub_category_name": "Breakfast Cereals", "product_name": "Crunchy Fruit Delight Muesli", "product_brand": "Zerobeli", "combo": []}, {"category": "Snacks & Branded Foods", "sub_category_name": "Breakfast Cereals", "product_name": "Crunchy No Sugar Added Muesli", "product_brand": "Zerobeli", "combo": []}, {"category": "Snacks & Branded Foods", "sub_category_name": "Breakfast Cereals", "product_name": "Fiber Rich Choclaq", "product_brand": "Zerobeli", "combo": []}, {"category": "Snacks & Branded Foods", "sub_category_name": "Breakfast Cereals", "product_name": "Choco Almond Muesli", "product_brand": "Zerobeli", "combo": []}, {"category": "Snacks & Branded Foods", "sub_category_name": "Breakfast Cereals", "product_name": "Crunchy Honey Almond Muesli", "product_brand": "Zerobeli", "combo": []}, {"category": "Snacks & Branded Foods", "sub_category_name": "Breakfast Cereals", "product_name": "Strawberry Corn Flakes", "product_brand": "Zerobeli", "combo": []}, {"category": "Snacks & Branded Foods", "sub_category_name": "Breakfast Cereals", "product_name": "Honey Almond Corn Flakes", "product_brand": "Zerobeli", "combo": []}, {"category": "Snacks & Branded Foods", "sub_category_name": "Breakfast Cereals", "product_name": "Gluten Free Rolled Oats", "product_brand": "Zerobeli", "combo": []}, {"category": "Snacks & Branded Foods", "sub_category_name": "Breakfast Cereals", "product_name": "Steel Cut Oats", "product_brand": "Zerobeli", "combo": []}, {"category": "Snacks & Branded Foods", "sub_category_name": "Breakfast Cereals", "product_name": "Multigrain Muesli", "product_brand": "Nourish Organics", "combo": []}, {"category": "Snacks & Branded Foods", "sub_category_name": "Breakfast Cereals", "product_name": "Cocoa Crunch Granola", "product_brand": "Nourish Organics", "combo": []}, {"category": "Snacks & Branded Foods", "sub_category_name": "Breakfast Cereals", "product_name": "Apple Oats Bar", "product_brand": "Nourish Organics", "combo": []}, {"category": "Snacks & Branded Foods", "sub_category_name": "Breakfast Cereals", "product_name": "Lime Chia Bar", "product_brand": "Nourish Organics", "combo": []}, {"category": "Snacks & Branded Foods", "sub_category_name": "Breakfast Cereals", "product_name": "Vanilla Nut Bar", "product_brand": "Nourish Organics", "combo": []}, {"category": "Snacks & Branded Foods", "sub_category_name": "Breakfast Cereals", "product_name": "Cranberry Super Grain Granola", "product_brand": "Nourish Organics", "combo": []}, {"category": "Snacks & Branded Foods", "sub_category_name": "Breakfast Cereals", "product_name": "Amaranth Muesli", "product_brand": "Nourish Organics", "combo": []}, {"category": "Snacks & Branded Foods", "sub_category_name": "Breakfast Cereals", "product_name": "Corn Flakes", "product_brand": "Mohun'S", "combo": [["500 g", "120.00"], ["200 g", "55.00"]]}, {"category": "Snacks & Branded Foods", "sub_category_name": "Breakfast Cereals", "product_name": "Corn Flakes - Strawberry", "product_brand": "Zerobeli", "combo": []}, {"category": "Snacks & Branded Foods", "sub_category_name": "Breakfast Cereals", "product_name": "Choco Oats Bar", "product_brand": "Nourish Organics", "combo": []}, {"category": "Snacks & Branded Foods", "sub_category_name": "Breakfast Cereals", "product_name": "Oat Flakes", "product_brand": "Murginns", "combo": []}, {"category": "Snacks & Branded Foods", "sub_category_name": "Breakfast Cereals", "product_name": "5 Millet Flakes", "product_brand": "Murginns", "combo": []}, {"category": "Snacks & Branded Foods", "sub_category_name": "Breakfast Cereals", "product_name": "Bajra Flakes", "product_brand": "Murginns", "combo": []}, {"category": "Snacks & Branded Foods", "sub_category_name": "Breakfast Cereals", "product_name": "Nutty Millet Granola", "product_brand": "Murginns", "combo": []}, {"category": "Snacks & Branded Foods", "sub_category_name": "Breakfast Cereals", "product_name": "Cocoa Coconut Millet Granola", "product_brand": "Murginns", "combo": []}, {"category": "Snacks & Branded Foods", "sub_category_name": "Breakfast Cereals", "product_name": "Rolled Oats Gluten Free 1 kg + Honey Raw 350 g", "product_brand": "True Elements", "combo": []}, {"category": "Snacks & Branded Foods", "sub_category_name": "Breakfast Cereals", "product_name": "Rolled Oats Gluten Free 1 kg + Whole Oatmeal With Chia & Real Whole Fruits 500 g", "product_brand": "True Elements", "combo": []}, {"category": "Snacks & Branded Foods", "sub_category_name": "Breakfast Cereals", "product_name": "Protein Variety Bar 60G Pack of 6 + Breakfast Protein Variety Bar 50G Pack of 6", "product_brand": "Yoga bar", "combo": []}, {"category": "Snacks & Branded Foods", "sub_category_name": "Breakfast Cereals", "product_name": "VarietyBar-Multigrain 38G 10's Pack+Protein 60G+Breakfast Protein 50G (6's Pack)", "product_brand": "Yoga bar", "combo": []}, {"category": "Snacks & Branded Foods", "sub_category_name": "Breakfast Cereals", "product_name": "Multigrain Variety Energy Bar 38G Pack of 10+Protein Variety Bar 60G Pack of 6", "product_brand": "Yoga bar", "combo": []}, {"category": "Snacks & Branded Foods", "sub_category_name": "Breakfast Cereals", "product_name": "Breakfast Protein Bar - Blueberry 50 gm + Protein Variety Bar 60 gm", "product_brand": "Yoga bar", "combo": []}, {"category": "Snacks & Branded Foods", "sub_category_name": "Breakfast Cereals", "product_name": "Dabur World's No.1 Honey Brand 500 g + Quaker Oats 1 kg", "product_brand": "bb Combo", "combo": []}, {"category": "Snacks & Branded Foods", "sub_category_name": "Breakfast Cereals", "product_name": "Multigrain VarietyBar 38G Pack of 10+Breakfast Protein VarietyBar 50G Pack of 6", "product_brand": "Yoga bar", "combo": []}, {"category": "Snacks & Branded Foods", "sub_category_name": "Breakfast Cereals", "product_name": "Oats", "product_brand": "Quaker", "combo": [["1 kg", "161.50"], ["400 g", "77.00"], ["200 g", "42.00"], ["1.5 kg", "192.00"], ["2 kg", "256.00"]]}, {"category": "Snacks & Branded Foods", "sub_category_name": "Breakfast Cereals", "product_name": "Chocos", "product_brand": "Kelloggs", "combo": [["1.2 Kg", "470.00"], ["700 g", "286.41"], ["125 g", "55.00"], ["375 g", "153.45"], ["250 g", "116.25"]]}, {"category": "Snacks & Branded Foods", "sub_category_name": "Breakfast Cereals", "product_name": "Masala Oats - Veggie Twist", "product_brand": "Saffola", "combo": [["500 g", "170.00"], ["5x40 g", "69.75"], ["2x500 g", "340.00"], ["1 kg", "349.00"], ["3x500 g", "510.00"], ["10x40 g", "139.50"], ["38 g", "13.95"]]}, {"category": "Snacks & Branded Foods", "sub_category_name": "Breakfast Cereals", "product_name": "Corn Flakes", "product_brand": "Kelloggs", "combo": [["250 g", "88.35"], ["100 g", "45.00"], ["475 g", "167.40"]]}, {"category": "Snacks & Branded Foods", "sub_category_name": "Breakfast Cereals", "product_name": "Muesli - With 21% Fruit & Nut", "product_brand": "Kelloggs", "combo": [["240 g", "155.00"], ["500 g", "285.00"], ["750 g", "415.00"]]}, {"category": "Snacks & Branded Foods", "sub_category_name": "Breakfast Cereals", "product_name": "Corn Flakes With Real Almond & Honey", "product_brand": "Kelloggs", "combo": [["1 Kg", "520.00"], ["300 g", "170.00"], ["650 g", "344.84"]]}, {"category": "Snacks & Branded Foods", "sub_category_name": "Breakfast Cereals", "product_name": "Chocos Fills 250 gm + Chocos 375 gm", "product_brand": "Kelloggs", "combo": []}, {"category": "Snacks & Branded Foods", "sub_category_name": "Breakfast Cereals", "product_name": "Masala Oats - Peppy Tomato", "product_brand": "Saffola", "combo": [["38 g", "13.95"], ["5x40 g", "69.75"], ["10x40 g", "139.50"]]}, {"category": "Snacks & Branded Foods", "sub_category_name": "Breakfast Cereals", "product_name": "Masala Oats - Veggie Twist + Peppy Tomato + Classic Masala (39 g)", "product_brand": "Saffola", "combo": []}, {"category": "Snacks & Branded Foods", "sub_category_name": "Breakfast Cereals", "product_name": "Crunchy Muesli - Almond Raisins And Honey", "product_brand": "Bagrrys", "combo": []}, {"category": "Snacks & Branded Foods", "sub_category_name": "Breakfast Cereals", "product_name": "Energy Bar Oat & Apricot 6 pcs + Energy Bar Fig & Date 6 pcs", "product_brand": "On The Run", "combo": []}, {"category": "Snacks & Branded Foods", "sub_category_name": "Breakfast Cereals", "product_name": "Special K", "product_brand": "Kelloggs", "combo": [["900 g", "399.00"], ["290 g", "140.00"], ["435 g", "210.00"]]}, {"category": "Snacks & Branded Foods", "sub_category_name": "Breakfast Cereals", "product_name": "Muesli - With 20% Nuts Delight", "product_brand": "Kelloggs", "combo": [["500 g", "290.00"], ["750 g", "415.00"], ["240 g", "155.00"]]}, {"category": "Snacks & Branded Foods", "sub_category_name": "Breakfast Cereals", "product_name": "Honey Crunch Corn Flakes", "product_brand": "Kelloggs", "combo": [["630 g", "269.70"], ["300 g", "134.11"]]}, {"category": "Snacks & Branded Foods", "sub_category_name": "Breakfast Cereals", "product_name": "Nutrition Energy Bar - Fig, Flax & Pumpkin Seeds", "product_brand": "GoodDiet", "combo": [["10x40 g", "350.01"], ["40 g", "45.00"], ["3x40 g", "129.01"], ["6x40 g", "240.00"]]}, {"category": "Snacks & Branded Foods", "sub_category_name": "Breakfast Cereals", "product_name": "Chocos - Variety pack", "product_brand": "Kelloggs", "combo": []}, {"category": "Snacks & Branded Foods", "sub_category_name": "Breakfast Cereals", "product_name": "Crunchy Granola Almonds and Cranberries", "product_brand": "Kelloggs", "combo": []}, {"category": "Snacks & Branded Foods", "sub_category_name": "Breakfast Cereals", "product_name": "Quinoa Muesli - With Nuts & Seeds", "product_brand": "GoodDiet", "combo": [["6x30 g", "115.00"], ["350 g", "249.00"], ["30 g", "25.00"]]}, {"category": "Snacks & Branded Foods", "sub_category_name": "Breakfast Cereals", "product_name": "Chocos Fills", "product_brand": "Kelloggs", "combo": [["2x250 g", "233.34"], ["250 g", "116.67"]]}, {"category": "Snacks & Branded Foods", "sub_category_name": "Breakfast Cereals", "product_name": "Chocos Fills 250 gm + Chocos - Crunchy Bites 390 gm", "product_brand": "Kelloggs", "combo": []}, {"category": "Snacks & Branded Foods", "sub_category_name": "Breakfast Cereals", "product_name": "Chocos Crunchy Bites", "product_brand": "Kelloggs", "combo": []}, {"category": "Snacks & Branded Foods", "sub_category_name": "Breakfast Cereals", "product_name": "Corn Flakes", "product_brand": "Kelloggs", "combo": [["875 g", "285.00"], ["2x875 g", "570.00"]]}, {"category": "Snacks & Branded Foods", "sub_category_name": "Breakfast Cereals", "product_name": "Masala Oats - Mumbai Pav Bhaji", "product_brand": "Saffola", "combo": [["120 g", "60.00"], ["3x120 g", "180.00"], ["2x120 g", "120.00"]]}, {"category": "Snacks & Branded Foods", "sub_category_name": "Breakfast Cereals", "product_name": "Masala Oats - Classic Masala", "product_brand": "Saffola", "combo": [["3x500 g", "435.00"], ["500 g", "145.00"], ["2x500 g", "290.00"]]}, {"category": "Snacks & Branded Foods", "sub_category_name": "Breakfast Cereals", "product_name": "Multi Millet Muesli - With Fruits, Nuts & Berries", "product_brand": "GoodDiet", "combo": [["350 g", "249.00"], ["30 g", "25.00"], ["6x30 g", "115.00"]]}, {"category": "Snacks & Branded Foods", "sub_category_name": "Breakfast Cereals", "product_name": "Nutrition Energy Bar - Cocoa Coconut & Almonds", "product_brand": "GoodDiet", "combo": [["6x40 g", "240.00"], ["40 g", "45.00"], ["10x40 g", "350.01"], ["3x40 g", "129.01"]]}, {"category": "Snacks & Branded Foods", "sub_category_name": "Breakfast Cereals", "product_name": "Corn Flakes With Real Strawberry Puree", "product_brand": "Kelloggs", "combo": [["575 g", "265.00"], ["300 g", "140.00"]]}, {"category": "Snacks & Branded Foods", "sub_category_name": "Breakfast Cereals", "product_name": "Masala Oats - Chinese", "product_brand": "Saffola", "combo": [["5x39 g", "90.00"], ["38 g", "18.00"], ["10x39 g", "180.00"]]}, {"category": "Snacks & Branded Foods", "sub_category_name": "Breakfast Cereals", "product_name": "Variety Energy Bars-Cocoa Coconut Almond,Choco Peanut,Pumpkin Seed Cramberry,Fig Flaxseed", "product_brand": "GoodDiet", "combo": []}, {"category": "Snacks & Branded Foods", "sub_category_name": "Breakfast Cereals", "product_name": "Ragi Bites - Choco Fills", "product_brand": "Soulfull", "combo": [["1 kg", "449.00"], ["2x500 g", "530.00"], ["500 g", "265.00"], ["250 g", "128.75"], ["2x250 g", "257.50"]]}, {"category": "Snacks & Branded Foods", "sub_category_name": "Breakfast Cereals", "product_name": "All Bran Wheat Flakes", "product_brand": "Kelloggs", "combo": []}, {"category": "Snacks & Branded Foods", "sub_category_name": "Breakfast Cereals", "product_name": "Fruit N Fibre Muesli - Mixed Fruit", "product_brand": "Bagrrys", "combo": []}, {"category": "Snacks & Branded Foods", "sub_category_name": "Breakfast Cereals", "product_name": "Breakfast Protein Bar - Apricot & Fig 50 gm + Apple Cinnamon 50 gm", "product_brand": "Yoga bar", "combo": []}, {"category": "Snacks & Branded Foods", "sub_category_name": "Breakfast Cereals", "product_name": "Chocos Corn Flakes", "product_brand": "Kelloggs", "combo": []}, {"category": "Snacks & Branded Foods", "sub_category_name": "Breakfast Cereals", "product_name": "Nutrition Energy Bar - Dates & Walnut", "product_brand": "GoodDiet", "combo": [["40 g", "45.00"], ["3x40 g", "129.01"], ["6x40 g", "240.00"], ["10x40 g", "350.01"]]}, {"category": "Snacks & Branded Foods", "sub_category_name": "Breakfast Cereals", "product_name": "Variety Energy Bars-ChocoPeanut,CoconutAlmond,GojiberryBalckcurrantCashew,AlmondRaisin", "product_brand": "GoodDiet", "combo": []}, {"category": "Snacks & Branded Foods", "sub_category_name": "Breakfast Cereals", "product_name": "Muesli - With 0% Added Sugar", "product_brand": "Kelloggs", "combo": []}, {"category": "Snacks & Branded Foods", "sub_category_name": "Breakfast Cereals", "product_name": "Corn Flakes", "product_brand": "Kelloggs", "combo": []}, {"category": "Snacks & Branded Foods", "sub_category_name": "Breakfast Cereals", "product_name": "Muesli - Crunchy Fruit & Nut with Cranberries", "product_brand": "Bagrrys", "combo": []}, {"category": "Snacks & Branded Foods", "sub_category_name": "Breakfast Cereals", "product_name": "Millet Muesli - Fruit & Nut", "product_brand": "Soulfull", "combo": [["400 g", "299.00"], ["2x400 g", "598.00"], ["700 g", "307.97"]]}, {"category": "Snacks & Branded Foods", "sub_category_name": "Breakfast Cereals", "product_name": "Multi Millet Flakes - With Fruits & Nuts", "product_brand": "GoodDiet", "combo": [["350 g", "249.00"], ["30 g", "24.65"], ["6x30 g", "113.39"]]}, {"category": "Snacks & Branded Foods", "sub_category_name": "Breakfast Cereals", "product_name": "Millet Muesli - Crunchy", "product_brand": "Soulfull", "combo": [["400 g", "275.00"], ["2x400 g", "550.00"], ["700 g", "364.00"]]}, {"category": "Snacks & Branded Foods", "sub_category_name": "Breakfast Cereals", "product_name": "Nutrition Energy Bar - Gojiberry, Blackcurrant & Cashews", "product_brand": "GoodDiet", "combo": [["40 g", "45.00"], ["6x40 g", "240.00"], ["10x40 g", "350.01"], ["3x40 g", "129.01"]]}, {"category": "Snacks & Branded Foods", "sub_category_name": "Breakfast Cereals", "product_name": "Nutrition Energy Bar - Chocolate & Peanut", "product_brand": "GoodDiet", "combo": [["3x40 g", "129.01"], ["6x40 g", "240.00"], ["40 g", "45.00"], ["10x40 g", "350.01"]]}, {"category": "Snacks & Branded Foods", "sub_category_name": "Breakfast Cereals", "product_name": "Ragi Bites - Vanilla Fills", "product_brand": "Soulfull", "combo": [["250 g", "149.00"], ["2x250 g", "298.00"]]}, {"category": "Snacks & Branded Foods", "sub_category_name": "Breakfast Cereals", "product_name": "White Oats", "product_brand": "Bagrrys", "combo": [["500 g", "81.37"], ["1 kg", "170.00"]]}, {"category": "Snacks & Branded Foods", "sub_category_name": "Breakfast Cereals", "product_name": "Millet Muesli - Diet", "product_brand": "Soulfull", "combo": [["2x400 g", "490.00"], ["400 g", "245.00"], ["700 g", "282.88"]]}, {"category": "Snacks & Branded Foods", "sub_category_name": "Breakfast Cereals", "product_name": "Nutrition Energy Bar - Pumpkin Seeds & Cranberries", "product_brand": "GoodDiet", "combo": [["3x40 g", "129.01"], ["6x40 g", "240.00"], ["10x40 g", "350.01"], ["40 g", "45.00"]]}, {"category": "Snacks & Branded Foods", "sub_category_name": "Breakfast Cereals", "product_name": "Nutrition Energy Bar - Almonds & Raisins", "product_brand": "GoodDiet", "combo": [["40 g", "45.00"], ["3x40 g", "129.01"], ["6x40 g", "240.00"], ["10x40 g", "350.01"]]}, {"category": "Snacks & Branded Foods", "sub_category_name": "Breakfast Cereals", "product_name": "Masala Oats - Peppy Tomato", "product_brand": "Saffola", "combo": [["500 g", "175.00"], ["2x500 g", "350.00"], ["3x500 g", "525.00"]]}, {"category": "Snacks & Branded Foods", "sub_category_name": "Breakfast Cereals", "product_name": "Snack Bar - Almond & Oats", "product_brand": "Unibic", "combo": [["4x30 g", "144.00"], ["30 g", "36.00"]]}, {"category": "Snacks & Branded Foods", "sub_category_name": "Breakfast Cereals", "product_name": "Protein Muesli - Chocolate Flavoured", "product_brand": "Bagrrys", "combo": []}, {"category": "Snacks & Branded Foods", "sub_category_name": "Breakfast Cereals", "product_name": "Chocos Moon & Stars", "product_brand": "Kelloggs", "combo": []}, {"category": "Snacks & Branded Foods", "sub_category_name": "Breakfast Cereals", "product_name": "Chocos Duet", "product_brand": "Kelloggs", "combo": []}, {"category": "Snacks & Branded Foods", "sub_category_name": "Breakfast Cereals", "product_name": "Crunchy Granola Almonds and Cranberries", "product_brand": "Kelloggs", "combo": []}, {"category": "Snacks & Branded Foods", "sub_category_name": "Breakfast Cereals", "product_name": "Quinoa Cereal - With Fruits & Nuts, Banana Flavour", "product_brand": "GoodDiet", "combo": [["6x30 g", "115.00"], ["350 g", "249.00"], ["30 g", "25.00"]]}, {"category": "Snacks & Branded Foods", "sub_category_name": "Breakfast Cereals", "product_name": "Crunchy Granola - Honey, Almonds, Strawberries & Pumpkin Seeds", "product_brand": "Kelloggs", "combo": []}, {"category": "Snacks & Branded Foods", "sub_category_name": "Breakfast Cereals", "product_name": "Heart to Heart Oats", "product_brand": "Kelloggs", "combo": [["500 g", "99.00"], ["1 kg", "176.13"], ["200 g", "45.00"]]}, {"category": "Snacks & Branded Foods", "sub_category_name": "Breakfast Cereals", "product_name": "Chocos Moon & Stars", "product_brand": "Kelloggs", "combo": []}, {"category": "Snacks & Branded Foods", "sub_category_name": "Breakfast Cereals", "product_name": "Muesli - With 22% Fruit Magic", "product_brand": "Kelloggs", "combo": []}, {"category": "Snacks & Branded Foods", "sub_category_name": "Breakfast Cereals", "product_name": "Snack Bar - Fruit & Nut", "product_brand": "Unibic", "combo": [["30 g", "36.00"], ["4x30 g", "144.00"], ["8x30 g", "288.00"]]}, {"category": "Snacks & Branded Foods", "sub_category_name": "Breakfast Cereals", "product_name": "Fields Of Gold Organic Multi Millet Mix - Breakfast Porridge", "product_brand": "PRISTINE", "combo": []}, {"category": "Snacks & Branded Foods", "sub_category_name": "Breakfast Cereals", "product_name": "Oats - Atta", "product_brand": "Bagrrys", "combo": []}, {"category": "Snacks & Branded Foods", "sub_category_name": "Breakfast Cereals", "product_name": "Snack Bar - Multigrain, Choco", "product_brand": "Unibic", "combo": [["30 g", "36.00"], ["4x30 g", "144.00"]]}, {"category": "Snacks & Branded Foods", "sub_category_name": "Breakfast Cereals", "product_name": "Chocos - Moons & Stars", "product_brand": "Kelloggs", "combo": []}, {"category": "Snacks & Branded Foods", "sub_category_name": "Breakfast Cereals", "product_name": "Corn Flakes Plus - Original & Healthier", "product_brand": "Bagrrys", "combo": [["475 g", "180.00"], ["800 g", "235.87"], ["250 g", "95.00"]]}, {"category": "Snacks & Branded Foods", "sub_category_name": "Breakfast Cereals", "product_name": "Ragi Bites - Strawberry Fills", "product_brand": "Soulfull", "combo": [["2x250 g", "298.00"], ["250 g", "149.00"]]}, {"category": "Snacks & Branded Foods", "sub_category_name": "Breakfast Cereals", "product_name": "Wheat Bran - Germinated", "product_brand": "Bagrrys", "combo": []}, {"category": "Snacks & Branded Foods", "sub_category_name": "Breakfast Cereals", "product_name": "Chocos Webs", "product_brand": "Kelloggs", "combo": []}, {"category": "Snacks & Branded Foods", "sub_category_name": "Breakfast Cereals", "product_name": "Oats", "product_brand": "Saffola", "combo": []}, {"category": "Snacks & Branded Foods", "sub_category_name": "Breakfast Cereals", "product_name": "Multi Millet Flakes - Plain", "product_brand": "GoodDiet", "combo": [["350 g", "189.00"], ["30 g", "17.00"], ["6x30 g", "85.00"]]}, {"category": "Snacks & Branded Foods", "sub_category_name": "Breakfast Cereals", "product_name": "Muesli - Almond Raisin & Honey", "product_brand": "Bagrrys", "combo": []}, {"category": "Snacks & Branded Foods", "sub_category_name": "Breakfast Cereals", "product_name": "Breakfast Cereal - Strawberry Flavour Burst", "product_brand": "Nestle Koko Krunch", "combo": []}, {"category": "Snacks & Branded Foods", "sub_category_name": "Breakfast Cereals", "product_name": "Oats", "product_brand": "Saffola", "combo": [["200 g", "45.00"], ["400 g", "85.00"], ["3x200 g", "135.00"], ["2x400 g", "170.00"]]}, {"category": "Snacks & Branded Foods", "sub_category_name": "Breakfast Cereals", "product_name": "Snacks - Sticks, Carrot & Cumin, 2+ Years, 100% Natural & Healthy", "product_brand": "Timios", "combo": [["10x30 g", "200.00"], ["5x30 g", "100.00"], ["30 g", "20.00"]]}, {"category": "Snacks & Branded Foods", "sub_category_name": "Breakfast Cereals", "product_name": "Snack Bar - Fruit & Nut, Choco", "product_brand": "Unibic", "combo": [["8x30 g", "288.00"], ["30 g", "36.00"]]}, {"category": "Snacks & Branded Foods", "sub_category_name": "Breakfast Cereals", "product_name": "Fruit N Fibre Muesli - Mixed Fruit", "product_brand": "Bagrrys", "combo": []}, {"category": "Snacks & Branded Foods", "sub_category_name": "Breakfast Cereals", "product_name": "Crunchy Granola - Chocolate & Almonds", "product_brand": "Kelloggs", "combo": []}, {"category": "Snacks & Branded Foods", "sub_category_name": "Breakfast Cereals", "product_name": "Flakes - Jowar", "product_brand": "Health Sutra", "combo": []}, {"category": "Snacks & Branded Foods", "sub_category_name": "Breakfast Cereals", "product_name": "Muesli - Crunchy (No Added Sugar)", "product_brand": "Bagrrys", "combo": []}, {"category": "Snacks & Branded Foods", "sub_category_name": "Breakfast Cereals", "product_name": "Breakfast Cereal - Choco Burst", "product_brand": "Nestle Koko Krunch", "combo": []}, {"category": "Snacks & Branded Foods", "sub_category_name": "Breakfast Cereals", "product_name": "Snacks - Rings, Tomato & Cheese, 2+ Years, 100% Natural & Healthy", "product_brand": "Timios", "combo": [["10x30 g", "200.00"], ["5x30 g", "100.00"], ["30 g", "20.00"]]}, {"category": "Snacks & Branded Foods", "sub_category_name": "Breakfast Cereals", "product_name": "Breakfast Cereals - Crunchies, 100% Natural & Healthy", "product_brand": "Timios", "combo": [["5x30 g", "100.00"], ["30 g", "20.00"]]}, {"category": "Snacks & Branded Foods", "sub_category_name": "Breakfast Cereals", "product_name": "Breakfast Cereal - Chocolate Flavour", "product_brand": "Nestle Koko Krunch", "combo": []}, {"category": "Snacks & Branded Foods", "sub_category_name": "Breakfast Cereals", "product_name": "Cornflakes", "product_brand": "Lawrence Mills", "combo": []}, {"category": "Snacks & Branded Foods", "sub_category_name": "Breakfast Cereals", "product_name": "Muesli- Choco Delight", "product_brand": "Bagrrys", "combo": []}, {"category": "Snacks & Branded Foods", "sub_category_name": "Breakfast Cereals", "product_name": "Flakes - Wheat", "product_brand": "Daily Diet", "combo": []}, {"category": "Snacks & Branded Foods", "sub_category_name": "Breakfast Cereals", "product_name": "Mighty Puff - Choco Ragi", "product_brand": "Slurrp Farm", "combo": []}, {"category": "Snacks & Branded Foods", "sub_category_name": "Breakfast Cereals", "product_name": "Flakes - Bajra", "product_brand": "Health Sutra", "combo": []}, {"category": "Snacks & Branded Foods", "sub_category_name": "Breakfast Cereals", "product_name": "Peanut Butter Bar", "product_brand": "RiteBite Max Protein", "combo": [["6x40 g", "240.00"], ["40 g", "40.00"], ["3x40 g", "120.00"]]}, {"category": "Snacks & Branded Foods", "sub_category_name": "Breakfast Cereals", "product_name": "Ragi Bites - Choco/Vanilla Fills", "product_brand": "Soulfull", "combo": []}, {"category": "Snacks & Branded Foods", "sub_category_name": "Breakfast Cereals", "product_name": "Breakfast Cereal - Crunchy Granola With Nutty Honey", "product_brand": "Nestle NesPlus", "combo": []}, {"category": "Snacks & Branded Foods", "sub_category_name": "Breakfast Cereals", "product_name": "Breakfast Cereal - Crunchy Flakes with Corn & Oats", "product_brand": "Nestle NesPlus", "combo": []}, {"category": "Snacks & Branded Foods", "sub_category_name": "Breakfast Cereals", "product_name": "Organic - Quinoa", "product_brand": "Bagrrys", "combo": []}, {"category": "Snacks & Branded Foods", "sub_category_name": "Breakfast Cereals", "product_name": "Breakfast Cereal - Choco+, 3 Great Grains", "product_brand": "Bagrrys", "combo": [["375 g", "149.00"], ["1.2 kg", "302.82"]]}, {"category": "Snacks & Branded Foods", "sub_category_name": "Breakfast Cereals", "product_name": "Gluten Free Rolled Oats", "product_brand": "Nutty Yogi", "combo": []}, {"category": "Snacks & Branded Foods", "sub_category_name": "Breakfast Cereals", "product_name": "Flakes - Barley", "product_brand": "Health Sutra", "combo": []}, {"category": "Snacks & Branded Foods", "sub_category_name": "Breakfast Cereals", "product_name": "Snacks - Puffs, Spinach & Lime, 2+ Years, 100% Natural & Healthy", "product_brand": "Timios", "combo": [["10x30 g", "200.00"], ["5x30 g", "100.00"], ["30 g", "20.00"]]}, {"category": "Snacks & Branded Foods", "sub_category_name": "Breakfast Cereals", "product_name": "Breakfast Cereal - Chocolate Flavour", "product_brand": "Nestle Koko Krunch", "combo": []}, {"category": "Snacks & Branded Foods", "sub_category_name": "Breakfast Cereals", "product_name": "Weikfield White Oats", "product_brand": "Eco Valley", "combo": []}, {"category": "Snacks & Branded Foods", "sub_category_name": "Breakfast Cereals", "product_name": "Gluten-Free Rolled Oats - Premium", "product_brand": "NUTRIWISH", "combo": [["1.25 kg", "405.00"], ["500 g", "180.00"], ["1 kg", "315.00"]]}, {"category": "Snacks & Branded Foods", "sub_category_name": "Breakfast Cereals", "product_name": "Daily Choco Berry Bar", "product_brand": "RiteBite Max Protein", "combo": [["3x50 g", "175.50"], ["50 g", "60.45"]]}, {"category": "Snacks & Branded Foods", "sub_category_name": "Breakfast Cereals", "product_name": "Daily Choco Berry Bar", "product_brand": "RiteBite Max Protein", "combo": []}, {"category": "Snacks & Branded Foods", "sub_category_name": "Breakfast Cereals", "product_name": "Oat Bran - Hi Fibre Delicious Cereal", "product_brand": "Bagrrys", "combo": []}, {"category": "Snacks & Branded Foods", "sub_category_name": "Breakfast Cereals", "product_name": "Cornflakes", "product_brand": "Lawrence Mills", "combo": []}, {"category": "Snacks & Branded Foods", "sub_category_name": "Breakfast Cereals", "product_name": "Muesli- Choco Delight", "product_brand": "Bagrrys", "combo": []}, {"category": "Snacks & Branded Foods", "sub_category_name": "Breakfast Cereals", "product_name": "Flakes - Wheat", "product_brand": "Daily Diet", "combo": []}, {"category": "Snacks & Branded Foods", "sub_category_name": "Breakfast Cereals", "product_name": "Mighty Puff - Choco Ragi", "product_brand": "Slurrp Farm", "combo": []}, {"category": "Snacks & Branded Foods", "sub_category_name": "Breakfast Cereals", "product_name": "Flakes - Bajra", "product_brand": "Health Sutra", "combo": []}, {"category": "Snacks & Branded Foods", "sub_category_name": "Breakfast Cereals", "product_name": "Peanut Butter Bar", "product_brand": "RiteBite Max Protein", "combo": [["6x40 g", "240.00"], ["40 g", "40.00"], ["3x40 g", "120.00"]]}, {"category": "Snacks & Branded Foods", "sub_category_name": "Breakfast Cereals", "product_name": "Ragi Bites - Choco/Vanilla Fills", "product_brand": "Soulfull", "combo": []}, {"category": "Snacks & Branded Foods", "sub_category_name": "Breakfast Cereals", "product_name": "Breakfast Cereal - Crunchy Granola With Nutty Honey", "product_brand": "Nestle NesPlus", "combo": []}, {"category": "Snacks & Branded Foods", "sub_category_name": "Breakfast Cereals", "product_name": "Breakfast Cereal - Crunchy Flakes with Corn & Oats", "product_brand": "Nestle NesPlus", "combo": []}, {"category": "Snacks & Branded Foods", "sub_category_name": "Breakfast Cereals", "product_name": "Organic - Quinoa", "product_brand": "Bagrrys", "combo": []}, {"category": "Snacks & Branded Foods", "sub_category_name": "Breakfast Cereals", "product_name": "Breakfast Cereal - Choco+, 3 Great Grains", "product_brand": "Bagrrys", "combo": [["375 g", "149.00"], ["1.2 kg", "302.82"]]}, {"category": "Snacks & Branded Foods", "sub_category_name": "Breakfast Cereals", "product_name": "Gluten Free Rolled Oats", "product_brand": "Nutty Yogi", "combo": []}, {"category": "Snacks & Branded Foods", "sub_category_name": "Breakfast Cereals", "product_name": "Flakes - Barley", "product_brand": "Health Sutra", "combo": []}, {"category": "Snacks & Branded Foods", "sub_category_name": "Breakfast Cereals", "product_name": "Snacks - Puffs, Spinach & Lime, 2+ Years, 100% Natural & Healthy", "product_brand": "Timios", "combo": [["10x30 g", "200.00"], ["5x30 g", "100.00"], ["30 g", "20.00"]]}, {"category": "Snacks & Branded Foods", "sub_category_name": "Breakfast Cereals", "product_name": "Breakfast Cereal - Chocolate Flavour", "product_brand": "Nestle Koko Krunch", "combo": []}, {"category": "Snacks & Branded Foods", "sub_category_name": "Breakfast Cereals", "product_name": "Weikfield White Oats", "product_brand": "Eco Valley", "combo": []}, {"category": "Snacks & Branded Foods", "sub_category_name": "Breakfast Cereals", "product_name": "Gluten-Free Rolled Oats - Premium", "product_brand": "NUTRIWISH", "combo": [["1.25 kg", "405.00"], ["500 g", "180.00"], ["1 kg", "315.00"]]}, {"category": "Snacks & Branded Foods", "sub_category_name": "Breakfast Cereals", "product_name": "Daily Choco Berry Bar", "product_brand": "RiteBite Max Protein", "combo": [["3x50 g", "175.50"], ["50 g", "60.45"]]}, {"category": "Snacks & Branded Foods", "sub_category_name": "Breakfast Cereals", "product_name": "Daily Choco Berry Bar", "product_brand": "RiteBite Max Protein", "combo": []}, {"category": "Snacks & Branded Foods", "sub_category_name": "Breakfast Cereals", "product_name": "Oat Bran - Hi Fibre Delicious Cereal", "product_brand": "Bagrrys", "combo": []}, {"category": "Snacks & Branded Foods", "sub_category_name": "Breakfast Cereals", "product_name": "Breakfast Cereal - Choco Burst", "product_brand": "Nestle Koko Krunch", "combo": []}, {"category": "Snacks & Branded Foods", "sub_category_name": "Breakfast Cereals", "product_name": "Flakes - Corn", "product_brand": "Daily Diet", "combo": []}, {"category": "Snacks & Branded Foods", "sub_category_name": "Breakfast Cereals", "product_name": "Oats - White", "product_brand": "Bagrrys", "combo": []}, {"category": "Snacks & Branded Foods", "sub_category_name": "Breakfast Cereals", "product_name": "Oats - Steel Cut", "product_brand": "Bagrrys", "combo": []}, {"category": "Snacks & Branded Foods", "sub_category_name": "Breakfast Cereals", "product_name": "Breakfast Cereal - Crunchy Flakes With Corn & Oats", "product_brand": "Nestle NesPlus", "combo": []}, {"category": "Snacks & Branded Foods", "sub_category_name": "Breakfast Cereals", "product_name": "Choco Delite Bar", "product_brand": "RiteBite Max Protein", "combo": []}, {"category": "Snacks & Branded Foods", "sub_category_name": "Breakfast Cereals", "product_name": "Ultimate Choco Almond", "product_brand": "RiteBite Max Protein", "combo": []}, {"category": "Snacks & Branded Foods", "sub_category_name": "Breakfast Cereals", "product_name": "Choco Fudge Bar", "product_brand": "RiteBite Max Protein", "combo": []}, {"category": "Snacks & Branded Foods", "sub_category_name": "Breakfast Cereals", "product_name": "Multigrain Choco Loopies", "product_brand": "Soulfull", "combo": []}, {"category": "Snacks & Branded Foods", "sub_category_name": "Breakfast Cereals", "product_name": "Ragi Flakes With Almonds & Honey", "product_brand": "Health Sutra", "combo": []}, {"category": "Snacks & Branded Foods", "sub_category_name": "Breakfast Cereals", "product_name": "Breakfast Cereal - Crunchy Granola With Nutty Honey", "product_brand": "Nestle NesPlus", "combo": []}, {"category": "Snacks & Branded Foods", "sub_category_name": "Breakfast Cereals", "product_name": "Crunch - Choco Delight", "product_brand": "Bagrrys", "combo": []}, {"category": "Snacks & Branded Foods", "sub_category_name": "Breakfast Cereals", "product_name": "Breakfast Cereal - Chocolate Flavour, Small Pack", "product_brand": "Nestle Koko Krunch", "combo": []}, {"category": "Snacks & Branded Foods", "sub_category_name": "Breakfast Cereals", "product_name": "Breakfast Cereal - Strawberry Flavour Burst, Small Pack", "product_brand": "Nestle Koko Krunch", "combo": []}, {"category": "Snacks & Branded Foods", "sub_category_name": "Breakfast Cereals", "product_name": "Special K Protein & fibre", "product_brand": "Kelloggs", "combo": []}, {"category": "Snacks & Branded Foods", "sub_category_name": "Breakfast Cereals", "product_name": "Instant Wheat Porridge", "product_brand": "Murginns", "combo": []}, {"category": "Snacks & Branded Foods", "sub_category_name": "Breakfast Cereals", "product_name": "Masala Oats - Masala & Coriander", "product_brand": "Saffola", "combo": [["500 g", "175.00"], ["2x500 g", "350.00"], ["3x500 g", "525.00"]]}, {"category": "Snacks & Branded Foods", "sub_category_name": "Breakfast Cereals", "product_name": "Wheat Flakes - Original, Total Bran", "product_brand": "Bagrrys", "combo": []}, {"category": "Snacks & Branded Foods", "sub_category_name": "Breakfast Cereals", "product_name": "Corn Flakes Plus - With Real Honey", "product_brand": "Bagrrys", "combo": []}, {"category": "Snacks & Branded Foods", "sub_category_name": "Breakfast Cereals", "product_name": "Steel Cut Oats", "product_brand": "NUTRIWISH", "combo": [["200 g", "112.50"], ["2 kg", "585.00"]]}, {"category": "Snacks & Branded Foods", "sub_category_name": "Breakfast Cereals", "product_name": "Cornflakes", "product_brand": "Lawrence Mills", "combo": []}, {"category": "Snacks & Branded Foods", "sub_category_name": "Breakfast Cereals", "product_name": "Muesli- Choco Delight", "product_brand": "Bagrrys", "combo": []}, {"category": "Snacks & Branded Foods", "sub_category_name": "Breakfast Cereals", "product_name": "Flakes - Wheat", "product_brand": "Daily Diet", "combo": []}, {"category": "Snacks & Branded Foods", "sub_category_name": "Breakfast Cereals", "product_name": "Mighty Puff - Choco Ragi", "product_brand": "Slurrp Farm", "combo": []}, {"category": "Snacks & Branded Foods", "sub_category_name": "Breakfast Cereals", "product_name": "Flakes - Bajra", "product_brand": "Health Sutra", "combo": []}, {"category": "Snacks & Branded Foods", "sub_category_name": "Breakfast Cereals", "product_name": "Peanut Butter Bar", "product_brand": "RiteBite Max Protein", "combo": [["6x40 g", "240.00"], ["40 g", "40.00"], ["3x40 g", "120.00"]]}, {"category": "Snacks & Branded Foods", "sub_category_name": "Breakfast Cereals", "product_name": "Ragi Bites - Choco/Vanilla Fills", "product_brand": "Soulfull", "combo": []}, {"category": "Snacks & Branded Foods", "sub_category_name": "Breakfast Cereals", "product_name": "Breakfast Cereal - Crunchy Granola With Nutty Honey", "product_brand": "Nestle NesPlus", "combo": []}, {"category": "Snacks & Branded Foods", "sub_category_name": "Breakfast Cereals", "product_name": "Breakfast Cereal - Crunchy Flakes with Corn & Oats", "product_brand": "Nestle NesPlus", "combo": []}, {"category": "Snacks & Branded Foods", "sub_category_name": "Breakfast Cereals", "product_name": "Organic - Quinoa", "product_brand": "Bagrrys", "combo": []}, {"category": "Snacks & Branded Foods", "sub_category_name": "Breakfast Cereals", "product_name": "Breakfast Cereal - Choco+, 3 Great Grains", "product_brand": "Bagrrys", "combo": [["375 g", "149.00"], ["1.2 kg", "302.82"]]}, {"category": "Snacks & Branded Foods", "sub_category_name": "Breakfast Cereals", "product_name": "Gluten Free Rolled Oats", "product_brand": "Nutty Yogi", "combo": []}, {"category": "Snacks & Branded Foods", "sub_category_name": "Breakfast Cereals", "product_name": "Flakes - Barley", "product_brand": "Health Sutra", "combo": []}, {"category": "Snacks & Branded Foods", "sub_category_name": "Breakfast Cereals", "product_name": "Snacks - Puffs, Spinach & Lime, 2+ Years, 100% Natural & Healthy", "product_brand": "Timios", "combo": [["10x30 g", "200.00"], ["5x30 g", "100.00"], ["30 g", "20.00"]]}, {"category": "Snacks & Branded Foods", "sub_category_name": "Breakfast Cereals", "product_name": "Breakfast Cereal - Chocolate Flavour", "product_brand": "Nestle Koko Krunch", "combo": []}, {"category": "Snacks & Branded Foods", "sub_category_name": "Breakfast Cereals", "product_name": "Weikfield White Oats", "product_brand": "Eco Valley", "combo": []}, {"category": "Snacks & Branded Foods", "sub_category_name": "Breakfast Cereals", "product_name": "Gluten-Free Rolled Oats - Premium", "product_brand": "NUTRIWISH", "combo": [["1.25 kg", "405.00"], ["500 g", "180.00"], ["1 kg", "315.00"]]}, {"category": "Snacks & Branded Foods", "sub_category_name": "Breakfast Cereals", "product_name": "Daily Choco Berry Bar", "product_brand": "RiteBite Max Protein", "combo": [["3x50 g", "175.50"], ["50 g", "60.45"]]}, {"category": "Snacks & Branded Foods", "sub_category_name": "Breakfast Cereals", "product_name": "Daily Choco Berry Bar", "product_brand": "RiteBite Max Protein", "combo": []}, {"category": "Snacks & Branded Foods", "sub_category_name": "Breakfast Cereals", "product_name": "Oat Bran - Hi Fibre Delicious Cereal", "product_brand": "Bagrrys", "combo": []}, {"category": "Snacks & Branded Foods", "sub_category_name": "Breakfast Cereals", "product_name": "Sports Bar", "product_brand": "RiteBite Max Protein", "combo": [["3x40 g", "105.60"], ["40 g", "36.00"], ["6x40 g", "211.20"]]}, {"category": "Snacks & Branded Foods", "sub_category_name": "Breakfast Cereals", "product_name": "Green Tea - Orange", "product_brand": "RiteBite Max Protein", "combo": []}, {"category": "Snacks & Branded Foods", "sub_category_name": "Breakfast Cereals", "product_name": "Daily Choco Almond Bar", "product_brand": "RiteBite Max Protein", "combo": [["3x50 g", "175.50"], ["50 g", "60.45"]]}, {"category": "Snacks & Branded Foods", "sub_category_name": "Breakfast Cereals", "product_name": "Daily Choco Almond Bar", "product_brand": "RiteBite Max Protein", "combo": []}, {"category": "Snacks & Branded Foods", "sub_category_name": "Breakfast Cereals", "product_name": "Bar - Honey Lemon", "product_brand": "RiteBite Max Protein", "combo": []}, {"category": "Snacks & Branded Foods", "sub_category_name": "Breakfast Cereals", "product_name": "Green Coffee Beans Bar", "product_brand": "RiteBite Max Protein", "combo": [["70 g", "115.00"], ["3x70 g", "337.50"]]}, {"category": "Snacks & Branded Foods", "sub_category_name": "Breakfast Cereals", "product_name": "Green Coffee Beans", "product_brand": "RiteBite Max Protein", "combo": []}, {"category": "Snacks & Branded Foods", "sub_category_name": "Breakfast Cereals", "product_name": "Green Tea Orange Bar", "product_brand": "RiteBite Max Protein", "combo": [["3x70 g", "337.50"], ["70 g", "115.00"]]}, {"category": "Snacks & Branded Foods", "sub_category_name": "Breakfast Cereals", "product_name": "Choco Delite Bar", "product_brand": "RiteBite Max Protein", "combo": [["3x40 g", "92.40"], ["6x40 g", "184.80"], ["40 g", "31.50"]]}, {"category": "Snacks & Branded Foods", "sub_category_name": "Breakfast Cereals", "product_name": "Choco Classic Bar", "product_brand": "RiteBite Max Protein", "combo": []}, {"category": "Snacks & Branded Foods", "sub_category_name": "Breakfast Cereals", "product_name": "Ultimate Choco Berry", "product_brand": "RiteBite Max Protein", "combo": []}, {"category": "Snacks & Branded Foods", "sub_category_name": "Breakfast Cereals", "product_name": "Ultimate Choco Almond Bar", "product_brand": "RiteBite Max Protein", "combo": [["100 g", "153.00"], ["3x100 g", "448.80"]]}, {"category": "Snacks & Branded Foods", "sub_category_name": "Breakfast Cereals", "product_name": "Breakfast Cereals - Crunchies, 100% Natural & Healthy", "product_brand": "Timios", "combo": []}, {"category": "Snacks & Branded Foods", "sub_category_name": "Breakfast Cereals", "product_name": "Energy Bars - Nutty, 4+ Years, 100% Natural & Healthy", "product_brand": "Timios", "combo": []}, {"category": "Snacks & Branded Foods", "sub_category_name": "Breakfast Cereals", "product_name": "Energy Bars - Berry, 4+ Years, 100% Natural & Healthy", "product_brand": "Timios", "combo": []}, {"category": "Snacks & Branded Foods", "sub_category_name": "Breakfast Cereals", "product_name": "Energy Bars - Nutty, 4+ Years, 100% Natural & Healthy", "product_brand": "Timios", "combo": []}, {"category": "Snacks & Branded Foods", "sub_category_name": "Breakfast Cereals", "product_name": "Energy Bars - Berry, 4+ Years, 100% Natural & Healthy", "product_brand": "Timios", "combo": []}, {"category": "Snacks & Branded Foods", "sub_category_name": "Breakfast Cereals", "product_name": "Protein Rich Nutrition Bar - Chocolate", "product_brand": "Fit", "combo": []}, {"category": "Snacks & Branded Foods", "sub_category_name": "Breakfast Cereals", "product_name": "Protein Rich Nutrition Bar - Nuts & Seeds", "product_brand": "Fit", "combo": []}, {"category": "Snacks & Branded Foods", "sub_category_name": "Breakfast Cereals", "product_name": "Protein Rich Nutrition Bar - Berry Blast", "product_brand": "Fit", "combo": []}, {"category": "Snacks & Branded Foods", "sub_category_name": "Breakfast Cereals", "product_name": "Sports Bar", "product_brand": "RiteBite Max Protein", "combo": [["3x40 g", "105.60"], ["40 g", "36.00"], ["6x40 g", "211.20"]]}, {"category": "Snacks & Branded Foods", "sub_category_name": "Breakfast Cereals", "product_name": "Green Tea - Orange", "product_brand": "RiteBite Max Protein", "combo": []}, {"category": "Snacks & Branded Foods", "sub_category_name": "Breakfast Cereals", "product_name": "Daily Choco Almond Bar", "product_brand": "RiteBite Max Protein", "combo": [["3x50 g", "175.50"], ["50 g", "60.45"]]}, {"category": "Snacks & Branded Foods", "sub_category_name": "Breakfast Cereals", "product_name": "Daily Choco Almond Bar", "product_brand": "RiteBite Max Protein", "combo": []}, {"category": "Snacks & Branded Foods", "sub_category_name": "Breakfast Cereals", "product_name": "Bar - Honey Lemon", "product_brand": "RiteBite Max Protein", "combo": []}, {"category": "Snacks & Branded Foods", "sub_category_name": "Breakfast Cereals", "product_name": "Green Coffee Beans Bar", "product_brand": "RiteBite Max Protein", "combo": [["70 g", "115.00"], ["3x70 g", "337.50"]]}, {"category": "Snacks & Branded Foods", "sub_category_name": "Breakfast Cereals", "product_name": "Green Coffee Beans", "product_brand": "RiteBite Max Protein", "combo": []}, {"category": "Snacks & Branded Foods", "sub_category_name": "Breakfast Cereals", "product_name": "Green Tea Orange Bar", "product_brand": "RiteBite Max Protein", "combo": [["3x70 g", "337.50"], ["70 g", "115.00"]]}, {"category": "Snacks & Branded Foods", "sub_category_name": "Breakfast Cereals", "product_name": "Choco Delite Bar", "product_brand": "RiteBite Max Protein", "combo": [["3x40 g", "92.40"], ["6x40 g", "184.80"], ["40 g", "31.50"]]}, {"category": "Snacks & Branded Foods", "sub_category_name": "Breakfast Cereals", "product_name": "Choco Classic Bar", "product_brand": "RiteBite Max Protein", "combo": []}, {"category": "Snacks & Branded Foods", "sub_category_name": "Breakfast Cereals", "product_name": "Ultimate Choco Berry", "product_brand": "RiteBite Max Protein", "combo": []}, {"category": "Snacks & Branded Foods", "sub_category_name": "Breakfast Cereals", "product_name": "Ultimate Choco Almond Bar", "product_brand": "RiteBite Max Protein", "combo": [["100 g", "153.00"], ["3x100 g", "448.80"]]}, {"category": "Snacks & Branded Foods", "sub_category_name": "Breakfast Cereals", "product_name": "Breakfast Cereals - Crunchies, 100% Natural & Healthy", "product_brand": "Timios", "combo": []}, {"category": "Snacks & Branded Foods", "sub_category_name": "Breakfast Cereals", "product_name": "Energy Bars - Nutty, 4+ Years, 100% Natural & Healthy", "product_brand": "Timios", "combo": []}, {"category": "Snacks & Branded Foods", "sub_category_name": "Breakfast Cereals", "product_name": "Energy Bars - Berry, 4+ Years, 100% Natural & Healthy", "product_brand": "Timios", "combo": []}, {"category": "Snacks & Branded Foods", "sub_category_name": "Breakfast Cereals", "product_name": "Energy Bars - Nutty, 4+ Years, 100% Natural & Healthy", "product_brand": "Timios", "combo": []}, {"category": "Snacks & Branded Foods", "sub_category_name": "Breakfast Cereals", "product_name": "Energy Bars - Berry, 4+ Years, 100% Natural & Healthy", "product_brand": "Timios", "combo": []}, {"category": "Snacks & Branded Foods", "sub_category_name": "Breakfast Cereals", "product_name": "Protein Rich Nutrition Bar - Chocolate", "product_brand": "Fit", "combo": []}, {"category": "Snacks & Branded Foods", "sub_category_name": "Breakfast Cereals", "product_name": "Protein Rich Nutrition Bar - Nuts & Seeds", "product_brand": "Fit", "combo": []}, {"category": "Snacks & Branded Foods", "sub_category_name": "Breakfast Cereals", "product_name": "Protein Rich Nutrition Bar - Berry Blast", "product_brand": "Fit", "combo": []}, {"category": "Snacks & Branded Foods", "sub_category_name": "Breakfast Cereals", "product_name": "Protein Rich Nutrition Bar - Chocolate", "product_brand": "Fit", "combo": []}, {"category": "Snacks & Branded Foods", "sub_category_name": "Breakfast Cereals", "product_name": "Protein Rich Nutrition Bar - Nuts & Seeds", "product_brand": "Fit", "combo": []}, {"category": "Snacks & Branded Foods", "sub_category_name": "Breakfast Cereals", "product_name": "Bar - Choco Slim", "product_brand": "RiteBite Max Protein", "combo": []}, {"category": "Snacks & Branded Foods", "sub_category_name": "Breakfast Cereals", "product_name": "Multigrain Energy Bar Chocolate Chunk Nut 38G+Breakfast Protein Variety Bar 50G", "product_brand": "Yoga bar", "combo": []}, {"category": "Snacks & Branded Foods", "sub_category_name": "Breakfast Cereals", "product_name": "Masala Oats - Classic Masala", "product_brand": "Saffola", "combo": [["38 g", "15.00"], ["5x40 g", "75.00"], ["10x40 g", "150.00"]]}, {"category": "Snacks & Branded Foods", "sub_category_name": "Breakfast Cereals", "product_name": "Millet Muesli - Fruit & Nut", "product_brand": "Soulfull", "combo": []}, {"category": "Snacks & Branded Foods", "sub_category_name": "Breakfast Cereals", "product_name": "Energy Bars - Berry, 4+ Years, 100% Natural & Healthy", "product_brand": "Timios", "combo": [["30 g", "35.00"], ["3x30 g", "105.00"]]}, {"category": "Snacks & Branded Foods", "sub_category_name": "Breakfast Cereals", "product_name": "Milly Magic Chocolate Balls - Gluten Free", "product_brand": "Schar", "combo": []}, {"category": "Snacks & Branded Foods", "sub_category_name": "Breakfast Cereals", "product_name": "Choco Fudge Bar", "product_brand": "RiteBite Max Protein", "combo": [["3x75 g", "324.00"], ["75 g", "111.60"]]}, {"category": "Snacks & Branded Foods", "sub_category_name": "Breakfast Cereals", "product_name": "Oat Millet Meal - Millet Masala", "product_brand": "Soulfull", "combo": []}, {"category": "Snacks & Branded Foods", "sub_category_name": "Breakfast Cereals", "product_name": "Chocos Chhota Laddoo", "product_brand": "Kelloggs", "combo": []}, {"category": "Snacks & Branded Foods", "sub_category_name": "Breakfast Cereals", "product_name": "Nuts & Seeds Bar", "product_brand": "RiteBite Max Protein", "combo": [["3x35 g", "105.60"], ["6x35 g", "211.20"], ["35 g", "36.00"]]}, {"category": "Snacks & Branded Foods", "sub_category_name": "Breakfast Cereals", "product_name": "Yogurt Berry Bar", "product_brand": "RiteBite Max Protein", "combo": [["6x35 g", "210.00"], ["35 g", "35.00"]]}, {"category": "Snacks & Branded Foods", "sub_category_name": "Breakfast Cereals", "product_name": "Corn Flakes Classic", "product_brand": "bb Royal", "combo": [["475 g", "129.00"], ["2x475 g", "258.00"]]}, {"category": "Snacks & Branded Foods", "sub_category_name": "Breakfast Cereals", "product_name": "Masala Oats - Masala & Coriander", "product_brand": "Saffola", "combo": [["5x39 g", "75.00"], ["38 g", "15.00"]]}, {"category": "Snacks & Branded Foods", "sub_category_name": "Breakfast Cereals", "product_name": "Chocos", "product_brand": "bb Royal", "combo": [["375 g", "149.00"], ["2x375 g", "298.00"]]}, {"category": "Snacks & Branded Foods", "sub_category_name": "Breakfast Cereals", "product_name": "Granola Bar - Blueberry Bolt", "product_brand": "RINE", "combo": []}, {"category": "Snacks & Branded Foods", "sub_category_name": "Breakfast Cereals", "product_name": "Muesli With 20% Nuts Delight", "product_brand": "bb Royal", "combo": [["2x500 g", "498.00"], ["500 g", "249.00"]]}, {"category": "Snacks & Branded Foods", "sub_category_name": "Breakfast Cereals", "product_name": "Snacks - Stars, Banana & Honey, 2+ Years, 100% Natural & Healthy", "product_brand": "Timios", "combo": [["10x30 g", "200.00"], ["5x30 g", "100.00"], ["30 g", "20.00"]]}, {"category": "Snacks & Branded Foods", "sub_category_name": "Breakfast Cereals", "product_name": "Muesli With 21% Fruit & Nut", "product_brand": "bb Royal", "combo": [["2x500 g", "490.00"], ["500 g", "245.00"]]}, {"category": "Snacks & Branded Foods", "sub_category_name": "Breakfast Cereals", "product_name": "Sports Bar", "product_brand": "RiteBite Max Protein", "combo": [["3x40 g", "105.60"], ["40 g", "36.00"], ["6x40 g", "211.20"]]}, {"category": "Snacks & Branded Foods", "sub_category_name": "Breakfast Cereals", "product_name": "Green Tea - Orange", "product_brand": "RiteBite Max Protein", "combo": []}, {"category": "Snacks & Branded Foods", "sub_category_name": "Breakfast Cereals", "product_name": "Daily Choco Almond Bar", "product_brand": "RiteBite Max Protein", "combo": [["3x50 g", "175.50"], ["50 g", "60.45"]]}, {"category": "Snacks & Branded Foods", "sub_category_name": "Breakfast Cereals", "product_name": "Daily Choco Almond Bar", "product_brand": "RiteBite Max Protein", "combo": []}, {"category": "Snacks & Branded Foods", "sub_category_name": "Breakfast Cereals", "product_name": "Bar - Honey Lemon", "product_brand": "RiteBite Max Protein", "combo": []}, {"category": "Snacks & Branded Foods", "sub_category_name": "Breakfast Cereals", "product_name": "Green Coffee Beans Bar", "product_brand": "RiteBite Max Protein", "combo": [["70 g", "115.00"], ["3x70 g", "337.50"]]}, {"category": "Snacks & Branded Foods", "sub_category_name": "Breakfast Cereals", "product_name": "Green Coffee Beans", "product_brand": "RiteBite Max Protein", "combo": []}, {"category": "Snacks & Branded Foods", "sub_category_name": "Breakfast Cereals", "product_name": "Green Tea Orange Bar", "product_brand": "RiteBite Max Protein", "combo": [["3x70 g", "337.50"], ["70 g", "115.00"]]}, {"category": "Snacks & Branded Foods", "sub_category_name": "Breakfast Cereals", "product_name": "Choco Delite Bar", "product_brand": "RiteBite Max Protein", "combo": [["3x40 g", "92.40"], ["6x40 g", "184.80"], ["40 g", "31.50"]]}, {"category": "Snacks & Branded Foods", "sub_category_name": "Breakfast Cereals", "product_name": "Choco Classic Bar", "product_brand": "RiteBite Max Protein", "combo": []}, {"category": "Snacks & Branded Foods", "sub_category_name": "Breakfast Cereals", "product_name": "Ultimate Choco Berry", "product_brand": "RiteBite Max Protein", "combo": []}, {"category": "Snacks & Branded Foods", "sub_category_name": "Breakfast Cereals", "product_name": "Ultimate Choco Almond Bar", "product_brand": "RiteBite Max Protein", "combo": [["100 g", "153.00"], ["3x100 g", "448.80"]]}, {"category": "Snacks & Branded Foods", "sub_category_name": "Breakfast Cereals", "product_name": "Breakfast Cereals - Crunchies, 100% Natural & Healthy", "product_brand": "Timios", "combo": []}, {"category": "Snacks & Branded Foods", "sub_category_name": "Breakfast Cereals", "product_name": "Energy Bars - Nutty, 4+ Years, 100% Natural & Healthy", "product_brand": "Timios", "combo": []}, {"category": "Snacks & Branded Foods", "sub_category_name": "Breakfast Cereals", "product_name": "Energy Bars - Berry, 4+ Years, 100% Natural & Healthy", "product_brand": "Timios", "combo": []}, {"category": "Snacks & Branded Foods", "sub_category_name": "Breakfast Cereals", "product_name": "Energy Bars - Nutty, 4+ Years, 100% Natural & Healthy", "product_brand": "Timios", "combo": []}, {"category": "Snacks & Branded Foods", "sub_category_name": "Breakfast Cereals", "product_name": "Energy Bars - Berry, 4+ Years, 100% Natural & Healthy", "product_brand": "Timios", "combo": []}, {"category": "Snacks & Branded Foods", "sub_category_name": "Breakfast Cereals", "product_name": "Protein Rich Nutrition Bar - Chocolate", "product_brand": "Fit", "combo": []}, {"category": "Snacks & Branded Foods", "sub_category_name": "Breakfast Cereals", "product_name": "Protein Rich Nutrition Bar - Nuts & Seeds", "product_brand": "Fit", "combo": []}, {"category": "Snacks & Branded Foods", "sub_category_name": "Breakfast Cereals", "product_name": "Protein Rich Nutrition Bar - Berry Blast", "product_brand": "Fit", "combo": []}, {"category": "Snacks & Branded Foods", "sub_category_name": "Breakfast Cereals", "product_name": "Sports Bar", "product_brand": "RiteBite Max Protein", "combo": [["3x40 g", "105.60"], ["40 g", "36.00"], ["6x40 g", "211.20"]]}, {"category": "Snacks & Branded Foods", "sub_category_name": "Breakfast Cereals", "product_name": "Green Tea - Orange", "product_brand": "RiteBite Max Protein", "combo": []}, {"category": "Snacks & Branded Foods", "sub_category_name": "Breakfast Cereals", "product_name": "Daily Choco Almond Bar", "product_brand": "RiteBite Max Protein", "combo": [["3x50 g", "175.50"], ["50 g", "60.45"]]}, {"category": "Snacks & Branded Foods", "sub_category_name": "Breakfast Cereals", "product_name": "Daily Choco Almond Bar", "product_brand": "RiteBite Max Protein", "combo": []}, {"category": "Snacks & Branded Foods", "sub_category_name": "Breakfast Cereals", "product_name": "Bar - Honey Lemon", "product_brand": "RiteBite Max Protein", "combo": []}, {"category": "Snacks & Branded Foods", "sub_category_name": "Breakfast Cereals", "product_name": "Green Coffee Beans Bar", "product_brand": "RiteBite Max Protein", "combo": [["70 g", "115.00"], ["3x70 g", "337.50"]]}, {"category": "Snacks & Branded Foods", "sub_category_name": "Breakfast Cereals", "product_name": "Green Coffee Beans", "product_brand": "RiteBite Max Protein", "combo": []}, {"category": "Snacks & Branded Foods", "sub_category_name": "Breakfast Cereals", "product_name": "Green Tea Orange Bar", "product_brand": "RiteBite Max Protein", "combo": [["3x70 g", "337.50"], ["70 g", "115.00"]]}, {"category": "Snacks & Branded Foods", "sub_category_name": "Breakfast Cereals", "product_name": "Choco Delite Bar", "product_brand": "RiteBite Max Protein", "combo": [["3x40 g", "92.40"], ["6x40 g", "184.80"], ["40 g", "31.50"]]}, {"category": "Snacks & Branded Foods", "sub_category_name": "Breakfast Cereals", "product_name": "Choco Classic Bar", "product_brand": "RiteBite Max Protein", "combo": []}, {"category": "Snacks & Branded Foods", "sub_category_name": "Breakfast Cereals", "product_name": "Ultimate Choco Berry", "product_brand": "RiteBite Max Protein", "combo": []}, {"category": "Snacks & Branded Foods", "sub_category_name": "Breakfast Cereals", "product_name": "Ultimate Choco Almond Bar", "product_brand": "RiteBite Max Protein", "combo": [["100 g", "153.00"], ["3x100 g", "448.80"]]}, {"category": "Snacks & Branded Foods", "sub_category_name": "Breakfast Cereals", "product_name": "Breakfast Cereals - Crunchies, 100% Natural & Healthy", "product_brand": "Timios", "combo": []}, {"category": "Snacks & Branded Foods", "sub_category_name": "Breakfast Cereals", "product_name": "Energy Bars - Nutty, 4+ Years, 100% Natural & Healthy", "product_brand": "Timios", "combo": []}, {"category": "Snacks & Branded Foods", "sub_category_name": "Breakfast Cereals", "product_name": "Energy Bars - Berry, 4+ Years, 100% Natural & Healthy", "product_brand": "Timios", "combo": []}, {"category": "Snacks & Branded Foods", "sub_category_name": "Breakfast Cereals", "product_name": "Energy Bars - Nutty, 4+ Years, 100% Natural & Healthy", "product_brand": "Timios", "combo": []}, {"category": "Snacks & Branded Foods", "sub_category_name": "Breakfast Cereals", "product_name": "Energy Bars - Berry, 4+ Years, 100% Natural & Healthy", "product_brand": "Timios", "combo": []}, {"category": "Snacks & Branded Foods", "sub_category_name": "Breakfast Cereals", "product_name": "Protein Rich Nutrition Bar - Chocolate", "product_brand": "Fit", "combo": []}, {"category": "Snacks & Branded Foods", "sub_category_name": "Breakfast Cereals", "product_name": "Protein Rich Nutrition Bar - Nuts & Seeds", "product_brand": "Fit", "combo": []}, {"category": "Snacks & Branded Foods", "sub_category_name": "Breakfast Cereals", "product_name": "Protein Rich Nutrition Bar - Berry Blast", "product_brand": "Fit", "combo": []}, {"category": "Snacks & Branded Foods", "sub_category_name": "Breakfast Cereals", "product_name": "Breakfast Protein Bar - Almond Coconut", "product_brand": "Yoga bar", "combo": []}, {"category": "Snacks & Branded Foods", "sub_category_name": "Breakfast Cereals", "product_name": "Whey Protein Bar - Cranberry Blast", "product_brand": "Yoga bar", "combo": []}, {"category": "Snacks & Branded Foods", "sub_category_name": "Breakfast Cereals", "product_name": "Protein Bar - Hazlenut Toffee", "product_brand": "Yoga bar", "combo": []}, {"category": "Snacks & Branded Foods", "sub_category_name": "Breakfast Cereals", "product_name": "Crunchy Granola Bars - Oats & Dark Chocolate", "product_brand": "Nature Valley", "combo": []}, {"category": "Snacks & Branded Foods", "sub_category_name": "Breakfast Cereals", "product_name": "Toasted Millet Muesli - Cranberry And Almond", "product_brand": "Monsoon Harvest", "combo": []}, {"category": "Snacks & Branded Foods", "sub_category_name": "Breakfast Cereals", "product_name": "Multigrain Energy Bar - Nuts n Seed", "product_brand": "Yoga bar", "combo": []}, {"category": "Snacks & Branded Foods", "sub_category_name": "Breakfast Cereals", "product_name": "Multigrain Energy Bar - Cashew Orange Zest", "product_brand": "Yoga bar", "combo": []}, {"category": "Snacks & Branded Foods", "sub_category_name": "Breakfast Cereals", "product_name": "Whey Protein Bar - Baked Brownie", "product_brand": "Yoga bar", "combo": []}, {"category": "Snacks & Branded Foods", "sub_category_name": "Breakfast Cereals", "product_name": "Granola - Goji Cocoa, Gluten free", "product_brand": "GoodDiet", "combo": []}, {"category": "Snacks & Branded Foods", "sub_category_name": "Breakfast Cereals", "product_name": "Granola - Quinoa & Amaranth Cranberry, Gluten Free", "product_brand": "GoodDiet", "combo": []}, {"category": "Snacks & Branded Foods", "sub_category_name": "Breakfast Cereals", "product_name": "Breakfast Protein Bar - Apricot & Fig", "product_brand": "Yoga bar", "combo": []}, {"category": "Snacks & Branded Foods", "sub_category_name": "Breakfast Cereals", "product_name": "Breakfast Protein Bar - Apple Cinnamon", "product_brand": "Yoga bar", "combo": []}, {"category": "Snacks & Branded Foods", "sub_category_name": "Breakfast Cereals", "product_name": "Energy Bars - Fig & Date", "product_brand": "On The Run", "combo": []}, {"category": "Snacks & Branded Foods", "sub_category_name": "Breakfast Cereals", "product_name": "Muesli - Crunchy Yogurt Raspberry & Oats", "product_brand": "Kolln", "combo": []}, {"category": "Snacks & Branded Foods", "sub_category_name": "Breakfast Cereals", "product_name": "No Added Sugar Muesli - High Fibre Cereal For Breakfast", "product_brand": "True Elements", "combo": []}, {"category": "Snacks & Branded Foods", "sub_category_name": "Breakfast Cereals", "product_name": "Natural Jaggery Powder", "product_brand": "Slurrp Farm", "combo": []}, {"category": "Snacks & Branded Foods", "sub_category_name": "Breakfast Cereals", "product_name": "Granola - Dark Chocolate & Walnut Granola", "product_brand": "Nutty Yogi", "combo": []}, {"category": "Snacks & Branded Foods", "sub_category_name": "Breakfast Cereals", "product_name": "Multigrain Energy Bar - Chocolate Chunk Nut", "product_brand": "Yoga bar", "combo": []}, {"category": "Snacks & Branded Foods", "sub_category_name": "Breakfast Cereals", "product_name": "Oat Flour - Premium", "product_brand": "NUTRIWISH", "combo": []}, {"category": "Snacks & Branded Foods", "sub_category_name": "Breakfast Cereals", "product_name": "Protein Bar - Hazlenut Toffee", "product_brand": "Yoga bar", "combo": []}, {"category": "Snacks & Branded Foods", "sub_category_name": "Breakfast Cereals", "product_name": "Breakfast Protein Bar - Almond Coconut", "product_brand": "Yoga bar", "combo": []}, {"category": "Snacks & Branded Foods", "sub_category_name": "Breakfast Cereals", "product_name": "Whey Protein Bar - Cranberry Blast", "product_brand": "Yoga bar", "combo": []}, {"category": "Snacks & Branded Foods", "sub_category_name": "Breakfast Cereals", "product_name": "Protein Bar - Hazlenut Toffee", "product_brand": "Yoga bar", "combo": []}, {"category": "Snacks & Branded Foods", "sub_category_name": "Breakfast Cereals", "product_name": "Crunchy Granola Bars - Oats & Dark Chocolate", "product_brand": "Nature Valley", "combo": []}, {"category": "Snacks & Branded Foods", "sub_category_name": "Breakfast Cereals", "product_name": "Toasted Millet Muesli - Cranberry And Almond", "product_brand": "Monsoon Harvest", "combo": []}, {"category": "Snacks & Branded Foods", "sub_category_name": "Breakfast Cereals", "product_name": "Multigrain Energy Bar - Nuts n Seed", "product_brand": "Yoga bar", "combo": []}, {"category": "Snacks & Branded Foods", "sub_category_name": "Breakfast Cereals", "product_name": "Multigrain Energy Bar - Cashew Orange Zest", "product_brand": "Yoga bar", "combo": []}, {"category": "Snacks & Branded Foods", "sub_category_name": "Breakfast Cereals", "product_name": "Whey Protein Bar - Baked Brownie", "product_brand": "Yoga bar", "combo": []}, {"category": "Snacks & Branded Foods", "sub_category_name": "Breakfast Cereals", "product_name": "Granola - Goji Cocoa, Gluten free", "product_brand": "GoodDiet", "combo": []}, {"category": "Snacks & Branded Foods", "sub_category_name": "Breakfast Cereals", "product_name": "Granola - Quinoa & Amaranth Cranberry, Gluten Free", "product_brand": "GoodDiet", "combo": []}, {"category": "Snacks & Branded Foods", "sub_category_name": "Breakfast Cereals", "product_name": "Breakfast Protein Bar - Apricot & Fig", "product_brand": "Yoga bar", "combo": []}, {"category": "Snacks & Branded Foods", "sub_category_name": "Breakfast Cereals", "product_name": "Breakfast Protein Bar - Apple Cinnamon", "product_brand": "Yoga bar", "combo": []}, {"category": "Snacks & Branded Foods", "sub_category_name": "Breakfast Cereals", "product_name": "Energy Bars - Fig & Date", "product_brand": "On The Run", "combo": []}, {"category": "Snacks & Branded Foods", "sub_category_name": "Breakfast Cereals", "product_name": "Muesli - Crunchy Yogurt Raspberry & Oats", "product_brand": "Kolln", "combo": []}, {"category": "Snacks & Branded Foods", "sub_category_name": "Breakfast Cereals", "product_name": "No Added Sugar Muesli - High Fibre Cereal For Breakfast", "product_brand": "True Elements", "combo": []}, {"category": "Snacks & Branded Foods", "sub_category_name": "Breakfast Cereals", "product_name": "Natural Jaggery Powder", "product_brand": "Slurrp Farm", "combo": []}, {"category": "Snacks & Branded Foods", "sub_category_name": "Breakfast Cereals", "product_name": "Granola - Dark Chocolate & Walnut Granola", "product_brand": "Nutty Yogi", "combo": []}, {"category": "Snacks & Branded Foods", "sub_category_name": "Breakfast Cereals", "product_name": "Multigrain Energy Bar - Chocolate Chunk Nut", "product_brand": "Yoga bar", "combo": []}, {"category": "Snacks & Branded Foods", "sub_category_name": "Breakfast Cereals", "product_name": "Oat Flour - Premium", "product_brand": "NUTRIWISH", "combo": []}, {"category": "Snacks & Branded Foods", "sub_category_name": "Breakfast Cereals", "product_name": "Protein Bar - Hazlenut Toffee", "product_brand": "Yoga bar", "combo": []}, {"category": "Snacks & Branded Foods", "sub_category_name": "Breakfast Cereals", "product_name": "Breakfast Protein Bar - Almond Coconut", "product_brand": "Yoga bar", "combo": []}, {"category": "Snacks & Branded Foods", "sub_category_name": "Breakfast Cereals", "product_name": "Whey Protein Bar - Cranberry Blast", "product_brand": "Yoga bar", "combo": []}, {"category": "Snacks & Branded Foods", "sub_category_name": "Breakfast Cereals", "product_name": "Protein Bar - Hazlenut Toffee", "product_brand": "Yoga bar", "combo": []}, {"category": "Snacks & Branded Foods", "sub_category_name": "Breakfast Cereals", "product_name": "Crunchy Granola Bars - Oats & Dark Chocolate", "product_brand": "Nature Valley", "combo": []}, {"category": "Snacks & Branded Foods", "sub_category_name": "Breakfast Cereals", "product_name": "Toasted Millet Muesli - Cranberry And Almond", "product_brand": "Monsoon Harvest", "combo": []}, {"category": "Snacks & Branded Foods", "sub_category_name": "Breakfast Cereals", "product_name": "Multigrain Energy Bar - Nuts n Seed", "product_brand": "Yoga bar", "combo": []}, {"category": "Snacks & Branded Foods", "sub_category_name": "Breakfast Cereals", "product_name": "Multigrain Energy Bar - Cashew Orange Zest", "product_brand": "Yoga bar", "combo": []}, {"category": "Snacks & Branded Foods", "sub_category_name": "Breakfast Cereals", "product_name": "Whey Protein Bar - Baked Brownie", "product_brand": "Yoga bar", "combo": []}, {"category": "Snacks & Branded Foods", "sub_category_name": "Breakfast Cereals", "product_name": "Granola - Goji Cocoa, Gluten free", "product_brand": "GoodDiet", "combo": []}, {"category": "Snacks & Branded Foods", "sub_category_name": "Breakfast Cereals", "product_name": "Granola - Quinoa & Amaranth Cranberry, Gluten Free", "product_brand": "GoodDiet", "combo": []}, {"category": "Snacks & Branded Foods", "sub_category_name": "Breakfast Cereals", "product_name": "Breakfast Protein Bar - Apricot & Fig", "product_brand": "Yoga bar", "combo": []}, {"category": "Snacks & Branded Foods", "sub_category_name": "Breakfast Cereals", "product_name": "Breakfast Protein Bar - Apple Cinnamon", "product_brand": "Yoga bar", "combo": []}, {"category": "Snacks & Branded Foods", "sub_category_name": "Breakfast Cereals", "product_name": "Energy Bars - Fig & Date", "product_brand": "On The Run", "combo": []}, {"category": "Snacks & Branded Foods", "sub_category_name": "Breakfast Cereals", "product_name": "Muesli - Crunchy Yogurt Raspberry & Oats", "product_brand": "Kolln", "combo": []}, {"category": "Snacks & Branded Foods", "sub_category_name": "Breakfast Cereals", "product_name": "No Added Sugar Muesli - High Fibre Cereal For Breakfast", "product_brand": "True Elements", "combo": []}, {"category": "Snacks & Branded Foods", "sub_category_name": "Breakfast Cereals", "product_name": "Natural Jaggery Powder", "product_brand": "Slurrp Farm", "combo": []}, {"category": "Snacks & Branded Foods", "sub_category_name": "Breakfast Cereals", "product_name": "Granola - Dark Chocolate & Walnut Granola", "product_brand": "Nutty Yogi", "combo": []}, {"category": "Snacks & Branded Foods", "sub_category_name": "Breakfast Cereals", "product_name": "Multigrain Energy Bar - Chocolate Chunk Nut", "product_brand": "Yoga bar", "combo": []}, {"category": "Snacks & Branded Foods", "sub_category_name": "Breakfast Cereals", "product_name": "Oat Flour - Premium", "product_brand": "NUTRIWISH", "combo": []}, {"category": "Snacks & Branded Foods", "sub_category_name": "Breakfast Cereals", "product_name": "Protein Bar - Hazlenut Toffee", "product_brand": "Yoga bar", "combo": []}, {"category": "Snacks & Branded Foods", "sub_category_name": "Breakfast Cereals", "product_name": "Breakfast Protein Bar - Almond Coconut", "product_brand": "Yoga bar", "combo": []}, {"category": "Snacks & Branded Foods", "sub_category_name": "Breakfast Cereals", "product_name": "Whey Protein Bar - Cranberry Blast", "product_brand": "Yoga bar", "combo": []}, {"category": "Snacks & Branded Foods", "sub_category_name": "Breakfast Cereals", "product_name": "Protein Bar - Hazlenut Toffee", "product_brand": "Yoga bar", "combo": []}, {"category": "Snacks & Branded Foods", "sub_category_name": "Breakfast Cereals", "product_name": "Crunchy Granola Bars - Oats & Dark Chocolate", "product_brand": "Nature Valley", "combo": []}, {"category": "Snacks & Branded Foods", "sub_category_name": "Breakfast Cereals", "product_name": "Toasted Millet Muesli - Cranberry And Almond", "product_brand": "Monsoon Harvest", "combo": []}, {"category": "Snacks & Branded Foods", "sub_category_name": "Breakfast Cereals", "product_name": "Multigrain Energy Bar - Nuts n Seed", "product_brand": "Yoga bar", "combo": []}, {"category": "Snacks & Branded Foods", "sub_category_name": "Breakfast Cereals", "product_name": "Multigrain Energy Bar - Cashew Orange Zest", "product_brand": "Yoga bar", "combo": []}, {"category": "Snacks & Branded Foods", "sub_category_name": "Breakfast Cereals", "product_name": "Whey Protein Bar - Baked Brownie", "product_brand": "Yoga bar", "combo": []}, {"category": "Snacks & Branded Foods", "sub_category_name": "Breakfast Cereals", "product_name": "Granola - Goji Cocoa, Gluten free", "product_brand": "GoodDiet", "combo": []}, {"category": "Snacks & Branded Foods", "sub_category_name": "Breakfast Cereals", "product_name": "Granola - Quinoa & Amaranth Cranberry, Gluten Free", "product_brand": "GoodDiet", "combo": []}, {"category": "Snacks & Branded Foods", "sub_category_name": "Breakfast Cereals", "product_name": "Breakfast Protein Bar - Apricot & Fig", "product_brand": "Yoga bar", "combo": []}, {"category": "Snacks & Branded Foods", "sub_category_name": "Breakfast Cereals", "product_name": "Breakfast Protein Bar - Apple Cinnamon", "product_brand": "Yoga bar", "combo": []}, {"category": "Snacks & Branded Foods", "sub_category_name": "Breakfast Cereals", "product_name": "Energy Bars - Fig & Date", "product_brand": "On The Run", "combo": []}, {"category": "Snacks & Branded Foods", "sub_category_name": "Breakfast Cereals", "product_name": "Muesli - Crunchy Yogurt Raspberry & Oats", "product_brand": "Kolln", "combo": []}, {"category": "Snacks & Branded Foods", "sub_category_name": "Breakfast Cereals", "product_name": "No Added Sugar Muesli - High Fibre Cereal For Breakfast", "product_brand": "True Elements", "combo": []}, {"category": "Snacks & Branded Foods", "sub_category_name": "Breakfast Cereals", "product_name": "Natural Jaggery Powder", "product_brand": "Slurrp Farm", "combo": []}, {"category": "Snacks & Branded Foods", "sub_category_name": "Breakfast Cereals", "product_name": "Granola - Dark Chocolate & Walnut Granola", "product_brand": "Nutty Yogi", "combo": []}, {"category": "Snacks & Branded Foods", "sub_category_name": "Breakfast Cereals", "product_name": "Multigrain Energy Bar - Chocolate Chunk Nut", "product_brand": "Yoga bar", "combo": []}, {"category": "Snacks & Branded Foods", "sub_category_name": "Breakfast Cereals", "product_name": "Oat Flour - Premium", "product_brand": "NUTRIWISH", "combo": []}, {"category": "Snacks & Branded Foods", "sub_category_name": "Breakfast Cereals", "product_name": "Protein Bar - Hazlenut Toffee", "product_brand": "Yoga bar", "combo": []}, {"category": "Snacks & Branded Foods", "sub_category_name": "Breakfast Cereals", "product_name": "Breakfast Protein Bar - Almond Coconut", "product_brand": "Yoga bar", "combo": []}, {"category": "Snacks & Branded Foods", "sub_category_name": "Breakfast Cereals", "product_name": "Whey Protein Bar - Cranberry Blast", "product_brand": "Yoga bar", "combo": []}, {"category": "Snacks & Branded Foods", "sub_category_name": "Breakfast Cereals", "product_name": "Protein Bar - Hazlenut Toffee", "product_brand": "Yoga bar", "combo": []}, {"category": "Snacks & Branded Foods", "sub_category_name": "Breakfast Cereals", "product_name": "Crunchy Granola Bars - Oats & Dark Chocolate", "product_brand": "Nature Valley", "combo": []}, {"category": "Snacks & Branded Foods", "sub_category_name": "Breakfast Cereals", "product_name": "Toasted Millet Muesli - Cranberry And Almond", "product_brand": "Monsoon Harvest", "combo": []}, {"category": "Snacks & Branded Foods", "sub_category_name": "Breakfast Cereals", "product_name": "Multigrain Energy Bar - Nuts n Seed", "product_brand": "Yoga bar", "combo": []}, {"category": "Snacks & Branded Foods", "sub_category_name": "Breakfast Cereals", "product_name": "Multigrain Energy Bar - Cashew Orange Zest", "product_brand": "Yoga bar", "combo": []}, {"category": "Snacks & Branded Foods", "sub_category_name": "Breakfast Cereals", "product_name": "Whey Protein Bar - Baked Brownie", "product_brand": "Yoga bar", "combo": []}, {"category": "Snacks & Branded Foods", "sub_category_name": "Breakfast Cereals", "product_name": "Granola - Goji Cocoa, Gluten free", "product_brand": "GoodDiet", "combo": []}, {"category": "Snacks & Branded Foods", "sub_category_name": "Breakfast Cereals", "product_name": "Granola - Quinoa & Amaranth Cranberry, Gluten Free", "product_brand": "GoodDiet", "combo": []}, {"category": "Snacks & Branded Foods", "sub_category_name": "Breakfast Cereals", "product_name": "Breakfast Protein Bar - Apricot & Fig", "product_brand": "Yoga bar", "combo": []}, {"category": "Snacks & Branded Foods", "sub_category_name": "Breakfast Cereals", "product_name": "Breakfast Protein Bar - Apple Cinnamon", "product_brand": "Yoga bar", "combo": []}, {"category": "Snacks & Branded Foods", "sub_category_name": "Breakfast Cereals", "product_name": "Energy Bars - Fig & Date", "product_brand": "On The Run", "combo": []}, {"category": "Snacks & Branded Foods", "sub_category_name": "Breakfast Cereals", "product_name": "Muesli - Crunchy Yogurt Raspberry & Oats", "product_brand": "Kolln", "combo": []}, {"category": "Snacks & Branded Foods", "sub_category_name": "Breakfast Cereals", "product_name": "No Added Sugar Muesli - High Fibre Cereal For Breakfast", "product_brand": "True Elements", "combo": []}, {"category": "Snacks & Branded Foods", "sub_category_name": "Breakfast Cereals", "product_name": "Natural Jaggery Powder", "product_brand": "Slurrp Farm", "combo": []}, {"category": "Snacks & Branded Foods", "sub_category_name": "Breakfast Cereals", "product_name": "Granola - Dark Chocolate & Walnut Granola", "product_brand": "Nutty Yogi", "combo": []}, {"category": "Snacks & Branded Foods", "sub_category_name": "Breakfast Cereals", "product_name": "Multigrain Energy Bar - Chocolate Chunk Nut", "product_brand": "Yoga bar", "combo": []}, {"category": "Snacks & Branded Foods", "sub_category_name": "Breakfast Cereals", "product_name": "Oat Flour - Premium", "product_brand": "NUTRIWISH", "combo": []}, {"category": "Snacks & Branded Foods", "sub_category_name": "Breakfast Cereals", "product_name": "Protein Bar - Hazlenut Toffee", "product_brand": "Yoga bar", "combo": []}]