[{"category": "Kitchen, Garden & Pets", "sub_category_name": "Gardening", "product_name": "Nutri Rich - Seaweed Fortified Vermicompost", "product_brand": "IFFCO Urban Gardens", "combo": []}, {"category": "Kitchen, Garden & Pets", "sub_category_name": "Gardening", "product_name": "Protect Plus - Neem Based Plant Protection", "product_brand": "IFFCO Urban Gardens", "combo": []}, {"category": "Kitchen, Garden & Pets", "sub_category_name": "Gardening", "product_name": "Magic Soil - Multi Purpose Potting Soil", "product_brand": "IFFCO Urban Gardens", "combo": []}, {"category": "Kitchen, Garden & Pets", "sub_category_name": "Gardening", "product_name": "Sea Secret - Seaweed Extract Granules", "product_brand": "IFFCO Urban Gardens", "combo": []}, {"category": "Kitchen, Garden & Pets", "sub_category_name": "Gardening", "product_name": "Green Diet - Instant Plant Food", "product_brand": "IFFCO Urban Gardens", "combo": []}, {"category": "Kitchen, Garden & Pets", "sub_category_name": "Gardening", "product_name": "Bokashi - Kitchen Waste Decomposer", "product_brand": "IFFCO Urban Gardens", "combo": []}, {"category": "Kitchen, Garden & Pets", "sub_category_name": "Gardening", "product_name": "Life Pro Cut Flower Life Extender", "product_brand": "IFFCO Urban Gardens", "combo": []}, {"category": "Kitchen, Garden & Pets", "sub_category_name": "Gardening", "product_name": "Reusable Pair Of Non-Slip Scrubbing Household Silicone Gloves Standard Size - Assorted Colour", "product_brand": "Prozo+", "combo": []}, {"category": "Kitchen, Garden & Pets", "sub_category_name": "Gardening", "product_name": "Nutri Rich - Seaweed Fortified Vermicompost", "product_brand": "IFFCO Urban Gardens", "combo": []}, {"category": "Kitchen, Garden & Pets", "sub_category_name": "Gardening", "product_name": "UGF Farms Grow To Eat Micro Greens Kit - Paratha Mix", "product_brand": "Sanjeev Kapoor", "combo": []}, {"category": "Kitchen, Garden & Pets", "sub_category_name": "Gardening", "product_name": "UGF Farms Grow To Eat Micro Greens Kit - Nutrition Mix", "product_brand": "Sanjeev Kapoor", "combo": []}, {"category": "Kitchen, Garden & Pets", "sub_category_name": "Gardening", "product_name": "UGF Farms Grow To Eat Micro Greens Kit - Oriental Mix", "product_brand": "Sanjeev Kapoor", "combo": []}, {"category": "Kitchen, Garden & Pets", "sub_category_name": "Gardening", "product_name": "UGF Farms Grow To Eat Micro Greens Kit - Spicy Mix", "product_brand": "Sanjeev Kapoor", "combo": []}, {"category": "Kitchen, Garden & Pets", "sub_category_name": "Gardening", "product_name": "UGF Farms Grow To Eat Micro Greens Kit - Sandwich Mix", "product_brand": "Sanjeev Kapoor", "combo": []}, {"category": "Kitchen, Garden & Pets", "sub_category_name": "Gardening", "product_name": "UGF Farms Grow To Eat Micro Greens Kit - Bhel & Sevpuri Mix", "product_brand": "Sanjeev Kapoor", "combo": []}, {"category": "Kitchen, Garden & Pets", "sub_category_name": "Gardening", "product_name": "UGF Farms Grow To Eat Micro Greens Kit - Stir Fry Mix", "product_brand": "Sanjeev Kapoor", "combo": []}, {"category": "Kitchen, Garden & Pets", "sub_category_name": "Gardening", "product_name": "UGF Farms Grow To Eat Micro Greens Kit - Detox Mix", "product_brand": "Sanjeev Kapoor", "combo": []}, {"category": "Kitchen, Garden & Pets", "sub_category_name": "Gardening", "product_name": "UGF Farms Grow To Eat Micro Greens Kit - Salad Mix", "product_brand": "Sanjeev Kapoor", "combo": []}, {"category": "Kitchen, Garden & Pets", "sub_category_name": "Gardening", "product_name": "Protect Plus - Neem Based Plant Protection", "product_brand": "IFFCO Urban Gardens", "combo": []}, {"category": "Kitchen, Garden & Pets", "sub_category_name": "Gardening", "product_name": "Silicon Gloves - Assorted Colour", "product_brand": "BVC", "combo": []}, {"category": "Kitchen, Garden & Pets", "sub_category_name": "Gardening", "product_name": "Designer Plastic Planter Pot - Assorted Color", "product_brand": "Aristo", "combo": []}, {"category": "Kitchen, Garden & Pets", "sub_category_name": "Gardening", "product_name": "Designer Plastic Planter Pot - Assorted Colour", "product_brand": "Aristo", "combo": []}, {"category": "Kitchen, Garden & Pets", "sub_category_name": "Gardening", "product_name": "Garden Weeder", "product_brand": "Kr", "combo": []}, {"category": "Kitchen, Garden & Pets", "sub_category_name": "Gardening", "product_name": "Organic Growth Booster", "product_brand": "BloomBuddy", "combo": []}, {"category": "Kitchen, Garden & Pets", "sub_category_name": "Gardening", "product_name": "Nursery Pot - Brown (Pack of 6)", "product_brand": "Kr", "combo": []}, {"category": "Kitchen, Garden & Pets", "sub_category_name": "Gardening", "product_name": "NV - Economy", "product_brand": "Simplex", "combo": []}, {"category": "Kitchen, Garden & Pets", "sub_category_name": "Gardening", "product_name": "Green Planter - No. 4 (Pack of 3)", "product_brand": "Kr", "combo": [["Open Dia 17 cm", "169.00"], ["Open Dia 21 cm", "319.00"]]}, {"category": "Kitchen, Garden & Pets", "sub_category_name": "Gardening", "product_name": "All Purpose Plant Feed", "product_brand": "BloomBuddy", "combo": []}, {"category": "Kitchen, Garden & Pets", "sub_category_name": "Gardening", "product_name": "Grow Your Own Rosemary Kit", "product_brand": "Paudhe Se Yaari", "combo": []}, {"category": "Kitchen, Garden & Pets", "sub_category_name": "Gardening", "product_name": "NV - Falco Type", "product_brand": "Simplex", "combo": []}, {"category": "Kitchen, Garden & Pets", "sub_category_name": "Gardening", "product_name": "Microgreens Starter Kit - Soil-Less Organic Plant Seeds, Amaranth", "product_brand": "UGF Farms", "combo": []}, {"category": "Kitchen, Garden & Pets", "sub_category_name": "Gardening", "product_name": "Polka Stripe - Railing Metal Pot Planter, Orange, Medium", "product_brand": "Klassic", "combo": []}, {"category": "Kitchen, Garden & Pets", "sub_category_name": "Gardening", "product_name": "Polka Stripe - Railing Metal Pot Planter, Yellow, Medium", "product_brand": "Klassic", "combo": []}, {"category": "Kitchen, Garden & Pets", "sub_category_name": "Gardening", "product_name": "Polka Stripe - Railing Metal Pot Planter, Red, Medium", "product_brand": "Klassic", "combo": []}, {"category": "Kitchen, Garden & Pets", "sub_category_name": "Gardening", "product_name": "Garden Hoe Leaf", "product_brand": "Kr", "combo": []}, {"category": "Kitchen, Garden & Pets", "sub_category_name": "Gardening", "product_name": "Lemon Grass seeds", "product_brand": "Paudhe Se Yaari", "combo": []}, {"category": "Kitchen, Garden & Pets", "sub_category_name": "Gardening", "product_name": "Boat - Oval Shape Pot Planter, Red, Medium", "product_brand": "Klassic", "combo": []}, {"category": "Kitchen, Garden & Pets", "sub_category_name": "Gardening", "product_name": "Ladies Finger Seeds", "product_brand": "National Gardens", "combo": []}, {"category": "Kitchen, Garden & Pets", "sub_category_name": "Gardening", "product_name": "Imperator Carrot Seeds", "product_brand": "National Gardens", "combo": []}, {"category": "Kitchen, Garden & Pets", "sub_category_name": "Gardening", "product_name": "Safflower Seeds", "product_brand": "National Gardens", "combo": []}, {"category": "Kitchen, Garden & Pets", "sub_category_name": "Gardening", "product_name": "Grow Your Own Sage Kit", "product_brand": "Paudhe Se Yaari", "combo": []}, {"category": "Kitchen, Garden & Pets", "sub_category_name": "Gardening", "product_name": "Basil Seeds", "product_brand": "Paudhe Se Yaari", "combo": []}, {"category": "Kitchen, Garden & Pets", "sub_category_name": "Gardening", "product_name": "Grow Your Own Dill Kit", "product_brand": "Paudhe Se Yaari", "combo": []}, {"category": "Kitchen, Garden & Pets", "sub_category_name": "Gardening", "product_name": "Grow Your Own Red Chillis Kit", "product_brand": "Paudhe Se Yaari", "combo": []}, {"category": "Kitchen, Garden & Pets", "sub_category_name": "Gardening", "product_name": "Microgreens Starter Kit - Soil-Less Organic Plant Seeds, Garden Cress", "product_brand": "UGF Farms", "combo": []}, {"category": "Kitchen, Garden & Pets", "sub_category_name": "Gardening", "product_name": "Microgreens Starter Kit - Soil-Less Organic Plant Seeds, Sunflower", "product_brand": "UGF Farms", "combo": []}, {"category": "Kitchen, Garden & Pets", "sub_category_name": "Gardening", "product_name": "Garden Hoe Double Pronge", "product_brand": "Kr", "combo": []}, {"category": "Kitchen, Garden & Pets", "sub_category_name": "Gardening", "product_name": "Blossom - Pot Metal Planter, Yellow, Medium", "product_brand": "Klassic", "combo": []}, {"category": "Kitchen, Garden & Pets", "sub_category_name": "Gardening", "product_name": "Butterfly - Pot Metal Planter, Red, Small", "product_brand": "Klassic", "combo": []}, {"category": "Kitchen, Garden & Pets", "sub_category_name": "Gardening", "product_name": "Nutri - Micro Nutrients", "product_brand": "Biofarm", "combo": []}, {"category": "Kitchen, Garden & Pets", "sub_category_name": "Gardening", "product_name": "Plant Magic", "product_brand": "Biofarm", "combo": []}, {"category": "Kitchen, Garden & Pets", "sub_category_name": "Gardening", "product_name": "Flora - Round Shaped Hanging Planter, Blue, Medium", "product_brand": "Klassic", "combo": []}, {"category": "Kitchen, Garden & Pets", "sub_category_name": "Gardening", "product_name": "Japanese Bonsai Red Maple Seeds", "product_brand": "National Gardens", "combo": []}, {"category": "Kitchen, Garden & Pets", "sub_category_name": "Gardening", "product_name": "Garden Cultivator", "product_brand": "Kr", "combo": []}, {"category": "Kitchen, Garden & Pets", "sub_category_name": "Gardening", "product_name": "Polka Stripe - Railing Metal Pot Planter, Blue, Medium", "product_brand": "Klassic", "combo": []}, {"category": "Kitchen, Garden & Pets", "sub_category_name": "Gardening", "product_name": "Planter Tray (Pack of 6)", "product_brand": "Kr", "combo": [["Open Dia 18.5 cm", "139.00"], ["Open Dia 22 cm", "169.00"], ["Open Dia 26 cm", "269.00"]]}, {"category": "Kitchen, Garden & Pets", "sub_category_name": "Gardening", "product_name": "Catskill Brussel Sprouts Vegetable Seeds", "product_brand": "National Gardens", "combo": []}, {"category": "Kitchen, Garden & Pets", "sub_category_name": "Gardening", "product_name": "Sandalwood Seeds - Santalum Album", "product_brand": "National Gardens", "combo": []}, {"category": "Kitchen, Garden & Pets", "sub_category_name": "Gardening", "product_name": "Exotic Early Fall Rapini Broccoli Seeds", "product_brand": "National Gardens", "combo": []}, {"category": "Kitchen, Garden & Pets", "sub_category_name": "Gardening", "product_name": "Polka Stripe - Railing Metal Pot Planter, Green, Medium", "product_brand": "Klassic", "combo": []}, {"category": "Kitchen, Garden & Pets", "sub_category_name": "Gardening", "product_name": "Exotic Tall Utah Celery Seeds", "product_brand": "National Gardens", "combo": []}, {"category": "Kitchen, Garden & Pets", "sub_category_name": "Gardening", "product_name": "Cherry Tomatos Seeds", "product_brand": "Paudhe Se Yaari", "combo": []}, {"category": "Kitchen, Garden & Pets", "sub_category_name": "Gardening", "product_name": "Stock Flower Mix Seeds", "product_brand": "Urban Terra", "combo": []}, {"category": "Kitchen, Garden & Pets", "sub_category_name": "Gardening", "product_name": "Calendula Seeds", "product_brand": "Urban Terra", "combo": []}, {"category": "Kitchen, Garden & Pets", "sub_category_name": "Gardening", "product_name": "Celosia Seeds", "product_brand": "Urban Terra", "combo": []}, {"category": "Kitchen, Garden & Pets", "sub_category_name": "Gardening", "product_name": "Grow Your Own Parsley Kit", "product_brand": "Paudhe Se Yaari", "combo": []}, {"category": "Kitchen, Garden & Pets", "sub_category_name": "Gardening", "product_name": "Polka White - Railing Metal Pot Planter, Purple, Medium", "product_brand": "Klassic", "combo": []}, {"category": "Kitchen, Garden & Pets", "sub_category_name": "Gardening", "product_name": "Grow Your Own Lemon Grass Kit", "product_brand": "Paudhe Se Yaari", "combo": []}, {"category": "Kitchen, Garden & Pets", "sub_category_name": "Gardening", "product_name": "Grow Your Own Oregano Kit", "product_brand": "Paudhe Se Yaari", "combo": []}, {"category": "Kitchen, Garden & Pets", "sub_category_name": "Gardening", "product_name": "Lawn Glo", "product_brand": "Natures Plus", "combo": []}, {"category": "Kitchen, Garden & Pets", "sub_category_name": "Gardening", "product_name": "Neem Oil", "product_brand": "Natures Plus", "combo": [["100 ml", "89.00"], ["250 ml", "165.00"]]}, {"category": "Kitchen, Garden & Pets", "sub_category_name": "Gardening", "product_name": "Polka - Round Shaped Railing Planter, Green, Medium", "product_brand": "Klassic", "combo": []}, {"category": "Kitchen, Garden & Pets", "sub_category_name": "Gardening", "product_name": "Rover - Oval Shape Railing Planter, Yellow, Small", "product_brand": "Klassic", "combo": []}, {"category": "Kitchen, Garden & Pets", "sub_category_name": "Gardening", "product_name": "Edge - Rectangular Railing Planter, Blue, Medium", "product_brand": "Klassic", "combo": []}, {"category": "Kitchen, Garden & Pets", "sub_category_name": "Gardening", "product_name": "Kappa - Round Shape Plastic Planter, Red, Medium", "product_brand": "Klassic", "combo": []}, {"category": "Kitchen, Garden & Pets", "sub_category_name": "Gardening", "product_name": "Rose Mix", "product_brand": "Natures Plus", "combo": []}, {"category": "Kitchen, Garden & Pets", "sub_category_name": "Gardening", "product_name": "Neem Mix", "product_brand": "Natures Plus", "combo": []}, {"category": "Kitchen, Garden & Pets", "sub_category_name": "Gardening", "product_name": "Rubber Gloves - Garden, Yellow", "product_brand": "Kr", "combo": []}, {"category": "Kitchen, Garden & Pets", "sub_category_name": "Gardening", "product_name": "Flower Mix", "product_brand": "Natures Plus", "combo": []}, {"category": "Kitchen, Garden & Pets", "sub_category_name": "Gardening", "product_name": "Organic Pesticide & Fungicide", "product_brand": "Natures Plus", "combo": []}, {"category": "Kitchen, Garden & Pets", "sub_category_name": "Gardening", "product_name": "Bloom - Macro Nutrients - Nitrogen - Phosphorous - Potassium", "product_brand": "Biofarm", "combo": []}, {"category": "Kitchen, Garden & Pets", "sub_category_name": "Gardening", "product_name": "Garden Sprayer", "product_brand": "Natures Plus", "combo": []}, {"category": "Kitchen, Garden & Pets", "sub_category_name": "Gardening", "product_name": "Pressure Sprayer", "product_brand": "Kass", "combo": [["1.5 L", "337.50"], ["1 L", "299.00"]]}, {"category": "Kitchen, Garden & Pets", "sub_category_name": "Gardening", "product_name": "Garden Kurpa", "product_brand": "Simpex", "combo": [["3 inches", "119.00"], ["2 inches", "89.00"]]}, {"category": "Kitchen, Garden & Pets", "sub_category_name": "Gardening", "product_name": "Grow Your Own Basil Kit", "product_brand": "Paudhe Se Yaari", "combo": []}, {"category": "Kitchen, Garden & Pets", "sub_category_name": "Gardening", "product_name": "Parsley Seeds", "product_brand": "Paudhe Se Yaari", "combo": []}, {"category": "Kitchen, Garden & Pets", "sub_category_name": "Gardening", "product_name": "Grow Your Own Peppermint Kit", "product_brand": "Paudhe Se Yaari", "combo": []}, {"category": "Kitchen, Garden & Pets", "sub_category_name": "Gardening", "product_name": "Polka - Round Shaped Railing Planter, Yellow, Medium", "product_brand": "Klassic", "combo": []}, {"category": "Kitchen, Garden & Pets", "sub_category_name": "Gardening", "product_name": "Rover - Oval Shape Railing Planter, Magenta, Medium", "product_brand": "Klassic", "combo": []}, {"category": "Kitchen, Garden & Pets", "sub_category_name": "Gardening", "product_name": "Rover - Oval Shape Railing Planter, Green, Small", "product_brand": "Klassic", "combo": []}, {"category": "Kitchen, Garden & Pets", "sub_category_name": "Gardening", "product_name": "Rover - Oval Shape Railing Planter, Yellow, Large", "product_brand": "Klassic", "combo": []}, {"category": "Kitchen, Garden & Pets", "sub_category_name": "Gardening", "product_name": "Butterfly - Pot Metal Planter, Yellow, Small", "product_brand": "Klassic", "combo": []}, {"category": "Kitchen, Garden & Pets", "sub_category_name": "Gardening", "product_name": "Trifecta - Metal Chalk Board Painted, Green, Small", "product_brand": "Klassic", "combo": []}, {"category": "Kitchen, Garden & Pets", "sub_category_name": "Gardening", "product_name": "Trifecta - Metal Chalk Board Painted, Yellow, Small", "product_brand": "Klassic", "combo": []}, {"category": "Kitchen, Garden & Pets", "sub_category_name": "Gardening", "product_name": "Trifecta - Metal Chalk Board Painted, Blue, Small", "product_brand": "Klassic", "combo": []}, {"category": "Kitchen, Garden & Pets", "sub_category_name": "Gardening", "product_name": "Blossom - Pot Metal Planter, Red, Medium", "product_brand": "Klassic", "combo": []}, {"category": "Kitchen, Garden & Pets", "sub_category_name": "Gardening", "product_name": "Blossom - Pot Metal Planter, Green, Medium", "product_brand": "Klassic", "combo": []}, {"category": "Kitchen, Garden & Pets", "sub_category_name": "Gardening", "product_name": "Edge - Rectangular Railing Planter, White, Medium", "product_brand": "Klassic", "combo": []}, {"category": "Kitchen, Garden & Pets", "sub_category_name": "Gardening", "product_name": "Kappa - Round Shape Plastic Planter, Yellow, Medium", "product_brand": "Klassic", "combo": []}, {"category": "Kitchen, Garden & Pets", "sub_category_name": "Gardening", "product_name": "Microgreens Starter Kit - Soil-Less Organic Plant Seeds, Pea Shoots", "product_brand": "UGF Farms", "combo": []}, {"category": "Kitchen, Garden & Pets", "sub_category_name": "Gardening", "product_name": "Microgreens Starter Kit - Soil-Less Organic Plant Seeds, Fenugreek", "product_brand": "UGF Farms", "combo": []}, {"category": "Kitchen, Garden & Pets", "sub_category_name": "Gardening", "product_name": "Microgreens Starter Kit - Soil-Less Organic Plant Seeds, Mung Shoot", "product_brand": "UGF Farms", "combo": []}, {"category": "Kitchen, Garden & Pets", "sub_category_name": "Gardening", "product_name": "Microgreens Starter Kit - Soil-Less Organic Plant Seeds, Mustard", "product_brand": "UGF Farms", "combo": []}, {"category": "Kitchen, Garden & Pets", "sub_category_name": "Gardening", "product_name": "Microgreens Starter Kit - Soil-Less Organic Plant Seeds, Radish", "product_brand": "UGF Farms", "combo": []}, {"category": "Kitchen, Garden & Pets", "sub_category_name": "Gardening", "product_name": "Microgreens Starter Kit - Soil-Less Organic Plant Seeds, Sweet Basil", "product_brand": "UGF Farms", "combo": []}, {"category": "Kitchen, Garden & Pets", "sub_category_name": "Gardening", "product_name": "Tape Grass Aquatic Plant Seeds", "product_brand": "National Gardens", "combo": []}, {"category": "Kitchen, Garden & Pets", "sub_category_name": "Gardening", "product_name": "Cowhair Aquatic Plant Seeds", "product_brand": "National Gardens", "combo": []}, {"category": "Kitchen, Garden & Pets", "sub_category_name": "Gardening", "product_name": "Lawn Grass Tall Fescue Grass Seeds", "product_brand": "National Gardens", "combo": []}, {"category": "Kitchen, Garden & Pets", "sub_category_name": "Gardening", "product_name": "Common Purslane Herb Seeds", "product_brand": "National Gardens", "combo": []}, {"category": "Kitchen, Garden & Pets", "sub_category_name": "Gardening", "product_name": "Roselle Herb Seeds", "product_brand": "National Gardens", "combo": []}, {"category": "Kitchen, Garden & Pets", "sub_category_name": "Gardening", "product_name": "Large Cherry Tomato Seeds", "product_brand": "National Gardens", "combo": []}, {"category": "Kitchen, Garden & Pets", "sub_category_name": "Gardening", "product_name": "Aztec Tobacco Seeds", "product_brand": "National Gardens", "combo": []}, {"category": "Kitchen, Garden & Pets", "sub_category_name": "Gardening", "product_name": "Green Capsicum Seeds", "product_brand": "Urban Terra", "combo": []}, {"category": "Kitchen, Garden & Pets", "sub_category_name": "Gardening", "product_name": "Begonia Seeds", "product_brand": "Urban Terra", "combo": []}, {"category": "Kitchen, Garden & Pets", "sub_category_name": "Gardening", "product_name": "Pansy Seeds", "product_brand": "Urban Terra", "combo": []}, {"category": "Kitchen, Garden & Pets", "sub_category_name": "Gardening", "product_name": "Zinnia Dhalia Mix Seeds", "product_brand": "Urban Terra", "combo": []}, {"category": "Kitchen, Garden & Pets", "sub_category_name": "Gardening", "product_name": "Basil Herb Seeds", "product_brand": "Urban Terra", "combo": []}, {"category": "Kitchen, Garden & Pets", "sub_category_name": "Gardening", "product_name": "Designer Plastic Planter Pot - Assorted Colour", "product_brand": "Aristo", "combo": []}, {"category": "Kitchen, Garden & Pets", "sub_category_name": "Gardening", "product_name": "Pine Plastic Planter Pot With Tray - Assorted Colour", "product_brand": "Aristo", "combo": []}, {"category": "Kitchen, Garden & Pets", "sub_category_name": "Gardening", "product_name": "Pine Plastic Planter Pot With Tray - Assorted Colour", "product_brand": "Aristo", "combo": []}, {"category": "Kitchen, Garden & Pets", "sub_category_name": "Gardening", "product_name": "Pine Plastic Planter Pot With Tray - Assorted Colour", "product_brand": "Aristo", "combo": []}, {"category": "Kitchen, Garden & Pets", "sub_category_name": "Gardening", "product_name": "Microgreens Starter Kit - Soil-Less Organic Plant Seeds, Wheatgrass", "product_brand": "UGF Farms", "combo": []}, {"category": "Kitchen, Garden & Pets", "sub_category_name": "Gardening", "product_name": "Rocket Seeds", "product_brand": "Paudhe Se Yaari", "combo": []}, {"category": "Kitchen, Garden & Pets", "sub_category_name": "Gardening", "product_name": "Plastic Watering Can - Green", "product_brand": "Klassic", "combo": []}, {"category": "Kitchen, Garden & Pets", "sub_category_name": "Gardening", "product_name": "Garden Hoe Single Pronge", "product_brand": "Kr", "combo": []}, {"category": "Kitchen, Garden & Pets", "sub_category_name": "Gardening", "product_name": "Microgreens Starter Kit - Soil-Less Organic Plant Seeds, Spinach", "product_brand": "UGF Farms", "combo": []}, {"category": "Kitchen, Garden & Pets", "sub_category_name": "Gardening", "product_name": "Organic Fertiliser", "product_brand": "Natures Plus", "combo": [["5 kg", "209.00"], ["1 kg", "59.00"]]}, {"category": "Kitchen, Garden & Pets", "sub_category_name": "Gardening", "product_name": "Planter - 007 (Pack of 6)", "product_brand": "Kr", "combo": []}, {"category": "Kitchen, Garden & Pets", "sub_category_name": "Gardening", "product_name": "Hand Trowel Small", "product_brand": "Kr", "combo": []}, {"category": "Kitchen, Garden & Pets", "sub_category_name": "Gardening", "product_name": "Tulasi Pot - Medium", "product_brand": "Kr", "combo": []}, {"category": "Kitchen, Garden & Pets", "sub_category_name": "Gardening", "product_name": "Rubber Gloves - Dual Color", "product_brand": "Kr", "combo": []}, {"category": "Kitchen, Garden & Pets", "sub_category_name": "Gardening", "product_name": "Headge Shear", "product_brand": "Kr", "combo": []}, {"category": "Kitchen, Garden & Pets", "sub_category_name": "Gardening", "product_name": "Rubber Gloves - Blue, Large, 12 Inches", "product_brand": "Kr", "combo": []}, {"category": "Kitchen, Garden & Pets", "sub_category_name": "Gardening", "product_name": "Organic - Pesticide - Fungicide - Miticide", "product_brand": "Biofarm", "combo": []}, {"category": "Kitchen, Garden & Pets", "sub_category_name": "Gardening", "product_name": "Hand Trowel Big", "product_brand": "Kr", "combo": []}, {"category": "Kitchen, Garden & Pets", "sub_category_name": "Gardening", "product_name": "Compost Culture (Waste Decomposition)", "product_brand": "Inora", "combo": [["1 kg", "129.00"], ["500 g", "85.00"]]}, {"category": "Kitchen, Garden & Pets", "sub_category_name": "Gardening", "product_name": "IVEM (Odour Control, Waste Composting & Decomposition)", "product_brand": "Inora", "combo": []}, {"category": "Kitchen, Garden & Pets", "sub_category_name": "Gardening", "product_name": "INOCARE (Garden Pest Control)", "product_brand": "Inora", "combo": []}, {"category": "Kitchen, Garden & Pets", "sub_category_name": "Gardening", "product_name": "Vermicompost - Garden Organic Compost", "product_brand": "Inora", "combo": [["1 kg", "79.00"], ["5 kg", "159.00"]]}, {"category": "Kitchen, Garden & Pets", "sub_category_name": "Gardening", "product_name": "Soil Special (Organic Fertilizer for Plants)", "product_brand": "Inora", "combo": [["1 kg", "89.00"], ["5 kg", "239.00"]]}, {"category": "Kitchen, Garden & Pets", "sub_category_name": "Gardening", "product_name": "Pine Plastic Planter Pot With Tray - Assorted Colour", "product_brand": "Aristo", "combo": []}, {"category": "Kitchen, Garden & Pets", "sub_category_name": "Gardening", "product_name": "Microgreens Starter Kit - Soil-Less Organic Plant Seeds, Wheatgrass", "product_brand": "UGF Farms", "combo": []}, {"category": "Kitchen, Garden & Pets", "sub_category_name": "Gardening", "product_name": "Rocket Seeds", "product_brand": "Paudhe Se Yaari", "combo": []}, {"category": "Kitchen, Garden & Pets", "sub_category_name": "Gardening", "product_name": "Plastic Watering Can - Green", "product_brand": "Klassic", "combo": []}, {"category": "Kitchen, Garden & Pets", "sub_category_name": "Gardening", "product_name": "Garden Hoe Single Pronge", "product_brand": "Kr", "combo": []}, {"category": "Kitchen, Garden & Pets", "sub_category_name": "Gardening", "product_name": "Microgreens Starter Kit - Soil-Less Organic Plant Seeds, Spinach", "product_brand": "UGF Farms", "combo": []}, {"category": "Kitchen, Garden & Pets", "sub_category_name": "Gardening", "product_name": "Organic Fertiliser", "product_brand": "Natures Plus", "combo": [["5 kg", "209.00"], ["1 kg", "59.00"]]}, {"category": "Kitchen, Garden & Pets", "sub_category_name": "Gardening", "product_name": "Planter - 007 (Pack of 6)", "product_brand": "Kr", "combo": []}, {"category": "Kitchen, Garden & Pets", "sub_category_name": "Gardening", "product_name": "Hand Trowel Small", "product_brand": "Kr", "combo": []}, {"category": "Kitchen, Garden & Pets", "sub_category_name": "Gardening", "product_name": "Tulasi Pot - Medium", "product_brand": "Kr", "combo": []}, {"category": "Kitchen, Garden & Pets", "sub_category_name": "Gardening", "product_name": "Rubber Gloves - Dual Color", "product_brand": "Kr", "combo": []}, {"category": "Kitchen, Garden & Pets", "sub_category_name": "Gardening", "product_name": "Headge Shear", "product_brand": "Kr", "combo": []}, {"category": "Kitchen, Garden & Pets", "sub_category_name": "Gardening", "product_name": "Rubber Gloves - Blue, Large, 12 Inches", "product_brand": "Kr", "combo": []}, {"category": "Kitchen, Garden & Pets", "sub_category_name": "Gardening", "product_name": "Organic - Pesticide - Fungicide - Miticide", "product_brand": "Biofarm", "combo": []}, {"category": "Kitchen, Garden & Pets", "sub_category_name": "Gardening", "product_name": "Hand Trowel Big", "product_brand": "Kr", "combo": []}, {"category": "Kitchen, Garden & Pets", "sub_category_name": "Gardening", "product_name": "Compost Culture (Waste Decomposition)", "product_brand": "Inora", "combo": [["1 kg", "129.00"], ["500 g", "85.00"]]}, {"category": "Kitchen, Garden & Pets", "sub_category_name": "Gardening", "product_name": "IVEM (Odour Control, Waste Composting & Decomposition)", "product_brand": "Inora", "combo": []}, {"category": "Kitchen, Garden & Pets", "sub_category_name": "Gardening", "product_name": "INOCARE (Garden Pest Control)", "product_brand": "Inora", "combo": []}, {"category": "Kitchen, Garden & Pets", "sub_category_name": "Gardening", "product_name": "Vermicompost - Garden Organic Compost", "product_brand": "Inora", "combo": [["1 kg", "79.00"], ["5 kg", "159.00"]]}, {"category": "Kitchen, Garden & Pets", "sub_category_name": "Gardening", "product_name": "Soil Special (Organic Fertilizer for Plants)", "product_brand": "Inora", "combo": [["1 kg", "89.00"], ["5 kg", "239.00"]]}, {"category": "Kitchen, Garden & Pets", "sub_category_name": "Gardening", "product_name": "Pine Plastic Planter Pot With Tray - Assorted Colour", "product_brand": "Aristo", "combo": []}, {"category": "Kitchen, Garden & Pets", "sub_category_name": "Gardening", "product_name": "Microgreens Starter Kit - Soil-Less Organic Plant Seeds, Wheatgrass", "product_brand": "UGF Farms", "combo": []}, {"category": "Kitchen, Garden & Pets", "sub_category_name": "Gardening", "product_name": "Rocket Seeds", "product_brand": "Paudhe Se Yaari", "combo": []}, {"category": "Kitchen, Garden & Pets", "sub_category_name": "Gardening", "product_name": "Plastic Watering Can - Green", "product_brand": "Klassic", "combo": []}, {"category": "Kitchen, Garden & Pets", "sub_category_name": "Gardening", "product_name": "Garden Hoe Single Pronge", "product_brand": "Kr", "combo": []}, {"category": "Kitchen, Garden & Pets", "sub_category_name": "Gardening", "product_name": "Microgreens Starter Kit - Soil-Less Organic Plant Seeds, Spinach", "product_brand": "UGF Farms", "combo": []}, {"category": "Kitchen, Garden & Pets", "sub_category_name": "Gardening", "product_name": "Organic Fertiliser", "product_brand": "Natures Plus", "combo": [["5 kg", "209.00"], ["1 kg", "59.00"]]}, {"category": "Kitchen, Garden & Pets", "sub_category_name": "Gardening", "product_name": "Planter - 007 (Pack of 6)", "product_brand": "Kr", "combo": []}, {"category": "Kitchen, Garden & Pets", "sub_category_name": "Gardening", "product_name": "Hand Trowel Small", "product_brand": "Kr", "combo": []}, {"category": "Kitchen, Garden & Pets", "sub_category_name": "Gardening", "product_name": "Tulasi Pot - Medium", "product_brand": "Kr", "combo": []}, {"category": "Kitchen, Garden & Pets", "sub_category_name": "Gardening", "product_name": "Rubber Gloves - Dual Color", "product_brand": "Kr", "combo": []}, {"category": "Kitchen, Garden & Pets", "sub_category_name": "Gardening", "product_name": "Headge Shear", "product_brand": "Kr", "combo": []}, {"category": "Kitchen, Garden & Pets", "sub_category_name": "Gardening", "product_name": "Rubber Gloves - Blue, Large, 12 Inches", "product_brand": "Kr", "combo": []}, {"category": "Kitchen, Garden & Pets", "sub_category_name": "Gardening", "product_name": "Organic - Pesticide - Fungicide - Miticide", "product_brand": "Biofarm", "combo": []}, {"category": "Kitchen, Garden & Pets", "sub_category_name": "Gardening", "product_name": "Hand Trowel Big", "product_brand": "Kr", "combo": []}, {"category": "Kitchen, Garden & Pets", "sub_category_name": "Gardening", "product_name": "Compost Culture (Waste Decomposition)", "product_brand": "Inora", "combo": [["1 kg", "129.00"], ["500 g", "85.00"]]}, {"category": "Kitchen, Garden & Pets", "sub_category_name": "Gardening", "product_name": "IVEM (Odour Control, Waste Composting & Decomposition)", "product_brand": "Inora", "combo": []}, {"category": "Kitchen, Garden & Pets", "sub_category_name": "Gardening", "product_name": "INOCARE (Garden Pest Control)", "product_brand": "Inora", "combo": []}, {"category": "Kitchen, Garden & Pets", "sub_category_name": "Gardening", "product_name": "Vermicompost - Garden Organic Compost", "product_brand": "Inora", "combo": [["1 kg", "79.00"], ["5 kg", "159.00"]]}, {"category": "Kitchen, Garden & Pets", "sub_category_name": "Gardening", "product_name": "Soil Special (Organic Fertilizer for Plants)", "product_brand": "Inora", "combo": [["1 kg", "89.00"], ["5 kg", "239.00"]]}, {"category": "Kitchen, Garden & Pets", "sub_category_name": "Gardening", "product_name": "Pine Plastic Planter Pot With Tray - Assorted Colour", "product_brand": "Aristo", "combo": []}, {"category": "Kitchen, Garden & Pets", "sub_category_name": "Gardening", "product_name": "Microgreens Starter Kit - Soil-Less Organic Plant Seeds, Wheatgrass", "product_brand": "UGF Farms", "combo": []}, {"category": "Kitchen, Garden & Pets", "sub_category_name": "Gardening", "product_name": "Rocket Seeds", "product_brand": "Paudhe Se Yaari", "combo": []}, {"category": "Kitchen, Garden & Pets", "sub_category_name": "Gardening", "product_name": "Plastic Watering Can - Green", "product_brand": "Klassic", "combo": []}, {"category": "Kitchen, Garden & Pets", "sub_category_name": "Gardening", "product_name": "Garden Hoe Single Pronge", "product_brand": "Kr", "combo": []}, {"category": "Kitchen, Garden & Pets", "sub_category_name": "Gardening", "product_name": "Microgreens Starter Kit - Soil-Less Organic Plant Seeds, Spinach", "product_brand": "UGF Farms", "combo": []}, {"category": "Kitchen, Garden & Pets", "sub_category_name": "Gardening", "product_name": "Organic Fertiliser", "product_brand": "Natures Plus", "combo": [["5 kg", "209.00"], ["1 kg", "59.00"]]}, {"category": "Kitchen, Garden & Pets", "sub_category_name": "Gardening", "product_name": "Planter - 007 (Pack of 6)", "product_brand": "Kr", "combo": []}, {"category": "Kitchen, Garden & Pets", "sub_category_name": "Gardening", "product_name": "Hand Trowel Small", "product_brand": "Kr", "combo": []}, {"category": "Kitchen, Garden & Pets", "sub_category_name": "Gardening", "product_name": "Tulasi Pot - Medium", "product_brand": "Kr", "combo": []}, {"category": "Kitchen, Garden & Pets", "sub_category_name": "Gardening", "product_name": "Rubber Gloves - Dual Color", "product_brand": "Kr", "combo": []}, {"category": "Kitchen, Garden & Pets", "sub_category_name": "Gardening", "product_name": "Headge Shear", "product_brand": "Kr", "combo": []}, {"category": "Kitchen, Garden & Pets", "sub_category_name": "Gardening", "product_name": "Rubber Gloves - Blue, Large, 12 Inches", "product_brand": "Kr", "combo": []}, {"category": "Kitchen, Garden & Pets", "sub_category_name": "Gardening", "product_name": "Organic - Pesticide - Fungicide - Miticide", "product_brand": "Biofarm", "combo": []}, {"category": "Kitchen, Garden & Pets", "sub_category_name": "Gardening", "product_name": "Hand Trowel Big", "product_brand": "Kr", "combo": []}, {"category": "Kitchen, Garden & Pets", "sub_category_name": "Gardening", "product_name": "Compost Culture (Waste Decomposition)", "product_brand": "Inora", "combo": [["1 kg", "129.00"], ["500 g", "85.00"]]}, {"category": "Kitchen, Garden & Pets", "sub_category_name": "Gardening", "product_name": "IVEM (Odour Control, Waste Composting & Decomposition)", "product_brand": "Inora", "combo": []}, {"category": "Kitchen, Garden & Pets", "sub_category_name": "Gardening", "product_name": "INOCARE (Garden Pest Control)", "product_brand": "Inora", "combo": []}, {"category": "Kitchen, Garden & Pets", "sub_category_name": "Gardening", "product_name": "Vermicompost - Garden Organic Compost", "product_brand": "Inora", "combo": [["1 kg", "79.00"], ["5 kg", "159.00"]]}, {"category": "Kitchen, Garden & Pets", "sub_category_name": "Gardening", "product_name": "Soil Special (Organic Fertilizer for Plants)", "product_brand": "Inora", "combo": [["1 kg", "89.00"], ["5 kg", "239.00"]]}, {"category": "Kitchen, Garden & Pets", "sub_category_name": "Gardening", "product_name": "Pine Plastic Planter Pot With Tray - Assorted Colour", "product_brand": "Aristo", "combo": []}, {"category": "Kitchen, Garden & Pets", "sub_category_name": "Gardening", "product_name": "Microgreens Starter Kit - Soil-Less Organic Plant Seeds, Wheatgrass", "product_brand": "UGF Farms", "combo": []}, {"category": "Kitchen, Garden & Pets", "sub_category_name": "Gardening", "product_name": "Rocket Seeds", "product_brand": "Paudhe Se Yaari", "combo": []}, {"category": "Kitchen, Garden & Pets", "sub_category_name": "Gardening", "product_name": "Plastic Watering Can - Green", "product_brand": "Klassic", "combo": []}, {"category": "Kitchen, Garden & Pets", "sub_category_name": "Gardening", "product_name": "Garden Hoe Single Pronge", "product_brand": "Kr", "combo": []}, {"category": "Kitchen, Garden & Pets", "sub_category_name": "Gardening", "product_name": "Microgreens Starter Kit - Soil-Less Organic Plant Seeds, Spinach", "product_brand": "UGF Farms", "combo": []}, {"category": "Kitchen, Garden & Pets", "sub_category_name": "Gardening", "product_name": "Organic Fertiliser", "product_brand": "Natures Plus", "combo": [["5 kg", "209.00"], ["1 kg", "59.00"]]}, {"category": "Kitchen, Garden & Pets", "sub_category_name": "Gardening", "product_name": "Planter - 007 (Pack of 6)", "product_brand": "Kr", "combo": []}, {"category": "Kitchen, Garden & Pets", "sub_category_name": "Gardening", "product_name": "Hand Trowel Small", "product_brand": "Kr", "combo": []}, {"category": "Kitchen, Garden & Pets", "sub_category_name": "Gardening", "product_name": "Tulasi Pot - Medium", "product_brand": "Kr", "combo": []}, {"category": "Kitchen, Garden & Pets", "sub_category_name": "Gardening", "product_name": "Rubber Gloves - Dual Color", "product_brand": "Kr", "combo": []}, {"category": "Kitchen, Garden & Pets", "sub_category_name": "Gardening", "product_name": "Headge Shear", "product_brand": "Kr", "combo": []}, {"category": "Kitchen, Garden & Pets", "sub_category_name": "Gardening", "product_name": "Rubber Gloves - Blue, Large, 12 Inches", "product_brand": "Kr", "combo": []}, {"category": "Kitchen, Garden & Pets", "sub_category_name": "Gardening", "product_name": "Organic - Pesticide - Fungicide - Miticide", "product_brand": "Biofarm", "combo": []}, {"category": "Kitchen, Garden & Pets", "sub_category_name": "Gardening", "product_name": "Hand Trowel Big", "product_brand": "Kr", "combo": []}, {"category": "Kitchen, Garden & Pets", "sub_category_name": "Gardening", "product_name": "Compost Culture (Waste Decomposition)", "product_brand": "Inora", "combo": [["1 kg", "129.00"], ["500 g", "85.00"]]}, {"category": "Kitchen, Garden & Pets", "sub_category_name": "Gardening", "product_name": "IVEM (Odour Control, Waste Composting & Decomposition)", "product_brand": "Inora", "combo": []}, {"category": "Kitchen, Garden & Pets", "sub_category_name": "Gardening", "product_name": "INOCARE (Garden Pest Control)", "product_brand": "Inora", "combo": []}, {"category": "Kitchen, Garden & Pets", "sub_category_name": "Gardening", "product_name": "Vermicompost - Garden Organic Compost", "product_brand": "Inora", "combo": [["1 kg", "79.00"], ["5 kg", "159.00"]]}, {"category": "Kitchen, Garden & Pets", "sub_category_name": "Gardening", "product_name": "Soil Special (Organic Fertilizer for Plants)", "product_brand": "Inora", "combo": [["1 kg", "89.00"], ["5 kg", "239.00"]]}, {"category": "Kitchen, Garden & Pets", "sub_category_name": "Gardening", "product_name": "Pine Plastic Planter Pot With Tray - Assorted Colour", "product_brand": "Aristo", "combo": []}, {"category": "Kitchen, Garden & Pets", "sub_category_name": "Gardening", "product_name": "Microgreens Starter Kit - Soil-Less Organic Plant Seeds, Wheatgrass", "product_brand": "UGF Farms", "combo": []}, {"category": "Kitchen, Garden & Pets", "sub_category_name": "Gardening", "product_name": "Rocket Seeds", "product_brand": "Paudhe Se Yaari", "combo": []}, {"category": "Kitchen, Garden & Pets", "sub_category_name": "Gardening", "product_name": "Plastic Watering Can - Green", "product_brand": "Klassic", "combo": []}, {"category": "Kitchen, Garden & Pets", "sub_category_name": "Gardening", "product_name": "Garden Hoe Single Pronge", "product_brand": "Kr", "combo": []}, {"category": "Kitchen, Garden & Pets", "sub_category_name": "Gardening", "product_name": "Microgreens Starter Kit - Soil-Less Organic Plant Seeds, Spinach", "product_brand": "UGF Farms", "combo": []}, {"category": "Kitchen, Garden & Pets", "sub_category_name": "Gardening", "product_name": "Organic Fertiliser", "product_brand": "Natures Plus", "combo": [["5 kg", "209.00"], ["1 kg", "59.00"]]}, {"category": "Kitchen, Garden & Pets", "sub_category_name": "Gardening", "product_name": "Planter - 007 (Pack of 6)", "product_brand": "Kr", "combo": []}, {"category": "Kitchen, Garden & Pets", "sub_category_name": "Gardening", "product_name": "Hand Trowel Small", "product_brand": "Kr", "combo": []}, {"category": "Kitchen, Garden & Pets", "sub_category_name": "Gardening", "product_name": "Tulasi Pot - Medium", "product_brand": "Kr", "combo": []}, {"category": "Kitchen, Garden & Pets", "sub_category_name": "Gardening", "product_name": "Rubber Gloves - Dual Color", "product_brand": "Kr", "combo": []}, {"category": "Kitchen, Garden & Pets", "sub_category_name": "Gardening", "product_name": "Headge Shear", "product_brand": "Kr", "combo": []}, {"category": "Kitchen, Garden & Pets", "sub_category_name": "Gardening", "product_name": "Rubber Gloves - Blue, Large, 12 Inches", "product_brand": "Kr", "combo": []}, {"category": "Kitchen, Garden & Pets", "sub_category_name": "Gardening", "product_name": "Organic - Pesticide - Fungicide - Miticide", "product_brand": "Biofarm", "combo": []}, {"category": "Kitchen, Garden & Pets", "sub_category_name": "Gardening", "product_name": "Hand Trowel Big", "product_brand": "Kr", "combo": []}, {"category": "Kitchen, Garden & Pets", "sub_category_name": "Gardening", "product_name": "Compost Culture (Waste Decomposition)", "product_brand": "Inora", "combo": [["1 kg", "129.00"], ["500 g", "85.00"]]}, {"category": "Kitchen, Garden & Pets", "sub_category_name": "Gardening", "product_name": "IVEM (Odour Control, Waste Composting & Decomposition)", "product_brand": "Inora", "combo": []}, {"category": "Kitchen, Garden & Pets", "sub_category_name": "Gardening", "product_name": "INOCARE (Garden Pest Control)", "product_brand": "Inora", "combo": []}, {"category": "Kitchen, Garden & Pets", "sub_category_name": "Gardening", "product_name": "Vermicompost - Garden Organic Compost", "product_brand": "Inora", "combo": [["1 kg", "79.00"], ["5 kg", "159.00"]]}, {"category": "Kitchen, Garden & Pets", "sub_category_name": "Gardening", "product_name": "Soil Special (Organic Fertilizer for Plants)", "product_brand": "Inora", "combo": [["1 kg", "89.00"], ["5 kg", "239.00"]]}, {"category": "Kitchen, Garden & Pets", "sub_category_name": "Gardening", "product_name": "Coriander/Cilantro Herb Seeds", "product_brand": "National Gardens", "combo": []}, {"category": "Kitchen, Garden & Pets", "sub_category_name": "Gardening", "product_name": "Creeper Bean Seeds", "product_brand": "National Gardens", "combo": []}, {"category": "Kitchen, Garden & Pets", "sub_category_name": "Gardening", "product_name": "Black Beauty Brinjal/Eggplant Seeds", "product_brand": "National Gardens", "combo": []}, {"category": "Kitchen, Garden & Pets", "sub_category_name": "Gardening", "product_name": "Long Purple Brinjal Seeds", "product_brand": "National Gardens", "combo": []}, {"category": "Kitchen, Garden & Pets", "sub_category_name": "Gardening", "product_name": "Bitter Gourd Seeds", "product_brand": "National Gardens", "combo": []}, {"category": "Kitchen, Garden & Pets", "sub_category_name": "Gardening", "product_name": "Exotic Red Ladies Finger Seeds", "product_brand": "National Gardens", "combo": []}, {"category": "Kitchen, Garden & Pets", "sub_category_name": "Gardening", "product_name": "Ridge Gourd Seeds", "product_brand": "National Gardens", "combo": []}, {"category": "Kitchen, Garden & Pets", "sub_category_name": "Gardening", "product_name": "Sugar Baby Watermelon Seeds", "product_brand": "National Gardens", "combo": []}, {"category": "Kitchen, Garden & Pets", "sub_category_name": "Gardening", "product_name": "Jalapeno Hot Pepper Seeds", "product_brand": "National Gardens", "combo": []}, {"category": "Kitchen, Garden & Pets", "sub_category_name": "Gardening", "product_name": "Asparagus UC72 Vegetable Seeds", "product_brand": "National Gardens", "combo": []}, {"category": "Kitchen, Garden & Pets", "sub_category_name": "Gardening", "product_name": "Red Salad Lettuce Seeds", "product_brand": "National Gardens", "combo": []}, {"category": "Kitchen, Garden & Pets", "sub_category_name": "Gardening", "product_name": "Premium Safety Latex Coating Gloves - White Shell With Grey Crinkle Finish, 10 cm", "product_brand": "Spartan", "combo": []}, {"category": "Kitchen, Garden & Pets", "sub_category_name": "Gardening", "product_name": "Hexa Designer Plastic Planter Pot - Terracotta Colour", "product_brand": "Aristo", "combo": []}, {"category": "Kitchen, Garden & Pets", "sub_category_name": "Gardening", "product_name": "Garden Weeder", "product_brand": "Unison", "combo": []}, {"category": "Kitchen, Garden & Pets", "sub_category_name": "Gardening", "product_name": "Polka - Round Shaped Railing Planter, Red, Medium", "product_brand": "Klassic", "combo": []}, {"category": "Kitchen, Garden & Pets", "sub_category_name": "Gardening", "product_name": "Rover - Oval Shape Railing Planter, Blue, Medium", "product_brand": "Klassic", "combo": []}, {"category": "Kitchen, Garden & Pets", "sub_category_name": "Gardening", "product_name": "Silicone Scrubbing Gloves - Assorted Colour, 20 cm", "product_brand": "Spartan", "combo": []}, {"category": "Kitchen, Garden & Pets", "sub_category_name": "Gardening", "product_name": "Rover - Oval Shape Railing Planter, Red, Medium", "product_brand": "Klassic", "combo": []}, {"category": "Kitchen, Garden & Pets", "sub_category_name": "Gardening", "product_name": "Rover - Oval Shape Railing Planter, Yellow, Medium", "product_brand": "Klassic", "combo": []}, {"category": "Kitchen, Garden & Pets", "sub_category_name": "Gardening", "product_name": "Rover - Oval Shape Railing Planter, Red, Small", "product_brand": "Klassic", "combo": []}, {"category": "Kitchen, Garden & Pets", "sub_category_name": "Gardening", "product_name": "Coriander/Cilantro Herb Seeds", "product_brand": "National Gardens", "combo": []}, {"category": "Kitchen, Garden & Pets", "sub_category_name": "Gardening", "product_name": "Creeper Bean Seeds", "product_brand": "National Gardens", "combo": []}, {"category": "Kitchen, Garden & Pets", "sub_category_name": "Gardening", "product_name": "Black Beauty Brinjal/Eggplant Seeds", "product_brand": "National Gardens", "combo": []}, {"category": "Kitchen, Garden & Pets", "sub_category_name": "Gardening", "product_name": "Long Purple Brinjal Seeds", "product_brand": "National Gardens", "combo": []}, {"category": "Kitchen, Garden & Pets", "sub_category_name": "Gardening", "product_name": "Bitter Gourd Seeds", "product_brand": "National Gardens", "combo": []}, {"category": "Kitchen, Garden & Pets", "sub_category_name": "Gardening", "product_name": "Exotic Red Ladies Finger Seeds", "product_brand": "National Gardens", "combo": []}, {"category": "Kitchen, Garden & Pets", "sub_category_name": "Gardening", "product_name": "Ridge Gourd Seeds", "product_brand": "National Gardens", "combo": []}, {"category": "Kitchen, Garden & Pets", "sub_category_name": "Gardening", "product_name": "Sugar Baby Watermelon Seeds", "product_brand": "National Gardens", "combo": []}, {"category": "Kitchen, Garden & Pets", "sub_category_name": "Gardening", "product_name": "Jalapeno Hot Pepper Seeds", "product_brand": "National Gardens", "combo": []}, {"category": "Kitchen, Garden & Pets", "sub_category_name": "Gardening", "product_name": "Asparagus UC72 Vegetable Seeds", "product_brand": "National Gardens", "combo": []}, {"category": "Kitchen, Garden & Pets", "sub_category_name": "Gardening", "product_name": "Red Salad Lettuce Seeds", "product_brand": "National Gardens", "combo": []}, {"category": "Kitchen, Garden & Pets", "sub_category_name": "Gardening", "product_name": "Premium Safety Latex Coating Gloves - White Shell With Grey Crinkle Finish, 10 cm", "product_brand": "Spartan", "combo": []}, {"category": "Kitchen, Garden & Pets", "sub_category_name": "Gardening", "product_name": "Hexa Designer Plastic Planter Pot - Terracotta Colour", "product_brand": "Aristo", "combo": []}, {"category": "Kitchen, Garden & Pets", "sub_category_name": "Gardening", "product_name": "Garden Weeder", "product_brand": "Unison", "combo": []}, {"category": "Kitchen, Garden & Pets", "sub_category_name": "Gardening", "product_name": "Polka - Round Shaped Railing Planter, Red, Medium", "product_brand": "Klassic", "combo": []}, {"category": "Kitchen, Garden & Pets", "sub_category_name": "Gardening", "product_name": "Rover - Oval Shape Railing Planter, Blue, Medium", "product_brand": "Klassic", "combo": []}, {"category": "Kitchen, Garden & Pets", "sub_category_name": "Gardening", "product_name": "Silicone Scrubbing Gloves - Assorted Colour, 20 cm", "product_brand": "Spartan", "combo": []}, {"category": "Kitchen, Garden & Pets", "sub_category_name": "Gardening", "product_name": "Rover - Oval Shape Railing Planter, Red, Medium", "product_brand": "Klassic", "combo": []}, {"category": "Kitchen, Garden & Pets", "sub_category_name": "Gardening", "product_name": "Rover - Oval Shape Railing Planter, Yellow, Medium", "product_brand": "Klassic", "combo": []}, {"category": "Kitchen, Garden & Pets", "sub_category_name": "Gardening", "product_name": "Rover - Oval Shape Railing Planter, Red, Small", "product_brand": "Klassic", "combo": []}, {"category": "Kitchen, Garden & Pets", "sub_category_name": "Gardening", "product_name": "Coriander/Cilantro Herb Seeds", "product_brand": "National Gardens", "combo": []}, {"category": "Kitchen, Garden & Pets", "sub_category_name": "Gardening", "product_name": "Creeper Bean Seeds", "product_brand": "National Gardens", "combo": []}, {"category": "Kitchen, Garden & Pets", "sub_category_name": "Gardening", "product_name": "Black Beauty Brinjal/Eggplant Seeds", "product_brand": "National Gardens", "combo": []}, {"category": "Kitchen, Garden & Pets", "sub_category_name": "Gardening", "product_name": "Long Purple Brinjal Seeds", "product_brand": "National Gardens", "combo": []}, {"category": "Kitchen, Garden & Pets", "sub_category_name": "Gardening", "product_name": "Bitter Gourd Seeds", "product_brand": "National Gardens", "combo": []}, {"category": "Kitchen, Garden & Pets", "sub_category_name": "Gardening", "product_name": "Exotic Red Ladies Finger Seeds", "product_brand": "National Gardens", "combo": []}, {"category": "Kitchen, Garden & Pets", "sub_category_name": "Gardening", "product_name": "Ridge Gourd Seeds", "product_brand": "National Gardens", "combo": []}, {"category": "Kitchen, Garden & Pets", "sub_category_name": "Gardening", "product_name": "Sugar Baby Watermelon Seeds", "product_brand": "National Gardens", "combo": []}, {"category": "Kitchen, Garden & Pets", "sub_category_name": "Gardening", "product_name": "Jalapeno Hot Pepper Seeds", "product_brand": "National Gardens", "combo": []}, {"category": "Kitchen, Garden & Pets", "sub_category_name": "Gardening", "product_name": "Asparagus UC72 Vegetable Seeds", "product_brand": "National Gardens", "combo": []}, {"category": "Kitchen, Garden & Pets", "sub_category_name": "Gardening", "product_name": "Red Salad Lettuce Seeds", "product_brand": "National Gardens", "combo": []}, {"category": "Kitchen, Garden & Pets", "sub_category_name": "Gardening", "product_name": "Premium Safety Latex Coating Gloves - White Shell With Grey Crinkle Finish, 10 cm", "product_brand": "Spartan", "combo": []}, {"category": "Kitchen, Garden & Pets", "sub_category_name": "Gardening", "product_name": "Hexa Designer Plastic Planter Pot - Terracotta Colour", "product_brand": "Aristo", "combo": []}, {"category": "Kitchen, Garden & Pets", "sub_category_name": "Gardening", "product_name": "Garden Weeder", "product_brand": "Unison", "combo": []}, {"category": "Kitchen, Garden & Pets", "sub_category_name": "Gardening", "product_name": "Polka - Round Shaped Railing Planter, Red, Medium", "product_brand": "Klassic", "combo": []}, {"category": "Kitchen, Garden & Pets", "sub_category_name": "Gardening", "product_name": "Rover - Oval Shape Railing Planter, Blue, Medium", "product_brand": "Klassic", "combo": []}, {"category": "Kitchen, Garden & Pets", "sub_category_name": "Gardening", "product_name": "Silicone Scrubbing Gloves - Assorted Colour, 20 cm", "product_brand": "Spartan", "combo": []}, {"category": "Kitchen, Garden & Pets", "sub_category_name": "Gardening", "product_name": "Rover - Oval Shape Railing Planter, Red, Medium", "product_brand": "Klassic", "combo": []}, {"category": "Kitchen, Garden & Pets", "sub_category_name": "Gardening", "product_name": "Rover - Oval Shape Railing Planter, Yellow, Medium", "product_brand": "Klassic", "combo": []}, {"category": "Kitchen, Garden & Pets", "sub_category_name": "Gardening", "product_name": "Rover - Oval Shape Railing Planter, Red, Small", "product_brand": "Klassic", "combo": []}, {"category": "Kitchen, Garden & Pets", "sub_category_name": "Gardening", "product_name": "Nursery Pot - Brown (Pack of 3)", "product_brand": "Kr", "combo": []}, {"category": "Kitchen, Garden & Pets", "sub_category_name": "Gardening", "product_name": "Mariegold Mix Seeds", "product_brand": "Urban Terra", "combo": []}, {"category": "Kitchen, Garden & Pets", "sub_category_name": "Gardening", "product_name": "Hand Fork", "product_brand": "Kr", "combo": []}, {"category": "Kitchen, Garden & Pets", "sub_category_name": "Gardening", "product_name": "Kappa - Round Shape Plastic Planter, Green, Medium", "product_brand": "Klassic", "combo": []}, {"category": "Kitchen, Garden & Pets", "sub_category_name": "Gardening", "product_name": "Coco Peat", "product_brand": "Natures Plus", "combo": []}, {"category": "Kitchen, Garden & Pets", "sub_category_name": "Gardening", "product_name": "Coco Peat Block", "product_brand": "Natures Plus", "combo": [["5 kg", "255.00"], ["1 kg", "75.00"]]}, {"category": "Kitchen, Garden & Pets", "sub_category_name": "Gardening", "product_name": "Garden Neem Oil Based", "product_brand": "Inora", "combo": []}, {"category": "Kitchen, Garden & Pets", "sub_category_name": "Gardening", "product_name": "Nepenthes - Pitcher Plant Seeds", "product_brand": "National Gardens", "combo": []}, {"category": "Kitchen, Garden & Pets", "sub_category_name": "Gardening", "product_name": "Red Climbing Rose Flower Seeds", "product_brand": "National Gardens", "combo": []}, {"category": "Kitchen, Garden & Pets", "sub_category_name": "Gardening", "product_name": "Blue Rose Flower Seeds", "product_brand": "National Gardens", "combo": []}, {"category": "Kitchen, Garden & Pets", "sub_category_name": "Gardening", "product_name": "Black Rose Flower Seeds", "product_brand": "National Gardens", "combo": []}, {"category": "Kitchen, Garden & Pets", "sub_category_name": "Gardening", "product_name": "Pink Climbing Rose Flower Seeds", "product_brand": "National Gardens", "combo": []}, {"category": "Kitchen, Garden & Pets", "sub_category_name": "Gardening", "product_name": "Alec's Red Climbing Rose Seeds", "product_brand": "National Gardens", "combo": []}, {"category": "Kitchen, Garden & Pets", "sub_category_name": "Gardening", "product_name": "Spearmint Mint Herb Seeds", "product_brand": "National Gardens", "combo": []}, {"category": "Kitchen, Garden & Pets", "sub_category_name": "Gardening", "product_name": "Peppermint Mint Herb Seeds", "product_brand": "National Gardens", "combo": []}, {"category": "Kitchen, Garden & Pets", "sub_category_name": "Gardening", "product_name": "Portulaca/9'O Clock Flower Seeds", "product_brand": "Urban Terra", "combo": []}, {"category": "Kitchen, Garden & Pets", "sub_category_name": "Gardening", "product_name": "Pure Organic Compost Mixture", "product_brand": "Urban Terra", "combo": []}, {"category": "Kitchen, Garden & Pets", "sub_category_name": "Gardening", "product_name": "Organic Vermi Compost", "product_brand": "Urban Terra", "combo": []}, {"category": "Kitchen, Garden & Pets", "sub_category_name": "Gardening", "product_name": "Organic Neem Mix", "product_brand": "Urban Terra", "combo": []}, {"category": "Kitchen, Garden & Pets", "sub_category_name": "Gardening", "product_name": "Pot Mix", "product_brand": "Natures Plus", "combo": []}, {"category": "Kitchen, Garden & Pets", "sub_category_name": "Gardening", "product_name": "Coriander/Cilantro Herb Seeds", "product_brand": "National Gardens", "combo": []}, {"category": "Kitchen, Garden & Pets", "sub_category_name": "Gardening", "product_name": "Creeper Bean Seeds", "product_brand": "National Gardens", "combo": []}, {"category": "Kitchen, Garden & Pets", "sub_category_name": "Gardening", "product_name": "Black Beauty Brinjal/Eggplant Seeds", "product_brand": "National Gardens", "combo": []}, {"category": "Kitchen, Garden & Pets", "sub_category_name": "Gardening", "product_name": "Long Purple Brinjal Seeds", "product_brand": "National Gardens", "combo": []}, {"category": "Kitchen, Garden & Pets", "sub_category_name": "Gardening", "product_name": "Bitter Gourd Seeds", "product_brand": "National Gardens", "combo": []}, {"category": "Kitchen, Garden & Pets", "sub_category_name": "Gardening", "product_name": "Exotic Red Ladies Finger Seeds", "product_brand": "National Gardens", "combo": []}, {"category": "Kitchen, Garden & Pets", "sub_category_name": "Gardening", "product_name": "Ridge Gourd Seeds", "product_brand": "National Gardens", "combo": []}, {"category": "Kitchen, Garden & Pets", "sub_category_name": "Gardening", "product_name": "Sugar Baby Watermelon Seeds", "product_brand": "National Gardens", "combo": []}, {"category": "Kitchen, Garden & Pets", "sub_category_name": "Gardening", "product_name": "Jalapeno Hot Pepper Seeds", "product_brand": "National Gardens", "combo": []}, {"category": "Kitchen, Garden & Pets", "sub_category_name": "Gardening", "product_name": "Asparagus UC72 Vegetable Seeds", "product_brand": "National Gardens", "combo": []}, {"category": "Kitchen, Garden & Pets", "sub_category_name": "Gardening", "product_name": "Red Salad Lettuce Seeds", "product_brand": "National Gardens", "combo": []}, {"category": "Kitchen, Garden & Pets", "sub_category_name": "Gardening", "product_name": "Premium Safety Latex Coating Gloves - White Shell With Grey Crinkle Finish, 10 cm", "product_brand": "Spartan", "combo": []}, {"category": "Kitchen, Garden & Pets", "sub_category_name": "Gardening", "product_name": "Hexa Designer Plastic Planter Pot - Terracotta Colour", "product_brand": "Aristo", "combo": []}, {"category": "Kitchen, Garden & Pets", "sub_category_name": "Gardening", "product_name": "Garden Weeder", "product_brand": "Unison", "combo": []}, {"category": "Kitchen, Garden & Pets", "sub_category_name": "Gardening", "product_name": "Polka - Round Shaped Railing Planter, Red, Medium", "product_brand": "Klassic", "combo": []}, {"category": "Kitchen, Garden & Pets", "sub_category_name": "Gardening", "product_name": "Rover - Oval Shape Railing Planter, Blue, Medium", "product_brand": "Klassic", "combo": []}, {"category": "Kitchen, Garden & Pets", "sub_category_name": "Gardening", "product_name": "Silicone Scrubbing Gloves - Assorted Colour, 20 cm", "product_brand": "Spartan", "combo": []}, {"category": "Kitchen, Garden & Pets", "sub_category_name": "Gardening", "product_name": "Rover - Oval Shape Railing Planter, Red, Medium", "product_brand": "Klassic", "combo": []}, {"category": "Kitchen, Garden & Pets", "sub_category_name": "Gardening", "product_name": "Rover - Oval Shape Railing Planter, Yellow, Medium", "product_brand": "Klassic", "combo": []}, {"category": "Kitchen, Garden & Pets", "sub_category_name": "Gardening", "product_name": "Rover - Oval Shape Railing Planter, Red, Small", "product_brand": "Klassic", "combo": []}, {"category": "Kitchen, Garden & Pets", "sub_category_name": "Gardening", "product_name": "Coriander/Cilantro Herb Seeds", "product_brand": "National Gardens", "combo": []}, {"category": "Kitchen, Garden & Pets", "sub_category_name": "Gardening", "product_name": "Creeper Bean Seeds", "product_brand": "National Gardens", "combo": []}, {"category": "Kitchen, Garden & Pets", "sub_category_name": "Gardening", "product_name": "Black Beauty Brinjal/Eggplant Seeds", "product_brand": "National Gardens", "combo": []}, {"category": "Kitchen, Garden & Pets", "sub_category_name": "Gardening", "product_name": "Long Purple Brinjal Seeds", "product_brand": "National Gardens", "combo": []}, {"category": "Kitchen, Garden & Pets", "sub_category_name": "Gardening", "product_name": "Bitter Gourd Seeds", "product_brand": "National Gardens", "combo": []}, {"category": "Kitchen, Garden & Pets", "sub_category_name": "Gardening", "product_name": "Exotic Red Ladies Finger Seeds", "product_brand": "National Gardens", "combo": []}, {"category": "Kitchen, Garden & Pets", "sub_category_name": "Gardening", "product_name": "Ridge Gourd Seeds", "product_brand": "National Gardens", "combo": []}, {"category": "Kitchen, Garden & Pets", "sub_category_name": "Gardening", "product_name": "Sugar Baby Watermelon Seeds", "product_brand": "National Gardens", "combo": []}, {"category": "Kitchen, Garden & Pets", "sub_category_name": "Gardening", "product_name": "Jalapeno Hot Pepper Seeds", "product_brand": "National Gardens", "combo": []}, {"category": "Kitchen, Garden & Pets", "sub_category_name": "Gardening", "product_name": "Asparagus UC72 Vegetable Seeds", "product_brand": "National Gardens", "combo": []}, {"category": "Kitchen, Garden & Pets", "sub_category_name": "Gardening", "product_name": "Red Salad Lettuce Seeds", "product_brand": "National Gardens", "combo": []}, {"category": "Kitchen, Garden & Pets", "sub_category_name": "Gardening", "product_name": "Premium Safety Latex Coating Gloves - White Shell With Grey Crinkle Finish, 10 cm", "product_brand": "Spartan", "combo": []}, {"category": "Kitchen, Garden & Pets", "sub_category_name": "Gardening", "product_name": "Hexa Designer Plastic Planter Pot - Terracotta Colour", "product_brand": "Aristo", "combo": []}, {"category": "Kitchen, Garden & Pets", "sub_category_name": "Gardening", "product_name": "Garden Weeder", "product_brand": "Unison", "combo": []}, {"category": "Kitchen, Garden & Pets", "sub_category_name": "Gardening", "product_name": "Polka - Round Shaped Railing Planter, Red, Medium", "product_brand": "Klassic", "combo": []}, {"category": "Kitchen, Garden & Pets", "sub_category_name": "Gardening", "product_name": "Rover - Oval Shape Railing Planter, Blue, Medium", "product_brand": "Klassic", "combo": []}, {"category": "Kitchen, Garden & Pets", "sub_category_name": "Gardening", "product_name": "Silicone Scrubbing Gloves - Assorted Colour, 20 cm", "product_brand": "Spartan", "combo": []}, {"category": "Kitchen, Garden & Pets", "sub_category_name": "Gardening", "product_name": "Rover - Oval Shape Railing Planter, Red, Medium", "product_brand": "Klassic", "combo": []}, {"category": "Kitchen, Garden & Pets", "sub_category_name": "Gardening", "product_name": "Rover - Oval Shape Railing Planter, Yellow, Medium", "product_brand": "Klassic", "combo": []}, {"category": "Kitchen, Garden & Pets", "sub_category_name": "Gardening", "product_name": "Rover - Oval Shape Railing Planter, Red, Small", "product_brand": "Klassic", "combo": []}]