[{"category": "Cleaning & Household", "sub_category_name": "Disposables, Garbage Bag", "product_name": "Kitchen Towel", "product_brand": "Premier", "combo": [["60 pcs", "70.00"], ["120 pcs", "135.00"], ["4 pcs", "177.00"]]}, {"category": "Cleaning & Household", "sub_category_name": "Disposables, Garbage Bag", "product_name": "Kitchen Towel - 2 Ply, Pack of 4", "product_brand": "BB Home", "combo": [["2x60 pulls", "468.00"], ["60 pulls", "239.00"]]}, {"category": "Cleaning & Household", "sub_category_name": "Disposables, Garbage Bag", "product_name": "Biodegradable Garbage Bag - Small, Black", "product_brand": "NaturePac", "combo": []}, {"category": "Cleaning & Household", "sub_category_name": "Disposables, Garbage Bag", "product_name": "Garbage Bag - Small, Green, Biodegradable", "product_brand": "NaturePac", "combo": []}, {"category": "Cleaning & Household", "sub_category_name": "Disposables, Garbage Bag", "product_name": "Royal Cutie Soft Napkins", "product_brand": "Premier", "combo": []}, {"category": "Cleaning & Household", "sub_category_name": "Disposables, Garbage Bag", "product_name": "Selpak Kitchen Towel Paper Tissue Roll 100pcs + Vim Dishwash Gel - Lemon 500ml", "product_brand": "bb Combo", "combo": []}, {"category": "Cleaning & Household", "sub_category_name": "Disposables, Garbage Bag", "product_name": "Toilet Roll - 3 Ply, Pack of 4", "product_brand": "BB Home", "combo": [["2x200 pulls", "248.00"], ["200 pulls", "129.00"]]}, {"category": "Cleaning & Household", "sub_category_name": "Disposables, Garbage Bag", "product_name": "Garbage Bag - Small, Black, Biodegradable", "product_brand": "NaturePac", "combo": []}, {"category": "Cleaning & Household", "sub_category_name": "Disposables, Garbage Bag", "product_name": "Compostable Garbage Bags - Medium, Green, Mono-Carton (19x21 Inches)", "product_brand": "BB Home", "combo": [["15 pcs", "119.00"], ["3x15 pcs", "318.00"]]}, {"category": "Cleaning & Household", "sub_category_name": "Disposables, Garbage Bag", "product_name": "Compostable Garbage Bags - Medium, Blue, Mono-Carton (19x21 Inches)", "product_brand": "BB Home", "combo": [["15 pcs", "119.00"], ["3x15 pcs", "318.00"]]}, {"category": "Cleaning & Household", "sub_category_name": "Disposables, Garbage Bag", "product_name": "3 Ply Scented Toilet Paper", "product_brand": "Sofia", "combo": []}, {"category": "Cleaning & Household", "sub_category_name": "Disposables, Garbage Bag", "product_name": "3 Ply Toilet Paper", "product_brand": "Maylo", "combo": []}, {"category": "Cleaning & Household", "sub_category_name": "Disposables, Garbage Bag", "product_name": "3 Ply Toilet Paper", "product_brand": "Maylo", "combo": []}, {"category": "Cleaning & Household", "sub_category_name": "Disposables, Garbage Bag", "product_name": "3 Ply Toilet Paper", "product_brand": "Sofia", "combo": []}, {"category": "Cleaning & Household", "sub_category_name": "Disposables, Garbage Bag", "product_name": "3 Ply Toilet Paper", "product_brand": "Sofia", "combo": []}, {"category": "Cleaning & Household", "sub_category_name": "Disposables, Garbage Bag", "product_name": "3 Ply Toilet Paper", "product_brand": "Sofia", "combo": []}, {"category": "Cleaning & Household", "sub_category_name": "Disposables, Garbage Bag", "product_name": "3 Ply Scented Toilet Paper", "product_brand": "Sofia", "combo": []}, {"category": "Cleaning & Household", "sub_category_name": "Disposables, Garbage Bag", "product_name": "Disinfectant Skin & Surface Wipes", "product_brand": "Dettol", "combo": [["10 pulls", "49.00"], ["40 pulls", "129.00"]]}, {"category": "Cleaning & Household", "sub_category_name": "Disposables, Garbage Bag", "product_name": "Disinfectant Skin & Surface Wipes - Floral", "product_brand": "Dettol", "combo": []}, {"category": "Cleaning & Household", "sub_category_name": "Disposables, Garbage Bag", "product_name": "Uniwrap Food wrapping Paper - 11\u201d", "product_brand": "Oddy", "combo": []}, {"category": "Cleaning & Household", "sub_category_name": "Disposables, Garbage Bag", "product_name": "Uniwrap Food Wrapping Paper - 11\u201d", "product_brand": "Oddy", "combo": []}, {"category": "Cleaning & Household", "sub_category_name": "Disposables, Garbage Bag", "product_name": "Uniwrap Food Wrapping Paper - 11\u201d", "product_brand": "Oddy", "combo": []}, {"category": "Cleaning & Household", "sub_category_name": "Disposables, Garbage Bag", "product_name": "Eco Bake Cooking & Parchment Paper", "product_brand": "Oddy", "combo": []}, {"category": "Cleaning & Household", "sub_category_name": "Disposables, Garbage Bag", "product_name": "Eco Bake Cooking & Parchment Paper", "product_brand": "Oddy", "combo": []}, {"category": "Cleaning & Household", "sub_category_name": "Disposables, Garbage Bag", "product_name": "Germ Protection Multipurpose Thick & Soft Wet Wipes with Fliptop Lid", "product_brand": "Savlon", "combo": [["72 pcs", "161.88"], ["10 pcs", "45.00"]]}, {"category": "Cleaning & Household", "sub_category_name": "Disposables, Garbage Bag", "product_name": "3 Ply Toilet Paper", "product_brand": "Sofia", "combo": []}, {"category": "Cleaning & Household", "sub_category_name": "Disposables, Garbage Bag", "product_name": "4 Ply Kitchen Paper Napkins", "product_brand": "Sofia", "combo": []}, {"category": "Cleaning & Household", "sub_category_name": "Disposables, Garbage Bag", "product_name": "4 Ply Kitchen Paper Napkins", "product_brand": "Sofia", "combo": []}, {"category": "Cleaning & Household", "sub_category_name": "Disposables, Garbage Bag", "product_name": "Royal - Soft Napkins", "product_brand": "Premier", "combo": []}, {"category": "Cleaning & Household", "sub_category_name": "Disposables, Garbage Bag", "product_name": "Freshwrapp - Standard Aluminium Foil", "product_brand": "Hindalco", "combo": [["50 g", "70.00"], ["72 mm", "357.00"], ["9 mtr", "71.00"]]}, {"category": "Cleaning & Household", "sub_category_name": "Disposables, Garbage Bag", "product_name": "Toilet Tissue Roll", "product_brand": "Premier", "combo": []}, {"category": "Cleaning & Household", "sub_category_name": "Disposables, Garbage Bag", "product_name": "Natural Grass Broom 1pc + Garbage Bags - Compostable,Medium,Green 15pcs", "product_brand": "BB Home", "combo": []}, {"category": "Cleaning & Household", "sub_category_name": "Disposables, Garbage Bag", "product_name": "Toilet Roll - 2 Ply, Pack of 4", "product_brand": "BB Home", "combo": [["2x200 pulls", "208.00"], ["200 pulls", "109.00"]]}, {"category": "Cleaning & Household", "sub_category_name": "Disposables, Garbage Bag", "product_name": "Garbage Bag - Large, Black, Biodegradable", "product_brand": "NaturePac", "combo": []}, {"category": "Cleaning & Household", "sub_category_name": "Disposables, Garbage Bag", "product_name": "Garbage Bag - Large, Green, Biodegradable", "product_brand": "NaturePac", "combo": []}, {"category": "Cleaning & Household", "sub_category_name": "Disposables, Garbage Bag", "product_name": "Toilet Roll - 2 Ply, Pack of 10", "product_brand": "BB Home", "combo": [["200 pulls", "259.00"], ["2x200 pulls", "508.00"]]}, {"category": "Cleaning & Household", "sub_category_name": "Disposables, Garbage Bag", "product_name": "Toilet Roll - 3 Ply, Pack of 4", "product_brand": "BB Home", "combo": [["400 Pulls", "249.00"], ["2x400 Pulls", "488.00"]]}, {"category": "Cleaning & Household", "sub_category_name": "Disposables, Garbage Bag", "product_name": "Toilet Tissue", "product_brand": "Premier", "combo": []}, {"category": "Cleaning & Household", "sub_category_name": "Disposables, Garbage Bag", "product_name": "Napkin - 2 Ply, Large, (33x33)", "product_brand": "BB Home", "combo": [["2x50 pulls", "108.00"], ["50 pulls", "59.00"]]}, {"category": "Cleaning & Household", "sub_category_name": "Disposables, Garbage Bag", "product_name": "Cocktail Napkin - 2 Ply", "product_brand": "BB Home", "combo": [["2x50 Pulls", "48.00"], ["50 Pulls", "29.00"]]}, {"category": "Cleaning & Household", "sub_category_name": "Disposables, Garbage Bag", "product_name": "Facial Tissues - 2 Ply - 100% Virgin Pulp/Paper", "product_brand": "BB Home", "combo": []}, {"category": "Cleaning & Household", "sub_category_name": "Disposables, Garbage Bag", "product_name": "Facial Tissues - 2 Ply -100% Virgin Pulp/Paper", "product_brand": "BB Home", "combo": []}, {"category": "Cleaning & Household", "sub_category_name": "Disposables, Garbage Bag", "product_name": "Kitchen Towel Paper Tissue Roll Pack of 2", "product_brand": "Selpak", "combo": [["2x80 pcs", "460.00"], ["80 pcs", "230.00"]]}, {"category": "Cleaning & Household", "sub_category_name": "Disposables, Garbage Bag", "product_name": "Premium Soft Grass Broom 1pc + Garbage Bags - Compostable,Medium,Green 15pcs", "product_brand": "BB Home", "combo": []}, {"category": "Cleaning & Household", "sub_category_name": "Disposables, Garbage Bag", "product_name": "Pocket Tissue - 3 Ply 10Sheets Pack of 6 + Facial Tissues - 2 Ply 100Pulls", "product_brand": "BB Home", "combo": []}, {"category": "Cleaning & Household", "sub_category_name": "Disposables, Garbage Bag", "product_name": "Garbage Bag - Large, Black, Biodegradable", "product_brand": "NaturePac", "combo": []}, {"category": "Cleaning & Household", "sub_category_name": "Disposables, Garbage Bag", "product_name": "Garbage Bag - Large, Green, Biodegradable", "product_brand": "NaturePac", "combo": []}, {"category": "Cleaning & Household", "sub_category_name": "Disposables, Garbage Bag", "product_name": "Cocktail Napkin Paper Tissue 2ply", "product_brand": "Selpak", "combo": [["2x50 pcs", "180.00"], ["50 pcs", "90.00"]]}, {"category": "Cleaning & Household", "sub_category_name": "Disposables, Garbage Bag", "product_name": "Compostable Garbage Bags - Small, Green, Mono-Carton (17x19 Inches)", "product_brand": "BB Home", "combo": [["3x15 pcs", "309.00"], ["15 pcs", "109.00"]]}, {"category": "Cleaning & Household", "sub_category_name": "Disposables, Garbage Bag", "product_name": "Special Face Tissue", "product_brand": "Premier", "combo": []}, {"category": "Cleaning & Household", "sub_category_name": "Disposables, Garbage Bag", "product_name": "Garbage Bag - Small, Green, Biodegradable", "product_brand": "NaturePac", "combo": []}, {"category": "Cleaning & Household", "sub_category_name": "Disposables, Garbage Bag", "product_name": "Aluminium Foils - 18 Microns", "product_brand": "BB Home", "combo": []}, {"category": "Cleaning & Household", "sub_category_name": "Disposables, Garbage Bag", "product_name": "Toilet Tissue Paper Roll 3ply", "product_brand": "Selpak", "combo": [["12 Rolls", "865.00"], ["2x12 Rolls", "1730.00"]]}, {"category": "Cleaning & Household", "sub_category_name": "Disposables, Garbage Bag", "product_name": "Compostable Garbage Bags - Large, Green, Mono-Carton (24x32 Inches)", "product_brand": "BB Home", "combo": [["10 pcs", "169.00"], ["3x10 pcs", "450.00"]]}, {"category": "Cleaning & Household", "sub_category_name": "Disposables, Garbage Bag", "product_name": "Luncheon Napkin Paper Tissue", "product_brand": "Selpak", "combo": [["2x33 x 33 cm", "300.00"], ["33 x 33 cm", "150.00"]]}, {"category": "Cleaning & Household", "sub_category_name": "Disposables, Garbage Bag", "product_name": "Compostable Garbage Bags - Large, Blue, Mono-Carton (24x32 Inches)", "product_brand": "BB Home", "combo": [["10 pcs", "169.00"], ["3x10 pcs", "450.00"]]}, {"category": "Cleaning & Household", "sub_category_name": "Disposables, Garbage Bag", "product_name": "Special Face Tissue - 2 Ply", "product_brand": "Premier", "combo": [["100 Pulls", "80.00"], ["200 Pulls", "130.00"]]}, {"category": "Cleaning & Household", "sub_category_name": "Disposables, Garbage Bag", "product_name": "Sandwich Zipper Bags - Sandwich Size", "product_brand": "Glad", "combo": []}, {"category": "Cleaning & Household", "sub_category_name": "Disposables, Garbage Bag", "product_name": "Toilet Tissue Roll (2 Ply)", "product_brand": "Premier", "combo": [["190 nos", "40.00"], ["330 pcs", "50.00"], ["330 pcs", "180.00"], ["330 pcs", "180.00"]]}, {"category": "Cleaning & Household", "sub_category_name": "Disposables, Garbage Bag", "product_name": "Royal - Toilet Tissue (2 Ply)", "product_brand": "Premier", "combo": []}, {"category": "Cleaning & Household", "sub_category_name": "Disposables, Garbage Bag", "product_name": "Toilet Roll - 3 Ply, Pack of 10", "product_brand": "BB Home", "combo": [["200 pulls", "299.00"], ["2x200 pulls", "588.00"]]}, {"category": "Cleaning & Household", "sub_category_name": "Disposables, Garbage Bag", "product_name": "Compostable Garbage Bags - Small, Blue, Mono-Carton (17x19 Inches)", "product_brand": "BB Home", "combo": [["3x15 pcs", "309.00"], ["15 pcs", "109.00"]]}, {"category": "Cleaning & Household", "sub_category_name": "Disposables, Garbage Bag", "product_name": "Special Face Tissues", "product_brand": "Premier", "combo": []}, {"category": "Cleaning & Household", "sub_category_name": "Disposables, Garbage Bag", "product_name": "Storage Zipper Bags - Airtight Seal, Medium", "product_brand": "Glad", "combo": []}, {"category": "Cleaning & Household", "sub_category_name": "Disposables, Garbage Bag", "product_name": "Supremely Soft Toilet Roll Plain 3 ply", "product_brand": "Selpak", "combo": [["2x4 Rolls", "498.00"], ["4 Rolls", "249.00"]]}, {"category": "Cleaning & Household", "sub_category_name": "Disposables, Garbage Bag", "product_name": "Aluminium Foils - 10.5 Microns", "product_brand": "BB Home", "combo": []}, {"category": "Cleaning & Household", "sub_category_name": "Disposables, Garbage Bag", "product_name": "Toilet Tissue Paper - Elegant Perfumed, 3Ply, Imported", "product_brand": "Selpak", "combo": []}, {"category": "Cleaning & Household", "sub_category_name": "Disposables, Garbage Bag", "product_name": "Aluminium Foils - 18 Microns", "product_brand": "BB Home", "combo": []}, {"category": "Cleaning & Household", "sub_category_name": "Disposables, Garbage Bag", "product_name": "Zipper Storage - Gallon", "product_brand": "Glad", "combo": []}, {"category": "Cleaning & Household", "sub_category_name": "Disposables, Garbage Bag", "product_name": "Imported Toilet Tissue Paper - Supersoft, Plain Large Economical Pack 3Ply", "product_brand": "Selpak", "combo": [["2x16 Rolls", "2300.00"], ["16 Rolls", "1150.00"]]}, {"category": "Cleaning & Household", "sub_category_name": "Disposables, Garbage Bag", "product_name": "Facial Box Tissue Paper - Mini", "product_brand": "Selpak", "combo": []}, {"category": "Cleaning & Household", "sub_category_name": "Disposables, Garbage Bag", "product_name": "Calorie Absorber Kitchen Towel - 3 Ply", "product_brand": "Selpak", "combo": []}, {"category": "Cleaning & Household", "sub_category_name": "Disposables, Garbage Bag", "product_name": "Aluminium Foils - 18 Microns", "product_brand": "BB Home", "combo": []}, {"category": "Cleaning & Household", "sub_category_name": "Disposables, Garbage Bag", "product_name": "Freezer Zipper Bags - Large", "product_brand": "Glad", "combo": []}, {"category": "Cleaning & Household", "sub_category_name": "Disposables, Garbage Bag", "product_name": "Press 'N Seal", "product_brand": "Glad", "combo": []}, {"category": "Cleaning & Household", "sub_category_name": "Disposables, Garbage Bag", "product_name": "Freezer Quart Zipper Bags - Medium", "product_brand": "Glad", "combo": []}, {"category": "Cleaning & Household", "sub_category_name": "Disposables, Garbage Bag", "product_name": "Silver Aluminium Foil 11 Micron", "product_brand": "Ezee Alka", "combo": [["72 mtr", "425.00"], ["9 mtr", "90.00"], ["18 mtr", "126.00"]]}, {"category": "Cleaning & Household", "sub_category_name": "Disposables, Garbage Bag", "product_name": "Napkin - 2 Ply, Large, (40x40)", "product_brand": "BB Home", "combo": [["2x50 pulls", "188.00"], ["50 pulls", "99.00"]]}, {"category": "Cleaning & Household", "sub_category_name": "Disposables, Garbage Bag", "product_name": "Perf Toilet Tissue Paper Roll Powder", "product_brand": "Selpak", "combo": [["100 x 124 mm", "325.00"], ["2x100 x 124 mm", "650.00"]]}, {"category": "Cleaning & Household", "sub_category_name": "Disposables, Garbage Bag", "product_name": "Facial Tissues - 2 Ply - 100% virgin pulp/paper", "product_brand": "BB Home", "combo": []}, {"category": "Cleaning & Household", "sub_category_name": "Disposables, Garbage Bag", "product_name": "Pocket Tissue - 3 Ply - 100% Virgin Pulp/Paper", "product_brand": "BB Home", "combo": []}, {"category": "Cleaning & Household", "sub_category_name": "Disposables, Garbage Bag", "product_name": "Roti Bag Jazz", "product_brand": "Big Blue", "combo": []}, {"category": "Cleaning & Household", "sub_category_name": "Disposables, Garbage Bag", "product_name": "Roti Wrapper Rocks", "product_brand": "Big Blue", "combo": []}, {"category": "Cleaning & Household", "sub_category_name": "Disposables, Garbage Bag", "product_name": "Paper Napkins - Butterfly", "product_brand": "BB Home", "combo": []}, {"category": "Cleaning & Household", "sub_category_name": "Disposables, Garbage Bag", "product_name": "Storage Zipper Bags - Medium", "product_brand": "Glad", "combo": []}, {"category": "Cleaning & Household", "sub_category_name": "Disposables, Garbage Bag", "product_name": "Frying Pan Foil", "product_brand": "Asahikasei", "combo": []}, {"category": "Cleaning & Household", "sub_category_name": "Disposables, Garbage Bag", "product_name": "Napkin - 2 Ply, Medium, (30x30)", "product_brand": "BB Home", "combo": [["50 pulls", "49.00"], ["2x50 pulls", "88.00"]]}, {"category": "Cleaning & Household", "sub_category_name": "Disposables, Garbage Bag", "product_name": "Facial Box Tissue Paper - Maxi", "product_brand": "Selpak", "combo": [["2x21 x 21.5 cm", "480.00"], ["21 x 21.5 cm", "240.00"]]}, {"category": "Cleaning & Household", "sub_category_name": "Disposables, Garbage Bag", "product_name": "Facial Tissues - 2 Ply - 100% Virgin Pulp/Paper", "product_brand": "BB Home", "combo": []}, {"category": "Cleaning & Household", "sub_category_name": "Disposables, Garbage Bag", "product_name": "Premium Wrap", "product_brand": "Asahikasei", "combo": []}, {"category": "Cleaning & Household", "sub_category_name": "Disposables, Garbage Bag", "product_name": "Complete Care Handkerchief - 4 Ply", "product_brand": "Tempo", "combo": []}, {"category": "Cleaning & Household", "sub_category_name": "Disposables, Garbage Bag", "product_name": "Paper Napkin - 2 Ply", "product_brand": "Freshee", "combo": []}, {"category": "Cleaning & Household", "sub_category_name": "Disposables, Garbage Bag", "product_name": "Menthol Perfumed Pocket Hanky Tissue", "product_brand": "Selpak", "combo": [["2x10 pcs", "460.00"], ["10 pcs", "230.00"]]}, {"category": "Cleaning & Household", "sub_category_name": "Disposables, Garbage Bag", "product_name": "Lotioned Perfumed Pocket Hanky Tissue", "product_brand": "Selpak", "combo": [["2x10 pcs", "460.00"], ["10 pcs", "230.00"]]}, {"category": "Cleaning & Household", "sub_category_name": "Disposables, Garbage Bag", "product_name": "Paper Napkins - Oval Grey", "product_brand": "BB Home", "combo": []}, {"category": "Cleaning & Household", "sub_category_name": "Disposables, Garbage Bag", "product_name": "Paper Napkins - Kope", "product_brand": "BB Home", "combo": []}, {"category": "Cleaning & Household", "sub_category_name": "Disposables, Garbage Bag", "product_name": "Paper Napkins - Happy Party, Blue", "product_brand": "BB Home", "combo": []}, {"category": "Cleaning & Household", "sub_category_name": "Disposables, Garbage Bag", "product_name": "Paper Napkins - Square", "product_brand": "BB Home", "combo": []}, {"category": "Cleaning & Household", "sub_category_name": "Disposables, Garbage Bag", "product_name": "Paper Napkins - Rangoli", "product_brand": "BB Home", "combo": []}, {"category": "Cleaning & Household", "sub_category_name": "Disposables, Garbage Bag", "product_name": "Pocket Handkerchief - Limited Edition, 4-Ply, 9 Pulls", "product_brand": "Tempo", "combo": []}, {"category": "Cleaning & Household", "sub_category_name": "Disposables, Garbage Bag", "product_name": "Paper Napkins - Union Jack", "product_brand": "BB Home", "combo": []}, {"category": "Cleaning & Household", "sub_category_name": "Disposables, Garbage Bag", "product_name": "Paper Napkins - Love", "product_brand": "BB Home", "combo": []}, {"category": "Cleaning & Household", "sub_category_name": "Disposables, Garbage Bag", "product_name": "Paper Napkins - Happy Party, Pink", "product_brand": "BB Home", "combo": []}, {"category": "Cleaning & Household", "sub_category_name": "Disposables, Garbage Bag", "product_name": "Paper Napkins - Birthday Theme, Yellow", "product_brand": "BB Home", "combo": []}, {"category": "Cleaning & Household", "sub_category_name": "Disposables, Garbage Bag", "product_name": "Paper Napkins - Pink Love", "product_brand": "BB Home", "combo": []}, {"category": "Cleaning & Household", "sub_category_name": "Disposables, Garbage Bag", "product_name": "Napkins - Luncheon, Premium, 2 Ply", "product_brand": "Freshee", "combo": []}, {"category": "Cleaning & Household", "sub_category_name": "Disposables, Garbage Bag", "product_name": "Paper Napkins - Bonbons", "product_brand": "BB Home", "combo": []}, {"category": "Cleaning & Household", "sub_category_name": "Disposables, Garbage Bag", "product_name": "Paper Napkins - Pumpkin", "product_brand": "BB Home", "combo": []}, {"category": "Cleaning & Household", "sub_category_name": "Disposables, Garbage Bag", "product_name": "Paper Napkins - Skull", "product_brand": "BB Home", "combo": []}, {"category": "Cleaning & Household", "sub_category_name": "Disposables, Garbage Bag", "product_name": "Paper Napkins - Mermaid", "product_brand": "BB Home", "combo": []}, {"category": "Cleaning & Household", "sub_category_name": "Disposables, Garbage Bag", "product_name": "Paper Napkins - Halloween Pup", "product_brand": "BB Home", "combo": []}, {"category": "Cleaning & Household", "sub_category_name": "Disposables, Garbage Bag", "product_name": "Paper Napkins - Sunflower", "product_brand": "BB Home", "combo": []}, {"category": "Cleaning & Household", "sub_category_name": "Disposables, Garbage Bag", "product_name": "Imported Tissue Napkin - Professional 2Ply", "product_brand": "Selpak", "combo": [["50 Sheets", "225.00"], ["2x50 Sheets", "450.00"]]}, {"category": "Cleaning & Household", "sub_category_name": "Disposables, Garbage Bag", "product_name": "Imported Toilet Tissue Paper - Perfumed, Powder Scented 3Ply", "product_brand": "Selpak", "combo": []}, {"category": "Cleaning & Household", "sub_category_name": "Disposables, Garbage Bag", "product_name": "Happy Universal Tissues For Children - Fire Brigade", "product_brand": "Bella", "combo": []}, {"category": "Cleaning & Household", "sub_category_name": "Disposables, Garbage Bag", "product_name": "Aluminium Foils - 10.5 Microns", "product_brand": "BB Home", "combo": []}, {"category": "Cleaning & Household", "sub_category_name": "Disposables, Garbage Bag", "product_name": "Garbage Bags - Compostable, Small 15pcs, Medium 15pcs & Large 10pcs - Assorted", "product_brand": "BB Home", "combo": []}, {"category": "Cleaning & Household", "sub_category_name": "Disposables, Garbage Bag", "product_name": "Classic Pocket Hanky Tissue", "product_brand": "Selpak", "combo": [["2x10 pcs", "460.00"], ["10 pcs", "230.00"]]}, {"category": "Cleaning & Household", "sub_category_name": "Disposables, Garbage Bag", "product_name": "Garbage Bags - Compostable, Small 15pcs, Medium 15pcs & Large 10pcs - Assorted", "product_brand": "BB Home", "combo": []}, {"category": "Cleaning & Household", "sub_category_name": "Disposables, Garbage Bag", "product_name": "Aluminium Foils - 10.5 Microns", "product_brand": "BB Home", "combo": []}]