[{"category": "Cleaning & Household", "sub_category_name": "Fresheners & Repellents", "product_name": "Cockroach Killer Spray", "product_brand": "HIT", "combo": [["400 ml", "177.94"], ["625 ml", "260.93"]]}, {"category": "Cleaning & Household", "sub_category_name": "Fresheners & Repellents", "product_name": "Power Activ+ - Mosquito Repellent Refill", "product_brand": "Good knight", "combo": [["45 ml", "68.40"], ["4x45 ml", "273.60"], ["45 ml", "134.00"], ["270 ml", "367.20"], ["45 ml", "296.82"], ["6X45 ml", "410.40"]]}, {"category": "Cleaning & Household", "sub_category_name": "Fresheners & Repellents", "product_name": "Naphthalene Balls", "product_brand": "BB Home", "combo": [["100 g", "20.00"], ["200 g", "39.00"]]}, {"category": "Cleaning & Household", "sub_category_name": "Fresheners & Repellents", "product_name": "Odonil Bathroom Air Freshener Blissful Citrus 10g + Vim Dishwash Gel Lemon 500ml", "product_brand": "bb Combo", "combo": []}, {"category": "Cleaning & Household", "sub_category_name": "Fresheners & Repellents", "product_name": "Pocket - Bathroom Air Fragrance", "product_brand": "Aer", "combo": []}, {"category": "Cleaning & Household", "sub_category_name": "Fresheners & Repellents", "product_name": "Power Activ+ - Lavender Fragrance, Refill Pack", "product_brand": "Good knight", "combo": [["2x45 ml", "136.80"], ["3X45 ml", "205.20"], ["45 ml", "68.40"]]}, {"category": "Cleaning & Household", "sub_category_name": "Fresheners & Repellents", "product_name": "Aer Pocket Bathroom Freshener 30g Pack of 3 + Hand Wash - Masterblaster 750ml", "product_brand": "Godrej", "combo": []}, {"category": "Cleaning & Household", "sub_category_name": "Fresheners & Repellents", "product_name": "Toilet Freshener - Mix Fragrance", "product_brand": "Odonil", "combo": []}, {"category": "Cleaning & Household", "sub_category_name": "Fresheners & Repellents", "product_name": "Godrej Bathroom Freshener 30g Pack of 3 + Good knight Mosquito Refill 45ml", "product_brand": "bb Combo", "combo": []}, {"category": "Cleaning & Household", "sub_category_name": "Fresheners & Repellents", "product_name": "Smart Spray - Multi Insect Spray", "product_brand": "Good knight", "combo": []}, {"category": "Cleaning & Household", "sub_category_name": "Fresheners & Repellents", "product_name": "Mosquito Repellent Cream - With Aloe Extracts", "product_brand": "Good knight", "combo": []}, {"category": "Cleaning & Household", "sub_category_name": "Fresheners & Repellents", "product_name": "Mosquito & Fly Killer Spray", "product_brand": "HIT", "combo": []}, {"category": "Cleaning & Household", "sub_category_name": "Fresheners & Repellents", "product_name": "Spray - Home & Office Air Freshener, Morning Misty Meadows", "product_brand": "Aer", "combo": []}, {"category": "Cleaning & Household", "sub_category_name": "Fresheners & Repellents", "product_name": "Aer Pocket Bathroom Freshener Assorted 30g Pack of 3 + Air Freshener Spray 300ml", "product_brand": "Godrej", "combo": []}, {"category": "Cleaning & Household", "sub_category_name": "Fresheners & Repellents", "product_name": "Fast Card - Mosquito Repellent Paper", "product_brand": "Good knight", "combo": [["10 pcs", "10.00"], ["4x10 Cards", "40.00"]]}, {"category": "Cleaning & Household", "sub_category_name": "Fresheners & Repellents", "product_name": "Toilet Air Freshener Mix (3+1)", "product_brand": "Odonil", "combo": []}, {"category": "Cleaning & Household", "sub_category_name": "Fresheners & Repellents", "product_name": "Ultra Power+ Fan", "product_brand": "All Out", "combo": []}, {"category": "Cleaning & Household", "sub_category_name": "Fresheners & Repellents", "product_name": "Gold Flash - Mosquito Repellent Refill", "product_brand": "Good knight", "combo": []}, {"category": "Cleaning & Household", "sub_category_name": "Fresheners & Repellents", "product_name": "Spray - Home & Office Air Freshener, Cool Surf Blue", "product_brand": "Aer", "combo": []}, {"category": "Cleaning & Household", "sub_category_name": "Fresheners & Repellents", "product_name": "Air Freshener - Zipper, Super Saver", "product_brand": "Odonil", "combo": []}, {"category": "Cleaning & Household", "sub_category_name": "Fresheners & Repellents", "product_name": "Natural Mosquito Repellent Patches", "product_brand": "Mamaearth", "combo": [["12 pcs", "99.00"], ["24 pcs", "199.00"]]}, {"category": "Cleaning & Household", "sub_category_name": "Fresheners & Repellents", "product_name": "Ultra Power+ Fan", "product_brand": "All Out", "combo": []}, {"category": "Cleaning & Household", "sub_category_name": "Fresheners & Repellents", "product_name": "Ultra Power+ Slider - Single Refill", "product_brand": "All Out", "combo": []}, {"category": "Cleaning & Household", "sub_category_name": "Fresheners & Repellents", "product_name": "Ultra Power+ Floral Fragrance", "product_brand": "All Out", "combo": []}, {"category": "Cleaning & Household", "sub_category_name": "Fresheners & Repellents", "product_name": "Touch 'N' Fresh Floral Perfection Refill", "product_brand": "Glade", "combo": []}, {"category": "Cleaning & Household", "sub_category_name": "Fresheners & Repellents", "product_name": "Touch 'N' Fresh Lemon Refill", "product_brand": "Glade", "combo": []}, {"category": "Cleaning & Household", "sub_category_name": "Fresheners & Repellents", "product_name": "Zipper Blissful Citrus", "product_brand": "Odonil", "combo": []}, {"category": "Cleaning & Household", "sub_category_name": "Fresheners & Repellents", "product_name": "Zipper Bathroom Air Freshener - Joyful Lavender", "product_brand": "Odonil", "combo": []}, {"category": "Cleaning & Household", "sub_category_name": "Fresheners & Repellents", "product_name": "2-in-1 Insect Killer Spray - 100% Kill On Mosquitoes & Cockroaches", "product_brand": "Mortein", "combo": []}, {"category": "Cleaning & Household", "sub_category_name": "Fresheners & Repellents", "product_name": "Pocket - Bathroom Air Fragrances", "product_brand": "Aer", "combo": []}, {"category": "Cleaning & Household", "sub_category_name": "Fresheners & Repellents", "product_name": "Fly & Mosquito Killer Spray - Lime Scent", "product_brand": "Baygon", "combo": []}, {"category": "Cleaning & Household", "sub_category_name": "Fresheners & Repellents", "product_name": "Room Spray - Lavender Mist", "product_brand": "Odonil", "combo": [["153 g", "111.75"], ["108 g", "99.00"]]}, {"category": "Cleaning & Household", "sub_category_name": "Fresheners & Repellents", "product_name": "Room Spray - Sandal Bouquet", "product_brand": "Odonil", "combo": [["108 g", "99.00"], ["153 g", "111.75"]]}, {"category": "Cleaning & Household", "sub_category_name": "Fresheners & Repellents", "product_name": "Mosquito Repellent", "product_brand": "Maxo", "combo": []}, {"category": "Cleaning & Household", "sub_category_name": "Fresheners & Repellents", "product_name": "Gold Flash - Mosquito Repellent Combo Machine & Refill", "product_brand": "Good knight", "combo": []}, {"category": "Cleaning & Household", "sub_category_name": "Fresheners & Repellents", "product_name": "Toilet Air Freshener - Lavander", "product_brand": "Odonil", "combo": []}, {"category": "Cleaning & Household", "sub_category_name": "Fresheners & Repellents", "product_name": "Rat Kill Cake - Power Gard", "product_brand": "Mortein", "combo": []}, {"category": "Cleaning & Household", "sub_category_name": "Fresheners & Repellents", "product_name": "Sattva Refill", "product_brand": "All Out", "combo": []}, {"category": "Cleaning & Household", "sub_category_name": "Fresheners & Repellents", "product_name": "Naturals Non-Sticky Mosquito Repellent Cream", "product_brand": "Odomos", "combo": []}, {"category": "Cleaning & Household", "sub_category_name": "Fresheners & Repellents", "product_name": "Naturals Mosquito Repellent Spray", "product_brand": "Odomos", "combo": []}, {"category": "Cleaning & Household", "sub_category_name": "Fresheners & Repellents", "product_name": "Ultra - Power + Slider", "product_brand": "All Out", "combo": []}, {"category": "Cleaning & Household", "sub_category_name": "Fresheners & Repellents", "product_name": "Super 60 Night Refill", "product_brand": "All Out", "combo": []}, {"category": "Cleaning & Household", "sub_category_name": "Fresheners & Repellents", "product_name": "Anti Dengue Coil", "product_brand": "All Out", "combo": []}, {"category": "Cleaning & Household", "sub_category_name": "Fresheners & Repellents", "product_name": "Mosquito & Fly Killer Spray - Lime Fragrance", "product_brand": "HIT", "combo": [["400 ml", "177.94"], ["625 ml", "260.93"]]}, {"category": "Cleaning & Household", "sub_category_name": "Fresheners & Repellents", "product_name": "Zipper Soulful Jasmine", "product_brand": "Odonil", "combo": []}, {"category": "Cleaning & Household", "sub_category_name": "Fresheners & Repellents", "product_name": "All Night Mosquito & Fly Spray", "product_brand": "All Out", "combo": []}, {"category": "Cleaning & Household", "sub_category_name": "Fresheners & Repellents", "product_name": "Toilet Air Freshener - Jasmine", "product_brand": "Odonil", "combo": [["75 g", "70.00"], ["50 g", "47.00"]]}, {"category": "Cleaning & Household", "sub_category_name": "Fresheners & Repellents", "product_name": "Room Freshening Gelz - Citrus Spice", "product_brand": "Odonil", "combo": []}, {"category": "Cleaning & Household", "sub_category_name": "Fresheners & Repellents", "product_name": "Air Effect Air Freshener - Exotic Jasmin", "product_brand": "Ambi pur", "combo": []}, {"category": "Cleaning & Household", "sub_category_name": "Fresheners & Repellents", "product_name": "Matic - Automatic Air Freshener Refill, Cool Surf Blue", "product_brand": "Aer", "combo": []}, {"category": "Cleaning & Household", "sub_category_name": "Fresheners & Repellents", "product_name": "Room Spray - Citrus Fresh", "product_brand": "Odonil", "combo": []}, {"category": "Cleaning & Household", "sub_category_name": "Fresheners & Repellents", "product_name": "Bathroom Air Freshener - Zipper, Scintillating Rose", "product_brand": "Odonil", "combo": []}, {"category": "Cleaning & Household", "sub_category_name": "Fresheners & Repellents", "product_name": "Air Effect Air Freshener - Lavender Bouquet", "product_brand": "Ambi pur", "combo": []}, {"category": "Cleaning & Household", "sub_category_name": "Fresheners & Repellents", "product_name": "Cockroach Killer Spray", "product_brand": "Baygon", "combo": []}, {"category": "Cleaning & Household", "sub_category_name": "Fresheners & Repellents", "product_name": "Spray - Premium Air Freshener, Passion", "product_brand": "Aer", "combo": []}, {"category": "Cleaning & Household", "sub_category_name": "Fresheners & Repellents", "product_name": "Spray - Home & Office Air Freshener, Musk After Smoke", "product_brand": "Aer", "combo": []}, {"category": "Cleaning & Household", "sub_category_name": "Fresheners & Repellents", "product_name": "Mosquito Repellent - Fabric Roll-on", "product_brand": "Odomos", "combo": []}, {"category": "Cleaning & Household", "sub_category_name": "Fresheners & Repellents", "product_name": "One Touch Air Purifier Freshener - Floral Bouquet Refill", "product_brand": "Odonil", "combo": []}, {"category": "Cleaning & Household", "sub_category_name": "Fresheners & Repellents", "product_name": "Toilet Air Freshener - Orchid Dew", "product_brand": "Odonil", "combo": [["75 g", "70.00"], ["50 g", "47.00"]]}, {"category": "Cleaning & Household", "sub_category_name": "Fresheners & Repellents", "product_name": "Ultra Power+ Floral Fragrance", "product_brand": "All Out", "combo": []}, {"category": "Cleaning & Household", "sub_category_name": "Fresheners & Repellents", "product_name": "Fresh Lemon Air Freshener Gel", "product_brand": "Glade", "combo": []}, {"category": "Cleaning & Household", "sub_category_name": "Fresheners & Repellents", "product_name": "Ultra Power+ 33% Longer Protection Refill", "product_brand": "All Out", "combo": []}, {"category": "Cleaning & Household", "sub_category_name": "Fresheners & Repellents", "product_name": "Air Effect Air Freshener - Sweet Berries", "product_brand": "Ambi pur", "combo": []}, {"category": "Cleaning & Household", "sub_category_name": "Fresheners & Repellents", "product_name": "Fly & Mosquito Killer Spray", "product_brand": "Baygon", "combo": []}, {"category": "Cleaning & Household", "sub_category_name": "Fresheners & Repellents", "product_name": "Room Freshening Spray - Ocean Breeze", "product_brand": "Odonil", "combo": []}, {"category": "Cleaning & Household", "sub_category_name": "Fresheners & Repellents", "product_name": "Power Activ+ - Mosquito Repellent, 60 Nights Jumbo Refill", "product_brand": "Good knight", "combo": []}, {"category": "Cleaning & Household", "sub_category_name": "Fresheners & Repellents", "product_name": "One Touch Air Purifier Freshener - Natural Spring Refill", "product_brand": "Dabur", "combo": []}, {"category": "Cleaning & Household", "sub_category_name": "Fresheners & Repellents", "product_name": "Pre Mixed Cubes - Rat Killer", "product_brand": "HIT", "combo": []}, {"category": "Cleaning & Household", "sub_category_name": "Fresheners & Repellents", "product_name": "Smart - Liquid Vaporizer Machine", "product_brand": "Mortein", "combo": []}, {"category": "Cleaning & Household", "sub_category_name": "Fresheners & Repellents", "product_name": "100% Natural Mosquito Repellent Fabric Roll On - Citrus Fragrance", "product_brand": "Good knight", "combo": []}, {"category": "Cleaning & Household", "sub_category_name": "Fresheners & Repellents", "product_name": "lotion - Mosquito Repellent", "product_brand": "Odomos", "combo": [["120 ml", "76.50"], ["60 ml", "50.00"], ["2x60 ml", "100.00"]]}, {"category": "Cleaning & Household", "sub_category_name": "Fresheners & Repellents", "product_name": "Naphthalene Balls", "product_brand": "Winall", "combo": [["100 g", "40.00"], ["400 g", "154.00"]]}, {"category": "Cleaning & Household", "sub_category_name": "Fresheners & Repellents", "product_name": "Matic - Automatic Air Freshener Refill, Fresh Lush Green", "product_brand": "Aer", "combo": []}, {"category": "Cleaning & Household", "sub_category_name": "Fresheners & Repellents", "product_name": "Genius Mosquito Repellent - 80% Stronger With Calming Aroma", "product_brand": "Maxo", "combo": []}, {"category": "Cleaning & Household", "sub_category_name": "Fresheners & Repellents", "product_name": "Matic - Automatic Air Freshener Kit With Flexi Control, Petal Crush Pink", "product_brand": "Aer", "combo": []}, {"category": "Cleaning & Household", "sub_category_name": "Fresheners & Repellents", "product_name": "Matic - Automatic Air Freshener Kit With Flexi Control, Violet Valley Bloom", "product_brand": "Aer", "combo": []}, {"category": "Cleaning & Household", "sub_category_name": "Fresheners & Repellents", "product_name": "Room Freshening Gelz - Rose Dreams", "product_brand": "Odonil", "combo": []}, {"category": "Cleaning & Household", "sub_category_name": "Fresheners & Repellents", "product_name": "Mosquito Repellent Refill", "product_brand": "DND", "combo": []}, {"category": "Cleaning & Household", "sub_category_name": "Fresheners & Repellents", "product_name": "Spray - Home & Office Air Freshener, Petal Crush Pink", "product_brand": "Aer", "combo": []}, {"category": "Cleaning & Household", "sub_category_name": "Fresheners & Repellents", "product_name": "Air Freshener Spray - Citrus Power, Odour Eliminating, Fresh Boost", "product_brand": "Ambi pur", "combo": []}, {"category": "Cleaning & Household", "sub_category_name": "Fresheners & Repellents", "product_name": "Sanicubes", "product_brand": "Winall", "combo": []}, {"category": "Cleaning & Household", "sub_category_name": "Fresheners & Repellents", "product_name": "Air Effects Air Freshener - Sandalwood", "product_brand": "Ambi pur", "combo": []}, {"category": "Cleaning & Household", "sub_category_name": "Fresheners & Repellents", "product_name": "Room Spray - Jasmine Fresh", "product_brand": "Odonil", "combo": [["108 g", "99.00"], ["153 g", "111.75"]]}, {"category": "Cleaning & Household", "sub_category_name": "Fresheners & Repellents", "product_name": "Room Freshener - Rajnigandha", "product_brand": "Premium", "combo": []}, {"category": "Cleaning & Household", "sub_category_name": "Fresheners & Repellents", "product_name": "Room Spray - Rose Garden", "product_brand": "Odonil", "combo": [["108 g", "99.00"], ["153 g", "111.75"]]}, {"category": "Cleaning & Household", "sub_category_name": "Fresheners & Repellents", "product_name": "Floral Perfection Air Freshener Gel", "product_brand": "Glade", "combo": []}, {"category": "Cleaning & Household", "sub_category_name": "Fresheners & Repellents", "product_name": "One Touch Air Purifier Freshener - Floral Bouquet Combo", "product_brand": "Odonil", "combo": []}, {"category": "Cleaning & Household", "sub_category_name": "Fresheners & Repellents", "product_name": "Cream - Non-Sticky Mosquito Repellent (With Vitamin E & Almond)", "product_brand": "Odomos", "combo": []}, {"category": "Cleaning & Household", "sub_category_name": "Fresheners & Repellents", "product_name": "Room Freshening Gelz - Passion Fruit", "product_brand": "Odonil", "combo": []}, {"category": "Cleaning & Household", "sub_category_name": "Fresheners & Repellents", "product_name": "Touch 'N' Fresh - Lemon", "product_brand": "Glade", "combo": []}, {"category": "Cleaning & Household", "sub_category_name": "Fresheners & Repellents", "product_name": "Touch 'N' Fresh - Floral Perfection", "product_brand": "Glade", "combo": []}, {"category": "Cleaning & Household", "sub_category_name": "Fresheners & Repellents", "product_name": "Mosquito Repellent Cool Gel With Natural Aloe Vera", "product_brand": "Good knight", "combo": []}, {"category": "Cleaning & Household", "sub_category_name": "Fresheners & Repellents", "product_name": "Air Freshener Spray - Floral Perfection", "product_brand": "Glade", "combo": []}, {"category": "Cleaning & Household", "sub_category_name": "Fresheners & Repellents", "product_name": "Mystic Rose - Toilet Air Freshener", "product_brand": "Odonil", "combo": []}, {"category": "Cleaning & Household", "sub_category_name": "Fresheners & Repellents", "product_name": "Room Freshener - Lemon", "product_brand": "Premium", "combo": []}, {"category": "Cleaning & Household", "sub_category_name": "Fresheners & Repellents", "product_name": "Anti Mosquito Fabric Roll On", "product_brand": "Mamaearth", "combo": [["8 ml", "99.00"], ["2x8 ml", "198.00"]]}, {"category": "Cleaning & Household", "sub_category_name": "Fresheners & Repellents", "product_name": "Gel - Naturals Mosquito Repellent", "product_brand": "Odomos", "combo": []}, {"category": "Cleaning & Household", "sub_category_name": "Fresheners & Repellents", "product_name": "Gold Flash - Mosquito Repellent Refill", "product_brand": "Good knight", "combo": []}, {"category": "Cleaning & Household", "sub_category_name": "Fresheners & Repellents", "product_name": "Mosquito Repellent - A Grade Combi, Globe Machine + Refill", "product_brand": "Maxo", "combo": []}, {"category": "Cleaning & Household", "sub_category_name": "Fresheners & Repellents", "product_name": "Insect Repellent - Natural For Babies, 1-5 years", "product_brand": "Mamaearth", "combo": [["2x100 ml", "598.00"], ["100 ml", "299.00"]]}, {"category": "Cleaning & Household", "sub_category_name": "Fresheners & Repellents", "product_name": "Air Freshener - Wild Lavender", "product_brand": "Glade", "combo": []}, {"category": "Cleaning & Household", "sub_category_name": "Fresheners & Repellents", "product_name": "Room Freshener - Rose", "product_brand": "Lia", "combo": []}, {"category": "Cleaning & Household", "sub_category_name": "Fresheners & Repellents", "product_name": "Room Freshener - Sandal", "product_brand": "Premium", "combo": []}, {"category": "Cleaning & Household", "sub_category_name": "Fresheners & Repellents", "product_name": "Nanosol Flying Insect Killer", "product_brand": "DND", "combo": []}, {"category": "Cleaning & Household", "sub_category_name": "Fresheners & Repellents", "product_name": "Jasmine Gel", "product_brand": "Glade", "combo": []}, {"category": "Cleaning & Household", "sub_category_name": "Fresheners & Repellents", "product_name": "Wild Lavender Gel", "product_brand": "Glade", "combo": []}, {"category": "Cleaning & Household", "sub_category_name": "Fresheners & Repellents", "product_name": "Room Freshener - Chandanam", "product_brand": "Lia", "combo": []}, {"category": "Cleaning & Household", "sub_category_name": "Fresheners & Repellents", "product_name": "Room Freshening Spray - Lavender Mist", "product_brand": "Odonil", "combo": []}, {"category": "Cleaning & Household", "sub_category_name": "Fresheners & Repellents", "product_name": "Room Freshening Spray - Jasmine Fresh", "product_brand": "Odonil", "combo": []}, {"category": "Cleaning & Household", "sub_category_name": "Fresheners & Repellents", "product_name": "Terminator - Wood Preservative Spray", "product_brand": "Pidilite", "combo": []}, {"category": "Cleaning & Household", "sub_category_name": "Fresheners & Repellents", "product_name": "Air Effect Air Freshener - Rose & Blossom", "product_brand": "Ambi pur", "combo": []}, {"category": "Cleaning & Household", "sub_category_name": "Fresheners & Repellents", "product_name": "Mosrelief - Herbal Mosquito Vapouriser", "product_brand": "Herbal Strategi", "combo": []}, {"category": "Cleaning & Household", "sub_category_name": "Fresheners & Repellents", "product_name": "Room Freshener - Lavender", "product_brand": "Lia", "combo": []}, {"category": "Cleaning & Household", "sub_category_name": "Fresheners & Repellents", "product_name": "Ultra Power+ FAN", "product_brand": "All Out", "combo": []}, {"category": "Cleaning & Household", "sub_category_name": "Fresheners & Repellents", "product_name": "2-in-1 Insect Killer Spray - Kill on Mosquitoes & Cockroaches", "product_brand": "Mortein", "combo": []}, {"category": "Cleaning & Household", "sub_category_name": "Fresheners & Repellents", "product_name": "Everfresh Gel - Lavender Meadows", "product_brand": "Air wick", "combo": [["4x50 g", "260.00"], ["50 g", "65.00"]]}, {"category": "Cleaning & Household", "sub_category_name": "Fresheners & Repellents", "product_name": "Natural Mosquito Body Roll on", "product_brand": "Mamaearth", "combo": [["2x40 ml", "198.00"], ["40 ml", "99.00"]]}, {"category": "Cleaning & Household", "sub_category_name": "Fresheners & Repellents", "product_name": "Ultra Power+ Fan", "product_brand": "All Out", "combo": []}, {"category": "Cleaning & Household", "sub_category_name": "Fresheners & Repellents", "product_name": "Air Freshener In Stand - Vanilla", "product_brand": "Franck", "combo": []}, {"category": "Cleaning & Household", "sub_category_name": "Fresheners & Repellents", "product_name": "Fly & Mosquito Killer Spray", "product_brand": "Baygon", "combo": []}, {"category": "Cleaning & Household", "sub_category_name": "Fresheners & Repellents", "product_name": "Room Freshener - Sea Shore", "product_brand": "Lia", "combo": []}, {"category": "Cleaning & Household", "sub_category_name": "Fresheners & Repellents", "product_name": "Artificial Flower Petals For Decoration Mix", "product_brand": "DP", "combo": []}, {"category": "Cleaning & Household", "sub_category_name": "Fresheners & Repellents", "product_name": "2-in-1 Insect Killer Spray - 250 ml | 100% Kill on Mosquitoes and Cockroaches", "product_brand": "Mortein", "combo": []}, {"category": "Cleaning & Household", "sub_category_name": "Fresheners & Repellents", "product_name": "Natural Mosquito Repellent Gel", "product_brand": "Mamaearth", "combo": [["50 ml", "99.00"], ["2x50 ml", "198.00"]]}, {"category": "Cleaning & Household", "sub_category_name": "Fresheners & Repellents", "product_name": "Air Freshener In Stand - Assorted Fragrance", "product_brand": "Franck", "combo": []}, {"category": "Cleaning & Household", "sub_category_name": "Fresheners & Repellents", "product_name": "Everfresh Gel - Morning Rose Dew", "product_brand": "Air wick", "combo": [["50 g", "58.50"], ["4x50 g", "234.00"]]}, {"category": "Cleaning & Household", "sub_category_name": "Fresheners & Repellents", "product_name": "100% Natural Mosquito Repellent Patches", "product_brand": "Good knight", "combo": []}, {"category": "Cleaning & Household", "sub_category_name": "Fresheners & Repellents", "product_name": "Room Freshener - Rose", "product_brand": "Premium", "combo": []}, {"category": "Cleaning & Household", "sub_category_name": "Fresheners & Repellents", "product_name": "Room Freshener - Lavender", "product_brand": "Premium", "combo": []}, {"category": "Cleaning & Household", "sub_category_name": "Fresheners & Repellents", "product_name": "Touch 'N' Fresh - Wild Lavender", "product_brand": "Glade", "combo": []}, {"category": "Cleaning & Household", "sub_category_name": "Fresheners & Repellents", "product_name": "Cockroach Killer Spray", "product_brand": "Baygon", "combo": []}, {"category": "Cleaning & Household", "sub_category_name": "Fresheners & Repellents", "product_name": "Air Freshener - Zipper, Alluring Daffodil", "product_brand": "Odonil", "combo": []}, {"category": "Cleaning & Household", "sub_category_name": "Fresheners & Repellents", "product_name": "Naturespray - Herbal Room Disinfectant & Freshener, Lemon", "product_brand": "Herbal Strategi", "combo": []}, {"category": "Cleaning & Household", "sub_category_name": "Fresheners & Repellents", "product_name": "Mostick - Herbal Mosquito Repellent Incense Sticks", "product_brand": "Herbal Strategi", "combo": []}, {"category": "Cleaning & Household", "sub_category_name": "Fresheners & Repellents", "product_name": "Matic - Automatic Air Freshener Refill Pack, Violet Valley Bloom", "product_brand": "Aer", "combo": []}, {"category": "Cleaning & Household", "sub_category_name": "Fresheners & Repellents", "product_name": "Matic - Automatic Air Freshener Kit With Flexi Control, Cool Surf Blue", "product_brand": "Aer", "combo": []}, {"category": "Cleaning & Household", "sub_category_name": "Fresheners & Repellents", "product_name": "Room Freshening Gelz - Jasmine & Jasmine", "product_brand": "Odonil", "combo": []}, {"category": "Cleaning & Household", "sub_category_name": "Fresheners & Repellents", "product_name": "Room Freshening Gelz - Lavender & Jasmine", "product_brand": "Odonil", "combo": []}, {"category": "Cleaning & Household", "sub_category_name": "Fresheners & Repellents", "product_name": "Premium Natural Anti Mosquito Patches", "product_brand": "Bodyguard", "combo": []}, {"category": "Cleaning & Household", "sub_category_name": "Fresheners & Repellents", "product_name": "Flash Refill", "product_brand": "DND", "combo": []}, {"category": "Cleaning & Household", "sub_category_name": "Fresheners & Repellents", "product_name": "Room Freshener - Sea Shore", "product_brand": "Lia", "combo": []}, {"category": "Cleaning & Household", "sub_category_name": "Fresheners & Repellents", "product_name": "Artificial Flower Petals For Decoration Mix", "product_brand": "DP", "combo": []}, {"category": "Cleaning & Household", "sub_category_name": "Fresheners & Repellents", "product_name": "2-in-1 Insect Killer Spray - 250 ml | 100% Kill on Mosquitoes and Cockroaches", "product_brand": "Mortein", "combo": []}, {"category": "Cleaning & Household", "sub_category_name": "Fresheners & Repellents", "product_name": "Natural Mosquito Repellent Gel", "product_brand": "Mamaearth", "combo": [["50 ml", "99.00"], ["2x50 ml", "198.00"]]}, {"category": "Cleaning & Household", "sub_category_name": "Fresheners & Repellents", "product_name": "Air Freshener In Stand - Assorted Fragrance", "product_brand": "Franck", "combo": []}, {"category": "Cleaning & Household", "sub_category_name": "Fresheners & Repellents", "product_name": "Everfresh Gel - Morning Rose Dew", "product_brand": "Air wick", "combo": [["50 g", "58.50"], ["4x50 g", "234.00"]]}, {"category": "Cleaning & Household", "sub_category_name": "Fresheners & Repellents", "product_name": "100% Natural Mosquito Repellent Patches", "product_brand": "Good knight", "combo": []}, {"category": "Cleaning & Household", "sub_category_name": "Fresheners & Repellents", "product_name": "Room Freshener - Rose", "product_brand": "Premium", "combo": []}, {"category": "Cleaning & Household", "sub_category_name": "Fresheners & Repellents", "product_name": "Room Freshener - Lavender", "product_brand": "Premium", "combo": []}, {"category": "Cleaning & Household", "sub_category_name": "Fresheners & Repellents", "product_name": "Touch 'N' Fresh - Wild Lavender", "product_brand": "Glade", "combo": []}, {"category": "Cleaning & Household", "sub_category_name": "Fresheners & Repellents", "product_name": "Cockroach Killer Spray", "product_brand": "Baygon", "combo": []}, {"category": "Cleaning & Household", "sub_category_name": "Fresheners & Repellents", "product_name": "Air Freshener - Zipper, Alluring Daffodil", "product_brand": "Odonil", "combo": []}, {"category": "Cleaning & Household", "sub_category_name": "Fresheners & Repellents", "product_name": "Naturespray - Herbal Room Disinfectant & Freshener, Lemon", "product_brand": "Herbal Strategi", "combo": []}, {"category": "Cleaning & Household", "sub_category_name": "Fresheners & Repellents", "product_name": "Mostick - Herbal Mosquito Repellent Incense Sticks", "product_brand": "Herbal Strategi", "combo": []}, {"category": "Cleaning & Household", "sub_category_name": "Fresheners & Repellents", "product_name": "Matic - Automatic Air Freshener Refill Pack, Violet Valley Bloom", "product_brand": "Aer", "combo": []}, {"category": "Cleaning & Household", "sub_category_name": "Fresheners & Repellents", "product_name": "Matic - Automatic Air Freshener Kit With Flexi Control, Cool Surf Blue", "product_brand": "Aer", "combo": []}, {"category": "Cleaning & Household", "sub_category_name": "Fresheners & Repellents", "product_name": "Room Freshening Gelz - Jasmine & Jasmine", "product_brand": "Odonil", "combo": []}, {"category": "Cleaning & Household", "sub_category_name": "Fresheners & Repellents", "product_name": "Room Freshening Gelz - Lavender & Jasmine", "product_brand": "Odonil", "combo": []}, {"category": "Cleaning & Household", "sub_category_name": "Fresheners & Repellents", "product_name": "Premium Natural Anti Mosquito Patches", "product_brand": "Bodyguard", "combo": []}, {"category": "Cleaning & Household", "sub_category_name": "Fresheners & Repellents", "product_name": "Flash Refill", "product_brand": "DND", "combo": []}, {"category": "Cleaning & Household", "sub_category_name": "Fresheners & Repellents", "product_name": "Room Freshener - Sea Shore", "product_brand": "Lia", "combo": []}, {"category": "Cleaning & Household", "sub_category_name": "Fresheners & Repellents", "product_name": "Artificial Flower Petals For Decoration Mix", "product_brand": "DP", "combo": []}, {"category": "Cleaning & Household", "sub_category_name": "Fresheners & Repellents", "product_name": "2-in-1 Insect Killer Spray - 250 ml | 100% Kill on Mosquitoes and Cockroaches", "product_brand": "Mortein", "combo": []}, {"category": "Cleaning & Household", "sub_category_name": "Fresheners & Repellents", "product_name": "Natural Mosquito Repellent Gel", "product_brand": "Mamaearth", "combo": [["50 ml", "99.00"], ["2x50 ml", "198.00"]]}, {"category": "Cleaning & Household", "sub_category_name": "Fresheners & Repellents", "product_name": "Air Freshener In Stand - Assorted Fragrance", "product_brand": "Franck", "combo": []}, {"category": "Cleaning & Household", "sub_category_name": "Fresheners & Repellents", "product_name": "Everfresh Gel - Morning Rose Dew", "product_brand": "Air wick", "combo": [["50 g", "58.50"], ["4x50 g", "234.00"]]}, {"category": "Cleaning & Household", "sub_category_name": "Fresheners & Repellents", "product_name": "100% Natural Mosquito Repellent Patches", "product_brand": "Good knight", "combo": []}, {"category": "Cleaning & Household", "sub_category_name": "Fresheners & Repellents", "product_name": "Room Freshener - Rose", "product_brand": "Premium", "combo": []}, {"category": "Cleaning & Household", "sub_category_name": "Fresheners & Repellents", "product_name": "Room Freshener - Lavender", "product_brand": "Premium", "combo": []}, {"category": "Cleaning & Household", "sub_category_name": "Fresheners & Repellents", "product_name": "Touch 'N' Fresh - Wild Lavender", "product_brand": "Glade", "combo": []}, {"category": "Cleaning & Household", "sub_category_name": "Fresheners & Repellents", "product_name": "Cockroach Killer Spray", "product_brand": "Baygon", "combo": []}, {"category": "Cleaning & Household", "sub_category_name": "Fresheners & Repellents", "product_name": "Air Freshener - Zipper, Alluring Daffodil", "product_brand": "Odonil", "combo": []}, {"category": "Cleaning & Household", "sub_category_name": "Fresheners & Repellents", "product_name": "Naturespray - Herbal Room Disinfectant & Freshener, Lemon", "product_brand": "Herbal Strategi", "combo": []}, {"category": "Cleaning & Household", "sub_category_name": "Fresheners & Repellents", "product_name": "Mostick - Herbal Mosquito Repellent Incense Sticks", "product_brand": "Herbal Strategi", "combo": []}, {"category": "Cleaning & Household", "sub_category_name": "Fresheners & Repellents", "product_name": "Matic - Automatic Air Freshener Refill Pack, Violet Valley Bloom", "product_brand": "Aer", "combo": []}, {"category": "Cleaning & Household", "sub_category_name": "Fresheners & Repellents", "product_name": "Matic - Automatic Air Freshener Kit With Flexi Control, Cool Surf Blue", "product_brand": "Aer", "combo": []}, {"category": "Cleaning & Household", "sub_category_name": "Fresheners & Repellents", "product_name": "Room Freshening Gelz - Jasmine & Jasmine", "product_brand": "Odonil", "combo": []}, {"category": "Cleaning & Household", "sub_category_name": "Fresheners & Repellents", "product_name": "Room Freshening Gelz - Lavender & Jasmine", "product_brand": "Odonil", "combo": []}, {"category": "Cleaning & Household", "sub_category_name": "Fresheners & Repellents", "product_name": "Premium Natural Anti Mosquito Patches", "product_brand": "Bodyguard", "combo": []}, {"category": "Cleaning & Household", "sub_category_name": "Fresheners & Repellents", "product_name": "Flash Refill", "product_brand": "DND", "combo": []}, {"category": "Cleaning & Household", "sub_category_name": "Fresheners & Repellents", "product_name": "Room Freshener - Sea Shore", "product_brand": "Lia", "combo": []}, {"category": "Cleaning & Household", "sub_category_name": "Fresheners & Repellents", "product_name": "Artificial Flower Petals For Decoration Mix", "product_brand": "DP", "combo": []}, {"category": "Cleaning & Household", "sub_category_name": "Fresheners & Repellents", "product_name": "2-in-1 Insect Killer Spray - 250 ml | 100% Kill on Mosquitoes and Cockroaches", "product_brand": "Mortein", "combo": []}, {"category": "Cleaning & Household", "sub_category_name": "Fresheners & Repellents", "product_name": "Natural Mosquito Repellent Gel", "product_brand": "Mamaearth", "combo": [["50 ml", "99.00"], ["2x50 ml", "198.00"]]}, {"category": "Cleaning & Household", "sub_category_name": "Fresheners & Repellents", "product_name": "Air Freshener In Stand - Assorted Fragrance", "product_brand": "Franck", "combo": []}, {"category": "Cleaning & Household", "sub_category_name": "Fresheners & Repellents", "product_name": "Everfresh Gel - Morning Rose Dew", "product_brand": "Air wick", "combo": [["50 g", "58.50"], ["4x50 g", "234.00"]]}, {"category": "Cleaning & Household", "sub_category_name": "Fresheners & Repellents", "product_name": "100% Natural Mosquito Repellent Patches", "product_brand": "Good knight", "combo": []}, {"category": "Cleaning & Household", "sub_category_name": "Fresheners & Repellents", "product_name": "Room Freshener - Rose", "product_brand": "Premium", "combo": []}, {"category": "Cleaning & Household", "sub_category_name": "Fresheners & Repellents", "product_name": "Room Freshener - Lavender", "product_brand": "Premium", "combo": []}, {"category": "Cleaning & Household", "sub_category_name": "Fresheners & Repellents", "product_name": "Touch 'N' Fresh - Wild Lavender", "product_brand": "Glade", "combo": []}, {"category": "Cleaning & Household", "sub_category_name": "Fresheners & Repellents", "product_name": "Cockroach Killer Spray", "product_brand": "Baygon", "combo": []}, {"category": "Cleaning & Household", "sub_category_name": "Fresheners & Repellents", "product_name": "Air Freshener - Zipper, Alluring Daffodil", "product_brand": "Odonil", "combo": []}, {"category": "Cleaning & Household", "sub_category_name": "Fresheners & Repellents", "product_name": "Naturespray - Herbal Room Disinfectant & Freshener, Lemon", "product_brand": "Herbal Strategi", "combo": []}, {"category": "Cleaning & Household", "sub_category_name": "Fresheners & Repellents", "product_name": "Mostick - Herbal Mosquito Repellent Incense Sticks", "product_brand": "Herbal Strategi", "combo": []}, {"category": "Cleaning & Household", "sub_category_name": "Fresheners & Repellents", "product_name": "Matic - Automatic Air Freshener Refill Pack, Violet Valley Bloom", "product_brand": "Aer", "combo": []}, {"category": "Cleaning & Household", "sub_category_name": "Fresheners & Repellents", "product_name": "Matic - Automatic Air Freshener Kit With Flexi Control, Cool Surf Blue", "product_brand": "Aer", "combo": []}, {"category": "Cleaning & Household", "sub_category_name": "Fresheners & Repellents", "product_name": "Room Freshening Gelz - Jasmine & Jasmine", "product_brand": "Odonil", "combo": []}, {"category": "Cleaning & Household", "sub_category_name": "Fresheners & Repellents", "product_name": "Room Freshening Gelz - Lavender & Jasmine", "product_brand": "Odonil", "combo": []}, {"category": "Cleaning & Household", "sub_category_name": "Fresheners & Repellents", "product_name": "Premium Natural Anti Mosquito Patches", "product_brand": "Bodyguard", "combo": []}, {"category": "Cleaning & Household", "sub_category_name": "Fresheners & Repellents", "product_name": "Flash Refill", "product_brand": "DND", "combo": []}, {"category": "Cleaning & Household", "sub_category_name": "Fresheners & Repellents", "product_name": "Room Freshener - Sea Shore", "product_brand": "Lia", "combo": []}, {"category": "Cleaning & Household", "sub_category_name": "Fresheners & Repellents", "product_name": "Artificial Flower Petals For Decoration Mix", "product_brand": "DP", "combo": []}, {"category": "Cleaning & Household", "sub_category_name": "Fresheners & Repellents", "product_name": "2-in-1 Insect Killer Spray - 250 ml | 100% Kill on Mosquitoes and Cockroaches", "product_brand": "Mortein", "combo": []}, {"category": "Cleaning & Household", "sub_category_name": "Fresheners & Repellents", "product_name": "Natural Mosquito Repellent Gel", "product_brand": "Mamaearth", "combo": [["50 ml", "99.00"], ["2x50 ml", "198.00"]]}, {"category": "Cleaning & Household", "sub_category_name": "Fresheners & Repellents", "product_name": "Air Freshener In Stand - Assorted Fragrance", "product_brand": "Franck", "combo": []}, {"category": "Cleaning & Household", "sub_category_name": "Fresheners & Repellents", "product_name": "Everfresh Gel - Morning Rose Dew", "product_brand": "Air wick", "combo": [["50 g", "58.50"], ["4x50 g", "234.00"]]}, {"category": "Cleaning & Household", "sub_category_name": "Fresheners & Repellents", "product_name": "100% Natural Mosquito Repellent Patches", "product_brand": "Good knight", "combo": []}, {"category": "Cleaning & Household", "sub_category_name": "Fresheners & Repellents", "product_name": "Room Freshener - Rose", "product_brand": "Premium", "combo": []}, {"category": "Cleaning & Household", "sub_category_name": "Fresheners & Repellents", "product_name": "Room Freshener - Lavender", "product_brand": "Premium", "combo": []}, {"category": "Cleaning & Household", "sub_category_name": "Fresheners & Repellents", "product_name": "Touch 'N' Fresh - Wild Lavender", "product_brand": "Glade", "combo": []}, {"category": "Cleaning & Household", "sub_category_name": "Fresheners & Repellents", "product_name": "Cockroach Killer Spray", "product_brand": "Baygon", "combo": []}, {"category": "Cleaning & Household", "sub_category_name": "Fresheners & Repellents", "product_name": "Air Freshener - Zipper, Alluring Daffodil", "product_brand": "Odonil", "combo": []}, {"category": "Cleaning & Household", "sub_category_name": "Fresheners & Repellents", "product_name": "Naturespray - Herbal Room Disinfectant & Freshener, Lemon", "product_brand": "Herbal Strategi", "combo": []}, {"category": "Cleaning & Household", "sub_category_name": "Fresheners & Repellents", "product_name": "Mostick - Herbal Mosquito Repellent Incense Sticks", "product_brand": "Herbal Strategi", "combo": []}, {"category": "Cleaning & Household", "sub_category_name": "Fresheners & Repellents", "product_name": "Matic - Automatic Air Freshener Refill Pack, Violet Valley Bloom", "product_brand": "Aer", "combo": []}, {"category": "Cleaning & Household", "sub_category_name": "Fresheners & Repellents", "product_name": "Matic - Automatic Air Freshener Kit With Flexi Control, Cool Surf Blue", "product_brand": "Aer", "combo": []}, {"category": "Cleaning & Household", "sub_category_name": "Fresheners & Repellents", "product_name": "Room Freshening Gelz - Jasmine & Jasmine", "product_brand": "Odonil", "combo": []}, {"category": "Cleaning & Household", "sub_category_name": "Fresheners & Repellents", "product_name": "Room Freshening Gelz - Lavender & Jasmine", "product_brand": "Odonil", "combo": []}, {"category": "Cleaning & Household", "sub_category_name": "Fresheners & Repellents", "product_name": "Premium Natural Anti Mosquito Patches", "product_brand": "Bodyguard", "combo": []}, {"category": "Cleaning & Household", "sub_category_name": "Fresheners & Repellents", "product_name": "Flash Refill", "product_brand": "DND", "combo": []}]