[{"category": "Snacks & Branded Foods", "sub_category_name": "Noodle, Pasta, Vermicelli", "product_name": "Hakka Noodles - Egg", "product_brand": "Leong", "combo": []}, {"category": "Snacks & Branded Foods", "sub_category_name": "Noodle, Pasta, Vermicelli", "product_name": "Fusilli, - 100% Sooji, No Maida", "product_brand": "Grabenord", "combo": []}, {"category": "Snacks & Branded Foods", "sub_category_name": "Noodle, Pasta, Vermicelli", "product_name": "Penne Rigate - 100% Sooji, No Maida", "product_brand": "Grabenord", "combo": []}, {"category": "Snacks & Branded Foods", "sub_category_name": "Noodle, Pasta, Vermicelli", "product_name": "Hakka Noodles - Veg", "product_brand": "Leong", "combo": []}, {"category": "Snacks & Branded Foods", "sub_category_name": "Noodle, Pasta, Vermicelli", "product_name": "Pasta Fusilli", "product_brand": "Weikfield", "combo": []}, {"category": "Snacks & Branded Foods", "sub_category_name": "Noodle, Pasta, Vermicelli", "product_name": "2-Minute Instant Noodles - Masala", "product_brand": "MAGGI", "combo": [["420 g", "57.95"], ["12x70 g", "144.00"], ["4x70 g", "48.00"], ["70 g", "12.00"], ["280 g", "40.64"], ["6x70 g", "72.00"], ["560 g", "69.35"]]}, {"category": "Snacks & Branded Foods", "sub_category_name": "Noodle, Pasta, Vermicelli", "product_name": "Noodles - Masala 280 gm + Ketchup Tomato 1 kg", "product_brand": "MAGGI", "combo": []}, {"category": "Snacks & Branded Foods", "sub_category_name": "Noodle, Pasta, Vermicelli", "product_name": "Veg Hakka Noodles", "product_brand": "Chings", "combo": [["150 g", "26.50"], ["5x150 g", "132.50"], ["2x150 g", "53.00"], ["3x150 g", "79.50"]]}, {"category": "Snacks & Branded Foods", "sub_category_name": "Noodle, Pasta, Vermicelli", "product_name": "Masala Noodles - Special", "product_brand": "MAGGI", "combo": [["70 g", "15.00"], ["6x70 g", "90.00"]]}, {"category": "Snacks & Branded Foods", "sub_category_name": "Noodle, Pasta, Vermicelli", "product_name": "Nutri-licious Masala Veg Atta Noodles - Pouch", "product_brand": "MAGGI", "combo": []}, {"category": "Snacks & Branded Foods", "sub_category_name": "Noodle, Pasta, Vermicelli", "product_name": "Vermicelli", "product_brand": "MTR", "combo": [["4x150 g", "64.00"], ["150 g", "16.00"], ["850 g", "59.00"], ["400 g", "40.23"]]}, {"category": "Snacks & Branded Foods", "sub_category_name": "Noodle, Pasta, Vermicelli", "product_name": "Maggi Sauce Hot & Sweet 500g + Nutri Licious Pazzta Cheese Macaroni 70g", "product_brand": "MAGGI", "combo": []}, {"category": "Snacks & Branded Foods", "sub_category_name": "Noodle, Pasta, Vermicelli", "product_name": "1-2-3 Noodles - Chicken Flavour", "product_brand": "Wai Wai", "combo": [["6x70 g", "64.80"], ["4x70 g", "43.20"], ["70 g", "10.80"]]}, {"category": "Snacks & Branded Foods", "sub_category_name": "Noodle, Pasta, Vermicelli", "product_name": "1-2-3 Noodles - Veg Masala Flavour", "product_brand": "Wai Wai", "combo": [["6x70 g", "64.80"], ["4x70 g", "43.20"], ["70 g", "10.80"]]}, {"category": "Snacks & Branded Foods", "sub_category_name": "Noodle, Pasta, Vermicelli", "product_name": "Yippee Magic Masala Noodles", "product_brand": "Sunfeast", "combo": [["2x240 g", "81.28"], ["3x60 g", "27.90"], ["6x60 g", "50.78"], ["4x60 g", "34.60"], ["10x60 g", "82.77"], ["60 g", "9.30"], ["240 g", "42.78"]]}, {"category": "Snacks & Branded Foods", "sub_category_name": "Noodle, Pasta, Vermicelli", "product_name": "Sauce - Dark Soy 200G+Green Chilly 190G+Red Chilli 200G+Hakka Noodles Veg 150Gx2", "product_brand": "Chings", "combo": []}, {"category": "Snacks & Branded Foods", "sub_category_name": "Noodle, Pasta, Vermicelli", "product_name": "Nutri-licious Masala Oats Noodles", "product_brand": "MAGGI", "combo": []}, {"category": "Snacks & Branded Foods", "sub_category_name": "Noodle, Pasta, Vermicelli", "product_name": "Nutri Licious Pazzta - Cheese Macaroni", "product_brand": "MAGGI", "combo": [["3x70 g", "66.00"], ["70 g", "22.00"], ["4x70 g", "88.00"]]}, {"category": "Snacks & Branded Foods", "sub_category_name": "Noodle, Pasta, Vermicelli", "product_name": "Cup Noodles Mazedaar Masala", "product_brand": "Nissin Food", "combo": [["70 g", "41.00"], ["6x70 g", "246.00"], ["2x70 g", "82.00"], ["3x70 g", "123.00"]]}, {"category": "Snacks & Branded Foods", "sub_category_name": "Noodle, Pasta, Vermicelli", "product_name": "2-Minute Special Masala Instant Noodles", "product_brand": "MAGGI", "combo": []}, {"category": "Snacks & Branded Foods", "sub_category_name": "Noodle, Pasta, Vermicelli", "product_name": "Cup Noodles - Spiced Chicken", "product_brand": "Nissin", "combo": [["3x70 g", "135.00"], ["2x70 g", "90.00"], ["6x70 g", "270.00"], ["70 g", "45.00"]]}, {"category": "Snacks & Branded Foods", "sub_category_name": "Noodle, Pasta, Vermicelli", "product_name": "Nutri-licious Atta Masala Noodles", "product_brand": "MAGGI", "combo": [["72.5 g", "22.00"], ["2x75 g", "44.00"]]}, {"category": "Snacks & Branded Foods", "sub_category_name": "Noodle, Pasta, Vermicelli", "product_name": "Masala 2 Minute Instant Noodles", "product_brand": "MAGGI", "combo": []}, {"category": "Snacks & Branded Foods", "sub_category_name": "Noodle, Pasta, Vermicelli", "product_name": "Nutri Licious Pazzta - Masala Penne", "product_brand": "MAGGI", "combo": [["65 g", "22.00"], ["4x65 g", "88.00"], ["3x65 g", "66.00"]]}, {"category": "Snacks & Branded Foods", "sub_category_name": "Noodle, Pasta, Vermicelli", "product_name": "Macaroni - Elbows", "product_brand": "Bambino", "combo": []}, {"category": "Snacks & Branded Foods", "sub_category_name": "Noodle, Pasta, Vermicelli", "product_name": "Nutrilicious Pazzta - Tomato Twist", "product_brand": "MAGGI", "combo": [["3x64 g", "66.00"], ["64 g", "22.00"], ["4x64 g", "88.00"]]}, {"category": "Snacks & Branded Foods", "sub_category_name": "Noodle, Pasta, Vermicelli", "product_name": "Cup Noodles - Mazedaar Masala 70g + Veggi Manchow 70g + Spiced Chicken 70g", "product_brand": "Nissin Food", "combo": []}, {"category": "Snacks & Branded Foods", "sub_category_name": "Noodle, Pasta, Vermicelli", "product_name": "Vermicelli - Roasted", "product_brand": "Bambino", "combo": []}, {"category": "Snacks & Branded Foods", "sub_category_name": "Noodle, Pasta, Vermicelli", "product_name": "Noodles - Italian Cheese & Herbs", "product_brand": "Knorr", "combo": [["3x68 g", "45.00"], ["68 g", "15.00"]]}, {"category": "Snacks & Branded Foods", "sub_category_name": "Noodle, Pasta, Vermicelli", "product_name": "Noodles - Chicken", "product_brand": "MAGGI", "combo": [["71 g", "15.00"], ["3x71 g", "45.00"], ["284 g", "58.00"]]}, {"category": "Snacks & Branded Foods", "sub_category_name": "Noodle, Pasta, Vermicelli", "product_name": "Vermicelli - Roasted", "product_brand": "MTR", "combo": [["165 g", "25.00"], ["850 g", "96.00"], ["3x165 g", "75.00"]]}, {"category": "Snacks & Branded Foods", "sub_category_name": "Noodle, Pasta, Vermicelli", "product_name": "Vermicelli - Rice Sevai", "product_brand": "MTR", "combo": [["165 g", "25.00"], ["400 g", "50.00"]]}, {"category": "Snacks & Branded Foods", "sub_category_name": "Noodle, Pasta, Vermicelli", "product_name": "Soupy Noodles - Mast Masala", "product_brand": "Knorr", "combo": []}, {"category": "Snacks & Branded Foods", "sub_category_name": "Noodle, Pasta, Vermicelli", "product_name": "Pazzta Instant Pasta, Mushroom Penne", "product_brand": "MAGGI", "combo": [["3x64 g", "75.00"], ["4x64 g", "100.00"], ["64 g", "25.00"]]}, {"category": "Snacks & Branded Foods", "sub_category_name": "Noodle, Pasta, Vermicelli", "product_name": "Pasta Elbow", "product_brand": "Weikfield", "combo": []}, {"category": "Snacks & Branded Foods", "sub_category_name": "Noodle, Pasta, Vermicelli", "product_name": "Pasta Treat - Cheese", "product_brand": "Sunfeast", "combo": [["2x65 g", "45.00"], ["65 g", "25.00"], ["5x70 g", "125.00"]]}, {"category": "Snacks & Branded Foods", "sub_category_name": "Noodle, Pasta, Vermicelli", "product_name": "Pasta Penne", "product_brand": "Weikfield", "combo": []}, {"category": "Snacks & Branded Foods", "sub_category_name": "Noodle, Pasta, Vermicelli", "product_name": "Instant Pasta - Cheese Creamy", "product_brand": "Weikfield", "combo": []}, {"category": "Snacks & Branded Foods", "sub_category_name": "Noodle, Pasta, Vermicelli", "product_name": "Instant Noodles - Manchurian", "product_brand": "Chings", "combo": [["240 g", "41.20"], ["60 g", "15.00"], ["3x60 g", "45.00"], ["8x60 g", "120.00"]]}, {"category": "Snacks & Branded Foods", "sub_category_name": "Noodle, Pasta, Vermicelli", "product_name": "Instant Noodles - Hot Garlic", "product_brand": "Chings", "combo": [["60 g", "15.00"], ["3x60 g", "45.00"], ["8x60 g", "120.00"], ["240 g", "41.20"]]}, {"category": "Snacks & Branded Foods", "sub_category_name": "Noodle, Pasta, Vermicelli", "product_name": "Cup Noodles - Veggi manchow", "product_brand": "Nissin", "combo": [["3x70 g", "135.00"], ["2x70 g", "90.00"], ["70 g", "45.00"]]}, {"category": "Snacks & Branded Foods", "sub_category_name": "Noodle, Pasta, Vermicelli", "product_name": "Yippee Tricolor Pasta - Creamy Corn", "product_brand": "Sunfeast", "combo": [["65 g", "23.75"], ["3x70 g", "71.25"], ["2x70 g", "42.75"]]}, {"category": "Snacks & Branded Foods", "sub_category_name": "Noodle, Pasta, Vermicelli", "product_name": "Vermicelli", "product_brand": "Bambino", "combo": [["850 g", "69.00"], ["400 g", "37.20"]]}, {"category": "Snacks & Branded Foods", "sub_category_name": "Noodle, Pasta, Vermicelli", "product_name": "Noodles - Masala", "product_brand": "Top Ramen", "combo": [["280 g", "40.00"], ["70 g", "10.54"], ["420 g", "45.50"], ["560 g", "85.00"]]}, {"category": "Snacks & Branded Foods", "sub_category_name": "Noodle, Pasta, Vermicelli", "product_name": "X-press Instant Noodles - Super Saver Pack", "product_brand": "Wai Wai", "combo": []}, {"category": "Snacks & Branded Foods", "sub_category_name": "Noodle, Pasta, Vermicelli", "product_name": "Vermicelli", "product_brand": "Bambino", "combo": []}, {"category": "Snacks & Branded Foods", "sub_category_name": "Noodle, Pasta, Vermicelli", "product_name": "Instant Noodles - Schezwan", "product_brand": "Chings", "combo": [["60 g", "15.00"], ["3x60 g", "45.00"], ["8x60 g", "120.00"], ["240 g", "41.20"]]}, {"category": "Snacks & Branded Foods", "sub_category_name": "Noodle, Pasta, Vermicelli", "product_name": "Instant Pasta - Tomato Salsa", "product_brand": "Weikfield", "combo": []}, {"category": "Snacks & Branded Foods", "sub_category_name": "Noodle, Pasta, Vermicelli", "product_name": "Pasta - Spaghetti", "product_brand": "Bambino", "combo": []}, {"category": "Snacks & Branded Foods", "sub_category_name": "Noodle, Pasta, Vermicelli", "product_name": "Sunfeast Yippee Tricolor Pasta - Masala, 2x65 g", "product_brand": "Sunfeast", "combo": [["65 g", "23.75"], ["2x65 g", "42.75"], ["2x70 g", "47.50"], ["3x70 g", "71.25"]]}, {"category": "Snacks & Branded Foods", "sub_category_name": "Noodle, Pasta, Vermicelli", "product_name": "Noodles - Italian Cheese & Herbs", "product_brand": "Knorr", "combo": []}, {"category": "Snacks & Branded Foods", "sub_category_name": "Noodle, Pasta, Vermicelli", "product_name": "1-2-3 Quick Noodles - Chicken Curry", "product_brand": "Wai Wai", "combo": [["70 g", "10.00"], ["6x70 g", "60.00"]]}, {"category": "Snacks & Branded Foods", "sub_category_name": "Noodle, Pasta, Vermicelli", "product_name": "Cup Noodles - Rogan Josh", "product_brand": "Nissin", "combo": []}, {"category": "Snacks & Branded Foods", "sub_category_name": "Noodle, Pasta, Vermicelli", "product_name": "Nutri-licious Masala Oats Noodles", "product_brand": "MAGGI", "combo": []}, {"category": "Snacks & Branded Foods", "sub_category_name": "Noodle, Pasta, Vermicelli", "product_name": "Yippee Pasta Treat -tomato-cheese", "product_brand": "Sunfeast", "combo": [["5x70 g", "96.75"], ["65 g", "19.35"], ["2x70 g", "38.70"]]}, {"category": "Snacks & Branded Foods", "sub_category_name": "Noodle, Pasta, Vermicelli", "product_name": "Hakka Noodles - Egg With Taste Maker", "product_brand": "Leong", "combo": []}, {"category": "Snacks & Branded Foods", "sub_category_name": "Noodle, Pasta, Vermicelli", "product_name": "Pasta - Penne", "product_brand": "Blue Bird", "combo": []}, {"category": "Snacks & Branded Foods", "sub_category_name": "Noodle, Pasta, Vermicelli", "product_name": "Pasta - Penne", "product_brand": "Bambino", "combo": []}, {"category": "Snacks & Branded Foods", "sub_category_name": "Noodle, Pasta, Vermicelli", "product_name": "X-Press Instant Noodles - Jain", "product_brand": "Wai Wai", "combo": [["70 g", "10.00"], ["6x70 g", "60.00"]]}, {"category": "Snacks & Branded Foods", "sub_category_name": "Noodle, Pasta, Vermicelli", "product_name": "Vermicelli - Wheat Rava", "product_brand": "Harshaman", "combo": [["200 g", "70.00"], ["500 g", "150.00"]]}, {"category": "Snacks & Branded Foods", "sub_category_name": "Noodle, Pasta, Vermicelli", "product_name": "Cup Noodles - Seafood", "product_brand": "Nissin", "combo": []}, {"category": "Snacks & Branded Foods", "sub_category_name": "Noodle, Pasta, Vermicelli", "product_name": "Yippee Noodles - Magic Masala", "product_brand": "Sunfeast", "combo": []}, {"category": "Snacks & Branded Foods", "sub_category_name": "Noodle, Pasta, Vermicelli", "product_name": "Pasta - Spaghetti", "product_brand": "Blue Bird", "combo": [["500 g", "115.00"], ["200 g", "50.00"]]}, {"category": "Snacks & Branded Foods", "sub_category_name": "Noodle, Pasta, Vermicelli", "product_name": "Pasta - Spaghetti", "product_brand": "Weikfield", "combo": []}, {"category": "Snacks & Branded Foods", "sub_category_name": "Noodle, Pasta, Vermicelli", "product_name": "Vermicelli- Sevai", "product_brand": "Blue Bird", "combo": []}, {"category": "Snacks & Branded Foods", "sub_category_name": "Noodle, Pasta, Vermicelli", "product_name": "Macaroni - Elbow", "product_brand": "Blue Bird", "combo": []}, {"category": "Snacks & Branded Foods", "sub_category_name": "Noodle, Pasta, Vermicelli", "product_name": "Gravy Mix - Chinese Chilli, Serves 4", "product_brand": "Knorr", "combo": []}, {"category": "Snacks & Branded Foods", "sub_category_name": "Noodle, Pasta, Vermicelli", "product_name": "Yippee Pasta Treat-masala", "product_brand": "Sunfeast", "combo": [["5x65 g", "125.00"], ["65 g", "25.00"]]}, {"category": "Snacks & Branded Foods", "sub_category_name": "Noodle, Pasta, Vermicelli", "product_name": "Noodles - Black Pepper Chinese Flat", "product_brand": "Leong", "combo": []}, {"category": "Snacks & Branded Foods", "sub_category_name": "Noodle, Pasta, Vermicelli", "product_name": "Spirali Pasta", "product_brand": "Bambino", "combo": []}, {"category": "Snacks & Branded Foods", "sub_category_name": "Noodle, Pasta, Vermicelli", "product_name": "Hakka Noodles - Egg", "product_brand": "Leong", "combo": [["1 kg", "120.00"], ["200 g", "28.00"]]}, {"category": "Snacks & Branded Foods", "sub_category_name": "Noodle, Pasta, Vermicelli", "product_name": "Pasta - Penne", "product_brand": "Blue Bird", "combo": []}, {"category": "Snacks & Branded Foods", "sub_category_name": "Noodle, Pasta, Vermicelli", "product_name": "Super noodles - Masala", "product_brand": "Top Ramen", "combo": [["140 g", "19.80"], ["280 g", "43.00"], ["35 g", "5.00"]]}, {"category": "Snacks & Branded Foods", "sub_category_name": "Noodle, Pasta, Vermicelli", "product_name": "Mast Masala Soupy Noodles", "product_brand": "Knorr", "combo": [["75 g", "15.00"], ["3x75 g", "45.00"]]}, {"category": "Snacks & Branded Foods", "sub_category_name": "Noodle, Pasta, Vermicelli", "product_name": "X-Press Instant Noodles - Masala Delight", "product_brand": "Wai Wai", "combo": [["70 g", "10.00"], ["6x70 g", "60.00"]]}, {"category": "Snacks & Branded Foods", "sub_category_name": "Noodle, Pasta, Vermicelli", "product_name": "Cup Noodles - Italiano", "product_brand": "Nissin Food", "combo": [["70 g", "43.11"], ["2x70 g", "86.22"], ["3x70 g", "129.33"]]}, {"category": "Snacks & Branded Foods", "sub_category_name": "Noodle, Pasta, Vermicelli", "product_name": "Whole Wheat Pasta - Spaghetti", "product_brand": "Del Monte", "combo": []}, {"category": "Snacks & Branded Foods", "sub_category_name": "Noodle, Pasta, Vermicelli", "product_name": "Pasta - Elbow Macaroni", "product_brand": "Blue Bird", "combo": []}, {"category": "Snacks & Branded Foods", "sub_category_name": "Noodle, Pasta, Vermicelli", "product_name": "Macaroni", "product_brand": "Blue Bird", "combo": [["200 g", "50.00"], ["500 g", "115.00"]]}, {"category": "Snacks & Branded Foods", "sub_category_name": "Noodle, Pasta, Vermicelli", "product_name": "Instant Noodles - Singapore Curry", "product_brand": "Chings", "combo": [["3x60 g", "45.00"], ["8x60 g", "120.00"], ["60 g", "15.00"]]}, {"category": "Snacks & Branded Foods", "sub_category_name": "Noodle, Pasta, Vermicelli", "product_name": "Macaroni - Elbow", "product_brand": "MTR", "combo": [["400 g", "55.00"], ["850 g", "80.00"]]}, {"category": "Snacks & Branded Foods", "sub_category_name": "Noodle, Pasta, Vermicelli", "product_name": "Noodles - Chinese Hakka Egg", "product_brand": "Wai Wai", "combo": []}, {"category": "Snacks & Branded Foods", "sub_category_name": "Noodle, Pasta, Vermicelli", "product_name": "Hakka Noodles - Veg", "product_brand": "Leong", "combo": [["1 kg", "120.00"], ["200 g", "28.00"]]}, {"category": "Snacks & Branded Foods", "sub_category_name": "Noodle, Pasta, Vermicelli", "product_name": "Hakka Noodles - Veg With Taste Maker", "product_brand": "Leong", "combo": []}, {"category": "Snacks & Branded Foods", "sub_category_name": "Noodle, Pasta, Vermicelli", "product_name": "Noodles - Fiery Chilli", "product_brand": "Top Ramen", "combo": [["280 g", "60.00"], ["70 g", "10.00"]]}, {"category": "Snacks & Branded Foods", "sub_category_name": "Noodle, Pasta, Vermicelli", "product_name": "Hakka Noodles - Egg", "product_brand": "Chings", "combo": [["3x150 g", "96.00"], ["150 g", "32.00"]]}, {"category": "Snacks & Branded Foods", "sub_category_name": "Noodle, Pasta, Vermicelli", "product_name": "Noodles - Egg Chinese Flat", "product_brand": "Leong", "combo": []}, {"category": "Snacks & Branded Foods", "sub_category_name": "Noodle, Pasta, Vermicelli", "product_name": "Pasta - Fusilli", "product_brand": "Blue Bird", "combo": [["500 g", "115.00"], ["200 g", "50.00"]]}, {"category": "Snacks & Branded Foods", "sub_category_name": "Noodle, Pasta, Vermicelli", "product_name": "Instant Pastta - with Cheese", "product_brand": "Bambino", "combo": []}, {"category": "Snacks & Branded Foods", "sub_category_name": "Noodle, Pasta, Vermicelli", "product_name": "Instant Pastta - with Masala", "product_brand": "Bambino", "combo": []}, {"category": "Snacks & Branded Foods", "sub_category_name": "Noodle, Pasta, Vermicelli", "product_name": "Hakka Noodles - Whole Wheat", "product_brand": "Leong", "combo": []}, {"category": "Snacks & Branded Foods", "sub_category_name": "Noodle, Pasta, Vermicelli", "product_name": "pasta shell", "product_brand": "Weikfield", "combo": []}, {"category": "Snacks & Branded Foods", "sub_category_name": "Noodle, Pasta, Vermicelli", "product_name": "Atta Noodles - Masala", "product_brand": "Top Ramen", "combo": []}, {"category": "Snacks & Branded Foods", "sub_category_name": "Noodle, Pasta, Vermicelli", "product_name": "Noodles - Chinese Hakka Veg", "product_brand": "Wai Wai", "combo": []}, {"category": "Snacks & Branded Foods", "sub_category_name": "Noodle, Pasta, Vermicelli", "product_name": "Power Up Atta Noodles", "product_brand": "Sunfeast YiPPee!", "combo": [["70 g", "20.00"], ["3x70 g", "54.00"], ["280 g", "70.20"]]}, {"category": "Snacks & Branded Foods", "sub_category_name": "Noodle, Pasta, Vermicelli", "product_name": "Noodles - Curry Veg", "product_brand": "Top Ramen", "combo": [["70 g", "18.00"], ["280 g", "74.40"], ["70 g", "20.00"]]}, {"category": "Snacks & Branded Foods", "sub_category_name": "Noodle, Pasta, Vermicelli", "product_name": "Chutney - Schezwan", "product_brand": "Chings", "combo": [["5x40 g", "50.00"], ["40 g", "10.00"]]}, {"category": "Snacks & Branded Foods", "sub_category_name": "Noodle, Pasta, Vermicelli", "product_name": "Cuppa Noodles - Chilli Chow", "product_brand": "MAGGI", "combo": []}, {"category": "Snacks & Branded Foods", "sub_category_name": "Noodle, Pasta, Vermicelli", "product_name": "X-press Instant Noodles - Family Pack", "product_brand": "Wai Wai", "combo": []}, {"category": "Snacks & Branded Foods", "sub_category_name": "Noodle, Pasta, Vermicelli", "product_name": "Cuppa Noodles - Masala", "product_brand": "MAGGI", "combo": []}, {"category": "Snacks & Branded Foods", "sub_category_name": "Noodle, Pasta, Vermicelli", "product_name": "Noodles Magic Masala", "product_brand": "Sunfeast YiPPee!", "combo": []}, {"category": "Snacks & Branded Foods", "sub_category_name": "Noodle, Pasta, Vermicelli", "product_name": "Instant Noodles - Manchurian 240 g Pouch + Instant Soup - Manchow 15 g Pouch", "product_brand": "Chings", "combo": []}, {"category": "Snacks & Branded Foods", "sub_category_name": "Noodle, Pasta, Vermicelli", "product_name": "Instant Noodles - Schezwan 240 g Pouch + Instant Soup - Tomato 15 g Pouch", "product_brand": "Chings", "combo": []}, {"category": "Snacks & Branded Foods", "sub_category_name": "Noodle, Pasta, Vermicelli", "product_name": "Yippee Noodles - Mood Masala", "product_brand": "Sunfeast", "combo": [["65 g", "11.61"], ["3x65 g", "31.35"]]}, {"category": "Snacks & Branded Foods", "sub_category_name": "Noodle, Pasta, Vermicelli", "product_name": "Instant Noodles - Hot Garlic 240 g Pouch + Instant Soup - Hot & Sour 15 g", "product_brand": "Chings", "combo": []}, {"category": "Snacks & Branded Foods", "sub_category_name": "Noodle, Pasta, Vermicelli", "product_name": "Veg Hakka Noodles 150 g Pouch + Hakka Noodles - Chowmein, Miracle Masala 20 g", "product_brand": "Chings", "combo": []}, {"category": "Snacks & Branded Foods", "sub_category_name": "Noodle, Pasta, Vermicelli", "product_name": "Veg Hakka Noodles 150 g Pouch + Chutney - Schezwan 250 g Jar", "product_brand": "Chings", "combo": []}, {"category": "Snacks & Branded Foods", "sub_category_name": "Noodle, Pasta, Vermicelli", "product_name": "Noodles - Plain Chinese Flat", "product_brand": "Leong", "combo": []}, {"category": "Snacks & Branded Foods", "sub_category_name": "Noodle, Pasta, Vermicelli", "product_name": "Yippee Pasta Treat - Sour Cream Onion", "product_brand": "Sunfeast", "combo": []}, {"category": "Snacks & Branded Foods", "sub_category_name": "Noodle, Pasta, Vermicelli", "product_name": "Pasta - Farfalle", "product_brand": "Agnesi", "combo": []}, {"category": "Snacks & Branded Foods", "sub_category_name": "Noodle, Pasta, Vermicelli", "product_name": "Rice Stick - 5 mm", "product_brand": "Real Thai", "combo": []}, {"category": "Snacks & Branded Foods", "sub_category_name": "Noodle, Pasta, Vermicelli", "product_name": "Durum Wheat Pasta - Kids, Boy", "product_brand": "Happy Chef", "combo": []}, {"category": "Snacks & Branded Foods", "sub_category_name": "Noodle, Pasta, Vermicelli", "product_name": "Pasta - Fusilli Whole Wheat", "product_brand": "Happy Chef", "combo": []}, {"category": "Snacks & Branded Foods", "sub_category_name": "Noodle, Pasta, Vermicelli", "product_name": "Penne Rigate Pasta", "product_brand": "Habit", "combo": []}, {"category": "Snacks & Branded Foods", "sub_category_name": "Noodle, Pasta, Vermicelli", "product_name": "Fusilli Pasta", "product_brand": "Habit", "combo": []}, {"category": "Snacks & Branded Foods", "sub_category_name": "Noodle, Pasta, Vermicelli", "product_name": "Durum Wheat Pasta - Rigatoni", "product_brand": "Barilla", "combo": []}, {"category": "Snacks & Branded Foods", "sub_category_name": "Noodle, Pasta, Vermicelli", "product_name": "Instant Noodles - Seafood", "product_brand": "Koka", "combo": [["2x70 g", "210.00"], ["70 g", "105.00"]]}, {"category": "Snacks & Branded Foods", "sub_category_name": "Noodle, Pasta, Vermicelli", "product_name": "Instant Noodles - Curry Flavour", "product_brand": "Koka", "combo": [["70 g", "105.00"], ["2x70 g", "210.00"]]}, {"category": "Snacks & Branded Foods", "sub_category_name": "Noodle, Pasta, Vermicelli", "product_name": "Instant Noodles - Spicy Shrimp Flavour", "product_brand": "Koka", "combo": [["2x70 g", "210.00"], ["70 g", "105.00"]]}, {"category": "Snacks & Branded Foods", "sub_category_name": "Noodle, Pasta, Vermicelli", "product_name": "Instant Noodles - Soy & Vinegar", "product_brand": "Koka", "combo": [["60 g", "63.75"], ["2x60 g", "127.50"]]}, {"category": "Snacks & Branded Foods", "sub_category_name": "Noodle, Pasta, Vermicelli", "product_name": "Pasta - Elbows", "product_brand": "San Remo", "combo": [["2x500 g", "370.00"], ["500 g", "185.00"]]}, {"category": "Snacks & Branded Foods", "sub_category_name": "Noodle, Pasta, Vermicelli", "product_name": "Pasta - 18 Penne", "product_brand": "San Remo", "combo": [["500 g", "185.00"], ["2x500 g", "370.00"]]}, {"category": "Snacks & Branded Foods", "sub_category_name": "Noodle, Pasta, Vermicelli", "product_name": "Bowl Noodles - Seafood", "product_brand": "Koka", "combo": [["4x90 g", "500.00"], ["90 g", "125.00"], ["2x90 g", "250.00"]]}, {"category": "Snacks & Branded Foods", "sub_category_name": "Noodle, Pasta, Vermicelli", "product_name": "Instant Noodles - Tomato Flavour", "product_brand": "Koka", "combo": [["70 g", "89.25"], ["2x70 g", "178.50"]]}, {"category": "Snacks & Branded Foods", "sub_category_name": "Noodle, Pasta, Vermicelli", "product_name": "Durum Wheat Pasta - Mini Penne Rigate", "product_brand": "BORGES", "combo": []}, {"category": "Snacks & Branded Foods", "sub_category_name": "Noodle, Pasta, Vermicelli", "product_name": "Farfalle Pasta", "product_brand": "Colavita", "combo": []}, {"category": "Snacks & Branded Foods", "sub_category_name": "Noodle, Pasta, Vermicelli", "product_name": "Bowl Noodles - Chicken Original", "product_brand": "Koka", "combo": [["90 g", "125.00"], ["2x90 g", "250.00"], ["4x90 g", "500.00"]]}, {"category": "Snacks & Branded Foods", "sub_category_name": "Noodle, Pasta, Vermicelli", "product_name": "Fusilli - Tricolore", "product_brand": "Spigadoro", "combo": []}, {"category": "Snacks & Branded Foods", "sub_category_name": "Noodle, Pasta, Vermicelli", "product_name": "Fusilli", "product_brand": "Spigadoro", "combo": []}, {"category": "Snacks & Branded Foods", "sub_category_name": "Noodle, Pasta, Vermicelli", "product_name": "Pasta Organic - Fusilli", "product_brand": "Colavita", "combo": []}, {"category": "Snacks & Branded Foods", "sub_category_name": "Noodle, Pasta, Vermicelli", "product_name": "Noodles - Tomato & Carrot", "product_brand": "Bali Kitchen", "combo": []}, {"category": "Snacks & Branded Foods", "sub_category_name": "Noodle, Pasta, Vermicelli", "product_name": "Pasta - Elbow", "product_brand": "Food Craft", "combo": []}, {"category": "Snacks & Branded Foods", "sub_category_name": "Noodle, Pasta, Vermicelli", "product_name": "Penne", "product_brand": "Food Craft", "combo": []}, {"category": "Snacks & Branded Foods", "sub_category_name": "Noodle, Pasta, Vermicelli", "product_name": "Penne", "product_brand": "Food Craft", "combo": []}, {"category": "Snacks & Branded Foods", "sub_category_name": "Noodle, Pasta, Vermicelli", "product_name": "Capellini", "product_brand": "Spigadoro", "combo": []}, {"category": "Snacks & Branded Foods", "sub_category_name": "Noodle, Pasta, Vermicelli", "product_name": "Chifferi Rigati", "product_brand": "Spigadoro", "combo": []}, {"category": "Snacks & Branded Foods", "sub_category_name": "Noodle, Pasta, Vermicelli", "product_name": "Conchiglie Rigate", "product_brand": "Spigadoro", "combo": []}, {"category": "Snacks & Branded Foods", "sub_category_name": "Noodle, Pasta, Vermicelli", "product_name": "Farfalle", "product_brand": "Spigadoro", "combo": []}, {"category": "Snacks & Branded Foods", "sub_category_name": "Noodle, Pasta, Vermicelli", "product_name": "Noodles - Rice", "product_brand": "Koka", "combo": []}, {"category": "Snacks & Branded Foods", "sub_category_name": "Noodle, Pasta, Vermicelli", "product_name": "Bowl Noodles - Laksa Singapura", "product_brand": "Koka", "combo": []}, {"category": "Snacks & Branded Foods", "sub_category_name": "Noodle, Pasta, Vermicelli", "product_name": "Pasta - Elbows", "product_brand": "San Remo", "combo": [["2x500 g", "370.00"], ["500 g", "185.00"]]}, {"category": "Snacks & Branded Foods", "sub_category_name": "Noodle, Pasta, Vermicelli", "product_name": "Pasta - 18 Penne", "product_brand": "San Remo", "combo": [["500 g", "185.00"], ["2x500 g", "370.00"]]}, {"category": "Snacks & Branded Foods", "sub_category_name": "Noodle, Pasta, Vermicelli", "product_name": "Bowl Noodles - Seafood", "product_brand": "Koka", "combo": [["4x90 g", "500.00"], ["90 g", "125.00"], ["2x90 g", "250.00"]]}, {"category": "Snacks & Branded Foods", "sub_category_name": "Noodle, Pasta, Vermicelli", "product_name": "Instant Noodles - Tomato Flavour", "product_brand": "Koka", "combo": [["70 g", "89.25"], ["2x70 g", "178.50"]]}, {"category": "Snacks & Branded Foods", "sub_category_name": "Noodle, Pasta, Vermicelli", "product_name": "Durum Wheat Pasta - Mini Penne Rigate", "product_brand": "BORGES", "combo": []}, {"category": "Snacks & Branded Foods", "sub_category_name": "Noodle, Pasta, Vermicelli", "product_name": "Farfalle Pasta", "product_brand": "Colavita", "combo": []}, {"category": "Snacks & Branded Foods", "sub_category_name": "Noodle, Pasta, Vermicelli", "product_name": "Bowl Noodles - Chicken Original", "product_brand": "Koka", "combo": [["90 g", "125.00"], ["2x90 g", "250.00"], ["4x90 g", "500.00"]]}, {"category": "Snacks & Branded Foods", "sub_category_name": "Noodle, Pasta, Vermicelli", "product_name": "Fusilli - Tricolore", "product_brand": "Spigadoro", "combo": []}, {"category": "Snacks & Branded Foods", "sub_category_name": "Noodle, Pasta, Vermicelli", "product_name": "Fusilli", "product_brand": "Spigadoro", "combo": []}, {"category": "Snacks & Branded Foods", "sub_category_name": "Noodle, Pasta, Vermicelli", "product_name": "Pasta Organic - Fusilli", "product_brand": "Colavita", "combo": []}, {"category": "Snacks & Branded Foods", "sub_category_name": "Noodle, Pasta, Vermicelli", "product_name": "Noodles - Tomato & Carrot", "product_brand": "Bali Kitchen", "combo": []}, {"category": "Snacks & Branded Foods", "sub_category_name": "Noodle, Pasta, Vermicelli", "product_name": "Pasta - Elbow", "product_brand": "Food Craft", "combo": []}, {"category": "Snacks & Branded Foods", "sub_category_name": "Noodle, Pasta, Vermicelli", "product_name": "Penne", "product_brand": "Food Craft", "combo": []}, {"category": "Snacks & Branded Foods", "sub_category_name": "Noodle, Pasta, Vermicelli", "product_name": "Penne", "product_brand": "Food Craft", "combo": []}, {"category": "Snacks & Branded Foods", "sub_category_name": "Noodle, Pasta, Vermicelli", "product_name": "Capellini", "product_brand": "Spigadoro", "combo": []}, {"category": "Snacks & Branded Foods", "sub_category_name": "Noodle, Pasta, Vermicelli", "product_name": "Chifferi Rigati", "product_brand": "Spigadoro", "combo": []}, {"category": "Snacks & Branded Foods", "sub_category_name": "Noodle, Pasta, Vermicelli", "product_name": "Conchiglie Rigate", "product_brand": "Spigadoro", "combo": []}, {"category": "Snacks & Branded Foods", "sub_category_name": "Noodle, Pasta, Vermicelli", "product_name": "Farfalle", "product_brand": "Spigadoro", "combo": []}, {"category": "Snacks & Branded Foods", "sub_category_name": "Noodle, Pasta, Vermicelli", "product_name": "Noodles - Rice", "product_brand": "Koka", "combo": []}, {"category": "Snacks & Branded Foods", "sub_category_name": "Noodle, Pasta, Vermicelli", "product_name": "Bowl Noodles - Laksa Singapura", "product_brand": "Koka", "combo": []}, {"category": "Snacks & Branded Foods", "sub_category_name": "Noodle, Pasta, Vermicelli", "product_name": "Oriental Instant Noodles - Prawn Flavour", "product_brand": "Koka", "combo": []}, {"category": "Snacks & Branded Foods", "sub_category_name": "Noodle, Pasta, Vermicelli", "product_name": "Capellini", "product_brand": "Colavita", "combo": []}, {"category": "Snacks & Branded Foods", "sub_category_name": "Noodle, Pasta, Vermicelli", "product_name": "Pasta - Le Penne Rigate N.19", "product_brand": "Agnesi", "combo": []}, {"category": "Snacks & Branded Foods", "sub_category_name": "Noodle, Pasta, Vermicelli", "product_name": "Instant Noodles - Yum Shrimps", "product_brand": "Mama", "combo": []}, {"category": "Snacks & Branded Foods", "sub_category_name": "Noodle, Pasta, Vermicelli", "product_name": "Pasta - Rigatoni", "product_brand": "Colavita", "combo": []}, {"category": "Snacks & Branded Foods", "sub_category_name": "Noodle, Pasta, Vermicelli", "product_name": "Rice Stick - 3 mm", "product_brand": "Real Thai", "combo": []}, {"category": "Snacks & Branded Foods", "sub_category_name": "Noodle, Pasta, Vermicelli", "product_name": "Rice Vermicelli", "product_brand": "Real Thai", "combo": []}, {"category": "Snacks & Branded Foods", "sub_category_name": "Noodle, Pasta, Vermicelli", "product_name": "Fusilli", "product_brand": "Colavita", "combo": []}, {"category": "Snacks & Branded Foods", "sub_category_name": "Noodle, Pasta, Vermicelli", "product_name": "Fusilli whole wheat", "product_brand": "Colavita", "combo": []}, {"category": "Snacks & Branded Foods", "sub_category_name": "Noodle, Pasta, Vermicelli", "product_name": "Penne Rigate - 37B", "product_brand": "Colavita", "combo": []}, {"category": "Snacks & Branded Foods", "sub_category_name": "Noodle, Pasta, Vermicelli", "product_name": "Vermicelli - Brown Rice", "product_brand": "Peacock", "combo": []}, {"category": "Snacks & Branded Foods", "sub_category_name": "Noodle, Pasta, Vermicelli", "product_name": "Spaghetti - Brown Rice", "product_brand": "Peacock", "combo": []}, {"category": "Snacks & Branded Foods", "sub_category_name": "Noodle, Pasta, Vermicelli", "product_name": "Pasta - 5 Spaghetti", "product_brand": "San Remo", "combo": [["500 g", "185.00"], ["2x500 g", "370.00"]]}, {"category": "Snacks & Branded Foods", "sub_category_name": "Noodle, Pasta, Vermicelli", "product_name": "Pasta - 23 Bowties", "product_brand": "San Remo", "combo": []}, {"category": "Snacks & Branded Foods", "sub_category_name": "Noodle, Pasta, Vermicelli", "product_name": "Noodles - Seafood", "product_brand": "Koka", "combo": []}, {"category": "Snacks & Branded Foods", "sub_category_name": "Noodle, Pasta, Vermicelli", "product_name": "Noodles - Vegetable", "product_brand": "Koka", "combo": [["70 g", "90.00"], ["2x70 g", "180.00"]]}, {"category": "Snacks & Branded Foods", "sub_category_name": "Noodle, Pasta, Vermicelli", "product_name": "Pasta - Spaghetti 05", "product_brand": "Brunella", "combo": []}, {"category": "Snacks & Branded Foods", "sub_category_name": "Noodle, Pasta, Vermicelli", "product_name": "Instant Noodles - Hot & Rich Curry Flavoured", "product_brand": "Picnic", "combo": []}, {"category": "Snacks & Branded Foods", "sub_category_name": "Noodle, Pasta, Vermicelli", "product_name": "Pasta - Spaghetti", "product_brand": "Del Monte", "combo": [["500 g", "169.00"], ["2x500 g", "338.00"]]}, {"category": "Snacks & Branded Foods", "sub_category_name": "Noodle, Pasta, Vermicelli", "product_name": "Noodles - Ezy Cook", "product_brand": "Koka", "combo": []}, {"category": "Snacks & Branded Foods", "sub_category_name": "Noodle, Pasta, Vermicelli", "product_name": "Pasta - Elbows", "product_brand": "San Remo", "combo": [["2x500 g", "370.00"], ["500 g", "185.00"]]}, {"category": "Snacks & Branded Foods", "sub_category_name": "Noodle, Pasta, Vermicelli", "product_name": "Pasta - 18 Penne", "product_brand": "San Remo", "combo": [["500 g", "185.00"], ["2x500 g", "370.00"]]}, {"category": "Snacks & Branded Foods", "sub_category_name": "Noodle, Pasta, Vermicelli", "product_name": "Bowl Noodles - Seafood", "product_brand": "Koka", "combo": [["4x90 g", "500.00"], ["90 g", "125.00"], ["2x90 g", "250.00"]]}, {"category": "Snacks & Branded Foods", "sub_category_name": "Noodle, Pasta, Vermicelli", "product_name": "Instant Noodles - Tomato Flavour", "product_brand": "Koka", "combo": [["70 g", "89.25"], ["2x70 g", "178.50"]]}, {"category": "Snacks & Branded Foods", "sub_category_name": "Noodle, Pasta, Vermicelli", "product_name": "Durum Wheat Pasta - Mini Penne Rigate", "product_brand": "BORGES", "combo": []}, {"category": "Snacks & Branded Foods", "sub_category_name": "Noodle, Pasta, Vermicelli", "product_name": "Farfalle Pasta", "product_brand": "Colavita", "combo": []}, {"category": "Snacks & Branded Foods", "sub_category_name": "Noodle, Pasta, Vermicelli", "product_name": "Bowl Noodles - Chicken Original", "product_brand": "Koka", "combo": [["90 g", "125.00"], ["2x90 g", "250.00"], ["4x90 g", "500.00"]]}, {"category": "Snacks & Branded Foods", "sub_category_name": "Noodle, Pasta, Vermicelli", "product_name": "Fusilli - Tricolore", "product_brand": "Spigadoro", "combo": []}, {"category": "Snacks & Branded Foods", "sub_category_name": "Noodle, Pasta, Vermicelli", "product_name": "Fusilli", "product_brand": "Spigadoro", "combo": []}, {"category": "Snacks & Branded Foods", "sub_category_name": "Noodle, Pasta, Vermicelli", "product_name": "Pasta Organic - Fusilli", "product_brand": "Colavita", "combo": []}, {"category": "Snacks & Branded Foods", "sub_category_name": "Noodle, Pasta, Vermicelli", "product_name": "Noodles - Tomato & Carrot", "product_brand": "Bali Kitchen", "combo": []}, {"category": "Snacks & Branded Foods", "sub_category_name": "Noodle, Pasta, Vermicelli", "product_name": "Pasta - Elbow", "product_brand": "Food Craft", "combo": []}, {"category": "Snacks & Branded Foods", "sub_category_name": "Noodle, Pasta, Vermicelli", "product_name": "Penne", "product_brand": "Food Craft", "combo": []}, {"category": "Snacks & Branded Foods", "sub_category_name": "Noodle, Pasta, Vermicelli", "product_name": "Penne", "product_brand": "Food Craft", "combo": []}, {"category": "Snacks & Branded Foods", "sub_category_name": "Noodle, Pasta, Vermicelli", "product_name": "Capellini", "product_brand": "Spigadoro", "combo": []}, {"category": "Snacks & Branded Foods", "sub_category_name": "Noodle, Pasta, Vermicelli", "product_name": "Chifferi Rigati", "product_brand": "Spigadoro", "combo": []}, {"category": "Snacks & Branded Foods", "sub_category_name": "Noodle, Pasta, Vermicelli", "product_name": "Conchiglie Rigate", "product_brand": "Spigadoro", "combo": []}, {"category": "Snacks & Branded Foods", "sub_category_name": "Noodle, Pasta, Vermicelli", "product_name": "Farfalle", "product_brand": "Spigadoro", "combo": []}, {"category": "Snacks & Branded Foods", "sub_category_name": "Noodle, Pasta, Vermicelli", "product_name": "Noodles - Rice", "product_brand": "Koka", "combo": []}, {"category": "Snacks & Branded Foods", "sub_category_name": "Noodle, Pasta, Vermicelli", "product_name": "Bowl Noodles - Laksa Singapura", "product_brand": "Koka", "combo": []}, {"category": "Snacks & Branded Foods", "sub_category_name": "Noodle, Pasta, Vermicelli", "product_name": "Pasta - Elbows", "product_brand": "San Remo", "combo": [["2x500 g", "370.00"], ["500 g", "185.00"]]}, {"category": "Snacks & Branded Foods", "sub_category_name": "Noodle, Pasta, Vermicelli", "product_name": "Pasta - 18 Penne", "product_brand": "San Remo", "combo": [["500 g", "185.00"], ["2x500 g", "370.00"]]}, {"category": "Snacks & Branded Foods", "sub_category_name": "Noodle, Pasta, Vermicelli", "product_name": "Bowl Noodles - Seafood", "product_brand": "Koka", "combo": [["4x90 g", "500.00"], ["90 g", "125.00"], ["2x90 g", "250.00"]]}, {"category": "Snacks & Branded Foods", "sub_category_name": "Noodle, Pasta, Vermicelli", "product_name": "Instant Noodles - Tomato Flavour", "product_brand": "Koka", "combo": [["70 g", "89.25"], ["2x70 g", "178.50"]]}, {"category": "Snacks & Branded Foods", "sub_category_name": "Noodle, Pasta, Vermicelli", "product_name": "Durum Wheat Pasta - Mini Penne Rigate", "product_brand": "BORGES", "combo": []}, {"category": "Snacks & Branded Foods", "sub_category_name": "Noodle, Pasta, Vermicelli", "product_name": "Farfalle Pasta", "product_brand": "Colavita", "combo": []}, {"category": "Snacks & Branded Foods", "sub_category_name": "Noodle, Pasta, Vermicelli", "product_name": "Bowl Noodles - Chicken Original", "product_brand": "Koka", "combo": [["90 g", "125.00"], ["2x90 g", "250.00"], ["4x90 g", "500.00"]]}, {"category": "Snacks & Branded Foods", "sub_category_name": "Noodle, Pasta, Vermicelli", "product_name": "Fusilli - Tricolore", "product_brand": "Spigadoro", "combo": []}, {"category": "Snacks & Branded Foods", "sub_category_name": "Noodle, Pasta, Vermicelli", "product_name": "Fusilli", "product_brand": "Spigadoro", "combo": []}, {"category": "Snacks & Branded Foods", "sub_category_name": "Noodle, Pasta, Vermicelli", "product_name": "Pasta Organic - Fusilli", "product_brand": "Colavita", "combo": []}, {"category": "Snacks & Branded Foods", "sub_category_name": "Noodle, Pasta, Vermicelli", "product_name": "Noodles - Tomato & Carrot", "product_brand": "Bali Kitchen", "combo": []}, {"category": "Snacks & Branded Foods", "sub_category_name": "Noodle, Pasta, Vermicelli", "product_name": "Pasta - Elbow", "product_brand": "Food Craft", "combo": []}, {"category": "Snacks & Branded Foods", "sub_category_name": "Noodle, Pasta, Vermicelli", "product_name": "Penne", "product_brand": "Food Craft", "combo": []}, {"category": "Snacks & Branded Foods", "sub_category_name": "Noodle, Pasta, Vermicelli", "product_name": "Penne", "product_brand": "Food Craft", "combo": []}, {"category": "Snacks & Branded Foods", "sub_category_name": "Noodle, Pasta, Vermicelli", "product_name": "Capellini", "product_brand": "Spigadoro", "combo": []}, {"category": "Snacks & Branded Foods", "sub_category_name": "Noodle, Pasta, Vermicelli", "product_name": "Chifferi Rigati", "product_brand": "Spigadoro", "combo": []}, {"category": "Snacks & Branded Foods", "sub_category_name": "Noodle, Pasta, Vermicelli", "product_name": "Conchiglie Rigate", "product_brand": "Spigadoro", "combo": []}, {"category": "Snacks & Branded Foods", "sub_category_name": "Noodle, Pasta, Vermicelli", "product_name": "Farfalle", "product_brand": "Spigadoro", "combo": []}, {"category": "Snacks & Branded Foods", "sub_category_name": "Noodle, Pasta, Vermicelli", "product_name": "Noodles - Rice", "product_brand": "Koka", "combo": []}, {"category": "Snacks & Branded Foods", "sub_category_name": "Noodle, Pasta, Vermicelli", "product_name": "Bowl Noodles - Laksa Singapura", "product_brand": "Koka", "combo": []}, {"category": "Snacks & Branded Foods", "sub_category_name": "Noodle, Pasta, Vermicelli", "product_name": "Pasta - Elbows", "product_brand": "San Remo", "combo": [["2x500 g", "370.00"], ["500 g", "185.00"]]}, {"category": "Snacks & Branded Foods", "sub_category_name": "Noodle, Pasta, Vermicelli", "product_name": "Pasta - 18 Penne", "product_brand": "San Remo", "combo": [["500 g", "185.00"], ["2x500 g", "370.00"]]}, {"category": "Snacks & Branded Foods", "sub_category_name": "Noodle, Pasta, Vermicelli", "product_name": "Bowl Noodles - Seafood", "product_brand": "Koka", "combo": [["4x90 g", "500.00"], ["90 g", "125.00"], ["2x90 g", "250.00"]]}, {"category": "Snacks & Branded Foods", "sub_category_name": "Noodle, Pasta, Vermicelli", "product_name": "Instant Noodles - Tomato Flavour", "product_brand": "Koka", "combo": [["70 g", "89.25"], ["2x70 g", "178.50"]]}, {"category": "Snacks & Branded Foods", "sub_category_name": "Noodle, Pasta, Vermicelli", "product_name": "Durum Wheat Pasta - Mini Penne Rigate", "product_brand": "BORGES", "combo": []}, {"category": "Snacks & Branded Foods", "sub_category_name": "Noodle, Pasta, Vermicelli", "product_name": "Farfalle Pasta", "product_brand": "Colavita", "combo": []}, {"category": "Snacks & Branded Foods", "sub_category_name": "Noodle, Pasta, Vermicelli", "product_name": "Bowl Noodles - Chicken Original", "product_brand": "Koka", "combo": [["90 g", "125.00"], ["2x90 g", "250.00"], ["4x90 g", "500.00"]]}, {"category": "Snacks & Branded Foods", "sub_category_name": "Noodle, Pasta, Vermicelli", "product_name": "Fusilli - Tricolore", "product_brand": "Spigadoro", "combo": []}, {"category": "Snacks & Branded Foods", "sub_category_name": "Noodle, Pasta, Vermicelli", "product_name": "Fusilli", "product_brand": "Spigadoro", "combo": []}, {"category": "Snacks & Branded Foods", "sub_category_name": "Noodle, Pasta, Vermicelli", "product_name": "Pasta Organic - Fusilli", "product_brand": "Colavita", "combo": []}, {"category": "Snacks & Branded Foods", "sub_category_name": "Noodle, Pasta, Vermicelli", "product_name": "Noodles - Tomato & Carrot", "product_brand": "Bali Kitchen", "combo": []}, {"category": "Snacks & Branded Foods", "sub_category_name": "Noodle, Pasta, Vermicelli", "product_name": "Pasta - Elbow", "product_brand": "Food Craft", "combo": []}, {"category": "Snacks & Branded Foods", "sub_category_name": "Noodle, Pasta, Vermicelli", "product_name": "Penne", "product_brand": "Food Craft", "combo": []}, {"category": "Snacks & Branded Foods", "sub_category_name": "Noodle, Pasta, Vermicelli", "product_name": "Penne", "product_brand": "Food Craft", "combo": []}, {"category": "Snacks & Branded Foods", "sub_category_name": "Noodle, Pasta, Vermicelli", "product_name": "Capellini", "product_brand": "Spigadoro", "combo": []}, {"category": "Snacks & Branded Foods", "sub_category_name": "Noodle, Pasta, Vermicelli", "product_name": "Chifferi Rigati", "product_brand": "Spigadoro", "combo": []}, {"category": "Snacks & Branded Foods", "sub_category_name": "Noodle, Pasta, Vermicelli", "product_name": "Conchiglie Rigate", "product_brand": "Spigadoro", "combo": []}, {"category": "Snacks & Branded Foods", "sub_category_name": "Noodle, Pasta, Vermicelli", "product_name": "Farfalle", "product_brand": "Spigadoro", "combo": []}, {"category": "Snacks & Branded Foods", "sub_category_name": "Noodle, Pasta, Vermicelli", "product_name": "Noodles - Rice", "product_brand": "Koka", "combo": []}, {"category": "Snacks & Branded Foods", "sub_category_name": "Noodle, Pasta, Vermicelli", "product_name": "Bowl Noodles - Laksa Singapura", "product_brand": "Koka", "combo": []}, {"category": "Snacks & Branded Foods", "sub_category_name": "Noodle, Pasta, Vermicelli", "product_name": "Pasta - Elbows", "product_brand": "San Remo", "combo": [["2x500 g", "370.00"], ["500 g", "185.00"]]}, {"category": "Snacks & Branded Foods", "sub_category_name": "Noodle, Pasta, Vermicelli", "product_name": "Pasta - 18 Penne", "product_brand": "San Remo", "combo": [["500 g", "185.00"], ["2x500 g", "370.00"]]}, {"category": "Snacks & Branded Foods", "sub_category_name": "Noodle, Pasta, Vermicelli", "product_name": "Bowl Noodles - Seafood", "product_brand": "Koka", "combo": [["4x90 g", "500.00"], ["90 g", "125.00"], ["2x90 g", "250.00"]]}, {"category": "Snacks & Branded Foods", "sub_category_name": "Noodle, Pasta, Vermicelli", "product_name": "Instant Noodles - Tomato Flavour", "product_brand": "Koka", "combo": [["70 g", "89.25"], ["2x70 g", "178.50"]]}, {"category": "Snacks & Branded Foods", "sub_category_name": "Noodle, Pasta, Vermicelli", "product_name": "Durum Wheat Pasta - Mini Penne Rigate", "product_brand": "BORGES", "combo": []}, {"category": "Snacks & Branded Foods", "sub_category_name": "Noodle, Pasta, Vermicelli", "product_name": "Farfalle Pasta", "product_brand": "Colavita", "combo": []}, {"category": "Snacks & Branded Foods", "sub_category_name": "Noodle, Pasta, Vermicelli", "product_name": "Bowl Noodles - Chicken Original", "product_brand": "Koka", "combo": [["90 g", "125.00"], ["2x90 g", "250.00"], ["4x90 g", "500.00"]]}, {"category": "Snacks & Branded Foods", "sub_category_name": "Noodle, Pasta, Vermicelli", "product_name": "Fusilli - Tricolore", "product_brand": "Spigadoro", "combo": []}, {"category": "Snacks & Branded Foods", "sub_category_name": "Noodle, Pasta, Vermicelli", "product_name": "Fusilli", "product_brand": "Spigadoro", "combo": []}, {"category": "Snacks & Branded Foods", "sub_category_name": "Noodle, Pasta, Vermicelli", "product_name": "Pasta Organic - Fusilli", "product_brand": "Colavita", "combo": []}, {"category": "Snacks & Branded Foods", "sub_category_name": "Noodle, Pasta, Vermicelli", "product_name": "Noodles - Tomato & Carrot", "product_brand": "Bali Kitchen", "combo": []}, {"category": "Snacks & Branded Foods", "sub_category_name": "Noodle, Pasta, Vermicelli", "product_name": "Pasta - Elbow", "product_brand": "Food Craft", "combo": []}, {"category": "Snacks & Branded Foods", "sub_category_name": "Noodle, Pasta, Vermicelli", "product_name": "Penne", "product_brand": "Food Craft", "combo": []}, {"category": "Snacks & Branded Foods", "sub_category_name": "Noodle, Pasta, Vermicelli", "product_name": "Penne", "product_brand": "Food Craft", "combo": []}, {"category": "Snacks & Branded Foods", "sub_category_name": "Noodle, Pasta, Vermicelli", "product_name": "Capellini", "product_brand": "Spigadoro", "combo": []}, {"category": "Snacks & Branded Foods", "sub_category_name": "Noodle, Pasta, Vermicelli", "product_name": "Chifferi Rigati", "product_brand": "Spigadoro", "combo": []}, {"category": "Snacks & Branded Foods", "sub_category_name": "Noodle, Pasta, Vermicelli", "product_name": "Conchiglie Rigate", "product_brand": "Spigadoro", "combo": []}, {"category": "Snacks & Branded Foods", "sub_category_name": "Noodle, Pasta, Vermicelli", "product_name": "Farfalle", "product_brand": "Spigadoro", "combo": []}, {"category": "Snacks & Branded Foods", "sub_category_name": "Noodle, Pasta, Vermicelli", "product_name": "Noodles - Rice", "product_brand": "Koka", "combo": []}, {"category": "Snacks & Branded Foods", "sub_category_name": "Noodle, Pasta, Vermicelli", "product_name": "Bowl Noodles - Laksa Singapura", "product_brand": "Koka", "combo": []}, {"category": "Snacks & Branded Foods", "sub_category_name": "Noodle, Pasta, Vermicelli", "product_name": "Pasta - Elbows", "product_brand": "San Remo", "combo": [["2x500 g", "370.00"], ["500 g", "185.00"]]}, {"category": "Snacks & Branded Foods", "sub_category_name": "Noodle, Pasta, Vermicelli", "product_name": "Pasta - 18 Penne", "product_brand": "San Remo", "combo": [["500 g", "185.00"], ["2x500 g", "370.00"]]}, {"category": "Snacks & Branded Foods", "sub_category_name": "Noodle, Pasta, Vermicelli", "product_name": "Bowl Noodles - Seafood", "product_brand": "Koka", "combo": [["4x90 g", "500.00"], ["90 g", "125.00"], ["2x90 g", "250.00"]]}, {"category": "Snacks & Branded Foods", "sub_category_name": "Noodle, Pasta, Vermicelli", "product_name": "Instant Noodles - Tomato Flavour", "product_brand": "Koka", "combo": [["70 g", "89.25"], ["2x70 g", "178.50"]]}, {"category": "Snacks & Branded Foods", "sub_category_name": "Noodle, Pasta, Vermicelli", "product_name": "Durum Wheat Pasta - Mini Penne Rigate", "product_brand": "BORGES", "combo": []}, {"category": "Snacks & Branded Foods", "sub_category_name": "Noodle, Pasta, Vermicelli", "product_name": "Farfalle Pasta", "product_brand": "Colavita", "combo": []}, {"category": "Snacks & Branded Foods", "sub_category_name": "Noodle, Pasta, Vermicelli", "product_name": "Bowl Noodles - Chicken Original", "product_brand": "Koka", "combo": [["90 g", "125.00"], ["2x90 g", "250.00"], ["4x90 g", "500.00"]]}, {"category": "Snacks & Branded Foods", "sub_category_name": "Noodle, Pasta, Vermicelli", "product_name": "Fusilli - Tricolore", "product_brand": "Spigadoro", "combo": []}, {"category": "Snacks & Branded Foods", "sub_category_name": "Noodle, Pasta, Vermicelli", "product_name": "Fusilli", "product_brand": "Spigadoro", "combo": []}, {"category": "Snacks & Branded Foods", "sub_category_name": "Noodle, Pasta, Vermicelli", "product_name": "Pasta Organic - Fusilli", "product_brand": "Colavita", "combo": []}, {"category": "Snacks & Branded Foods", "sub_category_name": "Noodle, Pasta, Vermicelli", "product_name": "Noodles - Tomato & Carrot", "product_brand": "Bali Kitchen", "combo": []}, {"category": "Snacks & Branded Foods", "sub_category_name": "Noodle, Pasta, Vermicelli", "product_name": "Pasta - Elbow", "product_brand": "Food Craft", "combo": []}, {"category": "Snacks & Branded Foods", "sub_category_name": "Noodle, Pasta, Vermicelli", "product_name": "Penne", "product_brand": "Food Craft", "combo": []}, {"category": "Snacks & Branded Foods", "sub_category_name": "Noodle, Pasta, Vermicelli", "product_name": "Penne", "product_brand": "Food Craft", "combo": []}, {"category": "Snacks & Branded Foods", "sub_category_name": "Noodle, Pasta, Vermicelli", "product_name": "Capellini", "product_brand": "Spigadoro", "combo": []}, {"category": "Snacks & Branded Foods", "sub_category_name": "Noodle, Pasta, Vermicelli", "product_name": "Chifferi Rigati", "product_brand": "Spigadoro", "combo": []}, {"category": "Snacks & Branded Foods", "sub_category_name": "Noodle, Pasta, Vermicelli", "product_name": "Conchiglie Rigate", "product_brand": "Spigadoro", "combo": []}, {"category": "Snacks & Branded Foods", "sub_category_name": "Noodle, Pasta, Vermicelli", "product_name": "Farfalle", "product_brand": "Spigadoro", "combo": []}, {"category": "Snacks & Branded Foods", "sub_category_name": "Noodle, Pasta, Vermicelli", "product_name": "Noodles - Rice", "product_brand": "Koka", "combo": []}, {"category": "Snacks & Branded Foods", "sub_category_name": "Noodle, Pasta, Vermicelli", "product_name": "Bowl Noodles - Laksa Singapura", "product_brand": "Koka", "combo": []}, {"category": "Snacks & Branded Foods", "sub_category_name": "Noodle, Pasta, Vermicelli", "product_name": "Pasta - Elbows", "product_brand": "San Remo", "combo": [["2x500 g", "370.00"], ["500 g", "185.00"]]}, {"category": "Snacks & Branded Foods", "sub_category_name": "Noodle, Pasta, Vermicelli", "product_name": "Pasta - 18 Penne", "product_brand": "San Remo", "combo": [["500 g", "185.00"], ["2x500 g", "370.00"]]}, {"category": "Snacks & Branded Foods", "sub_category_name": "Noodle, Pasta, Vermicelli", "product_name": "Bowl Noodles - Seafood", "product_brand": "Koka", "combo": [["4x90 g", "500.00"], ["90 g", "125.00"], ["2x90 g", "250.00"]]}, {"category": "Snacks & Branded Foods", "sub_category_name": "Noodle, Pasta, Vermicelli", "product_name": "Instant Noodles - Tomato Flavour", "product_brand": "Koka", "combo": [["70 g", "89.25"], ["2x70 g", "178.50"]]}, {"category": "Snacks & Branded Foods", "sub_category_name": "Noodle, Pasta, Vermicelli", "product_name": "Durum Wheat Pasta - Mini Penne Rigate", "product_brand": "BORGES", "combo": []}, {"category": "Snacks & Branded Foods", "sub_category_name": "Noodle, Pasta, Vermicelli", "product_name": "Farfalle Pasta", "product_brand": "Colavita", "combo": []}, {"category": "Snacks & Branded Foods", "sub_category_name": "Noodle, Pasta, Vermicelli", "product_name": "Bowl Noodles - Chicken Original", "product_brand": "Koka", "combo": [["90 g", "125.00"], ["2x90 g", "250.00"], ["4x90 g", "500.00"]]}, {"category": "Snacks & Branded Foods", "sub_category_name": "Noodle, Pasta, Vermicelli", "product_name": "Fusilli - Tricolore", "product_brand": "Spigadoro", "combo": []}, {"category": "Snacks & Branded Foods", "sub_category_name": "Noodle, Pasta, Vermicelli", "product_name": "Fusilli", "product_brand": "Spigadoro", "combo": []}, {"category": "Snacks & Branded Foods", "sub_category_name": "Noodle, Pasta, Vermicelli", "product_name": "Pasta Organic - Fusilli", "product_brand": "Colavita", "combo": []}, {"category": "Snacks & Branded Foods", "sub_category_name": "Noodle, Pasta, Vermicelli", "product_name": "Noodles - Tomato & Carrot", "product_brand": "Bali Kitchen", "combo": []}, {"category": "Snacks & Branded Foods", "sub_category_name": "Noodle, Pasta, Vermicelli", "product_name": "Pasta - Elbow", "product_brand": "Food Craft", "combo": []}, {"category": "Snacks & Branded Foods", "sub_category_name": "Noodle, Pasta, Vermicelli", "product_name": "Penne", "product_brand": "Food Craft", "combo": []}, {"category": "Snacks & Branded Foods", "sub_category_name": "Noodle, Pasta, Vermicelli", "product_name": "Penne", "product_brand": "Food Craft", "combo": []}, {"category": "Snacks & Branded Foods", "sub_category_name": "Noodle, Pasta, Vermicelli", "product_name": "Capellini", "product_brand": "Spigadoro", "combo": []}, {"category": "Snacks & Branded Foods", "sub_category_name": "Noodle, Pasta, Vermicelli", "product_name": "Chifferi Rigati", "product_brand": "Spigadoro", "combo": []}, {"category": "Snacks & Branded Foods", "sub_category_name": "Noodle, Pasta, Vermicelli", "product_name": "Conchiglie Rigate", "product_brand": "Spigadoro", "combo": []}, {"category": "Snacks & Branded Foods", "sub_category_name": "Noodle, Pasta, Vermicelli", "product_name": "Farfalle", "product_brand": "Spigadoro", "combo": []}, {"category": "Snacks & Branded Foods", "sub_category_name": "Noodle, Pasta, Vermicelli", "product_name": "Noodles - Rice", "product_brand": "Koka", "combo": []}, {"category": "Snacks & Branded Foods", "sub_category_name": "Noodle, Pasta, Vermicelli", "product_name": "Bowl Noodles - Laksa Singapura", "product_brand": "Koka", "combo": []}, {"category": "Snacks & Branded Foods", "sub_category_name": "Noodle, Pasta, Vermicelli", "product_name": "Pasta - Elbows", "product_brand": "San Remo", "combo": [["2x500 g", "370.00"], ["500 g", "185.00"]]}, {"category": "Snacks & Branded Foods", "sub_category_name": "Noodle, Pasta, Vermicelli", "product_name": "Pasta - 18 Penne", "product_brand": "San Remo", "combo": [["500 g", "185.00"], ["2x500 g", "370.00"]]}, {"category": "Snacks & Branded Foods", "sub_category_name": "Noodle, Pasta, Vermicelli", "product_name": "Bowl Noodles - Seafood", "product_brand": "Koka", "combo": [["4x90 g", "500.00"], ["90 g", "125.00"], ["2x90 g", "250.00"]]}, {"category": "Snacks & Branded Foods", "sub_category_name": "Noodle, Pasta, Vermicelli", "product_name": "Instant Noodles - Tomato Flavour", "product_brand": "Koka", "combo": [["70 g", "89.25"], ["2x70 g", "178.50"]]}, {"category": "Snacks & Branded Foods", "sub_category_name": "Noodle, Pasta, Vermicelli", "product_name": "Durum Wheat Pasta - Mini Penne Rigate", "product_brand": "BORGES", "combo": []}, {"category": "Snacks & Branded Foods", "sub_category_name": "Noodle, Pasta, Vermicelli", "product_name": "Farfalle Pasta", "product_brand": "Colavita", "combo": []}, {"category": "Snacks & Branded Foods", "sub_category_name": "Noodle, Pasta, Vermicelli", "product_name": "Bowl Noodles - Chicken Original", "product_brand": "Koka", "combo": [["90 g", "125.00"], ["2x90 g", "250.00"], ["4x90 g", "500.00"]]}, {"category": "Snacks & Branded Foods", "sub_category_name": "Noodle, Pasta, Vermicelli", "product_name": "Fusilli - Tricolore", "product_brand": "Spigadoro", "combo": []}, {"category": "Snacks & Branded Foods", "sub_category_name": "Noodle, Pasta, Vermicelli", "product_name": "Fusilli", "product_brand": "Spigadoro", "combo": []}, {"category": "Snacks & Branded Foods", "sub_category_name": "Noodle, Pasta, Vermicelli", "product_name": "Pasta Organic - Fusilli", "product_brand": "Colavita", "combo": []}, {"category": "Snacks & Branded Foods", "sub_category_name": "Noodle, Pasta, Vermicelli", "product_name": "Noodles - Tomato & Carrot", "product_brand": "Bali Kitchen", "combo": []}, {"category": "Snacks & Branded Foods", "sub_category_name": "Noodle, Pasta, Vermicelli", "product_name": "Pasta - Elbow", "product_brand": "Food Craft", "combo": []}, {"category": "Snacks & Branded Foods", "sub_category_name": "Noodle, Pasta, Vermicelli", "product_name": "Penne", "product_brand": "Food Craft", "combo": []}, {"category": "Snacks & Branded Foods", "sub_category_name": "Noodle, Pasta, Vermicelli", "product_name": "Penne", "product_brand": "Food Craft", "combo": []}, {"category": "Snacks & Branded Foods", "sub_category_name": "Noodle, Pasta, Vermicelli", "product_name": "Capellini", "product_brand": "Spigadoro", "combo": []}, {"category": "Snacks & Branded Foods", "sub_category_name": "Noodle, Pasta, Vermicelli", "product_name": "Chifferi Rigati", "product_brand": "Spigadoro", "combo": []}, {"category": "Snacks & Branded Foods", "sub_category_name": "Noodle, Pasta, Vermicelli", "product_name": "Conchiglie Rigate", "product_brand": "Spigadoro", "combo": []}, {"category": "Snacks & Branded Foods", "sub_category_name": "Noodle, Pasta, Vermicelli", "product_name": "Farfalle", "product_brand": "Spigadoro", "combo": []}, {"category": "Snacks & Branded Foods", "sub_category_name": "Noodle, Pasta, Vermicelli", "product_name": "Noodles - Rice", "product_brand": "Koka", "combo": []}, {"category": "Snacks & Branded Foods", "sub_category_name": "Noodle, Pasta, Vermicelli", "product_name": "Bowl Noodles - Laksa Singapura", "product_brand": "Koka", "combo": []}]