[{"category": "Gourmet & World Food", "sub_category_name": "Dairy & Cheese", "product_name": "Greek Yogurt - Natural", "product_brand": "Epigamia", "combo": [["90 g", "45.00"], ["8x90 g", "360.00"], ["4x90 g", "180.00"]]}, {"category": "Gourmet & World Food", "sub_category_name": "Dairy & Cheese", "product_name": "Greek Yogurt - Blueberry", "product_brand": "Epigamia", "combo": [["4x90 g", "180.00"], ["90 g", "45.00"], ["8x90 g", "360.00"]]}, {"category": "Gourmet & World Food", "sub_category_name": "Dairy & Cheese", "product_name": "Epigamia Greek Yogurt - Natural 90gm + Saffola Oats - Classic Masala 40gm", "product_brand": "bb Combo", "combo": []}, {"category": "Gourmet & World Food", "sub_category_name": "Dairy & Cheese", "product_name": "Greek Yogurt - Alphonso Mango", "product_brand": "Epigamia", "combo": [["90 g", "45.00"], ["8x90 g", "360.00"], ["4x90 g", "180.00"]]}, {"category": "Gourmet & World Food", "sub_category_name": "Dairy & Cheese", "product_name": "Greek Yogurt - Strawberry", "product_brand": "Epigamia", "combo": [["4x90 g", "180.00"], ["90 g", "45.00"], ["8x90 g", "360.00"]]}, {"category": "Gourmet & World Food", "sub_category_name": "Dairy & Cheese", "product_name": "Almond Milk - Unsweetened", "product_brand": "Raw Pressery", "combo": [["2x1 L", "604.00"], ["3x1 L", "915.00"], ["1 L", "325.00"]]}, {"category": "Gourmet & World Food", "sub_category_name": "Dairy & Cheese", "product_name": "Fresh - Tofu", "product_brand": "Chetran's", "combo": []}, {"category": "Gourmet & World Food", "sub_category_name": "Dairy & Cheese", "product_name": "Greek Yogurt - Natural, Low Fat", "product_brand": "Epigamia", "combo": []}, {"category": "Gourmet & World Food", "sub_category_name": "Dairy & Cheese", "product_name": "Greek Yogurt - Wild, Raspberry", "product_brand": "Epigamia", "combo": [["4x90 g", "180.00"], ["90 g", "45.00"]]}, {"category": "Gourmet & World Food", "sub_category_name": "Dairy & Cheese", "product_name": "OatWOW Classic - Dairy-Free Oat Milk, Naturally Sweet and Creamy, Lactose-Free", "product_brand": "Urban Platter", "combo": []}, {"category": "Gourmet & World Food", "sub_category_name": "Dairy & Cheese", "product_name": "OatWOW Vanilla Oat Milk - Dairy-Free Alternative, Vanilla Flavoured Creamy, Lactose-Free", "product_brand": "Urban Platter", "combo": []}, {"category": "Gourmet & World Food", "sub_category_name": "Dairy & Cheese", "product_name": "Coconut Milk Yogurt - Blueberry", "product_brand": "Epigamia", "combo": []}, {"category": "Gourmet & World Food", "sub_category_name": "Dairy & Cheese", "product_name": "Coconut Milk Yogurt - Unsweetened, Dairy Free", "product_brand": "Epigamia", "combo": []}, {"category": "Gourmet & World Food", "sub_category_name": "Dairy & Cheese", "product_name": "Coconut Milk Yogurt - With Coconut Jaggery, Dairy Free", "product_brand": "Epigamia", "combo": []}, {"category": "Gourmet & World Food", "sub_category_name": "Dairy & Cheese", "product_name": "Coconut Milk Yogurt - Alphonso Mango", "product_brand": "Epigamia", "combo": []}, {"category": "Gourmet & World Food", "sub_category_name": "Dairy & Cheese", "product_name": "Organic Tofu - Soy Paneer", "product_brand": "Murginns", "combo": []}, {"category": "Gourmet & World Food", "sub_category_name": "Dairy & Cheese", "product_name": "Greek Yogurt - Vanilla Bean", "product_brand": "Epigamia", "combo": [["4x90 g", "180.00"], ["90 g", "45.00"]]}, {"category": "Gourmet & World Food", "sub_category_name": "Dairy & Cheese", "product_name": "Ice Cream - Double Chocolate", "product_brand": "London Dairy", "combo": []}, {"category": "Gourmet & World Food", "sub_category_name": "Dairy & Cheese", "product_name": "Classic Vanilla Ice Cream", "product_brand": "Baskin Robbins", "combo": []}, {"category": "Gourmet & World Food", "sub_category_name": "Dairy & Cheese", "product_name": "Ice Cream - Classic Vanilla", "product_brand": "Baskin Robbins", "combo": []}, {"category": "Gourmet & World Food", "sub_category_name": "Dairy & Cheese", "product_name": "Cream Cheese", "product_brand": "MOOZ", "combo": []}, {"category": "Gourmet & World Food", "sub_category_name": "Dairy & Cheese", "product_name": "Organic Vegetable Tofu - Soy Paneer", "product_brand": "Murginns", "combo": []}, {"category": "Gourmet & World Food", "sub_category_name": "Dairy & Cheese", "product_name": "Tender Coconut Ice Cream", "product_brand": "Baskin Robbins", "combo": []}, {"category": "Gourmet & World Food", "sub_category_name": "Dairy & Cheese", "product_name": "Ice Cream - Cotton Candy", "product_brand": "Baskin Robbins", "combo": []}, {"category": "Gourmet & World Food", "sub_category_name": "Dairy & Cheese", "product_name": "Ice Cream - Belgian Chocolate", "product_brand": "Haagen-Dazs", "combo": []}, {"category": "Gourmet & World Food", "sub_category_name": "Dairy & Cheese", "product_name": "Butter - Unsalted, Naturally White", "product_brand": "Dairy Craft", "combo": []}, {"category": "Gourmet & World Food", "sub_category_name": "Dairy & Cheese", "product_name": "Parmesan", "product_brand": "Kodai Cheese", "combo": []}, {"category": "Gourmet & World Food", "sub_category_name": "Dairy & Cheese", "product_name": "Ice Cream - With Yoghurt, Mango", "product_brand": "London Dairy", "combo": []}, {"category": "Gourmet & World Food", "sub_category_name": "Dairy & Cheese", "product_name": "Mozzarella, Slab", "product_brand": "Kodai Cheese", "combo": []}, {"category": "Gourmet & World Food", "sub_category_name": "Dairy & Cheese", "product_name": "Ice Cream Sundae - Mississippi Mud", "product_brand": "Baskin Robbins", "combo": []}, {"category": "Gourmet & World Food", "sub_category_name": "Dairy & Cheese", "product_name": "Ice Cream - Cookies & Cream", "product_brand": "London Dairy", "combo": []}, {"category": "Gourmet & World Food", "sub_category_name": "Dairy & Cheese", "product_name": "Ice Cream Bar - Chocolate Vanilla", "product_brand": "Baskin Robbins", "combo": []}, {"category": "Gourmet & World Food", "sub_category_name": "Dairy & Cheese", "product_name": "Ice Cream - Strawberry Cheese Cake, Contains Egg", "product_brand": "London Dairy", "combo": []}, {"category": "Gourmet & World Food", "sub_category_name": "Dairy & Cheese", "product_name": "Very Berry Strawberry", "product_brand": "Baskin Robbins", "combo": []}, {"category": "Gourmet & World Food", "sub_category_name": "Dairy & Cheese", "product_name": "Ice Cream - Gold Medal Ribbon", "product_brand": "Baskin Robbins", "combo": []}, {"category": "Gourmet & World Food", "sub_category_name": "Dairy & Cheese", "product_name": "Ice Cream - Mocha Almond Fudge, Family Pack", "product_brand": "London Dairy", "combo": []}, {"category": "Gourmet & World Food", "sub_category_name": "Dairy & Cheese", "product_name": "Extra Sharp Cheddar", "product_brand": "Kodai Cheese", "combo": []}, {"category": "Gourmet & World Food", "sub_category_name": "Dairy & Cheese", "product_name": "Ice Cream - Dark Chocolate & Almonds", "product_brand": "Haagen-Dazs", "combo": []}, {"category": "Gourmet & World Food", "sub_category_name": "Dairy & Cheese", "product_name": "Ice Cream - Cookies & Cream", "product_brand": "Haagen-Dazs", "combo": []}, {"category": "Gourmet & World Food", "sub_category_name": "Dairy & Cheese", "product_name": "Almond Milk - Cacao", "product_brand": "Raw Pressery", "combo": [["2x1 L", "560.00"], ["1 L", "300.00"]]}, {"category": "Gourmet & World Food", "sub_category_name": "Dairy & Cheese", "product_name": "Gruyere", "product_brand": "Kodai Cheese", "combo": []}, {"category": "Gourmet & World Food", "sub_category_name": "Dairy & Cheese", "product_name": "Ice Cream - Three Cheers Chocolate", "product_brand": "Baskin Robbins", "combo": []}, {"category": "Gourmet & World Food", "sub_category_name": "Dairy & Cheese", "product_name": "Cheddar tasty", "product_brand": "Kodai Cheese", "combo": []}, {"category": "Gourmet & World Food", "sub_category_name": "Dairy & Cheese", "product_name": "Diet Cheddar", "product_brand": "Kodai Cheese", "combo": []}, {"category": "Gourmet & World Food", "sub_category_name": "Dairy & Cheese", "product_name": "Ice Cream - Chocolate Almond, Stick", "product_brand": "London Dairy", "combo": []}, {"category": "Gourmet & World Food", "sub_category_name": "Dairy & Cheese", "product_name": "Ice Cream Sundae - Fruit Overload", "product_brand": "Baskin Robbins", "combo": []}, {"category": "Gourmet & World Food", "sub_category_name": "Dairy & Cheese", "product_name": "Ice Cream Bar - Cookies n Cream", "product_brand": "Baskin Robbins", "combo": []}, {"category": "Gourmet & World Food", "sub_category_name": "Dairy & Cheese", "product_name": "Ice Cream - Blueberries & Cream", "product_brand": "Haagen-Dazs", "combo": []}, {"category": "Gourmet & World Food", "sub_category_name": "Dairy & Cheese", "product_name": "Organic Peanut Chilli Tofu - Soy Paneer", "product_brand": "MOOZ", "combo": []}, {"category": "Gourmet & World Food", "sub_category_name": "Dairy & Cheese", "product_name": "Ice Cream - Belgian Chocolate, Stick", "product_brand": "London Dairy", "combo": []}, {"category": "Gourmet & World Food", "sub_category_name": "Dairy & Cheese", "product_name": "Colby Cheddar", "product_brand": "Kodai Cheese", "combo": []}, {"category": "Gourmet & World Food", "sub_category_name": "Dairy & Cheese", "product_name": "Vegan Chocofudgy cake Ice Cream", "product_brand": "Papacream", "combo": []}, {"category": "Gourmet & World Food", "sub_category_name": "Dairy & Cheese", "product_name": "Ice Cream - Cookies & Cream, Family Pack", "product_brand": "London Dairy", "combo": []}, {"category": "Gourmet & World Food", "sub_category_name": "Dairy & Cheese", "product_name": "Unsalted White Butter", "product_brand": "Murginns", "combo": []}, {"category": "Gourmet & World Food", "sub_category_name": "Dairy & Cheese", "product_name": "Ice Cream - Chocolate Lite, Family Pack", "product_brand": "London Dairy", "combo": []}, {"category": "Gourmet & World Food", "sub_category_name": "Dairy & Cheese", "product_name": "Ice Cream - Chocolate Almond Lite", "product_brand": "London Dairy", "combo": []}, {"category": "Gourmet & World Food", "sub_category_name": "Dairy & Cheese", "product_name": "Vegan Chocolate Ice Cream", "product_brand": "Papacream", "combo": []}, {"category": "Gourmet & World Food", "sub_category_name": "Dairy & Cheese", "product_name": "Sour Cream", "product_brand": "MOOZ", "combo": []}, {"category": "Gourmet & World Food", "sub_category_name": "Dairy & Cheese", "product_name": "Gouda - Smoked", "product_brand": "Kodai Cheese", "combo": []}, {"category": "Gourmet & World Food", "sub_category_name": "Dairy & Cheese", "product_name": "Ice Cream - Berrys & Cream, Stick", "product_brand": "London Dairy", "combo": []}, {"category": "Gourmet & World Food", "sub_category_name": "Dairy & Cheese", "product_name": "Mozzarella Cheese Pizza", "product_brand": "MOOZ", "combo": []}, {"category": "Gourmet & World Food", "sub_category_name": "Dairy & Cheese", "product_name": "Cheddar", "product_brand": "Kodai Cheese", "combo": []}, {"category": "Gourmet & World Food", "sub_category_name": "Dairy & Cheese", "product_name": "Garlic & Herbs Butter", "product_brand": "Murginns", "combo": []}, {"category": "Gourmet & World Food", "sub_category_name": "Dairy & Cheese", "product_name": "Ice Cream Bar - Almonds n Caramel", "product_brand": "Baskin Robbins", "combo": []}, {"category": "Gourmet & World Food", "sub_category_name": "Dairy & Cheese", "product_name": "Vegan Mango Ice Cream", "product_brand": "Papacream", "combo": []}, {"category": "Gourmet & World Food", "sub_category_name": "Dairy & Cheese", "product_name": "Surprise Bar - Cotton Candy", "product_brand": "Baskin Robbins", "combo": []}, {"category": "Gourmet & World Food", "sub_category_name": "Dairy & Cheese", "product_name": "Ice Cream Sundae - Fudge", "product_brand": "Baskin Robbins", "combo": []}, {"category": "Gourmet & World Food", "sub_category_name": "Dairy & Cheese", "product_name": "Cheese Slices - Plain", "product_brand": "Dairy Craft", "combo": []}, {"category": "Gourmet & World Food", "sub_category_name": "Dairy & Cheese", "product_name": "Feta Cheese", "product_brand": "Dairy Craft", "combo": []}, {"category": "Gourmet & World Food", "sub_category_name": "Dairy & Cheese", "product_name": "Ice Cream - Double Chocolate, Family Pack", "product_brand": "London Dairy", "combo": []}, {"category": "Gourmet & World Food", "sub_category_name": "Dairy & Cheese", "product_name": "Ricotta Cheese", "product_brand": "MOOZ", "combo": []}, {"category": "Gourmet & World Food", "sub_category_name": "Dairy & Cheese", "product_name": "Pepper Cheddar", "product_brand": "Kodai Cheese", "combo": []}, {"category": "Gourmet & World Food", "sub_category_name": "Dairy & Cheese", "product_name": "Cheddar  - Red Chilly", "product_brand": "Kodai Cheese", "combo": []}, {"category": "Gourmet & World Food", "sub_category_name": "Dairy & Cheese", "product_name": "Ice Cream Bar - Dulce De Leche", "product_brand": "Baskin Robbins", "combo": []}, {"category": "Gourmet & World Food", "sub_category_name": "Dairy & Cheese", "product_name": "Bocconcini Cheese", "product_brand": "MOOZ", "combo": []}, {"category": "Gourmet & World Food", "sub_category_name": "Dairy & Cheese", "product_name": "Ice Cream - Chocolate Brownie Delight, Family Pack", "product_brand": "London Dairy", "combo": []}, {"category": "Gourmet & World Food", "sub_category_name": "Dairy & Cheese", "product_name": "Vegan Peanut Butter Jelly Ice Cream", "product_brand": "Papacream", "combo": []}, {"category": "Gourmet & World Food", "sub_category_name": "Dairy & Cheese", "product_name": "Ice Cream - Honey Nut Crunch", "product_brand": "Baskin Robbins", "combo": []}, {"category": "Gourmet & World Food", "sub_category_name": "Dairy & Cheese", "product_name": "Ice Cream - Strawberry", "product_brand": "Haagen-Dazs", "combo": []}, {"category": "Gourmet & World Food", "sub_category_name": "Dairy & Cheese", "product_name": "Edam, smoked", "product_brand": "Kodai Cheese", "combo": []}, {"category": "Gourmet & World Food", "sub_category_name": "Dairy & Cheese", "product_name": "Almond Milk - Unsweetened, Lactose-Free, Plant-Based Milk Alternative", "product_brand": "Urban Platter", "combo": []}, {"category": "Gourmet & World Food", "sub_category_name": "Dairy & Cheese", "product_name": "Coffee Almond Milk - Lactose Free, Dairy Free, Vegan", "product_brand": "Raw Pressery", "combo": [["200 ml", "100.00"], ["2x200 ml", "200.00"], ["4x200 ml", "300.00"]]}, {"category": "Gourmet & World Food", "sub_category_name": "Dairy & Cheese", "product_name": "Ice Cream - Caramel Biscuit", "product_brand": "London Dairy", "combo": []}, {"category": "Gourmet & World Food", "sub_category_name": "Dairy & Cheese", "product_name": "Premium Ice Cream - Tiramisu", "product_brand": "London Dairy", "combo": [["500 ml", "400.00"], ["125 ml", "125.00"], ["1 L", "750.00"]]}, {"category": "Gourmet & World Food", "sub_category_name": "Dairy & Cheese", "product_name": "Ice Cream - Mango Sorbet", "product_brand": "London Dairy", "combo": []}, {"category": "Gourmet & World Food", "sub_category_name": "Dairy & Cheese", "product_name": "Ice Cream - Double Chocolate", "product_brand": "London Dairy", "combo": []}, {"category": "Gourmet & World Food", "sub_category_name": "Dairy & Cheese", "product_name": "Ice Cream - Black Currant", "product_brand": "Baskin Robbins", "combo": []}, {"category": "Gourmet & World Food", "sub_category_name": "Dairy & Cheese", "product_name": "Cheddar Cheese", "product_brand": "MOOZ", "combo": []}, {"category": "Gourmet & World Food", "sub_category_name": "Dairy & Cheese", "product_name": "Mustard Gouda", "product_brand": "Kodai Cheese", "combo": []}, {"category": "Gourmet & World Food", "sub_category_name": "Dairy & Cheese", "product_name": "Pepper Gouda", "product_brand": "Kodai Cheese", "combo": []}, {"category": "Gourmet & World Food", "sub_category_name": "Dairy & Cheese", "product_name": "Cheddar - English", "product_brand": "Dairy Craft", "combo": []}, {"category": "Gourmet & World Food", "sub_category_name": "Dairy & Cheese", "product_name": "Butter - Lightly Salted", "product_brand": "Dairy Craft", "combo": []}, {"category": "Gourmet & World Food", "sub_category_name": "Dairy & Cheese", "product_name": "Ice Cream - Cookies & Cream Sticks", "product_brand": "Haagen-Dazs", "combo": []}, {"category": "Gourmet & World Food", "sub_category_name": "Dairy & Cheese", "product_name": "Stick - Chocolate Choc Almond", "product_brand": "Haagen-Dazs", "combo": []}, {"category": "Gourmet & World Food", "sub_category_name": "Dairy & Cheese", "product_name": "Condensed Almond Milk - Sweetened", "product_brand": "Jus Amazin", "combo": []}, {"category": "Gourmet & World Food", "sub_category_name": "Dairy & Cheese", "product_name": "30 Second Almond Milk - Unsweetened", "product_brand": "Jus Amazin", "combo": []}, {"category": "Gourmet & World Food", "sub_category_name": "Dairy & Cheese", "product_name": "Ice Cream - Chocolate Lite", "product_brand": "London Dairy", "combo": []}, {"category": "Gourmet & World Food", "sub_category_name": "Dairy & Cheese", "product_name": "Peri Peri Garlic Dip", "product_brand": "Wingreens Farms", "combo": []}, {"category": "Gourmet & World Food", "sub_category_name": "Dairy & Cheese", "product_name": "Vanilla Espresso Almond Butter", "product_brand": "Nutty Yogi", "combo": []}, {"category": "Gourmet & World Food", "sub_category_name": "Dairy & Cheese", "product_name": "Crunchy Cinnamon Almond Butter", "product_brand": "Nutty Yogi", "combo": []}, {"category": "Gourmet & World Food", "sub_category_name": "Dairy & Cheese", "product_name": "Garlic & Herbs Cream Cheese", "product_brand": "MOOZ", "combo": []}, {"category": "Gourmet & World Food", "sub_category_name": "Dairy & Cheese", "product_name": "Ice Cream - Mississippi Mud", "product_brand": "Baskin Robbins", "combo": []}, {"category": "Gourmet & World Food", "sub_category_name": "Dairy & Cheese", "product_name": "Organic Masala Tofu - Soy Paneer", "product_brand": "MOOZ", "combo": []}, {"category": "Gourmet & World Food", "sub_category_name": "Dairy & Cheese", "product_name": "Feta Cheese - Cubes in Oil & Oregano", "product_brand": "Dodoni", "combo": []}, {"category": "Gourmet & World Food", "sub_category_name": "Dairy & Cheese", "product_name": "Natura Rice & Walnut Drink, Vegan", "product_brand": "BORGES", "combo": []}, {"category": "Gourmet & World Food", "sub_category_name": "Dairy & Cheese", "product_name": "Ice Cream - Praline And Cream", "product_brand": "London Dairy", "combo": []}, {"category": "Gourmet & World Food", "sub_category_name": "Dairy & Cheese", "product_name": "Ice Cream - Praline And Cream", "product_brand": "London Dairy", "combo": []}, {"category": "Gourmet & World Food", "sub_category_name": "Dairy & Cheese", "product_name": "Garlic", "product_brand": "Kodai Cheese", "combo": []}, {"category": "Gourmet & World Food", "sub_category_name": "Dairy & Cheese", "product_name": "Slice - Green Chilli", "product_brand": "Kodai Cheese", "combo": []}, {"category": "Gourmet & World Food", "sub_category_name": "Dairy & Cheese", "product_name": "Mild Cheddar - White", "product_brand": "Collier's", "combo": []}, {"category": "Gourmet & World Food", "sub_category_name": "Dairy & Cheese", "product_name": "Danish Butter - Unsalted", "product_brand": "LURPAK", "combo": []}, {"category": "Gourmet & World Food", "sub_category_name": "Dairy & Cheese", "product_name": "Goat's Cheese - Katsiki", "product_brand": "Dodoni", "combo": []}, {"category": "Gourmet & World Food", "sub_category_name": "Dairy & Cheese", "product_name": "Soho Berry Ice Cream", "product_brand": "THE BROOKLYN CREAMERY", "combo": []}, {"category": "Gourmet & World Food", "sub_category_name": "Dairy & Cheese", "product_name": "Holy Moly Mango Ice Cream", "product_brand": "THE BROOKLYN CREAMERY", "combo": []}, {"category": "Gourmet & World Food", "sub_category_name": "Dairy & Cheese", "product_name": "Cafe Mocha Ice Cream", "product_brand": "THE BROOKLYN CREAMERY", "combo": []}, {"category": "Gourmet & World Food", "sub_category_name": "Dairy & Cheese", "product_name": "Summer Strawberries Ice Cream", "product_brand": "THE BROOKLYN CREAMERY", "combo": []}, {"category": "Gourmet & World Food", "sub_category_name": "Dairy & Cheese", "product_name": "Brooklyn Bridge Butterscotch Ice Cream", "product_brand": "THE BROOKLYN CREAMERY", "combo": []}, {"category": "Gourmet & World Food", "sub_category_name": "Dairy & Cheese", "product_name": "Tutti Frutti Ice Cream", "product_brand": "THE BROOKLYN CREAMERY", "combo": []}, {"category": "Gourmet & World Food", "sub_category_name": "Dairy & Cheese", "product_name": "Natura Rice & Hazelnut Drink, Vegan", "product_brand": "BORGES", "combo": []}, {"category": "Gourmet & World Food", "sub_category_name": "Dairy & Cheese", "product_name": "Camembert", "product_brand": "CASTELLO", "combo": []}, {"category": "Gourmet & World Food", "sub_category_name": "Dairy & Cheese", "product_name": "Natural Processed Cheese - Spreadable", "product_brand": "ARLA", "combo": []}, {"category": "Gourmet & World Food", "sub_category_name": "Dairy & Cheese", "product_name": "Quark Cheese", "product_brand": "MOOZ", "combo": []}, {"category": "Gourmet & World Food", "sub_category_name": "Dairy & Cheese", "product_name": "Mascarpone", "product_brand": "MOOZ", "combo": []}, {"category": "Gourmet & World Food", "sub_category_name": "Dairy & Cheese", "product_name": "Sour Cream Peri Peri", "product_brand": "MOOZ", "combo": []}, {"category": "Gourmet & World Food", "sub_category_name": "Dairy & Cheese", "product_name": "Cream Cheese Jalapeno", "product_brand": "MOOZ", "combo": []}, {"category": "Gourmet & World Food", "sub_category_name": "Dairy & Cheese", "product_name": "Ice Cream - Vanilla Lite", "product_brand": "London Dairy", "combo": []}, {"category": "Gourmet & World Food", "sub_category_name": "Dairy & Cheese", "product_name": "Breakfast Shake - Chocolate Flavour", "product_brand": "Brekkie", "combo": []}, {"category": "Gourmet & World Food", "sub_category_name": "Dairy & Cheese", "product_name": "Feta With Garlic & Parsley", "product_brand": "APETINA", "combo": []}, {"category": "Gourmet & World Food", "sub_category_name": "Dairy & Cheese", "product_name": "Feta With Red Peppers & Chili", "product_brand": "APETINA", "combo": []}, {"category": "Gourmet & World Food", "sub_category_name": "Dairy & Cheese", "product_name": "Processed Cheese - Garlic", "product_brand": "Dairy Craft", "combo": []}, {"category": "Gourmet & World Food", "sub_category_name": "Dairy & Cheese", "product_name": "Emmenthaler", "product_brand": "Kodai Cheese", "combo": []}, {"category": "Gourmet & World Food", "sub_category_name": "Dairy & Cheese", "product_name": "Feta", "product_brand": "Kodai Cheese", "combo": []}, {"category": "Gourmet & World Food", "sub_category_name": "Dairy & Cheese", "product_name": "Mozzarella, Smoked", "product_brand": "Kodai Cheese", "combo": []}, {"category": "Gourmet & World Food", "sub_category_name": "Dairy & Cheese", "product_name": "Cumin Gouda", "product_brand": "Kodai Cheese", "combo": []}, {"category": "Gourmet & World Food", "sub_category_name": "Dairy & Cheese", "product_name": "Cheese - Havarti, Slice", "product_brand": "ARLA", "combo": []}, {"category": "Gourmet & World Food", "sub_category_name": "Dairy & Cheese", "product_name": "Natura Rice & Almond Drink, Vegan", "product_brand": "BORGES", "combo": []}, {"category": "Gourmet & World Food", "sub_category_name": "Dairy & Cheese", "product_name": "Ice Cream - Cookies n Cream", "product_brand": "Baskin Robbins", "combo": []}, {"category": "Gourmet & World Food", "sub_category_name": "Dairy & Cheese", "product_name": "Green Chilly", "product_brand": "Kodai Cheese", "combo": []}, {"category": "Gourmet & World Food", "sub_category_name": "Dairy & Cheese", "product_name": "Cheese Slice - Edam", "product_brand": "Lactima", "combo": []}, {"category": "Gourmet & World Food", "sub_category_name": "Dairy & Cheese", "product_name": "Soya Milk - Chocolate", "product_brand": "Soyfresh", "combo": []}, {"category": "Gourmet & World Food", "sub_category_name": "Dairy & Cheese", "product_name": "Natural Processed Cheese - Spreadable", "product_brand": "ARLA", "combo": []}, {"category": "Gourmet & World Food", "sub_category_name": "Dairy & Cheese", "product_name": "Quark Cheese", "product_brand": "MOOZ", "combo": []}, {"category": "Gourmet & World Food", "sub_category_name": "Dairy & Cheese", "product_name": "Mascarpone", "product_brand": "MOOZ", "combo": []}, {"category": "Gourmet & World Food", "sub_category_name": "Dairy & Cheese", "product_name": "Sour Cream Peri Peri", "product_brand": "MOOZ", "combo": []}, {"category": "Gourmet & World Food", "sub_category_name": "Dairy & Cheese", "product_name": "Cream Cheese Jalapeno", "product_brand": "MOOZ", "combo": []}, {"category": "Gourmet & World Food", "sub_category_name": "Dairy & Cheese", "product_name": "Ice Cream - Vanilla Lite", "product_brand": "London Dairy", "combo": []}, {"category": "Gourmet & World Food", "sub_category_name": "Dairy & Cheese", "product_name": "Breakfast Shake - Chocolate Flavour", "product_brand": "Brekkie", "combo": []}, {"category": "Gourmet & World Food", "sub_category_name": "Dairy & Cheese", "product_name": "Feta With Garlic & Parsley", "product_brand": "APETINA", "combo": []}, {"category": "Gourmet & World Food", "sub_category_name": "Dairy & Cheese", "product_name": "Feta With Red Peppers & Chili", "product_brand": "APETINA", "combo": []}, {"category": "Gourmet & World Food", "sub_category_name": "Dairy & Cheese", "product_name": "Processed Cheese - Garlic", "product_brand": "Dairy Craft", "combo": []}, {"category": "Gourmet & World Food", "sub_category_name": "Dairy & Cheese", "product_name": "Emmenthaler", "product_brand": "Kodai Cheese", "combo": []}, {"category": "Gourmet & World Food", "sub_category_name": "Dairy & Cheese", "product_name": "Feta", "product_brand": "Kodai Cheese", "combo": []}, {"category": "Gourmet & World Food", "sub_category_name": "Dairy & Cheese", "product_name": "Mozzarella, Smoked", "product_brand": "Kodai Cheese", "combo": []}, {"category": "Gourmet & World Food", "sub_category_name": "Dairy & Cheese", "product_name": "Cumin Gouda", "product_brand": "Kodai Cheese", "combo": []}, {"category": "Gourmet & World Food", "sub_category_name": "Dairy & Cheese", "product_name": "Cheese - Havarti, Slice", "product_brand": "ARLA", "combo": []}, {"category": "Gourmet & World Food", "sub_category_name": "Dairy & Cheese", "product_name": "Natura Rice & Almond Drink, Vegan", "product_brand": "BORGES", "combo": []}, {"category": "Gourmet & World Food", "sub_category_name": "Dairy & Cheese", "product_name": "Ice Cream - Cookies n Cream", "product_brand": "Baskin Robbins", "combo": []}, {"category": "Gourmet & World Food", "sub_category_name": "Dairy & Cheese", "product_name": "Green Chilly", "product_brand": "Kodai Cheese", "combo": []}, {"category": "Gourmet & World Food", "sub_category_name": "Dairy & Cheese", "product_name": "Cheese Slice - Edam", "product_brand": "Lactima", "combo": []}, {"category": "Gourmet & World Food", "sub_category_name": "Dairy & Cheese", "product_name": "Soya Milk - Chocolate", "product_brand": "Soyfresh", "combo": []}, {"category": "Gourmet & World Food", "sub_category_name": "Dairy & Cheese", "product_name": "Butter Salted White", "product_brand": "Murginns", "combo": []}, {"category": "Gourmet & World Food", "sub_category_name": "Dairy & Cheese", "product_name": "Feta Cheese", "product_brand": "MOOZ", "combo": []}, {"category": "Gourmet & World Food", "sub_category_name": "Dairy & Cheese", "product_name": "Butter - Almond Cacao Crunchy", "product_brand": "Organic Origins", "combo": []}, {"category": "Gourmet & World Food", "sub_category_name": "Dairy & Cheese", "product_name": "Butter - Cashew, Smooth", "product_brand": "Organic Origins", "combo": []}, {"category": "Gourmet & World Food", "sub_category_name": "Dairy & Cheese", "product_name": "Danish Blue Cheese 50 b.f.", "product_brand": "CASTELLO", "combo": []}, {"category": "Gourmet & World Food", "sub_category_name": "Dairy & Cheese", "product_name": "Mild Cheddar - Coloured", "product_brand": "Collier's", "combo": []}, {"category": "Gourmet & World Food", "sub_category_name": "Dairy & Cheese", "product_name": "Feta Greek Cheese", "product_brand": "Dodoni", "combo": []}, {"category": "Gourmet & World Food", "sub_category_name": "Dairy & Cheese", "product_name": "Fresh Cheese - Herbs & Spices", "product_brand": "ARLA", "combo": []}, {"category": "Gourmet & World Food", "sub_category_name": "Dairy & Cheese", "product_name": "Fresh Cheese - Natural Light", "product_brand": "ARLA", "combo": []}, {"category": "Gourmet & World Food", "sub_category_name": "Dairy & Cheese", "product_name": "Cheese - Natural Cream", "product_brand": "ARLA", "combo": []}, {"category": "Gourmet & World Food", "sub_category_name": "Dairy & Cheese", "product_name": "Cheese - Gouda", "product_brand": "ARLA", "combo": []}, {"category": "Gourmet & World Food", "sub_category_name": "Dairy & Cheese", "product_name": "Ice Cream - Natural Strawberry", "product_brand": "London Dairy", "combo": []}, {"category": "Gourmet & World Food", "sub_category_name": "Dairy & Cheese", "product_name": "Ice Cream - Vanilla, Premium", "product_brand": "London Dairy", "combo": [["1 L", "750.00"], ["500 ml", "400.00"]]}, {"category": "Gourmet & World Food", "sub_category_name": "Dairy & Cheese", "product_name": "Ice Cream - Natural Strawberry, Family Pack", "product_brand": "London Dairy", "combo": []}, {"category": "Gourmet & World Food", "sub_category_name": "Dairy & Cheese", "product_name": "Cheese - Feta, Light", "product_brand": "Dodoni", "combo": []}, {"category": "Gourmet & World Food", "sub_category_name": "Dairy & Cheese", "product_name": "Kulfi Ice Cream", "product_brand": "THE BROOKLYN CREAMERY", "combo": []}, {"category": "Gourmet & World Food", "sub_category_name": "Dairy & Cheese", "product_name": "Vegan French Vanilla Ice Cream", "product_brand": "Papacream", "combo": []}, {"category": "Gourmet & World Food", "sub_category_name": "Dairy & Cheese", "product_name": "Butter Spreadable - Unsalted", "product_brand": "LURPAK", "combo": []}, {"category": "Gourmet & World Food", "sub_category_name": "Dairy & Cheese", "product_name": "Butter Spreadable - Salted", "product_brand": "LURPAK", "combo": []}, {"category": "Gourmet & World Food", "sub_category_name": "Dairy & Cheese", "product_name": "Cheese Slice - Cheddar", "product_brand": "Lactima", "combo": []}, {"category": "Gourmet & World Food", "sub_category_name": "Dairy & Cheese", "product_name": "Natural Processed Cheese - Spreadable", "product_brand": "ARLA", "combo": []}, {"category": "Gourmet & World Food", "sub_category_name": "Dairy & Cheese", "product_name": "Quark Cheese", "product_brand": "MOOZ", "combo": []}, {"category": "Gourmet & World Food", "sub_category_name": "Dairy & Cheese", "product_name": "Mascarpone", "product_brand": "MOOZ", "combo": []}, {"category": "Gourmet & World Food", "sub_category_name": "Dairy & Cheese", "product_name": "Sour Cream Peri Peri", "product_brand": "MOOZ", "combo": []}, {"category": "Gourmet & World Food", "sub_category_name": "Dairy & Cheese", "product_name": "Cream Cheese Jalapeno", "product_brand": "MOOZ", "combo": []}, {"category": "Gourmet & World Food", "sub_category_name": "Dairy & Cheese", "product_name": "Ice Cream - Vanilla Lite", "product_brand": "London Dairy", "combo": []}, {"category": "Gourmet & World Food", "sub_category_name": "Dairy & Cheese", "product_name": "Breakfast Shake - Chocolate Flavour", "product_brand": "Brekkie", "combo": []}, {"category": "Gourmet & World Food", "sub_category_name": "Dairy & Cheese", "product_name": "Feta With Garlic & Parsley", "product_brand": "APETINA", "combo": []}, {"category": "Gourmet & World Food", "sub_category_name": "Dairy & Cheese", "product_name": "Feta With Red Peppers & Chili", "product_brand": "APETINA", "combo": []}, {"category": "Gourmet & World Food", "sub_category_name": "Dairy & Cheese", "product_name": "Processed Cheese - Garlic", "product_brand": "Dairy Craft", "combo": []}, {"category": "Gourmet & World Food", "sub_category_name": "Dairy & Cheese", "product_name": "Emmenthaler", "product_brand": "Kodai Cheese", "combo": []}, {"category": "Gourmet & World Food", "sub_category_name": "Dairy & Cheese", "product_name": "Feta", "product_brand": "Kodai Cheese", "combo": []}, {"category": "Gourmet & World Food", "sub_category_name": "Dairy & Cheese", "product_name": "Mozzarella, Smoked", "product_brand": "Kodai Cheese", "combo": []}, {"category": "Gourmet & World Food", "sub_category_name": "Dairy & Cheese", "product_name": "Cumin Gouda", "product_brand": "Kodai Cheese", "combo": []}, {"category": "Gourmet & World Food", "sub_category_name": "Dairy & Cheese", "product_name": "Cheese - Havarti, Slice", "product_brand": "ARLA", "combo": []}, {"category": "Gourmet & World Food", "sub_category_name": "Dairy & Cheese", "product_name": "Natura Rice & Almond Drink, Vegan", "product_brand": "BORGES", "combo": []}, {"category": "Gourmet & World Food", "sub_category_name": "Dairy & Cheese", "product_name": "Ice Cream - Cookies n Cream", "product_brand": "Baskin Robbins", "combo": []}, {"category": "Gourmet & World Food", "sub_category_name": "Dairy & Cheese", "product_name": "Green Chilly", "product_brand": "Kodai Cheese", "combo": []}, {"category": "Gourmet & World Food", "sub_category_name": "Dairy & Cheese", "product_name": "Cheese Slice - Edam", "product_brand": "Lactima", "combo": []}, {"category": "Gourmet & World Food", "sub_category_name": "Dairy & Cheese", "product_name": "Soya Milk - Chocolate", "product_brand": "Soyfresh", "combo": []}, {"category": "Gourmet & World Food", "sub_category_name": "Dairy & Cheese", "product_name": "Natural Processed Cheese - Spreadable", "product_brand": "ARLA", "combo": []}, {"category": "Gourmet & World Food", "sub_category_name": "Dairy & Cheese", "product_name": "Quark Cheese", "product_brand": "MOOZ", "combo": []}, {"category": "Gourmet & World Food", "sub_category_name": "Dairy & Cheese", "product_name": "Mascarpone", "product_brand": "MOOZ", "combo": []}, {"category": "Gourmet & World Food", "sub_category_name": "Dairy & Cheese", "product_name": "Sour Cream Peri Peri", "product_brand": "MOOZ", "combo": []}, {"category": "Gourmet & World Food", "sub_category_name": "Dairy & Cheese", "product_name": "Cream Cheese Jalapeno", "product_brand": "MOOZ", "combo": []}, {"category": "Gourmet & World Food", "sub_category_name": "Dairy & Cheese", "product_name": "Ice Cream - Vanilla Lite", "product_brand": "London Dairy", "combo": []}, {"category": "Gourmet & World Food", "sub_category_name": "Dairy & Cheese", "product_name": "Breakfast Shake - Chocolate Flavour", "product_brand": "Brekkie", "combo": []}, {"category": "Gourmet & World Food", "sub_category_name": "Dairy & Cheese", "product_name": "Feta With Garlic & Parsley", "product_brand": "APETINA", "combo": []}, {"category": "Gourmet & World Food", "sub_category_name": "Dairy & Cheese", "product_name": "Feta With Red Peppers & Chili", "product_brand": "APETINA", "combo": []}, {"category": "Gourmet & World Food", "sub_category_name": "Dairy & Cheese", "product_name": "Processed Cheese - Garlic", "product_brand": "Dairy Craft", "combo": []}, {"category": "Gourmet & World Food", "sub_category_name": "Dairy & Cheese", "product_name": "Emmenthaler", "product_brand": "Kodai Cheese", "combo": []}, {"category": "Gourmet & World Food", "sub_category_name": "Dairy & Cheese", "product_name": "Feta", "product_brand": "Kodai Cheese", "combo": []}, {"category": "Gourmet & World Food", "sub_category_name": "Dairy & Cheese", "product_name": "Mozzarella, Smoked", "product_brand": "Kodai Cheese", "combo": []}, {"category": "Gourmet & World Food", "sub_category_name": "Dairy & Cheese", "product_name": "Cumin Gouda", "product_brand": "Kodai Cheese", "combo": []}, {"category": "Gourmet & World Food", "sub_category_name": "Dairy & Cheese", "product_name": "Cheese - Havarti, Slice", "product_brand": "ARLA", "combo": []}, {"category": "Gourmet & World Food", "sub_category_name": "Dairy & Cheese", "product_name": "Natura Rice & Almond Drink, Vegan", "product_brand": "BORGES", "combo": []}, {"category": "Gourmet & World Food", "sub_category_name": "Dairy & Cheese", "product_name": "Ice Cream - Cookies n Cream", "product_brand": "Baskin Robbins", "combo": []}, {"category": "Gourmet & World Food", "sub_category_name": "Dairy & Cheese", "product_name": "Green Chilly", "product_brand": "Kodai Cheese", "combo": []}, {"category": "Gourmet & World Food", "sub_category_name": "Dairy & Cheese", "product_name": "Cheese Slice - Edam", "product_brand": "Lactima", "combo": []}, {"category": "Gourmet & World Food", "sub_category_name": "Dairy & Cheese", "product_name": "Soya Milk - Chocolate", "product_brand": "Soyfresh", "combo": []}, {"category": "Gourmet & World Food", "sub_category_name": "Dairy & Cheese", "product_name": "Natural Processed Cheese - Spreadable", "product_brand": "ARLA", "combo": []}, {"category": "Gourmet & World Food", "sub_category_name": "Dairy & Cheese", "product_name": "Quark Cheese", "product_brand": "MOOZ", "combo": []}, {"category": "Gourmet & World Food", "sub_category_name": "Dairy & Cheese", "product_name": "Mascarpone", "product_brand": "MOOZ", "combo": []}, {"category": "Gourmet & World Food", "sub_category_name": "Dairy & Cheese", "product_name": "Sour Cream Peri Peri", "product_brand": "MOOZ", "combo": []}, {"category": "Gourmet & World Food", "sub_category_name": "Dairy & Cheese", "product_name": "Cream Cheese Jalapeno", "product_brand": "MOOZ", "combo": []}, {"category": "Gourmet & World Food", "sub_category_name": "Dairy & Cheese", "product_name": "Ice Cream - Vanilla Lite", "product_brand": "London Dairy", "combo": []}, {"category": "Gourmet & World Food", "sub_category_name": "Dairy & Cheese", "product_name": "Breakfast Shake - Chocolate Flavour", "product_brand": "Brekkie", "combo": []}, {"category": "Gourmet & World Food", "sub_category_name": "Dairy & Cheese", "product_name": "Feta With Garlic & Parsley", "product_brand": "APETINA", "combo": []}, {"category": "Gourmet & World Food", "sub_category_name": "Dairy & Cheese", "product_name": "Feta With Red Peppers & Chili", "product_brand": "APETINA", "combo": []}, {"category": "Gourmet & World Food", "sub_category_name": "Dairy & Cheese", "product_name": "Processed Cheese - Garlic", "product_brand": "Dairy Craft", "combo": []}, {"category": "Gourmet & World Food", "sub_category_name": "Dairy & Cheese", "product_name": "Emmenthaler", "product_brand": "Kodai Cheese", "combo": []}, {"category": "Gourmet & World Food", "sub_category_name": "Dairy & Cheese", "product_name": "Feta", "product_brand": "Kodai Cheese", "combo": []}, {"category": "Gourmet & World Food", "sub_category_name": "Dairy & Cheese", "product_name": "Mozzarella, Smoked", "product_brand": "Kodai Cheese", "combo": []}, {"category": "Gourmet & World Food", "sub_category_name": "Dairy & Cheese", "product_name": "Cumin Gouda", "product_brand": "Kodai Cheese", "combo": []}, {"category": "Gourmet & World Food", "sub_category_name": "Dairy & Cheese", "product_name": "Cheese - Havarti, Slice", "product_brand": "ARLA", "combo": []}, {"category": "Gourmet & World Food", "sub_category_name": "Dairy & Cheese", "product_name": "Natura Rice & Almond Drink, Vegan", "product_brand": "BORGES", "combo": []}, {"category": "Gourmet & World Food", "sub_category_name": "Dairy & Cheese", "product_name": "Ice Cream - Cookies n Cream", "product_brand": "Baskin Robbins", "combo": []}, {"category": "Gourmet & World Food", "sub_category_name": "Dairy & Cheese", "product_name": "Green Chilly", "product_brand": "Kodai Cheese", "combo": []}, {"category": "Gourmet & World Food", "sub_category_name": "Dairy & Cheese", "product_name": "Cheese Slice - Edam", "product_brand": "Lactima", "combo": []}, {"category": "Gourmet & World Food", "sub_category_name": "Dairy & Cheese", "product_name": "Soya Milk - Chocolate", "product_brand": "Soyfresh", "combo": []}]