[{"category": "Beverages", "sub_category_name": "Fruit Juices & Drinks", "product_name": "Masti Buttermilk - Spice", "product_brand": "Amul", "combo": [["1 L", "50.00"], ["4x180 ml", "48.00"], ["200 ml", "12.00"], ["2x1 L", "100.00"], ["3x180 ml", "36.00"]]}, {"category": "Beverages", "sub_category_name": "Fruit Juices & Drinks", "product_name": "Fresh 'N' Juicy Mango Drink", "product_brand": "Frooti", "combo": [["4x160 ml", "37.20"], ["4x200 ml", "60.00"], ["200 ml", "15.00"]]}, {"category": "Beverages", "sub_category_name": "Fruit Juices & Drinks", "product_name": "Probiotic Health Drink", "product_brand": "Yakult", "combo": [["325 ml", "70.00"], ["4x325 ml", "280.00"]]}, {"category": "Beverages", "sub_category_name": "Fruit Juices & Drinks", "product_name": "100% Natural Coconut Water", "product_brand": "Raw Pressery", "combo": [["12x200 ml", "720.00"], ["4x200 ml", "240.00"], ["24x200 ml", "1440.00"], ["200 ml", "60.00"], ["8x200 ml", "480.00"]]}, {"category": "Beverages", "sub_category_name": "Fruit Juices & Drinks", "product_name": "Coconut Water - Refreshing Flavour, Vital Electrolytes", "product_brand": "Paper Boat", "combo": [["6x200 ml", "252.00"], ["200 ml", "50.00"], ["12x200 ml", "600.00"], ["4x200 ml", "200.00"]]}, {"category": "Beverages", "sub_category_name": "Fruit Juices & Drinks", "product_name": "Fruit Power Juice - Mixed Fruits", "product_brand": "Real", "combo": [["1 L", "70.00"], ["3X1 L", "207.99"], ["2x1 L", "139.00"]]}, {"category": "Beverages", "sub_category_name": "Fruit Juices & Drinks", "product_name": "Fruit Juice - Guava Delight", "product_brand": "Tropicana", "combo": [["1 L", "100.00"], ["6x200 ml", "120.00"], ["12x200 ml", "240.00"], ["2x200 ml", "36.00"], ["4x200 ml", "80.00"], ["2x1 L", "156.00"], ["200 ml", "20.00"]]}, {"category": "Beverages", "sub_category_name": "Fruit Juices & Drinks", "product_name": "Fruit Power Juice - Litchi", "product_brand": "Real", "combo": [["1 L", "90.00"], ["180 ml", "20.00"], ["2x1 L", "179.00"], ["3x1 L", "267.99"], ["4x180 ml", "80.00"]]}, {"category": "Beverages", "sub_category_name": "Fruit Juices & Drinks", "product_name": "100% Natural Cold Pressed Juice - Valencia Orange", "product_brand": "Raw Pressery", "combo": [["1 L", "330.00"], ["3x1 L", "990.00"], ["2x1 L", "660.00"]]}, {"category": "Beverages", "sub_category_name": "Fruit Juices & Drinks", "product_name": "Apple Juice Based Drink", "product_brand": "Appy Fizz", "combo": [["2x1 L", "110.00"], ["4x250 ml", "60.00"], ["600 ml", "33.00"], ["1 L", "55.00"], ["250 ml", "15.00"]]}, {"category": "Beverages", "sub_category_name": "Fruit Juices & Drinks", "product_name": "Juice - Fruit Power, Orange/Santra", "product_brand": "Real", "combo": [["2x1 L", "159.00"], ["4x180 ml", "80.00"], ["180 ml", "20.00"], ["1 L", "80.00"], ["3X1 L", "237.99"]]}, {"category": "Beverages", "sub_category_name": "Fruit Juices & Drinks", "product_name": "Fruit Power Juice - Mango/Aam", "product_brand": "Real", "combo": [["1 L", "80.00"], ["2x1 L", "159.00"], ["3x1 L", "237.99"]]}, {"category": "Beverages", "sub_category_name": "Fruit Juices & Drinks", "product_name": "100% Orange Juice", "product_brand": "Tropicana", "combo": [["200 ml", "30.00"], ["3x1 L", "405.00"], ["6x200 ml", "180.00"], ["2x200 ml", "54.00"], ["2x1 L", "221.40"], ["1 L", "135.00"]]}, {"category": "Beverages", "sub_category_name": "Fruit Juices & Drinks", "product_name": "Lassi", "product_brand": "Amul", "combo": [["3x250 ml", "60.00"], ["6x250 ml", "120.00"], ["4x250 ml", "80.00"], ["250 ml", "20.00"]]}, {"category": "Beverages", "sub_category_name": "Fruit Juices & Drinks", "product_name": "Fruit Juice - Orange Delight", "product_brand": "Tropicana", "combo": [["1 L", "110.00"], ["4x200 ml", "80.00"], ["12x200 ml", "240.00"], ["2x200 ml", "36.00"], ["200 ml", "20.00"], ["6x200 ml", "120.00"], ["2x1 L", "180.40"]]}, {"category": "Beverages", "sub_category_name": "Fruit Juices & Drinks", "product_name": "Delight Fruit Juice - Cranberry", "product_brand": "Tropicana", "combo": [["1 L", "110.00"], ["2x1 L", "180.40"]]}, {"category": "Beverages", "sub_category_name": "Fruit Juices & Drinks", "product_name": "Juice - Classic Apple", "product_brand": "Appy", "combo": [["4x160 ml", "40.00"], ["160 ml", "10.00"]]}, {"category": "Beverages", "sub_category_name": "Fruit Juices & Drinks", "product_name": "Thickest Mango Drink", "product_brand": "Slice", "combo": [["1.75 L", "76.50"], ["4x600 ml", "119.00"], ["2x1.2 L", "100.94"], ["1.2 L", "50.47"], ["2x1.75 L", "153.00"], ["600 ml", "35.00"], ["4x1.2 L", "201.88"], ["6x600 ml", "178.50"]]}, {"category": "Beverages", "sub_category_name": "Fruit Juices & Drinks", "product_name": "Nimbooz Soft Drink - With Real Lemon Juice", "product_brand": "7 Up Nimbooz", "combo": []}, {"category": "Beverages", "sub_category_name": "Fruit Juices & Drinks", "product_name": "100 % Coconut Water - With No Added Sugar", "product_brand": "Real Activ", "combo": [["4x200 ml", "180.00"], ["200 ml", "45.00"], ["12x200 ml", "540.00"], ["6x200 ml", "240.00"]]}, {"category": "Beverages", "sub_category_name": "Fruit Juices & Drinks", "product_name": "Fruit Juice - Mixed Fruit Delight", "product_brand": "Tropicana", "combo": [["2x200 ml", "36.00"], ["6x200 ml", "120.00"], ["2x1 L", "111.70"], ["1 L", "71.60"], ["200 ml", "20.00"]]}, {"category": "Beverages", "sub_category_name": "Fruit Juices & Drinks", "product_name": "Fruit Power Juice - Apple", "product_brand": "Real", "combo": [["3x1 L", "252.99"], ["2x200 ml", "40.00"], ["2x1 L", "169.00"], ["4x180 ml", "80.00"], ["1 L", "85.00"], ["180 ml", "20.00"]]}, {"category": "Beverages", "sub_category_name": "Fruit Juices & Drinks", "product_name": "Juice - Fruit Power, Cranberry", "product_brand": "Real", "combo": [["1 L", "103.00"], ["2x1 L", "206.00"]]}, {"category": "Beverages", "sub_category_name": "Fruit Juices & Drinks", "product_name": "Drink - Fresh 'N' Juicy Mango", "product_brand": "Frooti", "combo": [["300 ml", "20.00"], ["500 ml", "38.00"]]}, {"category": "Beverages", "sub_category_name": "Fruit Juices & Drinks", "product_name": "Syrup - Kairi Kairi", "product_brand": "Aanya", "combo": []}, {"category": "Beverages", "sub_category_name": "Fruit Juices & Drinks", "product_name": "Mango Drink", "product_brand": "Real", "combo": [["1.2 L", "55.00"], ["250 ml", "16.60"], ["600 ml", "33.00"]]}, {"category": "Beverages", "sub_category_name": "Fruit Juices & Drinks", "product_name": "Thandai Extract", "product_brand": "Spice Drop", "combo": []}, {"category": "Beverages", "sub_category_name": "Fruit Juices & Drinks", "product_name": "Kesar Rose Extract", "product_brand": "Spice Drop", "combo": []}, {"category": "Beverages", "sub_category_name": "Fruit Juices & Drinks", "product_name": "Kiwi Crush", "product_brand": "Manama", "combo": []}, {"category": "Beverages", "sub_category_name": "Fruit Juices & Drinks", "product_name": "Peach Ice Tea Syrup", "product_brand": "Manama", "combo": []}, {"category": "Beverages", "sub_category_name": "Fruit Juices & Drinks", "product_name": "Khus Syrup", "product_brand": "Manama", "combo": []}, {"category": "Beverages", "sub_category_name": "Fruit Juices & Drinks", "product_name": "Orange Crush", "product_brand": "Manama", "combo": []}, {"category": "Beverages", "sub_category_name": "Fruit Juices & Drinks", "product_name": "Pink Guava Crush", "product_brand": "Manama", "combo": []}, {"category": "Beverages", "sub_category_name": "Fruit Juices & Drinks", "product_name": "Litchi Crush", "product_brand": "Manama", "combo": []}, {"category": "Beverages", "sub_category_name": "Fruit Juices & Drinks", "product_name": "Pink Guava Fruit Syrup", "product_brand": "Manama", "combo": []}, {"category": "Beverages", "sub_category_name": "Fruit Juices & Drinks", "product_name": "Panha Fruit Syrup", "product_brand": "Manama", "combo": []}, {"category": "Beverages", "sub_category_name": "Fruit Juices & Drinks", "product_name": "Passion Fruit Syrup", "product_brand": "Manama", "combo": []}, {"category": "Beverages", "sub_category_name": "Fruit Juices & Drinks", "product_name": "Black Current Crush", "product_brand": "Manama", "combo": []}, {"category": "Beverages", "sub_category_name": "Fruit Juices & Drinks", "product_name": "Falsa Fruit Syrup", "product_brand": "Manama", "combo": []}, {"category": "Beverages", "sub_category_name": "Fruit Juices & Drinks", "product_name": "Juice - Aloe + Wheatgrass", "product_brand": "Kapiva Ayurveda", "combo": []}, {"category": "Beverages", "sub_category_name": "Fruit Juices & Drinks", "product_name": "Organics Aloe Vera Fresh Juice Concentrate", "product_brand": "18 Herbs", "combo": []}, {"category": "Beverages", "sub_category_name": "Fruit Juices & Drinks", "product_name": "Peach & Apricot Crush", "product_brand": "Manama", "combo": []}, {"category": "Beverages", "sub_category_name": "Fruit Juices & Drinks", "product_name": "Strawberry Crush", "product_brand": "Manama", "combo": []}, {"category": "Beverages", "sub_category_name": "Fruit Juices & Drinks", "product_name": "Aloe Kiwi", "product_brand": "Real", "combo": []}, {"category": "Beverages", "sub_category_name": "Fruit Juices & Drinks", "product_name": "Amla Plus", "product_brand": "Dabur", "combo": []}, {"category": "Beverages", "sub_category_name": "Fruit Juices & Drinks", "product_name": "Amla Plus", "product_brand": "Dabur", "combo": []}, {"category": "Beverages", "sub_category_name": "Fruit Juices & Drinks", "product_name": "Coconut Milk", "product_brand": "Coco Mama", "combo": [["2 x 250 ml", "115.60"], ["250 ml", "68.00"]]}, {"category": "Beverages", "sub_category_name": "Fruit Juices & Drinks", "product_name": "Giloy Juice - Natural Immunity Booster, Anti-Microbial Properties", "product_brand": "Kapiva Ayurveda", "combo": []}, {"category": "Beverages", "sub_category_name": "Fruit Juices & Drinks", "product_name": "Instant Iced Tea Lemon", "product_brand": "Nestea", "combo": []}, {"category": "Beverages", "sub_category_name": "Fruit Juices & Drinks", "product_name": "Almond Milk - Unsweetened", "product_brand": "Raw Pressery", "combo": [["2x1 L", "604.00"], ["3x1 L", "915.00"], ["1 L", "325.00"]]}, {"category": "Beverages", "sub_category_name": "Fruit Juices & Drinks", "product_name": "Fruit Power Juice - Guava/Amrud", "product_brand": "Real", "combo": [["4x180 ml", "80.00"], ["1 L", "72.10"], ["180 ml", "20.00"], ["3X1 L", "214.29"], ["2x1 L", "143.20"]]}, {"category": "Beverages", "sub_category_name": "Fruit Juices & Drinks", "product_name": "Probiotic Health Drink - Light", "product_brand": "Yakult", "combo": [["4x65 ml", "340.00"], ["65 ml", "85.00"]]}, {"category": "Beverages", "sub_category_name": "Fruit Juices & Drinks", "product_name": "Milk - Soya, Sugar Free", "product_brand": "Sofit", "combo": [["2x1 L", "222.00"], ["3x200 ml", "101.85"], ["200 ml", "33.95"], ["6x200 ml", "203.70"], ["4x200 ml", "135.80"], ["1 L", "111.00"], ["3x1 L", "333.00"]]}, {"category": "Beverages", "sub_category_name": "Fruit Juices & Drinks", "product_name": "Drink - Almond Fresh, Natural", "product_brand": "So Good", "combo": [["200 ml", "70.00"], ["3x200 ml", "210.00"], ["2x1 L", "420.75"], ["4x200 ml", "238.00"], ["1 L", "247.50"]]}, {"category": "Beverages", "sub_category_name": "Fruit Juices & Drinks", "product_name": "100 % Mixed Fruit Juice - With No Added Sugar and Preservative", "product_brand": "Real Activ", "combo": [["1 L", "110.00"], ["3x1 L", "327.99"], ["2x1 L", "219.00"]]}, {"category": "Beverages", "sub_category_name": "Fruit Juices & Drinks", "product_name": "Aamras Mango Fruit Juice", "product_brand": "Paper Boat", "combo": [["12x200 ml", "360.00"], ["4x200 ml", "120.00"], ["200 ml", "30.00"], ["5x200 ml", "150.00"], ["6x200 ml", "180.00"]]}, {"category": "Beverages", "sub_category_name": "Fruit Juices & Drinks", "product_name": "Fusion Orange", "product_brand": "Rooh Afza Fusion", "combo": []}, {"category": "Beverages", "sub_category_name": "Fruit Juices & Drinks", "product_name": "Fusion - Pineapple + Orange", "product_brand": "Rooh Afza Fusion", "combo": []}, {"category": "Beverages", "sub_category_name": "Fruit Juices & Drinks", "product_name": "Fruit Power Juice Litchi 1 L + Guava/Amrud 1 L + Mixed Fruits 1 L", "product_brand": "Real", "combo": []}, {"category": "Beverages", "sub_category_name": "Fruit Juices & Drinks", "product_name": "100% Natural Cold Pressed Juice - Sugarcane", "product_brand": "Raw Pressery", "combo": [["250 ml", "80.00"], ["4x250 ml", "320.00"], ["2x1 L", "400.00"], ["1 L", "200.00"]]}, {"category": "Beverages", "sub_category_name": "Fruit Juices & Drinks", "product_name": "Lassi - Rose Flavor", "product_brand": "Amul", "combo": [["1 L", "70.00"], ["5x200 ml", "75.00"], ["200 ml", "15.00"], ["2x1 L", "140.00"]]}, {"category": "Beverages", "sub_category_name": "Fruit Juices & Drinks", "product_name": "Cold Pressed Juice - Sugarcane, 1 lt + Orange, 1 lt", "product_brand": "Raw Pressery", "combo": []}, {"category": "Beverages", "sub_category_name": "Fruit Juices & Drinks", "product_name": "Kool - Kesar", "product_brand": "Amul", "combo": [["5x180 ml", "92.70"], ["180 ml", "18.54"]]}, {"category": "Beverages", "sub_category_name": "Fruit Juices & Drinks", "product_name": "Juice - Fruit Power, Cranberry 1 L + Fruit Power, Orange/Santra 1 L", "product_brand": "Real", "combo": []}, {"category": "Beverages", "sub_category_name": "Fruit Juices & Drinks", "product_name": "100% Mixed Fruit Juice", "product_brand": "Tropicana", "combo": [["1 L", "135.00"], ["3x1 L", "405.00"], ["2x1 L", "210.60"]]}, {"category": "Beverages", "sub_category_name": "Fruit Juices & Drinks", "product_name": "Fruit Drink - Pulpy Orange", "product_brand": "Minute Maid", "combo": [["2x1 L", "118.00"], ["1 L", "59.00"]]}, {"category": "Beverages", "sub_category_name": "Fruit Juices & Drinks", "product_name": "Chilled Latte Coffee", "product_brand": "Nescafe", "combo": [["180 ml", "35.00"], ["6x180 ml", "210.00"]]}, {"category": "Beverages", "sub_category_name": "Fruit Juices & Drinks", "product_name": "Milk - Soya, Chocolate", "product_brand": "Sofit", "combo": [["200 ml", "33.95"], ["4x200 ml", "135.80"], ["6x200 ml", "203.70"]]}, {"category": "Beverages", "sub_category_name": "Fruit Juices & Drinks", "product_name": "100 % Apple Juice - With No Added Sugar and Preservative", "product_brand": "Real Activ", "combo": [["1 L", "110.00"], ["200 ml", "30.00"], ["4x200 ml", "120.00"], ["3x1 L", "327.99"], ["2x1 L", "219.00"]]}, {"category": "Beverages", "sub_category_name": "Fruit Juices & Drinks", "product_name": "Coolz Sharbat - Rose", "product_brand": "Mapro", "combo": [["2x1 L", "396.00"], ["1 L", "198.00"]]}, {"category": "Beverages", "sub_category_name": "Fruit Juices & Drinks", "product_name": "Milk Shake - Cookies & Creme", "product_brand": "Hersheys", "combo": [["6x200 ml", "203.70"], ["200 ml", "33.95"], ["3x200 ml", "101.85"]]}, {"category": "Beverages", "sub_category_name": "Fruit Juices & Drinks", "product_name": "Fruit Juice - Apple Delight", "product_brand": "Tropicana", "combo": [["2x1 L", "156.00"], ["3x1 L", "300.00"], ["12x200 ml", "240.00"], ["6x200 ml", "120.00"], ["200 ml", "20.00"], ["1 L", "100.00"]]}, {"category": "Beverages", "sub_category_name": "Fruit Juices & Drinks", "product_name": "Butter Milk - Ginger & Jeera (Spiced)", "product_brand": "Go", "combo": [["200 ml", "12.00"], ["5x200 ml", "60.00"]]}, {"category": "Beverages", "sub_category_name": "Fruit Juices & Drinks", "product_name": "Fruit Juice - Mango Delight", "product_brand": "Tropicana", "combo": [["1 L", "100.00"], ["12x200 ml", "240.00"], ["200 ml", "20.00"], ["2x1 L", "164.00"], ["2x200 ml", "36.00"], ["6x200 ml", "120.00"]]}, {"category": "Beverages", "sub_category_name": "Fruit Juices & Drinks", "product_name": "Milk Shake - Strawberry", "product_brand": "Hersheys", "combo": [["3x200 ml", "78.75"], ["6x200 ml", "157.50"], ["200 ml", "26.25"]]}, {"category": "Beverages", "sub_category_name": "Fruit Juices & Drinks", "product_name": "Tulsi Giloy Juice", "product_brand": "Kapiva Ayurveda", "combo": []}, {"category": "Beverages", "sub_category_name": "Fruit Juices & Drinks", "product_name": "Jaljeera - Refreshing Summer Drink", "product_brand": "Paper Boat", "combo": [["4x200 ml", "120.00"], ["200 ml", "30.00"], ["6x200 ml", "180.00"]]}, {"category": "Beverages", "sub_category_name": "Fruit Juices & Drinks", "product_name": "Milk - Soya, Vanilla", "product_brand": "Sofit", "combo": [["3x1 L", "378.30"], ["200 ml", "33.95"], ["1 L", "126.10"], ["3x200 ml", "101.85"], ["6x200 ml", "203.70"], ["2x1 L", "252.20"], ["4x200 ml", "135.80"]]}, {"category": "Beverages", "sub_category_name": "Fruit Juices & Drinks", "product_name": "Fruit Juice - Delight, Pomegranate", "product_brand": "Tropicana", "combo": [["2x1 L", "180.40"], ["1 L", "110.00"]]}, {"category": "Beverages", "sub_category_name": "Fruit Juices & Drinks", "product_name": "Syrup - Milk Booster", "product_brand": "Hersheys", "combo": [["450 g", "191.58"], ["2x450 g", "375.50"]]}, {"category": "Beverages", "sub_category_name": "Fruit Juices & Drinks", "product_name": "Fruit Juice - Delight, Litchi", "product_brand": "Tropicana", "combo": [["200 ml", "20.00"], ["2x200 ml", "36.00"], ["1 L", "110.00"], ["6x200 ml", "120.00"], ["2x1 L", "180.40"]]}, {"category": "Beverages", "sub_category_name": "Fruit Juices & Drinks", "product_name": "Santra Orange Fruit Juice", "product_brand": "Paper Boat", "combo": [["6x200 ml", "172.44"], ["3 x 1 L", "330.00"], ["200 ml", "28.74"], ["12x200 ml", "344.88"], ["1 L", "110.00"], ["4x200 ml", "114.96"]]}, {"category": "Beverages", "sub_category_name": "Fruit Juices & Drinks", "product_name": "Milk Shake - Chocolate", "product_brand": "Hersheys", "combo": [["200 ml", "26.25"], ["3x200 ml", "78.75"], ["6x200 ml", "157.50"]]}, {"category": "Beverages", "sub_category_name": "Fruit Juices & Drinks", "product_name": "Cold Pressed Juice - Pomegranate", "product_brand": "Raw Pressery", "combo": [["2x1 L", "800.00"], ["2x250 ml", "300.00"], ["1 L", "400.00"], ["250 ml", "150.00"], ["4x250 ml", "600.00"], ["3x250 ml", "450.00"]]}, {"category": "Beverages", "sub_category_name": "Fruit Juices & Drinks", "product_name": "100% Juice - Orange 1 lt + Apple 1 lt + Mixed Fruit 1 lt", "product_brand": "Tropicana", "combo": []}, {"category": "Beverages", "sub_category_name": "Fruit Juices & Drinks", "product_name": "Pepsi Soft Drink 2.25 L + Slice Thickest Mango Drink 1.2 L", "product_brand": "bb Combo", "combo": []}, {"category": "Beverages", "sub_category_name": "Fruit Juices & Drinks", "product_name": "Mango Drink", "product_brand": "Maaza", "combo": [["600 ml", "40.00"], ["2x1.2 L", "107.12"], ["6x1.2 L", "321.36"], ["12x1.2 L", "642.72"], ["1.2 L", "53.56"]]}, {"category": "Beverages", "sub_category_name": "Fruit Juices & Drinks", "product_name": "100% Apple Juice", "product_brand": "Tropicana", "combo": [["3x1 L", "405.00"], ["2x200 ml", "54.00"], ["2x1 L", "210.60"], ["2x200 ml", "60.00"], ["1 L", "135.00"], ["200 ml", "30.00"]]}, {"category": "Beverages", "sub_category_name": "Fruit Juices & Drinks", "product_name": "Delight Fruit Juice - Pineapple", "product_brand": "Tropicana", "combo": [["4x200 ml", "80.00"], ["200 ml", "20.00"]]}, {"category": "Beverages", "sub_category_name": "Fruit Juices & Drinks", "product_name": "Milk - Soya, Chocolate", "product_brand": "Sofit", "combo": [["3x1 L", "333.00"], ["2x1 L", "222.00"], ["1 L", "111.00"]]}, {"category": "Beverages", "sub_category_name": "Fruit Juices & Drinks", "product_name": "Aamras Mango Fruit Juice", "product_brand": "Paper Boat", "combo": [["1 L", "344.85"], ["2x1 L", "229.90"], ["1 L", "114.95"]]}, {"category": "Beverages", "sub_category_name": "Fruit Juices & Drinks", "product_name": "100 % Orange Juice - With No Added Sugar and Preservative", "product_brand": "Real Activ", "combo": [["2x1 L", "219.00"], ["3x1 L", "327.99"], ["1 L", "110.00"]]}, {"category": "Beverages", "sub_category_name": "Fruit Juices & Drinks", "product_name": "100% Natural Cold Pressed Juice - Mixed Fruit", "product_brand": "Raw Pressery", "combo": [["2x200 ml", "120.00"], ["200 ml", "60.00"], ["4x200 ml", "240.00"]]}, {"category": "Beverages", "sub_category_name": "Fruit Juices & Drinks", "product_name": "Fruit Power Juice - Pineapple", "product_brand": "Real", "combo": [["1 L", "105.00"], ["2x1 L", "210.00"]]}, {"category": "Beverages", "sub_category_name": "Fruit Juices & Drinks", "product_name": "Juice - Litchi Luscious", "product_brand": "B Natural", "combo": [["2x1 L", "158.40"], ["1 L", "79.20"]]}, {"category": "Beverages", "sub_category_name": "Fruit Juices & Drinks", "product_name": "Intense Cafe Coffee - Ready To Drink", "product_brand": "Nescafe", "combo": [["180 ml", "35.00"], ["4x180 ml", "140.00"]]}, {"category": "Beverages", "sub_category_name": "Fruit Juices & Drinks", "product_name": "Juice - Apple with No Added Sugar, 1 l + Orange, 1 l", "product_brand": "Real Activ", "combo": []}, {"category": "Beverages", "sub_category_name": "Fruit Juices & Drinks", "product_name": "Fruit Power - Pomegranate (Anar)", "product_brand": "Real", "combo": [["1 L", "95.00"], ["2x1 L", "189.00"]]}, {"category": "Beverages", "sub_category_name": "Fruit Juices & Drinks", "product_name": "100% Natural Cold Pressed Juice - Trim", "product_brand": "Raw Pressery", "combo": [["250 ml", "150.00"], ["2x250 ml", "285.00"], ["4x250 ml", "540.00"]]}, {"category": "Beverages", "sub_category_name": "Fruit Juices & Drinks", "product_name": "Delight Fruit Juice - Cranberry 1 L + Pomegranate 1 L + Orange 1 L", "product_brand": "Tropicana", "combo": []}, {"category": "Beverages", "sub_category_name": "Fruit Juices & Drinks", "product_name": "Chilli Guava Fruit Juice", "product_brand": "Paper Boat", "combo": [["200 ml", "20.60"], ["4x200 ml", "82.40"], ["6x200 ml", "123.60"]]}, {"category": "Beverages", "sub_category_name": "Fruit Juices & Drinks", "product_name": "Fruit Juice - Masala Guava", "product_brand": "Real", "combo": [["2x1 L", "160.00"], ["1 L", "80.00"]]}, {"category": "Beverages", "sub_category_name": "Fruit Juices & Drinks", "product_name": "Beetroot Carrot Juice With No Added Sugar", "product_brand": "Real Activ", "combo": [["1 L", "130.00"], ["2x1 L", "260.00"]]}, {"category": "Beverages", "sub_category_name": "Fruit Juices & Drinks", "product_name": "100% Natural Cold Pressed Juice - Life", "product_brand": "Raw Pressery", "combo": [["3x250 ml", "450.00"], ["250 ml", "150.00"], ["4x250 ml", "540.00"], ["2x250 ml", "285.00"]]}, {"category": "Beverages", "sub_category_name": "Fruit Juices & Drinks", "product_name": "Crush - Orange", "product_brand": "Mapro", "combo": []}, {"category": "Beverages", "sub_category_name": "Fruit Juices & Drinks", "product_name": "Milkshake - Chocolate", "product_brand": "Cavins", "combo": [["2x1 L", "350.00"], ["1 L", "175.00"]]}, {"category": "Beverages", "sub_category_name": "Fruit Juices & Drinks", "product_name": "Milkshake - Vanilla", "product_brand": "Cavins", "combo": [["3x180 ml", "82.50"], ["180 ml", "30.00"], ["6x180 ml", "180.00"]]}, {"category": "Beverages", "sub_category_name": "Fruit Juices & Drinks", "product_name": "Coolz Sharbat - Khus", "product_brand": "Mapro", "combo": [["2x1 L", "396.00"], ["1 L", "198.00"]]}, {"category": "Beverages", "sub_category_name": "Fruit Juices & Drinks", "product_name": "Crush - Strawberry", "product_brand": "Mapro", "combo": []}, {"category": "Beverages", "sub_category_name": "Fruit Juices & Drinks", "product_name": "100% Natural Cold Pressed Juice - Lean", "product_brand": "Raw Pressery", "combo": [["2x250 ml", "300.00"], ["4x250 ml", "600.00"], ["250 ml", "150.00"]]}, {"category": "Beverages", "sub_category_name": "Fruit Juices & Drinks", "product_name": "Crush - Kokum Restore", "product_brand": "Mapro", "combo": []}, {"category": "Beverages", "sub_category_name": "Fruit Juices & Drinks", "product_name": "Juice - Mixed Fruit Merry", "product_brand": "B Natural", "combo": [["2x1 L", "158.40"], ["1 L", "79.20"]]}, {"category": "Beverages", "sub_category_name": "Fruit Juices & Drinks", "product_name": "Lychee - Litchi Fruit Juice", "product_brand": "Paper Boat", "combo": [["6x200 ml", "180.00"], ["12x200 ml", "360.00"], ["200 ml", "30.00"], ["4x200 ml", "120.00"]]}, {"category": "Beverages", "sub_category_name": "Fruit Juices & Drinks", "product_name": "Milk - Soya, Mango", "product_brand": "Sofit", "combo": [["3x200 ml", "116.40"], ["200 ml", "38.80"], ["6x200 ml", "232.80"]]}, {"category": "Beverages", "sub_category_name": "Fruit Juices & Drinks", "product_name": "Drink - Almond Fresh, Vanilla", "product_brand": "So Good", "combo": [["1 L", "275.00"], ["3x200 ml", "189.00"], ["200 ml", "63.00"], ["4x200 ml", "214.20"]]}, {"category": "Beverages", "sub_category_name": "Fruit Juices & Drinks", "product_name": "Juice - Fruit Power, Tomato", "product_brand": "Real", "combo": []}, {"category": "Beverages", "sub_category_name": "Fruit Juices & Drinks", "product_name": "Buttermilk - Spiced", "product_brand": "Cavins", "combo": [["200 ml", "15.00"], ["6x200 ml", "90.00"], ["3x200 ml", "45.00"]]}, {"category": "Beverages", "sub_category_name": "Fruit Juices & Drinks", "product_name": "Fruit Juice - Masala Pomegranate", "product_brand": "Real", "combo": [["2x1 L", "130.84"], ["1 L", "65.42"]]}, {"category": "Beverages", "sub_category_name": "Fruit Juices & Drinks", "product_name": "Juice - Guava Gush", "product_brand": "B Natural", "combo": [["2x1 L", "158.40"], ["1 L", "79.20"]]}, {"category": "Beverages", "sub_category_name": "Fruit Juices & Drinks", "product_name": "100% Natural Cold Pressed Juice - Mango", "product_brand": "Raw Pressery", "combo": [["200 ml", "60.00"], ["2x200 ml", "120.00"], ["4x200 ml", "240.00"]]}, {"category": "Beverages", "sub_category_name": "Fruit Juices & Drinks", "product_name": "Aam Panna Mango Drink", "product_brand": "Paper Boat", "combo": [["200 ml", "30.00"], ["4x200 ml", "120.00"], ["6x200 ml", "180.00"]]}, {"category": "Beverages", "sub_category_name": "Fruit Juices & Drinks", "product_name": "Apple Fruit Juice", "product_brand": "Paper Boat", "combo": [["1 L", "53.00"], ["200 ml", "30.00"], ["2x1 L", "106.00"]]}, {"category": "Beverages", "sub_category_name": "Fruit Juices & Drinks", "product_name": "Anar Pomegranate Fruit Juice", "product_brand": "Paper Boat", "combo": [["1 L", "134.11"], ["1 L", "402.33"], ["2x1 L", "268.22"]]}, {"category": "Beverages", "sub_category_name": "Fruit Juices & Drinks", "product_name": "Winkin Cow Milk Shake - Chocolate", "product_brand": "Britannia", "combo": [["200 ml", "35.00"], ["4x200 ml", "140.00"]]}, {"category": "Beverages", "sub_category_name": "Fruit Juices & Drinks", "product_name": "Juice - Fruit Power, Grape/Angoor", "product_brand": "Real", "combo": []}, {"category": "Beverages", "sub_category_name": "Fruit Juices & Drinks", "product_name": "Juice - Orange Oomph", "product_brand": "B Natural", "combo": []}, {"category": "Beverages", "sub_category_name": "Fruit Juices & Drinks", "product_name": "Milo Cocoa-Malt Milk Beverage - Grab & Go Pack", "product_brand": "Nestle", "combo": [["3x180 ml", "105.00"], ["180 ml", "35.00"], ["6x180 ml", "210.00"]]}, {"category": "Beverages", "sub_category_name": "Fruit Juices & Drinks", "product_name": "Milkshake - Vanilla", "product_brand": "Cavins", "combo": [["2x1 L", "350.00"], ["1 L", "175.00"]]}, {"category": "Beverages", "sub_category_name": "Fruit Juices & Drinks", "product_name": "Juice - Mango Magic", "product_brand": "B Natural", "combo": [["2x1 L", "124.00"], ["1 L", "62.00"]]}, {"category": "Beverages", "sub_category_name": "Fruit Juices & Drinks", "product_name": "Milk - Soya, Kesar Pista", "product_brand": "Sofit", "combo": [["200 ml", "32.44"], ["6x200 ml", "194.64"], ["4x200 ml", "129.76"]]}, {"category": "Beverages", "sub_category_name": "Fruit Juices & Drinks", "product_name": "Almond Milk - Cacao", "product_brand": "Raw Pressery", "combo": [["2x1 L", "560.00"], ["1 L", "300.00"]]}, {"category": "Beverages", "sub_category_name": "Fruit Juices & Drinks", "product_name": "Juice - Multi Fruit, with No Added Sugar", "product_brand": "Real Activ", "combo": [["2x1 L", "270.00"], ["1 L", "135.00"]]}, {"category": "Beverages", "sub_category_name": "Fruit Juices & Drinks", "product_name": "Crush - Alphonso Mango", "product_brand": "Mapro", "combo": []}, {"category": "Beverages", "sub_category_name": "Fruit Juices & Drinks", "product_name": "100% Natural Cold Pressed Juice - Aloe Vera, Lemonade", "product_brand": "Raw Pressery", "combo": [["200 ml", "60.00"], ["2x200 ml", "120.00"], ["4x200 ml", "216.00"]]}, {"category": "Beverages", "sub_category_name": "Fruit Juices & Drinks", "product_name": "Drink - Aamras Pouch+Jaljeera Pouch+Drinks & Memories, Aam Panna Carton (250ml)", "product_brand": "Paper Boat", "combo": []}, {"category": "Beverages", "sub_category_name": "Fruit Juices & Drinks", "product_name": "Guava Chili Drink", "product_brand": "Storia", "combo": []}, {"category": "Beverages", "sub_category_name": "Fruit Juices & Drinks", "product_name": "Alphonso Aam Mango Fruit Juice", "product_brand": "Paper Boat", "combo": [["1 L", "110.00"], ["2x1 L", "220.00"]]}, {"category": "Beverages", "sub_category_name": "Fruit Juices & Drinks", "product_name": "Pomegranate Masala Drink", "product_brand": "Storia", "combo": []}, {"category": "Beverages", "sub_category_name": "Fruit Juices & Drinks", "product_name": "Crush - Coolz, Raw Mango", "product_brand": "Mapro", "combo": [["1 L", "198.00"], ["2x1 L", "396.00"]]}, {"category": "Beverages", "sub_category_name": "Fruit Juices & Drinks", "product_name": "Restore Amla Ginger Squash", "product_brand": "Mapro", "combo": []}, {"category": "Beverages", "sub_category_name": "Fruit Juices & Drinks", "product_name": "Aam Panna Mango Drink", "product_brand": "Paper Boat", "combo": [["200 ml", "30.00"], ["4x200 ml", "120.00"], ["6x200 ml", "180.00"]]}, {"category": "Beverages", "sub_category_name": "Fruit Juices & Drinks", "product_name": "Apple Fruit Juice", "product_brand": "Paper Boat", "combo": [["1 L", "53.00"], ["200 ml", "30.00"], ["2x1 L", "106.00"]]}, {"category": "Beverages", "sub_category_name": "Fruit Juices & Drinks", "product_name": "Anar Pomegranate Fruit Juice", "product_brand": "Paper Boat", "combo": [["1 L", "134.11"], ["1 L", "402.33"], ["2x1 L", "268.22"]]}, {"category": "Beverages", "sub_category_name": "Fruit Juices & Drinks", "product_name": "Winkin Cow Milk Shake - Chocolate", "product_brand": "Britannia", "combo": [["200 ml", "35.00"], ["4x200 ml", "140.00"]]}, {"category": "Beverages", "sub_category_name": "Fruit Juices & Drinks", "product_name": "Juice - Fruit Power, Grape/Angoor", "product_brand": "Real", "combo": []}, {"category": "Beverages", "sub_category_name": "Fruit Juices & Drinks", "product_name": "Juice - Orange Oomph", "product_brand": "B Natural", "combo": []}, {"category": "Beverages", "sub_category_name": "Fruit Juices & Drinks", "product_name": "Milo Cocoa-Malt Milk Beverage - Grab & Go Pack", "product_brand": "Nestle", "combo": [["3x180 ml", "105.00"], ["180 ml", "35.00"], ["6x180 ml", "210.00"]]}, {"category": "Beverages", "sub_category_name": "Fruit Juices & Drinks", "product_name": "Milkshake - Vanilla", "product_brand": "Cavins", "combo": [["2x1 L", "350.00"], ["1 L", "175.00"]]}, {"category": "Beverages", "sub_category_name": "Fruit Juices & Drinks", "product_name": "Juice - Mango Magic", "product_brand": "B Natural", "combo": [["2x1 L", "124.00"], ["1 L", "62.00"]]}, {"category": "Beverages", "sub_category_name": "Fruit Juices & Drinks", "product_name": "Milk - Soya, Kesar Pista", "product_brand": "Sofit", "combo": [["200 ml", "32.44"], ["6x200 ml", "194.64"], ["4x200 ml", "129.76"]]}, {"category": "Beverages", "sub_category_name": "Fruit Juices & Drinks", "product_name": "Almond Milk - Cacao", "product_brand": "Raw Pressery", "combo": [["2x1 L", "560.00"], ["1 L", "300.00"]]}, {"category": "Beverages", "sub_category_name": "Fruit Juices & Drinks", "product_name": "Juice - Multi Fruit, with No Added Sugar", "product_brand": "Real Activ", "combo": [["2x1 L", "270.00"], ["1 L", "135.00"]]}, {"category": "Beverages", "sub_category_name": "Fruit Juices & Drinks", "product_name": "Crush - Alphonso Mango", "product_brand": "Mapro", "combo": []}, {"category": "Beverages", "sub_category_name": "Fruit Juices & Drinks", "product_name": "100% Natural Cold Pressed Juice - Aloe Vera, Lemonade", "product_brand": "Raw Pressery", "combo": [["200 ml", "60.00"], ["2x200 ml", "120.00"], ["4x200 ml", "216.00"]]}, {"category": "Beverages", "sub_category_name": "Fruit Juices & Drinks", "product_name": "Drink - Aamras Pouch+Jaljeera Pouch+Drinks & Memories, Aam Panna Carton (250ml)", "product_brand": "Paper Boat", "combo": []}, {"category": "Beverages", "sub_category_name": "Fruit Juices & Drinks", "product_name": "Guava Chili Drink", "product_brand": "Storia", "combo": []}, {"category": "Beverages", "sub_category_name": "Fruit Juices & Drinks", "product_name": "Alphonso Aam Mango Fruit Juice", "product_brand": "Paper Boat", "combo": [["1 L", "110.00"], ["2x1 L", "220.00"]]}, {"category": "Beverages", "sub_category_name": "Fruit Juices & Drinks", "product_name": "Pomegranate Masala Drink", "product_brand": "Storia", "combo": []}, {"category": "Beverages", "sub_category_name": "Fruit Juices & Drinks", "product_name": "Crush - Coolz, Raw Mango", "product_brand": "Mapro", "combo": [["1 L", "198.00"], ["2x1 L", "396.00"]]}, {"category": "Beverages", "sub_category_name": "Fruit Juices & Drinks", "product_name": "Restore Amla Ginger Squash", "product_brand": "Mapro", "combo": []}, {"category": "Beverages", "sub_category_name": "Fruit Juices & Drinks", "product_name": "Milkshake - Strawberry", "product_brand": "Cavins", "combo": [["2x1 L", "350.00"], ["1 L", "175.00"]]}, {"category": "Beverages", "sub_category_name": "Fruit Juices & Drinks", "product_name": "Milkshake - Kaju Butterscoth", "product_brand": "Cavins", "combo": [["6x180 ml", "139.08"], ["3x180 ml", "62.04"], ["180 ml", "23.18"]]}, {"category": "Beverages", "sub_category_name": "Fruit Juices & Drinks", "product_name": "100% Natural Coconut Water + Aloe Vera, Lemon", "product_brand": "Raw Pressery", "combo": [["24x200 ml", "1440.00"], ["200 ml", "60.00"], ["12x200 ml", "720.00"]]}, {"category": "Beverages", "sub_category_name": "Fruit Juices & Drinks", "product_name": "Kool Cafe - Cinnamon", "product_brand": "Amul", "combo": []}, {"category": "Beverages", "sub_category_name": "Fruit Juices & Drinks", "product_name": "Triphala Juice", "product_brand": "Kapiva Ayurveda", "combo": []}, {"category": "Beverages", "sub_category_name": "Fruit Juices & Drinks", "product_name": "Glucose Based Beverage Mix - Nimbu Pani", "product_brand": "Glucon-D", "combo": []}, {"category": "Beverages", "sub_category_name": "Fruit Juices & Drinks", "product_name": "Milkshake - Strawberry", "product_brand": "Cavins", "combo": [["3x180 ml", "62.04"], ["180 ml", "23.18"], ["6x180 ml", "139.08"]]}, {"category": "Beverages", "sub_category_name": "Fruit Juices & Drinks", "product_name": "Juice - Aloe + Garcinia", "product_brand": "Kapiva Ayurveda", "combo": []}, {"category": "Beverages", "sub_category_name": "Fruit Juices & Drinks", "product_name": "Lounge - Citrus Blue", "product_brand": "Mapro", "combo": []}, {"category": "Beverages", "sub_category_name": "Fruit Juices & Drinks", "product_name": "Wheat Grass Juice", "product_brand": "Kapiva Ayurveda", "combo": []}, {"category": "Beverages", "sub_category_name": "Fruit Juices & Drinks", "product_name": "Drink - Almond Fresh, Chocolate", "product_brand": "So Good", "combo": [["1 L", "275.00"], ["3x200 ml", "189.00"], ["200 ml", "63.00"]]}, {"category": "Beverages", "sub_category_name": "Fruit Juices & Drinks", "product_name": "Juice - Apple Awe", "product_brand": "B Natural", "combo": [["2x1 L", "158.40"], ["1 L", "79.20"], ["200 ml", "20.00"]]}, {"category": "Beverages", "sub_category_name": "Fruit Juices & Drinks", "product_name": "Coconut Water", "product_brand": "Storia", "combo": []}, {"category": "Beverages", "sub_category_name": "Fruit Juices & Drinks", "product_name": "Karela Jamun Juice", "product_brand": "Kapiva Ayurveda", "combo": []}, {"category": "Beverages", "sub_category_name": "Fruit Juices & Drinks", "product_name": "100% Natural Cold Pressed Juice - Grapefruit", "product_brand": "Raw Pressery", "combo": []}, {"category": "Beverages", "sub_category_name": "Fruit Juices & Drinks", "product_name": "Crush - Mango", "product_brand": "Mapro", "combo": []}, {"category": "Beverages", "sub_category_name": "Fruit Juices & Drinks", "product_name": "Glucose Based Beverage Mix - Mango", "product_brand": "Glucon-D", "combo": []}, {"category": "Beverages", "sub_category_name": "Fruit Juices & Drinks", "product_name": "Crush - Black Currant", "product_brand": "Mapro", "combo": []}, {"category": "Beverages", "sub_category_name": "Fruit Juices & Drinks", "product_name": "DiaFree Juice", "product_brand": "Kapiva Ayurveda", "combo": []}, {"category": "Beverages", "sub_category_name": "Fruit Juices & Drinks", "product_name": "Real Mixed Berries", "product_brand": "Real", "combo": [["1 L", "110.00"], ["2x1 L", "220.00"]]}, {"category": "Beverages", "sub_category_name": "Fruit Juices & Drinks", "product_name": "Aam Panna Mango Drink", "product_brand": "Paper Boat", "combo": [["200 ml", "30.00"], ["4x200 ml", "120.00"], ["6x200 ml", "180.00"]]}, {"category": "Beverages", "sub_category_name": "Fruit Juices & Drinks", "product_name": "Apple Fruit Juice", "product_brand": "Paper Boat", "combo": [["1 L", "53.00"], ["200 ml", "30.00"], ["2x1 L", "106.00"]]}, {"category": "Beverages", "sub_category_name": "Fruit Juices & Drinks", "product_name": "Anar Pomegranate Fruit Juice", "product_brand": "Paper Boat", "combo": [["1 L", "134.11"], ["1 L", "402.33"], ["2x1 L", "268.22"]]}, {"category": "Beverages", "sub_category_name": "Fruit Juices & Drinks", "product_name": "Winkin Cow Milk Shake - Chocolate", "product_brand": "Britannia", "combo": [["200 ml", "35.00"], ["4x200 ml", "140.00"]]}, {"category": "Beverages", "sub_category_name": "Fruit Juices & Drinks", "product_name": "Juice - Fruit Power, Grape/Angoor", "product_brand": "Real", "combo": []}, {"category": "Beverages", "sub_category_name": "Fruit Juices & Drinks", "product_name": "Juice - Orange Oomph", "product_brand": "B Natural", "combo": []}, {"category": "Beverages", "sub_category_name": "Fruit Juices & Drinks", "product_name": "Milo Cocoa-Malt Milk Beverage - Grab & Go Pack", "product_brand": "Nestle", "combo": [["3x180 ml", "105.00"], ["180 ml", "35.00"], ["6x180 ml", "210.00"]]}, {"category": "Beverages", "sub_category_name": "Fruit Juices & Drinks", "product_name": "Milkshake - Vanilla", "product_brand": "Cavins", "combo": [["2x1 L", "350.00"], ["1 L", "175.00"]]}, {"category": "Beverages", "sub_category_name": "Fruit Juices & Drinks", "product_name": "Juice - Mango Magic", "product_brand": "B Natural", "combo": [["2x1 L", "124.00"], ["1 L", "62.00"]]}, {"category": "Beverages", "sub_category_name": "Fruit Juices & Drinks", "product_name": "Milk - Soya, Kesar Pista", "product_brand": "Sofit", "combo": [["200 ml", "32.44"], ["6x200 ml", "194.64"], ["4x200 ml", "129.76"]]}, {"category": "Beverages", "sub_category_name": "Fruit Juices & Drinks", "product_name": "Almond Milk - Cacao", "product_brand": "Raw Pressery", "combo": [["2x1 L", "560.00"], ["1 L", "300.00"]]}, {"category": "Beverages", "sub_category_name": "Fruit Juices & Drinks", "product_name": "Juice - Multi Fruit, with No Added Sugar", "product_brand": "Real Activ", "combo": [["2x1 L", "270.00"], ["1 L", "135.00"]]}, {"category": "Beverages", "sub_category_name": "Fruit Juices & Drinks", "product_name": "Crush - Alphonso Mango", "product_brand": "Mapro", "combo": []}, {"category": "Beverages", "sub_category_name": "Fruit Juices & Drinks", "product_name": "100% Natural Cold Pressed Juice - Aloe Vera, Lemonade", "product_brand": "Raw Pressery", "combo": [["200 ml", "60.00"], ["2x200 ml", "120.00"], ["4x200 ml", "216.00"]]}, {"category": "Beverages", "sub_category_name": "Fruit Juices & Drinks", "product_name": "Drink - Aamras Pouch+Jaljeera Pouch+Drinks & Memories, Aam Panna Carton (250ml)", "product_brand": "Paper Boat", "combo": []}, {"category": "Beverages", "sub_category_name": "Fruit Juices & Drinks", "product_name": "Guava Chili Drink", "product_brand": "Storia", "combo": []}, {"category": "Beverages", "sub_category_name": "Fruit Juices & Drinks", "product_name": "Alphonso Aam Mango Fruit Juice", "product_brand": "Paper Boat", "combo": [["1 L", "110.00"], ["2x1 L", "220.00"]]}, {"category": "Beverages", "sub_category_name": "Fruit Juices & Drinks", "product_name": "Pomegranate Masala Drink", "product_brand": "Storia", "combo": []}, {"category": "Beverages", "sub_category_name": "Fruit Juices & Drinks", "product_name": "Crush - Coolz, Raw Mango", "product_brand": "Mapro", "combo": [["1 L", "198.00"], ["2x1 L", "396.00"]]}, {"category": "Beverages", "sub_category_name": "Fruit Juices & Drinks", "product_name": "Restore Amla Ginger Squash", "product_brand": "Mapro", "combo": []}, {"category": "Beverages", "sub_category_name": "Fruit Juices & Drinks", "product_name": "Aam Panna Mango Drink", "product_brand": "Paper Boat", "combo": [["200 ml", "30.00"], ["4x200 ml", "120.00"], ["6x200 ml", "180.00"]]}, {"category": "Beverages", "sub_category_name": "Fruit Juices & Drinks", "product_name": "Apple Fruit Juice", "product_brand": "Paper Boat", "combo": [["1 L", "53.00"], ["200 ml", "30.00"], ["2x1 L", "106.00"]]}, {"category": "Beverages", "sub_category_name": "Fruit Juices & Drinks", "product_name": "Anar Pomegranate Fruit Juice", "product_brand": "Paper Boat", "combo": [["1 L", "134.11"], ["1 L", "402.33"], ["2x1 L", "268.22"]]}, {"category": "Beverages", "sub_category_name": "Fruit Juices & Drinks", "product_name": "Winkin Cow Milk Shake - Chocolate", "product_brand": "Britannia", "combo": [["200 ml", "35.00"], ["4x200 ml", "140.00"]]}, {"category": "Beverages", "sub_category_name": "Fruit Juices & Drinks", "product_name": "Juice - Fruit Power, Grape/Angoor", "product_brand": "Real", "combo": []}, {"category": "Beverages", "sub_category_name": "Fruit Juices & Drinks", "product_name": "Juice - Orange Oomph", "product_brand": "B Natural", "combo": []}, {"category": "Beverages", "sub_category_name": "Fruit Juices & Drinks", "product_name": "Milo Cocoa-Malt Milk Beverage - Grab & Go Pack", "product_brand": "Nestle", "combo": [["3x180 ml", "105.00"], ["180 ml", "35.00"], ["6x180 ml", "210.00"]]}, {"category": "Beverages", "sub_category_name": "Fruit Juices & Drinks", "product_name": "Milkshake - Vanilla", "product_brand": "Cavins", "combo": [["2x1 L", "350.00"], ["1 L", "175.00"]]}, {"category": "Beverages", "sub_category_name": "Fruit Juices & Drinks", "product_name": "Juice - Mango Magic", "product_brand": "B Natural", "combo": [["2x1 L", "124.00"], ["1 L", "62.00"]]}, {"category": "Beverages", "sub_category_name": "Fruit Juices & Drinks", "product_name": "Milk - Soya, Kesar Pista", "product_brand": "Sofit", "combo": [["200 ml", "32.44"], ["6x200 ml", "194.64"], ["4x200 ml", "129.76"]]}, {"category": "Beverages", "sub_category_name": "Fruit Juices & Drinks", "product_name": "Almond Milk - Cacao", "product_brand": "Raw Pressery", "combo": [["2x1 L", "560.00"], ["1 L", "300.00"]]}, {"category": "Beverages", "sub_category_name": "Fruit Juices & Drinks", "product_name": "Juice - Multi Fruit, with No Added Sugar", "product_brand": "Real Activ", "combo": [["2x1 L", "270.00"], ["1 L", "135.00"]]}, {"category": "Beverages", "sub_category_name": "Fruit Juices & Drinks", "product_name": "Crush - Alphonso Mango", "product_brand": "Mapro", "combo": []}, {"category": "Beverages", "sub_category_name": "Fruit Juices & Drinks", "product_name": "100% Natural Cold Pressed Juice - Aloe Vera, Lemonade", "product_brand": "Raw Pressery", "combo": [["200 ml", "60.00"], ["2x200 ml", "120.00"], ["4x200 ml", "216.00"]]}, {"category": "Beverages", "sub_category_name": "Fruit Juices & Drinks", "product_name": "Drink - Aamras Pouch+Jaljeera Pouch+Drinks & Memories, Aam Panna Carton (250ml)", "product_brand": "Paper Boat", "combo": []}, {"category": "Beverages", "sub_category_name": "Fruit Juices & Drinks", "product_name": "Guava Chili Drink", "product_brand": "Storia", "combo": []}, {"category": "Beverages", "sub_category_name": "Fruit Juices & Drinks", "product_name": "Alphonso Aam Mango Fruit Juice", "product_brand": "Paper Boat", "combo": [["1 L", "110.00"], ["2x1 L", "220.00"]]}, {"category": "Beverages", "sub_category_name": "Fruit Juices & Drinks", "product_name": "Pomegranate Masala Drink", "product_brand": "Storia", "combo": []}, {"category": "Beverages", "sub_category_name": "Fruit Juices & Drinks", "product_name": "Crush - Coolz, Raw Mango", "product_brand": "Mapro", "combo": [["1 L", "198.00"], ["2x1 L", "396.00"]]}, {"category": "Beverages", "sub_category_name": "Fruit Juices & Drinks", "product_name": "Restore Amla Ginger Squash", "product_brand": "Mapro", "combo": []}, {"category": "Beverages", "sub_category_name": "Fruit Juices & Drinks", "product_name": "Aam Panna Mango Drink", "product_brand": "Paper Boat", "combo": [["200 ml", "30.00"], ["4x200 ml", "120.00"], ["6x200 ml", "180.00"]]}, {"category": "Beverages", "sub_category_name": "Fruit Juices & Drinks", "product_name": "Apple Fruit Juice", "product_brand": "Paper Boat", "combo": [["1 L", "53.00"], ["200 ml", "30.00"], ["2x1 L", "106.00"]]}, {"category": "Beverages", "sub_category_name": "Fruit Juices & Drinks", "product_name": "Anar Pomegranate Fruit Juice", "product_brand": "Paper Boat", "combo": [["1 L", "134.11"], ["1 L", "402.33"], ["2x1 L", "268.22"]]}, {"category": "Beverages", "sub_category_name": "Fruit Juices & Drinks", "product_name": "Winkin Cow Milk Shake - Chocolate", "product_brand": "Britannia", "combo": [["200 ml", "35.00"], ["4x200 ml", "140.00"]]}, {"category": "Beverages", "sub_category_name": "Fruit Juices & Drinks", "product_name": "Juice - Fruit Power, Grape/Angoor", "product_brand": "Real", "combo": []}, {"category": "Beverages", "sub_category_name": "Fruit Juices & Drinks", "product_name": "Juice - Orange Oomph", "product_brand": "B Natural", "combo": []}, {"category": "Beverages", "sub_category_name": "Fruit Juices & Drinks", "product_name": "Milo Cocoa-Malt Milk Beverage - Grab & Go Pack", "product_brand": "Nestle", "combo": [["3x180 ml", "105.00"], ["180 ml", "35.00"], ["6x180 ml", "210.00"]]}, {"category": "Beverages", "sub_category_name": "Fruit Juices & Drinks", "product_name": "Milkshake - Vanilla", "product_brand": "Cavins", "combo": [["2x1 L", "350.00"], ["1 L", "175.00"]]}, {"category": "Beverages", "sub_category_name": "Fruit Juices & Drinks", "product_name": "Juice - Mango Magic", "product_brand": "B Natural", "combo": [["2x1 L", "124.00"], ["1 L", "62.00"]]}, {"category": "Beverages", "sub_category_name": "Fruit Juices & Drinks", "product_name": "Milk - Soya, Kesar Pista", "product_brand": "Sofit", "combo": [["200 ml", "32.44"], ["6x200 ml", "194.64"], ["4x200 ml", "129.76"]]}, {"category": "Beverages", "sub_category_name": "Fruit Juices & Drinks", "product_name": "Almond Milk - Cacao", "product_brand": "Raw Pressery", "combo": [["2x1 L", "560.00"], ["1 L", "300.00"]]}, {"category": "Beverages", "sub_category_name": "Fruit Juices & Drinks", "product_name": "Juice - Multi Fruit, with No Added Sugar", "product_brand": "Real Activ", "combo": [["2x1 L", "270.00"], ["1 L", "135.00"]]}, {"category": "Beverages", "sub_category_name": "Fruit Juices & Drinks", "product_name": "Crush - Alphonso Mango", "product_brand": "Mapro", "combo": []}, {"category": "Beverages", "sub_category_name": "Fruit Juices & Drinks", "product_name": "100% Natural Cold Pressed Juice - Aloe Vera, Lemonade", "product_brand": "Raw Pressery", "combo": [["200 ml", "60.00"], ["2x200 ml", "120.00"], ["4x200 ml", "216.00"]]}, {"category": "Beverages", "sub_category_name": "Fruit Juices & Drinks", "product_name": "Drink - Aamras Pouch+Jaljeera Pouch+Drinks & Memories, Aam Panna Carton (250ml)", "product_brand": "Paper Boat", "combo": []}, {"category": "Beverages", "sub_category_name": "Fruit Juices & Drinks", "product_name": "Guava Chili Drink", "product_brand": "Storia", "combo": []}, {"category": "Beverages", "sub_category_name": "Fruit Juices & Drinks", "product_name": "Alphonso Aam Mango Fruit Juice", "product_brand": "Paper Boat", "combo": [["1 L", "110.00"], ["2x1 L", "220.00"]]}, {"category": "Beverages", "sub_category_name": "Fruit Juices & Drinks", "product_name": "Pomegranate Masala Drink", "product_brand": "Storia", "combo": []}, {"category": "Beverages", "sub_category_name": "Fruit Juices & Drinks", "product_name": "Crush - Coolz, Raw Mango", "product_brand": "Mapro", "combo": [["1 L", "198.00"], ["2x1 L", "396.00"]]}, {"category": "Beverages", "sub_category_name": "Fruit Juices & Drinks", "product_name": "Restore Amla Ginger Squash", "product_brand": "Mapro", "combo": []}, {"category": "Beverages", "sub_category_name": "Fruit Juices & Drinks", "product_name": "Aam Panna Mango Drink", "product_brand": "Paper Boat", "combo": [["200 ml", "30.00"], ["4x200 ml", "120.00"], ["6x200 ml", "180.00"]]}, {"category": "Beverages", "sub_category_name": "Fruit Juices & Drinks", "product_name": "Apple Fruit Juice", "product_brand": "Paper Boat", "combo": [["1 L", "53.00"], ["200 ml", "30.00"], ["2x1 L", "106.00"]]}, {"category": "Beverages", "sub_category_name": "Fruit Juices & Drinks", "product_name": "Anar Pomegranate Fruit Juice", "product_brand": "Paper Boat", "combo": [["1 L", "134.11"], ["1 L", "402.33"], ["2x1 L", "268.22"]]}, {"category": "Beverages", "sub_category_name": "Fruit Juices & Drinks", "product_name": "Winkin Cow Milk Shake - Chocolate", "product_brand": "Britannia", "combo": [["200 ml", "35.00"], ["4x200 ml", "140.00"]]}, {"category": "Beverages", "sub_category_name": "Fruit Juices & Drinks", "product_name": "Juice - Fruit Power, Grape/Angoor", "product_brand": "Real", "combo": []}, {"category": "Beverages", "sub_category_name": "Fruit Juices & Drinks", "product_name": "Juice - Orange Oomph", "product_brand": "B Natural", "combo": []}, {"category": "Beverages", "sub_category_name": "Fruit Juices & Drinks", "product_name": "Milo Cocoa-Malt Milk Beverage - Grab & Go Pack", "product_brand": "Nestle", "combo": [["3x180 ml", "105.00"], ["180 ml", "35.00"], ["6x180 ml", "210.00"]]}, {"category": "Beverages", "sub_category_name": "Fruit Juices & Drinks", "product_name": "Milkshake - Vanilla", "product_brand": "Cavins", "combo": [["2x1 L", "350.00"], ["1 L", "175.00"]]}, {"category": "Beverages", "sub_category_name": "Fruit Juices & Drinks", "product_name": "Juice - Mango Magic", "product_brand": "B Natural", "combo": [["2x1 L", "124.00"], ["1 L", "62.00"]]}, {"category": "Beverages", "sub_category_name": "Fruit Juices & Drinks", "product_name": "Milk - Soya, Kesar Pista", "product_brand": "Sofit", "combo": [["200 ml", "32.44"], ["6x200 ml", "194.64"], ["4x200 ml", "129.76"]]}, {"category": "Beverages", "sub_category_name": "Fruit Juices & Drinks", "product_name": "Almond Milk - Cacao", "product_brand": "Raw Pressery", "combo": [["2x1 L", "560.00"], ["1 L", "300.00"]]}, {"category": "Beverages", "sub_category_name": "Fruit Juices & Drinks", "product_name": "Juice - Multi Fruit, with No Added Sugar", "product_brand": "Real Activ", "combo": [["2x1 L", "270.00"], ["1 L", "135.00"]]}, {"category": "Beverages", "sub_category_name": "Fruit Juices & Drinks", "product_name": "Crush - Alphonso Mango", "product_brand": "Mapro", "combo": []}, {"category": "Beverages", "sub_category_name": "Fruit Juices & Drinks", "product_name": "100% Natural Cold Pressed Juice - Aloe Vera, Lemonade", "product_brand": "Raw Pressery", "combo": [["200 ml", "60.00"], ["2x200 ml", "120.00"], ["4x200 ml", "216.00"]]}, {"category": "Beverages", "sub_category_name": "Fruit Juices & Drinks", "product_name": "Drink - Aamras Pouch+Jaljeera Pouch+Drinks & Memories, Aam Panna Carton (250ml)", "product_brand": "Paper Boat", "combo": []}, {"category": "Beverages", "sub_category_name": "Fruit Juices & Drinks", "product_name": "Guava Chili Drink", "product_brand": "Storia", "combo": []}, {"category": "Beverages", "sub_category_name": "Fruit Juices & Drinks", "product_name": "Alphonso Aam Mango Fruit Juice", "product_brand": "Paper Boat", "combo": [["1 L", "110.00"], ["2x1 L", "220.00"]]}, {"category": "Beverages", "sub_category_name": "Fruit Juices & Drinks", "product_name": "Pomegranate Masala Drink", "product_brand": "Storia", "combo": []}, {"category": "Beverages", "sub_category_name": "Fruit Juices & Drinks", "product_name": "Crush - Coolz, Raw Mango", "product_brand": "Mapro", "combo": [["1 L", "198.00"], ["2x1 L", "396.00"]]}, {"category": "Beverages", "sub_category_name": "Fruit Juices & Drinks", "product_name": "Restore Amla Ginger Squash", "product_brand": "Mapro", "combo": []}, {"category": "Beverages", "sub_category_name": "Fruit Juices & Drinks", "product_name": "Aam Panna Mango Drink", "product_brand": "Paper Boat", "combo": [["200 ml", "30.00"], ["4x200 ml", "120.00"], ["6x200 ml", "180.00"]]}, {"category": "Beverages", "sub_category_name": "Fruit Juices & Drinks", "product_name": "Apple Fruit Juice", "product_brand": "Paper Boat", "combo": [["1 L", "53.00"], ["200 ml", "30.00"], ["2x1 L", "106.00"]]}, {"category": "Beverages", "sub_category_name": "Fruit Juices & Drinks", "product_name": "Anar Pomegranate Fruit Juice", "product_brand": "Paper Boat", "combo": [["1 L", "134.11"], ["1 L", "402.33"], ["2x1 L", "268.22"]]}, {"category": "Beverages", "sub_category_name": "Fruit Juices & Drinks", "product_name": "Winkin Cow Milk Shake - Chocolate", "product_brand": "Britannia", "combo": [["200 ml", "35.00"], ["4x200 ml", "140.00"]]}, {"category": "Beverages", "sub_category_name": "Fruit Juices & Drinks", "product_name": "Juice - Fruit Power, Grape/Angoor", "product_brand": "Real", "combo": []}, {"category": "Beverages", "sub_category_name": "Fruit Juices & Drinks", "product_name": "Juice - Orange Oomph", "product_brand": "B Natural", "combo": []}, {"category": "Beverages", "sub_category_name": "Fruit Juices & Drinks", "product_name": "Milo Cocoa-Malt Milk Beverage - Grab & Go Pack", "product_brand": "Nestle", "combo": [["3x180 ml", "105.00"], ["180 ml", "35.00"], ["6x180 ml", "210.00"]]}, {"category": "Beverages", "sub_category_name": "Fruit Juices & Drinks", "product_name": "Milkshake - Vanilla", "product_brand": "Cavins", "combo": [["2x1 L", "350.00"], ["1 L", "175.00"]]}, {"category": "Beverages", "sub_category_name": "Fruit Juices & Drinks", "product_name": "Juice - Mango Magic", "product_brand": "B Natural", "combo": [["2x1 L", "124.00"], ["1 L", "62.00"]]}, {"category": "Beverages", "sub_category_name": "Fruit Juices & Drinks", "product_name": "Milk - Soya, Kesar Pista", "product_brand": "Sofit", "combo": [["200 ml", "32.44"], ["6x200 ml", "194.64"], ["4x200 ml", "129.76"]]}, {"category": "Beverages", "sub_category_name": "Fruit Juices & Drinks", "product_name": "Almond Milk - Cacao", "product_brand": "Raw Pressery", "combo": [["2x1 L", "560.00"], ["1 L", "300.00"]]}, {"category": "Beverages", "sub_category_name": "Fruit Juices & Drinks", "product_name": "Juice - Multi Fruit, with No Added Sugar", "product_brand": "Real Activ", "combo": [["2x1 L", "270.00"], ["1 L", "135.00"]]}, {"category": "Beverages", "sub_category_name": "Fruit Juices & Drinks", "product_name": "Crush - Alphonso Mango", "product_brand": "Mapro", "combo": []}, {"category": "Beverages", "sub_category_name": "Fruit Juices & Drinks", "product_name": "100% Natural Cold Pressed Juice - Aloe Vera, Lemonade", "product_brand": "Raw Pressery", "combo": [["200 ml", "60.00"], ["2x200 ml", "120.00"], ["4x200 ml", "216.00"]]}, {"category": "Beverages", "sub_category_name": "Fruit Juices & Drinks", "product_name": "Drink - Aamras Pouch+Jaljeera Pouch+Drinks & Memories, Aam Panna Carton (250ml)", "product_brand": "Paper Boat", "combo": []}, {"category": "Beverages", "sub_category_name": "Fruit Juices & Drinks", "product_name": "Guava Chili Drink", "product_brand": "Storia", "combo": []}, {"category": "Beverages", "sub_category_name": "Fruit Juices & Drinks", "product_name": "Alphonso Aam Mango Fruit Juice", "product_brand": "Paper Boat", "combo": [["1 L", "110.00"], ["2x1 L", "220.00"]]}, {"category": "Beverages", "sub_category_name": "Fruit Juices & Drinks", "product_name": "Pomegranate Masala Drink", "product_brand": "Storia", "combo": []}, {"category": "Beverages", "sub_category_name": "Fruit Juices & Drinks", "product_name": "Crush - Coolz, Raw Mango", "product_brand": "Mapro", "combo": [["1 L", "198.00"], ["2x1 L", "396.00"]]}, {"category": "Beverages", "sub_category_name": "Fruit Juices & Drinks", "product_name": "Restore Amla Ginger Squash", "product_brand": "Mapro", "combo": []}, {"category": "Beverages", "sub_category_name": "Fruit Juices & Drinks", "product_name": "Aam Panna Mango Drink", "product_brand": "Paper Boat", "combo": [["200 ml", "30.00"], ["4x200 ml", "120.00"], ["6x200 ml", "180.00"]]}, {"category": "Beverages", "sub_category_name": "Fruit Juices & Drinks", "product_name": "Apple Fruit Juice", "product_brand": "Paper Boat", "combo": [["1 L", "53.00"], ["200 ml", "30.00"], ["2x1 L", "106.00"]]}, {"category": "Beverages", "sub_category_name": "Fruit Juices & Drinks", "product_name": "Anar Pomegranate Fruit Juice", "product_brand": "Paper Boat", "combo": [["1 L", "134.11"], ["1 L", "402.33"], ["2x1 L", "268.22"]]}, {"category": "Beverages", "sub_category_name": "Fruit Juices & Drinks", "product_name": "Winkin Cow Milk Shake - Chocolate", "product_brand": "Britannia", "combo": [["200 ml", "35.00"], ["4x200 ml", "140.00"]]}, {"category": "Beverages", "sub_category_name": "Fruit Juices & Drinks", "product_name": "Juice - Fruit Power, Grape/Angoor", "product_brand": "Real", "combo": []}, {"category": "Beverages", "sub_category_name": "Fruit Juices & Drinks", "product_name": "Juice - Orange Oomph", "product_brand": "B Natural", "combo": []}, {"category": "Beverages", "sub_category_name": "Fruit Juices & Drinks", "product_name": "Milo Cocoa-Malt Milk Beverage - Grab & Go Pack", "product_brand": "Nestle", "combo": [["3x180 ml", "105.00"], ["180 ml", "35.00"], ["6x180 ml", "210.00"]]}, {"category": "Beverages", "sub_category_name": "Fruit Juices & Drinks", "product_name": "Milkshake - Vanilla", "product_brand": "Cavins", "combo": [["2x1 L", "350.00"], ["1 L", "175.00"]]}, {"category": "Beverages", "sub_category_name": "Fruit Juices & Drinks", "product_name": "Juice - Mango Magic", "product_brand": "B Natural", "combo": [["2x1 L", "124.00"], ["1 L", "62.00"]]}, {"category": "Beverages", "sub_category_name": "Fruit Juices & Drinks", "product_name": "Milk - Soya, Kesar Pista", "product_brand": "Sofit", "combo": [["200 ml", "32.44"], ["6x200 ml", "194.64"], ["4x200 ml", "129.76"]]}, {"category": "Beverages", "sub_category_name": "Fruit Juices & Drinks", "product_name": "Almond Milk - Cacao", "product_brand": "Raw Pressery", "combo": [["2x1 L", "560.00"], ["1 L", "300.00"]]}, {"category": "Beverages", "sub_category_name": "Fruit Juices & Drinks", "product_name": "Juice - Multi Fruit, with No Added Sugar", "product_brand": "Real Activ", "combo": [["2x1 L", "270.00"], ["1 L", "135.00"]]}, {"category": "Beverages", "sub_category_name": "Fruit Juices & Drinks", "product_name": "Crush - Alphonso Mango", "product_brand": "Mapro", "combo": []}, {"category": "Beverages", "sub_category_name": "Fruit Juices & Drinks", "product_name": "100% Natural Cold Pressed Juice - Aloe Vera, Lemonade", "product_brand": "Raw Pressery", "combo": [["200 ml", "60.00"], ["2x200 ml", "120.00"], ["4x200 ml", "216.00"]]}, {"category": "Beverages", "sub_category_name": "Fruit Juices & Drinks", "product_name": "Drink - Aamras Pouch+Jaljeera Pouch+Drinks & Memories, Aam Panna Carton (250ml)", "product_brand": "Paper Boat", "combo": []}, {"category": "Beverages", "sub_category_name": "Fruit Juices & Drinks", "product_name": "Guava Chili Drink", "product_brand": "Storia", "combo": []}, {"category": "Beverages", "sub_category_name": "Fruit Juices & Drinks", "product_name": "Alphonso Aam Mango Fruit Juice", "product_brand": "Paper Boat", "combo": [["1 L", "110.00"], ["2x1 L", "220.00"]]}, {"category": "Beverages", "sub_category_name": "Fruit Juices & Drinks", "product_name": "Pomegranate Masala Drink", "product_brand": "Storia", "combo": []}, {"category": "Beverages", "sub_category_name": "Fruit Juices & Drinks", "product_name": "Crush - Coolz, Raw Mango", "product_brand": "Mapro", "combo": [["1 L", "198.00"], ["2x1 L", "396.00"]]}, {"category": "Beverages", "sub_category_name": "Fruit Juices & Drinks", "product_name": "Restore Amla Ginger Squash", "product_brand": "Mapro", "combo": []}, {"category": "Beverages", "sub_category_name": "Fruit Juices & Drinks", "product_name": "Aam Panna Mango Drink", "product_brand": "Paper Boat", "combo": [["200 ml", "30.00"], ["4x200 ml", "120.00"], ["6x200 ml", "180.00"]]}, {"category": "Beverages", "sub_category_name": "Fruit Juices & Drinks", "product_name": "Apple Fruit Juice", "product_brand": "Paper Boat", "combo": [["1 L", "53.00"], ["200 ml", "30.00"], ["2x1 L", "106.00"]]}, {"category": "Beverages", "sub_category_name": "Fruit Juices & Drinks", "product_name": "Anar Pomegranate Fruit Juice", "product_brand": "Paper Boat", "combo": [["1 L", "134.11"], ["1 L", "402.33"], ["2x1 L", "268.22"]]}, {"category": "Beverages", "sub_category_name": "Fruit Juices & Drinks", "product_name": "Winkin Cow Milk Shake - Chocolate", "product_brand": "Britannia", "combo": [["200 ml", "35.00"], ["4x200 ml", "140.00"]]}, {"category": "Beverages", "sub_category_name": "Fruit Juices & Drinks", "product_name": "Juice - Fruit Power, Grape/Angoor", "product_brand": "Real", "combo": []}, {"category": "Beverages", "sub_category_name": "Fruit Juices & Drinks", "product_name": "Juice - Orange Oomph", "product_brand": "B Natural", "combo": []}, {"category": "Beverages", "sub_category_name": "Fruit Juices & Drinks", "product_name": "Milo Cocoa-Malt Milk Beverage - Grab & Go Pack", "product_brand": "Nestle", "combo": [["3x180 ml", "105.00"], ["180 ml", "35.00"], ["6x180 ml", "210.00"]]}, {"category": "Beverages", "sub_category_name": "Fruit Juices & Drinks", "product_name": "Milkshake - Vanilla", "product_brand": "Cavins", "combo": [["2x1 L", "350.00"], ["1 L", "175.00"]]}, {"category": "Beverages", "sub_category_name": "Fruit Juices & Drinks", "product_name": "Juice - Mango Magic", "product_brand": "B Natural", "combo": [["2x1 L", "124.00"], ["1 L", "62.00"]]}, {"category": "Beverages", "sub_category_name": "Fruit Juices & Drinks", "product_name": "Milk - Soya, Kesar Pista", "product_brand": "Sofit", "combo": [["200 ml", "32.44"], ["6x200 ml", "194.64"], ["4x200 ml", "129.76"]]}, {"category": "Beverages", "sub_category_name": "Fruit Juices & Drinks", "product_name": "Almond Milk - Cacao", "product_brand": "Raw Pressery", "combo": [["2x1 L", "560.00"], ["1 L", "300.00"]]}, {"category": "Beverages", "sub_category_name": "Fruit Juices & Drinks", "product_name": "Juice - Multi Fruit, with No Added Sugar", "product_brand": "Real Activ", "combo": [["2x1 L", "270.00"], ["1 L", "135.00"]]}, {"category": "Beverages", "sub_category_name": "Fruit Juices & Drinks", "product_name": "Crush - Alphonso Mango", "product_brand": "Mapro", "combo": []}, {"category": "Beverages", "sub_category_name": "Fruit Juices & Drinks", "product_name": "100% Natural Cold Pressed Juice - Aloe Vera, Lemonade", "product_brand": "Raw Pressery", "combo": [["200 ml", "60.00"], ["2x200 ml", "120.00"], ["4x200 ml", "216.00"]]}, {"category": "Beverages", "sub_category_name": "Fruit Juices & Drinks", "product_name": "Drink - Aamras Pouch+Jaljeera Pouch+Drinks & Memories, Aam Panna Carton (250ml)", "product_brand": "Paper Boat", "combo": []}, {"category": "Beverages", "sub_category_name": "Fruit Juices & Drinks", "product_name": "Guava Chili Drink", "product_brand": "Storia", "combo": []}, {"category": "Beverages", "sub_category_name": "Fruit Juices & Drinks", "product_name": "Alphonso Aam Mango Fruit Juice", "product_brand": "Paper Boat", "combo": [["1 L", "110.00"], ["2x1 L", "220.00"]]}, {"category": "Beverages", "sub_category_name": "Fruit Juices & Drinks", "product_name": "Pomegranate Masala Drink", "product_brand": "Storia", "combo": []}, {"category": "Beverages", "sub_category_name": "Fruit Juices & Drinks", "product_name": "Crush - Coolz, Raw Mango", "product_brand": "Mapro", "combo": [["1 L", "198.00"], ["2x1 L", "396.00"]]}, {"category": "Beverages", "sub_category_name": "Fruit Juices & Drinks", "product_name": "Restore Amla Ginger Squash", "product_brand": "Mapro", "combo": []}]