[{"category": "Cleaning & Household", "sub_category_name": "Detergents & Dishwash", "product_name": "Dishwash Liquid Gel - Lemon", "product_brand": "Vim", "combo": [["500 ml", "99.00"], ["900 ml", "180.00"], ["155 ml", "18.60"], ["2 L", "360.00"]]}, {"category": "Cleaning & Household", "sub_category_name": "Detergents & Dishwash", "product_name": "Dishwash Liquid - Gel Lemon", "product_brand": "Vim", "combo": []}, {"category": "Cleaning & Household", "sub_category_name": "Detergents & Dishwash", "product_name": "Dishwash Liquid Gel - Lemon", "product_brand": "Vim", "combo": []}, {"category": "Cleaning & Household", "sub_category_name": "Detergents & Dishwash", "product_name": "Dishwash Liquid Gel - Lemon", "product_brand": "Vim", "combo": []}, {"category": "Cleaning & Household", "sub_category_name": "Detergents & Dishwash", "product_name": "Dishwash Liquid Gel - Lemon", "product_brand": "Vim", "combo": []}, {"category": "Cleaning & Household", "sub_category_name": "Detergents & Dishwash", "product_name": "Dishwash Bar - Lemon", "product_brand": "Vim", "combo": [["200 g", "45.00"], ["115 g", "30.00"]]}, {"category": "Cleaning & Household", "sub_category_name": "Detergents & Dishwash", "product_name": "Easy Wash Detergent Powder", "product_brand": "Surf Excel", "combo": [["3 kg", "300.00"], ["500 g", "54.87"], ["1.5 kg", "146.00"], ["1 kg", "109.00"], ["4 kg", "354.00"]]}, {"category": "Cleaning & Household", "sub_category_name": "Detergents & Dishwash", "product_name": "Rin Detergent Bar", "product_brand": "Rin", "combo": [["250 g", "49.00"], ["140 g", "10.00"], ["75 g", "5.00"], ["240 g", "15.00"]]}, {"category": "Cleaning & Household", "sub_category_name": "Detergents & Dishwash", "product_name": "Dishwash Bar - Lemon", "product_brand": "Vim", "combo": [["300 g", "18.60"], ["125 g", "10.00"], ["85 g", "4.65"], ["3X125 g", "30.00"]]}, {"category": "Cleaning & Household", "sub_category_name": "Detergents & Dishwash", "product_name": "Matic Front Load Detergent Powder", "product_brand": "Surf Excel", "combo": [["2 kg", "360.00"], ["1 Kg", "215.00"], ["500 g", "125.00"]]}, {"category": "Cleaning & Household", "sub_category_name": "Detergents & Dishwash", "product_name": "Liquid 250 ml + Bar 3X200 gm", "product_brand": "Vim", "combo": []}, {"category": "Cleaning & Household", "sub_category_name": "Detergents & Dishwash", "product_name": "Matic Top Load Detergent Powder", "product_brand": "Surf Excel", "combo": [["2 kg", "281.00"], ["1 kg", "176.70"], ["500 g", "112.00"]]}, {"category": "Cleaning & Household", "sub_category_name": "Detergents & Dishwash", "product_name": "Detergent - Liquid, Matic, Top Load", "product_brand": "Surf Excel", "combo": [["1 L", "179.10"], ["500 ml", "92.07"], ["2x2 lt", "600.00"], ["2 L", "300.00"]]}, {"category": "Cleaning & Household", "sub_category_name": "Detergents & Dishwash", "product_name": "Surf Excel Matic Top Load Detergent Powder 2kg + Vim Dishwash Gel - Lemon 500ml", "product_brand": "bb Combo", "combo": []}, {"category": "Cleaning & Household", "sub_category_name": "Detergents & Dishwash", "product_name": "Surf Excel Matic Front Load Detergent Powder 2kg + Vim Dishwash Gel Lemon 500ml", "product_brand": "bb Combo", "combo": []}, {"category": "Cleaning & Household", "sub_category_name": "Detergents & Dishwash", "product_name": "Detergent Bar", "product_brand": "Surf Excel", "combo": [["95 g", "9.00"], ["250 g", "22.00"], ["200 g", "74.00"], ["150 g", "16.00"], ["400 g", "50.00"]]}, {"category": "Cleaning & Household", "sub_category_name": "Detergents & Dishwash", "product_name": "Matic Liquid Detergent - Front Load", "product_brand": "Surf Excel", "combo": [["1 L", "202.50"], ["500 ml", "115.00"], ["2 L", "317.00"], ["2x2 lt", "634.00"]]}, {"category": "Cleaning & Household", "sub_category_name": "Detergents & Dishwash", "product_name": "Dishwash Liquid - Lemon With Aloe Vera", "product_brand": "BB Home", "combo": []}, {"category": "Cleaning & Household", "sub_category_name": "Detergents & Dishwash", "product_name": "Liquid Detergent Matic Top Load - Pouch 2 lt + Bottle 1 lt", "product_brand": "Surf Excel", "combo": []}, {"category": "Cleaning & Household", "sub_category_name": "Detergents & Dishwash", "product_name": "Liquid Detergent Matic Top Load 500ml & Matic Top Load Detergent Powder 2 kg", "product_brand": "Surf Excel", "combo": []}, {"category": "Cleaning & Household", "sub_category_name": "Detergents & Dishwash", "product_name": "Surf Excel Detergent Powder 4kg + Comfort Morning Fresh Fabric Conditioner 860ml", "product_brand": "bb Combo", "combo": []}, {"category": "Cleaning & Household", "sub_category_name": "Detergents & Dishwash", "product_name": "Plus Detergent Washing Powder - Extra Power Jasmine & Rose", "product_brand": "Tide", "combo": [["2 kg", "194.00"], ["8 kg", "725.00"], ["500 g", "49.29"], ["5 kg", "360.26"], ["1 kg", "106.00"]]}, {"category": "Cleaning & Household", "sub_category_name": "Detergents & Dishwash", "product_name": "Surf Excel Detergent Powder 4 kg + Comfort Lily Fresh Fabric Conditioner 860 ml", "product_brand": "bb Combo", "combo": []}, {"category": "Cleaning & Household", "sub_category_name": "Detergents & Dishwash", "product_name": "Odonil Bathroom Air Freshener Blissful Citrus 10g + Vim Dishwash Gel Lemon 500ml", "product_brand": "bb Combo", "combo": []}, {"category": "Cleaning & Household", "sub_category_name": "Detergents & Dishwash", "product_name": "Detergent Washing Powder - Matic Front Load", "product_brand": "Ariel", "combo": [["1 kg", "232.50"], ["3 kg", "735.00"], ["2 kg", "355.10"], ["4 kg", "1058.00"], ["500 g", "104.41"]]}, {"category": "Cleaning & Household", "sub_category_name": "Detergents & Dishwash", "product_name": "Matic Front Load Detergent Powder 2 kg + Liquid Matic, Front Load 500 ml", "product_brand": "Surf Excel", "combo": []}, {"category": "Cleaning & Household", "sub_category_name": "Detergents & Dishwash", "product_name": "Quick Wash Detergent Powder", "product_brand": "Surf Excel", "combo": [["1 kg", "162.00"], ["2 kg", "320.00"], ["60 g", "10.00"], ["500 g", "83.70"]]}, {"category": "Cleaning & Household", "sub_category_name": "Detergents & Dishwash", "product_name": "After Wash Morning Fresh Fabric Conditioner", "product_brand": "Comfort", "combo": [["220 ml", "56.00"], ["860 ml", "190.00"], ["1.6 L", "355.00"]]}, {"category": "Cleaning & Household", "sub_category_name": "Detergents & Dishwash", "product_name": "Surf Excel Matic Top Load Detergent 2kg + Comfort After Wash Morning Fresh 800ml", "product_brand": "bb Combo", "combo": []}, {"category": "Cleaning & Household", "sub_category_name": "Detergents & Dishwash", "product_name": "Selpak Kitchen Towel Paper Tissue Roll 100pcs + Vim Dishwash Gel - Lemon 500ml", "product_brand": "bb Combo", "combo": []}, {"category": "Cleaning & Household", "sub_category_name": "Detergents & Dishwash", "product_name": "Surf Excel MaticFront Load Detergent 2kg + Comfort After Wash MorningFresh 800ml", "product_brand": "bb Combo", "combo": []}, {"category": "Cleaning & Household", "sub_category_name": "Detergents & Dishwash", "product_name": "Dishwash Liquid - Neem With Aloe Vera", "product_brand": "BB Home", "combo": []}, {"category": "Cleaning & Household", "sub_category_name": "Detergents & Dishwash", "product_name": "Detergent Washing Powder - Lemon & Mint, Extra Power, Tide+", "product_brand": "Tide", "combo": [["8 kg", "638.00"], ["5 kg", "465.00"], ["500 g", "49.29"], ["2 kg", "194.00"], ["1 kg", "106.00"]]}, {"category": "Cleaning & Household", "sub_category_name": "Detergents & Dishwash", "product_name": "Liquid Detergent Matic Front Load - Pouch 2 lt + Bottle 1 lt", "product_brand": "Surf Excel", "combo": []}, {"category": "Cleaning & Household", "sub_category_name": "Detergents & Dishwash", "product_name": "After Wash Lily Fresh Fabric Conditioner", "product_brand": "Comfort", "combo": [["1.6 L", "350.00"], ["200 ml", "56.00"], ["860 ml", "185.00"]]}, {"category": "Cleaning & Household", "sub_category_name": "Detergents & Dishwash", "product_name": "Dishwash Liquid - Lime", "product_brand": "Pril", "combo": [["750 ml", "130.00"], ["2 L", "324.00"]]}, {"category": "Cleaning & Household", "sub_category_name": "Detergents & Dishwash", "product_name": "Matic Top Load Detergent Washing Powder", "product_brand": "Ariel", "combo": []}, {"category": "Cleaning & Household", "sub_category_name": "Detergents & Dishwash", "product_name": "Domex Toilet Cleaner Ocean Fresh 750ml+Surf Excel Matic Top Load Detergent 2kg", "product_brand": "bb Combo", "combo": []}, {"category": "Cleaning & Household", "sub_category_name": "Detergents & Dishwash", "product_name": "Detergent Washing Powder - Matic Top Load", "product_brand": "Ariel", "combo": [["1 kg", "209.25"], ["2 kg", "300.83"], ["500 g", "99.00"]]}, {"category": "Cleaning & Household", "sub_category_name": "Detergents & Dishwash", "product_name": "Comfort Fabric Conditioner 800 Ml + Surf Excel Liquid Detergent Front Load 1 Ltr", "product_brand": "bb Combo", "combo": []}, {"category": "Cleaning & Household", "sub_category_name": "Detergents & Dishwash", "product_name": "Comfort Fabric Conditioner 800Ml + Surf Excel Liquid Detergent Front Load 500Ml", "product_brand": "bb Combo", "combo": []}, {"category": "Cleaning & Household", "sub_category_name": "Detergents & Dishwash", "product_name": "After Wash Morning Fresh Fabric Conditioner", "product_brand": "Comfort", "combo": []}, {"category": "Cleaning & Household", "sub_category_name": "Detergents & Dishwash", "product_name": "Dishwash Bar", "product_brand": "BB Home", "combo": [["3x125 g", "25.00"], ["3x200 g", "37.69"], ["125 g", "9.00"], ["200 g", "14.00"], ["5x125 g", "40.00"], ["5x200 g", "60.00"]]}, {"category": "Cleaning & Household", "sub_category_name": "Detergents & Dishwash", "product_name": "Domex Toilet Cleaner Lime Fresh 750ml+Surf Excel Matic Front Load Detergent 2kg", "product_brand": "bb Combo", "combo": []}, {"category": "Cleaning & Household", "sub_category_name": "Detergents & Dishwash", "product_name": "Detergent Powder", "product_brand": "Rin", "combo": [["4 kg", "298.00"], ["2 kg", "136.00"], ["500 g", "35.00"], ["1 kg", "70.00"]]}, {"category": "Cleaning & Household", "sub_category_name": "Detergents & Dishwash", "product_name": "Matic Front Load Detergent Combo - Washing Powder", "product_brand": "Ariel", "combo": []}, {"category": "Cleaning & Household", "sub_category_name": "Detergents & Dishwash", "product_name": "Matic Front Load Detergent Combo - Washing Powder", "product_brand": "Ariel", "combo": []}, {"category": "Cleaning & Household", "sub_category_name": "Detergents & Dishwash", "product_name": "Laundry Sanitizer - Kills 99.9% Germs*", "product_brand": "Revive", "combo": []}, {"category": "Cleaning & Household", "sub_category_name": "Detergents & Dishwash", "product_name": "Anti Germ Fabric Conditioner", "product_brand": "Softouch", "combo": [["800 ml", "198.38"], ["400 ml", "109.20"]]}, {"category": "Cleaning & Household", "sub_category_name": "Detergents & Dishwash", "product_name": "Protekt Germ Protection Dish Wash Liquid Gel \u2013 Removes Grease, Fragrance: Lime", "product_brand": "Godrej Protekt", "combo": []}, {"category": "Cleaning & Household", "sub_category_name": "Detergents & Dishwash", "product_name": "Ultra 3-in-1 Clean Detergent Washing Powder", "product_brand": "Tide", "combo": []}, {"category": "Cleaning & Household", "sub_category_name": "Detergents & Dishwash", "product_name": "Sanitize Laundry Sanitiser For All Fabrics - Kills Germs", "product_brand": "Dabur", "combo": []}, {"category": "Cleaning & Household", "sub_category_name": "Detergents & Dishwash", "product_name": "Anti Germ Liquid Detergent", "product_brand": "Safewash", "combo": []}, {"category": "Cleaning & Household", "sub_category_name": "Detergents & Dishwash", "product_name": "Laundry Sanitizer", "product_brand": "Lifebuoy", "combo": []}, {"category": "Cleaning & Household", "sub_category_name": "Detergents & Dishwash", "product_name": "Anti-Bacterial Detergent Powder", "product_brand": "Rin", "combo": []}, {"category": "Cleaning & Household", "sub_category_name": "Detergents & Dishwash", "product_name": "Dishwash Anti Bac Bar - Neem", "product_brand": "Vim", "combo": []}, {"category": "Cleaning & Household", "sub_category_name": "Detergents & Dishwash", "product_name": "Germ Protection Dish Wash Liquid Gel \u2013 Removes Grease, Fragrance: Lime", "product_brand": "Godrej Protekt", "combo": []}, {"category": "Cleaning & Household", "sub_category_name": "Detergents & Dishwash", "product_name": "Germ Protection Dish Wash Liquid Gel \u2013 Removes Grease, Fragrance: Lime", "product_brand": "Godrej Protekt", "combo": []}, {"category": "Cleaning & Household", "sub_category_name": "Detergents & Dishwash", "product_name": "Ezee 2-in-1 Liquid Detergent + Fabric Conditioner", "product_brand": "Ezee", "combo": []}, {"category": "Cleaning & Household", "sub_category_name": "Detergents & Dishwash", "product_name": "Ezee 2-in-1 Liquid Detergent + Fabric Sanitizer", "product_brand": "Ezee", "combo": []}, {"category": "Cleaning & Household", "sub_category_name": "Detergents & Dishwash", "product_name": "Ezee 2-in-1 Liquid Detergent + Fabric Sanitizer", "product_brand": "Ezee", "combo": []}, {"category": "Cleaning & Household", "sub_category_name": "Detergents & Dishwash", "product_name": "Ezee 2-in-1 Liquid Detergent + Fabric Conditioner", "product_brand": "Ezee", "combo": []}, {"category": "Cleaning & Household", "sub_category_name": "Detergents & Dishwash", "product_name": "Multipurpose Disinfectant Liquid - Kills 99.9% Germs, Anti-bacterial, For Home & Personal Hygiene, Aqua Fragrance", "product_brand": "Godrej Protekt", "combo": []}, {"category": "Cleaning & Household", "sub_category_name": "Detergents & Dishwash", "product_name": "Ezee 2-in-1 Liquid Detergent + Fabric Conditioner", "product_brand": "Ezee", "combo": []}, {"category": "Cleaning & Household", "sub_category_name": "Detergents & Dishwash", "product_name": "Ezee Liquid Detergent - Silk & Chiffon", "product_brand": "Ezee", "combo": [["1 kg", "269.10"], ["500 g", "152.00"]]}, {"category": "Cleaning & Household", "sub_category_name": "Detergents & Dishwash", "product_name": "Disinfectant Surface & Floor Cleaner Liquid [Floral 2 L + Pine 2 L]", "product_brand": "Lizol", "combo": []}, {"category": "Cleaning & Household", "sub_category_name": "Detergents & Dishwash", "product_name": "Shining Powder", "product_brand": "Pitambari", "combo": []}, {"category": "Cleaning & Household", "sub_category_name": "Detergents & Dishwash", "product_name": "Detergent Powder - Matic, Front Load", "product_brand": "Surf Excel", "combo": []}, {"category": "Cleaning & Household", "sub_category_name": "Detergents & Dishwash", "product_name": "Oxi Action Fabric Stain Remover Liquid", "product_brand": "Vanish", "combo": [["2x400 ml", "203.70"], ["800 ml", "189.05"], ["400 ml", "105.00"], ["2x800 ml", "366.76"], ["180 ml", "59.00"]]}, {"category": "Cleaning & Household", "sub_category_name": "Detergents & Dishwash", "product_name": "Refresh Lemon & Rose Detergent Powder", "product_brand": "Rin", "combo": [["4 kg", "298.00"], ["1 kg", "72.00"], ["500 g", "36.00"]]}, {"category": "Cleaning & Household", "sub_category_name": "Detergents & Dishwash", "product_name": "After Wash Anti Bacterial Fabric Conditioner", "product_brand": "Comfort", "combo": [["220 ml", "56.00"], ["860 ml", "188.00"]]}, {"category": "Cleaning & Household", "sub_category_name": "Detergents & Dishwash", "product_name": "Dishwash Bar - Round, Touch & Shine", "product_brand": "Exo", "combo": []}, {"category": "Cleaning & Household", "sub_category_name": "Detergents & Dishwash", "product_name": "Naturals Detergent Powder - Lemon & Chandan", "product_brand": "Tide", "combo": [["800 g", "58.00"], ["500 g", "37.00"]]}, {"category": "Cleaning & Household", "sub_category_name": "Detergents & Dishwash", "product_name": "Dishwasher - Round, with Cyclozan", "product_brand": "Exo", "combo": []}, {"category": "Cleaning & Household", "sub_category_name": "Detergents & Dishwash", "product_name": "Easy Wash Detergent Liquid", "product_brand": "Surf Excel", "combo": [["1 L", "164.00"], ["500 ml", "90.00"]]}, {"category": "Cleaning & Household", "sub_category_name": "Detergents & Dishwash", "product_name": "Ala Fabric Whitener", "product_brand": "Rin", "combo": [["200 ml", "29.00"], ["500 ml", "48.72"]]}, {"category": "Cleaning & Household", "sub_category_name": "Detergents & Dishwash", "product_name": "Green Detergent Bar", "product_brand": "Wheel", "combo": []}, {"category": "Cleaning & Household", "sub_category_name": "Detergents & Dishwash", "product_name": "Detergent Powder - Matic, Top Load", "product_brand": "Surf Excel", "combo": []}, {"category": "Cleaning & Household", "sub_category_name": "Detergents & Dishwash", "product_name": "Oxi Action Fabric Stain Remover Powder", "product_brand": "Vanish", "combo": [["400 g", "183.08"], ["200 g", "105.00"], ["100 g", "59.00"], ["2x400 g", "355.18"]]}, {"category": "Cleaning & Household", "sub_category_name": "Detergents & Dishwash", "product_name": "Genteel Liquid Detergent", "product_brand": "Genteel", "combo": [["500 g", "76.50"], ["1 kg", "250.00"]]}, {"category": "Cleaning & Household", "sub_category_name": "Detergents & Dishwash", "product_name": "Ezee Detergent Liquid 1 kg+Protekt Handwash Masterblaster, Refill 1.5 L", "product_brand": "Godrej", "combo": []}, {"category": "Cleaning & Household", "sub_category_name": "Detergents & Dishwash", "product_name": "Matic Liquid - Front Load", "product_brand": "Ariel", "combo": [["500 ml", "120.00"], ["2 L", "376.00"], ["1 L", "211.50"]]}, {"category": "Cleaning & Household", "sub_category_name": "Detergents & Dishwash", "product_name": "Dishwash Bar - Anti-Bacterial, Round", "product_brand": "Exo", "combo": [["250 g", "28.00"], ["700 g", "52.00"], ["300 g", "18.00"], ["120 g + 20 g", "10.00"]]}, {"category": "Cleaning & Household", "sub_category_name": "Detergents & Dishwash", "product_name": "Advanced Detergent Powder", "product_brand": "Rin", "combo": []}, {"category": "Cleaning & Household", "sub_category_name": "Detergents & Dishwash", "product_name": "Liquid Detergent - Winterwear, Chiffon & Silks", "product_brand": "Ezee", "combo": [["3 kg", "422.40"], ["2 kg", "281.60"], ["500 g", "82.80"], ["1 kg", "157.50"]]}, {"category": "Cleaning & Household", "sub_category_name": "Detergents & Dishwash", "product_name": "Matic Liquid - Top Load", "product_brand": "Ariel", "combo": [["2 L", "336.00"], ["1 L", "178.50"], ["500 ml", "105.00"]]}, {"category": "Cleaning & Household", "sub_category_name": "Detergents & Dishwash", "product_name": "After Wash Liquid Laundry Sanitizer - Fresh Linen", "product_brand": "Dettol", "combo": [["960 ml", "290.00"], ["480 ml", "170.00"]]}, {"category": "Cleaning & Household", "sub_category_name": "Detergents & Dishwash", "product_name": "Dishwash - Kraft", "product_brand": "Pril", "combo": []}, {"category": "Cleaning & Household", "sub_category_name": "Detergents & Dishwash", "product_name": "Matic - Top Load Detergent", "product_brand": "Henko", "combo": []}, {"category": "Cleaning & Household", "sub_category_name": "Detergents & Dishwash", "product_name": "Detergent Powder - Stain Care", "product_brand": "Henko", "combo": [["3 kg", "392.00"], ["1 kg", "111.60"], ["3 kg", "440.00"]]}, {"category": "Cleaning & Household", "sub_category_name": "Detergents & Dishwash", "product_name": "Detergent Bar", "product_brand": "Sunlight", "combo": []}, {"category": "Cleaning & Household", "sub_category_name": "Detergents & Dishwash", "product_name": "Liquid Detergent", "product_brand": "Safewash", "combo": [["500 g", "154.80"], ["1 kg", "297.50"]]}, {"category": "Cleaning & Household", "sub_category_name": "Detergents & Dishwash", "product_name": "Dishwash Liquid - Active 2X Lime", "product_brand": "Pril", "combo": [["425 ml", "96.00"], ["225 ml", "45.00"]]}, {"category": "Cleaning & Household", "sub_category_name": "Detergents & Dishwash", "product_name": "Dishwash Powder", "product_brand": "Odopic", "combo": []}, {"category": "Cleaning & Household", "sub_category_name": "Detergents & Dishwash", "product_name": "Blue Detergent Bar", "product_brand": "Wheel", "combo": []}, {"category": "Cleaning & Household", "sub_category_name": "Detergents & Dishwash", "product_name": "Dish Wash - Round Anti Bacterial Withcyclozan 250 gm + Safal Steel Scrubber 1 pc", "product_brand": "Exo", "combo": []}, {"category": "Cleaning & Household", "sub_category_name": "Detergents & Dishwash", "product_name": "Dishwash Bar - Anti-Bacterial, Round 700 gm + Safal Steel Scrubber 1 pc", "product_brand": "Exo", "combo": []}, {"category": "Cleaning & Household", "sub_category_name": "Detergents & Dishwash", "product_name": "Detergent Powder - 2X Active Power", "product_brand": "Mr. White", "combo": [["1 kg", "65.00"], ["3 kg", "240.00"], ["5 kg", "420.00"]]}, {"category": "Cleaning & Household", "sub_category_name": "Detergents & Dishwash", "product_name": "Bar Tub", "product_brand": "Pril", "combo": []}, {"category": "Cleaning & Household", "sub_category_name": "Detergents & Dishwash", "product_name": "Plus Extra Power Detergent Washing Powder", "product_brand": "Tide", "combo": []}, {"category": "Cleaning & Household", "sub_category_name": "Detergents & Dishwash", "product_name": "Dishwash Bar - Lime", "product_brand": "Pril", "combo": []}, {"category": "Cleaning & Household", "sub_category_name": "Detergents & Dishwash", "product_name": "Complete Detergent Washing Powder", "product_brand": "Ariel", "combo": []}, {"category": "Cleaning & Household", "sub_category_name": "Detergents & Dishwash", "product_name": "Liquid Dishwasher - Tamarind", "product_brand": "Pril", "combo": [["225 ml", "44.00"], ["425 ml", "94.00"], ["750 ml", "130.00"]]}, {"category": "Cleaning & Household", "sub_category_name": "Detergents & Dishwash", "product_name": "Exo Dishwash Bar- Round 700 gm Box + Pril Dishwash Liquid- Active 2X Lime 225 ml", "product_brand": "bb Combo", "combo": []}, {"category": "Cleaning & Household", "sub_category_name": "Detergents & Dishwash", "product_name": "Complete Detergent Washing Powder", "product_brand": "Ariel", "combo": []}, {"category": "Cleaning & Household", "sub_category_name": "Detergents & Dishwash", "product_name": "Ultra 3 In 1 Clean Detergent Washing Powder", "product_brand": "Tide", "combo": [["500 g", "65.00"], ["1 kg", "105.37"]]}, {"category": "Cleaning & Household", "sub_category_name": "Detergents & Dishwash", "product_name": "Complete Detergent Washing Powder", "product_brand": "Ariel", "combo": []}, {"category": "Cleaning & Household", "sub_category_name": "Detergents & Dishwash", "product_name": "Matic - Front Load Detergent", "product_brand": "Henko", "combo": []}, {"category": "Cleaning & Household", "sub_category_name": "Detergents & Dishwash", "product_name": "Softouch Fabric Conditioner 800ml + Safewash Liquid Detergent 1kg Get 1kg Free", "product_brand": "bb Combo", "combo": []}, {"category": "Cleaning & Household", "sub_category_name": "Detergents & Dishwash", "product_name": "Matic Top Load Detergent Powder", "product_brand": "Surf Excel", "combo": []}, {"category": "Cleaning & Household", "sub_category_name": "Detergents & Dishwash", "product_name": "Dishwash Liquid", "product_brand": "Pril", "combo": [["120 ml", "20.00"], ["6X120 ml", "120.00"]]}, {"category": "Cleaning & Household", "sub_category_name": "Detergents & Dishwash", "product_name": "Dish Shine Bar", "product_brand": "Exo", "combo": [["6X70&nbsp;g", "30.00"], ["70&nbsp;g", "5.00"], ["125 g", "30.00"]]}, {"category": "Cleaning & Household", "sub_category_name": "Detergents & Dishwash", "product_name": "Dishwash Bar - Lime & Vinegar", "product_brand": "Pril", "combo": []}, {"category": "Cleaning & Household", "sub_category_name": "Detergents & Dishwash", "product_name": "Complete Detergent Washing Powder- Value Pack", "product_brand": "Ariel", "combo": []}, {"category": "Cleaning & Household", "sub_category_name": "Detergents & Dishwash", "product_name": "Matic Liquid Detergent", "product_brand": "Ariel", "combo": []}, {"category": "Cleaning & Household", "sub_category_name": "Detergents & Dishwash", "product_name": "Dishwash - Kraft, Perfect Active 2x", "product_brand": "Pril", "combo": []}, {"category": "Cleaning & Household", "sub_category_name": "Detergents & Dishwash", "product_name": "Henko Detergent Powder - Stain Care 1 kg Pouch + Pril Bar Tub 500 gm", "product_brand": "bb Combo", "combo": []}, {"category": "Cleaning & Household", "sub_category_name": "Detergents & Dishwash", "product_name": "Matic Front Load Detergent Powder", "product_brand": "Surf Excel", "combo": []}, {"category": "Cleaning & Household", "sub_category_name": "Detergents & Dishwash", "product_name": "Liquid Detergent - Winterwear, Chiffon & Silks", "product_brand": "Ezee", "combo": []}, {"category": "Cleaning & Household", "sub_category_name": "Detergents & Dishwash", "product_name": "2X French Perfume Fabric Conditioner", "product_brand": "Softouch", "combo": [["800 ml", "198.38"], ["2x800 ml", "388.82"]]}, {"category": "Cleaning & Household", "sub_category_name": "Detergents & Dishwash", "product_name": "Exo Dishwash Bar - Round 700 gm + Pril Dishwash-Kraft, Perfect Active 2x 425 ml", "product_brand": "bb Combo", "combo": []}, {"category": "Cleaning & Household", "sub_category_name": "Detergents & Dishwash", "product_name": "Detergent Bar - Stain Care Mahabar", "product_brand": "Henko", "combo": [["250 gm", "27.00"], ["400 g", "35.00"]]}, {"category": "Cleaning & Household", "sub_category_name": "Detergents & Dishwash", "product_name": "Dishwash Liquid - Lime Green", "product_brand": "Pril", "combo": []}, {"category": "Cleaning & Household", "sub_category_name": "Detergents & Dishwash", "product_name": "Ultra Matic Detergent Washing Powder", "product_brand": "Tide", "combo": [["4 kg", "640.00"], ["1 kg", "160.00"]]}, {"category": "Cleaning & Household", "sub_category_name": "Detergents & Dishwash", "product_name": "Dishwash Jar", "product_brand": "Pitambari", "combo": []}, {"category": "Cleaning & Household", "sub_category_name": "Detergents & Dishwash", "product_name": "Fabric Cleaner - Cuffs & Collars Cleans", "product_brand": "Robin", "combo": []}, {"category": "Cleaning & Household", "sub_category_name": "Detergents & Dishwash", "product_name": "Dish Wash - Lemon Gel", "product_brand": "Jodax", "combo": []}, {"category": "Cleaning & Household", "sub_category_name": "Detergents & Dishwash", "product_name": "Dishwash Bar - Perfect", "product_brand": "Pril", "combo": []}, {"category": "Cleaning & Household", "sub_category_name": "Detergents & Dishwash", "product_name": "Detergent Washing Powder - Matic, Top Load, With Rs.130 Off", "product_brand": "Ariel", "combo": []}, {"category": "Cleaning & Household", "sub_category_name": "Detergents & Dishwash", "product_name": "Matic - Top Load Detergent", "product_brand": "Henko", "combo": []}, {"category": "Cleaning & Household", "sub_category_name": "Detergents & Dishwash", "product_name": "Mr. White Detergent Powder 1 kg Pouch + Pril Bar Tub 500 gm", "product_brand": "bb Combo", "combo": []}, {"category": "Cleaning & Household", "sub_category_name": "Detergents & Dishwash", "product_name": "Detergent Powder - Colour & Style", "product_brand": "Ariel", "combo": []}, {"category": "Cleaning & Household", "sub_category_name": "Detergents & Dishwash", "product_name": "Revive Liquid", "product_brand": "Revive", "combo": [["100 ml", "34.00"], ["400 ml", "119.97"], ["200 ml", "63.90"]]}, {"category": "Cleaning & Household", "sub_category_name": "Detergents & Dishwash", "product_name": "Safewash Liquid Detergent - Front Load", "product_brand": "Wipro", "combo": [["1 kg", "204.45"], ["2x1 kg", "400.72"]]}, {"category": "Cleaning & Household", "sub_category_name": "Detergents & Dishwash", "product_name": "Fabric Whitener", "product_brand": "Ujala Supreme", "combo": []}, {"category": "Cleaning & Household", "sub_category_name": "Detergents & Dishwash", "product_name": "Henko Detergent Bar - Stain Care 250 gm + Mr. White Detergent Powder 1 kg Pouch", "product_brand": "bb Combo", "combo": []}, {"category": "Cleaning & Household", "sub_category_name": "Detergents & Dishwash", "product_name": "Crisp & Shine Floral Fusion Fabric Enhancer", "product_brand": "Ujala Supreme", "combo": []}, {"category": "Cleaning & Household", "sub_category_name": "Detergents & Dishwash", "product_name": "Dishwash - Kraft, Perfect Active 2x 425 ml Bottle + Bar Tub 500 gm", "product_brand": "Pril", "combo": []}, {"category": "Cleaning & Household", "sub_category_name": "Detergents & Dishwash", "product_name": "Fabric Cleaner - Liquid Blue", "product_brand": "Robin", "combo": []}, {"category": "Cleaning & Household", "sub_category_name": "Detergents & Dishwash", "product_name": "Anti Bacterial Instant Starch", "product_brand": "Revive", "combo": [["400 g", "112.50"], ["200 g", "58.50"]]}, {"category": "Cleaning & Household", "sub_category_name": "Detergents & Dishwash", "product_name": "Exo Dishwash Bar - Round 700 gm + Pril Dishwash-Kraft, Perfect Active 2x 425 ml", "product_brand": "bb Combo", "combo": []}, {"category": "Cleaning & Household", "sub_category_name": "Detergents & Dishwash", "product_name": "Detergent Bar - Stain Care Mahabar", "product_brand": "Henko", "combo": [["250 gm", "27.00"], ["400 g", "35.00"]]}, {"category": "Cleaning & Household", "sub_category_name": "Detergents & Dishwash", "product_name": "Dishwash Liquid - Lime Green", "product_brand": "Pril", "combo": []}, {"category": "Cleaning & Household", "sub_category_name": "Detergents & Dishwash", "product_name": "Ultra Matic Detergent Washing Powder", "product_brand": "Tide", "combo": [["4 kg", "640.00"], ["1 kg", "160.00"]]}, {"category": "Cleaning & Household", "sub_category_name": "Detergents & Dishwash", "product_name": "Dishwash Jar", "product_brand": "Pitambari", "combo": []}, {"category": "Cleaning & Household", "sub_category_name": "Detergents & Dishwash", "product_name": "Fabric Cleaner - Cuffs & Collars Cleans", "product_brand": "Robin", "combo": []}, {"category": "Cleaning & Household", "sub_category_name": "Detergents & Dishwash", "product_name": "Dish Wash - Lemon Gel", "product_brand": "Jodax", "combo": []}, {"category": "Cleaning & Household", "sub_category_name": "Detergents & Dishwash", "product_name": "Dishwash Bar - Perfect", "product_brand": "Pril", "combo": []}, {"category": "Cleaning & Household", "sub_category_name": "Detergents & Dishwash", "product_name": "Detergent Washing Powder - Matic, Top Load, With Rs.130 Off", "product_brand": "Ariel", "combo": []}, {"category": "Cleaning & Household", "sub_category_name": "Detergents & Dishwash", "product_name": "Matic - Top Load Detergent", "product_brand": "Henko", "combo": []}, {"category": "Cleaning & Household", "sub_category_name": "Detergents & Dishwash", "product_name": "Mr. White Detergent Powder 1 kg Pouch + Pril Bar Tub 500 gm", "product_brand": "bb Combo", "combo": []}, {"category": "Cleaning & Household", "sub_category_name": "Detergents & Dishwash", "product_name": "Detergent Powder - Colour & Style", "product_brand": "Ariel", "combo": []}, {"category": "Cleaning & Household", "sub_category_name": "Detergents & Dishwash", "product_name": "Revive Liquid", "product_brand": "Revive", "combo": [["100 ml", "34.00"], ["400 ml", "119.97"], ["200 ml", "63.90"]]}, {"category": "Cleaning & Household", "sub_category_name": "Detergents & Dishwash", "product_name": "Safewash Liquid Detergent - Front Load", "product_brand": "Wipro", "combo": [["1 kg", "204.45"], ["2x1 kg", "400.72"]]}, {"category": "Cleaning & Household", "sub_category_name": "Detergents & Dishwash", "product_name": "Fabric Whitener", "product_brand": "Ujala Supreme", "combo": []}, {"category": "Cleaning & Household", "sub_category_name": "Detergents & Dishwash", "product_name": "Henko Detergent Bar - Stain Care 250 gm + Mr. White Detergent Powder 1 kg Pouch", "product_brand": "bb Combo", "combo": []}, {"category": "Cleaning & Household", "sub_category_name": "Detergents & Dishwash", "product_name": "Crisp & Shine Floral Fusion Fabric Enhancer", "product_brand": "Ujala Supreme", "combo": []}, {"category": "Cleaning & Household", "sub_category_name": "Detergents & Dishwash", "product_name": "Dishwash - Kraft, Perfect Active 2x 425 ml Bottle + Bar Tub 500 gm", "product_brand": "Pril", "combo": []}, {"category": "Cleaning & Household", "sub_category_name": "Detergents & Dishwash", "product_name": "Fabric Cleaner - Liquid Blue", "product_brand": "Robin", "combo": []}, {"category": "Cleaning & Household", "sub_category_name": "Detergents & Dishwash", "product_name": "Anti Bacterial Instant Starch", "product_brand": "Revive", "combo": [["400 g", "112.50"], ["200 g", "58.50"]]}, {"category": "Cleaning & Household", "sub_category_name": "Detergents & Dishwash", "product_name": "Liquid Detergent - Pomegranate", "product_brand": "Frosch", "combo": []}, {"category": "Cleaning & Household", "sub_category_name": "Detergents & Dishwash", "product_name": "Fabric Conditioner - Garden Bouquet", "product_brand": "Softouch", "combo": []}, {"category": "Cleaning & Household", "sub_category_name": "Detergents & Dishwash", "product_name": "Fabric Conditioner - Ocean Breeze", "product_brand": "Softouch", "combo": [["800 ml", "183.12"], ["1.6 L", "334.95"]]}, {"category": "Cleaning & Household", "sub_category_name": "Detergents & Dishwash", "product_name": "Instant Dirt Dissolver", "product_brand": "Ujala", "combo": []}, {"category": "Cleaning & Household", "sub_category_name": "Detergents & Dishwash", "product_name": "Dishwashing Liquid - Sensitive Provitamin, Dishwashing Power with Moisturizing Vitamins", "product_brand": "Frosch", "combo": []}, {"category": "Cleaning & Household", "sub_category_name": "Detergents & Dishwash", "product_name": "Fabric Whitener", "product_brand": "Pidilite", "combo": []}, {"category": "Cleaning & Household", "sub_category_name": "Detergents & Dishwash", "product_name": "Ranipal Fabric Whitener", "product_brand": "Pidilite", "combo": []}, {"category": "Cleaning & Household", "sub_category_name": "Detergents & Dishwash", "product_name": "After Wash - Powder Blue", "product_brand": "Robin", "combo": []}, {"category": "Cleaning & Household", "sub_category_name": "Detergents & Dishwash", "product_name": "Tamarind Dishwash Liquid", "product_brand": "Pril", "combo": []}, {"category": "Cleaning & Household", "sub_category_name": "Detergents & Dishwash", "product_name": "Fabric Stain Remover Non Bleach Formula", "product_brand": "Pidilite", "combo": [["25 ml", "27.00"], ["50 ml", "49.00"]]}, {"category": "Cleaning & Household", "sub_category_name": "Detergents & Dishwash", "product_name": "Anti Bacterial - Bacto Scrub", "product_brand": "Exo", "combo": []}, {"category": "Cleaning & Household", "sub_category_name": "Detergents & Dishwash", "product_name": "Soda Dishwashing Liquid", "product_brand": "Frosch", "combo": []}, {"category": "Cleaning & Household", "sub_category_name": "Detergents & Dishwash", "product_name": "Dishwashing Liquid - Aloe Vera", "product_brand": "Frosch", "combo": []}, {"category": "Cleaning & Household", "sub_category_name": "Detergents & Dishwash", "product_name": "Dishwashing Balsam - Pomegranate", "product_brand": "Frosch", "combo": []}, {"category": "Cleaning & Household", "sub_category_name": "Detergents & Dishwash", "product_name": "Liquid Detergent for Delicate Textiles & Wool", "product_brand": "Frosch", "combo": []}, {"category": "Cleaning & Household", "sub_category_name": "Detergents & Dishwash", "product_name": "Colour Detergent Washing Powder", "product_brand": "Ariel", "combo": []}, {"category": "Cleaning & Household", "sub_category_name": "Detergents & Dishwash", "product_name": "Dishwash Bar-Lemon 125 g Poly pack + Scrub Pad With Handle 1 pc", "product_brand": "BB Home", "combo": []}, {"category": "Cleaning & Household", "sub_category_name": "Detergents & Dishwash", "product_name": "Dishwash Bar-Lemon 200 g Poly pack + Scrub Pad With Handle 1 pc", "product_brand": "BB Home", "combo": []}, {"category": "Cleaning & Household", "sub_category_name": "Detergents & Dishwash", "product_name": "2 - Free & Clear Stain Remover & Color Booster", "product_brand": "Clorox", "combo": []}, {"category": "Cleaning & Household", "sub_category_name": "Detergents & Dishwash", "product_name": "Liquid Detergent Refill", "product_brand": "Genteel", "combo": []}, {"category": "Cleaning & Household", "sub_category_name": "Detergents & Dishwash", "product_name": "Exo Dishwash Bar - Round 700 gm + Pril Dishwash-Kraft, Perfect Active 2x 425 ml", "product_brand": "bb Combo", "combo": []}, {"category": "Cleaning & Household", "sub_category_name": "Detergents & Dishwash", "product_name": "Detergent Bar - Stain Care Mahabar", "product_brand": "Henko", "combo": [["250 gm", "27.00"], ["400 g", "35.00"]]}, {"category": "Cleaning & Household", "sub_category_name": "Detergents & Dishwash", "product_name": "Dishwash Liquid - Lime Green", "product_brand": "Pril", "combo": []}, {"category": "Cleaning & Household", "sub_category_name": "Detergents & Dishwash", "product_name": "Ultra Matic Detergent Washing Powder", "product_brand": "Tide", "combo": [["4 kg", "640.00"], ["1 kg", "160.00"]]}, {"category": "Cleaning & Household", "sub_category_name": "Detergents & Dishwash", "product_name": "Dishwash Jar", "product_brand": "Pitambari", "combo": []}, {"category": "Cleaning & Household", "sub_category_name": "Detergents & Dishwash", "product_name": "Fabric Cleaner - Cuffs & Collars Cleans", "product_brand": "Robin", "combo": []}, {"category": "Cleaning & Household", "sub_category_name": "Detergents & Dishwash", "product_name": "Dish Wash - Lemon Gel", "product_brand": "Jodax", "combo": []}, {"category": "Cleaning & Household", "sub_category_name": "Detergents & Dishwash", "product_name": "Dishwash Bar - Perfect", "product_brand": "Pril", "combo": []}, {"category": "Cleaning & Household", "sub_category_name": "Detergents & Dishwash", "product_name": "Detergent Washing Powder - Matic, Top Load, With Rs.130 Off", "product_brand": "Ariel", "combo": []}, {"category": "Cleaning & Household", "sub_category_name": "Detergents & Dishwash", "product_name": "Matic - Top Load Detergent", "product_brand": "Henko", "combo": []}, {"category": "Cleaning & Household", "sub_category_name": "Detergents & Dishwash", "product_name": "Mr. White Detergent Powder 1 kg Pouch + Pril Bar Tub 500 gm", "product_brand": "bb Combo", "combo": []}, {"category": "Cleaning & Household", "sub_category_name": "Detergents & Dishwash", "product_name": "Detergent Powder - Colour & Style", "product_brand": "Ariel", "combo": []}, {"category": "Cleaning & Household", "sub_category_name": "Detergents & Dishwash", "product_name": "Revive Liquid", "product_brand": "Revive", "combo": [["100 ml", "34.00"], ["400 ml", "119.97"], ["200 ml", "63.90"]]}, {"category": "Cleaning & Household", "sub_category_name": "Detergents & Dishwash", "product_name": "Safewash Liquid Detergent - Front Load", "product_brand": "Wipro", "combo": [["1 kg", "204.45"], ["2x1 kg", "400.72"]]}, {"category": "Cleaning & Household", "sub_category_name": "Detergents & Dishwash", "product_name": "Fabric Whitener", "product_brand": "Ujala Supreme", "combo": []}, {"category": "Cleaning & Household", "sub_category_name": "Detergents & Dishwash", "product_name": "Henko Detergent Bar - Stain Care 250 gm + Mr. White Detergent Powder 1 kg Pouch", "product_brand": "bb Combo", "combo": []}, {"category": "Cleaning & Household", "sub_category_name": "Detergents & Dishwash", "product_name": "Crisp & Shine Floral Fusion Fabric Enhancer", "product_brand": "Ujala Supreme", "combo": []}, {"category": "Cleaning & Household", "sub_category_name": "Detergents & Dishwash", "product_name": "Dishwash - Kraft, Perfect Active 2x 425 ml Bottle + Bar Tub 500 gm", "product_brand": "Pril", "combo": []}, {"category": "Cleaning & Household", "sub_category_name": "Detergents & Dishwash", "product_name": "Fabric Cleaner - Liquid Blue", "product_brand": "Robin", "combo": []}, {"category": "Cleaning & Household", "sub_category_name": "Detergents & Dishwash", "product_name": "Anti Bacterial Instant Starch", "product_brand": "Revive", "combo": [["400 g", "112.50"], ["200 g", "58.50"]]}, {"category": "Cleaning & Household", "sub_category_name": "Detergents & Dishwash", "product_name": "Exo Dishwash Bar - Round 700 gm + Pril Dishwash-Kraft, Perfect Active 2x 425 ml", "product_brand": "bb Combo", "combo": []}, {"category": "Cleaning & Household", "sub_category_name": "Detergents & Dishwash", "product_name": "Detergent Bar - Stain Care Mahabar", "product_brand": "Henko", "combo": [["250 gm", "27.00"], ["400 g", "35.00"]]}, {"category": "Cleaning & Household", "sub_category_name": "Detergents & Dishwash", "product_name": "Dishwash Liquid - Lime Green", "product_brand": "Pril", "combo": []}, {"category": "Cleaning & Household", "sub_category_name": "Detergents & Dishwash", "product_name": "Ultra Matic Detergent Washing Powder", "product_brand": "Tide", "combo": [["4 kg", "640.00"], ["1 kg", "160.00"]]}, {"category": "Cleaning & Household", "sub_category_name": "Detergents & Dishwash", "product_name": "Dishwash Jar", "product_brand": "Pitambari", "combo": []}, {"category": "Cleaning & Household", "sub_category_name": "Detergents & Dishwash", "product_name": "Fabric Cleaner - Cuffs & Collars Cleans", "product_brand": "Robin", "combo": []}, {"category": "Cleaning & Household", "sub_category_name": "Detergents & Dishwash", "product_name": "Dish Wash - Lemon Gel", "product_brand": "Jodax", "combo": []}, {"category": "Cleaning & Household", "sub_category_name": "Detergents & Dishwash", "product_name": "Dishwash Bar - Perfect", "product_brand": "Pril", "combo": []}, {"category": "Cleaning & Household", "sub_category_name": "Detergents & Dishwash", "product_name": "Detergent Washing Powder - Matic, Top Load, With Rs.130 Off", "product_brand": "Ariel", "combo": []}, {"category": "Cleaning & Household", "sub_category_name": "Detergents & Dishwash", "product_name": "Matic - Top Load Detergent", "product_brand": "Henko", "combo": []}, {"category": "Cleaning & Household", "sub_category_name": "Detergents & Dishwash", "product_name": "Mr. White Detergent Powder 1 kg Pouch + Pril Bar Tub 500 gm", "product_brand": "bb Combo", "combo": []}, {"category": "Cleaning & Household", "sub_category_name": "Detergents & Dishwash", "product_name": "Detergent Powder - Colour & Style", "product_brand": "Ariel", "combo": []}, {"category": "Cleaning & Household", "sub_category_name": "Detergents & Dishwash", "product_name": "Revive Liquid", "product_brand": "Revive", "combo": [["100 ml", "34.00"], ["400 ml", "119.97"], ["200 ml", "63.90"]]}, {"category": "Cleaning & Household", "sub_category_name": "Detergents & Dishwash", "product_name": "Safewash Liquid Detergent - Front Load", "product_brand": "Wipro", "combo": [["1 kg", "204.45"], ["2x1 kg", "400.72"]]}, {"category": "Cleaning & Household", "sub_category_name": "Detergents & Dishwash", "product_name": "Fabric Whitener", "product_brand": "Ujala Supreme", "combo": []}, {"category": "Cleaning & Household", "sub_category_name": "Detergents & Dishwash", "product_name": "Henko Detergent Bar - Stain Care 250 gm + Mr. White Detergent Powder 1 kg Pouch", "product_brand": "bb Combo", "combo": []}, {"category": "Cleaning & Household", "sub_category_name": "Detergents & Dishwash", "product_name": "Crisp & Shine Floral Fusion Fabric Enhancer", "product_brand": "Ujala Supreme", "combo": []}, {"category": "Cleaning & Household", "sub_category_name": "Detergents & Dishwash", "product_name": "Dishwash - Kraft, Perfect Active 2x 425 ml Bottle + Bar Tub 500 gm", "product_brand": "Pril", "combo": []}, {"category": "Cleaning & Household", "sub_category_name": "Detergents & Dishwash", "product_name": "Fabric Cleaner - Liquid Blue", "product_brand": "Robin", "combo": []}, {"category": "Cleaning & Household", "sub_category_name": "Detergents & Dishwash", "product_name": "Anti Bacterial Instant Starch", "product_brand": "Revive", "combo": [["400 g", "112.50"], ["200 g", "58.50"]]}]