[{"category": "Snacks & Branded Foods", "sub_category_name": "Ready To Cook & Eat", "product_name": "Pineapple Slices", "product_brand": "Green Shoots", "combo": []}, {"category": "Snacks & Branded Foods", "sub_category_name": "Ready To Cook & Eat", "product_name": "Ragi Bites- Choco Poco", "product_brand": "Soulfull", "combo": []}, {"category": "Snacks & Branded Foods", "sub_category_name": "Ready To Cook & Eat", "product_name": "Chef Makhani Gravy", "product_brand": "Veeba", "combo": []}, {"category": "Snacks & Branded Foods", "sub_category_name": "Ready To Cook & Eat", "product_name": "Chef Biryani Mix", "product_brand": "Veeba", "combo": []}, {"category": "Snacks & Branded Foods", "sub_category_name": "Ready To Cook & Eat", "product_name": "Chef Kadhai Gravy", "product_brand": "Veeba", "combo": []}, {"category": "Snacks & Branded Foods", "sub_category_name": "Ready To Cook & Eat", "product_name": "Chef Hot Garlic Gravy", "product_brand": "Veeba", "combo": []}, {"category": "Snacks & Branded Foods", "sub_category_name": "Ready To Cook & Eat", "product_name": "Chef Chilli Chinese Gravy", "product_brand": "Veeba", "combo": []}, {"category": "Snacks & Branded Foods", "sub_category_name": "Ready To Cook & Eat", "product_name": "Chef Kung Pao Gravy", "product_brand": "Veeba", "combo": []}, {"category": "Snacks & Branded Foods", "sub_category_name": "Ready To Cook & Eat", "product_name": "Chef Thai Green Curry", "product_brand": "Veeba", "combo": []}, {"category": "Snacks & Branded Foods", "sub_category_name": "Ready To Cook & Eat", "product_name": "Chef Chilli Black Bean Gravy", "product_brand": "Veeba", "combo": []}, {"category": "Snacks & Branded Foods", "sub_category_name": "Ready To Cook & Eat", "product_name": "Chef Thai Red Curry", "product_brand": "Veeba", "combo": []}, {"category": "Snacks & Branded Foods", "sub_category_name": "Ready To Cook & Eat", "product_name": "Chef Sichuan Gravy", "product_brand": "Veeba", "combo": []}, {"category": "Snacks & Branded Foods", "sub_category_name": "Ready To Cook & Eat", "product_name": "Gluten-Free Ragi Upma Mix", "product_brand": "Graminway", "combo": []}, {"category": "Snacks & Branded Foods", "sub_category_name": "Ready To Cook & Eat", "product_name": "Ajwain Besan Cheela Mix/Dosa Mix", "product_brand": "Graminway", "combo": []}, {"category": "Snacks & Branded Foods", "sub_category_name": "Ready To Cook & Eat", "product_name": "Gluten-Free Amaranth Cheela/Dosa Mix", "product_brand": "Graminway", "combo": []}, {"category": "Snacks & Branded Foods", "sub_category_name": "Ready To Cook & Eat", "product_name": "Ready Meals - Methi Matar", "product_brand": "Gits", "combo": []}, {"category": "Snacks & Branded Foods", "sub_category_name": "Ready To Cook & Eat", "product_name": "Foochka - Mint", "product_brand": "Shareat", "combo": []}, {"category": "Snacks & Branded Foods", "sub_category_name": "Ready To Cook & Eat", "product_name": "Foochka", "product_brand": "Shareat", "combo": [["1 Kg", "125.00"], ["200 g", "60.00"]]}, {"category": "Snacks & Branded Foods", "sub_category_name": "Ready To Cook & Eat", "product_name": "Fryeat Potato Pellets", "product_brand": "Shareat", "combo": []}, {"category": "Snacks & Branded Foods", "sub_category_name": "Ready To Cook & Eat", "product_name": "Masala Supergrain Mix Instant Meal - Oats, Ragi, Green Gram, Amaranth,", "product_brand": "Kapiva Ayurveda", "combo": []}, {"category": "Snacks & Branded Foods", "sub_category_name": "Ready To Cook & Eat", "product_name": "Jalballs Pani Puri Kit - Hing", "product_brand": "Shareat", "combo": []}, {"category": "Snacks & Branded Foods", "sub_category_name": "Ready To Cook & Eat", "product_name": "Jalballs Pani Puri Kit - Garlic", "product_brand": "Shareat", "combo": []}, {"category": "Snacks & Branded Foods", "sub_category_name": "Ready To Cook & Eat", "product_name": "Vanilla Essence", "product_brand": "Happy Chef", "combo": []}, {"category": "Snacks & Branded Foods", "sub_category_name": "Ready To Cook & Eat", "product_name": "Pista Essence", "product_brand": "Happy Chef", "combo": []}, {"category": "Snacks & Branded Foods", "sub_category_name": "Ready To Cook & Eat", "product_name": "Chocolate Essence", "product_brand": "Happy Chef", "combo": []}, {"category": "Snacks & Branded Foods", "sub_category_name": "Ready To Cook & Eat", "product_name": "Pineapple Essence", "product_brand": "Happy Chef", "combo": []}, {"category": "Snacks & Branded Foods", "sub_category_name": "Ready To Cook & Eat", "product_name": "Strawberry Essence", "product_brand": "Happy Chef", "combo": []}, {"category": "Snacks & Branded Foods", "sub_category_name": "Ready To Cook & Eat", "product_name": "Mug Treat Chocolate Cake Mix", "product_brand": "Betty Crocker", "combo": []}, {"category": "Snacks & Branded Foods", "sub_category_name": "Ready To Cook & Eat", "product_name": "Mug Treat Brownie Mix", "product_brand": "Betty Crocker", "combo": []}, {"category": "Snacks & Branded Foods", "sub_category_name": "Ready To Cook & Eat", "product_name": "Bread Crumbs", "product_brand": "Happy Chef", "combo": []}, {"category": "Snacks & Branded Foods", "sub_category_name": "Ready To Cook & Eat", "product_name": "Papad - Urad Special", "product_brand": "Lijjat", "combo": []}, {"category": "Snacks & Branded Foods", "sub_category_name": "Ready To Cook & Eat", "product_name": "Cup-A-Soup - Manchow Veg", "product_brand": "Knorr", "combo": [["12 g", "10.00"], ["6x12 g", "60.00"]]}, {"category": "Snacks & Branded Foods", "sub_category_name": "Ready To Cook & Eat", "product_name": "Instant Tomato Chatpata Cup-A-Soup", "product_brand": "Knorr", "combo": [["4x16 g", "40.00"], ["14 g", "10.00"]]}, {"category": "Snacks & Branded Foods", "sub_category_name": "Ready To Cook & Eat", "product_name": "Hommade - Coconut Milk", "product_brand": "Dabur", "combo": [["3x200 ml", "225.00"], ["200 ml", "75.00"], ["2x200 ml", "150.00"]]}, {"category": "Snacks & Branded Foods", "sub_category_name": "Ready To Cook & Eat", "product_name": "Cup-A-Soup - Hot & Sour Veg", "product_brand": "Knorr", "combo": [["4x11 g", "40.00"], ["11 g", "10.00"], ["6x11 g", "60.00"]]}, {"category": "Snacks & Branded Foods", "sub_category_name": "Ready To Cook & Eat", "product_name": "Papad - Potato", "product_brand": "Mother's Recipe", "combo": [["2x75 g", "48.60"], ["3x75 g", "72.90"], ["75 g", "24.30"]]}, {"category": "Snacks & Branded Foods", "sub_category_name": "Ready To Cook & Eat", "product_name": "Idli, Dosa & Uttappa Wet Batter", "product_brand": "Jaypees", "combo": []}, {"category": "Snacks & Branded Foods", "sub_category_name": "Ready To Cook & Eat", "product_name": "Poha", "product_brand": "MTR", "combo": [["60 g", "15.00"], ["2x60 g", "30.00"], ["3x60 g", "45.00"]]}, {"category": "Snacks & Branded Foods", "sub_category_name": "Ready To Cook & Eat", "product_name": "Instant Sweet Corn Cup-A-Soup", "product_brand": "Knorr", "combo": [["6x10 g", "60.00"], ["10 g", "10.00"]]}, {"category": "Snacks & Branded Foods", "sub_category_name": "Ready To Cook & Eat", "product_name": "3 Minute Vegetable Upma", "product_brand": "MTR", "combo": [["60 g", "13.33"], ["3x60 g", "39.99"], ["2x60 g", "26.66"]]}, {"category": "Snacks & Branded Foods", "sub_category_name": "Ready To Cook & Eat", "product_name": "Rasgulla", "product_brand": "Haldirams", "combo": [["3 x 1 kg", "499.50"], ["1 kg", "185.00"], ["450 g", "100.00"]]}, {"category": "Snacks & Branded Foods", "sub_category_name": "Ready To Cook & Eat", "product_name": "White Pasta Sauce", "product_brand": "Weikfield", "combo": []}, {"category": "Snacks & Branded Foods", "sub_category_name": "Ready To Cook & Eat", "product_name": "Breakfast Mix - Khaman Dhokla", "product_brand": "MTR", "combo": []}, {"category": "Snacks & Branded Foods", "sub_category_name": "Ready To Cook & Eat", "product_name": "Papad - Sabudana", "product_brand": "Mother's Recipe", "combo": [["75 g", "24.30"], ["2x75 g", "48.60"], ["3x75 g", "72.90"]]}, {"category": "Snacks & Branded Foods", "sub_category_name": "Ready To Cook & Eat", "product_name": "Frozen - Chapati", "product_brand": "SAKAS", "combo": []}, {"category": "Snacks & Branded Foods", "sub_category_name": "Ready To Cook & Eat", "product_name": "Breakfast Mix - Rava Idli", "product_brand": "MTR", "combo": [["200 g", "65.00"], ["500 g", "91.67"], ["1 kg", "158.62"]]}, {"category": "Snacks & Branded Foods", "sub_category_name": "Ready To Cook & Eat", "product_name": "Papad - Urad", "product_brand": "Mothers Recipe", "combo": []}, {"category": "Snacks & Branded Foods", "sub_category_name": "Ready To Cook & Eat", "product_name": "Custard Powder Vanilla", "product_brand": "Weikfield", "combo": []}, {"category": "Snacks & Branded Foods", "sub_category_name": "Ready To Cook & Eat", "product_name": "Papad - Punjabi Masala", "product_brand": "Mothers Recipe", "combo": []}, {"category": "Snacks & Branded Foods", "sub_category_name": "Ready To Cook & Eat", "product_name": "Papad - Moong", "product_brand": "Mothers Recipe", "combo": []}, {"category": "Snacks & Branded Foods", "sub_category_name": "Ready To Cook & Eat", "product_name": "Instant Mixed Vegetable Cup-A-Soup", "product_brand": "Knorr", "combo": []}, {"category": "Snacks & Branded Foods", "sub_category_name": "Ready To Cook & Eat", "product_name": "Powder - Coconut Milk", "product_brand": "MAGGI", "combo": []}, {"category": "Snacks & Branded Foods", "sub_category_name": "Ready To Cook & Eat", "product_name": "Breakfast Mix - Multigrain Dosa", "product_brand": "MTR", "combo": []}, {"category": "Snacks & Branded Foods", "sub_category_name": "Ready To Cook & Eat", "product_name": "Mix - Khaman Dhokla", "product_brand": "Gits", "combo": []}, {"category": "Snacks & Branded Foods", "sub_category_name": "Ready To Cook & Eat", "product_name": "Ragi Bites - Choco Fills", "product_brand": "Soulfull", "combo": [["1 kg", "449.00"], ["2x500 g", "530.00"], ["500 g", "265.00"], ["250 g", "128.75"], ["2x250 g", "257.50"]]}, {"category": "Snacks & Branded Foods", "sub_category_name": "Ready To Cook & Eat", "product_name": "Instant Soup - Manchow", "product_brand": "Chings", "combo": [["15 g", "9.27"], ["10x15 g", "92.70"]]}, {"category": "Snacks & Branded Foods", "sub_category_name": "Ready To Cook & Eat", "product_name": "Custard Powder - Vanilla flavour", "product_brand": "Brown & Polson", "combo": [["100 g", "29.56"], ["2x100 g", "59.12"]]}, {"category": "Snacks & Branded Foods", "sub_category_name": "Ready To Cook & Eat", "product_name": "Chinese Hot & Sour Veg Soup", "product_brand": "Knorr", "combo": [["3x43 g", "132.00"], ["4x43 g", "176.00"], ["43 g", "44.00"], ["4x43 g", "176.00"]]}, {"category": "Snacks & Branded Foods", "sub_category_name": "Ready To Cook & Eat", "product_name": "Breakfast Mix - Upma", "product_brand": "MTR", "combo": [["170 g", "41.85"], ["2x170 g", "83.70"]]}, {"category": "Snacks & Branded Foods", "sub_category_name": "Ready To Cook & Eat", "product_name": "Papad - Garlic Green Chilli", "product_brand": "Mothers Recipe", "combo": []}, {"category": "Snacks & Branded Foods", "sub_category_name": "Ready To Cook & Eat", "product_name": "Soup - Italian Mushroom", "product_brand": "Knorr", "combo": [["41 g", "52.00"], ["4x41 g", "208.00"], ["5x41 g", "260.00"], ["4x41 g", "208.00"], ["3x41 g", "156.00"]]}, {"category": "Snacks & Branded Foods", "sub_category_name": "Ready To Cook & Eat", "product_name": "Easy To Cook Gravy Mix - Chinese Manchurian, Serves 4", "product_brand": "Knorr", "combo": []}, {"category": "Snacks & Branded Foods", "sub_category_name": "Ready To Cook & Eat", "product_name": "Breakfast Mix - Rava Dosa", "product_brand": "MTR", "combo": []}, {"category": "Snacks & Branded Foods", "sub_category_name": "Ready To Cook & Eat", "product_name": "Corn Flour", "product_brand": "Brown & Polson", "combo": [["100 g", "25.00"], ["500 g", "77.00"]]}, {"category": "Snacks & Branded Foods", "sub_category_name": "Ready To Cook & Eat", "product_name": "Baking Powder", "product_brand": "Weikfield", "combo": []}, {"category": "Snacks & Branded Foods", "sub_category_name": "Ready To Cook & Eat", "product_name": "Breakfast Mix - Vada", "product_brand": "MTR", "combo": [["500 g", "180.00"], ["200 g", "105.00"]]}, {"category": "Snacks & Branded Foods", "sub_category_name": "Ready To Cook & Eat", "product_name": "Pancake Mix - Original", "product_brand": "Betty Crocker", "combo": [["500 g", "140.77"], ["1 kg", "385.00"]]}, {"category": "Snacks & Branded Foods", "sub_category_name": "Ready To Cook & Eat", "product_name": "Breakfast Mix - Dosa", "product_brand": "MTR", "combo": [["1 kg", "220.00"], ["200 g", "70.00"], ["500 g", "91.67"]]}, {"category": "Snacks & Branded Foods", "sub_category_name": "Ready To Cook & Eat", "product_name": "Chinese Sweet Corn Veg Soup", "product_brand": "Knorr", "combo": [["5x44 g", "220.00"], ["44 g", "44.00"], ["4x44 g", "176.00"], ["4x44 g", "176.00"], ["3x44 g", "132.00"]]}, {"category": "Snacks & Branded Foods", "sub_category_name": "Ready To Cook & Eat", "product_name": "Chinese Manchow Noodles Soup", "product_brand": "Knorr", "combo": []}, {"category": "Snacks & Branded Foods", "sub_category_name": "Ready To Cook & Eat", "product_name": "3 Minute Breakfast - Magic Masala Upma", "product_brand": "MTR", "combo": []}, {"category": "Snacks & Branded Foods", "sub_category_name": "Ready To Cook & Eat", "product_name": "Ready To Eat - Dal Makhani", "product_brand": "MTR", "combo": []}, {"category": "Snacks & Branded Foods", "sub_category_name": "Ready To Cook & Eat", "product_name": "Instant Soup - Sweet Corn Veg", "product_brand": "Chings", "combo": [["15 g", "10.00"], ["10x15 g", "100.00"]]}, {"category": "Snacks & Branded Foods", "sub_category_name": "Ready To Cook & Eat", "product_name": "Mix - Gulab Jamun", "product_brand": "MTR", "combo": [["2 x 500 g", "340.00"], ["160 g", "93.61"], ["500 g", "170.00"], ["2x175 g", "187.22"]]}, {"category": "Snacks & Branded Foods", "sub_category_name": "Ready To Cook & Eat", "product_name": "Gulab Jamun", "product_brand": "Haldirams", "combo": [["1 kg", "195.00"], ["3 x 1 kg", "526.50"], ["450 g", "105.00"]]}, {"category": "Snacks & Branded Foods", "sub_category_name": "Ready To Cook & Eat", "product_name": "Classic Mixed Vegetable Soup", "product_brand": "Knorr", "combo": [["3x45 g", "132.00"], ["4x45 g", "176.00"], ["45 g", "44.00"]]}, {"category": "Snacks & Branded Foods", "sub_category_name": "Ready To Cook & Eat", "product_name": "Cocoa Powder Mix", "product_brand": "Cadbury", "combo": [["150 g", "211.85"], ["2x150 g", "381.33"]]}, {"category": "Snacks & Branded Foods", "sub_category_name": "Ready To Cook & Eat", "product_name": "Red Pasta Sauce", "product_brand": "Weikfield", "combo": []}, {"category": "Snacks & Branded Foods", "sub_category_name": "Ready To Cook & Eat", "product_name": "Cocoa", "product_brand": "Weikfield", "combo": [["150 g", "150.00"], ["50 g", "62.26"]]}, {"category": "Snacks & Branded Foods", "sub_category_name": "Ready To Cook & Eat", "product_name": "Ready To Eat - Pav Bhaji", "product_brand": "MTR", "combo": []}, {"category": "Snacks & Branded Foods", "sub_category_name": "Ready To Cook & Eat", "product_name": "Gulab Jamun", "product_brand": "Gits", "combo": [["500 g", "178.00"], ["2 x 500 g", "356.00"]]}, {"category": "Snacks & Branded Foods", "sub_category_name": "Ready To Cook & Eat", "product_name": "International Mexican Tomato Corn Soup", "product_brand": "Knorr", "combo": [["52 g", "52.00"], ["3x52 g", "156.00"]]}, {"category": "Snacks & Branded Foods", "sub_category_name": "Ready To Cook & Eat", "product_name": "Breakfast Mix - Rice Idli", "product_brand": "MTR", "combo": [["500 g", "94.76"], ["200 g", "70.00"]]}, {"category": "Snacks & Branded Foods", "sub_category_name": "Ready To Cook & Eat", "product_name": "Custard Powder - Vanilla Flavor", "product_brand": "Brown & Polson", "combo": []}, {"category": "Snacks & Branded Foods", "sub_category_name": "Ready To Cook & Eat", "product_name": "Breakfast Mix - Uttappam", "product_brand": "MTR", "combo": []}, {"category": "Snacks & Branded Foods", "sub_category_name": "Ready To Cook & Eat", "product_name": "Classic Chicken Delite Soup", "product_brand": "Knorr", "combo": [["44 g", "44.00"], ["3x44 g", "132.00"], ["5x44 g", "220.00"], ["4x44 g", "176.00"], ["4x44 g", "176.00"]]}, {"category": "Snacks & Branded Foods", "sub_category_name": "Ready To Cook & Eat", "product_name": "Khaman Dhokla Mix", "product_brand": "Mothers Recipe", "combo": [["3x180 g", "122.40"], ["180 g", "40.80"]]}, {"category": "Snacks & Branded Foods", "sub_category_name": "Ready To Cook & Eat", "product_name": "3 Minute Breakfast - Kesari Halwa", "product_brand": "MTR", "combo": []}, {"category": "Snacks & Branded Foods", "sub_category_name": "Ready To Cook & Eat", "product_name": "Gulab Jamun - Ready Mix", "product_brand": "Gits", "combo": [["200 g", "92.00"], ["3 x 200 g", "276.00"]]}, {"category": "Snacks & Branded Foods", "sub_category_name": "Ready To Cook & Eat", "product_name": "Dry Yeast", "product_brand": "Cookwell", "combo": []}, {"category": "Snacks & Branded Foods", "sub_category_name": "Ready To Cook & Eat", "product_name": "Dessert Topping - Chocolate Syrup", "product_brand": "Mapro", "combo": [["500 ml", "180.00"], ["200 ml", "81.00"]]}, {"category": "Snacks & Branded Foods", "sub_category_name": "Ready To Cook & Eat", "product_name": "Ready To Eat - Palak Paneer", "product_brand": "MTR", "combo": []}, {"category": "Snacks & Branded Foods", "sub_category_name": "Ready To Cook & Eat", "product_name": "Ready Mix - Vermicelli Payasam", "product_brand": "MTR", "combo": []}, {"category": "Snacks & Branded Foods", "sub_category_name": "Ready To Cook & Eat", "product_name": "Coco Powder", "product_brand": "Cookwell", "combo": []}, {"category": "Snacks & Branded Foods", "sub_category_name": "Ready To Cook & Eat", "product_name": "Ready Meals - Dal Makhani", "product_brand": "Aashirvaad", "combo": [["285 g", "90.00"], ["2x285 g", "180.00"]]}, {"category": "Snacks & Branded Foods", "sub_category_name": "Ready To Cook & Eat", "product_name": "Mix - Dahi Vada", "product_brand": "Gits", "combo": []}, {"category": "Snacks & Branded Foods", "sub_category_name": "Ready To Cook & Eat", "product_name": "Ready Mix - Khatta Dhokla", "product_brand": "Gits", "combo": []}, {"category": "Snacks & Branded Foods", "sub_category_name": "Ready To Cook & Eat", "product_name": "Ready To Eat - Shahi Paneer", "product_brand": "MTR", "combo": []}, {"category": "Snacks & Branded Foods", "sub_category_name": "Ready To Cook & Eat", "product_name": "Ready To Eat - Chana Masala", "product_brand": "MTR", "combo": []}, {"category": "Snacks & Branded Foods", "sub_category_name": "Ready To Cook & Eat", "product_name": "Cooker Cake - Vanilla (Eggless)", "product_brand": "Pillsbury", "combo": []}, {"category": "Snacks & Branded Foods", "sub_category_name": "Ready To Cook & Eat", "product_name": "Chicken Soup - Sweet Corn", "product_brand": "Knorr", "combo": []}, {"category": "Snacks & Branded Foods", "sub_category_name": "Ready To Cook & Eat", "product_name": "Mix - Poha", "product_brand": "Mother's Recipe", "combo": [["160 g", "41.25"], ["3x160 g", "123.75"]]}, {"category": "Snacks & Branded Foods", "sub_category_name": "Ready To Cook & Eat", "product_name": "Breakfast Mix - Masala Idli", "product_brand": "MTR", "combo": []}, {"category": "Snacks & Branded Foods", "sub_category_name": "Ready To Cook & Eat", "product_name": "Snack Mix - Dhokla", "product_brand": "MTR", "combo": []}, {"category": "Snacks & Branded Foods", "sub_category_name": "Ready To Cook & Eat", "product_name": "Pancake Mix - Original", "product_brand": "Betty Crocker", "combo": []}, {"category": "Snacks & Branded Foods", "sub_category_name": "Ready To Cook & Eat", "product_name": "Breakfast Mix - Multigrain Dosa", "product_brand": "GoodDiet", "combo": []}, {"category": "Snacks & Branded Foods", "sub_category_name": "Ready To Cook & Eat", "product_name": "Breakfast Mix - Multi Millet Dosa", "product_brand": "GoodDiet", "combo": []}, {"category": "Snacks & Branded Foods", "sub_category_name": "Ready To Cook & Eat", "product_name": "Citric Acid", "product_brand": "Cookwell", "combo": []}, {"category": "Snacks & Branded Foods", "sub_category_name": "Ready To Cook & Eat", "product_name": "Ready Meals - Punjabi Chhole", "product_brand": "Gits", "combo": []}, {"category": "Snacks & Branded Foods", "sub_category_name": "Ready To Cook & Eat", "product_name": "Breakfast Mix - Masala Upma", "product_brand": "MTR", "combo": []}, {"category": "Snacks & Branded Foods", "sub_category_name": "Ready To Cook & Eat", "product_name": "Atta - Thalipith", "product_brand": "Harshaman", "combo": []}, {"category": "Snacks & Branded Foods", "sub_category_name": "Ready To Cook & Eat", "product_name": "Singapore Curry Instant Noodles", "product_brand": "Chings", "combo": []}, {"category": "Snacks & Branded Foods", "sub_category_name": "Ready To Cook & Eat", "product_name": "3 Minute Breakfast - Magic Masala Upma", "product_brand": "MTR", "combo": []}, {"category": "Snacks & Branded Foods", "sub_category_name": "Ready To Cook & Eat", "product_name": "Ready To Eat - Jeera Rice", "product_brand": "MTR", "combo": []}, {"category": "Snacks & Branded Foods", "sub_category_name": "Ready To Cook & Eat", "product_name": "Millet Muesli - Crunchy", "product_brand": "Soulfull", "combo": [["400 g", "275.00"], ["2x400 g", "550.00"], ["700 g", "364.00"]]}, {"category": "Snacks & Branded Foods", "sub_category_name": "Ready To Cook & Eat", "product_name": "Cooker Cake Mix - Vanilla", "product_brand": "Weikfield", "combo": []}, {"category": "Snacks & Branded Foods", "sub_category_name": "Ready To Cook & Eat", "product_name": "Cooker Cake Mix - Chocolate", "product_brand": "Weikfield", "combo": []}, {"category": "Snacks & Branded Foods", "sub_category_name": "Ready To Cook & Eat", "product_name": "Instant China Grass - Vanilla", "product_brand": "Blue Bird", "combo": []}, {"category": "Snacks & Branded Foods", "sub_category_name": "Ready To Cook & Eat", "product_name": "Baked Beans - In Sauce", "product_brand": "Del Monte", "combo": []}, {"category": "Snacks & Branded Foods", "sub_category_name": "Ready To Cook & Eat", "product_name": "Ready to Eat - Rajma Masala", "product_brand": "MTR", "combo": []}, {"category": "Snacks & Branded Foods", "sub_category_name": "Ready To Cook & Eat", "product_name": "Breakfast Mix - Oats Idli", "product_brand": "MTR", "combo": []}, {"category": "Snacks & Branded Foods", "sub_category_name": "Ready To Cook & Eat", "product_name": "Ready To Eat - Tomato Rice", "product_brand": "MTR", "combo": []}, {"category": "Snacks & Branded Foods", "sub_category_name": "Ready To Cook & Eat", "product_name": "Ready Mix - Rava Dosai", "product_brand": "Gits", "combo": []}, {"category": "Snacks & Branded Foods", "sub_category_name": "Ready To Cook & Eat", "product_name": "Ready Mix - Khaman Dhokla", "product_brand": "Gits", "combo": []}, {"category": "Snacks & Branded Foods", "sub_category_name": "Ready To Cook & Eat", "product_name": "Ready To Eat - Khatta Meetha Poha", "product_brand": "MTR", "combo": []}, {"category": "Snacks & Branded Foods", "sub_category_name": "Ready To Cook & Eat", "product_name": "Vanilla Oven Cake Mix - Moist Supreme", "product_brand": "Pillsbury", "combo": []}, {"category": "Snacks & Branded Foods", "sub_category_name": "Ready To Cook & Eat", "product_name": "Breakfast Mix - Kodo Millet Rava Dosa", "product_brand": "GoodDiet", "combo": []}, {"category": "Snacks & Branded Foods", "sub_category_name": "Ready To Cook & Eat", "product_name": "Breakfast Mix - Finger Millet Ragi Dosa", "product_brand": "GoodDiet", "combo": []}, {"category": "Snacks & Branded Foods", "sub_category_name": "Ready To Cook & Eat", "product_name": "Mix - Khatta Dhokla", "product_brand": "Gits", "combo": []}, {"category": "Snacks & Branded Foods", "sub_category_name": "Ready To Cook & Eat", "product_name": "Heat to Eat - Hot & Spicy Schezwan Noodles with Chicken", "product_brand": "TATA Q", "combo": []}, {"category": "Snacks & Branded Foods", "sub_category_name": "Ready To Cook & Eat", "product_name": "Jelly Crystals - Pineapple, 100% Veg", "product_brand": "Blue Bird", "combo": []}, {"category": "Snacks & Branded Foods", "sub_category_name": "Ready To Cook & Eat", "product_name": "Mix - Rava Dosai", "product_brand": "Gits", "combo": []}, {"category": "Snacks & Branded Foods", "sub_category_name": "Ready To Cook & Eat", "product_name": "Cornflour", "product_brand": "Cookwell", "combo": []}, {"category": "Snacks & Branded Foods", "sub_category_name": "Ready To Cook & Eat", "product_name": "Cake Mix - Choco Fudge Rich Chocolate", "product_brand": "Betty Crocker", "combo": []}, {"category": "Snacks & Branded Foods", "sub_category_name": "Ready To Cook & Eat", "product_name": "Ready To Eat - Paneer Makhani", "product_brand": "MTR", "combo": []}, {"category": "Snacks & Branded Foods", "sub_category_name": "Ready To Cook & Eat", "product_name": "Soup - Sweet Corn", "product_brand": "Chings", "combo": []}, {"category": "Snacks & Branded Foods", "sub_category_name": "Ready To Cook & Eat", "product_name": "Ready To Eat - Dal Fry", "product_brand": "MTR", "combo": []}, {"category": "Snacks & Branded Foods", "sub_category_name": "Ready To Cook & Eat", "product_name": "Snacks - Sticks, Carrot & Cumin, 2+ Years, 100% Natural & Healthy", "product_brand": "Timios", "combo": [["10x30 g", "200.00"], ["5x30 g", "100.00"], ["30 g", "20.00"]]}, {"category": "Snacks & Branded Foods", "sub_category_name": "Ready To Cook & Eat", "product_name": "Caramel Pudding", "product_brand": "Weikfield", "combo": []}, {"category": "Snacks & Branded Foods", "sub_category_name": "Ready To Cook & Eat", "product_name": "Ready Mix - Falooda, Badam & Pista", "product_brand": "Gits", "combo": []}, {"category": "Snacks & Branded Foods", "sub_category_name": "Ready To Cook & Eat", "product_name": "Breakfast Mix - Oats Idli", "product_brand": "MTR", "combo": []}, {"category": "Snacks & Branded Foods", "sub_category_name": "Ready To Cook & Eat", "product_name": "Ready To Eat - Tomato Rice", "product_brand": "MTR", "combo": []}, {"category": "Snacks & Branded Foods", "sub_category_name": "Ready To Cook & Eat", "product_name": "Ready Mix - Rava Dosai", "product_brand": "Gits", "combo": []}, {"category": "Snacks & Branded Foods", "sub_category_name": "Ready To Cook & Eat", "product_name": "Ready Mix - Khaman Dhokla", "product_brand": "Gits", "combo": []}, {"category": "Snacks & Branded Foods", "sub_category_name": "Ready To Cook & Eat", "product_name": "Ready To Eat - Khatta Meetha Poha", "product_brand": "MTR", "combo": []}, {"category": "Snacks & Branded Foods", "sub_category_name": "Ready To Cook & Eat", "product_name": "Vanilla Oven Cake Mix - Moist Supreme", "product_brand": "Pillsbury", "combo": []}, {"category": "Snacks & Branded Foods", "sub_category_name": "Ready To Cook & Eat", "product_name": "Breakfast Mix - Kodo Millet Rava Dosa", "product_brand": "GoodDiet", "combo": []}, {"category": "Snacks & Branded Foods", "sub_category_name": "Ready To Cook & Eat", "product_name": "Breakfast Mix - Finger Millet Ragi Dosa", "product_brand": "GoodDiet", "combo": []}, {"category": "Snacks & Branded Foods", "sub_category_name": "Ready To Cook & Eat", "product_name": "Mix - Khatta Dhokla", "product_brand": "Gits", "combo": []}, {"category": "Snacks & Branded Foods", "sub_category_name": "Ready To Cook & Eat", "product_name": "Heat to Eat - Hot & Spicy Schezwan Noodles with Chicken", "product_brand": "TATA Q", "combo": []}, {"category": "Snacks & Branded Foods", "sub_category_name": "Ready To Cook & Eat", "product_name": "Jelly Crystals - Pineapple, 100% Veg", "product_brand": "Blue Bird", "combo": []}, {"category": "Snacks & Branded Foods", "sub_category_name": "Ready To Cook & Eat", "product_name": "Mix - Rava Dosai", "product_brand": "Gits", "combo": []}, {"category": "Snacks & Branded Foods", "sub_category_name": "Ready To Cook & Eat", "product_name": "Cornflour", "product_brand": "Cookwell", "combo": []}, {"category": "Snacks & Branded Foods", "sub_category_name": "Ready To Cook & Eat", "product_name": "Cake Mix - Choco Fudge Rich Chocolate", "product_brand": "Betty Crocker", "combo": []}, {"category": "Snacks & Branded Foods", "sub_category_name": "Ready To Cook & Eat", "product_name": "Ready To Eat - Paneer Makhani", "product_brand": "MTR", "combo": []}, {"category": "Snacks & Branded Foods", "sub_category_name": "Ready To Cook & Eat", "product_name": "Soup - Sweet Corn", "product_brand": "Chings", "combo": []}, {"category": "Snacks & Branded Foods", "sub_category_name": "Ready To Cook & Eat", "product_name": "Ready To Eat - Dal Fry", "product_brand": "MTR", "combo": []}, {"category": "Snacks & Branded Foods", "sub_category_name": "Ready To Cook & Eat", "product_name": "Snacks - Sticks, Carrot & Cumin, 2+ Years, 100% Natural & Healthy", "product_brand": "Timios", "combo": [["10x30 g", "200.00"], ["5x30 g", "100.00"], ["30 g", "20.00"]]}, {"category": "Snacks & Branded Foods", "sub_category_name": "Ready To Cook & Eat", "product_name": "Caramel Pudding", "product_brand": "Weikfield", "combo": []}, {"category": "Snacks & Branded Foods", "sub_category_name": "Ready To Cook & Eat", "product_name": "Ready Mix - Falooda, Badam & Pista", "product_brand": "Gits", "combo": []}, {"category": "Snacks & Branded Foods", "sub_category_name": "Ready To Cook & Eat", "product_name": "Breakfast Mix - Oats Idli", "product_brand": "MTR", "combo": []}, {"category": "Snacks & Branded Foods", "sub_category_name": "Ready To Cook & Eat", "product_name": "Ready To Eat - Tomato Rice", "product_brand": "MTR", "combo": []}, {"category": "Snacks & Branded Foods", "sub_category_name": "Ready To Cook & Eat", "product_name": "Ready Mix - Rava Dosai", "product_brand": "Gits", "combo": []}, {"category": "Snacks & Branded Foods", "sub_category_name": "Ready To Cook & Eat", "product_name": "Ready Mix - Khaman Dhokla", "product_brand": "Gits", "combo": []}, {"category": "Snacks & Branded Foods", "sub_category_name": "Ready To Cook & Eat", "product_name": "Ready To Eat - Khatta Meetha Poha", "product_brand": "MTR", "combo": []}, {"category": "Snacks & Branded Foods", "sub_category_name": "Ready To Cook & Eat", "product_name": "Vanilla Oven Cake Mix - Moist Supreme", "product_brand": "Pillsbury", "combo": []}, {"category": "Snacks & Branded Foods", "sub_category_name": "Ready To Cook & Eat", "product_name": "Breakfast Mix - Kodo Millet Rava Dosa", "product_brand": "GoodDiet", "combo": []}, {"category": "Snacks & Branded Foods", "sub_category_name": "Ready To Cook & Eat", "product_name": "Breakfast Mix - Finger Millet Ragi Dosa", "product_brand": "GoodDiet", "combo": []}, {"category": "Snacks & Branded Foods", "sub_category_name": "Ready To Cook & Eat", "product_name": "Mix - Khatta Dhokla", "product_brand": "Gits", "combo": []}, {"category": "Snacks & Branded Foods", "sub_category_name": "Ready To Cook & Eat", "product_name": "Heat to Eat - Hot & Spicy Schezwan Noodles with Chicken", "product_brand": "TATA Q", "combo": []}, {"category": "Snacks & Branded Foods", "sub_category_name": "Ready To Cook & Eat", "product_name": "Jelly Crystals - Pineapple, 100% Veg", "product_brand": "Blue Bird", "combo": []}, {"category": "Snacks & Branded Foods", "sub_category_name": "Ready To Cook & Eat", "product_name": "Mix - Rava Dosai", "product_brand": "Gits", "combo": []}, {"category": "Snacks & Branded Foods", "sub_category_name": "Ready To Cook & Eat", "product_name": "Cornflour", "product_brand": "Cookwell", "combo": []}, {"category": "Snacks & Branded Foods", "sub_category_name": "Ready To Cook & Eat", "product_name": "Cake Mix - Choco Fudge Rich Chocolate", "product_brand": "Betty Crocker", "combo": []}, {"category": "Snacks & Branded Foods", "sub_category_name": "Ready To Cook & Eat", "product_name": "Ready To Eat - Paneer Makhani", "product_brand": "MTR", "combo": []}, {"category": "Snacks & Branded Foods", "sub_category_name": "Ready To Cook & Eat", "product_name": "Soup - Sweet Corn", "product_brand": "Chings", "combo": []}, {"category": "Snacks & Branded Foods", "sub_category_name": "Ready To Cook & Eat", "product_name": "Ready To Eat - Dal Fry", "product_brand": "MTR", "combo": []}, {"category": "Snacks & Branded Foods", "sub_category_name": "Ready To Cook & Eat", "product_name": "Snacks - Sticks, Carrot & Cumin, 2+ Years, 100% Natural & Healthy", "product_brand": "Timios", "combo": [["10x30 g", "200.00"], ["5x30 g", "100.00"], ["30 g", "20.00"]]}, {"category": "Snacks & Branded Foods", "sub_category_name": "Ready To Cook & Eat", "product_name": "Caramel Pudding", "product_brand": "Weikfield", "combo": []}, {"category": "Snacks & Branded Foods", "sub_category_name": "Ready To Cook & Eat", "product_name": "Ready Mix - Falooda, Badam & Pista", "product_brand": "Gits", "combo": []}, {"category": "Snacks & Branded Foods", "sub_category_name": "Ready To Cook & Eat", "product_name": "Breakfast Mix - Oats Idli", "product_brand": "MTR", "combo": []}, {"category": "Snacks & Branded Foods", "sub_category_name": "Ready To Cook & Eat", "product_name": "Ready To Eat - Tomato Rice", "product_brand": "MTR", "combo": []}, {"category": "Snacks & Branded Foods", "sub_category_name": "Ready To Cook & Eat", "product_name": "Ready Mix - Rava Dosai", "product_brand": "Gits", "combo": []}, {"category": "Snacks & Branded Foods", "sub_category_name": "Ready To Cook & Eat", "product_name": "Ready Mix - Khaman Dhokla", "product_brand": "Gits", "combo": []}, {"category": "Snacks & Branded Foods", "sub_category_name": "Ready To Cook & Eat", "product_name": "Ready To Eat - Khatta Meetha Poha", "product_brand": "MTR", "combo": []}, {"category": "Snacks & Branded Foods", "sub_category_name": "Ready To Cook & Eat", "product_name": "Vanilla Oven Cake Mix - Moist Supreme", "product_brand": "Pillsbury", "combo": []}, {"category": "Snacks & Branded Foods", "sub_category_name": "Ready To Cook & Eat", "product_name": "Breakfast Mix - Kodo Millet Rava Dosa", "product_brand": "GoodDiet", "combo": []}, {"category": "Snacks & Branded Foods", "sub_category_name": "Ready To Cook & Eat", "product_name": "Breakfast Mix - Finger Millet Ragi Dosa", "product_brand": "GoodDiet", "combo": []}, {"category": "Snacks & Branded Foods", "sub_category_name": "Ready To Cook & Eat", "product_name": "Mix - Khatta Dhokla", "product_brand": "Gits", "combo": []}, {"category": "Snacks & Branded Foods", "sub_category_name": "Ready To Cook & Eat", "product_name": "Heat to Eat - Hot & Spicy Schezwan Noodles with Chicken", "product_brand": "TATA Q", "combo": []}, {"category": "Snacks & Branded Foods", "sub_category_name": "Ready To Cook & Eat", "product_name": "Jelly Crystals - Pineapple, 100% Veg", "product_brand": "Blue Bird", "combo": []}, {"category": "Snacks & Branded Foods", "sub_category_name": "Ready To Cook & Eat", "product_name": "Mix - Rava Dosai", "product_brand": "Gits", "combo": []}, {"category": "Snacks & Branded Foods", "sub_category_name": "Ready To Cook & Eat", "product_name": "Cornflour", "product_brand": "Cookwell", "combo": []}, {"category": "Snacks & Branded Foods", "sub_category_name": "Ready To Cook & Eat", "product_name": "Cake Mix - Choco Fudge Rich Chocolate", "product_brand": "Betty Crocker", "combo": []}, {"category": "Snacks & Branded Foods", "sub_category_name": "Ready To Cook & Eat", "product_name": "Ready To Eat - Paneer Makhani", "product_brand": "MTR", "combo": []}, {"category": "Snacks & Branded Foods", "sub_category_name": "Ready To Cook & Eat", "product_name": "Soup - Sweet Corn", "product_brand": "Chings", "combo": []}, {"category": "Snacks & Branded Foods", "sub_category_name": "Ready To Cook & Eat", "product_name": "Ready To Eat - Dal Fry", "product_brand": "MTR", "combo": []}, {"category": "Snacks & Branded Foods", "sub_category_name": "Ready To Cook & Eat", "product_name": "Snacks - Sticks, Carrot & Cumin, 2+ Years, 100% Natural & Healthy", "product_brand": "Timios", "combo": [["10x30 g", "200.00"], ["5x30 g", "100.00"], ["30 g", "20.00"]]}, {"category": "Snacks & Branded Foods", "sub_category_name": "Ready To Cook & Eat", "product_name": "Caramel Pudding", "product_brand": "Weikfield", "combo": []}, {"category": "Snacks & Branded Foods", "sub_category_name": "Ready To Cook & Eat", "product_name": "Ready Mix - Falooda, Badam & Pista", "product_brand": "Gits", "combo": []}, {"category": "Snacks & Branded Foods", "sub_category_name": "Ready To Cook & Eat", "product_name": "Breakfast Mix - Oats Idli", "product_brand": "MTR", "combo": []}, {"category": "Snacks & Branded Foods", "sub_category_name": "Ready To Cook & Eat", "product_name": "Ready To Eat - Tomato Rice", "product_brand": "MTR", "combo": []}, {"category": "Snacks & Branded Foods", "sub_category_name": "Ready To Cook & Eat", "product_name": "Ready Mix - Rava Dosai", "product_brand": "Gits", "combo": []}, {"category": "Snacks & Branded Foods", "sub_category_name": "Ready To Cook & Eat", "product_name": "Ready Mix - Khaman Dhokla", "product_brand": "Gits", "combo": []}, {"category": "Snacks & Branded Foods", "sub_category_name": "Ready To Cook & Eat", "product_name": "Ready To Eat - Khatta Meetha Poha", "product_brand": "MTR", "combo": []}, {"category": "Snacks & Branded Foods", "sub_category_name": "Ready To Cook & Eat", "product_name": "Vanilla Oven Cake Mix - Moist Supreme", "product_brand": "Pillsbury", "combo": []}, {"category": "Snacks & Branded Foods", "sub_category_name": "Ready To Cook & Eat", "product_name": "Breakfast Mix - Kodo Millet Rava Dosa", "product_brand": "GoodDiet", "combo": []}, {"category": "Snacks & Branded Foods", "sub_category_name": "Ready To Cook & Eat", "product_name": "Breakfast Mix - Finger Millet Ragi Dosa", "product_brand": "GoodDiet", "combo": []}, {"category": "Snacks & Branded Foods", "sub_category_name": "Ready To Cook & Eat", "product_name": "Mix - Khatta Dhokla", "product_brand": "Gits", "combo": []}, {"category": "Snacks & Branded Foods", "sub_category_name": "Ready To Cook & Eat", "product_name": "Heat to Eat - Hot & Spicy Schezwan Noodles with Chicken", "product_brand": "TATA Q", "combo": []}, {"category": "Snacks & Branded Foods", "sub_category_name": "Ready To Cook & Eat", "product_name": "Jelly Crystals - Pineapple, 100% Veg", "product_brand": "Blue Bird", "combo": []}, {"category": "Snacks & Branded Foods", "sub_category_name": "Ready To Cook & Eat", "product_name": "Mix - Rava Dosai", "product_brand": "Gits", "combo": []}, {"category": "Snacks & Branded Foods", "sub_category_name": "Ready To Cook & Eat", "product_name": "Cornflour", "product_brand": "Cookwell", "combo": []}, {"category": "Snacks & Branded Foods", "sub_category_name": "Ready To Cook & Eat", "product_name": "Cake Mix - Choco Fudge Rich Chocolate", "product_brand": "Betty Crocker", "combo": []}, {"category": "Snacks & Branded Foods", "sub_category_name": "Ready To Cook & Eat", "product_name": "Ready To Eat - Paneer Makhani", "product_brand": "MTR", "combo": []}, {"category": "Snacks & Branded Foods", "sub_category_name": "Ready To Cook & Eat", "product_name": "Soup - Sweet Corn", "product_brand": "Chings", "combo": []}, {"category": "Snacks & Branded Foods", "sub_category_name": "Ready To Cook & Eat", "product_name": "Ready To Eat - Dal Fry", "product_brand": "MTR", "combo": []}, {"category": "Snacks & Branded Foods", "sub_category_name": "Ready To Cook & Eat", "product_name": "Snacks - Sticks, Carrot & Cumin, 2+ Years, 100% Natural & Healthy", "product_brand": "Timios", "combo": [["10x30 g", "200.00"], ["5x30 g", "100.00"], ["30 g", "20.00"]]}, {"category": "Snacks & Branded Foods", "sub_category_name": "Ready To Cook & Eat", "product_name": "Caramel Pudding", "product_brand": "Weikfield", "combo": []}, {"category": "Snacks & Branded Foods", "sub_category_name": "Ready To Cook & Eat", "product_name": "Ready Mix - Falooda, Badam & Pista", "product_brand": "Gits", "combo": []}, {"category": "Snacks & Branded Foods", "sub_category_name": "Ready To Cook & Eat", "product_name": "Breakfast Mix - Oats Idli", "product_brand": "MTR", "combo": []}, {"category": "Snacks & Branded Foods", "sub_category_name": "Ready To Cook & Eat", "product_name": "Ready To Eat - Tomato Rice", "product_brand": "MTR", "combo": []}, {"category": "Snacks & Branded Foods", "sub_category_name": "Ready To Cook & Eat", "product_name": "Ready Mix - Rava Dosai", "product_brand": "Gits", "combo": []}, {"category": "Snacks & Branded Foods", "sub_category_name": "Ready To Cook & Eat", "product_name": "Ready Mix - Khaman Dhokla", "product_brand": "Gits", "combo": []}, {"category": "Snacks & Branded Foods", "sub_category_name": "Ready To Cook & Eat", "product_name": "Ready To Eat - Khatta Meetha Poha", "product_brand": "MTR", "combo": []}, {"category": "Snacks & Branded Foods", "sub_category_name": "Ready To Cook & Eat", "product_name": "Vanilla Oven Cake Mix - Moist Supreme", "product_brand": "Pillsbury", "combo": []}, {"category": "Snacks & Branded Foods", "sub_category_name": "Ready To Cook & Eat", "product_name": "Breakfast Mix - Kodo Millet Rava Dosa", "product_brand": "GoodDiet", "combo": []}, {"category": "Snacks & Branded Foods", "sub_category_name": "Ready To Cook & Eat", "product_name": "Breakfast Mix - Finger Millet Ragi Dosa", "product_brand": "GoodDiet", "combo": []}, {"category": "Snacks & Branded Foods", "sub_category_name": "Ready To Cook & Eat", "product_name": "Mix - Khatta Dhokla", "product_brand": "Gits", "combo": []}, {"category": "Snacks & Branded Foods", "sub_category_name": "Ready To Cook & Eat", "product_name": "Heat to Eat - Hot & Spicy Schezwan Noodles with Chicken", "product_brand": "TATA Q", "combo": []}, {"category": "Snacks & Branded Foods", "sub_category_name": "Ready To Cook & Eat", "product_name": "Jelly Crystals - Pineapple, 100% Veg", "product_brand": "Blue Bird", "combo": []}, {"category": "Snacks & Branded Foods", "sub_category_name": "Ready To Cook & Eat", "product_name": "Mix - Rava Dosai", "product_brand": "Gits", "combo": []}, {"category": "Snacks & Branded Foods", "sub_category_name": "Ready To Cook & Eat", "product_name": "Cornflour", "product_brand": "Cookwell", "combo": []}, {"category": "Snacks & Branded Foods", "sub_category_name": "Ready To Cook & Eat", "product_name": "Cake Mix - Choco Fudge Rich Chocolate", "product_brand": "Betty Crocker", "combo": []}, {"category": "Snacks & Branded Foods", "sub_category_name": "Ready To Cook & Eat", "product_name": "Ready To Eat - Paneer Makhani", "product_brand": "MTR", "combo": []}, {"category": "Snacks & Branded Foods", "sub_category_name": "Ready To Cook & Eat", "product_name": "Soup - Sweet Corn", "product_brand": "Chings", "combo": []}, {"category": "Snacks & Branded Foods", "sub_category_name": "Ready To Cook & Eat", "product_name": "Ready To Eat - Dal Fry", "product_brand": "MTR", "combo": []}, {"category": "Snacks & Branded Foods", "sub_category_name": "Ready To Cook & Eat", "product_name": "Snacks - Sticks, Carrot & Cumin, 2+ Years, 100% Natural & Healthy", "product_brand": "Timios", "combo": [["10x30 g", "200.00"], ["5x30 g", "100.00"], ["30 g", "20.00"]]}, {"category": "Snacks & Branded Foods", "sub_category_name": "Ready To Cook & Eat", "product_name": "Caramel Pudding", "product_brand": "Weikfield", "combo": []}, {"category": "Snacks & Branded Foods", "sub_category_name": "Ready To Cook & Eat", "product_name": "Ready Mix - Falooda, Badam & Pista", "product_brand": "Gits", "combo": []}, {"category": "Snacks & Branded Foods", "sub_category_name": "Ready To Cook & Eat", "product_name": "Breakfast Mix - Oats Idli", "product_brand": "MTR", "combo": []}, {"category": "Snacks & Branded Foods", "sub_category_name": "Ready To Cook & Eat", "product_name": "Ready To Eat - Tomato Rice", "product_brand": "MTR", "combo": []}, {"category": "Snacks & Branded Foods", "sub_category_name": "Ready To Cook & Eat", "product_name": "Ready Mix - Rava Dosai", "product_brand": "Gits", "combo": []}, {"category": "Snacks & Branded Foods", "sub_category_name": "Ready To Cook & Eat", "product_name": "Ready Mix - Khaman Dhokla", "product_brand": "Gits", "combo": []}, {"category": "Snacks & Branded Foods", "sub_category_name": "Ready To Cook & Eat", "product_name": "Ready To Eat - Khatta Meetha Poha", "product_brand": "MTR", "combo": []}, {"category": "Snacks & Branded Foods", "sub_category_name": "Ready To Cook & Eat", "product_name": "Vanilla Oven Cake Mix - Moist Supreme", "product_brand": "Pillsbury", "combo": []}, {"category": "Snacks & Branded Foods", "sub_category_name": "Ready To Cook & Eat", "product_name": "Breakfast Mix - Kodo Millet Rava Dosa", "product_brand": "GoodDiet", "combo": []}, {"category": "Snacks & Branded Foods", "sub_category_name": "Ready To Cook & Eat", "product_name": "Breakfast Mix - Finger Millet Ragi Dosa", "product_brand": "GoodDiet", "combo": []}, {"category": "Snacks & Branded Foods", "sub_category_name": "Ready To Cook & Eat", "product_name": "Mix - Khatta Dhokla", "product_brand": "Gits", "combo": []}, {"category": "Snacks & Branded Foods", "sub_category_name": "Ready To Cook & Eat", "product_name": "Heat to Eat - Hot & Spicy Schezwan Noodles with Chicken", "product_brand": "TATA Q", "combo": []}, {"category": "Snacks & Branded Foods", "sub_category_name": "Ready To Cook & Eat", "product_name": "Jelly Crystals - Pineapple, 100% Veg", "product_brand": "Blue Bird", "combo": []}, {"category": "Snacks & Branded Foods", "sub_category_name": "Ready To Cook & Eat", "product_name": "Mix - Rava Dosai", "product_brand": "Gits", "combo": []}, {"category": "Snacks & Branded Foods", "sub_category_name": "Ready To Cook & Eat", "product_name": "Cornflour", "product_brand": "Cookwell", "combo": []}, {"category": "Snacks & Branded Foods", "sub_category_name": "Ready To Cook & Eat", "product_name": "Cake Mix - Choco Fudge Rich Chocolate", "product_brand": "Betty Crocker", "combo": []}, {"category": "Snacks & Branded Foods", "sub_category_name": "Ready To Cook & Eat", "product_name": "Ready To Eat - Paneer Makhani", "product_brand": "MTR", "combo": []}, {"category": "Snacks & Branded Foods", "sub_category_name": "Ready To Cook & Eat", "product_name": "Soup - Sweet Corn", "product_brand": "Chings", "combo": []}, {"category": "Snacks & Branded Foods", "sub_category_name": "Ready To Cook & Eat", "product_name": "Ready To Eat - Dal Fry", "product_brand": "MTR", "combo": []}, {"category": "Snacks & Branded Foods", "sub_category_name": "Ready To Cook & Eat", "product_name": "Snacks - Sticks, Carrot & Cumin, 2+ Years, 100% Natural & Healthy", "product_brand": "Timios", "combo": [["10x30 g", "200.00"], ["5x30 g", "100.00"], ["30 g", "20.00"]]}, {"category": "Snacks & Branded Foods", "sub_category_name": "Ready To Cook & Eat", "product_name": "Caramel Pudding", "product_brand": "Weikfield", "combo": []}, {"category": "Snacks & Branded Foods", "sub_category_name": "Ready To Cook & Eat", "product_name": "Ready Mix - Falooda, Badam & Pista", "product_brand": "Gits", "combo": []}, {"category": "Snacks & Branded Foods", "sub_category_name": "Ready To Cook & Eat", "product_name": "Breakfast Mix - Oats Idli", "product_brand": "MTR", "combo": []}, {"category": "Snacks & Branded Foods", "sub_category_name": "Ready To Cook & Eat", "product_name": "Ready To Eat - Tomato Rice", "product_brand": "MTR", "combo": []}, {"category": "Snacks & Branded Foods", "sub_category_name": "Ready To Cook & Eat", "product_name": "Ready Mix - Rava Dosai", "product_brand": "Gits", "combo": []}, {"category": "Snacks & Branded Foods", "sub_category_name": "Ready To Cook & Eat", "product_name": "Ready Mix - Khaman Dhokla", "product_brand": "Gits", "combo": []}, {"category": "Snacks & Branded Foods", "sub_category_name": "Ready To Cook & Eat", "product_name": "Ready To Eat - Khatta Meetha Poha", "product_brand": "MTR", "combo": []}, {"category": "Snacks & Branded Foods", "sub_category_name": "Ready To Cook & Eat", "product_name": "Vanilla Oven Cake Mix - Moist Supreme", "product_brand": "Pillsbury", "combo": []}, {"category": "Snacks & Branded Foods", "sub_category_name": "Ready To Cook & Eat", "product_name": "Breakfast Mix - Kodo Millet Rava Dosa", "product_brand": "GoodDiet", "combo": []}, {"category": "Snacks & Branded Foods", "sub_category_name": "Ready To Cook & Eat", "product_name": "Breakfast Mix - Finger Millet Ragi Dosa", "product_brand": "GoodDiet", "combo": []}, {"category": "Snacks & Branded Foods", "sub_category_name": "Ready To Cook & Eat", "product_name": "Mix - Khatta Dhokla", "product_brand": "Gits", "combo": []}, {"category": "Snacks & Branded Foods", "sub_category_name": "Ready To Cook & Eat", "product_name": "Heat to Eat - Hot & Spicy Schezwan Noodles with Chicken", "product_brand": "TATA Q", "combo": []}, {"category": "Snacks & Branded Foods", "sub_category_name": "Ready To Cook & Eat", "product_name": "Jelly Crystals - Pineapple, 100% Veg", "product_brand": "Blue Bird", "combo": []}, {"category": "Snacks & Branded Foods", "sub_category_name": "Ready To Cook & Eat", "product_name": "Mix - Rava Dosai", "product_brand": "Gits", "combo": []}, {"category": "Snacks & Branded Foods", "sub_category_name": "Ready To Cook & Eat", "product_name": "Cornflour", "product_brand": "Cookwell", "combo": []}, {"category": "Snacks & Branded Foods", "sub_category_name": "Ready To Cook & Eat", "product_name": "Cake Mix - Choco Fudge Rich Chocolate", "product_brand": "Betty Crocker", "combo": []}, {"category": "Snacks & Branded Foods", "sub_category_name": "Ready To Cook & Eat", "product_name": "Ready To Eat - Paneer Makhani", "product_brand": "MTR", "combo": []}, {"category": "Snacks & Branded Foods", "sub_category_name": "Ready To Cook & Eat", "product_name": "Soup - Sweet Corn", "product_brand": "Chings", "combo": []}, {"category": "Snacks & Branded Foods", "sub_category_name": "Ready To Cook & Eat", "product_name": "Ready To Eat - Dal Fry", "product_brand": "MTR", "combo": []}, {"category": "Snacks & Branded Foods", "sub_category_name": "Ready To Cook & Eat", "product_name": "Snacks - Sticks, Carrot & Cumin, 2+ Years, 100% Natural & Healthy", "product_brand": "Timios", "combo": [["10x30 g", "200.00"], ["5x30 g", "100.00"], ["30 g", "20.00"]]}, {"category": "Snacks & Branded Foods", "sub_category_name": "Ready To Cook & Eat", "product_name": "Caramel Pudding", "product_brand": "Weikfield", "combo": []}, {"category": "Snacks & Branded Foods", "sub_category_name": "Ready To Cook & Eat", "product_name": "Ready Mix - Falooda, Badam & Pista", "product_brand": "Gits", "combo": []}, {"category": "Snacks & Branded Foods", "sub_category_name": "Ready To Cook & Eat", "product_name": "Breakfast Mix - Oats Idli", "product_brand": "MTR", "combo": []}, {"category": "Snacks & Branded Foods", "sub_category_name": "Ready To Cook & Eat", "product_name": "Ready To Eat - Tomato Rice", "product_brand": "MTR", "combo": []}, {"category": "Snacks & Branded Foods", "sub_category_name": "Ready To Cook & Eat", "product_name": "Ready Mix - Rava Dosai", "product_brand": "Gits", "combo": []}, {"category": "Snacks & Branded Foods", "sub_category_name": "Ready To Cook & Eat", "product_name": "Ready Mix - Khaman Dhokla", "product_brand": "Gits", "combo": []}, {"category": "Snacks & Branded Foods", "sub_category_name": "Ready To Cook & Eat", "product_name": "Ready To Eat - Khatta Meetha Poha", "product_brand": "MTR", "combo": []}, {"category": "Snacks & Branded Foods", "sub_category_name": "Ready To Cook & Eat", "product_name": "Vanilla Oven Cake Mix - Moist Supreme", "product_brand": "Pillsbury", "combo": []}, {"category": "Snacks & Branded Foods", "sub_category_name": "Ready To Cook & Eat", "product_name": "Breakfast Mix - Kodo Millet Rava Dosa", "product_brand": "GoodDiet", "combo": []}, {"category": "Snacks & Branded Foods", "sub_category_name": "Ready To Cook & Eat", "product_name": "Breakfast Mix - Finger Millet Ragi Dosa", "product_brand": "GoodDiet", "combo": []}, {"category": "Snacks & Branded Foods", "sub_category_name": "Ready To Cook & Eat", "product_name": "Mix - Khatta Dhokla", "product_brand": "Gits", "combo": []}, {"category": "Snacks & Branded Foods", "sub_category_name": "Ready To Cook & Eat", "product_name": "Heat to Eat - Hot & Spicy Schezwan Noodles with Chicken", "product_brand": "TATA Q", "combo": []}, {"category": "Snacks & Branded Foods", "sub_category_name": "Ready To Cook & Eat", "product_name": "Jelly Crystals - Pineapple, 100% Veg", "product_brand": "Blue Bird", "combo": []}, {"category": "Snacks & Branded Foods", "sub_category_name": "Ready To Cook & Eat", "product_name": "Mix - Rava Dosai", "product_brand": "Gits", "combo": []}, {"category": "Snacks & Branded Foods", "sub_category_name": "Ready To Cook & Eat", "product_name": "Cornflour", "product_brand": "Cookwell", "combo": []}, {"category": "Snacks & Branded Foods", "sub_category_name": "Ready To Cook & Eat", "product_name": "Cake Mix - Choco Fudge Rich Chocolate", "product_brand": "Betty Crocker", "combo": []}, {"category": "Snacks & Branded Foods", "sub_category_name": "Ready To Cook & Eat", "product_name": "Ready To Eat - Paneer Makhani", "product_brand": "MTR", "combo": []}, {"category": "Snacks & Branded Foods", "sub_category_name": "Ready To Cook & Eat", "product_name": "Soup - Sweet Corn", "product_brand": "Chings", "combo": []}, {"category": "Snacks & Branded Foods", "sub_category_name": "Ready To Cook & Eat", "product_name": "Ready To Eat - Dal Fry", "product_brand": "MTR", "combo": []}, {"category": "Snacks & Branded Foods", "sub_category_name": "Ready To Cook & Eat", "product_name": "Snacks - Sticks, Carrot & Cumin, 2+ Years, 100% Natural & Healthy", "product_brand": "Timios", "combo": [["10x30 g", "200.00"], ["5x30 g", "100.00"], ["30 g", "20.00"]]}, {"category": "Snacks & Branded Foods", "sub_category_name": "Ready To Cook & Eat", "product_name": "Caramel Pudding", "product_brand": "Weikfield", "combo": []}, {"category": "Snacks & Branded Foods", "sub_category_name": "Ready To Cook & Eat", "product_name": "Ready Mix - Falooda, Badam & Pista", "product_brand": "Gits", "combo": []}, {"category": "Snacks & Branded Foods", "sub_category_name": "Ready To Cook & Eat", "product_name": "Breakfast Mix - Oats Idli", "product_brand": "MTR", "combo": []}, {"category": "Snacks & Branded Foods", "sub_category_name": "Ready To Cook & Eat", "product_name": "Ready To Eat - Tomato Rice", "product_brand": "MTR", "combo": []}, {"category": "Snacks & Branded Foods", "sub_category_name": "Ready To Cook & Eat", "product_name": "Ready Mix - Rava Dosai", "product_brand": "Gits", "combo": []}, {"category": "Snacks & Branded Foods", "sub_category_name": "Ready To Cook & Eat", "product_name": "Ready Mix - Khaman Dhokla", "product_brand": "Gits", "combo": []}, {"category": "Snacks & Branded Foods", "sub_category_name": "Ready To Cook & Eat", "product_name": "Ready To Eat - Khatta Meetha Poha", "product_brand": "MTR", "combo": []}, {"category": "Snacks & Branded Foods", "sub_category_name": "Ready To Cook & Eat", "product_name": "Vanilla Oven Cake Mix - Moist Supreme", "product_brand": "Pillsbury", "combo": []}, {"category": "Snacks & Branded Foods", "sub_category_name": "Ready To Cook & Eat", "product_name": "Breakfast Mix - Kodo Millet Rava Dosa", "product_brand": "GoodDiet", "combo": []}, {"category": "Snacks & Branded Foods", "sub_category_name": "Ready To Cook & Eat", "product_name": "Breakfast Mix - Finger Millet Ragi Dosa", "product_brand": "GoodDiet", "combo": []}, {"category": "Snacks & Branded Foods", "sub_category_name": "Ready To Cook & Eat", "product_name": "Mix - Khatta Dhokla", "product_brand": "Gits", "combo": []}, {"category": "Snacks & Branded Foods", "sub_category_name": "Ready To Cook & Eat", "product_name": "Heat to Eat - Hot & Spicy Schezwan Noodles with Chicken", "product_brand": "TATA Q", "combo": []}, {"category": "Snacks & Branded Foods", "sub_category_name": "Ready To Cook & Eat", "product_name": "Jelly Crystals - Pineapple, 100% Veg", "product_brand": "Blue Bird", "combo": []}, {"category": "Snacks & Branded Foods", "sub_category_name": "Ready To Cook & Eat", "product_name": "Mix - Rava Dosai", "product_brand": "Gits", "combo": []}, {"category": "Snacks & Branded Foods", "sub_category_name": "Ready To Cook & Eat", "product_name": "Cornflour", "product_brand": "Cookwell", "combo": []}, {"category": "Snacks & Branded Foods", "sub_category_name": "Ready To Cook & Eat", "product_name": "Cake Mix - Choco Fudge Rich Chocolate", "product_brand": "Betty Crocker", "combo": []}, {"category": "Snacks & Branded Foods", "sub_category_name": "Ready To Cook & Eat", "product_name": "Ready To Eat - Paneer Makhani", "product_brand": "MTR", "combo": []}, {"category": "Snacks & Branded Foods", "sub_category_name": "Ready To Cook & Eat", "product_name": "Soup - Sweet Corn", "product_brand": "Chings", "combo": []}, {"category": "Snacks & Branded Foods", "sub_category_name": "Ready To Cook & Eat", "product_name": "Ready To Eat - Dal Fry", "product_brand": "MTR", "combo": []}, {"category": "Snacks & Branded Foods", "sub_category_name": "Ready To Cook & Eat", "product_name": "Snacks - Sticks, Carrot & Cumin, 2+ Years, 100% Natural & Healthy", "product_brand": "Timios", "combo": [["10x30 g", "200.00"], ["5x30 g", "100.00"], ["30 g", "20.00"]]}, {"category": "Snacks & Branded Foods", "sub_category_name": "Ready To Cook & Eat", "product_name": "Caramel Pudding", "product_brand": "Weikfield", "combo": []}, {"category": "Snacks & Branded Foods", "sub_category_name": "Ready To Cook & Eat", "product_name": "Ready Mix - Falooda, Badam & Pista", "product_brand": "Gits", "combo": []}, {"category": "Snacks & Branded Foods", "sub_category_name": "Ready To Cook & Eat", "product_name": "Breakfast Mix - Oats Idli", "product_brand": "MTR", "combo": []}, {"category": "Snacks & Branded Foods", "sub_category_name": "Ready To Cook & Eat", "product_name": "Ready To Eat - Tomato Rice", "product_brand": "MTR", "combo": []}, {"category": "Snacks & Branded Foods", "sub_category_name": "Ready To Cook & Eat", "product_name": "Ready Mix - Rava Dosai", "product_brand": "Gits", "combo": []}, {"category": "Snacks & Branded Foods", "sub_category_name": "Ready To Cook & Eat", "product_name": "Ready Mix - Khaman Dhokla", "product_brand": "Gits", "combo": []}, {"category": "Snacks & Branded Foods", "sub_category_name": "Ready To Cook & Eat", "product_name": "Ready To Eat - Khatta Meetha Poha", "product_brand": "MTR", "combo": []}, {"category": "Snacks & Branded Foods", "sub_category_name": "Ready To Cook & Eat", "product_name": "Vanilla Oven Cake Mix - Moist Supreme", "product_brand": "Pillsbury", "combo": []}, {"category": "Snacks & Branded Foods", "sub_category_name": "Ready To Cook & Eat", "product_name": "Breakfast Mix - Kodo Millet Rava Dosa", "product_brand": "GoodDiet", "combo": []}, {"category": "Snacks & Branded Foods", "sub_category_name": "Ready To Cook & Eat", "product_name": "Breakfast Mix - Finger Millet Ragi Dosa", "product_brand": "GoodDiet", "combo": []}, {"category": "Snacks & Branded Foods", "sub_category_name": "Ready To Cook & Eat", "product_name": "Mix - Khatta Dhokla", "product_brand": "Gits", "combo": []}, {"category": "Snacks & Branded Foods", "sub_category_name": "Ready To Cook & Eat", "product_name": "Heat to Eat - Hot & Spicy Schezwan Noodles with Chicken", "product_brand": "TATA Q", "combo": []}, {"category": "Snacks & Branded Foods", "sub_category_name": "Ready To Cook & Eat", "product_name": "Jelly Crystals - Pineapple, 100% Veg", "product_brand": "Blue Bird", "combo": []}, {"category": "Snacks & Branded Foods", "sub_category_name": "Ready To Cook & Eat", "product_name": "Mix - Rava Dosai", "product_brand": "Gits", "combo": []}, {"category": "Snacks & Branded Foods", "sub_category_name": "Ready To Cook & Eat", "product_name": "Cornflour", "product_brand": "Cookwell", "combo": []}, {"category": "Snacks & Branded Foods", "sub_category_name": "Ready To Cook & Eat", "product_name": "Cake Mix - Choco Fudge Rich Chocolate", "product_brand": "Betty Crocker", "combo": []}, {"category": "Snacks & Branded Foods", "sub_category_name": "Ready To Cook & Eat", "product_name": "Ready To Eat - Paneer Makhani", "product_brand": "MTR", "combo": []}, {"category": "Snacks & Branded Foods", "sub_category_name": "Ready To Cook & Eat", "product_name": "Soup - Sweet Corn", "product_brand": "Chings", "combo": []}, {"category": "Snacks & Branded Foods", "sub_category_name": "Ready To Cook & Eat", "product_name": "Ready To Eat - Dal Fry", "product_brand": "MTR", "combo": []}, {"category": "Snacks & Branded Foods", "sub_category_name": "Ready To Cook & Eat", "product_name": "Snacks - Sticks, Carrot & Cumin, 2+ Years, 100% Natural & Healthy", "product_brand": "Timios", "combo": [["10x30 g", "200.00"], ["5x30 g", "100.00"], ["30 g", "20.00"]]}, {"category": "Snacks & Branded Foods", "sub_category_name": "Ready To Cook & Eat", "product_name": "Caramel Pudding", "product_brand": "Weikfield", "combo": []}, {"category": "Snacks & Branded Foods", "sub_category_name": "Ready To Cook & Eat", "product_name": "Ready Mix - Falooda, Badam & Pista", "product_brand": "Gits", "combo": []}, {"category": "Snacks & Branded Foods", "sub_category_name": "Ready To Cook & Eat", "product_name": "Breakfast Mix - Oats Idli", "product_brand": "MTR", "combo": []}, {"category": "Snacks & Branded Foods", "sub_category_name": "Ready To Cook & Eat", "product_name": "Ready To Eat - Tomato Rice", "product_brand": "MTR", "combo": []}, {"category": "Snacks & Branded Foods", "sub_category_name": "Ready To Cook & Eat", "product_name": "Ready Mix - Rava Dosai", "product_brand": "Gits", "combo": []}, {"category": "Snacks & Branded Foods", "sub_category_name": "Ready To Cook & Eat", "product_name": "Ready Mix - Khaman Dhokla", "product_brand": "Gits", "combo": []}, {"category": "Snacks & Branded Foods", "sub_category_name": "Ready To Cook & Eat", "product_name": "Ready To Eat - Khatta Meetha Poha", "product_brand": "MTR", "combo": []}, {"category": "Snacks & Branded Foods", "sub_category_name": "Ready To Cook & Eat", "product_name": "Vanilla Oven Cake Mix - Moist Supreme", "product_brand": "Pillsbury", "combo": []}, {"category": "Snacks & Branded Foods", "sub_category_name": "Ready To Cook & Eat", "product_name": "Breakfast Mix - Kodo Millet Rava Dosa", "product_brand": "GoodDiet", "combo": []}, {"category": "Snacks & Branded Foods", "sub_category_name": "Ready To Cook & Eat", "product_name": "Breakfast Mix - Finger Millet Ragi Dosa", "product_brand": "GoodDiet", "combo": []}, {"category": "Snacks & Branded Foods", "sub_category_name": "Ready To Cook & Eat", "product_name": "Mix - Khatta Dhokla", "product_brand": "Gits", "combo": []}, {"category": "Snacks & Branded Foods", "sub_category_name": "Ready To Cook & Eat", "product_name": "Heat to Eat - Hot & Spicy Schezwan Noodles with Chicken", "product_brand": "TATA Q", "combo": []}, {"category": "Snacks & Branded Foods", "sub_category_name": "Ready To Cook & Eat", "product_name": "Jelly Crystals - Pineapple, 100% Veg", "product_brand": "Blue Bird", "combo": []}, {"category": "Snacks & Branded Foods", "sub_category_name": "Ready To Cook & Eat", "product_name": "Mix - Rava Dosai", "product_brand": "Gits", "combo": []}, {"category": "Snacks & Branded Foods", "sub_category_name": "Ready To Cook & Eat", "product_name": "Cornflour", "product_brand": "Cookwell", "combo": []}, {"category": "Snacks & Branded Foods", "sub_category_name": "Ready To Cook & Eat", "product_name": "Cake Mix - Choco Fudge Rich Chocolate", "product_brand": "Betty Crocker", "combo": []}, {"category": "Snacks & Branded Foods", "sub_category_name": "Ready To Cook & Eat", "product_name": "Ready To Eat - Paneer Makhani", "product_brand": "MTR", "combo": []}, {"category": "Snacks & Branded Foods", "sub_category_name": "Ready To Cook & Eat", "product_name": "Soup - Sweet Corn", "product_brand": "Chings", "combo": []}, {"category": "Snacks & Branded Foods", "sub_category_name": "Ready To Cook & Eat", "product_name": "Ready To Eat - Dal Fry", "product_brand": "MTR", "combo": []}, {"category": "Snacks & Branded Foods", "sub_category_name": "Ready To Cook & Eat", "product_name": "Snacks - Sticks, Carrot & Cumin, 2+ Years, 100% Natural & Healthy", "product_brand": "Timios", "combo": [["10x30 g", "200.00"], ["5x30 g", "100.00"], ["30 g", "20.00"]]}, {"category": "Snacks & Branded Foods", "sub_category_name": "Ready To Cook & Eat", "product_name": "Caramel Pudding", "product_brand": "Weikfield", "combo": []}, {"category": "Snacks & Branded Foods", "sub_category_name": "Ready To Cook & Eat", "product_name": "Ready Mix - Falooda, Badam & Pista", "product_brand": "Gits", "combo": []}, {"category": "Snacks & Branded Foods", "sub_category_name": "Ready To Cook & Eat", "product_name": "Breakfast Mix - Oats Idli", "product_brand": "MTR", "combo": []}, {"category": "Snacks & Branded Foods", "sub_category_name": "Ready To Cook & Eat", "product_name": "Ready To Eat - Tomato Rice", "product_brand": "MTR", "combo": []}, {"category": "Snacks & Branded Foods", "sub_category_name": "Ready To Cook & Eat", "product_name": "Ready Mix - Rava Dosai", "product_brand": "Gits", "combo": []}, {"category": "Snacks & Branded Foods", "sub_category_name": "Ready To Cook & Eat", "product_name": "Ready Mix - Khaman Dhokla", "product_brand": "Gits", "combo": []}, {"category": "Snacks & Branded Foods", "sub_category_name": "Ready To Cook & Eat", "product_name": "Ready To Eat - Khatta Meetha Poha", "product_brand": "MTR", "combo": []}, {"category": "Snacks & Branded Foods", "sub_category_name": "Ready To Cook & Eat", "product_name": "Vanilla Oven Cake Mix - Moist Supreme", "product_brand": "Pillsbury", "combo": []}, {"category": "Snacks & Branded Foods", "sub_category_name": "Ready To Cook & Eat", "product_name": "Breakfast Mix - Kodo Millet Rava Dosa", "product_brand": "GoodDiet", "combo": []}, {"category": "Snacks & Branded Foods", "sub_category_name": "Ready To Cook & Eat", "product_name": "Breakfast Mix - Finger Millet Ragi Dosa", "product_brand": "GoodDiet", "combo": []}, {"category": "Snacks & Branded Foods", "sub_category_name": "Ready To Cook & Eat", "product_name": "Mix - Khatta Dhokla", "product_brand": "Gits", "combo": []}, {"category": "Snacks & Branded Foods", "sub_category_name": "Ready To Cook & Eat", "product_name": "Heat to Eat - Hot & Spicy Schezwan Noodles with Chicken", "product_brand": "TATA Q", "combo": []}, {"category": "Snacks & Branded Foods", "sub_category_name": "Ready To Cook & Eat", "product_name": "Jelly Crystals - Pineapple, 100% Veg", "product_brand": "Blue Bird", "combo": []}, {"category": "Snacks & Branded Foods", "sub_category_name": "Ready To Cook & Eat", "product_name": "Mix - Rava Dosai", "product_brand": "Gits", "combo": []}, {"category": "Snacks & Branded Foods", "sub_category_name": "Ready To Cook & Eat", "product_name": "Cornflour", "product_brand": "Cookwell", "combo": []}, {"category": "Snacks & Branded Foods", "sub_category_name": "Ready To Cook & Eat", "product_name": "Cake Mix - Choco Fudge Rich Chocolate", "product_brand": "Betty Crocker", "combo": []}, {"category": "Snacks & Branded Foods", "sub_category_name": "Ready To Cook & Eat", "product_name": "Ready To Eat - Paneer Makhani", "product_brand": "MTR", "combo": []}, {"category": "Snacks & Branded Foods", "sub_category_name": "Ready To Cook & Eat", "product_name": "Soup - Sweet Corn", "product_brand": "Chings", "combo": []}, {"category": "Snacks & Branded Foods", "sub_category_name": "Ready To Cook & Eat", "product_name": "Ready To Eat - Dal Fry", "product_brand": "MTR", "combo": []}, {"category": "Snacks & Branded Foods", "sub_category_name": "Ready To Cook & Eat", "product_name": "Snacks - Sticks, Carrot & Cumin, 2+ Years, 100% Natural & Healthy", "product_brand": "Timios", "combo": [["10x30 g", "200.00"], ["5x30 g", "100.00"], ["30 g", "20.00"]]}, {"category": "Snacks & Branded Foods", "sub_category_name": "Ready To Cook & Eat", "product_name": "Caramel Pudding", "product_brand": "Weikfield", "combo": []}, {"category": "Snacks & Branded Foods", "sub_category_name": "Ready To Cook & Eat", "product_name": "Ready Mix - Falooda, Badam & Pista", "product_brand": "Gits", "combo": []}, {"category": "Snacks & Branded Foods", "sub_category_name": "Ready To Cook & Eat", "product_name": "Breakfast Mix - Oats Idli", "product_brand": "MTR", "combo": []}, {"category": "Snacks & Branded Foods", "sub_category_name": "Ready To Cook & Eat", "product_name": "Ready To Eat - Tomato Rice", "product_brand": "MTR", "combo": []}, {"category": "Snacks & Branded Foods", "sub_category_name": "Ready To Cook & Eat", "product_name": "Ready Mix - Rava Dosai", "product_brand": "Gits", "combo": []}, {"category": "Snacks & Branded Foods", "sub_category_name": "Ready To Cook & Eat", "product_name": "Ready Mix - Khaman Dhokla", "product_brand": "Gits", "combo": []}, {"category": "Snacks & Branded Foods", "sub_category_name": "Ready To Cook & Eat", "product_name": "Ready To Eat - Khatta Meetha Poha", "product_brand": "MTR", "combo": []}, {"category": "Snacks & Branded Foods", "sub_category_name": "Ready To Cook & Eat", "product_name": "Vanilla Oven Cake Mix - Moist Supreme", "product_brand": "Pillsbury", "combo": []}, {"category": "Snacks & Branded Foods", "sub_category_name": "Ready To Cook & Eat", "product_name": "Breakfast Mix - Kodo Millet Rava Dosa", "product_brand": "GoodDiet", "combo": []}, {"category": "Snacks & Branded Foods", "sub_category_name": "Ready To Cook & Eat", "product_name": "Breakfast Mix - Finger Millet Ragi Dosa", "product_brand": "GoodDiet", "combo": []}, {"category": "Snacks & Branded Foods", "sub_category_name": "Ready To Cook & Eat", "product_name": "Mix - Khatta Dhokla", "product_brand": "Gits", "combo": []}, {"category": "Snacks & Branded Foods", "sub_category_name": "Ready To Cook & Eat", "product_name": "Heat to Eat - Hot & Spicy Schezwan Noodles with Chicken", "product_brand": "TATA Q", "combo": []}, {"category": "Snacks & Branded Foods", "sub_category_name": "Ready To Cook & Eat", "product_name": "Jelly Crystals - Pineapple, 100% Veg", "product_brand": "Blue Bird", "combo": []}, {"category": "Snacks & Branded Foods", "sub_category_name": "Ready To Cook & Eat", "product_name": "Mix - Rava Dosai", "product_brand": "Gits", "combo": []}, {"category": "Snacks & Branded Foods", "sub_category_name": "Ready To Cook & Eat", "product_name": "Cornflour", "product_brand": "Cookwell", "combo": []}, {"category": "Snacks & Branded Foods", "sub_category_name": "Ready To Cook & Eat", "product_name": "Cake Mix - Choco Fudge Rich Chocolate", "product_brand": "Betty Crocker", "combo": []}, {"category": "Snacks & Branded Foods", "sub_category_name": "Ready To Cook & Eat", "product_name": "Ready To Eat - Paneer Makhani", "product_brand": "MTR", "combo": []}, {"category": "Snacks & Branded Foods", "sub_category_name": "Ready To Cook & Eat", "product_name": "Soup - Sweet Corn", "product_brand": "Chings", "combo": []}, {"category": "Snacks & Branded Foods", "sub_category_name": "Ready To Cook & Eat", "product_name": "Ready To Eat - Dal Fry", "product_brand": "MTR", "combo": []}, {"category": "Snacks & Branded Foods", "sub_category_name": "Ready To Cook & Eat", "product_name": "Snacks - Sticks, Carrot & Cumin, 2+ Years, 100% Natural & Healthy", "product_brand": "Timios", "combo": [["10x30 g", "200.00"], ["5x30 g", "100.00"], ["30 g", "20.00"]]}, {"category": "Snacks & Branded Foods", "sub_category_name": "Ready To Cook & Eat", "product_name": "Caramel Pudding", "product_brand": "Weikfield", "combo": []}, {"category": "Snacks & Branded Foods", "sub_category_name": "Ready To Cook & Eat", "product_name": "Ready Mix - Falooda, Badam & Pista", "product_brand": "Gits", "combo": []}, {"category": "Snacks & Branded Foods", "sub_category_name": "Ready To Cook & Eat", "product_name": "Ragi Bites - Choco Poco", "product_brand": "Soulfull", "combo": []}, {"category": "Snacks & Branded Foods", "sub_category_name": "Ready To Cook & Eat", "product_name": "Instant Cup-A-Soup - Sweet Corn Vegetable", "product_brand": "Keya", "combo": []}, {"category": "Snacks & Branded Foods", "sub_category_name": "Ready To Cook & Eat", "product_name": "Ajwain Besan Cheela Mix", "product_brand": "Graminway", "combo": []}, {"category": "Snacks & Branded Foods", "sub_category_name": "Ready To Cook & Eat", "product_name": "Protein Dal Cheela Mix - Gluten Free", "product_brand": "Graminway", "combo": []}, {"category": "Snacks & Branded Foods", "sub_category_name": "Ready To Cook & Eat", "product_name": "Soup - Manchow 55 g + Soup - Tomato 55 g", "product_brand": "Chings", "combo": []}, {"category": "Snacks & Branded Foods", "sub_category_name": "Ready To Cook & Eat", "product_name": "Spice Mix - Tawa Fry", "product_brand": "Suhana", "combo": []}, {"category": "Snacks & Branded Foods", "sub_category_name": "Ready To Cook & Eat", "product_name": "Puffed Multigrain Mixture", "product_brand": "Graminway", "combo": []}, {"category": "Snacks & Branded Foods", "sub_category_name": "Ready To Cook & Eat", "product_name": "Ice Cream Mix - Pineapple", "product_brand": "Cookwell", "combo": []}, {"category": "Snacks & Branded Foods", "sub_category_name": "Ready To Cook & Eat", "product_name": "Custurd Powder - Pineapple", "product_brand": "Cookwell", "combo": []}, {"category": "Snacks & Branded Foods", "sub_category_name": "Ready To Cook & Eat", "product_name": "Appalam", "product_brand": "Mothers Recipe", "combo": []}, {"category": "Snacks & Branded Foods", "sub_category_name": "Ready To Cook & Eat", "product_name": "Kappa Puzhukku", "product_brand": "Tasty Nibbles", "combo": []}, {"category": "Snacks & Branded Foods", "sub_category_name": "Ready To Cook & Eat", "product_name": "Sambar Curry - Ready to Eat", "product_brand": "Tasty Nibbles", "combo": []}, {"category": "Snacks & Branded Foods", "sub_category_name": "Ready To Cook & Eat", "product_name": "Vegetable Pulao - Ready to Eat", "product_brand": "Tasty Nibbles", "combo": []}, {"category": "Snacks & Branded Foods", "sub_category_name": "Ready To Cook & Eat", "product_name": "Masala Rice - Ready to Eat", "product_brand": "Tasty Nibbles", "combo": []}, {"category": "Snacks & Branded Foods", "sub_category_name": "Ready To Cook & Eat", "product_name": "Tomato Rice - Ready to Eat", "product_brand": "Tasty Nibbles", "combo": []}, {"category": "Snacks & Branded Foods", "sub_category_name": "Ready To Cook & Eat", "product_name": "Coconut Rice-Ready to Eat 250 GRM", "product_brand": "Tasty Nibbles", "combo": []}, {"category": "Snacks & Branded Foods", "sub_category_name": "Ready To Cook & Eat", "product_name": "Tuna Tomato Rice - Ready to Eat", "product_brand": "Tasty Nibbles", "combo": []}, {"category": "Snacks & Branded Foods", "sub_category_name": "Ready To Cook & Eat", "product_name": "Masala Upma", "product_brand": "MOM", "combo": []}, {"category": "Snacks & Branded Foods", "sub_category_name": "Ready To Cook & Eat", "product_name": "Dal Chawal", "product_brand": "MOM", "combo": []}, {"category": "Snacks & Branded Foods", "sub_category_name": "Ready To Cook & Eat", "product_name": "Veg Biryani", "product_brand": "MOM", "combo": []}, {"category": "Snacks & Branded Foods", "sub_category_name": "Ready To Cook & Eat", "product_name": "Ragi Bites - Choco Poco", "product_brand": "Soulfull", "combo": []}, {"category": "Snacks & Branded Foods", "sub_category_name": "Ready To Cook & Eat", "product_name": "Instant Cup-A-Soup - Sweet Corn Vegetable", "product_brand": "Keya", "combo": []}, {"category": "Snacks & Branded Foods", "sub_category_name": "Ready To Cook & Eat", "product_name": "Ajwain Besan Cheela Mix", "product_brand": "Graminway", "combo": []}, {"category": "Snacks & Branded Foods", "sub_category_name": "Ready To Cook & Eat", "product_name": "Protein Dal Cheela Mix - Gluten Free", "product_brand": "Graminway", "combo": []}, {"category": "Snacks & Branded Foods", "sub_category_name": "Ready To Cook & Eat", "product_name": "Soup - Manchow 55 g + Soup - Tomato 55 g", "product_brand": "Chings", "combo": []}, {"category": "Snacks & Branded Foods", "sub_category_name": "Ready To Cook & Eat", "product_name": "Spice Mix - Tawa Fry", "product_brand": "Suhana", "combo": []}, {"category": "Snacks & Branded Foods", "sub_category_name": "Ready To Cook & Eat", "product_name": "Puffed Multigrain Mixture", "product_brand": "Graminway", "combo": []}, {"category": "Snacks & Branded Foods", "sub_category_name": "Ready To Cook & Eat", "product_name": "Ice Cream Mix - Pineapple", "product_brand": "Cookwell", "combo": []}, {"category": "Snacks & Branded Foods", "sub_category_name": "Ready To Cook & Eat", "product_name": "Custurd Powder - Pineapple", "product_brand": "Cookwell", "combo": []}, {"category": "Snacks & Branded Foods", "sub_category_name": "Ready To Cook & Eat", "product_name": "Appalam", "product_brand": "Mothers Recipe", "combo": []}, {"category": "Snacks & Branded Foods", "sub_category_name": "Ready To Cook & Eat", "product_name": "Kappa Puzhukku", "product_brand": "Tasty Nibbles", "combo": []}, {"category": "Snacks & Branded Foods", "sub_category_name": "Ready To Cook & Eat", "product_name": "Sambar Curry - Ready to Eat", "product_brand": "Tasty Nibbles", "combo": []}, {"category": "Snacks & Branded Foods", "sub_category_name": "Ready To Cook & Eat", "product_name": "Vegetable Pulao - Ready to Eat", "product_brand": "Tasty Nibbles", "combo": []}, {"category": "Snacks & Branded Foods", "sub_category_name": "Ready To Cook & Eat", "product_name": "Masala Rice - Ready to Eat", "product_brand": "Tasty Nibbles", "combo": []}, {"category": "Snacks & Branded Foods", "sub_category_name": "Ready To Cook & Eat", "product_name": "Tomato Rice - Ready to Eat", "product_brand": "Tasty Nibbles", "combo": []}, {"category": "Snacks & Branded Foods", "sub_category_name": "Ready To Cook & Eat", "product_name": "Coconut Rice-Ready to Eat 250 GRM", "product_brand": "Tasty Nibbles", "combo": []}, {"category": "Snacks & Branded Foods", "sub_category_name": "Ready To Cook & Eat", "product_name": "Tuna Tomato Rice - Ready to Eat", "product_brand": "Tasty Nibbles", "combo": []}, {"category": "Snacks & Branded Foods", "sub_category_name": "Ready To Cook & Eat", "product_name": "Masala Upma", "product_brand": "MOM", "combo": []}, {"category": "Snacks & Branded Foods", "sub_category_name": "Ready To Cook & Eat", "product_name": "Dal Chawal", "product_brand": "MOM", "combo": []}, {"category": "Snacks & Branded Foods", "sub_category_name": "Ready To Cook & Eat", "product_name": "Veg Biryani", "product_brand": "MOM", "combo": []}, {"category": "Snacks & Branded Foods", "sub_category_name": "Ready To Cook & Eat", "product_name": "Ragi Bites - Choco Poco", "product_brand": "Soulfull", "combo": []}, {"category": "Snacks & Branded Foods", "sub_category_name": "Ready To Cook & Eat", "product_name": "Instant Cup-A-Soup - Sweet Corn Vegetable", "product_brand": "Keya", "combo": []}, {"category": "Snacks & Branded Foods", "sub_category_name": "Ready To Cook & Eat", "product_name": "Ajwain Besan Cheela Mix", "product_brand": "Graminway", "combo": []}, {"category": "Snacks & Branded Foods", "sub_category_name": "Ready To Cook & Eat", "product_name": "Protein Dal Cheela Mix - Gluten Free", "product_brand": "Graminway", "combo": []}, {"category": "Snacks & Branded Foods", "sub_category_name": "Ready To Cook & Eat", "product_name": "Soup - Manchow 55 g + Soup - Tomato 55 g", "product_brand": "Chings", "combo": []}, {"category": "Snacks & Branded Foods", "sub_category_name": "Ready To Cook & Eat", "product_name": "Spice Mix - Tawa Fry", "product_brand": "Suhana", "combo": []}, {"category": "Snacks & Branded Foods", "sub_category_name": "Ready To Cook & Eat", "product_name": "Puffed Multigrain Mixture", "product_brand": "Graminway", "combo": []}, {"category": "Snacks & Branded Foods", "sub_category_name": "Ready To Cook & Eat", "product_name": "Ice Cream Mix - Pineapple", "product_brand": "Cookwell", "combo": []}, {"category": "Snacks & Branded Foods", "sub_category_name": "Ready To Cook & Eat", "product_name": "Custurd Powder - Pineapple", "product_brand": "Cookwell", "combo": []}, {"category": "Snacks & Branded Foods", "sub_category_name": "Ready To Cook & Eat", "product_name": "Appalam", "product_brand": "Mothers Recipe", "combo": []}, {"category": "Snacks & Branded Foods", "sub_category_name": "Ready To Cook & Eat", "product_name": "Kappa Puzhukku", "product_brand": "Tasty Nibbles", "combo": []}, {"category": "Snacks & Branded Foods", "sub_category_name": "Ready To Cook & Eat", "product_name": "Sambar Curry - Ready to Eat", "product_brand": "Tasty Nibbles", "combo": []}, {"category": "Snacks & Branded Foods", "sub_category_name": "Ready To Cook & Eat", "product_name": "Vegetable Pulao - Ready to Eat", "product_brand": "Tasty Nibbles", "combo": []}, {"category": "Snacks & Branded Foods", "sub_category_name": "Ready To Cook & Eat", "product_name": "Masala Rice - Ready to Eat", "product_brand": "Tasty Nibbles", "combo": []}, {"category": "Snacks & Branded Foods", "sub_category_name": "Ready To Cook & Eat", "product_name": "Tomato Rice - Ready to Eat", "product_brand": "Tasty Nibbles", "combo": []}, {"category": "Snacks & Branded Foods", "sub_category_name": "Ready To Cook & Eat", "product_name": "Coconut Rice-Ready to Eat 250 GRM", "product_brand": "Tasty Nibbles", "combo": []}, {"category": "Snacks & Branded Foods", "sub_category_name": "Ready To Cook & Eat", "product_name": "Tuna Tomato Rice - Ready to Eat", "product_brand": "Tasty Nibbles", "combo": []}, {"category": "Snacks & Branded Foods", "sub_category_name": "Ready To Cook & Eat", "product_name": "Masala Upma", "product_brand": "MOM", "combo": []}, {"category": "Snacks & Branded Foods", "sub_category_name": "Ready To Cook & Eat", "product_name": "Dal Chawal", "product_brand": "MOM", "combo": []}, {"category": "Snacks & Branded Foods", "sub_category_name": "Ready To Cook & Eat", "product_name": "Veg Biryani", "product_brand": "MOM", "combo": []}, {"category": "Snacks & Branded Foods", "sub_category_name": "Ready To Cook & Eat", "product_name": "Ragi Bites - Choco Poco", "product_brand": "Soulfull", "combo": []}, {"category": "Snacks & Branded Foods", "sub_category_name": "Ready To Cook & Eat", "product_name": "Instant Cup-A-Soup - Sweet Corn Vegetable", "product_brand": "Keya", "combo": []}, {"category": "Snacks & Branded Foods", "sub_category_name": "Ready To Cook & Eat", "product_name": "Ajwain Besan Cheela Mix", "product_brand": "Graminway", "combo": []}, {"category": "Snacks & Branded Foods", "sub_category_name": "Ready To Cook & Eat", "product_name": "Protein Dal Cheela Mix - Gluten Free", "product_brand": "Graminway", "combo": []}, {"category": "Snacks & Branded Foods", "sub_category_name": "Ready To Cook & Eat", "product_name": "Soup - Manchow 55 g + Soup - Tomato 55 g", "product_brand": "Chings", "combo": []}, {"category": "Snacks & Branded Foods", "sub_category_name": "Ready To Cook & Eat", "product_name": "Spice Mix - Tawa Fry", "product_brand": "Suhana", "combo": []}, {"category": "Snacks & Branded Foods", "sub_category_name": "Ready To Cook & Eat", "product_name": "Puffed Multigrain Mixture", "product_brand": "Graminway", "combo": []}, {"category": "Snacks & Branded Foods", "sub_category_name": "Ready To Cook & Eat", "product_name": "Ice Cream Mix - Pineapple", "product_brand": "Cookwell", "combo": []}, {"category": "Snacks & Branded Foods", "sub_category_name": "Ready To Cook & Eat", "product_name": "Custurd Powder - Pineapple", "product_brand": "Cookwell", "combo": []}, {"category": "Snacks & Branded Foods", "sub_category_name": "Ready To Cook & Eat", "product_name": "Appalam", "product_brand": "Mothers Recipe", "combo": []}, {"category": "Snacks & Branded Foods", "sub_category_name": "Ready To Cook & Eat", "product_name": "Kappa Puzhukku", "product_brand": "Tasty Nibbles", "combo": []}, {"category": "Snacks & Branded Foods", "sub_category_name": "Ready To Cook & Eat", "product_name": "Sambar Curry - Ready to Eat", "product_brand": "Tasty Nibbles", "combo": []}, {"category": "Snacks & Branded Foods", "sub_category_name": "Ready To Cook & Eat", "product_name": "Vegetable Pulao - Ready to Eat", "product_brand": "Tasty Nibbles", "combo": []}, {"category": "Snacks & Branded Foods", "sub_category_name": "Ready To Cook & Eat", "product_name": "Masala Rice - Ready to Eat", "product_brand": "Tasty Nibbles", "combo": []}, {"category": "Snacks & Branded Foods", "sub_category_name": "Ready To Cook & Eat", "product_name": "Tomato Rice - Ready to Eat", "product_brand": "Tasty Nibbles", "combo": []}, {"category": "Snacks & Branded Foods", "sub_category_name": "Ready To Cook & Eat", "product_name": "Coconut Rice-Ready to Eat 250 GRM", "product_brand": "Tasty Nibbles", "combo": []}, {"category": "Snacks & Branded Foods", "sub_category_name": "Ready To Cook & Eat", "product_name": "Tuna Tomato Rice - Ready to Eat", "product_brand": "Tasty Nibbles", "combo": []}, {"category": "Snacks & Branded Foods", "sub_category_name": "Ready To Cook & Eat", "product_name": "Masala Upma", "product_brand": "MOM", "combo": []}, {"category": "Snacks & Branded Foods", "sub_category_name": "Ready To Cook & Eat", "product_name": "Dal Chawal", "product_brand": "MOM", "combo": []}, {"category": "Snacks & Branded Foods", "sub_category_name": "Ready To Cook & Eat", "product_name": "Veg Biryani", "product_brand": "MOM", "combo": []}, {"category": "Snacks & Branded Foods", "sub_category_name": "Ready To Cook & Eat", "product_name": "Ragi Bites - Choco Poco", "product_brand": "Soulfull", "combo": []}, {"category": "Snacks & Branded Foods", "sub_category_name": "Ready To Cook & Eat", "product_name": "Instant Cup-A-Soup - Sweet Corn Vegetable", "product_brand": "Keya", "combo": []}, {"category": "Snacks & Branded Foods", "sub_category_name": "Ready To Cook & Eat", "product_name": "Ajwain Besan Cheela Mix", "product_brand": "Graminway", "combo": []}, {"category": "Snacks & Branded Foods", "sub_category_name": "Ready To Cook & Eat", "product_name": "Protein Dal Cheela Mix - Gluten Free", "product_brand": "Graminway", "combo": []}, {"category": "Snacks & Branded Foods", "sub_category_name": "Ready To Cook & Eat", "product_name": "Soup - Manchow 55 g + Soup - Tomato 55 g", "product_brand": "Chings", "combo": []}, {"category": "Snacks & Branded Foods", "sub_category_name": "Ready To Cook & Eat", "product_name": "Spice Mix - Tawa Fry", "product_brand": "Suhana", "combo": []}, {"category": "Snacks & Branded Foods", "sub_category_name": "Ready To Cook & Eat", "product_name": "Puffed Multigrain Mixture", "product_brand": "Graminway", "combo": []}, {"category": "Snacks & Branded Foods", "sub_category_name": "Ready To Cook & Eat", "product_name": "Ice Cream Mix - Pineapple", "product_brand": "Cookwell", "combo": []}, {"category": "Snacks & Branded Foods", "sub_category_name": "Ready To Cook & Eat", "product_name": "Custurd Powder - Pineapple", "product_brand": "Cookwell", "combo": []}, {"category": "Snacks & Branded Foods", "sub_category_name": "Ready To Cook & Eat", "product_name": "Appalam", "product_brand": "Mothers Recipe", "combo": []}, {"category": "Snacks & Branded Foods", "sub_category_name": "Ready To Cook & Eat", "product_name": "Kappa Puzhukku", "product_brand": "Tasty Nibbles", "combo": []}, {"category": "Snacks & Branded Foods", "sub_category_name": "Ready To Cook & Eat", "product_name": "Sambar Curry - Ready to Eat", "product_brand": "Tasty Nibbles", "combo": []}, {"category": "Snacks & Branded Foods", "sub_category_name": "Ready To Cook & Eat", "product_name": "Vegetable Pulao - Ready to Eat", "product_brand": "Tasty Nibbles", "combo": []}, {"category": "Snacks & Branded Foods", "sub_category_name": "Ready To Cook & Eat", "product_name": "Masala Rice - Ready to Eat", "product_brand": "Tasty Nibbles", "combo": []}, {"category": "Snacks & Branded Foods", "sub_category_name": "Ready To Cook & Eat", "product_name": "Tomato Rice - Ready to Eat", "product_brand": "Tasty Nibbles", "combo": []}, {"category": "Snacks & Branded Foods", "sub_category_name": "Ready To Cook & Eat", "product_name": "Coconut Rice-Ready to Eat 250 GRM", "product_brand": "Tasty Nibbles", "combo": []}, {"category": "Snacks & Branded Foods", "sub_category_name": "Ready To Cook & Eat", "product_name": "Tuna Tomato Rice - Ready to Eat", "product_brand": "Tasty Nibbles", "combo": []}, {"category": "Snacks & Branded Foods", "sub_category_name": "Ready To Cook & Eat", "product_name": "Masala Upma", "product_brand": "MOM", "combo": []}, {"category": "Snacks & Branded Foods", "sub_category_name": "Ready To Cook & Eat", "product_name": "Dal Chawal", "product_brand": "MOM", "combo": []}]