[
    {
        "category": "Bakery, Cakes & Dairy",
        "sub_category_name": "Bakery Snacks",
        "product_name": "Chilli Garlic Grissini Breadsticks - 100% Wholewheat",
        "product_brand": "The Baker's Dozen",
        "combo": []
    },
    {
        "category": "Bakery, Cakes & Dairy",
        "sub_category_name": "Bakery Snacks",
        "product_name": "Mexican Chilli Tomato Crackers - 100% Wholewheat",
        "product_brand": "The Baker's Dozen",
        "combo": []
    },
    {
        "category": "Bakery, Cakes & Dairy",
        "sub_category_name": "Bakery Snacks",
        "product_name": "Peri Peri Crackers - 100% Wholewheat",
        "product_brand": "The Baker's Dozen",
        "combo": []
    },
    {
        "category": "Bakery, Cakes & Dairy",
        "sub_category_name": "Bakery Snacks",
        "product_name": "Beetroot Crackers - 100% Wholewheat",
        "product_brand": "The Baker's Dozen",
        "combo": []
    },
    {
        "category": "Bakery, Cakes & Dairy",
        "sub_category_name": "Bakery Snacks",
        "product_name": "Ragi Crackers",
        "product_brand": "The Baker's Dozen",
        "combo": []
    },
    {
        "category": "Bakery, Cakes & Dairy",
        "sub_category_name": "Bakery Snacks",
        "product_name": "Lavash - 100% Wholewheat",
        "product_brand": "The Baker's Dozen",
        "combo": []
    },
    {
        "category": "Bakery, Cakes & Dairy",
        "sub_category_name": "Bakery Snacks",
        "product_name": "Freshly Baked - Multigrain Lavash",
        "product_brand": "Fresho Signature",
        "combo": [
            [
                "100 g",
                "58.50"
            ],
            [
                "2X100gm",
                "99.45"
            ]
        ]
    },
    {
        "category": "Bakery, Cakes & Dairy",
        "sub_category_name": "Bakery Snacks",
        "product_name": "Lavash - Beetroot",
        "product_brand": "Fresho Signature",
        "combo": []
    },
    {
        "category": "Bakery, Cakes & Dairy",
        "sub_category_name": "Bakery Snacks",
        "product_name": "Bread - Garlic",
        "product_brand": "Fresho Signature",
        "combo": []
    },
    {
        "category": "Bakery, Cakes & Dairy",
        "sub_category_name": "Bakery Snacks",
        "product_name": "Greek Yogurt - Alphonso Mango, No Added Sugar",
        "product_brand": "Epigamia",
        "combo": []
    },
    {
        "category": "Bakery, Cakes & Dairy",
        "sub_category_name": "Bakery Snacks",
        "product_name": "Misti Doi - Artisanal",
        "product_brand": "Epigamia",
        "combo": []
    },
    {
        "category": "Bakery, Cakes & Dairy",
        "sub_category_name": "Bakery Snacks",
        "product_name": "Greek Yogurt - Mixed Berry, No Added Sugar",
        "product_brand": "Epigamia",
        "combo": []
    },
    {
        "category": "Bakery, Cakes & Dairy",
        "sub_category_name": "Bakery Snacks",
        "product_name": "Snack Pack - Strawberry With chunky Granola",
        "product_brand": "Epigamia",
        "combo": []
    },
    {
        "category": "Bakery, Cakes & Dairy",
        "sub_category_name": "Bakery Snacks",
        "product_name": "Greek Yogurt - Strawberry, No Added Sugar",
        "product_brand": "Epigamia",
        "combo": []
    },
    {
        "category": "Bakery, Cakes & Dairy",
        "sub_category_name": "Bakery Snacks",
        "product_name": "Curd - Artisanal",
        "product_brand": "Epigamia",
        "combo": []
    },
    {
        "category": "Bakery, Cakes & Dairy",
        "sub_category_name": "Bakery Snacks",
        "product_name": "Greek Yogurt - Vanilla Bean",
        "product_brand": "Epigamia",
        "combo": [
            [
                "4x90 g",
                "180.00"
            ],
            [
                "90 g",
                "45.00"
            ]
        ]
    },
    {
        "category": "Bakery, Cakes & Dairy",
        "sub_category_name": "Bakery Snacks",
        "product_name": "Greek Yogurt - Wild, Raspberry",
        "product_brand": "Epigamia",
        "combo": [
            [
                "4x90 g",
                "180.00"
            ],
            [
                "90 g",
                "45.00"
            ]
        ]
    },
    {
        "category": "Bakery, Cakes & Dairy",
        "sub_category_name": "Bakery Snacks",
        "product_name": "Greek Yogurt - Natural, Low Fat",
        "product_brand": "Epigamia",
        "combo": []
    },
    {
        "category": "Bakery, Cakes & Dairy",
        "sub_category_name": "Bakery Snacks",
        "product_name": "Greek Yogurt - Strawberry",
        "product_brand": "Epigamia",
        "combo": [
            [
                "4x90 g",
                "180.00"
            ],
            [
                "90 g",
                "45.00"
            ],
            [
                "8x90 g",
                "360.00"
            ]
        ]
    },
    {
        "category": "Bakery, Cakes & Dairy",
        "sub_category_name": "Bakery Snacks",
        "product_name": "Greek Yogurt - Alphonso Mango",
        "product_brand": "Epigamia",
        "combo": [
            [
                "90 g",
                "45.00"
            ],
            [
                "8x90 g",
                "360.00"
            ],
            [
                "4x90 g",
                "180.00"
            ]
        ]
    },
    {
        "category": "Bakery, Cakes & Dairy",
        "sub_category_name": "Bakery Snacks",
        "product_name": "Greek Yogurt - Blueberry",
        "product_brand": "Epigamia",
        "combo": [
            [
                "4x90 g",
                "180.00"
            ],
            [
                "90 g",
                "45.00"
            ],
            [
                "8x90 g",
                "360.00"
            ]
        ]
    },
    {
        "category": "Bakery, Cakes & Dairy",
        "sub_category_name": "Bakery Snacks",
        "product_name": "Greek Yogurt - Natural",
        "product_brand": "Epigamia",
        "combo": [
            [
                "90 g",
                "45.00"
            ],
            [
                "8x90 g",
                "360.00"
            ],
            [
                "4x90 g",
                "180.00"
            ]
        ]
    },
    {
        "category": "Bakery, Cakes & Dairy",
        "sub_category_name": "Bakery Snacks",
        "product_name": "Fresho Signature Plain Bread Stick 100G + Happy Chef Pasta Sauce Arrabiata 270G",
        "product_brand": "bb Combo",
        "combo": []
    },
    {
        "category": "Bakery, Cakes & Dairy",
        "sub_category_name": "Bakery Snacks",
        "product_name": "Fresho Signature Spicy Cheesey Straw 100G + Happy Chef Mayonnaise Eggless 250G",
        "product_brand": "bb Combo",
        "combo": []
    },
    {
        "category": "Bakery, Cakes & Dairy",
        "sub_category_name": "Bakery Snacks",
        "product_name": "Lavash - Plain",
        "product_brand": "Fresho Signature",
        "combo": [
            [
                "100 g",
                "58.50"
            ],
            [
                "2X100gm",
                "99.45"
            ]
        ]
    },
    {
        "category": "Bakery, Cakes & Dairy",
        "sub_category_name": "Bakery Snacks",
        "product_name": "Garlic Bread - 100% Wholewheat",
        "product_brand": "The Baker's Dozen",
        "combo": []
    },
    {
        "category": "Bakery, Cakes & Dairy",
        "sub_category_name": "Bakery Snacks",
        "product_name": "Spicy Cheese Straw",
        "product_brand": "Fresho Signature",
        "combo": [
            [
                "100 g",
                "58.50"
            ],
            [
                "2X100gm",
                "99.45"
            ]
        ]
    },
    {
        "category": "Bakery, Cakes & Dairy",
        "sub_category_name": "Bakery Snacks",
        "product_name": "Log - Garlic",
        "product_brand": "Cookie Czar",
        "combo": []
    },
    {
        "category": "Bakery, Cakes & Dairy",
        "sub_category_name": "Bakery Snacks",
        "product_name": "Masala Lavash",
        "product_brand": "Fresho Signature",
        "combo": [
            [
                "100 g",
                "76.50"
            ],
            [
                "2X100gm",
                "130.05"
            ]
        ]
    },
    {
        "category": "Bakery, Cakes & Dairy",
        "sub_category_name": "Bakery Snacks",
        "product_name": "Lavash - Spinach",
        "product_brand": "Fresho Signature",
        "combo": []
    },
    {
        "category": "Bakery, Cakes & Dairy",
        "sub_category_name": "Bakery Snacks",
        "product_name": "Baked Chilli Garlic Pita Bread Crisps",
        "product_brand": "Wingreens Farms",
        "combo": []
    },
    {
        "category": "Bakery, Cakes & Dairy",
        "sub_category_name": "Bakery Snacks",
        "product_name": "Snack Pack - Mango With Chunky Granola",
        "product_brand": "Epigamia",
        "combo": []
    }
]