[{"category": "Kitchen, Garden & Pets", "sub_category_name": "Bakeware", "product_name": "Silicone Cupcake & Cake Pop Stand - Plastic, Assorted Colour", "product_brand": "Seven seas", "combo": []}, {"category": "Kitchen, Garden & Pets", "sub_category_name": "Bakeware", "product_name": "Carbon Steel Tart Pan - Assorted Colour", "product_brand": "Seven seas", "combo": []}, {"category": "Kitchen, Garden & Pets", "sub_category_name": "Bakeware", "product_name": "Silicone Cake Mould - Rectangle, Big, Assorted Colour", "product_brand": "Seven seas", "combo": []}, {"category": "Kitchen, Garden & Pets", "sub_category_name": "Bakeware", "product_name": "Economy Whisk - SS Handle, 12 inches, Assorted Colour", "product_brand": "Ramson", "combo": []}, {"category": "Kitchen, Garden & Pets", "sub_category_name": "Bakeware", "product_name": "Silicone Chocolate Mould - Bow Design, Assorted Colour", "product_brand": "Seven seas", "combo": []}, {"category": "Kitchen, Garden & Pets", "sub_category_name": "Bakeware", "product_name": "Silicone Chocolate Mould - Heart Design, Assorted Colour", "product_brand": "Seven seas", "combo": []}, {"category": "Kitchen, Garden & Pets", "sub_category_name": "Bakeware", "product_name": "Silicone Chocolate Mould - Cross Design, Assorted Colour", "product_brand": "Seven seas", "combo": []}, {"category": "Kitchen, Garden & Pets", "sub_category_name": "Bakeware", "product_name": "Silicone Chocolate Mould - Assorted Design & Colour", "product_brand": "Seven seas", "combo": []}, {"category": "Kitchen, Garden & Pets", "sub_category_name": "Bakeware", "product_name": "Silicone Chocolate Mould - Disc Design, Assorted Colour", "product_brand": "Seven seas", "combo": []}, {"category": "Kitchen, Garden & Pets", "sub_category_name": "Bakeware", "product_name": "Silicone Brush With TPR Handle - Assorted Colour", "product_brand": "Seven seas", "combo": []}, {"category": "Kitchen, Garden & Pets", "sub_category_name": "Bakeware", "product_name": "Carbon Steel 12 Cup Muffin Pan - Assorted Colour", "product_brand": "Seven seas", "combo": []}, {"category": "Kitchen, Garden & Pets", "sub_category_name": "Bakeware", "product_name": "Silicone Cake Mould - 6 Cavity, Rose, Assorted Colour", "product_brand": "Seven seas", "combo": []}, {"category": "Kitchen, Garden & Pets", "sub_category_name": "Bakeware", "product_name": "Joie Meow Measuring Spoon - Assorted Colour", "product_brand": "Seven seas", "combo": []}, {"category": "Kitchen, Garden & Pets", "sub_category_name": "Bakeware", "product_name": "Joie Icing Spatula - Assorted Colour", "product_brand": "Seven seas", "combo": []}, {"category": "Kitchen, Garden & Pets", "sub_category_name": "Bakeware", "product_name": "Silicone Chocolate Mould - Round Design, Assorted Colour", "product_brand": "Seven seas", "combo": []}, {"category": "Kitchen, Garden & Pets", "sub_category_name": "Bakeware", "product_name": "Economy Whisk - SS Handle, 8 inches, Assorted Color", "product_brand": "Ramson", "combo": []}, {"category": "Kitchen, Garden & Pets", "sub_category_name": "Bakeware", "product_name": "Economy Whisk - SS Handle, 10 inches, Assorted Colour", "product_brand": "Ramson", "combo": []}, {"category": "Kitchen, Garden & Pets", "sub_category_name": "Bakeware", "product_name": "Economy Whisk - SS Handle, 6 Inches, Assorted Color", "product_brand": "Ramson", "combo": []}, {"category": "Kitchen, Garden & Pets", "sub_category_name": "Bakeware", "product_name": "Silicone Chocolate Mould/Ice Cube Tray - Small Round Design, Assorted Colour", "product_brand": "Seven seas", "combo": []}, {"category": "Kitchen, Garden & Pets", "sub_category_name": "Bakeware", "product_name": "Big Silicone Spoonula With Plastic Handle - Red", "product_brand": "HAZEL", "combo": []}, {"category": "Kitchen, Garden & Pets", "sub_category_name": "Bakeware", "product_name": "Muffin-Chocolate Moulds - Metal, Slot of 6, Grey, BB 1024 GRY", "product_brand": "DP", "combo": []}, {"category": "Kitchen, Garden & Pets", "sub_category_name": "Bakeware", "product_name": "Silicon Baking Mould Set - Cake/Muffin, Butterfly", "product_brand": "Yongsheng", "combo": []}, {"category": "Kitchen, Garden & Pets", "sub_category_name": "Bakeware", "product_name": "Metal Cake Mould - Heart Shaped, Black", "product_brand": "DP", "combo": []}, {"category": "Kitchen, Garden & Pets", "sub_category_name": "Bakeware", "product_name": "Multicoloured Cupcake Moulds - Paper, Printed, BB1325_4", "product_brand": "DP", "combo": []}, {"category": "Kitchen, Garden & Pets", "sub_category_name": "Bakeware", "product_name": "10 Cavity Silicone Smiley Shape Chocolate/Ice Cube Mould - Yellow", "product_brand": "HAZEL", "combo": []}, {"category": "Kitchen, Garden & Pets", "sub_category_name": "Bakeware", "product_name": "Multicoloured Balloon Printed Cupcake Moulds - Paper, BB1334", "product_brand": "DP", "combo": []}, {"category": "Kitchen, Garden & Pets", "sub_category_name": "Bakeware", "product_name": "Pink-Red Heart Printed Cupcake Moulds - Paper, BB1339", "product_brand": "DP", "combo": []}, {"category": "Kitchen, Garden & Pets", "sub_category_name": "Bakeware", "product_name": "Baking Cupcake Paper Moulds - Red & White Hearts, BB101_3", "product_brand": "DP", "combo": []}, {"category": "Kitchen, Garden & Pets", "sub_category_name": "Bakeware", "product_name": "Muffin/Cake Baking Paper Cups - Multicoloured BB103Green", "product_brand": "DP", "combo": []}, {"category": "Kitchen, Garden & Pets", "sub_category_name": "Bakeware", "product_name": "Printed Paper Cupcake Moulds - Pink, BB1329", "product_brand": "DP", "combo": []}, {"category": "Kitchen, Garden & Pets", "sub_category_name": "Bakeware", "product_name": "Aluminium Silver Muffin Tray & Cup cake - 6 Cavity", "product_brand": "HAZEL", "combo": []}, {"category": "Kitchen, Garden & Pets", "sub_category_name": "Bakeware", "product_name": "Silicon Chocolate/Ice Mould - Circle, Orange", "product_brand": "Cook4U", "combo": []}, {"category": "Kitchen, Garden & Pets", "sub_category_name": "Bakeware", "product_name": "Cupcake Moulds & Toothpick - Panda Print, Paper, BB1346", "product_brand": "DP", "combo": []}, {"category": "Kitchen, Garden & Pets", "sub_category_name": "Bakeware", "product_name": "Silicon Muffin/Cupcake Moulds Tray - Blue, Bb-1161", "product_brand": "Silcone", "combo": []}, {"category": "Kitchen, Garden & Pets", "sub_category_name": "Bakeware", "product_name": "Baking Cupcake Paper Moulds - Purple & White, BB095", "product_brand": "DP", "combo": []}, {"category": "Kitchen, Garden & Pets", "sub_category_name": "Bakeware", "product_name": "Cake Baking Tool, Stainless Steel, Set of 3 - Flower Shaped, BB 1014 4", "product_brand": "DP", "combo": []}, {"category": "Kitchen, Garden & Pets", "sub_category_name": "Bakeware", "product_name": "Silicone Cake Baking Mould, Flower Shaped - Red, BB 157", "product_brand": "DP", "combo": []}, {"category": "Kitchen, Garden & Pets", "sub_category_name": "Bakeware", "product_name": "Silicone Round Cake Mould - Red", "product_brand": "HAZEL", "combo": []}, {"category": "Kitchen, Garden & Pets", "sub_category_name": "Bakeware", "product_name": "Pastry & Biscuit Cutters - Small", "product_brand": "Rolex", "combo": []}, {"category": "Kitchen, Garden & Pets", "sub_category_name": "Bakeware", "product_name": "Silicone Heart Shape Muffin Mould", "product_brand": "HAZEL", "combo": []}, {"category": "Kitchen, Garden & Pets", "sub_category_name": "Bakeware", "product_name": "Chocolate/Ice Mould - Silicon, Alphabetic, Brown", "product_brand": "Cook4U", "combo": []}, {"category": "Kitchen, Garden & Pets", "sub_category_name": "Bakeware", "product_name": "Silicon Muffin/Cupcakes Moulds - Pink, Bb-1171", "product_brand": "Casasunco", "combo": []}, {"category": "Kitchen, Garden & Pets", "sub_category_name": "Bakeware", "product_name": "Metallic Cake/Muffin Mould For Baking Heart Shaped - Black BB 635", "product_brand": "DP", "combo": []}, {"category": "Kitchen, Garden & Pets", "sub_category_name": "Bakeware", "product_name": "Ice Mould - Plastic, WhiteWhite BB 599", "product_brand": "DP", "combo": []}, {"category": "Kitchen, Garden & Pets", "sub_category_name": "Bakeware", "product_name": "Paper Baking Cups/Mould/Muffin - Multi-Colour BB099", "product_brand": "DP", "combo": []}, {"category": "Kitchen, Garden & Pets", "sub_category_name": "Bakeware", "product_name": "Baking Cupcake Paper Moulds - Multicoloured Teddy Bear BB101_5", "product_brand": "DP", "combo": []}, {"category": "Kitchen, Garden & Pets", "sub_category_name": "Bakeware", "product_name": "Cupcake Moulds & Spoons - Flower Print, Paper, BB1344", "product_brand": "DP", "combo": []}, {"category": "Kitchen, Garden & Pets", "sub_category_name": "Bakeware", "product_name": "Cupcake Moulds & Toothpick - Strawberry Print, Paper, BB1348", "product_brand": "DP", "combo": []}, {"category": "Kitchen, Garden & Pets", "sub_category_name": "Bakeware", "product_name": "Silicon Cake Muffin Mould Star, Assorted Color", "product_brand": "Seven seas", "combo": []}, {"category": "Kitchen, Garden & Pets", "sub_category_name": "Bakeware", "product_name": "Silicon Cake Muffin Mould Teddy Bear, Assorted Color", "product_brand": "Seven seas", "combo": []}, {"category": "Kitchen, Garden & Pets", "sub_category_name": "Bakeware", "product_name": "Silicon Multipurpose Ice - Chocolate Mould Star Shaped, Assorted Color", "product_brand": "Seven seas", "combo": []}, {"category": "Kitchen, Garden & Pets", "sub_category_name": "Bakeware", "product_name": "Silicon Pastry - Cake - Baking Brush with Clear Handle, Assorted Color", "product_brand": "Seven seas", "combo": []}, {"category": "Kitchen, Garden & Pets", "sub_category_name": "Bakeware", "product_name": "Silicon Cup Cake - Muffin Mould Square Set, Assorted Color", "product_brand": "Seven seas", "combo": []}, {"category": "Kitchen, Garden & Pets", "sub_category_name": "Bakeware", "product_name": "Ice Mould - Plastic, WhiteWhite BB 595 1", "product_brand": "DP", "combo": []}, {"category": "Kitchen, Garden & Pets", "sub_category_name": "Bakeware", "product_name": "Silicone Hangable Brush & Spatula - Pink, BB 147", "product_brand": "Yongsheng", "combo": []}, {"category": "Kitchen, Garden & Pets", "sub_category_name": "Bakeware", "product_name": "Bottle Shaped Silicone Ice Mould Tray - Green, BB 134", "product_brand": "DP", "combo": []}, {"category": "Kitchen, Garden & Pets", "sub_category_name": "Bakeware", "product_name": "Stainless Steel Cookie Cutter - Straight Edge, Heart Shape, BB1382", "product_brand": "YANGLI", "combo": []}, {"category": "Kitchen, Garden & Pets", "sub_category_name": "Bakeware", "product_name": "Chocolate Mould Silicone - Orange, BB130", "product_brand": "Cook4U", "combo": []}, {"category": "Kitchen, Garden & Pets", "sub_category_name": "Bakeware", "product_name": "Silicon Cupcake/Muffin Moulds For Baking - Purple BB 128 1", "product_brand": "DP", "combo": []}, {"category": "Kitchen, Garden & Pets", "sub_category_name": "Bakeware", "product_name": "Cake Baking Tool, Stainless Steel, Set of 3 - Teddy Bear Shaped, BB 1014 4", "product_brand": "DP", "combo": []}, {"category": "Kitchen, Garden & Pets", "sub_category_name": "Bakeware", "product_name": "Silicon Ice/Chocolate Mould For Baking - Green BB131", "product_brand": "DP", "combo": []}, {"category": "Kitchen, Garden & Pets", "sub_category_name": "Bakeware", "product_name": "Silicone Square Cake Mould - Red", "product_brand": "HAZEL", "combo": []}, {"category": "Kitchen, Garden & Pets", "sub_category_name": "Bakeware", "product_name": "Silicon Cup Cake - Muffin Mould Round Set, Assorted Color", "product_brand": "Seven seas", "combo": []}, {"category": "Kitchen, Garden & Pets", "sub_category_name": "Bakeware", "product_name": "Multicoloured Cupcake Moulds - Paper, Printed, BB1326", "product_brand": "DP", "combo": []}, {"category": "Kitchen, Garden & Pets", "sub_category_name": "Bakeware", "product_name": "Pink & White Flower Print Cupcake Moulds - Paper, BB1330", "product_brand": "DP", "combo": []}, {"category": "Kitchen, Garden & Pets", "sub_category_name": "Bakeware", "product_name": "Cupcake Moulds & Spoons - Ribbon Print, Paper, BB1342", "product_brand": "DP", "combo": []}, {"category": "Kitchen, Garden & Pets", "sub_category_name": "Bakeware", "product_name": "Cupcake Moulds & Spoons - Cake Print, Paper, BB1345", "product_brand": "DP", "combo": []}, {"category": "Kitchen, Garden & Pets", "sub_category_name": "Bakeware", "product_name": "Cupcake Moulds & Toothpick - Cake Print, Paper, BB1347", "product_brand": "DP", "combo": []}, {"category": "Kitchen, Garden & Pets", "sub_category_name": "Bakeware", "product_name": "Silicon Muffin/Cupcake Moulds Tray - Pink, Bb-1161", "product_brand": "Silcone", "combo": []}, {"category": "Kitchen, Garden & Pets", "sub_category_name": "Bakeware", "product_name": "Silicon Muffin/Cupcake Moulds Tray - Pink, Bb-1162", "product_brand": "Silcone", "combo": []}, {"category": "Kitchen, Garden & Pets", "sub_category_name": "Bakeware", "product_name": "Silicon Muffin/Cupcake Moulds Tray - Blue, Bb-1162", "product_brand": "Silcone", "combo": []}, {"category": "Kitchen, Garden & Pets", "sub_category_name": "Bakeware", "product_name": "Silicon Muffin/Cupcakes Moulds - Pink, Bb-1173", "product_brand": "Casasunco", "combo": []}, {"category": "Kitchen, Garden & Pets", "sub_category_name": "Bakeware", "product_name": "Silicon Chocolate Baking Mould - Human Shape Brown", "product_brand": "DP", "combo": []}, {"category": "Kitchen, Garden & Pets", "sub_category_name": "Bakeware", "product_name": "Silicon Baking Mould Set - Cake/Muffin, Assorted Color, BB58", "product_brand": "Yongsheng", "combo": []}, {"category": "Kitchen, Garden & Pets", "sub_category_name": "Bakeware", "product_name": "Silicon Baking Mould Set - Cake/Muffin, Flower Assorted Color, BB57", "product_brand": "Yongsheng", "combo": []}, {"category": "Kitchen, Garden & Pets", "sub_category_name": "Bakeware", "product_name": "Chocolate Baking/Ice Mould - Bottle Shape, Pink, Silicon", "product_brand": "Yongsheng", "combo": []}, {"category": "Kitchen, Garden & Pets", "sub_category_name": "Bakeware", "product_name": "Ice Cube Tray/Chocolate Mould - Stick Shape, Orange, Silicon", "product_brand": "Yongsheng", "combo": []}, {"category": "Kitchen, Garden & Pets", "sub_category_name": "Bakeware", "product_name": "Cup Cake/Muffin Mould - Silicon, 6 Compartment, Pink", "product_brand": "Cook4U", "combo": []}, {"category": "Kitchen, Garden & Pets", "sub_category_name": "Bakeware", "product_name": "Silicon Baking Mould Set - Cake/Muffin, Heart", "product_brand": "Yongsheng", "combo": []}, {"category": "Kitchen, Garden & Pets", "sub_category_name": "Bakeware", "product_name": "Silicon Chocolate Baking Mould - Human Shape Green", "product_brand": "DP", "combo": []}, {"category": "Kitchen, Garden & Pets", "sub_category_name": "Bakeware", "product_name": "Non-Stick Pizza Pan - Baking Plate, 11 Inch, Medium", "product_brand": "HAZEL", "combo": []}, {"category": "Kitchen, Garden & Pets", "sub_category_name": "Bakeware", "product_name": "I-1096 Measuring Cup Plastic - Durable, Easy To Read Metric Measurements", "product_brand": "Inomata", "combo": []}, {"category": "Kitchen, Garden & Pets", "sub_category_name": "Bakeware", "product_name": "Multicoloured Car Printed Cupcake Moulds - Paper, BB1335", "product_brand": "DP", "combo": []}, {"category": "Kitchen, Garden & Pets", "sub_category_name": "Bakeware", "product_name": "Cooking/Baking Basting Brush & Spatula - Red, Silicone", "product_brand": "Yongsheng", "combo": []}, {"category": "Kitchen, Garden & Pets", "sub_category_name": "Bakeware", "product_name": "Metallic Cake/Muffin Mould For Baking Teddy Shaped - Grey BB 633", "product_brand": "DP", "combo": []}, {"category": "Kitchen, Garden & Pets", "sub_category_name": "Bakeware", "product_name": "Silicone Rolling Pin - Blue BB153", "product_brand": "DP", "combo": []}, {"category": "Kitchen, Garden & Pets", "sub_category_name": "Bakeware", "product_name": "Cooking/Baking Basting Brush & Spatula - Small, Blue, Silicone", "product_brand": "Yongsheng", "combo": []}, {"category": "Kitchen, Garden & Pets", "sub_category_name": "Bakeware", "product_name": "Silicone Round Muffin Mould - Assorted Colour", "product_brand": "HAZEL", "combo": []}, {"category": "Kitchen, Garden & Pets", "sub_category_name": "Bakeware", "product_name": "Ice Cube Tray/Chocolate Mould - Stick Shape, Blue, Silicon", "product_brand": "Yongsheng", "combo": []}, {"category": "Kitchen, Garden & Pets", "sub_category_name": "Bakeware", "product_name": "Flora - 5 - Pattern Nozzle Sprinkler", "product_brand": "Flora", "combo": []}, {"category": "Kitchen, Garden & Pets", "sub_category_name": "Bakeware", "product_name": "Paper Baking Cups/Mould/Muffin Mould BB094", "product_brand": "DP", "combo": []}, {"category": "Kitchen, Garden & Pets", "sub_category_name": "Bakeware", "product_name": "Silicon Chocolate/Ice Mould - Circle, Green", "product_brand": "Cook4U", "combo": []}, {"category": "Kitchen, Garden & Pets", "sub_category_name": "Bakeware", "product_name": "Cooking/Baking Basting Brush & Spatula - Blue", "product_brand": "Silicone", "combo": []}, {"category": "Kitchen, Garden & Pets", "sub_category_name": "Bakeware", "product_name": "Cooking/Baking Basting Brush & Spatula - Small, Purple, Silicone", "product_brand": "Yongsheng", "combo": []}, {"category": "Kitchen, Garden & Pets", "sub_category_name": "Bakeware", "product_name": "Silicone Cooking/Baking Basting Brush - Pink BB 639 3", "product_brand": "DP", "combo": []}, {"category": "Kitchen, Garden & Pets", "sub_category_name": "Bakeware", "product_name": "Silicone Rolling Pin - Purple BB153", "product_brand": "DP", "combo": []}, {"category": "Kitchen, Garden & Pets", "sub_category_name": "Bakeware", "product_name": "Ice Cube Tray/Chocolate Mould - Stick Shape, Red, Silicon", "product_brand": "Yongsheng", "combo": []}, {"category": "Kitchen, Garden & Pets", "sub_category_name": "Bakeware", "product_name": "Paper Baking Cups/Mould/Muffin - Birthday Design", "product_brand": "DP", "combo": []}, {"category": "Kitchen, Garden & Pets", "sub_category_name": "Bakeware", "product_name": "Noor Plastic Icing Syringe With 5 Nozzles - Cream", "product_brand": "Noor", "combo": []}, {"category": "Kitchen, Garden & Pets", "sub_category_name": "Bakeware", "product_name": "Silicone Rose Shape Muffin Mould", "product_brand": "HAZEL", "combo": []}, {"category": "Kitchen, Garden & Pets", "sub_category_name": "Bakeware", "product_name": "Cooking/Baking Basting Brush - Red, Silicone", "product_brand": "Yongsheng", "combo": []}, {"category": "Kitchen, Garden & Pets", "sub_category_name": "Bakeware", "product_name": "Silicon Ice/Chocolate Mould For Baking - Orange BB131", "product_brand": "DP", "combo": []}, {"category": "Kitchen, Garden & Pets", "sub_category_name": "Bakeware", "product_name": "Non Stick Coated Muffin Tray - 12 Cavity", "product_brand": "Rolex", "combo": []}, {"category": "Kitchen, Garden & Pets", "sub_category_name": "Bakeware", "product_name": "Paper Baking Cups/Mould/Muffin BB098", "product_brand": "DP", "combo": []}, {"category": "Kitchen, Garden & Pets", "sub_category_name": "Bakeware", "product_name": "Aluminium Muffin Bakeware Tray - 9 Cavity", "product_brand": "Rolex", "combo": []}, {"category": "Kitchen, Garden & Pets", "sub_category_name": "Bakeware", "product_name": "Silicone Brush & Spatula With Pink Handle - Pink, BB 146", "product_brand": "Yongsheng", "combo": []}, {"category": "Kitchen, Garden & Pets", "sub_category_name": "Bakeware", "product_name": "Silicone Ice Tray Mould, Bottle Shaped - Blue, BB 134", "product_brand": "DP", "combo": []}, {"category": "Kitchen, Garden & Pets", "sub_category_name": "Bakeware", "product_name": "Aluminium Muffin Bakeware Tray - 6 Cavity", "product_brand": "Rolex", "combo": []}, {"category": "Kitchen, Garden & Pets", "sub_category_name": "Bakeware", "product_name": "Plastic Cupcake & Cookie Decorating Set - Assorted Colour", "product_brand": "Seven seas", "combo": []}, {"category": "Kitchen, Garden & Pets", "sub_category_name": "Bakeware", "product_name": "Silicone Brush - Full, Assorted Colour", "product_brand": "Seven seas", "combo": []}, {"category": "Kitchen, Garden & Pets", "sub_category_name": "Bakeware", "product_name": "Silicone Spatula - Full Colour, Assorted Colour", "product_brand": "Seven seas", "combo": []}, {"category": "Kitchen, Garden & Pets", "sub_category_name": "Bakeware", "product_name": "Silicone Spatula With Clear Handle - Assorted Colour", "product_brand": "Seven seas", "combo": []}, {"category": "Kitchen, Garden & Pets", "sub_category_name": "Bakeware", "product_name": "Joie Measuring Spoon Set - Assorted Colour", "product_brand": "Seven seas", "combo": []}, {"category": "Kitchen, Garden & Pets", "sub_category_name": "Bakeware", "product_name": "Silicone Cup Cake/Muffin Mould - Assorted Design & Colour", "product_brand": "Seven seas", "combo": []}, {"category": "Kitchen, Garden & Pets", "sub_category_name": "Bakeware", "product_name": "Joie Measuring Spoon Set - Transparent With Red Plastic Handle, Assorted Colour", "product_brand": "Seven seas", "combo": []}, {"category": "Kitchen, Garden & Pets", "sub_category_name": "Bakeware", "product_name": "Silicone Baking Tray - Round, Assorted Colour", "product_brand": "Seven seas", "combo": []}, {"category": "Kitchen, Garden & Pets", "sub_category_name": "Bakeware", "product_name": "Big Silicone Chocolate Mould", "product_brand": "HAZEL", "combo": []}, {"category": "Kitchen, Garden & Pets", "sub_category_name": "Bakeware", "product_name": "Multicolour Printed Cupcake Moulds - Paper, BB1332", "product_brand": "DP", "combo": []}, {"category": "Kitchen, Garden & Pets", "sub_category_name": "Bakeware", "product_name": "Multicoloured Cake Printed Cupcake Moulds - Paper, BB1337", "product_brand": "DP", "combo": []}, {"category": "Kitchen, Garden & Pets", "sub_category_name": "Bakeware", "product_name": "Multicoloured Cupcake Moulds - Paper, Printed, BB1328", "product_brand": "DP", "combo": []}]