[{"category": "Bakery, Cakes & Dairy", "sub_category_name": "Cookies, Rusk & Khari", "product_name": "Biscuits - Shrewsbury", "product_brand": "Creme De Fiesta", "combo": []}, {"category": "Bakery, Cakes & Dairy", "sub_category_name": "Cookies, Rusk & Khari", "product_name": "Herb & Garlic Toast", "product_brand": "Creme De Fiesta", "combo": []}, {"category": "Bakery, Cakes & Dairy", "sub_category_name": "Cookies, Rusk & Khari", "product_name": "Whole Wheat Toast", "product_brand": "Creme De Fiesta", "combo": []}, {"category": "Bakery, Cakes & Dairy", "sub_category_name": "Cookies, Rusk & Khari", "product_name": "Biscuits - Badami Jeera", "product_brand": "Creme De Fiesta", "combo": []}, {"category": "Bakery, Cakes & Dairy", "sub_category_name": "Cookies, Rusk & Khari", "product_name": "Biscuits - Ajwain", "product_brand": "Creme De Fiesta", "combo": []}, {"category": "Bakery, Cakes & Dairy", "sub_category_name": "Cookies, Rusk & Khari", "product_name": "Cookies - Cashew Nut", "product_brand": "Creme De Fiesta", "combo": []}, {"category": "Bakery, Cakes & Dairy", "sub_category_name": "Cookies, Rusk & Khari", "product_name": "Cheese Bites", "product_brand": "Creme De Fiesta", "combo": []}, {"category": "Bakery, Cakes & Dairy", "sub_category_name": "Cookies, Rusk & Khari", "product_name": "Cookies - Butter", "product_brand": "Creme De Fiesta", "combo": []}, {"category": "Bakery, Cakes & Dairy", "sub_category_name": "Cookies, Rusk & Khari", "product_name": "Cookies - Chocolate", "product_brand": "Creme De Fiesta", "combo": []}, {"category": "Bakery, Cakes & Dairy", "sub_category_name": "Cookies, Rusk & Khari", "product_name": "Cheese Twist", "product_brand": "Creme De Fiesta", "combo": []}, {"category": "Bakery, Cakes & Dairy", "sub_category_name": "Cookies, Rusk & Khari", "product_name": "Ginger Oat Cookies", "product_brand": "Nourish Organics", "combo": []}, {"category": "Bakery, Cakes & Dairy", "sub_category_name": "Cookies, Rusk & Khari", "product_name": "Fig Amaranth Cookies", "product_brand": "Nourish Organics", "combo": []}, {"category": "Bakery, Cakes & Dairy", "sub_category_name": "Cookies, Rusk & Khari", "product_name": "Oats Cranberry Cookies", "product_brand": "Nourish Organics", "combo": []}, {"category": "Bakery, Cakes & Dairy", "sub_category_name": "Cookies, Rusk & Khari", "product_name": "Chocolate Coconut Cookies", "product_brand": "Nourish Organics", "combo": []}, {"category": "Bakery, Cakes & Dairy", "sub_category_name": "Cookies, Rusk & Khari", "product_name": "Almond Buckwheat Cookies", "product_brand": "Nourish Organics", "combo": []}, {"category": "Bakery, Cakes & Dairy", "sub_category_name": "Cookies, Rusk & Khari", "product_name": "Double Chocolate Chip Cookies", "product_brand": "Theobroma", "combo": []}, {"category": "Bakery, Cakes & Dairy", "sub_category_name": "Cookies, Rusk & Khari", "product_name": "Almond Biscotti", "product_brand": "Theobroma", "combo": []}, {"category": "Bakery, Cakes & Dairy", "sub_category_name": "Cookies, Rusk & Khari", "product_name": "Assorted Cookies", "product_brand": "Cookie Man", "combo": []}, {"category": "Bakery, Cakes & Dairy", "sub_category_name": "Cookies, Rusk & Khari", "product_name": "Assorted Cookies", "product_brand": "Cookie Man", "combo": []}, {"category": "Bakery, Cakes & Dairy", "sub_category_name": "Cookies, Rusk & Khari", "product_name": "Assorted Cookies", "product_brand": "Cookie Man", "combo": []}, {"category": "Bakery, Cakes & Dairy", "sub_category_name": "Cookies, Rusk & Khari", "product_name": "Almond Fingers", "product_brand": "Cookie Man", "combo": []}, {"category": "Bakery, Cakes & Dairy", "sub_category_name": "Cookies, Rusk & Khari", "product_name": "Brownie Brittle", "product_brand": "Cookie Man", "combo": []}, {"category": "Bakery, Cakes & Dairy", "sub_category_name": "Cookies, Rusk & Khari", "product_name": "Artisanal Cookies", "product_brand": "Cookie Man", "combo": []}, {"category": "Bakery, Cakes & Dairy", "sub_category_name": "Cookies, Rusk & Khari", "product_name": "Artisanal Cookies", "product_brand": "Cookie Man", "combo": []}, {"category": "Bakery, Cakes & Dairy", "sub_category_name": "Cookies, Rusk & Khari", "product_name": "Artisanal Cookies", "product_brand": "Cookie Man", "combo": []}, {"category": "Bakery, Cakes & Dairy", "sub_category_name": "Cookies, Rusk & Khari", "product_name": "Assorted Cookies - Fruit & Nut, Choc Chip", "product_brand": "Cookie Man", "combo": []}, {"category": "Bakery, Cakes & Dairy", "sub_category_name": "Cookies, Rusk & Khari", "product_name": "Assorted Cookies - Fruit & Nut, Choc Chip", "product_brand": "Cookie Man", "combo": []}, {"category": "Bakery, Cakes & Dairy", "sub_category_name": "Cookies, Rusk & Khari", "product_name": "Brandy Snap Cookies", "product_brand": "Cookie Man", "combo": []}, {"category": "Bakery, Cakes & Dairy", "sub_category_name": "Cookies, Rusk & Khari", "product_name": "Choc Chunk Cookies", "product_brand": "Cookie Man", "combo": []}, {"category": "Bakery, Cakes & Dairy", "sub_category_name": "Cookies, Rusk & Khari", "product_name": "Biscuits - Methi", "product_brand": "Creme De Fiesta", "combo": []}, {"category": "Bakery, Cakes & Dairy", "sub_category_name": "Cookies, Rusk & Khari", "product_name": "Khari - Diet", "product_brand": "Milkmade", "combo": []}, {"category": "Bakery, Cakes & Dairy", "sub_category_name": "Cookies, Rusk & Khari", "product_name": "Cookies - Bajri", "product_brand": "Creme De Fiesta", "combo": []}, {"category": "Bakery, Cakes & Dairy", "sub_category_name": "Cookies, Rusk & Khari", "product_name": "Spinach Garlic Triangle", "product_brand": "Creme De Fiesta", "combo": []}, {"category": "Bakery, Cakes & Dairy", "sub_category_name": "Cookies, Rusk & Khari", "product_name": "Toast - Whole Wheat, Milk", "product_brand": "Milkmade", "combo": []}, {"category": "Bakery, Cakes & Dairy", "sub_category_name": "Cookies, Rusk & Khari", "product_name": "Toast - Suzi", "product_brand": "Milkmade", "combo": []}, {"category": "Bakery, Cakes & Dairy", "sub_category_name": "Cookies, Rusk & Khari", "product_name": "Puneri Splecial Khari", "product_brand": "BakeLite", "combo": []}, {"category": "Bakery, Cakes & Dairy", "sub_category_name": "Cookies, Rusk & Khari", "product_name": "Cookies - Multigrain", "product_brand": "Creme De Fiesta", "combo": []}, {"category": "Bakery, Cakes & Dairy", "sub_category_name": "Cookies, Rusk & Khari", "product_name": "Khari - Maska", "product_brand": "Milkmade", "combo": []}, {"category": "Bakery, Cakes & Dairy", "sub_category_name": "Cookies, Rusk & Khari", "product_name": "Chatpata Bites", "product_brand": "Creme De Fiesta", "combo": []}, {"category": "Bakery, Cakes & Dairy", "sub_category_name": "Cookies, Rusk & Khari", "product_name": "Biscuits - Fruit", "product_brand": "Tasties", "combo": [["200 g", "75.00"], ["2X200gm", "150.00"]]}, {"category": "Bakery, Cakes & Dairy", "sub_category_name": "Cookies, Rusk & Khari", "product_name": "Almond Fingers", "product_brand": "Cookie Man", "combo": []}, {"category": "Bakery, Cakes & Dairy", "sub_category_name": "Cookies, Rusk & Khari", "product_name": "Brownie Brittle", "product_brand": "Cookie Man", "combo": []}, {"category": "Bakery, Cakes & Dairy", "sub_category_name": "Cookies, Rusk & Khari", "product_name": "Artisanal Cookies", "product_brand": "Cookie Man", "combo": []}, {"category": "Bakery, Cakes & Dairy", "sub_category_name": "Cookies, Rusk & Khari", "product_name": "Artisanal Cookies", "product_brand": "Cookie Man", "combo": []}, {"category": "Bakery, Cakes & Dairy", "sub_category_name": "Cookies, Rusk & Khari", "product_name": "Artisanal Cookies", "product_brand": "Cookie Man", "combo": []}, {"category": "Bakery, Cakes & Dairy", "sub_category_name": "Cookies, Rusk & Khari", "product_name": "Assorted Cookies - Fruit & Nut, Choc Chip", "product_brand": "Cookie Man", "combo": []}, {"category": "Bakery, Cakes & Dairy", "sub_category_name": "Cookies, Rusk & Khari", "product_name": "Assorted Cookies - Fruit & Nut, Choc Chip", "product_brand": "Cookie Man", "combo": []}, {"category": "Bakery, Cakes & Dairy", "sub_category_name": "Cookies, Rusk & Khari", "product_name": "Brandy Snap Cookies", "product_brand": "Cookie Man", "combo": []}, {"category": "Bakery, Cakes & Dairy", "sub_category_name": "Cookies, Rusk & Khari", "product_name": "Choc Chunk Cookies", "product_brand": "Cookie Man", "combo": []}, {"category": "Bakery, Cakes & Dairy", "sub_category_name": "Cookies, Rusk & Khari", "product_name": "Biscuits - Methi", "product_brand": "Creme De Fiesta", "combo": []}, {"category": "Bakery, Cakes & Dairy", "sub_category_name": "Cookies, Rusk & Khari", "product_name": "Khari - Diet", "product_brand": "Milkmade", "combo": []}, {"category": "Bakery, Cakes & Dairy", "sub_category_name": "Cookies, Rusk & Khari", "product_name": "Cookies - Bajri", "product_brand": "Creme De Fiesta", "combo": []}, {"category": "Bakery, Cakes & Dairy", "sub_category_name": "Cookies, Rusk & Khari", "product_name": "Spinach Garlic Triangle", "product_brand": "Creme De Fiesta", "combo": []}, {"category": "Bakery, Cakes & Dairy", "sub_category_name": "Cookies, Rusk & Khari", "product_name": "Toast - Whole Wheat, Milk", "product_brand": "Milkmade", "combo": []}, {"category": "Bakery, Cakes & Dairy", "sub_category_name": "Cookies, Rusk & Khari", "product_name": "Toast - Suzi", "product_brand": "Milkmade", "combo": []}, {"category": "Bakery, Cakes & Dairy", "sub_category_name": "Cookies, Rusk & Khari", "product_name": "Puneri Splecial Khari", "product_brand": "BakeLite", "combo": []}, {"category": "Bakery, Cakes & Dairy", "sub_category_name": "Cookies, Rusk & Khari", "product_name": "Cookies - Multigrain", "product_brand": "Creme De Fiesta", "combo": []}, {"category": "Bakery, Cakes & Dairy", "sub_category_name": "Cookies, Rusk & Khari", "product_name": "Khari - Maska", "product_brand": "Milkmade", "combo": []}, {"category": "Bakery, Cakes & Dairy", "sub_category_name": "Cookies, Rusk & Khari", "product_name": "Chatpata Bites", "product_brand": "Creme De Fiesta", "combo": []}, {"category": "Bakery, Cakes & Dairy", "sub_category_name": "Cookies, Rusk & Khari", "product_name": "Biscuits - Fruit", "product_brand": "Tasties", "combo": [["200 g", "75.00"], ["2X200gm", "150.00"]]}, {"category": "Bakery, Cakes & Dairy", "sub_category_name": "Cookies, Rusk & Khari", "product_name": "Almond Fingers", "product_brand": "Cookie Man", "combo": []}, {"category": "Bakery, Cakes & Dairy", "sub_category_name": "Cookies, Rusk & Khari", "product_name": "Brownie Brittle", "product_brand": "Cookie Man", "combo": []}, {"category": "Bakery, Cakes & Dairy", "sub_category_name": "Cookies, Rusk & Khari", "product_name": "Artisanal Cookies", "product_brand": "Cookie Man", "combo": []}, {"category": "Bakery, Cakes & Dairy", "sub_category_name": "Cookies, Rusk & Khari", "product_name": "Artisanal Cookies", "product_brand": "Cookie Man", "combo": []}, {"category": "Bakery, Cakes & Dairy", "sub_category_name": "Cookies, Rusk & Khari", "product_name": "Artisanal Cookies", "product_brand": "Cookie Man", "combo": []}, {"category": "Bakery, Cakes & Dairy", "sub_category_name": "Cookies, Rusk & Khari", "product_name": "Assorted Cookies - Fruit & Nut, Choc Chip", "product_brand": "Cookie Man", "combo": []}, {"category": "Bakery, Cakes & Dairy", "sub_category_name": "Cookies, Rusk & Khari", "product_name": "Assorted Cookies - Fruit & Nut, Choc Chip", "product_brand": "Cookie Man", "combo": []}, {"category": "Bakery, Cakes & Dairy", "sub_category_name": "Cookies, Rusk & Khari", "product_name": "Brandy Snap Cookies", "product_brand": "Cookie Man", "combo": []}, {"category": "Bakery, Cakes & Dairy", "sub_category_name": "Cookies, Rusk & Khari", "product_name": "Choc Chunk Cookies", "product_brand": "Cookie Man", "combo": []}, {"category": "Bakery, Cakes & Dairy", "sub_category_name": "Cookies, Rusk & Khari", "product_name": "Biscuits - Methi", "product_brand": "Creme De Fiesta", "combo": []}, {"category": "Bakery, Cakes & Dairy", "sub_category_name": "Cookies, Rusk & Khari", "product_name": "Khari - Diet", "product_brand": "Milkmade", "combo": []}, {"category": "Bakery, Cakes & Dairy", "sub_category_name": "Cookies, Rusk & Khari", "product_name": "Cookies - Bajri", "product_brand": "Creme De Fiesta", "combo": []}, {"category": "Bakery, Cakes & Dairy", "sub_category_name": "Cookies, Rusk & Khari", "product_name": "Spinach Garlic Triangle", "product_brand": "Creme De Fiesta", "combo": []}, {"category": "Bakery, Cakes & Dairy", "sub_category_name": "Cookies, Rusk & Khari", "product_name": "Toast - Whole Wheat, Milk", "product_brand": "Milkmade", "combo": []}, {"category": "Bakery, Cakes & Dairy", "sub_category_name": "Cookies, Rusk & Khari", "product_name": "Toast - Suzi", "product_brand": "Milkmade", "combo": []}, {"category": "Bakery, Cakes & Dairy", "sub_category_name": "Cookies, Rusk & Khari", "product_name": "Puneri Splecial Khari", "product_brand": "BakeLite", "combo": []}, {"category": "Bakery, Cakes & Dairy", "sub_category_name": "Cookies, Rusk & Khari", "product_name": "Cookies - Multigrain", "product_brand": "Creme De Fiesta", "combo": []}, {"category": "Bakery, Cakes & Dairy", "sub_category_name": "Cookies, Rusk & Khari", "product_name": "Khari - Maska", "product_brand": "Milkmade", "combo": []}, {"category": "Bakery, Cakes & Dairy", "sub_category_name": "Cookies, Rusk & Khari", "product_name": "Chatpata Bites", "product_brand": "Creme De Fiesta", "combo": []}, {"category": "Bakery, Cakes & Dairy", "sub_category_name": "Cookies, Rusk & Khari", "product_name": "Biscuits - Fruit", "product_brand": "Tasties", "combo": [["200 g", "75.00"], ["2X200gm", "150.00"]]}, {"category": "Bakery, Cakes & Dairy", "sub_category_name": "Cookies, Rusk & Khari", "product_name": "Khari - Knott", "product_brand": "Milkmade", "combo": []}, {"category": "Bakery, Cakes & Dairy", "sub_category_name": "Cookies, Rusk & Khari", "product_name": "Khari - Rich", "product_brand": "Milkmade", "combo": []}, {"category": "Bakery, Cakes & Dairy", "sub_category_name": "Cookies, Rusk & Khari", "product_name": "Brown (Wheat) Khari", "product_brand": "BakeLite", "combo": []}, {"category": "Bakery, Cakes & Dairy", "sub_category_name": "Cookies, Rusk & Khari", "product_name": "Bread Toast - Brown (Wheat)", "product_brand": "BakeLite", "combo": []}, {"category": "Bakery, Cakes & Dairy", "sub_category_name": "Cookies, Rusk & Khari", "product_name": "Bread Toast - Milk", "product_brand": "BakeLite", "combo": []}, {"category": "Bakery, Cakes & Dairy", "sub_category_name": "Cookies, Rusk & Khari", "product_name": "Biscuits - Osmania", "product_brand": "Tasties", "combo": [["2x200 g", "142.50"], ["6x200 g", "450.00"], ["200 g", "75.00"]]}, {"category": "Bakery, Cakes & Dairy", "sub_category_name": "Cookies, Rusk & Khari", "product_name": "Mini Toast - Butter", "product_brand": "Milkmade", "combo": []}, {"category": "Bakery, Cakes & Dairy", "sub_category_name": "Cookies, Rusk & Khari", "product_name": "Cake Rusk - Chocolate", "product_brand": "Fresho Signature", "combo": []}, {"category": "Bakery, Cakes & Dairy", "sub_category_name": "Cookies, Rusk & Khari", "product_name": "Cookies - Dark Chocochip, Chewy", "product_brand": "Fresho Signature", "combo": []}, {"category": "Bakery, Cakes & Dairy", "sub_category_name": "Cookies, Rusk & Khari", "product_name": "Biscuits - Badam Pista", "product_brand": "Tasties", "combo": [["4x200 g", "340.00"], ["2x200 g", "161.50"], ["200 g", "85.00"]]}, {"category": "Bakery, Cakes & Dairy", "sub_category_name": "Cookies, Rusk & Khari", "product_name": "Tasties Khari - Maska 200 gm + bb Royal Tea - Masters Blend 250 gm", "product_brand": "bb Combo", "combo": []}, {"category": "Bakery, Cakes & Dairy", "sub_category_name": "Cookies, Rusk & Khari", "product_name": "Khari - Maska", "product_brand": "Tasties", "combo": [["2x200 g", "145.35"], ["6x200 g", "459.00"], ["10x200 g", "765.00"], ["200 g", "76.50"]]}, {"category": "Bakery, Cakes & Dairy", "sub_category_name": "Cookies, Rusk & Khari", "product_name": "Biscuits - Cashew Nut", "product_brand": "Tasties", "combo": [["200 g", "75.00"], ["2x200 g", "142.50"], ["4x200 g", "300.00"]]}, {"category": "Bakery, Cakes & Dairy", "sub_category_name": "Cookies, Rusk & Khari", "product_name": "English Short Bread - Vanilla", "product_brand": "Fresho Signature", "combo": []}, {"category": "Bakery, Cakes & Dairy", "sub_category_name": "Cookies, Rusk & Khari", "product_name": "Cookies - Maska Chaska", "product_brand": "Fresho Signature", "combo": []}, {"category": "Bakery, Cakes & Dairy", "sub_category_name": "Cookies, Rusk & Khari", "product_name": "Biscuits - Moon", "product_brand": "Tasties", "combo": [["200 g", "75.00"], ["2x200 g", "142.50"]]}, {"category": "Bakery, Cakes & Dairy", "sub_category_name": "Cookies, Rusk & Khari", "product_name": "Cookies - Chocochip, Crunchy", "product_brand": "Fresho Signature", "combo": []}, {"category": "Bakery, Cakes & Dairy", "sub_category_name": "Cookies, Rusk & Khari", "product_name": "Cookies - Oatmeal, Crunchy", "product_brand": "Fresho Signature", "combo": []}, {"category": "Bakery, Cakes & Dairy", "sub_category_name": "Cookies, Rusk & Khari", "product_name": "Toast - Rich Milk", "product_brand": "Milkmade", "combo": []}, {"category": "Bakery, Cakes & Dairy", "sub_category_name": "Cookies, Rusk & Khari", "product_name": "Biscotti - Almond", "product_brand": "Fresho Signature", "combo": []}, {"category": "Bakery, Cakes & Dairy", "sub_category_name": "Cookies, Rusk & Khari", "product_name": "Almond Fingers", "product_brand": "Cookie Man", "combo": []}, {"category": "Bakery, Cakes & Dairy", "sub_category_name": "Cookies, Rusk & Khari", "product_name": "Brownie Brittle", "product_brand": "Cookie Man", "combo": []}, {"category": "Bakery, Cakes & Dairy", "sub_category_name": "Cookies, Rusk & Khari", "product_name": "Artisanal Cookies", "product_brand": "Cookie Man", "combo": []}, {"category": "Bakery, Cakes & Dairy", "sub_category_name": "Cookies, Rusk & Khari", "product_name": "Artisanal Cookies", "product_brand": "Cookie Man", "combo": []}, {"category": "Bakery, Cakes & Dairy", "sub_category_name": "Cookies, Rusk & Khari", "product_name": "Artisanal Cookies", "product_brand": "Cookie Man", "combo": []}, {"category": "Bakery, Cakes & Dairy", "sub_category_name": "Cookies, Rusk & Khari", "product_name": "Assorted Cookies - Fruit & Nut, Choc Chip", "product_brand": "Cookie Man", "combo": []}, {"category": "Bakery, Cakes & Dairy", "sub_category_name": "Cookies, Rusk & Khari", "product_name": "Assorted Cookies - Fruit & Nut, Choc Chip", "product_brand": "Cookie Man", "combo": []}, {"category": "Bakery, Cakes & Dairy", "sub_category_name": "Cookies, Rusk & Khari", "product_name": "Brandy Snap Cookies", "product_brand": "Cookie Man", "combo": []}, {"category": "Bakery, Cakes & Dairy", "sub_category_name": "Cookies, Rusk & Khari", "product_name": "Choc Chunk Cookies", "product_brand": "Cookie Man", "combo": []}, {"category": "Bakery, Cakes & Dairy", "sub_category_name": "Cookies, Rusk & Khari", "product_name": "Biscuits - Methi", "product_brand": "Creme De Fiesta", "combo": []}, {"category": "Bakery, Cakes & Dairy", "sub_category_name": "Cookies, Rusk & Khari", "product_name": "Khari - Diet", "product_brand": "Milkmade", "combo": []}, {"category": "Bakery, Cakes & Dairy", "sub_category_name": "Cookies, Rusk & Khari", "product_name": "Cookies - Bajri", "product_brand": "Creme De Fiesta", "combo": []}, {"category": "Bakery, Cakes & Dairy", "sub_category_name": "Cookies, Rusk & Khari", "product_name": "Spinach Garlic Triangle", "product_brand": "Creme De Fiesta", "combo": []}, {"category": "Bakery, Cakes & Dairy", "sub_category_name": "Cookies, Rusk & Khari", "product_name": "Toast - Whole Wheat, Milk", "product_brand": "Milkmade", "combo": []}, {"category": "Bakery, Cakes & Dairy", "sub_category_name": "Cookies, Rusk & Khari", "product_name": "Toast - Suzi", "product_brand": "Milkmade", "combo": []}, {"category": "Bakery, Cakes & Dairy", "sub_category_name": "Cookies, Rusk & Khari", "product_name": "Puneri Splecial Khari", "product_brand": "BakeLite", "combo": []}, {"category": "Bakery, Cakes & Dairy", "sub_category_name": "Cookies, Rusk & Khari", "product_name": "Cookies - Multigrain", "product_brand": "Creme De Fiesta", "combo": []}, {"category": "Bakery, Cakes & Dairy", "sub_category_name": "Cookies, Rusk & Khari", "product_name": "Khari - Maska", "product_brand": "Milkmade", "combo": []}, {"category": "Bakery, Cakes & Dairy", "sub_category_name": "Cookies, Rusk & Khari", "product_name": "Chatpata Bites", "product_brand": "Creme De Fiesta", "combo": []}, {"category": "Bakery, Cakes & Dairy", "sub_category_name": "Cookies, Rusk & Khari", "product_name": "Biscuits - Fruit", "product_brand": "Tasties", "combo": [["200 g", "75.00"], ["2X200gm", "150.00"]]}, {"category": "Bakery, Cakes & Dairy", "sub_category_name": "Cookies, Rusk & Khari", "product_name": "Khari - Knott", "product_brand": "Milkmade", "combo": []}, {"category": "Bakery, Cakes & Dairy", "sub_category_name": "Cookies, Rusk & Khari", "product_name": "Khari - Rich", "product_brand": "Milkmade", "combo": []}, {"category": "Bakery, Cakes & Dairy", "sub_category_name": "Cookies, Rusk & Khari", "product_name": "Brown (Wheat) Khari", "product_brand": "BakeLite", "combo": []}, {"category": "Bakery, Cakes & Dairy", "sub_category_name": "Cookies, Rusk & Khari", "product_name": "Bread Toast - Brown (Wheat)", "product_brand": "BakeLite", "combo": []}, {"category": "Bakery, Cakes & Dairy", "sub_category_name": "Cookies, Rusk & Khari", "product_name": "Bread Toast - Milk", "product_brand": "BakeLite", "combo": []}, {"category": "Bakery, Cakes & Dairy", "sub_category_name": "Cookies, Rusk & Khari", "product_name": "Biscuits - Osmania", "product_brand": "Tasties", "combo": [["2x200 g", "142.50"], ["6x200 g", "450.00"], ["200 g", "75.00"]]}, {"category": "Bakery, Cakes & Dairy", "sub_category_name": "Cookies, Rusk & Khari", "product_name": "Mini Toast - Butter", "product_brand": "Milkmade", "combo": []}, {"category": "Bakery, Cakes & Dairy", "sub_category_name": "Cookies, Rusk & Khari", "product_name": "Cake Rusk - Chocolate", "product_brand": "Fresho Signature", "combo": []}, {"category": "Bakery, Cakes & Dairy", "sub_category_name": "Cookies, Rusk & Khari", "product_name": "Cookies - Dark Chocochip, Chewy", "product_brand": "Fresho Signature", "combo": []}, {"category": "Bakery, Cakes & Dairy", "sub_category_name": "Cookies, Rusk & Khari", "product_name": "Biscuits - Badam Pista", "product_brand": "Tasties", "combo": [["4x200 g", "340.00"], ["2x200 g", "161.50"], ["200 g", "85.00"]]}, {"category": "Bakery, Cakes & Dairy", "sub_category_name": "Cookies, Rusk & Khari", "product_name": "Tasties Khari - Maska 200 gm + bb Royal Tea - Masters Blend 250 gm", "product_brand": "bb Combo", "combo": []}, {"category": "Bakery, Cakes & Dairy", "sub_category_name": "Cookies, Rusk & Khari", "product_name": "Khari - Maska", "product_brand": "Tasties", "combo": [["2x200 g", "145.35"], ["6x200 g", "459.00"], ["10x200 g", "765.00"], ["200 g", "76.50"]]}, {"category": "Bakery, Cakes & Dairy", "sub_category_name": "Cookies, Rusk & Khari", "product_name": "Biscuits - Cashew Nut", "product_brand": "Tasties", "combo": [["200 g", "75.00"], ["2x200 g", "142.50"], ["4x200 g", "300.00"]]}, {"category": "Bakery, Cakes & Dairy", "sub_category_name": "Cookies, Rusk & Khari", "product_name": "English Short Bread - Vanilla", "product_brand": "Fresho Signature", "combo": []}, {"category": "Bakery, Cakes & Dairy", "sub_category_name": "Cookies, Rusk & Khari", "product_name": "Cookies - Maska Chaska", "product_brand": "Fresho Signature", "combo": []}, {"category": "Bakery, Cakes & Dairy", "sub_category_name": "Cookies, Rusk & Khari", "product_name": "Biscuits - Moon", "product_brand": "Tasties", "combo": [["200 g", "75.00"], ["2x200 g", "142.50"]]}, {"category": "Bakery, Cakes & Dairy", "sub_category_name": "Cookies, Rusk & Khari", "product_name": "Cookies - Chocochip, Crunchy", "product_brand": "Fresho Signature", "combo": []}, {"category": "Bakery, Cakes & Dairy", "sub_category_name": "Cookies, Rusk & Khari", "product_name": "Cookies - Oatmeal, Crunchy", "product_brand": "Fresho Signature", "combo": []}, {"category": "Bakery, Cakes & Dairy", "sub_category_name": "Cookies, Rusk & Khari", "product_name": "Toast - Rich Milk", "product_brand": "Milkmade", "combo": []}, {"category": "Bakery, Cakes & Dairy", "sub_category_name": "Cookies, Rusk & Khari", "product_name": "Biscotti - Almond", "product_brand": "Fresho Signature", "combo": []}, {"category": "Bakery, Cakes & Dairy", "sub_category_name": "Cookies, Rusk & Khari", "product_name": "Almond Fingers", "product_brand": "Cookie Man", "combo": []}, {"category": "Bakery, Cakes & Dairy", "sub_category_name": "Cookies, Rusk & Khari", "product_name": "Brownie Brittle", "product_brand": "Cookie Man", "combo": []}, {"category": "Bakery, Cakes & Dairy", "sub_category_name": "Cookies, Rusk & Khari", "product_name": "Artisanal Cookies", "product_brand": "Cookie Man", "combo": []}, {"category": "Bakery, Cakes & Dairy", "sub_category_name": "Cookies, Rusk & Khari", "product_name": "Artisanal Cookies", "product_brand": "Cookie Man", "combo": []}, {"category": "Bakery, Cakes & Dairy", "sub_category_name": "Cookies, Rusk & Khari", "product_name": "Artisanal Cookies", "product_brand": "Cookie Man", "combo": []}, {"category": "Bakery, Cakes & Dairy", "sub_category_name": "Cookies, Rusk & Khari", "product_name": "Assorted Cookies - Fruit & Nut, Choc Chip", "product_brand": "Cookie Man", "combo": []}, {"category": "Bakery, Cakes & Dairy", "sub_category_name": "Cookies, Rusk & Khari", "product_name": "Assorted Cookies - Fruit & Nut, Choc Chip", "product_brand": "Cookie Man", "combo": []}, {"category": "Bakery, Cakes & Dairy", "sub_category_name": "Cookies, Rusk & Khari", "product_name": "Brandy Snap Cookies", "product_brand": "Cookie Man", "combo": []}, {"category": "Bakery, Cakes & Dairy", "sub_category_name": "Cookies, Rusk & Khari", "product_name": "Choc Chunk Cookies", "product_brand": "Cookie Man", "combo": []}, {"category": "Bakery, Cakes & Dairy", "sub_category_name": "Cookies, Rusk & Khari", "product_name": "Biscuits - Methi", "product_brand": "Creme De Fiesta", "combo": []}, {"category": "Bakery, Cakes & Dairy", "sub_category_name": "Cookies, Rusk & Khari", "product_name": "Khari - Diet", "product_brand": "Milkmade", "combo": []}, {"category": "Bakery, Cakes & Dairy", "sub_category_name": "Cookies, Rusk & Khari", "product_name": "Cookies - Bajri", "product_brand": "Creme De Fiesta", "combo": []}, {"category": "Bakery, Cakes & Dairy", "sub_category_name": "Cookies, Rusk & Khari", "product_name": "Spinach Garlic Triangle", "product_brand": "Creme De Fiesta", "combo": []}, {"category": "Bakery, Cakes & Dairy", "sub_category_name": "Cookies, Rusk & Khari", "product_name": "Toast - Whole Wheat, Milk", "product_brand": "Milkmade", "combo": []}, {"category": "Bakery, Cakes & Dairy", "sub_category_name": "Cookies, Rusk & Khari", "product_name": "Toast - Suzi", "product_brand": "Milkmade", "combo": []}, {"category": "Bakery, Cakes & Dairy", "sub_category_name": "Cookies, Rusk & Khari", "product_name": "Puneri Splecial Khari", "product_brand": "BakeLite", "combo": []}, {"category": "Bakery, Cakes & Dairy", "sub_category_name": "Cookies, Rusk & Khari", "product_name": "Cookies - Multigrain", "product_brand": "Creme De Fiesta", "combo": []}, {"category": "Bakery, Cakes & Dairy", "sub_category_name": "Cookies, Rusk & Khari", "product_name": "Khari - Maska", "product_brand": "Milkmade", "combo": []}, {"category": "Bakery, Cakes & Dairy", "sub_category_name": "Cookies, Rusk & Khari", "product_name": "Chatpata Bites", "product_brand": "Creme De Fiesta", "combo": []}, {"category": "Bakery, Cakes & Dairy", "sub_category_name": "Cookies, Rusk & Khari", "product_name": "Biscuits - Fruit", "product_brand": "Tasties", "combo": [["200 g", "75.00"], ["2X200gm", "150.00"]]}, {"category": "Bakery, Cakes & Dairy", "sub_category_name": "Cookies, Rusk & Khari", "product_name": "Almond Fingers", "product_brand": "Cookie Man", "combo": []}, {"category": "Bakery, Cakes & Dairy", "sub_category_name": "Cookies, Rusk & Khari", "product_name": "Brownie Brittle", "product_brand": "Cookie Man", "combo": []}, {"category": "Bakery, Cakes & Dairy", "sub_category_name": "Cookies, Rusk & Khari", "product_name": "Artisanal Cookies", "product_brand": "Cookie Man", "combo": []}, {"category": "Bakery, Cakes & Dairy", "sub_category_name": "Cookies, Rusk & Khari", "product_name": "Artisanal Cookies", "product_brand": "Cookie Man", "combo": []}, {"category": "Bakery, Cakes & Dairy", "sub_category_name": "Cookies, Rusk & Khari", "product_name": "Artisanal Cookies", "product_brand": "Cookie Man", "combo": []}, {"category": "Bakery, Cakes & Dairy", "sub_category_name": "Cookies, Rusk & Khari", "product_name": "Assorted Cookies - Fruit & Nut, Choc Chip", "product_brand": "Cookie Man", "combo": []}, {"category": "Bakery, Cakes & Dairy", "sub_category_name": "Cookies, Rusk & Khari", "product_name": "Assorted Cookies - Fruit & Nut, Choc Chip", "product_brand": "Cookie Man", "combo": []}, {"category": "Bakery, Cakes & Dairy", "sub_category_name": "Cookies, Rusk & Khari", "product_name": "Brandy Snap Cookies", "product_brand": "Cookie Man", "combo": []}, {"category": "Bakery, Cakes & Dairy", "sub_category_name": "Cookies, Rusk & Khari", "product_name": "Choc Chunk Cookies", "product_brand": "Cookie Man", "combo": []}, {"category": "Bakery, Cakes & Dairy", "sub_category_name": "Cookies, Rusk & Khari", "product_name": "Biscuits - Methi", "product_brand": "Creme De Fiesta", "combo": []}, {"category": "Bakery, Cakes & Dairy", "sub_category_name": "Cookies, Rusk & Khari", "product_name": "Khari - Diet", "product_brand": "Milkmade", "combo": []}, {"category": "Bakery, Cakes & Dairy", "sub_category_name": "Cookies, Rusk & Khari", "product_name": "Cookies - Bajri", "product_brand": "Creme De Fiesta", "combo": []}, {"category": "Bakery, Cakes & Dairy", "sub_category_name": "Cookies, Rusk & Khari", "product_name": "Spinach Garlic Triangle", "product_brand": "Creme De Fiesta", "combo": []}, {"category": "Bakery, Cakes & Dairy", "sub_category_name": "Cookies, Rusk & Khari", "product_name": "Toast - Whole Wheat, Milk", "product_brand": "Milkmade", "combo": []}, {"category": "Bakery, Cakes & Dairy", "sub_category_name": "Cookies, Rusk & Khari", "product_name": "Toast - Suzi", "product_brand": "Milkmade", "combo": []}, {"category": "Bakery, Cakes & Dairy", "sub_category_name": "Cookies, Rusk & Khari", "product_name": "Puneri Splecial Khari", "product_brand": "BakeLite", "combo": []}, {"category": "Bakery, Cakes & Dairy", "sub_category_name": "Cookies, Rusk & Khari", "product_name": "Cookies - Multigrain", "product_brand": "Creme De Fiesta", "combo": []}, {"category": "Bakery, Cakes & Dairy", "sub_category_name": "Cookies, Rusk & Khari", "product_name": "Khari - Maska", "product_brand": "Milkmade", "combo": []}, {"category": "Bakery, Cakes & Dairy", "sub_category_name": "Cookies, Rusk & Khari", "product_name": "Chatpata Bites", "product_brand": "Creme De Fiesta", "combo": []}, {"category": "Bakery, Cakes & Dairy", "sub_category_name": "Cookies, Rusk & Khari", "product_name": "Biscuits - Fruit", "product_brand": "Tasties", "combo": [["200 g", "75.00"], ["2X200gm", "150.00"]]}, {"category": "Bakery, Cakes & Dairy", "sub_category_name": "Cookies, Rusk & Khari", "product_name": "Almond Fingers", "product_brand": "Cookie Man", "combo": []}, {"category": "Bakery, Cakes & Dairy", "sub_category_name": "Cookies, Rusk & Khari", "product_name": "Brownie Brittle", "product_brand": "Cookie Man", "combo": []}, {"category": "Bakery, Cakes & Dairy", "sub_category_name": "Cookies, Rusk & Khari", "product_name": "Artisanal Cookies", "product_brand": "Cookie Man", "combo": []}, {"category": "Bakery, Cakes & Dairy", "sub_category_name": "Cookies, Rusk & Khari", "product_name": "Artisanal Cookies", "product_brand": "Cookie Man", "combo": []}, {"category": "Bakery, Cakes & Dairy", "sub_category_name": "Cookies, Rusk & Khari", "product_name": "Artisanal Cookies", "product_brand": "Cookie Man", "combo": []}, {"category": "Bakery, Cakes & Dairy", "sub_category_name": "Cookies, Rusk & Khari", "product_name": "Assorted Cookies - Fruit & Nut, Choc Chip", "product_brand": "Cookie Man", "combo": []}, {"category": "Bakery, Cakes & Dairy", "sub_category_name": "Cookies, Rusk & Khari", "product_name": "Assorted Cookies - Fruit & Nut, Choc Chip", "product_brand": "Cookie Man", "combo": []}, {"category": "Bakery, Cakes & Dairy", "sub_category_name": "Cookies, Rusk & Khari", "product_name": "Brandy Snap Cookies", "product_brand": "Cookie Man", "combo": []}, {"category": "Bakery, Cakes & Dairy", "sub_category_name": "Cookies, Rusk & Khari", "product_name": "Choc Chunk Cookies", "product_brand": "Cookie Man", "combo": []}, {"category": "Bakery, Cakes & Dairy", "sub_category_name": "Cookies, Rusk & Khari", "product_name": "Biscuits - Methi", "product_brand": "Creme De Fiesta", "combo": []}, {"category": "Bakery, Cakes & Dairy", "sub_category_name": "Cookies, Rusk & Khari", "product_name": "Khari - Diet", "product_brand": "Milkmade", "combo": []}, {"category": "Bakery, Cakes & Dairy", "sub_category_name": "Cookies, Rusk & Khari", "product_name": "Cookies - Bajri", "product_brand": "Creme De Fiesta", "combo": []}, {"category": "Bakery, Cakes & Dairy", "sub_category_name": "Cookies, Rusk & Khari", "product_name": "Spinach Garlic Triangle", "product_brand": "Creme De Fiesta", "combo": []}, {"category": "Bakery, Cakes & Dairy", "sub_category_name": "Cookies, Rusk & Khari", "product_name": "Toast - Whole Wheat, Milk", "product_brand": "Milkmade", "combo": []}, {"category": "Bakery, Cakes & Dairy", "sub_category_name": "Cookies, Rusk & Khari", "product_name": "Toast - Suzi", "product_brand": "Milkmade", "combo": []}, {"category": "Bakery, Cakes & Dairy", "sub_category_name": "Cookies, Rusk & Khari", "product_name": "Puneri Splecial Khari", "product_brand": "BakeLite", "combo": []}, {"category": "Bakery, Cakes & Dairy", "sub_category_name": "Cookies, Rusk & Khari", "product_name": "Cookies - Multigrain", "product_brand": "Creme De Fiesta", "combo": []}, {"category": "Bakery, Cakes & Dairy", "sub_category_name": "Cookies, Rusk & Khari", "product_name": "Khari - Maska", "product_brand": "Milkmade", "combo": []}, {"category": "Bakery, Cakes & Dairy", "sub_category_name": "Cookies, Rusk & Khari", "product_name": "Chatpata Bites", "product_brand": "Creme De Fiesta", "combo": []}, {"category": "Bakery, Cakes & Dairy", "sub_category_name": "Cookies, Rusk & Khari", "product_name": "Biscuits - Fruit", "product_brand": "Tasties", "combo": [["200 g", "75.00"], ["2X200gm", "150.00"]]}, {"category": "Bakery, Cakes & Dairy", "sub_category_name": "Cookies, Rusk & Khari", "product_name": "Almond Fingers", "product_brand": "Cookie Man", "combo": []}, {"category": "Bakery, Cakes & Dairy", "sub_category_name": "Cookies, Rusk & Khari", "product_name": "Brownie Brittle", "product_brand": "Cookie Man", "combo": []}, {"category": "Bakery, Cakes & Dairy", "sub_category_name": "Cookies, Rusk & Khari", "product_name": "Artisanal Cookies", "product_brand": "Cookie Man", "combo": []}, {"category": "Bakery, Cakes & Dairy", "sub_category_name": "Cookies, Rusk & Khari", "product_name": "Artisanal Cookies", "product_brand": "Cookie Man", "combo": []}, {"category": "Bakery, Cakes & Dairy", "sub_category_name": "Cookies, Rusk & Khari", "product_name": "Artisanal Cookies", "product_brand": "Cookie Man", "combo": []}, {"category": "Bakery, Cakes & Dairy", "sub_category_name": "Cookies, Rusk & Khari", "product_name": "Assorted Cookies - Fruit & Nut, Choc Chip", "product_brand": "Cookie Man", "combo": []}, {"category": "Bakery, Cakes & Dairy", "sub_category_name": "Cookies, Rusk & Khari", "product_name": "Assorted Cookies - Fruit & Nut, Choc Chip", "product_brand": "Cookie Man", "combo": []}, {"category": "Bakery, Cakes & Dairy", "sub_category_name": "Cookies, Rusk & Khari", "product_name": "Brandy Snap Cookies", "product_brand": "Cookie Man", "combo": []}, {"category": "Bakery, Cakes & Dairy", "sub_category_name": "Cookies, Rusk & Khari", "product_name": "Choc Chunk Cookies", "product_brand": "Cookie Man", "combo": []}, {"category": "Bakery, Cakes & Dairy", "sub_category_name": "Cookies, Rusk & Khari", "product_name": "Biscuits - Methi", "product_brand": "Creme De Fiesta", "combo": []}, {"category": "Bakery, Cakes & Dairy", "sub_category_name": "Cookies, Rusk & Khari", "product_name": "Khari - Diet", "product_brand": "Milkmade", "combo": []}, {"category": "Bakery, Cakes & Dairy", "sub_category_name": "Cookies, Rusk & Khari", "product_name": "Cookies - Bajri", "product_brand": "Creme De Fiesta", "combo": []}, {"category": "Bakery, Cakes & Dairy", "sub_category_name": "Cookies, Rusk & Khari", "product_name": "Spinach Garlic Triangle", "product_brand": "Creme De Fiesta", "combo": []}, {"category": "Bakery, Cakes & Dairy", "sub_category_name": "Cookies, Rusk & Khari", "product_name": "Toast - Whole Wheat, Milk", "product_brand": "Milkmade", "combo": []}, {"category": "Bakery, Cakes & Dairy", "sub_category_name": "Cookies, Rusk & Khari", "product_name": "Toast - Suzi", "product_brand": "Milkmade", "combo": []}, {"category": "Bakery, Cakes & Dairy", "sub_category_name": "Cookies, Rusk & Khari", "product_name": "Puneri Splecial Khari", "product_brand": "BakeLite", "combo": []}, {"category": "Bakery, Cakes & Dairy", "sub_category_name": "Cookies, Rusk & Khari", "product_name": "Cookies - Multigrain", "product_brand": "Creme De Fiesta", "combo": []}, {"category": "Bakery, Cakes & Dairy", "sub_category_name": "Cookies, Rusk & Khari", "product_name": "Khari - Maska", "product_brand": "Milkmade", "combo": []}, {"category": "Bakery, Cakes & Dairy", "sub_category_name": "Cookies, Rusk & Khari", "product_name": "Chatpata Bites", "product_brand": "Creme De Fiesta", "combo": []}, {"category": "Bakery, Cakes & Dairy", "sub_category_name": "Cookies, Rusk & Khari", "product_name": "Biscuits - Fruit", "product_brand": "Tasties", "combo": [["200 g", "75.00"], ["2X200gm", "150.00"]]}, {"category": "Bakery, Cakes & Dairy", "sub_category_name": "Cookies, Rusk & Khari", "product_name": "Almond Fingers", "product_brand": "Cookie Man", "combo": []}, {"category": "Bakery, Cakes & Dairy", "sub_category_name": "Cookies, Rusk & Khari", "product_name": "Brownie Brittle", "product_brand": "Cookie Man", "combo": []}, {"category": "Bakery, Cakes & Dairy", "sub_category_name": "Cookies, Rusk & Khari", "product_name": "Artisanal Cookies", "product_brand": "Cookie Man", "combo": []}, {"category": "Bakery, Cakes & Dairy", "sub_category_name": "Cookies, Rusk & Khari", "product_name": "Artisanal Cookies", "product_brand": "Cookie Man", "combo": []}, {"category": "Bakery, Cakes & Dairy", "sub_category_name": "Cookies, Rusk & Khari", "product_name": "Artisanal Cookies", "product_brand": "Cookie Man", "combo": []}, {"category": "Bakery, Cakes & Dairy", "sub_category_name": "Cookies, Rusk & Khari", "product_name": "Assorted Cookies - Fruit & Nut, Choc Chip", "product_brand": "Cookie Man", "combo": []}, {"category": "Bakery, Cakes & Dairy", "sub_category_name": "Cookies, Rusk & Khari", "product_name": "Assorted Cookies - Fruit & Nut, Choc Chip", "product_brand": "Cookie Man", "combo": []}, {"category": "Bakery, Cakes & Dairy", "sub_category_name": "Cookies, Rusk & Khari", "product_name": "Brandy Snap Cookies", "product_brand": "Cookie Man", "combo": []}, {"category": "Bakery, Cakes & Dairy", "sub_category_name": "Cookies, Rusk & Khari", "product_name": "Choc Chunk Cookies", "product_brand": "Cookie Man", "combo": []}, {"category": "Bakery, Cakes & Dairy", "sub_category_name": "Cookies, Rusk & Khari", "product_name": "Biscuits - Methi", "product_brand": "Creme De Fiesta", "combo": []}, {"category": "Bakery, Cakes & Dairy", "sub_category_name": "Cookies, Rusk & Khari", "product_name": "Khari - Diet", "product_brand": "Milkmade", "combo": []}, {"category": "Bakery, Cakes & Dairy", "sub_category_name": "Cookies, Rusk & Khari", "product_name": "Cookies - Bajri", "product_brand": "Creme De Fiesta", "combo": []}, {"category": "Bakery, Cakes & Dairy", "sub_category_name": "Cookies, Rusk & Khari", "product_name": "Spinach Garlic Triangle", "product_brand": "Creme De Fiesta", "combo": []}, {"category": "Bakery, Cakes & Dairy", "sub_category_name": "Cookies, Rusk & Khari", "product_name": "Toast - Whole Wheat, Milk", "product_brand": "Milkmade", "combo": []}, {"category": "Bakery, Cakes & Dairy", "sub_category_name": "Cookies, Rusk & Khari", "product_name": "Toast - Suzi", "product_brand": "Milkmade", "combo": []}, {"category": "Bakery, Cakes & Dairy", "sub_category_name": "Cookies, Rusk & Khari", "product_name": "Puneri Splecial Khari", "product_brand": "BakeLite", "combo": []}, {"category": "Bakery, Cakes & Dairy", "sub_category_name": "Cookies, Rusk & Khari", "product_name": "Cookies - Multigrain", "product_brand": "Creme De Fiesta", "combo": []}, {"category": "Bakery, Cakes & Dairy", "sub_category_name": "Cookies, Rusk & Khari", "product_name": "Khari - Maska", "product_brand": "Milkmade", "combo": []}, {"category": "Bakery, Cakes & Dairy", "sub_category_name": "Cookies, Rusk & Khari", "product_name": "Chatpata Bites", "product_brand": "Creme De Fiesta", "combo": []}, {"category": "Bakery, Cakes & Dairy", "sub_category_name": "Cookies, Rusk & Khari", "product_name": "Biscuits - Fruit", "product_brand": "Tasties", "combo": [["200 g", "75.00"], ["2X200gm", "150.00"]]}, {"category": "Bakery, Cakes & Dairy", "sub_category_name": "Cookies, Rusk & Khari", "product_name": "Almond Fingers", "product_brand": "Cookie Man", "combo": []}, {"category": "Bakery, Cakes & Dairy", "sub_category_name": "Cookies, Rusk & Khari", "product_name": "Brownie Brittle", "product_brand": "Cookie Man", "combo": []}, {"category": "Bakery, Cakes & Dairy", "sub_category_name": "Cookies, Rusk & Khari", "product_name": "Artisanal Cookies", "product_brand": "Cookie Man", "combo": []}, {"category": "Bakery, Cakes & Dairy", "sub_category_name": "Cookies, Rusk & Khari", "product_name": "Artisanal Cookies", "product_brand": "Cookie Man", "combo": []}, {"category": "Bakery, Cakes & Dairy", "sub_category_name": "Cookies, Rusk & Khari", "product_name": "Artisanal Cookies", "product_brand": "Cookie Man", "combo": []}, {"category": "Bakery, Cakes & Dairy", "sub_category_name": "Cookies, Rusk & Khari", "product_name": "Assorted Cookies - Fruit & Nut, Choc Chip", "product_brand": "Cookie Man", "combo": []}, {"category": "Bakery, Cakes & Dairy", "sub_category_name": "Cookies, Rusk & Khari", "product_name": "Assorted Cookies - Fruit & Nut, Choc Chip", "product_brand": "Cookie Man", "combo": []}, {"category": "Bakery, Cakes & Dairy", "sub_category_name": "Cookies, Rusk & Khari", "product_name": "Brandy Snap Cookies", "product_brand": "Cookie Man", "combo": []}, {"category": "Bakery, Cakes & Dairy", "sub_category_name": "Cookies, Rusk & Khari", "product_name": "Choc Chunk Cookies", "product_brand": "Cookie Man", "combo": []}, {"category": "Bakery, Cakes & Dairy", "sub_category_name": "Cookies, Rusk & Khari", "product_name": "Biscuits - Methi", "product_brand": "Creme De Fiesta", "combo": []}, {"category": "Bakery, Cakes & Dairy", "sub_category_name": "Cookies, Rusk & Khari", "product_name": "Khari - Diet", "product_brand": "Milkmade", "combo": []}, {"category": "Bakery, Cakes & Dairy", "sub_category_name": "Cookies, Rusk & Khari", "product_name": "Cookies - Bajri", "product_brand": "Creme De Fiesta", "combo": []}, {"category": "Bakery, Cakes & Dairy", "sub_category_name": "Cookies, Rusk & Khari", "product_name": "Spinach Garlic Triangle", "product_brand": "Creme De Fiesta", "combo": []}, {"category": "Bakery, Cakes & Dairy", "sub_category_name": "Cookies, Rusk & Khari", "product_name": "Toast - Whole Wheat, Milk", "product_brand": "Milkmade", "combo": []}, {"category": "Bakery, Cakes & Dairy", "sub_category_name": "Cookies, Rusk & Khari", "product_name": "Toast - Suzi", "product_brand": "Milkmade", "combo": []}, {"category": "Bakery, Cakes & Dairy", "sub_category_name": "Cookies, Rusk & Khari", "product_name": "Puneri Splecial Khari", "product_brand": "BakeLite", "combo": []}, {"category": "Bakery, Cakes & Dairy", "sub_category_name": "Cookies, Rusk & Khari", "product_name": "Cookies - Multigrain", "product_brand": "Creme De Fiesta", "combo": []}, {"category": "Bakery, Cakes & Dairy", "sub_category_name": "Cookies, Rusk & Khari", "product_name": "Khari - Maska", "product_brand": "Milkmade", "combo": []}, {"category": "Bakery, Cakes & Dairy", "sub_category_name": "Cookies, Rusk & Khari", "product_name": "Chatpata Bites", "product_brand": "Creme De Fiesta", "combo": []}, {"category": "Bakery, Cakes & Dairy", "sub_category_name": "Cookies, Rusk & Khari", "product_name": "Biscuits - Fruit", "product_brand": "Tasties", "combo": [["200 g", "75.00"], ["2X200gm", "150.00"]]}, {"category": "Bakery, Cakes & Dairy", "sub_category_name": "Cookies, Rusk & Khari", "product_name": "Almond Fingers", "product_brand": "Cookie Man", "combo": []}, {"category": "Bakery, Cakes & Dairy", "sub_category_name": "Cookies, Rusk & Khari", "product_name": "Brownie Brittle", "product_brand": "Cookie Man", "combo": []}, {"category": "Bakery, Cakes & Dairy", "sub_category_name": "Cookies, Rusk & Khari", "product_name": "Artisanal Cookies", "product_brand": "Cookie Man", "combo": []}, {"category": "Bakery, Cakes & Dairy", "sub_category_name": "Cookies, Rusk & Khari", "product_name": "Artisanal Cookies", "product_brand": "Cookie Man", "combo": []}, {"category": "Bakery, Cakes & Dairy", "sub_category_name": "Cookies, Rusk & Khari", "product_name": "Artisanal Cookies", "product_brand": "Cookie Man", "combo": []}, {"category": "Bakery, Cakes & Dairy", "sub_category_name": "Cookies, Rusk & Khari", "product_name": "Assorted Cookies - Fruit & Nut, Choc Chip", "product_brand": "Cookie Man", "combo": []}, {"category": "Bakery, Cakes & Dairy", "sub_category_name": "Cookies, Rusk & Khari", "product_name": "Assorted Cookies - Fruit & Nut, Choc Chip", "product_brand": "Cookie Man", "combo": []}, {"category": "Bakery, Cakes & Dairy", "sub_category_name": "Cookies, Rusk & Khari", "product_name": "Brandy Snap Cookies", "product_brand": "Cookie Man", "combo": []}, {"category": "Bakery, Cakes & Dairy", "sub_category_name": "Cookies, Rusk & Khari", "product_name": "Choc Chunk Cookies", "product_brand": "Cookie Man", "combo": []}, {"category": "Bakery, Cakes & Dairy", "sub_category_name": "Cookies, Rusk & Khari", "product_name": "Biscuits - Methi", "product_brand": "Creme De Fiesta", "combo": []}, {"category": "Bakery, Cakes & Dairy", "sub_category_name": "Cookies, Rusk & Khari", "product_name": "Khari - Diet", "product_brand": "Milkmade", "combo": []}, {"category": "Bakery, Cakes & Dairy", "sub_category_name": "Cookies, Rusk & Khari", "product_name": "Cookies - Bajri", "product_brand": "Creme De Fiesta", "combo": []}, {"category": "Bakery, Cakes & Dairy", "sub_category_name": "Cookies, Rusk & Khari", "product_name": "Spinach Garlic Triangle", "product_brand": "Creme De Fiesta", "combo": []}, {"category": "Bakery, Cakes & Dairy", "sub_category_name": "Cookies, Rusk & Khari", "product_name": "Toast - Whole Wheat, Milk", "product_brand": "Milkmade", "combo": []}, {"category": "Bakery, Cakes & Dairy", "sub_category_name": "Cookies, Rusk & Khari", "product_name": "Toast - Suzi", "product_brand": "Milkmade", "combo": []}, {"category": "Bakery, Cakes & Dairy", "sub_category_name": "Cookies, Rusk & Khari", "product_name": "Puneri Splecial Khari", "product_brand": "BakeLite", "combo": []}, {"category": "Bakery, Cakes & Dairy", "sub_category_name": "Cookies, Rusk & Khari", "product_name": "Cookies - Multigrain", "product_brand": "Creme De Fiesta", "combo": []}, {"category": "Bakery, Cakes & Dairy", "sub_category_name": "Cookies, Rusk & Khari", "product_name": "Khari - Maska", "product_brand": "Milkmade", "combo": []}, {"category": "Bakery, Cakes & Dairy", "sub_category_name": "Cookies, Rusk & Khari", "product_name": "Chatpata Bites", "product_brand": "Creme De Fiesta", "combo": []}, {"category": "Bakery, Cakes & Dairy", "sub_category_name": "Cookies, Rusk & Khari", "product_name": "Biscuits - Fruit", "product_brand": "Tasties", "combo": [["200 g", "75.00"], ["2X200gm", "150.00"]]}, {"category": "Bakery, Cakes & Dairy", "sub_category_name": "Cookies, Rusk & Khari", "product_name": "Almond Fingers", "product_brand": "Cookie Man", "combo": []}, {"category": "Bakery, Cakes & Dairy", "sub_category_name": "Cookies, Rusk & Khari", "product_name": "Brownie Brittle", "product_brand": "Cookie Man", "combo": []}, {"category": "Bakery, Cakes & Dairy", "sub_category_name": "Cookies, Rusk & Khari", "product_name": "Artisanal Cookies", "product_brand": "Cookie Man", "combo": []}, {"category": "Bakery, Cakes & Dairy", "sub_category_name": "Cookies, Rusk & Khari", "product_name": "Artisanal Cookies", "product_brand": "Cookie Man", "combo": []}, {"category": "Bakery, Cakes & Dairy", "sub_category_name": "Cookies, Rusk & Khari", "product_name": "Artisanal Cookies", "product_brand": "Cookie Man", "combo": []}, {"category": "Bakery, Cakes & Dairy", "sub_category_name": "Cookies, Rusk & Khari", "product_name": "Assorted Cookies - Fruit & Nut, Choc Chip", "product_brand": "Cookie Man", "combo": []}, {"category": "Bakery, Cakes & Dairy", "sub_category_name": "Cookies, Rusk & Khari", "product_name": "Assorted Cookies - Fruit & Nut, Choc Chip", "product_brand": "Cookie Man", "combo": []}, {"category": "Bakery, Cakes & Dairy", "sub_category_name": "Cookies, Rusk & Khari", "product_name": "Brandy Snap Cookies", "product_brand": "Cookie Man", "combo": []}, {"category": "Bakery, Cakes & Dairy", "sub_category_name": "Cookies, Rusk & Khari", "product_name": "Choc Chunk Cookies", "product_brand": "Cookie Man", "combo": []}, {"category": "Bakery, Cakes & Dairy", "sub_category_name": "Cookies, Rusk & Khari", "product_name": "Biscuits - Methi", "product_brand": "Creme De Fiesta", "combo": []}, {"category": "Bakery, Cakes & Dairy", "sub_category_name": "Cookies, Rusk & Khari", "product_name": "Khari - Diet", "product_brand": "Milkmade", "combo": []}, {"category": "Bakery, Cakes & Dairy", "sub_category_name": "Cookies, Rusk & Khari", "product_name": "Cookies - Bajri", "product_brand": "Creme De Fiesta", "combo": []}, {"category": "Bakery, Cakes & Dairy", "sub_category_name": "Cookies, Rusk & Khari", "product_name": "Spinach Garlic Triangle", "product_brand": "Creme De Fiesta", "combo": []}, {"category": "Bakery, Cakes & Dairy", "sub_category_name": "Cookies, Rusk & Khari", "product_name": "Toast - Whole Wheat, Milk", "product_brand": "Milkmade", "combo": []}, {"category": "Bakery, Cakes & Dairy", "sub_category_name": "Cookies, Rusk & Khari", "product_name": "Toast - Suzi", "product_brand": "Milkmade", "combo": []}, {"category": "Bakery, Cakes & Dairy", "sub_category_name": "Cookies, Rusk & Khari", "product_name": "Puneri Splecial Khari", "product_brand": "BakeLite", "combo": []}, {"category": "Bakery, Cakes & Dairy", "sub_category_name": "Cookies, Rusk & Khari", "product_name": "Cookies - Multigrain", "product_brand": "Creme De Fiesta", "combo": []}, {"category": "Bakery, Cakes & Dairy", "sub_category_name": "Cookies, Rusk & Khari", "product_name": "Khari - Maska", "product_brand": "Milkmade", "combo": []}, {"category": "Bakery, Cakes & Dairy", "sub_category_name": "Cookies, Rusk & Khari", "product_name": "Chatpata Bites", "product_brand": "Creme De Fiesta", "combo": []}, {"category": "Bakery, Cakes & Dairy", "sub_category_name": "Cookies, Rusk & Khari", "product_name": "Biscuits - Fruit", "product_brand": "Tasties", "combo": [["200 g", "75.00"], ["2X200gm", "150.00"]]}, {"category": "Bakery, Cakes & Dairy", "sub_category_name": "Cookies, Rusk & Khari", "product_name": "Almond Fingers", "product_brand": "Cookie Man", "combo": []}, {"category": "Bakery, Cakes & Dairy", "sub_category_name": "Cookies, Rusk & Khari", "product_name": "Brownie Brittle", "product_brand": "Cookie Man", "combo": []}, {"category": "Bakery, Cakes & Dairy", "sub_category_name": "Cookies, Rusk & Khari", "product_name": "Artisanal Cookies", "product_brand": "Cookie Man", "combo": []}, {"category": "Bakery, Cakes & Dairy", "sub_category_name": "Cookies, Rusk & Khari", "product_name": "Artisanal Cookies", "product_brand": "Cookie Man", "combo": []}, {"category": "Bakery, Cakes & Dairy", "sub_category_name": "Cookies, Rusk & Khari", "product_name": "Artisanal Cookies", "product_brand": "Cookie Man", "combo": []}, {"category": "Bakery, Cakes & Dairy", "sub_category_name": "Cookies, Rusk & Khari", "product_name": "Assorted Cookies - Fruit & Nut, Choc Chip", "product_brand": "Cookie Man", "combo": []}, {"category": "Bakery, Cakes & Dairy", "sub_category_name": "Cookies, Rusk & Khari", "product_name": "Assorted Cookies - Fruit & Nut, Choc Chip", "product_brand": "Cookie Man", "combo": []}, {"category": "Bakery, Cakes & Dairy", "sub_category_name": "Cookies, Rusk & Khari", "product_name": "Brandy Snap Cookies", "product_brand": "Cookie Man", "combo": []}, {"category": "Bakery, Cakes & Dairy", "sub_category_name": "Cookies, Rusk & Khari", "product_name": "Choc Chunk Cookies", "product_brand": "Cookie Man", "combo": []}, {"category": "Bakery, Cakes & Dairy", "sub_category_name": "Cookies, Rusk & Khari", "product_name": "Biscuits - Methi", "product_brand": "Creme De Fiesta", "combo": []}, {"category": "Bakery, Cakes & Dairy", "sub_category_name": "Cookies, Rusk & Khari", "product_name": "Khari - Diet", "product_brand": "Milkmade", "combo": []}, {"category": "Bakery, Cakes & Dairy", "sub_category_name": "Cookies, Rusk & Khari", "product_name": "Cookies - Bajri", "product_brand": "Creme De Fiesta", "combo": []}, {"category": "Bakery, Cakes & Dairy", "sub_category_name": "Cookies, Rusk & Khari", "product_name": "Spinach Garlic Triangle", "product_brand": "Creme De Fiesta", "combo": []}, {"category": "Bakery, Cakes & Dairy", "sub_category_name": "Cookies, Rusk & Khari", "product_name": "Toast - Whole Wheat, Milk", "product_brand": "Milkmade", "combo": []}, {"category": "Bakery, Cakes & Dairy", "sub_category_name": "Cookies, Rusk & Khari", "product_name": "Toast - Suzi", "product_brand": "Milkmade", "combo": []}, {"category": "Bakery, Cakes & Dairy", "sub_category_name": "Cookies, Rusk & Khari", "product_name": "Puneri Splecial Khari", "product_brand": "BakeLite", "combo": []}, {"category": "Bakery, Cakes & Dairy", "sub_category_name": "Cookies, Rusk & Khari", "product_name": "Cookies - Multigrain", "product_brand": "Creme De Fiesta", "combo": []}, {"category": "Bakery, Cakes & Dairy", "sub_category_name": "Cookies, Rusk & Khari", "product_name": "Khari - Maska", "product_brand": "Milkmade", "combo": []}, {"category": "Bakery, Cakes & Dairy", "sub_category_name": "Cookies, Rusk & Khari", "product_name": "Chatpata Bites", "product_brand": "Creme De Fiesta", "combo": []}, {"category": "Bakery, Cakes & Dairy", "sub_category_name": "Cookies, Rusk & Khari", "product_name": "Biscuits - Fruit", "product_brand": "Tasties", "combo": [["200 g", "75.00"], ["2X200gm", "150.00"]]}, {"category": "Bakery, Cakes & Dairy", "sub_category_name": "Cookies, Rusk & Khari", "product_name": "Khari - Masala", "product_brand": "Tasties", "combo": [["2x200 g", "150.10"], ["200 g", "79.00"]]}, {"category": "Bakery, Cakes & Dairy", "sub_category_name": "Cookies, Rusk & Khari", "product_name": "Traditional butter cookies - Cardamom, Crunchy", "product_brand": "Fresho Signature", "combo": []}, {"category": "Bakery, Cakes & Dairy", "sub_category_name": "Cookies, Rusk & Khari", "product_name": "Cookies - Shrewsbrury", "product_brand": "Milkmade", "combo": []}, {"category": "Bakery, Cakes & Dairy", "sub_category_name": "Cookies, Rusk & Khari", "product_name": "Biscuits - Cheese", "product_brand": "Creme De Fiesta", "combo": []}, {"category": "Bakery, Cakes & Dairy", "sub_category_name": "Cookies, Rusk & Khari", "product_name": "Cookies - Badam Pista", "product_brand": "Milkmade", "combo": []}, {"category": "Bakery, Cakes & Dairy", "sub_category_name": "Cookies, Rusk & Khari", "product_name": "Khari - Jeera", "product_brand": "Tasties", "combo": [["2x200 g", "150.10"], ["200 g", "79.00"]]}, {"category": "Bakery, Cakes & Dairy", "sub_category_name": "Cookies, Rusk & Khari", "product_name": "Assorted Eggless Cookies", "product_brand": "Fresho Signature", "combo": []}, {"category": "Bakery, Cakes & Dairy", "sub_category_name": "Cookies, Rusk & Khari", "product_name": "Rusk - Ragi", "product_brand": "Tasties", "combo": [["2x200 g", "93.10"], ["200 g", "49.00"]]}, {"category": "Bakery, Cakes & Dairy", "sub_category_name": "Cookies, Rusk & Khari", "product_name": "Premium Bake Rusk", "product_brand": "Britannia", "combo": [["273 g", "30.25"], ["2x273 g", "60.50"]]}, {"category": "Bakery, Cakes & Dairy", "sub_category_name": "Cookies, Rusk & Khari", "product_name": "Rusk - Suji & Elaichi", "product_brand": "Tasties", "combo": [["200 g", "49.00"], ["2x200 g", "93.10"]]}, {"category": "Bakery, Cakes & Dairy", "sub_category_name": "Cookies, Rusk & Khari", "product_name": "Cookies - Honey & Oats, Chewy", "product_brand": "Fresho Signature", "combo": []}, {"category": "Bakery, Cakes & Dairy", "sub_category_name": "Cookies, Rusk & Khari", "product_name": "Biscotti - Chocolate Cashew", "product_brand": "Fresho Signature", "combo": []}, {"category": "Bakery, Cakes & Dairy", "sub_category_name": "Cookies, Rusk & Khari", "product_name": "Butter Crunch Cookies", "product_brand": "The Baker's Dozen", "combo": []}, {"category": "Bakery, Cakes & Dairy", "sub_category_name": "Cookies, Rusk & Khari", "product_name": "Khari - Methi", "product_brand": "Tasties", "combo": [["200 g", "79.00"], ["2x200 g", "150.10"]]}, {"category": "Bakery, Cakes & Dairy", "sub_category_name": "Cookies, Rusk & Khari", "product_name": "Coconut Rice Crisps Cookies", "product_brand": "Fresho Signature", "combo": []}, {"category": "Bakery, Cakes & Dairy", "sub_category_name": "Cookies, Rusk & Khari", "product_name": "Toast - Mini", "product_brand": "Nafees", "combo": [["200 g", "42.00"], ["400 g", "80.00"]]}, {"category": "Bakery, Cakes & Dairy", "sub_category_name": "Cookies, Rusk & Khari", "product_name": "Cashew Cookies", "product_brand": "The Baker's Dozen", "combo": []}, {"category": "Bakery, Cakes & Dairy", "sub_category_name": "Cookies, Rusk & Khari", "product_name": "Cookies - Whole Wheat, Multigrain", "product_brand": "Fresho Signature", "combo": []}, {"category": "Bakery, Cakes & Dairy", "sub_category_name": "Cookies, Rusk & Khari", "product_name": "Bake Rusk Toast", "product_brand": "Britannia", "combo": [["200 g", "21.38"], ["72 g", "10.00"], ["6x63 g", "60.00"], ["12x63 g", "120.00"]]}, {"category": "Bakery, Cakes & Dairy", "sub_category_name": "Cookies, Rusk & Khari", "product_name": "Cookies - Shrewsbury", "product_brand": "Fresho Signature", "combo": []}, {"category": "Bakery, Cakes & Dairy", "sub_category_name": "Cookies, Rusk & Khari", "product_name": "French Heart", "product_brand": "Tasties", "combo": []}, {"category": "Bakery, Cakes & Dairy", "sub_category_name": "Cookies, Rusk & Khari", "product_name": "Milk Rusk", "product_brand": "Tasties", "combo": [["2x200 g", "93.10"], ["200 g", "49.00"]]}, {"category": "Bakery, Cakes & Dairy", "sub_category_name": "Cookies, Rusk & Khari", "product_name": "Biscotti - Cranberry", "product_brand": "Fresho Signature", "combo": []}, {"category": "Bakery, Cakes & Dairy", "sub_category_name": "Cookies, Rusk & Khari", "product_name": "Cookies - Kaju", "product_brand": "Milkmade", "combo": []}, {"category": "Bakery, Cakes & Dairy", "sub_category_name": "Cookies, Rusk & Khari", "product_name": "Chocobakes Choc Filled Cookies", "product_brand": "Cadbury", "combo": [["150 g", "57.00"], ["2x150 g", "102.60"]]}, {"category": "Bakery, Cakes & Dairy", "sub_category_name": "Cookies, Rusk & Khari", "product_name": "Khari - Ajwain", "product_brand": "Tasties", "combo": [["200 g", "79.00"], ["2x200 g", "150.10"]]}, {"category": "Bakery, Cakes & Dairy", "sub_category_name": "Cookies, Rusk & Khari", "product_name": "Cookies - Peanut Butter, Eggless", "product_brand": "Fresho Signature", "combo": []}, {"category": "Bakery, Cakes & Dairy", "sub_category_name": "Cookies, Rusk & Khari", "product_name": "Biscotti - Pista", "product_brand": "Fresho Signature", "combo": []}, {"category": "Bakery, Cakes & Dairy", "sub_category_name": "Cookies, Rusk & Khari", "product_name": "Cookies - Butterscotch", "product_brand": "Milkmade", "combo": []}, {"category": "Bakery, Cakes & Dairy", "sub_category_name": "Cookies, Rusk & Khari", "product_name": "Vanilla Dark Chocolate Dipped Cookies", "product_brand": "Fresho Signature", "combo": []}, {"category": "Bakery, Cakes & Dairy", "sub_category_name": "Cookies, Rusk & Khari", "product_name": "Chocobakes Choc Filled Cookies", "product_brand": "Cadbury", "combo": [["3x75 g", "90.00"], ["75 g", "30.00"]]}, {"category": "Bakery, Cakes & Dairy", "sub_category_name": "Cookies, Rusk & Khari", "product_name": "Danish Butter Cookies", "product_brand": "Fresho Signature", "combo": []}, {"category": "Bakery, Cakes & Dairy", "sub_category_name": "Cookies, Rusk & Khari", "product_name": "Centre Filled Cookie - Dark Chocolate", "product_brand": "Fresho Signature", "combo": []}, {"category": "Bakery, Cakes & Dairy", "sub_category_name": "Cookies, Rusk & Khari", "product_name": "Center Filled Cookie - Coffee", "product_brand": "Fresho Signature", "combo": []}, {"category": "Bakery, Cakes & Dairy", "sub_category_name": "Cookies, Rusk & Khari", "product_name": "Toast - Special Milk", "product_brand": "Nafees", "combo": []}, {"category": "Bakery, Cakes & Dairy", "sub_category_name": "Cookies, Rusk & Khari", "product_name": "Cinnamon Milk Chocolate Dipped Cookies", "product_brand": "Fresho Signature", "combo": []}, {"category": "Bakery, Cakes & Dairy", "sub_category_name": "Cookies, Rusk & Khari", "product_name": "Choco Chip Banana Cookies", "product_brand": "FabBox", "combo": []}, {"category": "Bakery, Cakes & Dairy", "sub_category_name": "Cookies, Rusk & Khari", "product_name": "Belgian Chocolate Cookies", "product_brand": "FabBox", "combo": []}, {"category": "Bakery, Cakes & Dairy", "sub_category_name": "Cookies, Rusk & Khari", "product_name": "Khatai - Badam", "product_brand": "Tasties", "combo": []}, {"category": "Bakery, Cakes & Dairy", "sub_category_name": "Cookies, Rusk & Khari", "product_name": "Khatai - Two In One", "product_brand": "Tasties", "combo": []}, {"category": "Bakery, Cakes & Dairy", "sub_category_name": "Cookies, Rusk & Khari", "product_name": "Cookies - Honey & Corn Flakes", "product_brand": "Tasties", "combo": []}, {"category": "Bakery, Cakes & Dairy", "sub_category_name": "Cookies, Rusk & Khari", "product_name": "Mini Cookies - Cardamom", "product_brand": "Fresho Signature", "combo": []}, {"category": "Bakery, Cakes & Dairy", "sub_category_name": "Cookies, Rusk & Khari", "product_name": "Cake Rusk - Plain", "product_brand": "Fresho Signature", "combo": []}, {"category": "Bakery, Cakes & Dairy", "sub_category_name": "Cookies, Rusk & Khari", "product_name": "Khari - Special", "product_brand": "Nafees", "combo": []}, {"category": "Bakery, Cakes & Dairy", "sub_category_name": "Cookies, Rusk & Khari", "product_name": "Khatai - Mango", "product_brand": "Tasties", "combo": []}, {"category": "Bakery, Cakes & Dairy", "sub_category_name": "Cookies, Rusk & Khari", "product_name": "Cookies - Dry Fruit", "product_brand": "Tasties", "combo": []}, {"category": "Bakery, Cakes & Dairy", "sub_category_name": "Cookies, Rusk & Khari", "product_name": "Cookies - Nuts & Berry", "product_brand": "Tasties", "combo": []}, {"category": "Bakery, Cakes & Dairy", "sub_category_name": "Cookies, Rusk & Khari", "product_name": "Pistachio Biscuit Sticks", "product_brand": "Fresho Signature", "combo": []}, {"category": "Bakery, Cakes & Dairy", "sub_category_name": "Cookies, Rusk & Khari", "product_name": "Coconut Oats Cookies", "product_brand": "The Baker's Dozen", "combo": []}, {"category": "Bakery, Cakes & Dairy", "sub_category_name": "Cookies, Rusk & Khari", "product_name": "Marble Cookies", "product_brand": "The Baker's Dozen", "combo": []}, {"category": "Bakery, Cakes & Dairy", "sub_category_name": "Cookies, Rusk & Khari", "product_name": "Cookies - Atta Desi Ghee", "product_brand": "Tasties", "combo": []}, {"category": "Bakery, Cakes & Dairy", "sub_category_name": "Cookies, Rusk & Khari", "product_name": "Rusk Real Elaichi", "product_brand": "Parle", "combo": []}, {"category": "Bakery, Cakes & Dairy", "sub_category_name": "Cookies, Rusk & Khari", "product_name": "Choco Pie - Chocolate Coated Soft Biscuit, Festive Gift Pack", "product_brand": "Orion", "combo": [["6x12 pcs", "1019.96"], ["12 pcs", "190.00"], ["3x12 pcs", "541.50"]]}, {"category": "Bakery, Cakes & Dairy", "sub_category_name": "Cookies, Rusk & Khari", "product_name": "Fresho Signature Plain Bread Stick 100G + Happy Chef Pasta Sauce Arrabiata 270G", "product_brand": "bb Combo", "combo": []}, {"category": "Bakery, Cakes & Dairy", "sub_category_name": "Cookies, Rusk & Khari", "product_name": "Fresho Signature Spicy Cheesey Straw 100G + Happy Chef Mayonnaise Eggless 250G", "product_brand": "bb Combo", "combo": []}, {"category": "Bakery, Cakes & Dairy", "sub_category_name": "Cookies, Rusk & Khari", "product_name": "Rusk - Muesli", "product_brand": "Tasties", "combo": [["200 g", "49.00"], ["2x200 g", "93.10"]]}, {"category": "Bakery, Cakes & Dairy", "sub_category_name": "Cookies, Rusk & Khari", "product_name": "Rusk - Jeera", "product_brand": "Tasties", "combo": [["200 g", "49.00"], ["2x200 g", "93.10"]]}, {"category": "Bakery, Cakes & Dairy", "sub_category_name": "Cookies, Rusk & Khari", "product_name": "Mini Cookies - Paprika", "product_brand": "Fresho Signature", "combo": []}, {"category": "Bakery, Cakes & Dairy", "sub_category_name": "Cookies, Rusk & Khari", "product_name": "Premium Coconut Cookies", "product_brand": "FabBox", "combo": []}, {"category": "Bakery, Cakes & Dairy", "sub_category_name": "Cookies, Rusk & Khari", "product_name": "Mini Cookies - Lemon", "product_brand": "Fresho Signature", "combo": []}]