[{"category": "Beauty & Hygiene", "sub_category_name": "Skin Care", "product_name": "Intensive Care Deep Restore 400+200 Ml", "product_brand": "Vaseline", "combo": []}, {"category": "Beauty & Hygiene", "sub_category_name": "Skin Care", "product_name": "Intensive Care Deep Restore Body Lotion", "product_brand": "Vaseline", "combo": [["100 ml", "75.00"], ["20 ml", "10.00"], ["2x400 ml", "413.79"], ["400 ml", "220.10"], ["3x400 ml", "594.27"], ["200 ml", "159.20"], ["600 ml", "399.00"], ["40 ml", "49.00"]]}, {"category": "Beauty & Hygiene", "sub_category_name": "Skin Care", "product_name": "Body Lotion - Nourishing Body Milk, For Very Dry Skin", "product_brand": "Nivea", "combo": [["3x400 ml", "721.79"], ["400 ml", "267.33"]]}, {"category": "Beauty & Hygiene", "sub_category_name": "Skin Care", "product_name": "Intensive Care Cocoa Glow Body Lotion", "product_brand": "Vaseline", "combo": [["100 ml", "95.00"], ["2x400 ml", "472.35"], ["400 ml", "251.25"], ["3x400 ml", "678.38"]]}, {"category": "Beauty & Hygiene", "sub_category_name": "Skin Care", "product_name": "Purifying Neem Face Wash", "product_brand": "Himalaya", "combo": [["150 ml", "135.00"], ["3x150 ml", "405.00"]]}, {"category": "Beauty & Hygiene", "sub_category_name": "Skin Care", "product_name": "Aloe Aqua Pure Aloe Vera Gel", "product_brand": "Iba", "combo": []}, {"category": "Beauty & Hygiene", "sub_category_name": "Skin Care", "product_name": "Invisible Sunscreen SPF 50", "product_brand": "Iba", "combo": []}, {"category": "Beauty & Hygiene", "sub_category_name": "Skin Care", "product_name": "Blush & Glow Strawberry Sheet Mask", "product_brand": "Lakme", "combo": []}, {"category": "Beauty & Hygiene", "sub_category_name": "Skin Care", "product_name": "Blush & Glow Pomegranate Sheet Mask", "product_brand": "Lakme", "combo": []}, {"category": "Beauty & Hygiene", "sub_category_name": "Skin Care", "product_name": "Sun Expert After Sun Cooling Gel", "product_brand": "Lakme", "combo": []}, {"category": "Beauty & Hygiene", "sub_category_name": "Skin Care", "product_name": "Face Wash - Glow & Exfoliating", "product_brand": "Iba", "combo": []}, {"category": "Beauty & Hygiene", "sub_category_name": "Skin Care", "product_name": "Face Wash - Fairness", "product_brand": "Iba", "combo": []}, {"category": "Beauty & Hygiene", "sub_category_name": "Skin Care", "product_name": "Face Wash - Fairness Facial", "product_brand": "Iba", "combo": []}, {"category": "Beauty & Hygiene", "sub_category_name": "Skin Care", "product_name": "Aloe Aqua Face Wash + Makeup Remover", "product_brand": "Iba", "combo": []}, {"category": "Beauty & Hygiene", "sub_category_name": "Skin Care", "product_name": "Wet Wipes - Germ Protection On the Go", "product_brand": "Lifebuoy", "combo": [["50 pulls", "150.00"], ["20 pulls", "80.00"]]}, {"category": "Beauty & Hygiene", "sub_category_name": "Skin Care", "product_name": "Anti-bacterial Skin Wipes - Kills 99.9% Germs and Moisturizes Skin, Suitable for Men, Women & Children, No Alcohol Wet Tissue", "product_brand": "Godrej Protekt", "combo": []}, {"category": "Beauty & Hygiene", "sub_category_name": "Skin Care", "product_name": "Natural Moisture Body Lotion With Almonds", "product_brand": "Parachute Advansed", "combo": [["400 ml", "168.00"], ["250 ml", "120.00"]]}, {"category": "Beauty & Hygiene", "sub_category_name": "Skin Care", "product_name": "Radiant Glow Body Lotion With Saffron & Turmeric", "product_brand": "Parachute Advansed", "combo": [["400 ml", "186.00"], ["250 ml", "132.00"]]}, {"category": "Beauty & Hygiene", "sub_category_name": "Skin Care", "product_name": "Olive & Almond Body Oil For Nourished Glowing Skin", "product_brand": "Parachute Advansed", "combo": [["200 ml", "108.00"], ["400 ml", "200.00"]]}, {"category": "Beauty & Hygiene", "sub_category_name": "Skin Care", "product_name": "Blush & Glow Berry Smash Gel Face Wash With Berries Extracts", "product_brand": "Lakme", "combo": []}, {"category": "Beauty & Hygiene", "sub_category_name": "Skin Care", "product_name": "Sun Expert De Tan Scrub", "product_brand": "Lakme", "combo": []}, {"category": "Beauty & Hygiene", "sub_category_name": "Skin Care", "product_name": "Blush & Glow Berry Smash Gel Face Wash With Berries Extracts", "product_brand": "Lakme", "combo": []}, {"category": "Beauty & Hygiene", "sub_category_name": "Skin Care", "product_name": "Body Cocoon Intense Moisturising Lotion", "product_brand": "Garnier", "combo": [["250 ml", "199.20"], ["400 ml", "281.25"]]}, {"category": "Beauty & Hygiene", "sub_category_name": "Skin Care", "product_name": "Aloe Protection SPF 15 Body Lotion", "product_brand": "Nivea", "combo": []}, {"category": "Beauty & Hygiene", "sub_category_name": "Skin Care", "product_name": "Aloe Protection SPF 15 Body Lotion", "product_brand": "Nivea", "combo": []}, {"category": "Beauty & Hygiene", "sub_category_name": "Skin Care", "product_name": "Nourish Body Milk 400Ml+ Soft Light Moisturiser 200 Ml", "product_brand": "Nivea", "combo": []}, {"category": "Beauty & Hygiene", "sub_category_name": "Skin Care", "product_name": "Soft-Light Moisturising Cream", "product_brand": "Nivea", "combo": [["3x300 ml", "754.11"], ["300 ml", "279.30"], ["200 ml", "248.00"]]}, {"category": "Beauty & Hygiene", "sub_category_name": "Skin Care", "product_name": "Gulabari Premium Rose Water - Paraben Free Skin Toner", "product_brand": "Dabur", "combo": [["250 ml", "62.25"], ["120 ml", "40.50"]]}, {"category": "Beauty & Hygiene", "sub_category_name": "Skin Care", "product_name": "Healthy White 200 ml + Intensive Deep Care 400 ml", "product_brand": "Vaseline", "combo": []}, {"category": "Beauty & Hygiene", "sub_category_name": "Skin Care", "product_name": "Revitalift Crystal Micro-Essence", "product_brand": "Loreal Paris", "combo": [["22 ml", "237.50"], ["130 ml", "1400.00"], ["65 ml", "719.10"]]}, {"category": "Beauty & Hygiene", "sub_category_name": "Skin Care", "product_name": "Intensive Care Aloe Fresh Body Lotion", "product_brand": "Vaseline", "combo": [["100 ml", "95.00"], ["200 ml", "191.25"], ["400 ml", "255.60"], ["3x400 ml", "690.12"], ["2x400 ml", "480.53"]]}, {"category": "Beauty & Hygiene", "sub_category_name": "Skin Care", "product_name": "Foaming Face Wash", "product_brand": "Clean & Clear", "combo": [["2x150 ml", "236.88"], ["150 ml", "126.00"]]}, {"category": "Beauty & Hygiene", "sub_category_name": "Skin Care", "product_name": "Triple Vitamin Moisturising Body Lotion", "product_brand": "Ponds", "combo": [["100 ml", "80.00"], ["2x300 ml", "360.40"], ["300 ml", "191.70"], ["3x300 ml", "517.59"]]}, {"category": "Beauty & Hygiene", "sub_category_name": "Skin Care", "product_name": "Shea Smooth 400 ml+ Aloe 200 ml", "product_brand": "Nivea", "combo": []}, {"category": "Beauty & Hygiene", "sub_category_name": "Skin Care", "product_name": "Almond Hair Oil 500ml+Gulabari Premium Rose Water-Paraben Free Skin Toner 250ml", "product_brand": "Dabur", "combo": []}, {"category": "Beauty & Hygiene", "sub_category_name": "Skin Care", "product_name": "Purifying Neem Face Wash", "product_brand": "Himalaya", "combo": [["50 ml", "60.45"], ["100 ml", "108.00"], ["2x300 ml", "374.00"], ["300 ml", "187.00"], ["200 ml", "168.00"]]}, {"category": "Beauty & Hygiene", "sub_category_name": "Skin Care", "product_name": "Body Lotion - Shea Smooth Milk, For Dry Skin", "product_brand": "Nivea", "combo": [["200 ml", "247.50"], ["120 ml", "126.65"], ["400 ml", "262.50"], ["3x400 ml", "708.75"]]}, {"category": "Beauty & Hygiene", "sub_category_name": "Skin Care", "product_name": "UV Protect 200 Ml+ Soft 300 ML", "product_brand": "Nivea", "combo": []}, {"category": "Beauty & Hygiene", "sub_category_name": "Skin Care", "product_name": "Dabur Almond Hair Oil 500 ml + Himalaya Purifying Neem Face Wash 150 ml", "product_brand": "bb Combo", "combo": []}, {"category": "Beauty & Hygiene", "sub_category_name": "Skin Care", "product_name": "Body Lotion - Aloe Hydration, For Normal Skin", "product_brand": "Nivea", "combo": [["400 ml", "284.75"], ["200 ml", "233.75"], ["2x400 ml", "535.33"], ["3x400 ml", "768.83"]]}, {"category": "Beauty & Hygiene", "sub_category_name": "Skin Care", "product_name": "Sun + Pollution Protection SPF 30 Body Lotion", "product_brand": "Vaseline", "combo": [["3x400 ml", "690.12"], ["100 ml", "135.00"], ["2x400 ml", "480.53"], ["400 ml", "255.60"]]}, {"category": "Beauty & Hygiene", "sub_category_name": "Skin Care", "product_name": "UV Protect 200 ml+ Shea Smooth 400 ml", "product_brand": "Nivea", "combo": []}, {"category": "Beauty & Hygiene", "sub_category_name": "Skin Care", "product_name": "Cocoa Nourish Oil-In-Lotion", "product_brand": "Nivea", "combo": [["400 ml", "276.00"], ["2x400 ml", "518.88"]]}, {"category": "Beauty & Hygiene", "sub_category_name": "Skin Care", "product_name": "Cocoa Butter Intensive Body Lotion", "product_brand": "Himalaya", "combo": [["2x400 ml", "447.44"], ["100 ml", "81.60"], ["200 ml", "127.72"], ["400 ml", "238.00"], ["3x400 ml", "642.60"]]}, {"category": "Beauty & Hygiene", "sub_category_name": "Skin Care", "product_name": "Original Pure Skin Jelly", "product_brand": "Vaseline", "combo": [["250 g", "306.00"], ["100 ml", "125.00"], ["42 g", "75.00"], ["20 g", "42.00"]]}, {"category": "Beauty & Hygiene", "sub_category_name": "Skin Care", "product_name": "Aloe 200ml+Cocoa Nourish 400 ml", "product_brand": "Nivea", "combo": []}, {"category": "Beauty & Hygiene", "sub_category_name": "Skin Care", "product_name": "Advanced Multivitamin Face Cream", "product_brand": "Glow & Lovely", "combo": [["9 g", "9.00"], ["80 g", "155.00"], ["50 g", "102.00"]]}, {"category": "Beauty & Hygiene", "sub_category_name": "Skin Care", "product_name": "Skin Cream - Turmeric (Ayurvedic Medicine)", "product_brand": "Vicco", "combo": [["70 g", "235.00"], ["30 g", "188.00"], ["30 g", "125.00"]]}, {"category": "Beauty & Hygiene", "sub_category_name": "Skin Care", "product_name": "Day Cream With SPF 20+, Whitening & Tightening Face Cream With Moringa & Pomegranate Oil", "product_brand": "Mamaearth", "combo": []}, {"category": "Beauty & Hygiene", "sub_category_name": "Skin Care", "product_name": "Oil Free Moisturiser For Face With Apple Cider Vinegar For Acne Prone Skin", "product_brand": "Mamaearth", "combo": []}, {"category": "Beauty & Hygiene", "sub_category_name": "Skin Care", "product_name": "Skin Illuminate Vitamin C Serum For Radiant Skin with High Potency Vitamin C & Turmeric", "product_brand": "Mamaearth", "combo": []}, {"category": "Beauty & Hygiene", "sub_category_name": "Skin Care", "product_name": "Anti-Pollution Daily Face Cream, For Dry & Oily Skin, For a Bright Glowing Skin", "product_brand": "Mamaearth", "combo": []}, {"category": "Beauty & Hygiene", "sub_category_name": "Skin Care", "product_name": "Ubtan Body Butter, For Dry Skin, With Turmeric & Honey, For Deep Nourishment", "product_brand": "Mamaearth", "combo": []}, {"category": "Beauty & Hygiene", "sub_category_name": "Skin Care", "product_name": "Ultra Light Indian Sunscreen", "product_brand": "Mamaearth", "combo": []}, {"category": "Beauty & Hygiene", "sub_category_name": "Skin Care", "product_name": "Aloe Turmeric Gel From 100% Pure Aloe Vera Plant For Skin & Hair With Vitamin E", "product_brand": "Mamaearth", "combo": [["150 ml", "249.00"], ["300 ml", "399.00"]]}, {"category": "Beauty & Hygiene", "sub_category_name": "Skin Care", "product_name": "Bye Bye Blemishes Face Cream - For Pigmentation & Blemish Removal", "product_brand": "Mamaearth", "combo": []}, {"category": "Beauty & Hygiene", "sub_category_name": "Skin Care", "product_name": "Bye Bye Dark Circles - Under Eye Cream For Dark Circles, With Cucumber & Peptide", "product_brand": "Mamaearth", "combo": []}, {"category": "Beauty & Hygiene", "sub_category_name": "Skin Care", "product_name": "Aloe Vera Gel With Pure Aloe Vera & Vitamin E For Skin & Hair", "product_brand": "Mamaearth", "combo": []}, {"category": "Beauty & Hygiene", "sub_category_name": "Skin Care", "product_name": "CoCo Body Butter For Dry Skin - With Coffee & Cocoa for Deep Moisturisation", "product_brand": "Mamaearth", "combo": []}, {"category": "Beauty & Hygiene", "sub_category_name": "Skin Care", "product_name": "Skin Correct Face Serum With Niacinamide & Ginger Extract For Acne Marks & Scars", "product_brand": "Mamaearth", "combo": []}, {"category": "Beauty & Hygiene", "sub_category_name": "Skin Care", "product_name": "Creme - All Season Multi-Purpose Cream", "product_brand": "Nivea", "combo": [["100 ml", "142.00"], ["200 ml", "263.50"]]}, {"category": "Beauty & Hygiene", "sub_category_name": "Skin Care", "product_name": "Daily Face Care Lotion Oil Balance - Combination To Normal Skin", "product_brand": "Lacto Calamine", "combo": [["30 ml", "66.75"], ["2x30 ml", "126.83"], ["120 ml", "158.00"]]}, {"category": "Beauty & Hygiene", "sub_category_name": "Skin Care", "product_name": "Soft - Light Moisturising Cream", "product_brand": "Nivea", "combo": []}, {"category": "Beauty & Hygiene", "sub_category_name": "Skin Care", "product_name": "Cream - Antiseptic, Ayurvedic", "product_brand": "Boroplus", "combo": []}, {"category": "Beauty & Hygiene", "sub_category_name": "Skin Care", "product_name": "Pure White Anti Pollution Activated Charcoal Face Wash", "product_brand": "Ponds", "combo": [["100 g", "152.00"], ["200 g", "270.00"], ["50 g", "95.00"]]}, {"category": "Beauty & Hygiene", "sub_category_name": "Skin Care", "product_name": "Face Wash - Dark Spot Reduction, 10x Vitamin C, 50ml", "product_brand": "Nivea Men", "combo": []}, {"category": "Beauty & Hygiene", "sub_category_name": "Skin Care", "product_name": "Derma Care Advanced Repair Body Lotion", "product_brand": "Vaseline", "combo": [["100 ml", "140.00"], ["400 ml", "266.25"], ["3x400 ml", "718.88"], ["2x400 ml", "500.55"]]}, {"category": "Beauty & Hygiene", "sub_category_name": "Skin Care", "product_name": "Deep Nourish Body Lotion", "product_brand": "Parachute Advansed", "combo": [["2x400 ml", "337.27"], ["400 ml", "179.40"]]}, {"category": "Beauty & Hygiene", "sub_category_name": "Skin Care", "product_name": "Face Wash - All In One, 10x Vitamin C", "product_brand": "Nivea Men", "combo": [["50 g", "106.00"], ["3x100 g", "562.50"], ["100 g", "187.50"]]}, {"category": "Beauty & Hygiene", "sub_category_name": "Skin Care", "product_name": "Gentle Exfoliating Apricot Scrub", "product_brand": "Himalaya", "combo": [["100 g", "121.50"], ["2x100 g", "243.00"]]}, {"category": "Beauty & Hygiene", "sub_category_name": "Skin Care", "product_name": "Healthy Bright Daily Brightening Body Lotion", "product_brand": "Vaseline", "combo": [["2x400 ml", "480.53"], ["100 ml", "95.00"], ["400 ml", "255.60"]]}, {"category": "Beauty & Hygiene", "sub_category_name": "Skin Care", "product_name": "Total Effects 7-In-1 - Anti-Ageing Skin Cream Moisturizer, Normal", "product_brand": "Olay", "combo": []}, {"category": "Beauty & Hygiene", "sub_category_name": "Skin Care", "product_name": "Body Lotion - Express Hydration, For Normal Skin", "product_brand": "Nivea", "combo": [["3x400 ml", "700.24"], ["400 ml", "259.35"], ["200 ml", "211.65"]]}, {"category": "Beauty & Hygiene", "sub_category_name": "Skin Care", "product_name": "White Beauty Spot-less Fairness & Germ Removal Face Wash", "product_brand": "Ponds", "combo": [["100 g", "119.00"], ["200 g", "243.75"], ["150 g", "144.00"], ["50 g", "73.47"]]}, {"category": "Beauty & Hygiene", "sub_category_name": "Skin Care", "product_name": "Cocoa Nourish Oil-In-Lotion 400 ml + Cocoa Nourish Oil-In-Lotion 120 ml", "product_brand": "Nivea", "combo": []}, {"category": "Beauty & Hygiene", "sub_category_name": "Skin Care", "product_name": "Cocoa Butter Lotions (400+200 ml)", "product_brand": "Himalaya", "combo": []}, {"category": "Beauty & Hygiene", "sub_category_name": "Skin Care", "product_name": "Oil Clear Lemon Face Wash", "product_brand": "Himalaya", "combo": [["100 ml", "111.60"], ["50 ml", "65.00"]]}, {"category": "Beauty & Hygiene", "sub_category_name": "Skin Care", "product_name": "White Beauty Spot-less Fairness Day Cream", "product_brand": "Ponds", "combo": []}, {"category": "Beauty & Hygiene", "sub_category_name": "Skin Care", "product_name": "Purifying Neem Pack", "product_brand": "Himalaya", "combo": [["100 g", "121.50"], ["2x100 g", "243.00"]]}, {"category": "Beauty & Hygiene", "sub_category_name": "Skin Care", "product_name": "Natural Glow Kesar Face Wash", "product_brand": "Himalaya", "combo": []}, {"category": "Beauty & Hygiene", "sub_category_name": "Skin Care", "product_name": "Aloe Vera Skin Gel", "product_brand": "Green Leaf", "combo": [["500 g", "304.00"], ["2x500 g", "608.00"], ["120 g", "96.00"], ["2x120 g", "192.00"]]}, {"category": "Beauty & Hygiene", "sub_category_name": "Skin Care", "product_name": "Refreshing Wet Wipes - Citrus", "product_brand": "bigbasket", "combo": []}, {"category": "Beauty & Hygiene", "sub_category_name": "Skin Care", "product_name": "Specialist Skin Care Oil - Scars, Stretch Mark, Ageing, Uneven Skin Tone", "product_brand": "Bio-Oil", "combo": [["60 ml", "337.50"], ["200 ml", "900.00"], ["125 ml", "525.00"], ["2x60 ml", "630.04"], ["2x200 ml", "1680.12"], ["3x60 ml", "945.07"], ["2x125 ml", "980.07"]]}, {"category": "Beauty & Hygiene", "sub_category_name": "Skin Care", "product_name": "Aloe Vera Cooling Face Gel", "product_brand": "Lever Ayush", "combo": []}, {"category": "Beauty & Hygiene", "sub_category_name": "Skin Care", "product_name": "Tan Removal Orange Face Wash", "product_brand": "Himalaya", "combo": [["50 ml", "66.50"], ["100 ml", "106.60"]]}, {"category": "Beauty & Hygiene", "sub_category_name": "Skin Care", "product_name": "Skin Cream - Turmeric - WSO (Ayurvedic Medicine)", "product_brand": "Vicco", "combo": [["60 g", "138.00"], ["15 g", "31.00"], ["30 g", "48.00"]]}, {"category": "Beauty & Hygiene", "sub_category_name": "Skin Care", "product_name": "Himalaya Nourishing Skin Cream", "product_brand": "Himalaya", "combo": [["100 ml", "110.00"], ["200 ml", "187.00"], ["50 ml", "69.00"]]}, {"category": "Beauty & Hygiene", "sub_category_name": "Skin Care", "product_name": "Body Lotion - Nourishing Body Milk, For Very Dry Skin", "product_brand": "Nivea", "combo": []}, {"category": "Beauty & Hygiene", "sub_category_name": "Skin Care", "product_name": "Peach Milk Soft Creme Moisturiser", "product_brand": "Lakme", "combo": []}, {"category": "Beauty & Hygiene", "sub_category_name": "Skin Care", "product_name": "Peach Milk Moisturizer Body Lotion", "product_brand": "Lakme", "combo": [["200 ml", "240.00"], ["60 ml", "99.00"], ["120 ml", "159.20"]]}, {"category": "Beauty & Hygiene", "sub_category_name": "Skin Care", "product_name": "Deep Cleansing Apricot Face Wash", "product_brand": "Himalaya", "combo": [["100 ml", "114.00"], ["50 ml", "66.50"]]}, {"category": "Beauty & Hygiene", "sub_category_name": "Skin Care", "product_name": "Whiteglow Skin Whitening & Brightening Gel Creme PA+++ - SPF 25", "product_brand": "Lotus Herbals", "combo": [["40 g", "210.00"], ["60 g", "292.50"], ["2x60 g", "585.00"], ["18 g", "89.10"], ["2x18 g", "169.29"]]}, {"category": "Beauty & Hygiene", "sub_category_name": "Skin Care", "product_name": "Perfect Radiance - Lightening Light Cream With Sunscreen", "product_brand": "Lakme", "combo": []}, {"category": "Beauty & Hygiene", "sub_category_name": "Skin Care", "product_name": "Moisturising Aloe Vera Face Wash", "product_brand": "Himalaya", "combo": [["100 ml", "108.00"], ["50 ml", "61.75"]]}, {"category": "Beauty & Hygiene", "sub_category_name": "Skin Care", "product_name": "Daily Face Care Lotion - Oily Skin", "product_brand": "Lacto Calamine", "combo": [["30 ml", "66.75"], ["2x30 ml", "126.83"]]}, {"category": "Beauty & Hygiene", "sub_category_name": "Skin Care", "product_name": "Refreshing Wet Wipes - Rose", "product_brand": "bigbasket", "combo": []}, {"category": "Beauty & Hygiene", "sub_category_name": "Skin Care", "product_name": "Face Wash - Milk Delights Caring Rosewater, Sensitive Skin", "product_brand": "Nivea", "combo": []}, {"category": "Beauty & Hygiene", "sub_category_name": "Skin Care", "product_name": "Tan Removal Orange Face Scrub", "product_brand": "Himalaya", "combo": []}, {"category": "Beauty & Hygiene", "sub_category_name": "Skin Care", "product_name": "Total Effect 7 In 1 Anti Aging Day Cream+ Night Cream", "product_brand": "Olay", "combo": []}, {"category": "Beauty & Hygiene", "sub_category_name": "Skin Care", "product_name": "Oil Free Acne Wash Facial Cleanser", "product_brand": "Neutrogena", "combo": []}, {"category": "Beauty & Hygiene", "sub_category_name": "Skin Care", "product_name": "Face Wash - Oil Control, 10x Vitamin C", "product_brand": "Nivea Men", "combo": []}, {"category": "Beauty & Hygiene", "sub_category_name": "Skin Care", "product_name": "Moisturising Cold Cream", "product_brand": "Ponds", "combo": [["55 ml", "89.00"], ["100 ml", "108.15"], ["30 ml", "46.00"], ["200 ml", "310.00"]]}, {"category": "Beauty & Hygiene", "sub_category_name": "Skin Care", "product_name": "Healthy Bright Complete 10 Body Lotion", "product_brand": "Vaseline", "combo": [["100 ml", "139.50"], ["400 ml", "348.50"], ["200 ml", "203.00"]]}, {"category": "Beauty & Hygiene", "sub_category_name": "Skin Care", "product_name": "Face Wash - Milk Delights Fine Gramflour, Oily Skin", "product_brand": "Nivea", "combo": []}, {"category": "Beauty & Hygiene", "sub_category_name": "Skin Care", "product_name": "Skin Defense Almond Nourishing Body Lotion", "product_brand": "Vlcc", "combo": []}, {"category": "Beauty & Hygiene", "sub_category_name": "Skin Care", "product_name": "Total Effects - Anti-Ageing Serum Skin Cream", "product_brand": "Olay", "combo": []}, {"category": "Beauty & Hygiene", "sub_category_name": "Skin Care", "product_name": "Face Wash - Strawberry Creme", "product_brand": "Lakme", "combo": []}, {"category": "Beauty & Hygiene", "sub_category_name": "Skin Care", "product_name": "Face Wash - Milk Delights Precious Saffron, Normal Skin", "product_brand": "Nivea", "combo": [["100 ml", "140.00"], ["2x100 ml", "280.00"]]}, {"category": "Beauty & Hygiene", "sub_category_name": "Skin Care", "product_name": "Skin Naturals - Light Complete Face Wash", "product_brand": "Garnier", "combo": [["50 g", "76.50"], ["100 g", "136.00"], ["2x50 g", "145.35"]]}, {"category": "Beauty & Hygiene", "sub_category_name": "Skin Care", "product_name": "Skin Natutals - Wrinkle Lift Anti-Ageing Cream", "product_brand": "Garnier", "combo": [["18 g", "135.00"], ["40 g", "233.75"]]}, {"category": "Beauty & Hygiene", "sub_category_name": "Skin Care", "product_name": "Beauty Moisture Face Wash", "product_brand": "Dove", "combo": []}, {"category": "Beauty & Hygiene", "sub_category_name": "Skin Care", "product_name": "Aloe & Cucumber Refreshing Body Lotion", "product_brand": "Himalaya", "combo": [["2x400 ml", "447.44"], ["100 ml", "80.75"], ["200 ml", "140.80"], ["400 ml", "238.00"]]}, {"category": "Beauty & Hygiene", "sub_category_name": "Skin Care", "product_name": "Purifying Neem Scrub", "product_brand": "Himalaya", "combo": [["50 g", "71.25"], ["100 g", "121.50"]]}, {"category": "Beauty & Hygiene", "sub_category_name": "Skin Care", "product_name": "Pure & Gentle Face Wash", "product_brand": "Pears", "combo": []}, {"category": "Beauty & Hygiene", "sub_category_name": "Skin Care", "product_name": "Cold Pressed Castor Oil - Hexane Free", "product_brand": "Aloe Veda", "combo": []}, {"category": "Beauty & Hygiene", "sub_category_name": "Skin Care", "product_name": "Soft Touch Body Lotion", "product_brand": "Parachute Advansed", "combo": []}, {"category": "Beauty & Hygiene", "sub_category_name": "Skin Care", "product_name": "Liquid Face Wash", "product_brand": "Neutrogena", "combo": []}, {"category": "Beauty & Hygiene", "sub_category_name": "Skin Care", "product_name": "Light Moisturiser", "product_brand": "Ponds", "combo": [["250 ml", "224.25"], ["75 ml", "120.00"], ["150 ml", "189.00"], ["25 ml", "36.00"]]}, {"category": "Beauty & Hygiene", "sub_category_name": "Skin Care", "product_name": "Soothing Body Lotion", "product_brand": "Himalaya", "combo": [["2x400 ml", "431.46"], ["100 ml", "76.80"], ["200ml", "132.00"], ["400 ml", "229.50"]]}, {"category": "Beauty & Hygiene", "sub_category_name": "Skin Care", "product_name": "Body Lotion - Whitening Even Tone UV Protect, For All Skin Types", "product_brand": "Nivea", "combo": []}, {"category": "Beauty & Hygiene", "sub_category_name": "Skin Care", "product_name": "Hydrating Natural Body Lotion with Cucumber & Aloe Vera For Men & Women", "product_brand": "Mamaearth", "combo": []}, {"category": "Beauty & Hygiene", "sub_category_name": "Skin Care", "product_name": "Age Miracle Wrinkle Corrector SPF 18 PA++ Day Cream", "product_brand": "Ponds", "combo": [["35 g", "356.25"], ["10 g", "99.00"]]}, {"category": "Beauty & Hygiene", "sub_category_name": "Skin Care", "product_name": "Pimple Clearing Facewash", "product_brand": "Clean & Clear", "combo": [["80 g", "130.00"], ["40 g", "70.00"]]}, {"category": "Beauty & Hygiene", "sub_category_name": "Skin Care", "product_name": "Revitalising Night Cream", "product_brand": "Himalaya", "combo": []}, {"category": "Beauty & Hygiene", "sub_category_name": "Skin Care", "product_name": "Morning Energy Face Wash - Berry Blast", "product_brand": "Clean & Clear", "combo": [["50 ml", "80.00"], ["100 ml", "145.00"], ["3x100 ml", "391.50"]]}, {"category": "Beauty & Hygiene", "sub_category_name": "Skin Care", "product_name": "Creme Bleach - De-Tan", "product_brand": "Fem", "combo": [["30 g", "69.70"], ["10 g", "42.00"]]}, {"category": "Beauty & Hygiene", "sub_category_name": "Skin Care", "product_name": "Fresh Start Oil Clear Lemon Face Wash", "product_brand": "Himalaya", "combo": []}, {"category": "Beauty & Hygiene", "sub_category_name": "Skin Care", "product_name": "Morning Energy Face Wash - Lemon Fresh", "product_brand": "Clean & Clear", "combo": [["3x100 ml", "375.03"], ["50 ml", "80.00"], ["100 ml", "138.90"]]}, {"category": "Beauty & Hygiene", "sub_category_name": "Skin Care", "product_name": "Fresh Start Oil Clear Blueberry Face Wash", "product_brand": "Himalaya", "combo": [["50 ml", "71.00"], ["100 ml", "133.00"]]}, {"category": "Beauty & Hygiene", "sub_category_name": "Skin Care", "product_name": "Rapid Wrinkle Repair Night Cream", "product_brand": "Neutrogena", "combo": []}, {"category": "Beauty & Hygiene", "sub_category_name": "Skin Care", "product_name": "Brightening Masksheet (Pack of 3)", "product_brand": "The Face Shop", "combo": []}, {"category": "Beauty & Hygiene", "sub_category_name": "Skin Care", "product_name": "Real Nature Lotus Face Mask", "product_brand": "The Face Shop", "combo": [["3x20 g", "225.00"], ["20 g", "100.00"], ["2x20 g", "190.00"]]}, {"category": "Beauty & Hygiene", "sub_category_name": "Skin Care", "product_name": "Gulabari Rose Glow Face Cleanser", "product_brand": "Dabur", "combo": []}, {"category": "Beauty & Hygiene", "sub_category_name": "Skin Care", "product_name": "Peach Milk Moisturiser SPF 24 PA Sunscreen Lotion", "product_brand": "Lakme", "combo": [["60 ml", "125.00"], ["120 ml", "199.20"]]}, {"category": "Beauty & Hygiene", "sub_category_name": "Skin Care", "product_name": "Bio Morning - Nectar Visibly Flawless Skin Moisturizer For All Skin Types", "product_brand": "BIOTIQUE", "combo": []}, {"category": "Beauty & Hygiene", "sub_category_name": "Skin Care", "product_name": "Body Lotion - Extra Whitening Cell Repair SPF 15, For All Skin Types", "product_brand": "Nivea", "combo": []}, {"category": "Beauty & Hygiene", "sub_category_name": "Skin Care", "product_name": "Real Nature Potato Face Mask", "product_brand": "The Face Shop", "combo": [["2x20 g", "190.00"], ["3x20 g", "225.00"], ["20 g", "100.00"]]}, {"category": "Beauty & Hygiene", "sub_category_name": "Skin Care", "product_name": "Face Wash - Blush & Glow Strawberry Gel", "product_brand": "Lakme", "combo": []}, {"category": "Beauty & Hygiene", "sub_category_name": "Skin Care", "product_name": "Apriscrub Fresh Apricot Scrub", "product_brand": "Lotus Herbals", "combo": [["100 g", "140.25"], ["300 g", "400.50"], ["180 g", "265.50"], ["60 g", "71.25"], ["2x60 g", "135.38"]]}, {"category": "Beauty & Hygiene", "sub_category_name": "Skin Care", "product_name": "Nourishing Face Moisturizing Lotion", "product_brand": "Himalaya", "combo": []}, {"category": "Beauty & Hygiene", "sub_category_name": "Skin Care", "product_name": "Hydrating Natural Body Lotion with Cucumber & Aloe Vera For Men & Women", "product_brand": "Mamaearth", "combo": []}, {"category": "Beauty & Hygiene", "sub_category_name": "Skin Care", "product_name": "Age Miracle Wrinkle Corrector SPF 18 PA++ Day Cream", "product_brand": "Ponds", "combo": [["35 g", "356.25"], ["10 g", "99.00"]]}, {"category": "Beauty & Hygiene", "sub_category_name": "Skin Care", "product_name": "Pimple Clearing Facewash", "product_brand": "Clean & Clear", "combo": [["80 g", "130.00"], ["40 g", "70.00"]]}, {"category": "Beauty & Hygiene", "sub_category_name": "Skin Care", "product_name": "Revitalising Night Cream", "product_brand": "Himalaya", "combo": []}, {"category": "Beauty & Hygiene", "sub_category_name": "Skin Care", "product_name": "Morning Energy Face Wash - Berry Blast", "product_brand": "Clean & Clear", "combo": [["50 ml", "80.00"], ["100 ml", "145.00"], ["3x100 ml", "391.50"]]}, {"category": "Beauty & Hygiene", "sub_category_name": "Skin Care", "product_name": "Creme Bleach - De-Tan", "product_brand": "Fem", "combo": [["30 g", "69.70"], ["10 g", "42.00"]]}, {"category": "Beauty & Hygiene", "sub_category_name": "Skin Care", "product_name": "Fresh Start Oil Clear Lemon Face Wash", "product_brand": "Himalaya", "combo": []}, {"category": "Beauty & Hygiene", "sub_category_name": "Skin Care", "product_name": "Morning Energy Face Wash - Lemon Fresh", "product_brand": "Clean & Clear", "combo": [["3x100 ml", "375.03"], ["50 ml", "80.00"], ["100 ml", "138.90"]]}, {"category": "Beauty & Hygiene", "sub_category_name": "Skin Care", "product_name": "Fresh Start Oil Clear Blueberry Face Wash", "product_brand": "Himalaya", "combo": [["50 ml", "71.00"], ["100 ml", "133.00"]]}, {"category": "Beauty & Hygiene", "sub_category_name": "Skin Care", "product_name": "Rapid Wrinkle Repair Night Cream", "product_brand": "Neutrogena", "combo": []}, {"category": "Beauty & Hygiene", "sub_category_name": "Skin Care", "product_name": "Brightening Masksheet (Pack of 3)", "product_brand": "The Face Shop", "combo": []}, {"category": "Beauty & Hygiene", "sub_category_name": "Skin Care", "product_name": "Real Nature Lotus Face Mask", "product_brand": "The Face Shop", "combo": [["3x20 g", "225.00"], ["20 g", "100.00"], ["2x20 g", "190.00"]]}, {"category": "Beauty & Hygiene", "sub_category_name": "Skin Care", "product_name": "Gulabari Rose Glow Face Cleanser", "product_brand": "Dabur", "combo": []}, {"category": "Beauty & Hygiene", "sub_category_name": "Skin Care", "product_name": "Peach Milk Moisturiser SPF 24 PA Sunscreen Lotion", "product_brand": "Lakme", "combo": [["60 ml", "125.00"], ["120 ml", "199.20"]]}, {"category": "Beauty & Hygiene", "sub_category_name": "Skin Care", "product_name": "Bio Morning - Nectar Visibly Flawless Skin Moisturizer For All Skin Types", "product_brand": "BIOTIQUE", "combo": []}, {"category": "Beauty & Hygiene", "sub_category_name": "Skin Care", "product_name": "Body Lotion - Extra Whitening Cell Repair SPF 15, For All Skin Types", "product_brand": "Nivea", "combo": []}, {"category": "Beauty & Hygiene", "sub_category_name": "Skin Care", "product_name": "Real Nature Potato Face Mask", "product_brand": "The Face Shop", "combo": [["2x20 g", "190.00"], ["3x20 g", "225.00"], ["20 g", "100.00"]]}, {"category": "Beauty & Hygiene", "sub_category_name": "Skin Care", "product_name": "Face Wash - Blush & Glow Strawberry Gel", "product_brand": "Lakme", "combo": []}, {"category": "Beauty & Hygiene", "sub_category_name": "Skin Care", "product_name": "Apriscrub Fresh Apricot Scrub", "product_brand": "Lotus Herbals", "combo": [["100 g", "140.25"], ["300 g", "400.50"], ["180 g", "265.50"], ["60 g", "71.25"], ["2x60 g", "135.38"]]}, {"category": "Beauty & Hygiene", "sub_category_name": "Skin Care", "product_name": "Nourishing Face Moisturizing Lotion", "product_brand": "Himalaya", "combo": []}, {"category": "Beauty & Hygiene", "sub_category_name": "Skin Care", "product_name": "Hydrating Natural Body Lotion with Cucumber & Aloe Vera For Men & Women", "product_brand": "Mamaearth", "combo": []}, {"category": "Beauty & Hygiene", "sub_category_name": "Skin Care", "product_name": "Age Miracle Wrinkle Corrector SPF 18 PA++ Day Cream", "product_brand": "Ponds", "combo": [["35 g", "356.25"], ["10 g", "99.00"]]}, {"category": "Beauty & Hygiene", "sub_category_name": "Skin Care", "product_name": "Pimple Clearing Facewash", "product_brand": "Clean & Clear", "combo": [["80 g", "130.00"], ["40 g", "70.00"]]}, {"category": "Beauty & Hygiene", "sub_category_name": "Skin Care", "product_name": "Revitalising Night Cream", "product_brand": "Himalaya", "combo": []}, {"category": "Beauty & Hygiene", "sub_category_name": "Skin Care", "product_name": "Morning Energy Face Wash - Berry Blast", "product_brand": "Clean & Clear", "combo": [["50 ml", "80.00"], ["100 ml", "145.00"], ["3x100 ml", "391.50"]]}, {"category": "Beauty & Hygiene", "sub_category_name": "Skin Care", "product_name": "Creme Bleach - De-Tan", "product_brand": "Fem", "combo": [["30 g", "69.70"], ["10 g", "42.00"]]}, {"category": "Beauty & Hygiene", "sub_category_name": "Skin Care", "product_name": "Fresh Start Oil Clear Lemon Face Wash", "product_brand": "Himalaya", "combo": []}, {"category": "Beauty & Hygiene", "sub_category_name": "Skin Care", "product_name": "Morning Energy Face Wash - Lemon Fresh", "product_brand": "Clean & Clear", "combo": [["3x100 ml", "375.03"], ["50 ml", "80.00"], ["100 ml", "138.90"]]}, {"category": "Beauty & Hygiene", "sub_category_name": "Skin Care", "product_name": "Fresh Start Oil Clear Blueberry Face Wash", "product_brand": "Himalaya", "combo": [["50 ml", "71.00"], ["100 ml", "133.00"]]}, {"category": "Beauty & Hygiene", "sub_category_name": "Skin Care", "product_name": "Rapid Wrinkle Repair Night Cream", "product_brand": "Neutrogena", "combo": []}, {"category": "Beauty & Hygiene", "sub_category_name": "Skin Care", "product_name": "Brightening Masksheet (Pack of 3)", "product_brand": "The Face Shop", "combo": []}, {"category": "Beauty & Hygiene", "sub_category_name": "Skin Care", "product_name": "Real Nature Lotus Face Mask", "product_brand": "The Face Shop", "combo": [["3x20 g", "225.00"], ["20 g", "100.00"], ["2x20 g", "190.00"]]}, {"category": "Beauty & Hygiene", "sub_category_name": "Skin Care", "product_name": "Gulabari Rose Glow Face Cleanser", "product_brand": "Dabur", "combo": []}, {"category": "Beauty & Hygiene", "sub_category_name": "Skin Care", "product_name": "Peach Milk Moisturiser SPF 24 PA Sunscreen Lotion", "product_brand": "Lakme", "combo": [["60 ml", "125.00"], ["120 ml", "199.20"]]}, {"category": "Beauty & Hygiene", "sub_category_name": "Skin Care", "product_name": "Bio Morning - Nectar Visibly Flawless Skin Moisturizer For All Skin Types", "product_brand": "BIOTIQUE", "combo": []}, {"category": "Beauty & Hygiene", "sub_category_name": "Skin Care", "product_name": "Body Lotion - Extra Whitening Cell Repair SPF 15, For All Skin Types", "product_brand": "Nivea", "combo": []}, {"category": "Beauty & Hygiene", "sub_category_name": "Skin Care", "product_name": "Real Nature Potato Face Mask", "product_brand": "The Face Shop", "combo": [["2x20 g", "190.00"], ["3x20 g", "225.00"], ["20 g", "100.00"]]}, {"category": "Beauty & Hygiene", "sub_category_name": "Skin Care", "product_name": "Face Wash - Blush & Glow Strawberry Gel", "product_brand": "Lakme", "combo": []}, {"category": "Beauty & Hygiene", "sub_category_name": "Skin Care", "product_name": "Apriscrub Fresh Apricot Scrub", "product_brand": "Lotus Herbals", "combo": [["100 g", "140.25"], ["300 g", "400.50"], ["180 g", "265.50"], ["60 g", "71.25"], ["2x60 g", "135.38"]]}, {"category": "Beauty & Hygiene", "sub_category_name": "Skin Care", "product_name": "Nourishing Face Moisturizing Lotion", "product_brand": "Himalaya", "combo": []}, {"category": "Beauty & Hygiene", "sub_category_name": "Skin Care", "product_name": "Hydrating Natural Body Lotion with Cucumber & Aloe Vera For Men & Women", "product_brand": "Mamaearth", "combo": []}, {"category": "Beauty & Hygiene", "sub_category_name": "Skin Care", "product_name": "Age Miracle Wrinkle Corrector SPF 18 PA++ Day Cream", "product_brand": "Ponds", "combo": [["35 g", "356.25"], ["10 g", "99.00"]]}, {"category": "Beauty & Hygiene", "sub_category_name": "Skin Care", "product_name": "Pimple Clearing Facewash", "product_brand": "Clean & Clear", "combo": [["80 g", "130.00"], ["40 g", "70.00"]]}, {"category": "Beauty & Hygiene", "sub_category_name": "Skin Care", "product_name": "Revitalising Night Cream", "product_brand": "Himalaya", "combo": []}, {"category": "Beauty & Hygiene", "sub_category_name": "Skin Care", "product_name": "Morning Energy Face Wash - Berry Blast", "product_brand": "Clean & Clear", "combo": [["50 ml", "80.00"], ["100 ml", "145.00"], ["3x100 ml", "391.50"]]}, {"category": "Beauty & Hygiene", "sub_category_name": "Skin Care", "product_name": "Creme Bleach - De-Tan", "product_brand": "Fem", "combo": [["30 g", "69.70"], ["10 g", "42.00"]]}, {"category": "Beauty & Hygiene", "sub_category_name": "Skin Care", "product_name": "Fresh Start Oil Clear Lemon Face Wash", "product_brand": "Himalaya", "combo": []}, {"category": "Beauty & Hygiene", "sub_category_name": "Skin Care", "product_name": "Morning Energy Face Wash - Lemon Fresh", "product_brand": "Clean & Clear", "combo": [["3x100 ml", "375.03"], ["50 ml", "80.00"], ["100 ml", "138.90"]]}, {"category": "Beauty & Hygiene", "sub_category_name": "Skin Care", "product_name": "Fresh Start Oil Clear Blueberry Face Wash", "product_brand": "Himalaya", "combo": [["50 ml", "71.00"], ["100 ml", "133.00"]]}, {"category": "Beauty & Hygiene", "sub_category_name": "Skin Care", "product_name": "Rapid Wrinkle Repair Night Cream", "product_brand": "Neutrogena", "combo": []}, {"category": "Beauty & Hygiene", "sub_category_name": "Skin Care", "product_name": "Brightening Masksheet (Pack of 3)", "product_brand": "The Face Shop", "combo": []}, {"category": "Beauty & Hygiene", "sub_category_name": "Skin Care", "product_name": "Real Nature Lotus Face Mask", "product_brand": "The Face Shop", "combo": [["3x20 g", "225.00"], ["20 g", "100.00"], ["2x20 g", "190.00"]]}, {"category": "Beauty & Hygiene", "sub_category_name": "Skin Care", "product_name": "Gulabari Rose Glow Face Cleanser", "product_brand": "Dabur", "combo": []}, {"category": "Beauty & Hygiene", "sub_category_name": "Skin Care", "product_name": "Peach Milk Moisturiser SPF 24 PA Sunscreen Lotion", "product_brand": "Lakme", "combo": [["60 ml", "125.00"], ["120 ml", "199.20"]]}, {"category": "Beauty & Hygiene", "sub_category_name": "Skin Care", "product_name": "Bio Morning - Nectar Visibly Flawless Skin Moisturizer For All Skin Types", "product_brand": "BIOTIQUE", "combo": []}, {"category": "Beauty & Hygiene", "sub_category_name": "Skin Care", "product_name": "Body Lotion - Extra Whitening Cell Repair SPF 15, For All Skin Types", "product_brand": "Nivea", "combo": []}, {"category": "Beauty & Hygiene", "sub_category_name": "Skin Care", "product_name": "Real Nature Potato Face Mask", "product_brand": "The Face Shop", "combo": [["2x20 g", "190.00"], ["3x20 g", "225.00"], ["20 g", "100.00"]]}, {"category": "Beauty & Hygiene", "sub_category_name": "Skin Care", "product_name": "Face Wash - Blush & Glow Strawberry Gel", "product_brand": "Lakme", "combo": []}, {"category": "Beauty & Hygiene", "sub_category_name": "Skin Care", "product_name": "Apriscrub Fresh Apricot Scrub", "product_brand": "Lotus Herbals", "combo": [["100 g", "140.25"], ["300 g", "400.50"], ["180 g", "265.50"], ["60 g", "71.25"], ["2x60 g", "135.38"]]}, {"category": "Beauty & Hygiene", "sub_category_name": "Skin Care", "product_name": "Nourishing Face Moisturizing Lotion", "product_brand": "Himalaya", "combo": []}, {"category": "Beauty & Hygiene", "sub_category_name": "Skin Care", "product_name": "Hydrating Natural Body Lotion with Cucumber & Aloe Vera For Men & Women", "product_brand": "Mamaearth", "combo": []}, {"category": "Beauty & Hygiene", "sub_category_name": "Skin Care", "product_name": "Age Miracle Wrinkle Corrector SPF 18 PA++ Day Cream", "product_brand": "Ponds", "combo": [["35 g", "356.25"], ["10 g", "99.00"]]}, {"category": "Beauty & Hygiene", "sub_category_name": "Skin Care", "product_name": "Pimple Clearing Facewash", "product_brand": "Clean & Clear", "combo": [["80 g", "130.00"], ["40 g", "70.00"]]}, {"category": "Beauty & Hygiene", "sub_category_name": "Skin Care", "product_name": "Revitalising Night Cream", "product_brand": "Himalaya", "combo": []}, {"category": "Beauty & Hygiene", "sub_category_name": "Skin Care", "product_name": "Morning Energy Face Wash - Berry Blast", "product_brand": "Clean & Clear", "combo": [["50 ml", "80.00"], ["100 ml", "145.00"], ["3x100 ml", "391.50"]]}, {"category": "Beauty & Hygiene", "sub_category_name": "Skin Care", "product_name": "Creme Bleach - De-Tan", "product_brand": "Fem", "combo": [["30 g", "69.70"], ["10 g", "42.00"]]}, {"category": "Beauty & Hygiene", "sub_category_name": "Skin Care", "product_name": "Fresh Start Oil Clear Lemon Face Wash", "product_brand": "Himalaya", "combo": []}, {"category": "Beauty & Hygiene", "sub_category_name": "Skin Care", "product_name": "Morning Energy Face Wash - Lemon Fresh", "product_brand": "Clean & Clear", "combo": [["3x100 ml", "375.03"], ["50 ml", "80.00"], ["100 ml", "138.90"]]}, {"category": "Beauty & Hygiene", "sub_category_name": "Skin Care", "product_name": "Fresh Start Oil Clear Blueberry Face Wash", "product_brand": "Himalaya", "combo": [["50 ml", "71.00"], ["100 ml", "133.00"]]}, {"category": "Beauty & Hygiene", "sub_category_name": "Skin Care", "product_name": "Rapid Wrinkle Repair Night Cream", "product_brand": "Neutrogena", "combo": []}, {"category": "Beauty & Hygiene", "sub_category_name": "Skin Care", "product_name": "Brightening Masksheet (Pack of 3)", "product_brand": "The Face Shop", "combo": []}, {"category": "Beauty & Hygiene", "sub_category_name": "Skin Care", "product_name": "Real Nature Lotus Face Mask", "product_brand": "The Face Shop", "combo": [["3x20 g", "225.00"], ["20 g", "100.00"], ["2x20 g", "190.00"]]}, {"category": "Beauty & Hygiene", "sub_category_name": "Skin Care", "product_name": "Gulabari Rose Glow Face Cleanser", "product_brand": "Dabur", "combo": []}, {"category": "Beauty & Hygiene", "sub_category_name": "Skin Care", "product_name": "Peach Milk Moisturiser SPF 24 PA Sunscreen Lotion", "product_brand": "Lakme", "combo": [["60 ml", "125.00"], ["120 ml", "199.20"]]}, {"category": "Beauty & Hygiene", "sub_category_name": "Skin Care", "product_name": "Bio Morning - Nectar Visibly Flawless Skin Moisturizer For All Skin Types", "product_brand": "BIOTIQUE", "combo": []}, {"category": "Beauty & Hygiene", "sub_category_name": "Skin Care", "product_name": "Body Lotion - Extra Whitening Cell Repair SPF 15, For All Skin Types", "product_brand": "Nivea", "combo": []}, {"category": "Beauty & Hygiene", "sub_category_name": "Skin Care", "product_name": "Real Nature Potato Face Mask", "product_brand": "The Face Shop", "combo": [["2x20 g", "190.00"], ["3x20 g", "225.00"], ["20 g", "100.00"]]}, {"category": "Beauty & Hygiene", "sub_category_name": "Skin Care", "product_name": "Face Wash - Blush & Glow Strawberry Gel", "product_brand": "Lakme", "combo": []}, {"category": "Beauty & Hygiene", "sub_category_name": "Skin Care", "product_name": "Apriscrub Fresh Apricot Scrub", "product_brand": "Lotus Herbals", "combo": [["100 g", "140.25"], ["300 g", "400.50"], ["180 g", "265.50"], ["60 g", "71.25"], ["2x60 g", "135.38"]]}, {"category": "Beauty & Hygiene", "sub_category_name": "Skin Care", "product_name": "Nourishing Face Moisturizing Lotion", "product_brand": "Himalaya", "combo": []}, {"category": "Beauty & Hygiene", "sub_category_name": "Skin Care", "product_name": "Hydrating Natural Body Lotion with Cucumber & Aloe Vera For Men & Women", "product_brand": "Mamaearth", "combo": []}, {"category": "Beauty & Hygiene", "sub_category_name": "Skin Care", "product_name": "Age Miracle Wrinkle Corrector SPF 18 PA++ Day Cream", "product_brand": "Ponds", "combo": [["35 g", "356.25"], ["10 g", "99.00"]]}, {"category": "Beauty & Hygiene", "sub_category_name": "Skin Care", "product_name": "Pimple Clearing Facewash", "product_brand": "Clean & Clear", "combo": [["80 g", "130.00"], ["40 g", "70.00"]]}, {"category": "Beauty & Hygiene", "sub_category_name": "Skin Care", "product_name": "Revitalising Night Cream", "product_brand": "Himalaya", "combo": []}, {"category": "Beauty & Hygiene", "sub_category_name": "Skin Care", "product_name": "Morning Energy Face Wash - Berry Blast", "product_brand": "Clean & Clear", "combo": [["50 ml", "80.00"], ["100 ml", "145.00"], ["3x100 ml", "391.50"]]}, {"category": "Beauty & Hygiene", "sub_category_name": "Skin Care", "product_name": "Creme Bleach - De-Tan", "product_brand": "Fem", "combo": [["30 g", "69.70"], ["10 g", "42.00"]]}, {"category": "Beauty & Hygiene", "sub_category_name": "Skin Care", "product_name": "Fresh Start Oil Clear Lemon Face Wash", "product_brand": "Himalaya", "combo": []}, {"category": "Beauty & Hygiene", "sub_category_name": "Skin Care", "product_name": "Morning Energy Face Wash - Lemon Fresh", "product_brand": "Clean & Clear", "combo": [["3x100 ml", "375.03"], ["50 ml", "80.00"], ["100 ml", "138.90"]]}, {"category": "Beauty & Hygiene", "sub_category_name": "Skin Care", "product_name": "Fresh Start Oil Clear Blueberry Face Wash", "product_brand": "Himalaya", "combo": [["50 ml", "71.00"], ["100 ml", "133.00"]]}, {"category": "Beauty & Hygiene", "sub_category_name": "Skin Care", "product_name": "Rapid Wrinkle Repair Night Cream", "product_brand": "Neutrogena", "combo": []}, {"category": "Beauty & Hygiene", "sub_category_name": "Skin Care", "product_name": "Brightening Masksheet (Pack of 3)", "product_brand": "The Face Shop", "combo": []}, {"category": "Beauty & Hygiene", "sub_category_name": "Skin Care", "product_name": "Real Nature Lotus Face Mask", "product_brand": "The Face Shop", "combo": [["3x20 g", "225.00"], ["20 g", "100.00"], ["2x20 g", "190.00"]]}, {"category": "Beauty & Hygiene", "sub_category_name": "Skin Care", "product_name": "Gulabari Rose Glow Face Cleanser", "product_brand": "Dabur", "combo": []}, {"category": "Beauty & Hygiene", "sub_category_name": "Skin Care", "product_name": "Peach Milk Moisturiser SPF 24 PA Sunscreen Lotion", "product_brand": "Lakme", "combo": [["60 ml", "125.00"], ["120 ml", "199.20"]]}, {"category": "Beauty & Hygiene", "sub_category_name": "Skin Care", "product_name": "Bio Morning - Nectar Visibly Flawless Skin Moisturizer For All Skin Types", "product_brand": "BIOTIQUE", "combo": []}, {"category": "Beauty & Hygiene", "sub_category_name": "Skin Care", "product_name": "Body Lotion - Extra Whitening Cell Repair SPF 15, For All Skin Types", "product_brand": "Nivea", "combo": []}, {"category": "Beauty & Hygiene", "sub_category_name": "Skin Care", "product_name": "Real Nature Potato Face Mask", "product_brand": "The Face Shop", "combo": [["2x20 g", "190.00"], ["3x20 g", "225.00"], ["20 g", "100.00"]]}, {"category": "Beauty & Hygiene", "sub_category_name": "Skin Care", "product_name": "Face Wash - Blush & Glow Strawberry Gel", "product_brand": "Lakme", "combo": []}, {"category": "Beauty & Hygiene", "sub_category_name": "Skin Care", "product_name": "Apriscrub Fresh Apricot Scrub", "product_brand": "Lotus Herbals", "combo": [["100 g", "140.25"], ["300 g", "400.50"], ["180 g", "265.50"], ["60 g", "71.25"], ["2x60 g", "135.38"]]}, {"category": "Beauty & Hygiene", "sub_category_name": "Skin Care", "product_name": "Nourishing Face Moisturizing Lotion", "product_brand": "Himalaya", "combo": []}, {"category": "Beauty & Hygiene", "sub_category_name": "Skin Care", "product_name": "Hydrating Natural Body Lotion with Cucumber & Aloe Vera For Men & Women", "product_brand": "Mamaearth", "combo": []}, {"category": "Beauty & Hygiene", "sub_category_name": "Skin Care", "product_name": "Age Miracle Wrinkle Corrector SPF 18 PA++ Day Cream", "product_brand": "Ponds", "combo": [["35 g", "356.25"], ["10 g", "99.00"]]}, {"category": "Beauty & Hygiene", "sub_category_name": "Skin Care", "product_name": "Pimple Clearing Facewash", "product_brand": "Clean & Clear", "combo": [["80 g", "130.00"], ["40 g", "70.00"]]}, {"category": "Beauty & Hygiene", "sub_category_name": "Skin Care", "product_name": "Revitalising Night Cream", "product_brand": "Himalaya", "combo": []}, {"category": "Beauty & Hygiene", "sub_category_name": "Skin Care", "product_name": "Morning Energy Face Wash - Berry Blast", "product_brand": "Clean & Clear", "combo": [["50 ml", "80.00"], ["100 ml", "145.00"], ["3x100 ml", "391.50"]]}, {"category": "Beauty & Hygiene", "sub_category_name": "Skin Care", "product_name": "Creme Bleach - De-Tan", "product_brand": "Fem", "combo": [["30 g", "69.70"], ["10 g", "42.00"]]}, {"category": "Beauty & Hygiene", "sub_category_name": "Skin Care", "product_name": "Fresh Start Oil Clear Lemon Face Wash", "product_brand": "Himalaya", "combo": []}, {"category": "Beauty & Hygiene", "sub_category_name": "Skin Care", "product_name": "Morning Energy Face Wash - Lemon Fresh", "product_brand": "Clean & Clear", "combo": [["3x100 ml", "375.03"], ["50 ml", "80.00"], ["100 ml", "138.90"]]}, {"category": "Beauty & Hygiene", "sub_category_name": "Skin Care", "product_name": "Fresh Start Oil Clear Blueberry Face Wash", "product_brand": "Himalaya", "combo": [["50 ml", "71.00"], ["100 ml", "133.00"]]}, {"category": "Beauty & Hygiene", "sub_category_name": "Skin Care", "product_name": "Rapid Wrinkle Repair Night Cream", "product_brand": "Neutrogena", "combo": []}, {"category": "Beauty & Hygiene", "sub_category_name": "Skin Care", "product_name": "Brightening Masksheet (Pack of 3)", "product_brand": "The Face Shop", "combo": []}, {"category": "Beauty & Hygiene", "sub_category_name": "Skin Care", "product_name": "Real Nature Lotus Face Mask", "product_brand": "The Face Shop", "combo": [["3x20 g", "225.00"], ["20 g", "100.00"], ["2x20 g", "190.00"]]}, {"category": "Beauty & Hygiene", "sub_category_name": "Skin Care", "product_name": "Gulabari Rose Glow Face Cleanser", "product_brand": "Dabur", "combo": []}, {"category": "Beauty & Hygiene", "sub_category_name": "Skin Care", "product_name": "Peach Milk Moisturiser SPF 24 PA Sunscreen Lotion", "product_brand": "Lakme", "combo": [["60 ml", "125.00"], ["120 ml", "199.20"]]}, {"category": "Beauty & Hygiene", "sub_category_name": "Skin Care", "product_name": "Bio Morning - Nectar Visibly Flawless Skin Moisturizer For All Skin Types", "product_brand": "BIOTIQUE", "combo": []}, {"category": "Beauty & Hygiene", "sub_category_name": "Skin Care", "product_name": "Body Lotion - Extra Whitening Cell Repair SPF 15, For All Skin Types", "product_brand": "Nivea", "combo": []}, {"category": "Beauty & Hygiene", "sub_category_name": "Skin Care", "product_name": "Real Nature Potato Face Mask", "product_brand": "The Face Shop", "combo": [["2x20 g", "190.00"], ["3x20 g", "225.00"], ["20 g", "100.00"]]}, {"category": "Beauty & Hygiene", "sub_category_name": "Skin Care", "product_name": "Face Wash - Blush & Glow Strawberry Gel", "product_brand": "Lakme", "combo": []}, {"category": "Beauty & Hygiene", "sub_category_name": "Skin Care", "product_name": "Apriscrub Fresh Apricot Scrub", "product_brand": "Lotus Herbals", "combo": [["100 g", "140.25"], ["300 g", "400.50"], ["180 g", "265.50"], ["60 g", "71.25"], ["2x60 g", "135.38"]]}, {"category": "Beauty & Hygiene", "sub_category_name": "Skin Care", "product_name": "Nourishing Face Moisturizing Lotion", "product_brand": "Himalaya", "combo": []}, {"category": "Beauty & Hygiene", "sub_category_name": "Skin Care", "product_name": "Hydrating Natural Body Lotion with Cucumber & Aloe Vera For Men & Women", "product_brand": "Mamaearth", "combo": []}, {"category": "Beauty & Hygiene", "sub_category_name": "Skin Care", "product_name": "Age Miracle Wrinkle Corrector SPF 18 PA++ Day Cream", "product_brand": "Ponds", "combo": [["35 g", "356.25"], ["10 g", "99.00"]]}, {"category": "Beauty & Hygiene", "sub_category_name": "Skin Care", "product_name": "Pimple Clearing Facewash", "product_brand": "Clean & Clear", "combo": [["80 g", "130.00"], ["40 g", "70.00"]]}, {"category": "Beauty & Hygiene", "sub_category_name": "Skin Care", "product_name": "Revitalising Night Cream", "product_brand": "Himalaya", "combo": []}, {"category": "Beauty & Hygiene", "sub_category_name": "Skin Care", "product_name": "Morning Energy Face Wash - Berry Blast", "product_brand": "Clean & Clear", "combo": [["50 ml", "80.00"], ["100 ml", "145.00"], ["3x100 ml", "391.50"]]}, {"category": "Beauty & Hygiene", "sub_category_name": "Skin Care", "product_name": "Creme Bleach - De-Tan", "product_brand": "Fem", "combo": [["30 g", "69.70"], ["10 g", "42.00"]]}, {"category": "Beauty & Hygiene", "sub_category_name": "Skin Care", "product_name": "Fresh Start Oil Clear Lemon Face Wash", "product_brand": "Himalaya", "combo": []}, {"category": "Beauty & Hygiene", "sub_category_name": "Skin Care", "product_name": "Morning Energy Face Wash - Lemon Fresh", "product_brand": "Clean & Clear", "combo": [["3x100 ml", "375.03"], ["50 ml", "80.00"], ["100 ml", "138.90"]]}, {"category": "Beauty & Hygiene", "sub_category_name": "Skin Care", "product_name": "Fresh Start Oil Clear Blueberry Face Wash", "product_brand": "Himalaya", "combo": [["50 ml", "71.00"], ["100 ml", "133.00"]]}, {"category": "Beauty & Hygiene", "sub_category_name": "Skin Care", "product_name": "Rapid Wrinkle Repair Night Cream", "product_brand": "Neutrogena", "combo": []}, {"category": "Beauty & Hygiene", "sub_category_name": "Skin Care", "product_name": "Brightening Masksheet (Pack of 3)", "product_brand": "The Face Shop", "combo": []}, {"category": "Beauty & Hygiene", "sub_category_name": "Skin Care", "product_name": "Real Nature Lotus Face Mask", "product_brand": "The Face Shop", "combo": [["3x20 g", "225.00"], ["20 g", "100.00"], ["2x20 g", "190.00"]]}, {"category": "Beauty & Hygiene", "sub_category_name": "Skin Care", "product_name": "Gulabari Rose Glow Face Cleanser", "product_brand": "Dabur", "combo": []}, {"category": "Beauty & Hygiene", "sub_category_name": "Skin Care", "product_name": "Peach Milk Moisturiser SPF 24 PA Sunscreen Lotion", "product_brand": "Lakme", "combo": [["60 ml", "125.00"], ["120 ml", "199.20"]]}, {"category": "Beauty & Hygiene", "sub_category_name": "Skin Care", "product_name": "Bio Morning - Nectar Visibly Flawless Skin Moisturizer For All Skin Types", "product_brand": "BIOTIQUE", "combo": []}, {"category": "Beauty & Hygiene", "sub_category_name": "Skin Care", "product_name": "Body Lotion - Extra Whitening Cell Repair SPF 15, For All Skin Types", "product_brand": "Nivea", "combo": []}, {"category": "Beauty & Hygiene", "sub_category_name": "Skin Care", "product_name": "Real Nature Potato Face Mask", "product_brand": "The Face Shop", "combo": [["2x20 g", "190.00"], ["3x20 g", "225.00"], ["20 g", "100.00"]]}, {"category": "Beauty & Hygiene", "sub_category_name": "Skin Care", "product_name": "Face Wash - Blush & Glow Strawberry Gel", "product_brand": "Lakme", "combo": []}, {"category": "Beauty & Hygiene", "sub_category_name": "Skin Care", "product_name": "Apriscrub Fresh Apricot Scrub", "product_brand": "Lotus Herbals", "combo": [["100 g", "140.25"], ["300 g", "400.50"], ["180 g", "265.50"], ["60 g", "71.25"], ["2x60 g", "135.38"]]}, {"category": "Beauty & Hygiene", "sub_category_name": "Skin Care", "product_name": "Nourishing Face Moisturizing Lotion", "product_brand": "Himalaya", "combo": []}, {"category": "Beauty & Hygiene", "sub_category_name": "Skin Care", "product_name": "Green Tea Moisturizer+Night Gel", "product_brand": "Plum", "combo": []}, {"category": "Beauty & Hygiene", "sub_category_name": "Skin Care", "product_name": "Castor Oil", "product_brand": "ST. D'VENCE", "combo": []}, {"category": "Beauty & Hygiene", "sub_category_name": "Skin Care", "product_name": "Insta Glow Herbal Bleach - Salon Series", "product_brand": "Vlcc", "combo": [["27 g", "49.50"], ["3x27 g", "141.07"]]}, {"category": "Beauty & Hygiene", "sub_category_name": "Skin Care", "product_name": "Face Wash - Fresh Renewal", "product_brand": "Pears", "combo": []}, {"category": "Beauty & Hygiene", "sub_category_name": "Skin Care", "product_name": "Deep Clean Foaming Cleanser", "product_brand": "Neutrogena", "combo": [["100 g", "225.00"], ["50 g", "135.00"]]}, {"category": "Beauty & Hygiene", "sub_category_name": "Skin Care", "product_name": "Pimple Clear Neem Face Wash", "product_brand": "Himalaya Men", "combo": [["100 ml", "140.80"], ["50 ml", "74.80"]]}, {"category": "Beauty & Hygiene", "sub_category_name": "Skin Care", "product_name": "Oil in Lotion - Cherry Blossom & Jojoba Oil", "product_brand": "Nivea", "combo": [["200 ml", "234.00"], ["400 ml", "361.25"]]}, {"category": "Beauty & Hygiene", "sub_category_name": "Skin Care", "product_name": "Skin Naturals Fresh Mix Vitamin C Booster Face Serum Sheet Mask - Orange", "product_brand": "Garnier", "combo": [["33 g", "120.00"], ["3x33 g", "288.00"]]}, {"category": "Beauty & Hygiene", "sub_category_name": "Skin Care", "product_name": "Face Mask - C3", "product_brand": "Mamaearth", "combo": []}, {"category": "Beauty & Hygiene", "sub_category_name": "Skin Care", "product_name": "Pure Mogra Water - Face & Body Mist", "product_brand": "Kama Ayurveda", "combo": []}, {"category": "Beauty & Hygiene", "sub_category_name": "Skin Care", "product_name": "Soft Light Moisturising Cream - Tropical Fruit", "product_brand": "Nivea", "combo": [["100 ml", "152.00"], ["200 ml", "216.00"]]}, {"category": "Beauty & Hygiene", "sub_category_name": "Skin Care", "product_name": "Clear Complexion Whitening Day Cream", "product_brand": "Himalaya", "combo": []}, {"category": "Beauty & Hygiene", "sub_category_name": "Skin Care", "product_name": "Creme - 9 To 5 Naturale, Night", "product_brand": "Lakme", "combo": []}, {"category": "Beauty & Hygiene", "sub_category_name": "Skin Care", "product_name": "Deep Restore Body Cream", "product_brand": "Vaseline", "combo": [["150 ml", "136.00"], ["250 ml", "207.00"]]}, {"category": "Beauty & Hygiene", "sub_category_name": "Skin Care", "product_name": "Active Sport Face Wash", "product_brand": "Himalaya Men", "combo": []}, {"category": "Beauty & Hygiene", "sub_category_name": "Skin Care", "product_name": "Sun Moisturising Lotion - SPF 50", "product_brand": "Nivea", "combo": [["75 ml", "324.00"], ["125 ml", "445.50"]]}, {"category": "Beauty & Hygiene", "sub_category_name": "Skin Care", "product_name": "Men - Pollution Out Activated Charcoal Deep Clean Face Wash", "product_brand": "Ponds", "combo": [["100 g", "174.25"], ["50 g", "110.00"]]}, {"category": "Beauty & Hygiene", "sub_category_name": "Skin Care", "product_name": "Deep Clean Facial Cleanser - Normal to Oily Skin", "product_brand": "Neutrogena", "combo": [["200 ml", "396.00"], ["50 ml", "110.00"]]}, {"category": "Beauty & Hygiene", "sub_category_name": "Skin Care", "product_name": "Face Wash", "product_brand": "FAIR AND HANDSOME", "combo": [["3x100 g", "298.71"], ["50 g", "70.00"], ["100 g", "99.57"]]}, {"category": "Beauty & Hygiene", "sub_category_name": "Skin Care", "product_name": "Honey & Almonds Advanced Nourishing Body Lotion", "product_brand": "Joy", "combo": [["300 ml", "128.70"], ["100 ml", "60.75"], ["500 ml", "206.50"]]}, {"category": "Beauty & Hygiene", "sub_category_name": "Skin Care", "product_name": "Green Tea Moisturizer+Night Gel", "product_brand": "Plum", "combo": []}, {"category": "Beauty & Hygiene", "sub_category_name": "Skin Care", "product_name": "Castor Oil", "product_brand": "ST. D'VENCE", "combo": []}, {"category": "Beauty & Hygiene", "sub_category_name": "Skin Care", "product_name": "Insta Glow Herbal Bleach - Salon Series", "product_brand": "Vlcc", "combo": [["27 g", "49.50"], ["3x27 g", "141.07"]]}, {"category": "Beauty & Hygiene", "sub_category_name": "Skin Care", "product_name": "Face Wash - Fresh Renewal", "product_brand": "Pears", "combo": []}, {"category": "Beauty & Hygiene", "sub_category_name": "Skin Care", "product_name": "Deep Clean Foaming Cleanser", "product_brand": "Neutrogena", "combo": [["100 g", "225.00"], ["50 g", "135.00"]]}, {"category": "Beauty & Hygiene", "sub_category_name": "Skin Care", "product_name": "Pimple Clear Neem Face Wash", "product_brand": "Himalaya Men", "combo": [["100 ml", "140.80"], ["50 ml", "74.80"]]}, {"category": "Beauty & Hygiene", "sub_category_name": "Skin Care", "product_name": "Oil in Lotion - Cherry Blossom & Jojoba Oil", "product_brand": "Nivea", "combo": [["200 ml", "234.00"], ["400 ml", "361.25"]]}, {"category": "Beauty & Hygiene", "sub_category_name": "Skin Care", "product_name": "Skin Naturals Fresh Mix Vitamin C Booster Face Serum Sheet Mask - Orange", "product_brand": "Garnier", "combo": [["33 g", "120.00"], ["3x33 g", "288.00"]]}, {"category": "Beauty & Hygiene", "sub_category_name": "Skin Care", "product_name": "Face Mask - C3", "product_brand": "Mamaearth", "combo": []}, {"category": "Beauty & Hygiene", "sub_category_name": "Skin Care", "product_name": "Pure Mogra Water - Face & Body Mist", "product_brand": "Kama Ayurveda", "combo": []}, {"category": "Beauty & Hygiene", "sub_category_name": "Skin Care", "product_name": "Soft Light Moisturising Cream - Tropical Fruit", "product_brand": "Nivea", "combo": [["100 ml", "152.00"], ["200 ml", "216.00"]]}, {"category": "Beauty & Hygiene", "sub_category_name": "Skin Care", "product_name": "Clear Complexion Whitening Day Cream", "product_brand": "Himalaya", "combo": []}, {"category": "Beauty & Hygiene", "sub_category_name": "Skin Care", "product_name": "Creme - 9 To 5 Naturale, Night", "product_brand": "Lakme", "combo": []}, {"category": "Beauty & Hygiene", "sub_category_name": "Skin Care", "product_name": "Deep Restore Body Cream", "product_brand": "Vaseline", "combo": [["150 ml", "136.00"], ["250 ml", "207.00"]]}, {"category": "Beauty & Hygiene", "sub_category_name": "Skin Care", "product_name": "Active Sport Face Wash", "product_brand": "Himalaya Men", "combo": []}, {"category": "Beauty & Hygiene", "sub_category_name": "Skin Care", "product_name": "Sun Moisturising Lotion - SPF 50", "product_brand": "Nivea", "combo": [["75 ml", "324.00"], ["125 ml", "445.50"]]}, {"category": "Beauty & Hygiene", "sub_category_name": "Skin Care", "product_name": "Men - Pollution Out Activated Charcoal Deep Clean Face Wash", "product_brand": "Ponds", "combo": [["100 g", "174.25"], ["50 g", "110.00"]]}, {"category": "Beauty & Hygiene", "sub_category_name": "Skin Care", "product_name": "Deep Clean Facial Cleanser - Normal to Oily Skin", "product_brand": "Neutrogena", "combo": [["200 ml", "396.00"], ["50 ml", "110.00"]]}, {"category": "Beauty & Hygiene", "sub_category_name": "Skin Care", "product_name": "Face Wash", "product_brand": "FAIR AND HANDSOME", "combo": [["3x100 g", "298.71"], ["50 g", "70.00"], ["100 g", "99.57"]]}, {"category": "Beauty & Hygiene", "sub_category_name": "Skin Care", "product_name": "Honey & Almonds Advanced Nourishing Body Lotion", "product_brand": "Joy", "combo": [["300 ml", "128.70"], ["100 ml", "60.75"], ["500 ml", "206.50"]]}, {"category": "Beauty & Hygiene", "sub_category_name": "Skin Care", "product_name": "Fresh Start Oil Clear Strawberry Face Wash", "product_brand": "Himalaya", "combo": [["50 ml", "71.25"], ["100 ml", "133.00"]]}, {"category": "Beauty & Hygiene", "sub_category_name": "Skin Care", "product_name": "Diamond Facial Kit", "product_brand": "Vlcc", "combo": []}, {"category": "Beauty & Hygiene", "sub_category_name": "Skin Care", "product_name": "7X Ultra Whitening and Brightening Charcoal Peel Off Mask", "product_brand": "Vlcc", "combo": []}, {"category": "Beauty & Hygiene", "sub_category_name": "Skin Care", "product_name": "Gulabari Premium Rose Water - Paraben Free Skin Toner", "product_brand": "Dabur", "combo": []}, {"category": "Beauty & Hygiene", "sub_category_name": "Skin Care", "product_name": "Soft Touch Body Lotion", "product_brand": "Parachute Advansed", "combo": [["3x400 ml", "453.60"], ["400 ml", "168.00"]]}, {"category": "Beauty & Hygiene", "sub_category_name": "Skin Care", "product_name": "Foaming Face Wash - Bio Pineapple For Oil Control", "product_brand": "BIOTIQUE", "combo": [["50 ml", "55.25"], ["3x50 ml", "156.00"], ["100 ml", "101.15"]]}, {"category": "Beauty & Hygiene", "sub_category_name": "Skin Care", "product_name": "The Fresh Mask Sheet - Honey", "product_brand": "It's Skin", "combo": [["1 pc", "100.00"], ["2x1 pc", "190.00"], ["3x1 pc", "225.00"]]}, {"category": "Beauty & Hygiene", "sub_category_name": "Skin Care", "product_name": "Skin Natutals - Pure Active Neem Face Wash", "product_brand": "Garnier", "combo": [["100 g", "96.00"], ["2x100 g", "182.40"]]}, {"category": "Beauty & Hygiene", "sub_category_name": "Skin Care", "product_name": "Safe Sun Uv Screen Matte Gel PA+++ - SPF 50", "product_brand": "Lotus Herbals", "combo": [["100 g", "330.00"], ["50 g", "236.25"]]}, {"category": "Beauty & Hygiene", "sub_category_name": "Skin Care", "product_name": "Foaming Face Wash", "product_brand": "Clean & Clear", "combo": []}, {"category": "Beauty & Hygiene", "sub_category_name": "Skin Care", "product_name": "Blush & Glow Kiwi Freshness Gel Face Wash With Kiwi Extracts", "product_brand": "Lakme", "combo": [["50 g", "115.00"], ["100 g", "191.25"]]}, {"category": "Beauty & Hygiene", "sub_category_name": "Skin Care", "product_name": "Insta Glow Multivitamins Face Wash For Bright Skin", "product_brand": "Glow & Lovely", "combo": []}, {"category": "Beauty & Hygiene", "sub_category_name": "Skin Care", "product_name": "Face Pack - Activated Bamboo Charcoal", "product_brand": "Aroma Magic", "combo": []}, {"category": "Beauty & Hygiene", "sub_category_name": "Skin Care", "product_name": "Real Nature Pomegranate Face Mask", "product_brand": "The Face Shop", "combo": [["2x20 g", "190.00"], ["3x20 g", "225.00"], ["20 g", "100.00"]]}, {"category": "Beauty & Hygiene", "sub_category_name": "Skin Care", "product_name": "Refreshing Cleansing Milk", "product_brand": "Himalaya", "combo": []}, {"category": "Beauty & Hygiene", "sub_category_name": "Skin Care", "product_name": "Sun Expert SPF 50 Ultra Matte Lotion", "product_brand": "Lakme", "combo": [["50 ml", "238.00"], ["100 ml", "403.75"]]}, {"category": "Beauty & Hygiene", "sub_category_name": "Skin Care", "product_name": "Real Nature Olive Face Mask", "product_brand": "The Face Shop", "combo": [["3x20 g", "225.00"], ["20 g", "100.00"], ["2x20 g", "190.00"]]}, {"category": "Beauty & Hygiene", "sub_category_name": "Skin Care", "product_name": "Real Nature Blueberry Face Mask", "product_brand": "The Face Shop", "combo": [["20 g", "100.00"], ["3x20 g", "225.00"], ["2x20 g", "190.00"], ["6x20 g", "420.00"]]}, {"category": "Beauty & Hygiene", "sub_category_name": "Skin Care", "product_name": "Eye Roll-On - Light", "product_brand": "Garnier", "combo": []}, {"category": "Beauty & Hygiene", "sub_category_name": "Skin Care", "product_name": "Lavang Moisturiser", "product_brand": "Vlcc", "combo": []}, {"category": "Beauty & Hygiene", "sub_category_name": "Skin Care", "product_name": "Green Tea Moisturizer+Night Gel", "product_brand": "Plum", "combo": []}, {"category": "Beauty & Hygiene", "sub_category_name": "Skin Care", "product_name": "Castor Oil", "product_brand": "ST. D'VENCE", "combo": []}, {"category": "Beauty & Hygiene", "sub_category_name": "Skin Care", "product_name": "Insta Glow Herbal Bleach - Salon Series", "product_brand": "Vlcc", "combo": [["27 g", "49.50"], ["3x27 g", "141.07"]]}, {"category": "Beauty & Hygiene", "sub_category_name": "Skin Care", "product_name": "Face Wash - Fresh Renewal", "product_brand": "Pears", "combo": []}, {"category": "Beauty & Hygiene", "sub_category_name": "Skin Care", "product_name": "Deep Clean Foaming Cleanser", "product_brand": "Neutrogena", "combo": [["100 g", "225.00"], ["50 g", "135.00"]]}, {"category": "Beauty & Hygiene", "sub_category_name": "Skin Care", "product_name": "Pimple Clear Neem Face Wash", "product_brand": "Himalaya Men", "combo": [["100 ml", "140.80"], ["50 ml", "74.80"]]}, {"category": "Beauty & Hygiene", "sub_category_name": "Skin Care", "product_name": "Oil in Lotion - Cherry Blossom & Jojoba Oil", "product_brand": "Nivea", "combo": [["200 ml", "234.00"], ["400 ml", "361.25"]]}, {"category": "Beauty & Hygiene", "sub_category_name": "Skin Care", "product_name": "Skin Naturals Fresh Mix Vitamin C Booster Face Serum Sheet Mask - Orange", "product_brand": "Garnier", "combo": [["33 g", "120.00"], ["3x33 g", "288.00"]]}, {"category": "Beauty & Hygiene", "sub_category_name": "Skin Care", "product_name": "Face Mask - C3", "product_brand": "Mamaearth", "combo": []}, {"category": "Beauty & Hygiene", "sub_category_name": "Skin Care", "product_name": "Pure Mogra Water - Face & Body Mist", "product_brand": "Kama Ayurveda", "combo": []}, {"category": "Beauty & Hygiene", "sub_category_name": "Skin Care", "product_name": "Soft Light Moisturising Cream - Tropical Fruit", "product_brand": "Nivea", "combo": [["100 ml", "152.00"], ["200 ml", "216.00"]]}, {"category": "Beauty & Hygiene", "sub_category_name": "Skin Care", "product_name": "Clear Complexion Whitening Day Cream", "product_brand": "Himalaya", "combo": []}, {"category": "Beauty & Hygiene", "sub_category_name": "Skin Care", "product_name": "Creme - 9 To 5 Naturale, Night", "product_brand": "Lakme", "combo": []}, {"category": "Beauty & Hygiene", "sub_category_name": "Skin Care", "product_name": "Deep Restore Body Cream", "product_brand": "Vaseline", "combo": [["150 ml", "136.00"], ["250 ml", "207.00"]]}, {"category": "Beauty & Hygiene", "sub_category_name": "Skin Care", "product_name": "Active Sport Face Wash", "product_brand": "Himalaya Men", "combo": []}, {"category": "Beauty & Hygiene", "sub_category_name": "Skin Care", "product_name": "Sun Moisturising Lotion - SPF 50", "product_brand": "Nivea", "combo": [["75 ml", "324.00"], ["125 ml", "445.50"]]}, {"category": "Beauty & Hygiene", "sub_category_name": "Skin Care", "product_name": "Men - Pollution Out Activated Charcoal Deep Clean Face Wash", "product_brand": "Ponds", "combo": [["100 g", "174.25"], ["50 g", "110.00"]]}, {"category": "Beauty & Hygiene", "sub_category_name": "Skin Care", "product_name": "Deep Clean Facial Cleanser - Normal to Oily Skin", "product_brand": "Neutrogena", "combo": [["200 ml", "396.00"], ["50 ml", "110.00"]]}, {"category": "Beauty & Hygiene", "sub_category_name": "Skin Care", "product_name": "Face Wash", "product_brand": "FAIR AND HANDSOME", "combo": [["3x100 g", "298.71"], ["50 g", "70.00"], ["100 g", "99.57"]]}, {"category": "Beauty & Hygiene", "sub_category_name": "Skin Care", "product_name": "Honey & Almonds Advanced Nourishing Body Lotion", "product_brand": "Joy", "combo": [["300 ml", "128.70"], ["100 ml", "60.75"], ["500 ml", "206.50"]]}, {"category": "Beauty & Hygiene", "sub_category_name": "Skin Care", "product_name": "Green Tea Moisturizer+Night Gel", "product_brand": "Plum", "combo": []}, {"category": "Beauty & Hygiene", "sub_category_name": "Skin Care", "product_name": "Castor Oil", "product_brand": "ST. D'VENCE", "combo": []}, {"category": "Beauty & Hygiene", "sub_category_name": "Skin Care", "product_name": "Insta Glow Herbal Bleach - Salon Series", "product_brand": "Vlcc", "combo": [["27 g", "49.50"], ["3x27 g", "141.07"]]}, {"category": "Beauty & Hygiene", "sub_category_name": "Skin Care", "product_name": "Face Wash - Fresh Renewal", "product_brand": "Pears", "combo": []}, {"category": "Beauty & Hygiene", "sub_category_name": "Skin Care", "product_name": "Deep Clean Foaming Cleanser", "product_brand": "Neutrogena", "combo": [["100 g", "225.00"], ["50 g", "135.00"]]}, {"category": "Beauty & Hygiene", "sub_category_name": "Skin Care", "product_name": "Pimple Clear Neem Face Wash", "product_brand": "Himalaya Men", "combo": [["100 ml", "140.80"], ["50 ml", "74.80"]]}, {"category": "Beauty & Hygiene", "sub_category_name": "Skin Care", "product_name": "Oil in Lotion - Cherry Blossom & Jojoba Oil", "product_brand": "Nivea", "combo": [["200 ml", "234.00"], ["400 ml", "361.25"]]}, {"category": "Beauty & Hygiene", "sub_category_name": "Skin Care", "product_name": "Skin Naturals Fresh Mix Vitamin C Booster Face Serum Sheet Mask - Orange", "product_brand": "Garnier", "combo": [["33 g", "120.00"], ["3x33 g", "288.00"]]}, {"category": "Beauty & Hygiene", "sub_category_name": "Skin Care", "product_name": "Face Mask - C3", "product_brand": "Mamaearth", "combo": []}, {"category": "Beauty & Hygiene", "sub_category_name": "Skin Care", "product_name": "Pure Mogra Water - Face & Body Mist", "product_brand": "Kama Ayurveda", "combo": []}, {"category": "Beauty & Hygiene", "sub_category_name": "Skin Care", "product_name": "Soft Light Moisturising Cream - Tropical Fruit", "product_brand": "Nivea", "combo": [["100 ml", "152.00"], ["200 ml", "216.00"]]}, {"category": "Beauty & Hygiene", "sub_category_name": "Skin Care", "product_name": "Clear Complexion Whitening Day Cream", "product_brand": "Himalaya", "combo": []}, {"category": "Beauty & Hygiene", "sub_category_name": "Skin Care", "product_name": "Creme - 9 To 5 Naturale, Night", "product_brand": "Lakme", "combo": []}, {"category": "Beauty & Hygiene", "sub_category_name": "Skin Care", "product_name": "Deep Restore Body Cream", "product_brand": "Vaseline", "combo": [["150 ml", "136.00"], ["250 ml", "207.00"]]}, {"category": "Beauty & Hygiene", "sub_category_name": "Skin Care", "product_name": "Active Sport Face Wash", "product_brand": "Himalaya Men", "combo": []}, {"category": "Beauty & Hygiene", "sub_category_name": "Skin Care", "product_name": "Sun Moisturising Lotion - SPF 50", "product_brand": "Nivea", "combo": [["75 ml", "324.00"], ["125 ml", "445.50"]]}, {"category": "Beauty & Hygiene", "sub_category_name": "Skin Care", "product_name": "Men - Pollution Out Activated Charcoal Deep Clean Face Wash", "product_brand": "Ponds", "combo": [["100 g", "174.25"], ["50 g", "110.00"]]}, {"category": "Beauty & Hygiene", "sub_category_name": "Skin Care", "product_name": "Deep Clean Facial Cleanser - Normal to Oily Skin", "product_brand": "Neutrogena", "combo": [["200 ml", "396.00"], ["50 ml", "110.00"]]}, {"category": "Beauty & Hygiene", "sub_category_name": "Skin Care", "product_name": "Face Wash", "product_brand": "FAIR AND HANDSOME", "combo": [["3x100 g", "298.71"], ["50 g", "70.00"], ["100 g", "99.57"]]}, {"category": "Beauty & Hygiene", "sub_category_name": "Skin Care", "product_name": "Honey & Almonds Advanced Nourishing Body Lotion", "product_brand": "Joy", "combo": [["300 ml", "128.70"], ["100 ml", "60.75"], ["500 ml", "206.50"]]}, {"category": "Beauty & Hygiene", "sub_category_name": "Skin Care", "product_name": "Green Tea Moisturizer+Night Gel", "product_brand": "Plum", "combo": []}, {"category": "Beauty & Hygiene", "sub_category_name": "Skin Care", "product_name": "Castor Oil", "product_brand": "ST. D'VENCE", "combo": []}, {"category": "Beauty & Hygiene", "sub_category_name": "Skin Care", "product_name": "Insta Glow Herbal Bleach - Salon Series", "product_brand": "Vlcc", "combo": [["27 g", "49.50"], ["3x27 g", "141.07"]]}, {"category": "Beauty & Hygiene", "sub_category_name": "Skin Care", "product_name": "Face Wash - Fresh Renewal", "product_brand": "Pears", "combo": []}, {"category": "Beauty & Hygiene", "sub_category_name": "Skin Care", "product_name": "Deep Clean Foaming Cleanser", "product_brand": "Neutrogena", "combo": [["100 g", "225.00"], ["50 g", "135.00"]]}, {"category": "Beauty & Hygiene", "sub_category_name": "Skin Care", "product_name": "Pimple Clear Neem Face Wash", "product_brand": "Himalaya Men", "combo": [["100 ml", "140.80"], ["50 ml", "74.80"]]}, {"category": "Beauty & Hygiene", "sub_category_name": "Skin Care", "product_name": "Oil in Lotion - Cherry Blossom & Jojoba Oil", "product_brand": "Nivea", "combo": [["200 ml", "234.00"], ["400 ml", "361.25"]]}, {"category": "Beauty & Hygiene", "sub_category_name": "Skin Care", "product_name": "Skin Naturals Fresh Mix Vitamin C Booster Face Serum Sheet Mask - Orange", "product_brand": "Garnier", "combo": [["33 g", "120.00"], ["3x33 g", "288.00"]]}, {"category": "Beauty & Hygiene", "sub_category_name": "Skin Care", "product_name": "Face Mask - C3", "product_brand": "Mamaearth", "combo": []}, {"category": "Beauty & Hygiene", "sub_category_name": "Skin Care", "product_name": "Pure Mogra Water - Face & Body Mist", "product_brand": "Kama Ayurveda", "combo": []}, {"category": "Beauty & Hygiene", "sub_category_name": "Skin Care", "product_name": "Soft Light Moisturising Cream - Tropical Fruit", "product_brand": "Nivea", "combo": [["100 ml", "152.00"], ["200 ml", "216.00"]]}, {"category": "Beauty & Hygiene", "sub_category_name": "Skin Care", "product_name": "Clear Complexion Whitening Day Cream", "product_brand": "Himalaya", "combo": []}, {"category": "Beauty & Hygiene", "sub_category_name": "Skin Care", "product_name": "Creme - 9 To 5 Naturale, Night", "product_brand": "Lakme", "combo": []}, {"category": "Beauty & Hygiene", "sub_category_name": "Skin Care", "product_name": "Deep Restore Body Cream", "product_brand": "Vaseline", "combo": [["150 ml", "136.00"], ["250 ml", "207.00"]]}, {"category": "Beauty & Hygiene", "sub_category_name": "Skin Care", "product_name": "Active Sport Face Wash", "product_brand": "Himalaya Men", "combo": []}, {"category": "Beauty & Hygiene", "sub_category_name": "Skin Care", "product_name": "Sun Moisturising Lotion - SPF 50", "product_brand": "Nivea", "combo": [["75 ml", "324.00"], ["125 ml", "445.50"]]}, {"category": "Beauty & Hygiene", "sub_category_name": "Skin Care", "product_name": "Men - Pollution Out Activated Charcoal Deep Clean Face Wash", "product_brand": "Ponds", "combo": [["100 g", "174.25"], ["50 g", "110.00"]]}, {"category": "Beauty & Hygiene", "sub_category_name": "Skin Care", "product_name": "Deep Clean Facial Cleanser - Normal to Oily Skin", "product_brand": "Neutrogena", "combo": [["200 ml", "396.00"], ["50 ml", "110.00"]]}, {"category": "Beauty & Hygiene", "sub_category_name": "Skin Care", "product_name": "Face Wash", "product_brand": "FAIR AND HANDSOME", "combo": [["3x100 g", "298.71"], ["50 g", "70.00"], ["100 g", "99.57"]]}, {"category": "Beauty & Hygiene", "sub_category_name": "Skin Care", "product_name": "Honey & Almonds Advanced Nourishing Body Lotion", "product_brand": "Joy", "combo": [["300 ml", "128.70"], ["100 ml", "60.75"], ["500 ml", "206.50"]]}, {"category": "Beauty & Hygiene", "sub_category_name": "Skin Care", "product_name": "Snigdha Skin Whitening Face Wash", "product_brand": "Vlcc", "combo": []}, {"category": "Beauty & Hygiene", "sub_category_name": "Skin Care", "product_name": "Aloe Cucumber Gel", "product_brand": "Green Leaf", "combo": []}, {"category": "Beauty & Hygiene", "sub_category_name": "Skin Care", "product_name": "Oil Control Face Wash - Sulphate Free", "product_brand": "Organic Harvest", "combo": []}, {"category": "Beauty & Hygiene", "sub_category_name": "Skin Care", "product_name": "Calm This Way - Hello Aloe Soothing Body Gel", "product_brand": "Plum", "combo": []}, {"category": "Beauty & Hygiene", "sub_category_name": "Skin Care", "product_name": "Purifying Neem Face Wash", "product_brand": "Everyuth Naturals", "combo": [["2x100 g", "188.10"], ["150 g", "128.25"], ["100 g", "99.00"], ["3x50 g", "162.45"], ["50 g", "57.00"]]}, {"category": "Beauty & Hygiene", "sub_category_name": "Skin Care", "product_name": "Ultra Sheer Dry Touch Sun Block", "product_brand": "Neutrogena", "combo": [["30 ml", "187.06"], ["88 ml", "510.57"]]}, {"category": "Beauty & Hygiene", "sub_category_name": "Skin Care", "product_name": "Natural White - Light Instant Glowing Fairness Skin Cream Serum", "product_brand": "Olay", "combo": [["40 g", "169.00"], ["20 g", "99.00"], ["2x20 g", "188.10"]]}, {"category": "Beauty & Hygiene", "sub_category_name": "Skin Care", "product_name": "Body Creme - For Stretch Marks", "product_brand": "Mamaearth", "combo": [["2x100 ml", "1000.00"], ["100 ml", "500.00"]]}, {"category": "Beauty & Hygiene", "sub_category_name": "Skin Care", "product_name": "Lacto Bleach", "product_brand": "Natures Essence", "combo": [["50 g", "90.00"], ["2x50 g", "171.00"]]}, {"category": "Beauty & Hygiene", "sub_category_name": "Skin Care", "product_name": "Papaya Fruit Facial Kit", "product_brand": "Vlcc", "combo": []}, {"category": "Beauty & Hygiene", "sub_category_name": "Skin Care", "product_name": "Anti-Marks Natural Ayurvedic Turmeric Face Cream", "product_brand": "Lever Ayush", "combo": [["50 g", "128.00"], ["25 g", "62.10"]]}, {"category": "Beauty & Hygiene", "sub_category_name": "Skin Care", "product_name": "Ayurvedic Vitamin C Brightening Face Mask", "product_brand": "Natural Vibes", "combo": []}, {"category": "Beauty & Hygiene", "sub_category_name": "Skin Care", "product_name": "Insta Fair & Glow Fairness Cream", "product_brand": "Vlcc", "combo": [["50 g", "85.50"], ["2x50 g", "162.45"]]}, {"category": "Beauty & Hygiene", "sub_category_name": "Skin Care", "product_name": "Cucumber Cell Rejuvenating Moisturising Gel", "product_brand": "Biocare", "combo": []}, {"category": "Beauty & Hygiene", "sub_category_name": "Skin Care", "product_name": "Real Nature Green Tea Face Mask", "product_brand": "The Face Shop", "combo": [["20 g", "100.00"], ["2x20 g", "190.00"], ["3x20 g", "225.00"]]}, {"category": "Beauty & Hygiene", "sub_category_name": "Skin Care", "product_name": "Real Nature Tea Tree Face Mask", "product_brand": "The Face Shop", "combo": [["6x20 g", "420.00"], ["2x20 g", "190.00"], ["20 g", "100.00"], ["3x20 g", "225.00"]]}, {"category": "Beauty & Hygiene", "sub_category_name": "Skin Care", "product_name": "Face Wash - Dry Skin, Mint Cool", "product_brand": "USTRAA", "combo": []}, {"category": "Beauty & Hygiene", "sub_category_name": "Skin Care", "product_name": "Real Nature Honey Face Mask", "product_brand": "The Face Shop", "combo": [["2x20 g", "190.00"], ["6x20 g", "420.00"], ["20 g", "100.00"], ["3x20 g", "225.00"]]}, {"category": "Beauty & Hygiene", "sub_category_name": "Skin Care", "product_name": "Bio Pistachio Youthful Nourishing & Revitalizing Face Pack", "product_brand": "BIOTIQUE", "combo": [["50 g", "169.15"], ["175 g", "477.00"]]}, {"category": "Beauty & Hygiene", "sub_category_name": "Skin Care", "product_name": "Natural Fairness Natural Ayurvedic Saffron Face Wash", "product_brand": "Lever Ayush", "combo": []}, {"category": "Beauty & Hygiene", "sub_category_name": "Skin Care", "product_name": "Snigdha Skin Whitening Face Wash", "product_brand": "Vlcc", "combo": []}, {"category": "Beauty & Hygiene", "sub_category_name": "Skin Care", "product_name": "Aloe Cucumber Gel", "product_brand": "Green Leaf", "combo": []}, {"category": "Beauty & Hygiene", "sub_category_name": "Skin Care", "product_name": "Oil Control Face Wash - Sulphate Free", "product_brand": "Organic Harvest", "combo": []}, {"category": "Beauty & Hygiene", "sub_category_name": "Skin Care", "product_name": "Calm This Way - Hello Aloe Soothing Body Gel", "product_brand": "Plum", "combo": []}, {"category": "Beauty & Hygiene", "sub_category_name": "Skin Care", "product_name": "Purifying Neem Face Wash", "product_brand": "Everyuth Naturals", "combo": [["2x100 g", "188.10"], ["150 g", "128.25"], ["100 g", "99.00"], ["3x50 g", "162.45"], ["50 g", "57.00"]]}, {"category": "Beauty & Hygiene", "sub_category_name": "Skin Care", "product_name": "Ultra Sheer Dry Touch Sun Block", "product_brand": "Neutrogena", "combo": [["30 ml", "187.06"], ["88 ml", "510.57"]]}, {"category": "Beauty & Hygiene", "sub_category_name": "Skin Care", "product_name": "Natural White - Light Instant Glowing Fairness Skin Cream Serum", "product_brand": "Olay", "combo": [["40 g", "169.00"], ["20 g", "99.00"], ["2x20 g", "188.10"]]}, {"category": "Beauty & Hygiene", "sub_category_name": "Skin Care", "product_name": "Body Creme - For Stretch Marks", "product_brand": "Mamaearth", "combo": [["2x100 ml", "1000.00"], ["100 ml", "500.00"]]}, {"category": "Beauty & Hygiene", "sub_category_name": "Skin Care", "product_name": "Lacto Bleach", "product_brand": "Natures Essence", "combo": [["50 g", "90.00"], ["2x50 g", "171.00"]]}, {"category": "Beauty & Hygiene", "sub_category_name": "Skin Care", "product_name": "Papaya Fruit Facial Kit", "product_brand": "Vlcc", "combo": []}, {"category": "Beauty & Hygiene", "sub_category_name": "Skin Care", "product_name": "Anti-Marks Natural Ayurvedic Turmeric Face Cream", "product_brand": "Lever Ayush", "combo": [["50 g", "128.00"], ["25 g", "62.10"]]}, {"category": "Beauty & Hygiene", "sub_category_name": "Skin Care", "product_name": "Ayurvedic Vitamin C Brightening Face Mask", "product_brand": "Natural Vibes", "combo": []}, {"category": "Beauty & Hygiene", "sub_category_name": "Skin Care", "product_name": "Insta Fair & Glow Fairness Cream", "product_brand": "Vlcc", "combo": [["50 g", "85.50"], ["2x50 g", "162.45"]]}, {"category": "Beauty & Hygiene", "sub_category_name": "Skin Care", "product_name": "Cucumber Cell Rejuvenating Moisturising Gel", "product_brand": "Biocare", "combo": []}, {"category": "Beauty & Hygiene", "sub_category_name": "Skin Care", "product_name": "Real Nature Green Tea Face Mask", "product_brand": "The Face Shop", "combo": [["20 g", "100.00"], ["2x20 g", "190.00"], ["3x20 g", "225.00"]]}, {"category": "Beauty & Hygiene", "sub_category_name": "Skin Care", "product_name": "Real Nature Tea Tree Face Mask", "product_brand": "The Face Shop", "combo": [["6x20 g", "420.00"], ["2x20 g", "190.00"], ["20 g", "100.00"], ["3x20 g", "225.00"]]}, {"category": "Beauty & Hygiene", "sub_category_name": "Skin Care", "product_name": "Face Wash - Dry Skin, Mint Cool", "product_brand": "USTRAA", "combo": []}, {"category": "Beauty & Hygiene", "sub_category_name": "Skin Care", "product_name": "Real Nature Honey Face Mask", "product_brand": "The Face Shop", "combo": [["2x20 g", "190.00"], ["6x20 g", "420.00"], ["20 g", "100.00"], ["3x20 g", "225.00"]]}, {"category": "Beauty & Hygiene", "sub_category_name": "Skin Care", "product_name": "Bio Pistachio Youthful Nourishing & Revitalizing Face Pack", "product_brand": "BIOTIQUE", "combo": [["50 g", "169.15"], ["175 g", "477.00"]]}, {"category": "Beauty & Hygiene", "sub_category_name": "Skin Care", "product_name": "Natural Fairness Natural Ayurvedic Saffron Face Wash", "product_brand": "Lever Ayush", "combo": []}, {"category": "Beauty & Hygiene", "sub_category_name": "Skin Care", "product_name": "Snigdha Skin Whitening Face Wash", "product_brand": "Vlcc", "combo": []}, {"category": "Beauty & Hygiene", "sub_category_name": "Skin Care", "product_name": "Aloe Cucumber Gel", "product_brand": "Green Leaf", "combo": []}, {"category": "Beauty & Hygiene", "sub_category_name": "Skin Care", "product_name": "Oil Control Face Wash - Sulphate Free", "product_brand": "Organic Harvest", "combo": []}, {"category": "Beauty & Hygiene", "sub_category_name": "Skin Care", "product_name": "Calm This Way - Hello Aloe Soothing Body Gel", "product_brand": "Plum", "combo": []}, {"category": "Beauty & Hygiene", "sub_category_name": "Skin Care", "product_name": "Purifying Neem Face Wash", "product_brand": "Everyuth Naturals", "combo": [["2x100 g", "188.10"], ["150 g", "128.25"], ["100 g", "99.00"], ["3x50 g", "162.45"], ["50 g", "57.00"]]}, {"category": "Beauty & Hygiene", "sub_category_name": "Skin Care", "product_name": "Ultra Sheer Dry Touch Sun Block", "product_brand": "Neutrogena", "combo": [["30 ml", "187.06"], ["88 ml", "510.57"]]}, {"category": "Beauty & Hygiene", "sub_category_name": "Skin Care", "product_name": "Natural White - Light Instant Glowing Fairness Skin Cream Serum", "product_brand": "Olay", "combo": [["40 g", "169.00"], ["20 g", "99.00"], ["2x20 g", "188.10"]]}, {"category": "Beauty & Hygiene", "sub_category_name": "Skin Care", "product_name": "Body Creme - For Stretch Marks", "product_brand": "Mamaearth", "combo": [["2x100 ml", "1000.00"], ["100 ml", "500.00"]]}, {"category": "Beauty & Hygiene", "sub_category_name": "Skin Care", "product_name": "Lacto Bleach", "product_brand": "Natures Essence", "combo": [["50 g", "90.00"], ["2x50 g", "171.00"]]}, {"category": "Beauty & Hygiene", "sub_category_name": "Skin Care", "product_name": "Papaya Fruit Facial Kit", "product_brand": "Vlcc", "combo": []}, {"category": "Beauty & Hygiene", "sub_category_name": "Skin Care", "product_name": "Anti-Marks Natural Ayurvedic Turmeric Face Cream", "product_brand": "Lever Ayush", "combo": [["50 g", "128.00"], ["25 g", "62.10"]]}, {"category": "Beauty & Hygiene", "sub_category_name": "Skin Care", "product_name": "Ayurvedic Vitamin C Brightening Face Mask", "product_brand": "Natural Vibes", "combo": []}, {"category": "Beauty & Hygiene", "sub_category_name": "Skin Care", "product_name": "Insta Fair & Glow Fairness Cream", "product_brand": "Vlcc", "combo": [["50 g", "85.50"], ["2x50 g", "162.45"]]}, {"category": "Beauty & Hygiene", "sub_category_name": "Skin Care", "product_name": "Cucumber Cell Rejuvenating Moisturising Gel", "product_brand": "Biocare", "combo": []}, {"category": "Beauty & Hygiene", "sub_category_name": "Skin Care", "product_name": "Real Nature Green Tea Face Mask", "product_brand": "The Face Shop", "combo": [["20 g", "100.00"], ["2x20 g", "190.00"], ["3x20 g", "225.00"]]}, {"category": "Beauty & Hygiene", "sub_category_name": "Skin Care", "product_name": "Real Nature Tea Tree Face Mask", "product_brand": "The Face Shop", "combo": [["6x20 g", "420.00"], ["2x20 g", "190.00"], ["20 g", "100.00"], ["3x20 g", "225.00"]]}, {"category": "Beauty & Hygiene", "sub_category_name": "Skin Care", "product_name": "Face Wash - Dry Skin, Mint Cool", "product_brand": "USTRAA", "combo": []}, {"category": "Beauty & Hygiene", "sub_category_name": "Skin Care", "product_name": "Real Nature Honey Face Mask", "product_brand": "The Face Shop", "combo": [["2x20 g", "190.00"], ["6x20 g", "420.00"], ["20 g", "100.00"], ["3x20 g", "225.00"]]}, {"category": "Beauty & Hygiene", "sub_category_name": "Skin Care", "product_name": "Bio Pistachio Youthful Nourishing & Revitalizing Face Pack", "product_brand": "BIOTIQUE", "combo": [["50 g", "169.15"], ["175 g", "477.00"]]}, {"category": "Beauty & Hygiene", "sub_category_name": "Skin Care", "product_name": "Natural Fairness Natural Ayurvedic Saffron Face Wash", "product_brand": "Lever Ayush", "combo": []}, {"category": "Beauty & Hygiene", "sub_category_name": "Skin Care", "product_name": "Snigdha Skin Whitening Face Wash", "product_brand": "Vlcc", "combo": []}, {"category": "Beauty & Hygiene", "sub_category_name": "Skin Care", "product_name": "Aloe Cucumber Gel", "product_brand": "Green Leaf", "combo": []}, {"category": "Beauty & Hygiene", "sub_category_name": "Skin Care", "product_name": "Oil Control Face Wash - Sulphate Free", "product_brand": "Organic Harvest", "combo": []}, {"category": "Beauty & Hygiene", "sub_category_name": "Skin Care", "product_name": "Calm This Way - Hello Aloe Soothing Body Gel", "product_brand": "Plum", "combo": []}, {"category": "Beauty & Hygiene", "sub_category_name": "Skin Care", "product_name": "Purifying Neem Face Wash", "product_brand": "Everyuth Naturals", "combo": [["2x100 g", "188.10"], ["150 g", "128.25"], ["100 g", "99.00"], ["3x50 g", "162.45"], ["50 g", "57.00"]]}, {"category": "Beauty & Hygiene", "sub_category_name": "Skin Care", "product_name": "Ultra Sheer Dry Touch Sun Block", "product_brand": "Neutrogena", "combo": [["30 ml", "187.06"], ["88 ml", "510.57"]]}, {"category": "Beauty & Hygiene", "sub_category_name": "Skin Care", "product_name": "Natural White - Light Instant Glowing Fairness Skin Cream Serum", "product_brand": "Olay", "combo": [["40 g", "169.00"], ["20 g", "99.00"], ["2x20 g", "188.10"]]}, {"category": "Beauty & Hygiene", "sub_category_name": "Skin Care", "product_name": "Body Creme - For Stretch Marks", "product_brand": "Mamaearth", "combo": [["2x100 ml", "1000.00"], ["100 ml", "500.00"]]}, {"category": "Beauty & Hygiene", "sub_category_name": "Skin Care", "product_name": "Lacto Bleach", "product_brand": "Natures Essence", "combo": [["50 g", "90.00"], ["2x50 g", "171.00"]]}, {"category": "Beauty & Hygiene", "sub_category_name": "Skin Care", "product_name": "Papaya Fruit Facial Kit", "product_brand": "Vlcc", "combo": []}, {"category": "Beauty & Hygiene", "sub_category_name": "Skin Care", "product_name": "Anti-Marks Natural Ayurvedic Turmeric Face Cream", "product_brand": "Lever Ayush", "combo": [["50 g", "128.00"], ["25 g", "62.10"]]}, {"category": "Beauty & Hygiene", "sub_category_name": "Skin Care", "product_name": "Ayurvedic Vitamin C Brightening Face Mask", "product_brand": "Natural Vibes", "combo": []}, {"category": "Beauty & Hygiene", "sub_category_name": "Skin Care", "product_name": "Insta Fair & Glow Fairness Cream", "product_brand": "Vlcc", "combo": [["50 g", "85.50"], ["2x50 g", "162.45"]]}, {"category": "Beauty & Hygiene", "sub_category_name": "Skin Care", "product_name": "Cucumber Cell Rejuvenating Moisturising Gel", "product_brand": "Biocare", "combo": []}, {"category": "Beauty & Hygiene", "sub_category_name": "Skin Care", "product_name": "Real Nature Green Tea Face Mask", "product_brand": "The Face Shop", "combo": [["20 g", "100.00"], ["2x20 g", "190.00"], ["3x20 g", "225.00"]]}, {"category": "Beauty & Hygiene", "sub_category_name": "Skin Care", "product_name": "Real Nature Tea Tree Face Mask", "product_brand": "The Face Shop", "combo": [["6x20 g", "420.00"], ["2x20 g", "190.00"], ["20 g", "100.00"], ["3x20 g", "225.00"]]}, {"category": "Beauty & Hygiene", "sub_category_name": "Skin Care", "product_name": "Face Wash - Dry Skin, Mint Cool", "product_brand": "USTRAA", "combo": []}, {"category": "Beauty & Hygiene", "sub_category_name": "Skin Care", "product_name": "Real Nature Honey Face Mask", "product_brand": "The Face Shop", "combo": [["2x20 g", "190.00"], ["6x20 g", "420.00"], ["20 g", "100.00"], ["3x20 g", "225.00"]]}, {"category": "Beauty & Hygiene", "sub_category_name": "Skin Care", "product_name": "Bio Pistachio Youthful Nourishing & Revitalizing Face Pack", "product_brand": "BIOTIQUE", "combo": [["50 g", "169.15"], ["175 g", "477.00"]]}, {"category": "Beauty & Hygiene", "sub_category_name": "Skin Care", "product_name": "Natural Fairness Natural Ayurvedic Saffron Face Wash", "product_brand": "Lever Ayush", "combo": []}, {"category": "Beauty & Hygiene", "sub_category_name": "Skin Care", "product_name": "Snigdha Skin Whitening Face Wash", "product_brand": "Vlcc", "combo": []}, {"category": "Beauty & Hygiene", "sub_category_name": "Skin Care", "product_name": "Aloe Cucumber Gel", "product_brand": "Green Leaf", "combo": []}, {"category": "Beauty & Hygiene", "sub_category_name": "Skin Care", "product_name": "Oil Control Face Wash - Sulphate Free", "product_brand": "Organic Harvest", "combo": []}, {"category": "Beauty & Hygiene", "sub_category_name": "Skin Care", "product_name": "Calm This Way - Hello Aloe Soothing Body Gel", "product_brand": "Plum", "combo": []}, {"category": "Beauty & Hygiene", "sub_category_name": "Skin Care", "product_name": "Purifying Neem Face Wash", "product_brand": "Everyuth Naturals", "combo": [["2x100 g", "188.10"], ["150 g", "128.25"], ["100 g", "99.00"], ["3x50 g", "162.45"], ["50 g", "57.00"]]}, {"category": "Beauty & Hygiene", "sub_category_name": "Skin Care", "product_name": "Ultra Sheer Dry Touch Sun Block", "product_brand": "Neutrogena", "combo": [["30 ml", "187.06"], ["88 ml", "510.57"]]}, {"category": "Beauty & Hygiene", "sub_category_name": "Skin Care", "product_name": "Natural White - Light Instant Glowing Fairness Skin Cream Serum", "product_brand": "Olay", "combo": [["40 g", "169.00"], ["20 g", "99.00"], ["2x20 g", "188.10"]]}, {"category": "Beauty & Hygiene", "sub_category_name": "Skin Care", "product_name": "Body Creme - For Stretch Marks", "product_brand": "Mamaearth", "combo": [["2x100 ml", "1000.00"], ["100 ml", "500.00"]]}, {"category": "Beauty & Hygiene", "sub_category_name": "Skin Care", "product_name": "Lacto Bleach", "product_brand": "Natures Essence", "combo": [["50 g", "90.00"], ["2x50 g", "171.00"]]}, {"category": "Beauty & Hygiene", "sub_category_name": "Skin Care", "product_name": "Papaya Fruit Facial Kit", "product_brand": "Vlcc", "combo": []}, {"category": "Beauty & Hygiene", "sub_category_name": "Skin Care", "product_name": "Anti-Marks Natural Ayurvedic Turmeric Face Cream", "product_brand": "Lever Ayush", "combo": [["50 g", "128.00"], ["25 g", "62.10"]]}, {"category": "Beauty & Hygiene", "sub_category_name": "Skin Care", "product_name": "Ayurvedic Vitamin C Brightening Face Mask", "product_brand": "Natural Vibes", "combo": []}, {"category": "Beauty & Hygiene", "sub_category_name": "Skin Care", "product_name": "Insta Fair & Glow Fairness Cream", "product_brand": "Vlcc", "combo": [["50 g", "85.50"], ["2x50 g", "162.45"]]}, {"category": "Beauty & Hygiene", "sub_category_name": "Skin Care", "product_name": "Cucumber Cell Rejuvenating Moisturising Gel", "product_brand": "Biocare", "combo": []}, {"category": "Beauty & Hygiene", "sub_category_name": "Skin Care", "product_name": "Real Nature Green Tea Face Mask", "product_brand": "The Face Shop", "combo": [["20 g", "100.00"], ["2x20 g", "190.00"], ["3x20 g", "225.00"]]}, {"category": "Beauty & Hygiene", "sub_category_name": "Skin Care", "product_name": "Real Nature Tea Tree Face Mask", "product_brand": "The Face Shop", "combo": [["6x20 g", "420.00"], ["2x20 g", "190.00"], ["20 g", "100.00"], ["3x20 g", "225.00"]]}, {"category": "Beauty & Hygiene", "sub_category_name": "Skin Care", "product_name": "Face Wash - Dry Skin, Mint Cool", "product_brand": "USTRAA", "combo": []}, {"category": "Beauty & Hygiene", "sub_category_name": "Skin Care", "product_name": "Real Nature Honey Face Mask", "product_brand": "The Face Shop", "combo": [["2x20 g", "190.00"], ["6x20 g", "420.00"], ["20 g", "100.00"], ["3x20 g", "225.00"]]}, {"category": "Beauty & Hygiene", "sub_category_name": "Skin Care", "product_name": "Bio Pistachio Youthful Nourishing & Revitalizing Face Pack", "product_brand": "BIOTIQUE", "combo": [["50 g", "169.15"], ["175 g", "477.00"]]}]