[{"category": "Beauty & Hygiene", "sub_category_name": "Men's Grooming", "product_name": "Mach 3 Shaving Blades", "product_brand": "Gillette", "combo": [["12 pcs", "1125.00"], ["8 pcs", "857.50"], ["2 pcs", "241.80"], ["4 pcs", "434.00"], ["16 pcs", "1470.50"], ["10 pcs", "1011.50"], ["6 pcs", "663.00"]]}, {"category": "Beauty & Hygiene", "sub_category_name": "Men's Grooming", "product_name": "Acne Face Wash - Effective Oil Control", "product_brand": "Nivea Men", "combo": []}, {"category": "Beauty & Hygiene", "sub_category_name": "Men's Grooming", "product_name": "Beard Intense Growth Oil", "product_brand": "Himalaya Men", "combo": []}, {"category": "Beauty & Hygiene", "sub_category_name": "Men's Grooming", "product_name": "Beard Daily Nourish Oil", "product_brand": "Himalaya Men", "combo": []}, {"category": "Beauty & Hygiene", "sub_category_name": "Men's Grooming", "product_name": "Anti-Hair Fall Hair Cream", "product_brand": "Himalaya Men", "combo": []}, {"category": "Beauty & Hygiene", "sub_category_name": "Men's Grooming", "product_name": "Daily Nourish Hair Cream", "product_brand": "Himalaya Men", "combo": []}, {"category": "Beauty & Hygiene", "sub_category_name": "Men's Grooming", "product_name": "Anti Dandruff Hair Cream", "product_brand": "Himalaya Men", "combo": []}, {"category": "Beauty & Hygiene", "sub_category_name": "Men's Grooming", "product_name": "Men Activated Charcoal Detox Peel Off Mask", "product_brand": "Ponds", "combo": []}, {"category": "Beauty & Hygiene", "sub_category_name": "Men's Grooming", "product_name": "Almond & Honey Conditioner", "product_brand": "Sunsilk", "combo": [["80 ml", "73.00"], ["180 ml", "149.00"]]}, {"category": "Beauty & Hygiene", "sub_category_name": "Men's Grooming", "product_name": "Almond & Honey Shampoo", "product_brand": "Sunsilk", "combo": [["370 ml", "189.00"], ["195 ml", "99.00"]]}, {"category": "Beauty & Hygiene", "sub_category_name": "Men's Grooming", "product_name": "Hair Styling Aqua Gel - Triple Protein Complex", "product_brand": "Set Wet", "combo": [["75 ml", "75.00"], ["200 ml", "200.00"]]}, {"category": "Beauty & Hygiene", "sub_category_name": "Men's Grooming", "product_name": "Hair Styling Aqua Gel - Aloe Vera", "product_brand": "Set Wet", "combo": [["200 ml", "200.00"], ["75 ml", "75.00"]]}, {"category": "Beauty & Hygiene", "sub_category_name": "Men's Grooming", "product_name": "Purifying Turmeric Soap", "product_brand": "Lever Ayush", "combo": []}, {"category": "Beauty & Hygiene", "sub_category_name": "Men's Grooming", "product_name": "Cool & Fresh Aloe Vera Soap", "product_brand": "Lever Ayush", "combo": [["100 g", "120.00"], ["100 g", "180.00"]]}, {"category": "Beauty & Hygiene", "sub_category_name": "Men's Grooming", "product_name": "Instant Brightness Cream 2X Sun Protection", "product_brand": "Glow & Handsome", "combo": []}, {"category": "Beauty & Hygiene", "sub_category_name": "Men's Grooming", "product_name": "Naturally Long Shikakai Shampoo", "product_brand": "Clinic Plus", "combo": []}, {"category": "Beauty & Hygiene", "sub_category_name": "Men's Grooming", "product_name": "Strength & Shine With Egg Protein Shampoo", "product_brand": "Clinic Plus", "combo": []}, {"category": "Beauty & Hygiene", "sub_category_name": "Men's Grooming", "product_name": "Invisible Shaving Gel - Beard Grooming", "product_brand": "Axe", "combo": []}, {"category": "Beauty & Hygiene", "sub_category_name": "Men's Grooming", "product_name": "Strength & Shine With Egg Protein Shampoo", "product_brand": "Clinic Plus", "combo": []}, {"category": "Beauty & Hygiene", "sub_category_name": "Men's Grooming", "product_name": "Presto - Sata Sat Disposable Razor", "product_brand": "Gillette", "combo": [["5 pcs", "57.26"], ["2x5 pcs", "108.79"]]}, {"category": "Beauty & Hygiene", "sub_category_name": "Men's Grooming", "product_name": "Shower Gel - Pure Impact Body Wash, Men", "product_brand": "Nivea Men", "combo": [["250 ml", "149.00"], ["500 ml", "259.35"]]}, {"category": "Beauty & Hygiene", "sub_category_name": "Men's Grooming", "product_name": "Shower Gel - Active Clean Body Wash, Men", "product_brand": "Nivea Men", "combo": []}, {"category": "Beauty & Hygiene", "sub_category_name": "Men's Grooming", "product_name": "Mach3 Turbo - Manual Shaving Razor Blades Cartridge", "product_brand": "Gillette", "combo": [["10 pcs", "1181.50"], ["8 pcs", "999.00"], ["2 pcs", "260.00"], ["4 pcs", "597.80"], ["6 pcs", "833.85"]]}, {"category": "Beauty & Hygiene", "sub_category_name": "Men's Grooming", "product_name": "Deodorant - Fresh Active", "product_brand": "Nivea", "combo": []}, {"category": "Beauty & Hygiene", "sub_category_name": "Men's Grooming", "product_name": "Pre Shave Foam - Classic Regular Skin", "product_brand": "Gillette", "combo": []}, {"category": "Beauty & Hygiene", "sub_category_name": "Men's Grooming", "product_name": "Pre Shave Foam - Classic Sensitive Skin", "product_brand": "Gillette", "combo": []}, {"category": "Beauty & Hygiene", "sub_category_name": "Men's Grooming", "product_name": "Fusion Proglide - Flexball Manual Shaving Razor Blades Cartridge", "product_brand": "Gillette", "combo": [["4 pcs", "949.05"], ["2 pcs", "498.75"]]}, {"category": "Beauty & Hygiene", "sub_category_name": "Men's Grooming", "product_name": "Cool Bath Soap - 99.9% Germ Protection", "product_brand": "Cinthol", "combo": []}, {"category": "Beauty & Hygiene", "sub_category_name": "Men's Grooming", "product_name": "Gentleman Classic Deodorant", "product_brand": "Yardley London", "combo": [["2x150 ml", "318.40"], ["150 ml", "159.20"], ["220 ml", "232.00"]]}, {"category": "Beauty & Hygiene", "sub_category_name": "Men's Grooming", "product_name": "Face Wash - Dark Spot Reduction, 10x Vitamin C, 50ml", "product_brand": "Nivea Men", "combo": []}, {"category": "Beauty & Hygiene", "sub_category_name": "Men's Grooming", "product_name": "Original Bath Soap - 99.9% Germ Protection", "product_brand": "Cinthol", "combo": [["8x100 g", "266.00"], ["4x100 g", "133.00"], ["100 g", "33.25"]]}, {"category": "Beauty & Hygiene", "sub_category_name": "Men's Grooming", "product_name": "Cool Bath Soap - 99.9% Germ Protection", "product_brand": "Cinthol", "combo": []}, {"category": "Beauty & Hygiene", "sub_category_name": "Men's Grooming", "product_name": "Face Wash - All In One, 10x Vitamin C", "product_brand": "Nivea Men", "combo": [["50 g", "106.00"], ["3x100 g", "562.50"], ["100 g", "187.50"]]}, {"category": "Beauty & Hygiene", "sub_category_name": "Men's Grooming", "product_name": "Talc - Musk Talcum Powder", "product_brand": "Nivea", "combo": [["100 g", "99.00"], ["400 g", "199.00"]]}, {"category": "Beauty & Hygiene", "sub_category_name": "Men's Grooming", "product_name": "Fusion Shaving Blades", "product_brand": "Gillette", "combo": [["2 pcs", "522.50"], ["8 pcs", "1567.02"], ["6 pcs", "1198.50"], ["10 pcs", "1598.00"], ["3x8 pcs", "4701.06"], ["4 pcs", "950.00"]]}, {"category": "Beauty & Hygiene", "sub_category_name": "Men's Grooming", "product_name": "Shower Gel - Cool Kick Body Wash", "product_brand": "Nivea Men", "combo": [["3x250 ml", "507.45"], ["250 ml", "169.15"]]}, {"category": "Beauty & Hygiene", "sub_category_name": "Men's Grooming", "product_name": "Guard - Cartridges", "product_brand": "Gillette", "combo": [["6 pcs", "47.50"], ["3 pcs", "27.00"]]}, {"category": "Beauty & Hygiene", "sub_category_name": "Men's Grooming", "product_name": "Perfume Spray - Voyage", "product_brand": "Park avenue", "combo": []}, {"category": "Beauty & Hygiene", "sub_category_name": "Men's Grooming", "product_name": "Body Spray - Voyage", "product_brand": "Park avenue", "combo": []}, {"category": "Beauty & Hygiene", "sub_category_name": "Men's Grooming", "product_name": "Vector Plus - Manual Shaving Razor Blades Cartridge", "product_brand": "Gillette", "combo": [["6 pcs", "152.00"], ["4 pcs", "120.00"], ["2 pcs", "60.00"]]}, {"category": "Beauty & Hygiene", "sub_category_name": "Men's Grooming", "product_name": "Musk After Shave Lotion", "product_brand": "Old Spice", "combo": [["150 ml", "215.00"], ["100 ml", "199.00"]]}, {"category": "Beauty & Hygiene", "sub_category_name": "Men's Grooming", "product_name": "Signature Denim Cologne Talc", "product_brand": "Axe", "combo": [["100 g", "74.00"], ["300 g", "126.00"]]}, {"category": "Beauty & Hygiene", "sub_category_name": "Men's Grooming", "product_name": "Acno Fight Anti-Pimple Face Wash", "product_brand": "Garnier Men", "combo": [["2x50 g", "169.29"], ["50 g", "89.10"], ["2x100 g", "283.75"], ["100 g", "152.00"]]}, {"category": "Beauty & Hygiene", "sub_category_name": "Men's Grooming", "product_name": "Pulse Deodorant", "product_brand": "Axe", "combo": [["3x150 ml", "365.62"], ["150 ml", "130.00"]]}, {"category": "Beauty & Hygiene", "sub_category_name": "Men's Grooming", "product_name": "Power White Anti-Pollution Double Action Face Wash", "product_brand": "Garnier Men", "combo": [["2x50 g", "169.29"], ["2x100 g", "268.82"], ["100 g", "144.00"], ["50 g", "89.10"]]}, {"category": "Beauty & Hygiene", "sub_category_name": "Men's Grooming", "product_name": "Beer Shampoo - Damage Free", "product_brand": "Park avenue", "combo": [["180 ml", "139.50"], ["350 ml", "260.00"]]}, {"category": "Beauty & Hygiene", "sub_category_name": "Men's Grooming", "product_name": "Lime Bath Soap - 99.9% Germ Protection", "product_brand": "Cinthol", "combo": []}, {"category": "Beauty & Hygiene", "sub_category_name": "Men's Grooming", "product_name": "Talc - Pure Talcum Powder", "product_brand": "Nivea", "combo": [["400 g", "236.55"], ["100 g", "99.00"]]}, {"category": "Beauty & Hygiene", "sub_category_name": "Men's Grooming", "product_name": "Pre Shave Gel Tube - Moisturiser", "product_brand": "Gillette", "combo": []}, {"category": "Beauty & Hygiene", "sub_category_name": "Men's Grooming", "product_name": "Talc", "product_brand": "Mysore Sandal", "combo": []}, {"category": "Beauty & Hygiene", "sub_category_name": "Men's Grooming", "product_name": "Health+ Bath Soap - 99.9% Germ Protection", "product_brand": "Cinthol", "combo": []}, {"category": "Beauty & Hygiene", "sub_category_name": "Men's Grooming", "product_name": "Dark Temptation Deodorant", "product_brand": "Axe", "combo": [["3x150 ml", "365.62"], ["150 ml", "130.00"]]}, {"category": "Beauty & Hygiene", "sub_category_name": "Men's Grooming", "product_name": "Signature Denim Lather Shaving Cream", "product_brand": "Axe", "combo": [["30 g", "35.00"], ["78 g", "61.20"], ["30 g", "42.00"]]}, {"category": "Beauty & Hygiene", "sub_category_name": "Men's Grooming", "product_name": "Sensitive After Shave Lotion", "product_brand": "Nivea Men", "combo": []}, {"category": "Beauty & Hygiene", "sub_category_name": "Men's Grooming", "product_name": "Deodorant Roll On - Fresh Power", "product_brand": "Nivea Men", "combo": []}, {"category": "Beauty & Hygiene", "sub_category_name": "Men's Grooming", "product_name": "Face Wash - Oil Control, 10x Vitamin C", "product_brand": "Nivea Men", "combo": []}, {"category": "Beauty & Hygiene", "sub_category_name": "Men's Grooming", "product_name": "Deodorant Roll On - Fresh Natural", "product_brand": "Nivea", "combo": []}, {"category": "Beauty & Hygiene", "sub_category_name": "Men's Grooming", "product_name": "Underarm Odour Protection Roll On - Shower Fresh", "product_brand": "Rexona", "combo": [["25 ml", "67.00"], ["50 ml", "112.50"]]}, {"category": "Beauty & Hygiene", "sub_category_name": "Men's Grooming", "product_name": "Deodorant Roll On - Silver Protect", "product_brand": "Nivea Men", "combo": []}, {"category": "Beauty & Hygiene", "sub_category_name": "Men's Grooming", "product_name": "Original Bath Soap - 99.9% Germ Protection", "product_brand": "Cinthol", "combo": []}, {"category": "Beauty & Hygiene", "sub_category_name": "Men's Grooming", "product_name": "Deodorant - Deep Impact Freshness", "product_brand": "Nivea Men", "combo": []}, {"category": "Beauty & Hygiene", "sub_category_name": "Men's Grooming", "product_name": "Series After Shave Splash - Cool Wave", "product_brand": "Gillette", "combo": [["100 ml", "469.00"], ["50 ml", "268.00"]]}, {"category": "Beauty & Hygiene", "sub_category_name": "Men's Grooming", "product_name": "Oil Clear Clay D-Tox Deep Cleansing Icy Face Wash", "product_brand": "Garnier Men", "combo": [["15 g", "35.00"], ["50 g", "75.67"], ["100 g", "152.00"], ["3x15 g", "99.75"], ["2x50 g", "143.77"], ["2x100 g", "283.75"]]}, {"category": "Beauty & Hygiene", "sub_category_name": "Men's Grooming", "product_name": "Shaving Cream - Turmeric With Foam", "product_brand": "Vicco", "combo": []}, {"category": "Beauty & Hygiene", "sub_category_name": "Men's Grooming", "product_name": "Shave Brush", "product_brand": "Gillette", "combo": []}, {"category": "Beauty & Hygiene", "sub_category_name": "Men's Grooming", "product_name": "Signature Pulse Cologne Talc", "product_brand": "Axe", "combo": [["100 g", "74.00"], ["300 g", "126.00"]]}, {"category": "Beauty & Hygiene", "sub_category_name": "Men's Grooming", "product_name": "After Shave Splash - Arctic Ice", "product_brand": "Gillette", "combo": [["50 ml", "268.00"], ["100 ml", "469.00"]]}, {"category": "Beauty & Hygiene", "sub_category_name": "Men's Grooming", "product_name": "Underarm Odour Protection Roll On - Aloe Vera", "product_brand": "Rexona", "combo": []}, {"category": "Beauty & Hygiene", "sub_category_name": "Men's Grooming", "product_name": "Fragrance Body Spray - Marco", "product_brand": "Fogg", "combo": [["150 ml", "184.00"], ["2x150 ml", "349.60"]]}, {"category": "Beauty & Hygiene", "sub_category_name": "Men's Grooming", "product_name": "Men Hair Cream - Anti-Hairfall", "product_brand": "Parachute Advansed", "combo": []}, {"category": "Beauty & Hygiene", "sub_category_name": "Men's Grooming", "product_name": "Cool, Charm & Mischief Avatar Deodorant Spray Perfume", "product_brand": "Set Wet", "combo": []}, {"category": "Beauty & Hygiene", "sub_category_name": "Men's Grooming", "product_name": "Pre Shave Cream - Musk", "product_brand": "Old Spice", "combo": []}, {"category": "Beauty & Hygiene", "sub_category_name": "Men's Grooming", "product_name": "English Rose Perfumed Talc", "product_brand": "Yardley London", "combo": []}, {"category": "Beauty & Hygiene", "sub_category_name": "Men's Grooming", "product_name": "Pre Shave Gel Tube - Ultra Comfort", "product_brand": "Gillette", "combo": []}, {"category": "Beauty & Hygiene", "sub_category_name": "Men's Grooming", "product_name": "Mach3 - Start Mens Razor Blades, Cartridge", "product_brand": "Gillette", "combo": [["2 pcs", "210.74"], ["4 pcs", "383.16"], ["8 pcs", "720.00"]]}, {"category": "Beauty & Hygiene", "sub_category_name": "Men's Grooming", "product_name": "Sensitive Shaving Gel", "product_brand": "Nivea Men", "combo": []}, {"category": "Beauty & Hygiene", "sub_category_name": "Men's Grooming", "product_name": "Shower Gel - Original Care Body Wash, Men", "product_brand": "Nivea Men", "combo": []}, {"category": "Beauty & Hygiene", "sub_category_name": "Men's Grooming", "product_name": "Leather Shave Cream - Fresh Lime", "product_brand": "Old Spice", "combo": []}, {"category": "Beauty & Hygiene", "sub_category_name": "Men's Grooming", "product_name": "Fusion - Power Shaving Razor Blades Cartridge", "product_brand": "Gillette", "combo": [["2 pcs", "599.00"], ["8 pcs", "1709.05"], ["3x8 pcs", "5127.15"], ["3x2 pcs", "1797.00"]]}, {"category": "Beauty & Hygiene", "sub_category_name": "Men's Grooming", "product_name": "Vector Plus - Manual Shaving Razor", "product_brand": "Gillette", "combo": []}, {"category": "Beauty & Hygiene", "sub_category_name": "Men's Grooming", "product_name": "Beer Shampoo - Anti Dandruff", "product_brand": "Park avenue", "combo": []}, {"category": "Beauty & Hygiene", "sub_category_name": "Men's Grooming", "product_name": "Mach3 - Manual Shaving Razor", "product_brand": "Gillette", "combo": []}, {"category": "Beauty & Hygiene", "sub_category_name": "Men's Grooming", "product_name": "Series Shaving Gel - Pure & Sensitive", "product_brand": "Gillette", "combo": []}, {"category": "Beauty & Hygiene", "sub_category_name": "Men's Grooming", "product_name": "Fresh Active Roll On", "product_brand": "Nivea Men", "combo": []}, {"category": "Beauty & Hygiene", "sub_category_name": "Men's Grooming", "product_name": "Gold Temptation Deodorant", "product_brand": "Axe", "combo": []}, {"category": "Beauty & Hygiene", "sub_category_name": "Men's Grooming", "product_name": "Pre Shave Gel Tube - Sensitive", "product_brand": "Gillette", "combo": []}, {"category": "Beauty & Hygiene", "sub_category_name": "Men's Grooming", "product_name": "Hair Gain Tonic For Men", "product_brand": "Livon Serum", "combo": [["150 ml", "594.15"], ["70 ml", "299.00"]]}, {"category": "Beauty & Hygiene", "sub_category_name": "Men's Grooming", "product_name": "Intense Oil Clear Lemon Face Wash", "product_brand": "Himalaya Men", "combo": [["100 ml", "140.80"], ["50 ml", "74.80"]]}, {"category": "Beauty & Hygiene", "sub_category_name": "Men's Grooming", "product_name": "Pre Shave Gel - Mach 3, Irritation Defense", "product_brand": "Gillette", "combo": [["70 g", "100.00"], ["195 g", "280.00"]]}, {"category": "Beauty & Hygiene", "sub_category_name": "Men's Grooming", "product_name": "Classic Man Deodorant Spray", "product_brand": "Nautica", "combo": [["3x150 ml", "1422.00"], ["2x150 ml", "948.00"], ["150 ml", "474.00"]]}, {"category": "Beauty & Hygiene", "sub_category_name": "Men's Grooming", "product_name": "Face Wash - Oil Control, 10x Vitamin C", "product_brand": "Nivea Men", "combo": [["50 g", "94.05"], ["100 g", "159.20"]]}, {"category": "Beauty & Hygiene", "sub_category_name": "Men's Grooming", "product_name": "Gillette Mach 3 Shaving Razor + 1 Shaving Blade/Cartridge", "product_brand": "Gillette", "combo": []}, {"category": "Beauty & Hygiene", "sub_category_name": "Men's Grooming", "product_name": "Cool Avatar Deodorant Spray Perfume", "product_brand": "Set Wet", "combo": [["3x150 ml", "358.20"], ["150 ml", "119.40"]]}, {"category": "Beauty & Hygiene", "sub_category_name": "Men's Grooming", "product_name": "Fusion - Power Shaving Razor Blades Cartridge", "product_brand": "Gillette", "combo": [["4 pcs", "995.60"], ["3x4 pcs", "2986.80"]]}, {"category": "Beauty & Hygiene", "sub_category_name": "Men's Grooming", "product_name": "Shower Gel - Refreshing Pulse For Men With Sea Minerals", "product_brand": "Fiama", "combo": []}, {"category": "Beauty & Hygiene", "sub_category_name": "Men's Grooming", "product_name": "Deodorant Body Spray - Musk", "product_brand": "Old Spice", "combo": []}, {"category": "Beauty & Hygiene", "sub_category_name": "Men's Grooming", "product_name": "Underarm Odour Protection Roll On - Powder Dry", "product_brand": "Rexona", "combo": [["50 ml", "112.50"], ["25 ml", "67.00"]]}, {"category": "Beauty & Hygiene", "sub_category_name": "Men's Grooming", "product_name": "Fusion Proglide - Styler Razor", "product_brand": "Gillette", "combo": []}, {"category": "Beauty & Hygiene", "sub_category_name": "Men's Grooming", "product_name": "Original After Shave Lotion", "product_brand": "Old Spice", "combo": [["150 ml", "215.00"], ["100 ml", "190.00"], ["50 ml", "120.00"]]}, {"category": "Beauty & Hygiene", "sub_category_name": "Men's Grooming", "product_name": "Charm Avatar Deodorant Spray Perfume", "product_brand": "Set Wet", "combo": []}, {"category": "Beauty & Hygiene", "sub_category_name": "Men's Grooming", "product_name": "Cool Kick 48 Hour - For Men", "product_brand": "Nivea", "combo": [["150 ml", "189.00"], ["3x150 ml", "567.00"]]}, {"category": "Beauty & Hygiene", "sub_category_name": "Men's Grooming", "product_name": "Vector3 - Cartridges", "product_brand": "Gillette", "combo": []}, {"category": "Beauty & Hygiene", "sub_category_name": "Men's Grooming", "product_name": "Pre Shave Foam - Classic Lemon Lime", "product_brand": "Gillette", "combo": []}, {"category": "Beauty & Hygiene", "sub_category_name": "Men's Grooming", "product_name": "Mach3 Turbo - Manual Shaving Razor", "product_brand": "Gillette", "combo": []}, {"category": "Beauty & Hygiene", "sub_category_name": "Men's Grooming", "product_name": "Pre Shave Foam - Classic Regular", "product_brand": "Gillette", "combo": []}, {"category": "Beauty & Hygiene", "sub_category_name": "Men's Grooming", "product_name": "Cool Talc - Active Deo", "product_brand": "Navratna", "combo": [["400 g", "210.00"], ["100 g", "72.00"]]}, {"category": "Beauty & Hygiene", "sub_category_name": "Men's Grooming", "product_name": "Provoke Long Lasting Deodorant Body Spray For Men", "product_brand": "Axe", "combo": []}, {"category": "Beauty & Hygiene", "sub_category_name": "Men's Grooming", "product_name": "Shower Gel - Active Clean Body Wash, Men", "product_brand": "Nivea Men", "combo": []}, {"category": "Beauty & Hygiene", "sub_category_name": "Men's Grooming", "product_name": "Shower Gel - Vitality Fresh Body Wash, Men", "product_brand": "Nivea Men", "combo": []}, {"category": "Beauty & Hygiene", "sub_category_name": "Men's Grooming", "product_name": "Power Glow Licorice Face Wash", "product_brand": "Himalaya Men", "combo": [["100 ml", "140.80"], ["50 ml", "74.80"]]}, {"category": "Beauty & Hygiene", "sub_category_name": "Men's Grooming", "product_name": "Signature Temptation After Shave Lotion", "product_brand": "Axe", "combo": []}, {"category": "Beauty & Hygiene", "sub_category_name": "Men's Grooming", "product_name": "Energy - Deostick For Men, Cream Based Deodorant", "product_brand": "Cinthol", "combo": []}, {"category": "Beauty & Hygiene", "sub_category_name": "Men's Grooming", "product_name": "Oil - Beard & Hair Growth", "product_brand": "Beardo", "combo": []}, {"category": "Beauty & Hygiene", "sub_category_name": "Men's Grooming", "product_name": "Lip Care - Active Care Lip Balm, SPF 15", "product_brand": "Nivea Men", "combo": []}, {"category": "Beauty & Hygiene", "sub_category_name": "Men's Grooming", "product_name": "Pre Shave Cream - Original", "product_brand": "Old Spice", "combo": []}, {"category": "Beauty & Hygiene", "sub_category_name": "Men's Grooming", "product_name": "1981 Deodorant Spray", "product_brand": "Guess", "combo": [["3x150 ml", "1422.15"], ["150 ml", "474.05"], ["2x150 ml", "948.10"]]}, {"category": "Beauty & Hygiene", "sub_category_name": "Men's Grooming", "product_name": "Deospray For Men - Dive, No Alcohol", "product_brand": "Cinthol", "combo": []}, {"category": "Beauty & Hygiene", "sub_category_name": "Men's Grooming", "product_name": "Pre Shave Foam - Series Sensitive Skin", "product_brand": "Gillette", "combo": []}, {"category": "Beauty & Hygiene", "sub_category_name": "Men's Grooming", "product_name": "Lather Shaving Cream - Classic", "product_brand": "Park avenue", "combo": [["30 g", "35.00"], ["84 g", "62.10"]]}, {"category": "Beauty & Hygiene", "sub_category_name": "Men's Grooming", "product_name": "Gold Deodorant - For Men", "product_brand": "Yardley London", "combo": []}, {"category": "Beauty & Hygiene", "sub_category_name": "Men's Grooming", "product_name": "Lime Bath Soap - 99.9% Germ Protection", "product_brand": "Cinthol", "combo": []}, {"category": "Beauty & Hygiene", "sub_category_name": "Men's Grooming", "product_name": "After Shave Lotion - Denim", "product_brand": "Axe", "combo": []}, {"category": "Beauty & Hygiene", "sub_category_name": "Men's Grooming", "product_name": "Cool, Swag & Thrill Avatar Deodorant Spray Perfume", "product_brand": "Set Wet", "combo": []}, {"category": "Beauty & Hygiene", "sub_category_name": "Men's Grooming", "product_name": "Men Hair Cream - Classic", "product_brand": "Parachute Advansed", "combo": []}, {"category": "Beauty & Hygiene", "sub_category_name": "Men's Grooming", "product_name": "Fragrance Body Spray - Royal", "product_brand": "Fogg", "combo": []}, {"category": "Beauty & Hygiene", "sub_category_name": "Men's Grooming", "product_name": "Instinct Deodorant Spray", "product_brand": "David Beckham", "combo": [["150 ml", "474.00"], ["2x150 ml", "948.00"], ["3x150 ml", "1422.00"]]}, {"category": "Beauty & Hygiene", "sub_category_name": "Men's Grooming", "product_name": "Turmeric Cream - With Foam Base", "product_brand": "Vicco", "combo": []}, {"category": "Beauty & Hygiene", "sub_category_name": "Men's Grooming", "product_name": "Pimple Clear Neem Face Wash", "product_brand": "Himalaya Men", "combo": [["100 ml", "140.80"], ["50 ml", "74.80"]]}, {"category": "Beauty & Hygiene", "sub_category_name": "Men's Grooming", "product_name": "Activated Charcoal Facewash", "product_brand": "Beardo", "combo": []}, {"category": "Beauty & Hygiene", "sub_category_name": "Men's Grooming", "product_name": "Deodorant Spray For Men - Spark", "product_brand": "Kamasutra", "combo": []}, {"category": "Beauty & Hygiene", "sub_category_name": "Men's Grooming", "product_name": "Acno Fight Whitening Day Cream", "product_brand": "Garnier Men", "combo": [["2x20 g", "145.35"], ["45 g", "165.00"], ["20 g", "76.50"]]}, {"category": "Beauty & Hygiene", "sub_category_name": "Men's Grooming", "product_name": "Regular Pre Shave Cream", "product_brand": "Gillette", "combo": [["70 g", "66.10"], ["30 g", "35.00"]]}, {"category": "Beauty & Hygiene", "sub_category_name": "Men's Grooming", "product_name": "Fresh Lime After Shave Lotion", "product_brand": "Old Spice", "combo": [["150 ml", "215.00"], ["50 ml", "120.00"]]}, {"category": "Beauty & Hygiene", "sub_category_name": "Men's Grooming", "product_name": "Face & Beard Wash", "product_brand": "Himalaya Men", "combo": []}, {"category": "Beauty & Hygiene", "sub_category_name": "Men's Grooming", "product_name": "Active Sport Face Wash", "product_brand": "Himalaya Men", "combo": []}, {"category": "Beauty & Hygiene", "sub_category_name": "Men's Grooming", "product_name": "Ticket Perfume, Intense", "product_brand": "Axe", "combo": []}, {"category": "Beauty & Hygiene", "sub_category_name": "Men's Grooming", "product_name": "Men - Pollution Out Activated Charcoal Deep Clean Face Wash", "product_brand": "Ponds", "combo": [["100 g", "174.25"], ["50 g", "110.00"]]}, {"category": "Beauty & Hygiene", "sub_category_name": "Men's Grooming", "product_name": "Face Wash", "product_brand": "FAIR AND HANDSOME", "combo": [["3x100 g", "298.71"], ["50 g", "70.00"], ["100 g", "99.57"]]}, {"category": "Beauty & Hygiene", "sub_category_name": "Men's Grooming", "product_name": "Deodorant - Fresh Ocean", "product_brand": "Nivea Men", "combo": []}, {"category": "Beauty & Hygiene", "sub_category_name": "Men's Grooming", "product_name": "Perfume Body Spray - Good Morning, Intense", "product_brand": "Park avenue", "combo": [["2x150 ml", "358.20"], ["150 ml", "179.10"]]}, {"category": "Beauty & Hygiene", "sub_category_name": "Men's Grooming", "product_name": "Lime Bath Soap - 99.9% Germ Protection", "product_brand": "Cinthol", "combo": []}, {"category": "Beauty & Hygiene", "sub_category_name": "Men's Grooming", "product_name": "After Shave Lotion - Denim", "product_brand": "Axe", "combo": []}, {"category": "Beauty & Hygiene", "sub_category_name": "Men's Grooming", "product_name": "Cool, Swag & Thrill Avatar Deodorant Spray Perfume", "product_brand": "Set Wet", "combo": []}, {"category": "Beauty & Hygiene", "sub_category_name": "Men's Grooming", "product_name": "Men Hair Cream - Classic", "product_brand": "Parachute Advansed", "combo": []}, {"category": "Beauty & Hygiene", "sub_category_name": "Men's Grooming", "product_name": "Fragrance Body Spray - Royal", "product_brand": "Fogg", "combo": []}, {"category": "Beauty & Hygiene", "sub_category_name": "Men's Grooming", "product_name": "Instinct Deodorant Spray", "product_brand": "David Beckham", "combo": [["150 ml", "474.00"], ["2x150 ml", "948.00"], ["3x150 ml", "1422.00"]]}, {"category": "Beauty & Hygiene", "sub_category_name": "Men's Grooming", "product_name": "Turmeric Cream - With Foam Base", "product_brand": "Vicco", "combo": []}, {"category": "Beauty & Hygiene", "sub_category_name": "Men's Grooming", "product_name": "Pimple Clear Neem Face Wash", "product_brand": "Himalaya Men", "combo": [["100 ml", "140.80"], ["50 ml", "74.80"]]}, {"category": "Beauty & Hygiene", "sub_category_name": "Men's Grooming", "product_name": "Activated Charcoal Facewash", "product_brand": "Beardo", "combo": []}, {"category": "Beauty & Hygiene", "sub_category_name": "Men's Grooming", "product_name": "Deodorant Spray For Men - Spark", "product_brand": "Kamasutra", "combo": []}, {"category": "Beauty & Hygiene", "sub_category_name": "Men's Grooming", "product_name": "Acno Fight Whitening Day Cream", "product_brand": "Garnier Men", "combo": [["2x20 g", "145.35"], ["45 g", "165.00"], ["20 g", "76.50"]]}, {"category": "Beauty & Hygiene", "sub_category_name": "Men's Grooming", "product_name": "Regular Pre Shave Cream", "product_brand": "Gillette", "combo": [["70 g", "66.10"], ["30 g", "35.00"]]}, {"category": "Beauty & Hygiene", "sub_category_name": "Men's Grooming", "product_name": "Fresh Lime After Shave Lotion", "product_brand": "Old Spice", "combo": [["150 ml", "215.00"], ["50 ml", "120.00"]]}, {"category": "Beauty & Hygiene", "sub_category_name": "Men's Grooming", "product_name": "Face & Beard Wash", "product_brand": "Himalaya Men", "combo": []}, {"category": "Beauty & Hygiene", "sub_category_name": "Men's Grooming", "product_name": "Active Sport Face Wash", "product_brand": "Himalaya Men", "combo": []}, {"category": "Beauty & Hygiene", "sub_category_name": "Men's Grooming", "product_name": "Ticket Perfume, Intense", "product_brand": "Axe", "combo": []}, {"category": "Beauty & Hygiene", "sub_category_name": "Men's Grooming", "product_name": "Men - Pollution Out Activated Charcoal Deep Clean Face Wash", "product_brand": "Ponds", "combo": [["100 g", "174.25"], ["50 g", "110.00"]]}, {"category": "Beauty & Hygiene", "sub_category_name": "Men's Grooming", "product_name": "Face Wash", "product_brand": "FAIR AND HANDSOME", "combo": [["3x100 g", "298.71"], ["50 g", "70.00"], ["100 g", "99.57"]]}, {"category": "Beauty & Hygiene", "sub_category_name": "Men's Grooming", "product_name": "Deodorant - Fresh Ocean", "product_brand": "Nivea Men", "combo": []}, {"category": "Beauty & Hygiene", "sub_category_name": "Men's Grooming", "product_name": "Perfume Body Spray - Good Morning, Intense", "product_brand": "Park avenue", "combo": [["2x150 ml", "358.20"], ["150 ml", "179.10"]]}, {"category": "Beauty & Hygiene", "sub_category_name": "Men's Grooming", "product_name": "Perfume Body Spray - Storm", "product_brand": "Park avenue", "combo": []}, {"category": "Beauty & Hygiene", "sub_category_name": "Men's Grooming", "product_name": "Beer Shampoo - Anti Dandruff", "product_brand": "Park avenue", "combo": []}, {"category": "Beauty & Hygiene", "sub_category_name": "Men's Grooming", "product_name": "Fragrance Body Spray- Good Morning", "product_brand": "Park avenue", "combo": []}, {"category": "Beauty & Hygiene", "sub_category_name": "Men's Grooming", "product_name": "Protect & Care Shaving Gel", "product_brand": "Nivea Men", "combo": []}, {"category": "Beauty & Hygiene", "sub_category_name": "Men's Grooming", "product_name": "M3 Perfume Spray - for Men", "product_brand": "Engage", "combo": []}, {"category": "Beauty & Hygiene", "sub_category_name": "Men's Grooming", "product_name": "Deodorant - Ice Cool Deodorizer", "product_brand": "Nivea Men", "combo": []}, {"category": "Beauty & Hygiene", "sub_category_name": "Men's Grooming", "product_name": "Deodorant - Duo Body Deodorizer, Active Fresh", "product_brand": "Nivea Men", "combo": []}, {"category": "Beauty & Hygiene", "sub_category_name": "Men's Grooming", "product_name": "Deodorant - Energy Deodorizer", "product_brand": "Nivea Men", "combo": []}, {"category": "Beauty & Hygiene", "sub_category_name": "Men's Grooming", "product_name": "2-in-1 Shaving Cream + Face Wash - Sensitive", "product_brand": "Cinthol", "combo": []}, {"category": "Beauty & Hygiene", "sub_category_name": "Men's Grooming", "product_name": "Cool Active Deo", "product_brand": "Navratna", "combo": []}, {"category": "Beauty & Hygiene", "sub_category_name": "Men's Grooming", "product_name": "Perfume Spray - Neo", "product_brand": "Park avenue", "combo": []}, {"category": "Beauty & Hygiene", "sub_category_name": "Men's Grooming", "product_name": "Pre Shave Gel Fusion - Hydra Gel Sensitive", "product_brand": "Gillette", "combo": []}, {"category": "Beauty & Hygiene", "sub_category_name": "Men's Grooming", "product_name": "Fusion - Hydra Gel, Ultra Protection", "product_brand": "Gillette", "combo": []}, {"category": "Beauty & Hygiene", "sub_category_name": "Men's Grooming", "product_name": "Fresh Aromatic", "product_brand": "Fogg", "combo": []}, {"category": "Beauty & Hygiene", "sub_category_name": "Men's Grooming", "product_name": "Perfume Spray - Alter Ego", "product_brand": "Park avenue", "combo": []}, {"category": "Beauty & Hygiene", "sub_category_name": "Men's Grooming", "product_name": "After Shave Lotion - Dark Tempation", "product_brand": "Axe", "combo": []}, {"category": "Beauty & Hygiene", "sub_category_name": "Men's Grooming", "product_name": "Elegance Deodorizing Talc-For Men 250 g + Gold Deodorizing Talc-For Men 250 g", "product_brand": "Yardley London", "combo": []}, {"category": "Beauty & Hygiene", "sub_category_name": "Men's Grooming", "product_name": "Men's Body Oil - Energising, Ashwagandha", "product_brand": "ORGANIC INDIA", "combo": []}, {"category": "Beauty & Hygiene", "sub_category_name": "Men's Grooming", "product_name": "Wet Look Hair Gel", "product_brand": "Set Wet", "combo": [["50 ml", "40.00"], ["100 ml", "80.00"]]}, {"category": "Beauty & Hygiene", "sub_category_name": "Men's Grooming", "product_name": "Fusion - Manual Shaving Razor", "product_brand": "Gillette", "combo": [["1 pc", "350.00"], ["3x1 pc", "1050.00"]]}, {"category": "Beauty & Hygiene", "sub_category_name": "Men's Grooming", "product_name": "Lime Bath Soap - 99.9% Germ Protection", "product_brand": "Cinthol", "combo": []}, {"category": "Beauty & Hygiene", "sub_category_name": "Men's Grooming", "product_name": "After Shave Lotion - Denim", "product_brand": "Axe", "combo": []}, {"category": "Beauty & Hygiene", "sub_category_name": "Men's Grooming", "product_name": "Cool, Swag & Thrill Avatar Deodorant Spray Perfume", "product_brand": "Set Wet", "combo": []}, {"category": "Beauty & Hygiene", "sub_category_name": "Men's Grooming", "product_name": "Men Hair Cream - Classic", "product_brand": "Parachute Advansed", "combo": []}, {"category": "Beauty & Hygiene", "sub_category_name": "Men's Grooming", "product_name": "Fragrance Body Spray - Royal", "product_brand": "Fogg", "combo": []}, {"category": "Beauty & Hygiene", "sub_category_name": "Men's Grooming", "product_name": "Instinct Deodorant Spray", "product_brand": "David Beckham", "combo": [["150 ml", "474.00"], ["2x150 ml", "948.00"], ["3x150 ml", "1422.00"]]}, {"category": "Beauty & Hygiene", "sub_category_name": "Men's Grooming", "product_name": "Turmeric Cream - With Foam Base", "product_brand": "Vicco", "combo": []}, {"category": "Beauty & Hygiene", "sub_category_name": "Men's Grooming", "product_name": "Pimple Clear Neem Face Wash", "product_brand": "Himalaya Men", "combo": [["100 ml", "140.80"], ["50 ml", "74.80"]]}, {"category": "Beauty & Hygiene", "sub_category_name": "Men's Grooming", "product_name": "Activated Charcoal Facewash", "product_brand": "Beardo", "combo": []}, {"category": "Beauty & Hygiene", "sub_category_name": "Men's Grooming", "product_name": "Deodorant Spray For Men - Spark", "product_brand": "Kamasutra", "combo": []}, {"category": "Beauty & Hygiene", "sub_category_name": "Men's Grooming", "product_name": "Acno Fight Whitening Day Cream", "product_brand": "Garnier Men", "combo": [["2x20 g", "145.35"], ["45 g", "165.00"], ["20 g", "76.50"]]}, {"category": "Beauty & Hygiene", "sub_category_name": "Men's Grooming", "product_name": "Regular Pre Shave Cream", "product_brand": "Gillette", "combo": [["70 g", "66.10"], ["30 g", "35.00"]]}, {"category": "Beauty & Hygiene", "sub_category_name": "Men's Grooming", "product_name": "Fresh Lime After Shave Lotion", "product_brand": "Old Spice", "combo": [["150 ml", "215.00"], ["50 ml", "120.00"]]}, {"category": "Beauty & Hygiene", "sub_category_name": "Men's Grooming", "product_name": "Face & Beard Wash", "product_brand": "Himalaya Men", "combo": []}, {"category": "Beauty & Hygiene", "sub_category_name": "Men's Grooming", "product_name": "Active Sport Face Wash", "product_brand": "Himalaya Men", "combo": []}, {"category": "Beauty & Hygiene", "sub_category_name": "Men's Grooming", "product_name": "Ticket Perfume, Intense", "product_brand": "Axe", "combo": []}, {"category": "Beauty & Hygiene", "sub_category_name": "Men's Grooming", "product_name": "Men - Pollution Out Activated Charcoal Deep Clean Face Wash", "product_brand": "Ponds", "combo": [["100 g", "174.25"], ["50 g", "110.00"]]}, {"category": "Beauty & Hygiene", "sub_category_name": "Men's Grooming", "product_name": "Face Wash", "product_brand": "FAIR AND HANDSOME", "combo": [["3x100 g", "298.71"], ["50 g", "70.00"], ["100 g", "99.57"]]}, {"category": "Beauty & Hygiene", "sub_category_name": "Men's Grooming", "product_name": "Deodorant - Fresh Ocean", "product_brand": "Nivea Men", "combo": []}, {"category": "Beauty & Hygiene", "sub_category_name": "Men's Grooming", "product_name": "Perfume Body Spray - Good Morning, Intense", "product_brand": "Park avenue", "combo": [["2x150 ml", "358.20"], ["150 ml", "179.10"]]}, {"category": "Beauty & Hygiene", "sub_category_name": "Men's Grooming", "product_name": "Lime Bath Soap - 99.9% Germ Protection", "product_brand": "Cinthol", "combo": []}, {"category": "Beauty & Hygiene", "sub_category_name": "Men's Grooming", "product_name": "After Shave Lotion - Denim", "product_brand": "Axe", "combo": []}, {"category": "Beauty & Hygiene", "sub_category_name": "Men's Grooming", "product_name": "Cool, Swag & Thrill Avatar Deodorant Spray Perfume", "product_brand": "Set Wet", "combo": []}, {"category": "Beauty & Hygiene", "sub_category_name": "Men's Grooming", "product_name": "Men Hair Cream - Classic", "product_brand": "Parachute Advansed", "combo": []}, {"category": "Beauty & Hygiene", "sub_category_name": "Men's Grooming", "product_name": "Fragrance Body Spray - Royal", "product_brand": "Fogg", "combo": []}, {"category": "Beauty & Hygiene", "sub_category_name": "Men's Grooming", "product_name": "Instinct Deodorant Spray", "product_brand": "David Beckham", "combo": [["150 ml", "474.00"], ["2x150 ml", "948.00"], ["3x150 ml", "1422.00"]]}, {"category": "Beauty & Hygiene", "sub_category_name": "Men's Grooming", "product_name": "Turmeric Cream - With Foam Base", "product_brand": "Vicco", "combo": []}, {"category": "Beauty & Hygiene", "sub_category_name": "Men's Grooming", "product_name": "Pimple Clear Neem Face Wash", "product_brand": "Himalaya Men", "combo": [["100 ml", "140.80"], ["50 ml", "74.80"]]}, {"category": "Beauty & Hygiene", "sub_category_name": "Men's Grooming", "product_name": "Activated Charcoal Facewash", "product_brand": "Beardo", "combo": []}, {"category": "Beauty & Hygiene", "sub_category_name": "Men's Grooming", "product_name": "Deodorant Spray For Men - Spark", "product_brand": "Kamasutra", "combo": []}, {"category": "Beauty & Hygiene", "sub_category_name": "Men's Grooming", "product_name": "Acno Fight Whitening Day Cream", "product_brand": "Garnier Men", "combo": [["2x20 g", "145.35"], ["45 g", "165.00"], ["20 g", "76.50"]]}, {"category": "Beauty & Hygiene", "sub_category_name": "Men's Grooming", "product_name": "Regular Pre Shave Cream", "product_brand": "Gillette", "combo": [["70 g", "66.10"], ["30 g", "35.00"]]}, {"category": "Beauty & Hygiene", "sub_category_name": "Men's Grooming", "product_name": "Fresh Lime After Shave Lotion", "product_brand": "Old Spice", "combo": [["150 ml", "215.00"], ["50 ml", "120.00"]]}, {"category": "Beauty & Hygiene", "sub_category_name": "Men's Grooming", "product_name": "Face & Beard Wash", "product_brand": "Himalaya Men", "combo": []}, {"category": "Beauty & Hygiene", "sub_category_name": "Men's Grooming", "product_name": "Active Sport Face Wash", "product_brand": "Himalaya Men", "combo": []}, {"category": "Beauty & Hygiene", "sub_category_name": "Men's Grooming", "product_name": "Ticket Perfume, Intense", "product_brand": "Axe", "combo": []}, {"category": "Beauty & Hygiene", "sub_category_name": "Men's Grooming", "product_name": "Men - Pollution Out Activated Charcoal Deep Clean Face Wash", "product_brand": "Ponds", "combo": [["100 g", "174.25"], ["50 g", "110.00"]]}, {"category": "Beauty & Hygiene", "sub_category_name": "Men's Grooming", "product_name": "Face Wash", "product_brand": "FAIR AND HANDSOME", "combo": [["3x100 g", "298.71"], ["50 g", "70.00"], ["100 g", "99.57"]]}, {"category": "Beauty & Hygiene", "sub_category_name": "Men's Grooming", "product_name": "Deodorant - Fresh Ocean", "product_brand": "Nivea Men", "combo": []}, {"category": "Beauty & Hygiene", "sub_category_name": "Men's Grooming", "product_name": "Perfume Body Spray - Good Morning, Intense", "product_brand": "Park avenue", "combo": [["2x150 ml", "358.20"], ["150 ml", "179.10"]]}, {"category": "Beauty & Hygiene", "sub_category_name": "Men's Grooming", "product_name": "Lime Bath Soap - 99.9% Germ Protection", "product_brand": "Cinthol", "combo": []}, {"category": "Beauty & Hygiene", "sub_category_name": "Men's Grooming", "product_name": "After Shave Lotion - Denim", "product_brand": "Axe", "combo": []}, {"category": "Beauty & Hygiene", "sub_category_name": "Men's Grooming", "product_name": "Cool, Swag & Thrill Avatar Deodorant Spray Perfume", "product_brand": "Set Wet", "combo": []}, {"category": "Beauty & Hygiene", "sub_category_name": "Men's Grooming", "product_name": "Men Hair Cream - Classic", "product_brand": "Parachute Advansed", "combo": []}, {"category": "Beauty & Hygiene", "sub_category_name": "Men's Grooming", "product_name": "Fragrance Body Spray - Royal", "product_brand": "Fogg", "combo": []}, {"category": "Beauty & Hygiene", "sub_category_name": "Men's Grooming", "product_name": "Instinct Deodorant Spray", "product_brand": "David Beckham", "combo": [["150 ml", "474.00"], ["2x150 ml", "948.00"], ["3x150 ml", "1422.00"]]}, {"category": "Beauty & Hygiene", "sub_category_name": "Men's Grooming", "product_name": "Turmeric Cream - With Foam Base", "product_brand": "Vicco", "combo": []}, {"category": "Beauty & Hygiene", "sub_category_name": "Men's Grooming", "product_name": "Pimple Clear Neem Face Wash", "product_brand": "Himalaya Men", "combo": [["100 ml", "140.80"], ["50 ml", "74.80"]]}, {"category": "Beauty & Hygiene", "sub_category_name": "Men's Grooming", "product_name": "Activated Charcoal Facewash", "product_brand": "Beardo", "combo": []}, {"category": "Beauty & Hygiene", "sub_category_name": "Men's Grooming", "product_name": "Deodorant Spray For Men - Spark", "product_brand": "Kamasutra", "combo": []}, {"category": "Beauty & Hygiene", "sub_category_name": "Men's Grooming", "product_name": "Acno Fight Whitening Day Cream", "product_brand": "Garnier Men", "combo": [["2x20 g", "145.35"], ["45 g", "165.00"], ["20 g", "76.50"]]}, {"category": "Beauty & Hygiene", "sub_category_name": "Men's Grooming", "product_name": "Regular Pre Shave Cream", "product_brand": "Gillette", "combo": [["70 g", "66.10"], ["30 g", "35.00"]]}, {"category": "Beauty & Hygiene", "sub_category_name": "Men's Grooming", "product_name": "Fresh Lime After Shave Lotion", "product_brand": "Old Spice", "combo": [["150 ml", "215.00"], ["50 ml", "120.00"]]}, {"category": "Beauty & Hygiene", "sub_category_name": "Men's Grooming", "product_name": "Face & Beard Wash", "product_brand": "Himalaya Men", "combo": []}, {"category": "Beauty & Hygiene", "sub_category_name": "Men's Grooming", "product_name": "Active Sport Face Wash", "product_brand": "Himalaya Men", "combo": []}, {"category": "Beauty & Hygiene", "sub_category_name": "Men's Grooming", "product_name": "Ticket Perfume, Intense", "product_brand": "Axe", "combo": []}, {"category": "Beauty & Hygiene", "sub_category_name": "Men's Grooming", "product_name": "Men - Pollution Out Activated Charcoal Deep Clean Face Wash", "product_brand": "Ponds", "combo": [["100 g", "174.25"], ["50 g", "110.00"]]}, {"category": "Beauty & Hygiene", "sub_category_name": "Men's Grooming", "product_name": "Face Wash", "product_brand": "FAIR AND HANDSOME", "combo": [["3x100 g", "298.71"], ["50 g", "70.00"], ["100 g", "99.57"]]}, {"category": "Beauty & Hygiene", "sub_category_name": "Men's Grooming", "product_name": "Deodorant - Fresh Ocean", "product_brand": "Nivea Men", "combo": []}, {"category": "Beauty & Hygiene", "sub_category_name": "Men's Grooming", "product_name": "Perfume Body Spray - Good Morning, Intense", "product_brand": "Park avenue", "combo": [["2x150 ml", "358.20"], ["150 ml", "179.10"]]}, {"category": "Beauty & Hygiene", "sub_category_name": "Men's Grooming", "product_name": "Lime Bath Soap - 99.9% Germ Protection", "product_brand": "Cinthol", "combo": []}, {"category": "Beauty & Hygiene", "sub_category_name": "Men's Grooming", "product_name": "After Shave Lotion - Denim", "product_brand": "Axe", "combo": []}, {"category": "Beauty & Hygiene", "sub_category_name": "Men's Grooming", "product_name": "Cool, Swag & Thrill Avatar Deodorant Spray Perfume", "product_brand": "Set Wet", "combo": []}, {"category": "Beauty & Hygiene", "sub_category_name": "Men's Grooming", "product_name": "Men Hair Cream - Classic", "product_brand": "Parachute Advansed", "combo": []}, {"category": "Beauty & Hygiene", "sub_category_name": "Men's Grooming", "product_name": "Fragrance Body Spray - Royal", "product_brand": "Fogg", "combo": []}, {"category": "Beauty & Hygiene", "sub_category_name": "Men's Grooming", "product_name": "Instinct Deodorant Spray", "product_brand": "David Beckham", "combo": [["150 ml", "474.00"], ["2x150 ml", "948.00"], ["3x150 ml", "1422.00"]]}, {"category": "Beauty & Hygiene", "sub_category_name": "Men's Grooming", "product_name": "Turmeric Cream - With Foam Base", "product_brand": "Vicco", "combo": []}, {"category": "Beauty & Hygiene", "sub_category_name": "Men's Grooming", "product_name": "Pimple Clear Neem Face Wash", "product_brand": "Himalaya Men", "combo": [["100 ml", "140.80"], ["50 ml", "74.80"]]}, {"category": "Beauty & Hygiene", "sub_category_name": "Men's Grooming", "product_name": "Activated Charcoal Facewash", "product_brand": "Beardo", "combo": []}, {"category": "Beauty & Hygiene", "sub_category_name": "Men's Grooming", "product_name": "Deodorant Spray For Men - Spark", "product_brand": "Kamasutra", "combo": []}, {"category": "Beauty & Hygiene", "sub_category_name": "Men's Grooming", "product_name": "Acno Fight Whitening Day Cream", "product_brand": "Garnier Men", "combo": [["2x20 g", "145.35"], ["45 g", "165.00"], ["20 g", "76.50"]]}, {"category": "Beauty & Hygiene", "sub_category_name": "Men's Grooming", "product_name": "Regular Pre Shave Cream", "product_brand": "Gillette", "combo": [["70 g", "66.10"], ["30 g", "35.00"]]}, {"category": "Beauty & Hygiene", "sub_category_name": "Men's Grooming", "product_name": "Fresh Lime After Shave Lotion", "product_brand": "Old Spice", "combo": [["150 ml", "215.00"], ["50 ml", "120.00"]]}, {"category": "Beauty & Hygiene", "sub_category_name": "Men's Grooming", "product_name": "Face & Beard Wash", "product_brand": "Himalaya Men", "combo": []}, {"category": "Beauty & Hygiene", "sub_category_name": "Men's Grooming", "product_name": "Active Sport Face Wash", "product_brand": "Himalaya Men", "combo": []}, {"category": "Beauty & Hygiene", "sub_category_name": "Men's Grooming", "product_name": "Ticket Perfume, Intense", "product_brand": "Axe", "combo": []}, {"category": "Beauty & Hygiene", "sub_category_name": "Men's Grooming", "product_name": "Men - Pollution Out Activated Charcoal Deep Clean Face Wash", "product_brand": "Ponds", "combo": [["100 g", "174.25"], ["50 g", "110.00"]]}, {"category": "Beauty & Hygiene", "sub_category_name": "Men's Grooming", "product_name": "Face Wash", "product_brand": "FAIR AND HANDSOME", "combo": [["3x100 g", "298.71"], ["50 g", "70.00"], ["100 g", "99.57"]]}, {"category": "Beauty & Hygiene", "sub_category_name": "Men's Grooming", "product_name": "Deodorant - Fresh Ocean", "product_brand": "Nivea Men", "combo": []}, {"category": "Beauty & Hygiene", "sub_category_name": "Men's Grooming", "product_name": "Perfume Body Spray - Good Morning, Intense", "product_brand": "Park avenue", "combo": [["2x150 ml", "358.20"], ["150 ml", "179.10"]]}, {"category": "Beauty & Hygiene", "sub_category_name": "Men's Grooming", "product_name": "Lime Bath Soap - 99.9% Germ Protection", "product_brand": "Cinthol", "combo": []}, {"category": "Beauty & Hygiene", "sub_category_name": "Men's Grooming", "product_name": "After Shave Lotion - Denim", "product_brand": "Axe", "combo": []}, {"category": "Beauty & Hygiene", "sub_category_name": "Men's Grooming", "product_name": "Cool, Swag & Thrill Avatar Deodorant Spray Perfume", "product_brand": "Set Wet", "combo": []}, {"category": "Beauty & Hygiene", "sub_category_name": "Men's Grooming", "product_name": "Men Hair Cream - Classic", "product_brand": "Parachute Advansed", "combo": []}, {"category": "Beauty & Hygiene", "sub_category_name": "Men's Grooming", "product_name": "Fragrance Body Spray - Royal", "product_brand": "Fogg", "combo": []}, {"category": "Beauty & Hygiene", "sub_category_name": "Men's Grooming", "product_name": "Instinct Deodorant Spray", "product_brand": "David Beckham", "combo": [["150 ml", "474.00"], ["2x150 ml", "948.00"], ["3x150 ml", "1422.00"]]}, {"category": "Beauty & Hygiene", "sub_category_name": "Men's Grooming", "product_name": "Turmeric Cream - With Foam Base", "product_brand": "Vicco", "combo": []}, {"category": "Beauty & Hygiene", "sub_category_name": "Men's Grooming", "product_name": "Pimple Clear Neem Face Wash", "product_brand": "Himalaya Men", "combo": [["100 ml", "140.80"], ["50 ml", "74.80"]]}, {"category": "Beauty & Hygiene", "sub_category_name": "Men's Grooming", "product_name": "Activated Charcoal Facewash", "product_brand": "Beardo", "combo": []}, {"category": "Beauty & Hygiene", "sub_category_name": "Men's Grooming", "product_name": "Deodorant Spray For Men - Spark", "product_brand": "Kamasutra", "combo": []}, {"category": "Beauty & Hygiene", "sub_category_name": "Men's Grooming", "product_name": "Acno Fight Whitening Day Cream", "product_brand": "Garnier Men", "combo": [["2x20 g", "145.35"], ["45 g", "165.00"], ["20 g", "76.50"]]}, {"category": "Beauty & Hygiene", "sub_category_name": "Men's Grooming", "product_name": "Regular Pre Shave Cream", "product_brand": "Gillette", "combo": [["70 g", "66.10"], ["30 g", "35.00"]]}, {"category": "Beauty & Hygiene", "sub_category_name": "Men's Grooming", "product_name": "Fresh Lime After Shave Lotion", "product_brand": "Old Spice", "combo": [["150 ml", "215.00"], ["50 ml", "120.00"]]}, {"category": "Beauty & Hygiene", "sub_category_name": "Men's Grooming", "product_name": "Face & Beard Wash", "product_brand": "Himalaya Men", "combo": []}, {"category": "Beauty & Hygiene", "sub_category_name": "Men's Grooming", "product_name": "Active Sport Face Wash", "product_brand": "Himalaya Men", "combo": []}, {"category": "Beauty & Hygiene", "sub_category_name": "Men's Grooming", "product_name": "Ticket Perfume, Intense", "product_brand": "Axe", "combo": []}, {"category": "Beauty & Hygiene", "sub_category_name": "Men's Grooming", "product_name": "Men - Pollution Out Activated Charcoal Deep Clean Face Wash", "product_brand": "Ponds", "combo": [["100 g", "174.25"], ["50 g", "110.00"]]}, {"category": "Beauty & Hygiene", "sub_category_name": "Men's Grooming", "product_name": "Face Wash", "product_brand": "FAIR AND HANDSOME", "combo": [["3x100 g", "298.71"], ["50 g", "70.00"], ["100 g", "99.57"]]}, {"category": "Beauty & Hygiene", "sub_category_name": "Men's Grooming", "product_name": "Deodorant - Fresh Ocean", "product_brand": "Nivea Men", "combo": []}, {"category": "Beauty & Hygiene", "sub_category_name": "Men's Grooming", "product_name": "Perfume Body Spray - Good Morning, Intense", "product_brand": "Park avenue", "combo": [["2x150 ml", "358.20"], ["150 ml", "179.10"]]}, {"category": "Beauty & Hygiene", "sub_category_name": "Men's Grooming", "product_name": "Deodorant - Fresh Power", "product_brand": "Nivea", "combo": []}, {"category": "Beauty & Hygiene", "sub_category_name": "Men's Grooming", "product_name": "Body Fragrance - Marcus", "product_brand": "Park avenue", "combo": []}, {"category": "Beauty & Hygiene", "sub_category_name": "Men's Grooming", "product_name": "Face Wash - Dry Skin, Mint Cool", "product_brand": "USTRAA", "combo": []}, {"category": "Beauty & Hygiene", "sub_category_name": "Men's Grooming", "product_name": "Signature Gold Dark Vanilla & Oud Wood Perfume", "product_brand": "Axe", "combo": []}, {"category": "Beauty & Hygiene", "sub_category_name": "Men's Grooming", "product_name": "Men Expert Barber Club - Beard + Face + Hair, 3-In-1 Wash", "product_brand": "Loreal Paris", "combo": []}, {"category": "Beauty & Hygiene", "sub_category_name": "Men's Grooming", "product_name": "Pre Shave Foam - Classic Menthol", "product_brand": "Gillette", "combo": []}, {"category": "Beauty & Hygiene", "sub_category_name": "Men's Grooming", "product_name": "Fusion - Power Shaving Razor", "product_brand": "Gillette", "combo": []}, {"category": "Beauty & Hygiene", "sub_category_name": "Men's Grooming", "product_name": "Deodorant Roll On - Deep Impact Freshness", "product_brand": "Nivea Men", "combo": []}, {"category": "Beauty & Hygiene", "sub_category_name": "Men's Grooming", "product_name": "XX3 Cologne - for Men", "product_brand": "Engage", "combo": []}, {"category": "Beauty & Hygiene", "sub_category_name": "Men's Grooming", "product_name": "Beard Butter Balm", "product_brand": "Brylcreem", "combo": []}, {"category": "Beauty & Hygiene", "sub_category_name": "Men's Grooming", "product_name": "XXX Non Gas Deodorant", "product_brand": "Kamasutra", "combo": []}, {"category": "Beauty & Hygiene", "sub_category_name": "Men's Grooming", "product_name": "NHT 1046 Cordless Trimmer For Men", "product_brand": "Nova", "combo": []}, {"category": "Beauty & Hygiene", "sub_category_name": "Men's Grooming", "product_name": "Face Wash - Instant Fairness, MENs, Rapid Action", "product_brand": "Fair & Lovely", "combo": []}, {"category": "Beauty & Hygiene", "sub_category_name": "Men's Grooming", "product_name": "Face Scrub - Anti Pollutant, With Activated Charcoal", "product_brand": "USTRAA", "combo": []}, {"category": "Beauty & Hygiene", "sub_category_name": "Men's Grooming", "product_name": "Cool Hold Hair Gel", "product_brand": "Set Wet", "combo": []}, {"category": "Beauty & Hygiene", "sub_category_name": "Men's Grooming", "product_name": "Signature Temptation Cologne Talc", "product_brand": "Axe", "combo": []}, {"category": "Beauty & Hygiene", "sub_category_name": "Men's Grooming", "product_name": "Man Deo - Frost", "product_brand": "Engage", "combo": []}, {"category": "Beauty & Hygiene", "sub_category_name": "Men's Grooming", "product_name": "Cool, Charm & Swag Avatar Deodorant Spray Perfume", "product_brand": "Set Wet", "combo": []}, {"category": "Beauty & Hygiene", "sub_category_name": "Men's Grooming", "product_name": "Beard Wash - The Classic", "product_brand": "Beardo", "combo": []}, {"category": "Beauty & Hygiene", "sub_category_name": "Men's Grooming", "product_name": "Men - Energy Burst Face Gel", "product_brand": "Ponds", "combo": []}, {"category": "Beauty & Hygiene", "sub_category_name": "Men's Grooming", "product_name": "Deodorant - Fresh Power", "product_brand": "Nivea", "combo": []}, {"category": "Beauty & Hygiene", "sub_category_name": "Men's Grooming", "product_name": "Body Fragrance - Marcus", "product_brand": "Park avenue", "combo": []}, {"category": "Beauty & Hygiene", "sub_category_name": "Men's Grooming", "product_name": "Face Wash - Dry Skin, Mint Cool", "product_brand": "USTRAA", "combo": []}, {"category": "Beauty & Hygiene", "sub_category_name": "Men's Grooming", "product_name": "Signature Gold Dark Vanilla & Oud Wood Perfume", "product_brand": "Axe", "combo": []}, {"category": "Beauty & Hygiene", "sub_category_name": "Men's Grooming", "product_name": "Men Expert Barber Club - Beard + Face + Hair, 3-In-1 Wash", "product_brand": "Loreal Paris", "combo": []}, {"category": "Beauty & Hygiene", "sub_category_name": "Men's Grooming", "product_name": "Pre Shave Foam - Classic Menthol", "product_brand": "Gillette", "combo": []}, {"category": "Beauty & Hygiene", "sub_category_name": "Men's Grooming", "product_name": "Fusion - Power Shaving Razor", "product_brand": "Gillette", "combo": []}, {"category": "Beauty & Hygiene", "sub_category_name": "Men's Grooming", "product_name": "Deodorant Roll On - Deep Impact Freshness", "product_brand": "Nivea Men", "combo": []}, {"category": "Beauty & Hygiene", "sub_category_name": "Men's Grooming", "product_name": "XX3 Cologne - for Men", "product_brand": "Engage", "combo": []}, {"category": "Beauty & Hygiene", "sub_category_name": "Men's Grooming", "product_name": "Beard Butter Balm", "product_brand": "Brylcreem", "combo": []}, {"category": "Beauty & Hygiene", "sub_category_name": "Men's Grooming", "product_name": "XXX Non Gas Deodorant", "product_brand": "Kamasutra", "combo": []}, {"category": "Beauty & Hygiene", "sub_category_name": "Men's Grooming", "product_name": "NHT 1046 Cordless Trimmer For Men", "product_brand": "Nova", "combo": []}, {"category": "Beauty & Hygiene", "sub_category_name": "Men's Grooming", "product_name": "Face Wash - Instant Fairness, MENs, Rapid Action", "product_brand": "Fair & Lovely", "combo": []}, {"category": "Beauty & Hygiene", "sub_category_name": "Men's Grooming", "product_name": "Face Scrub - Anti Pollutant, With Activated Charcoal", "product_brand": "USTRAA", "combo": []}, {"category": "Beauty & Hygiene", "sub_category_name": "Men's Grooming", "product_name": "Cool Hold Hair Gel", "product_brand": "Set Wet", "combo": []}, {"category": "Beauty & Hygiene", "sub_category_name": "Men's Grooming", "product_name": "Signature Temptation Cologne Talc", "product_brand": "Axe", "combo": []}, {"category": "Beauty & Hygiene", "sub_category_name": "Men's Grooming", "product_name": "Man Deo - Frost", "product_brand": "Engage", "combo": []}, {"category": "Beauty & Hygiene", "sub_category_name": "Men's Grooming", "product_name": "Cool, Charm & Swag Avatar Deodorant Spray Perfume", "product_brand": "Set Wet", "combo": []}, {"category": "Beauty & Hygiene", "sub_category_name": "Men's Grooming", "product_name": "Beard Wash - The Classic", "product_brand": "Beardo", "combo": []}, {"category": "Beauty & Hygiene", "sub_category_name": "Men's Grooming", "product_name": "Men - Energy Burst Face Gel", "product_brand": "Ponds", "combo": []}, {"category": "Beauty & Hygiene", "sub_category_name": "Men's Grooming", "product_name": "Skinguard Manual Shaving Razor Blades", "product_brand": "Gillette", "combo": [["2 pcs", "350.00"], ["4 pcs", "567.00"], ["8 pcs", "1017.00"]]}, {"category": "Beauty & Hygiene", "sub_category_name": "Men's Grooming", "product_name": "Classic Blue Deodorant Spray", "product_brand": "David Beckham", "combo": [["150 ml", "474.00"], ["2x150 ml", "948.00"], ["3x150 ml", "1422.00"]]}, {"category": "Beauty & Hygiene", "sub_category_name": "Men's Grooming", "product_name": "7X Beard Oil - Royal Oud, 7 Premium Oils Supports Beard Growth & Nourishment", "product_brand": "Man Arden", "combo": []}, {"category": "Beauty & Hygiene", "sub_category_name": "Men's Grooming", "product_name": "7X Beard Oil - Lavender, 7 Premium Oils Supports Beard Growth & Nourishment", "product_brand": "Man Arden", "combo": []}, {"category": "Beauty & Hygiene", "sub_category_name": "Men's Grooming", "product_name": "Cream - Advanced Whitening + Multi Benefit, LASER 12", "product_brand": "FAIR AND HANDSOME", "combo": [["60 g", "138.00"], ["30 g", "91.00"]]}, {"category": "Beauty & Hygiene", "sub_category_name": "Men's Grooming", "product_name": "Beard & Mustache Oil - Godfather Lite", "product_brand": "Beardo", "combo": []}, {"category": "Beauty & Hygiene", "sub_category_name": "Men's Grooming", "product_name": "Shaving Brush - Blister Pack", "product_brand": "Park avenue", "combo": []}, {"category": "Beauty & Hygiene", "sub_category_name": "Men's Grooming", "product_name": "Compact Sheesham Beard Comb", "product_brand": "Beardo", "combo": []}, {"category": "Beauty & Hygiene", "sub_category_name": "Men's Grooming", "product_name": "Fragrance Body Spray - Cool Blue", "product_brand": "Park avenue", "combo": []}, {"category": "Beauty & Hygiene", "sub_category_name": "Men's Grooming", "product_name": "Black Magic Temporary Hair Colour - Natural Black", "product_brand": "Beardo", "combo": []}, {"category": "Beauty & Hygiene", "sub_category_name": "Men's Grooming", "product_name": "Deep Cleansing Activated Charcoal Face Wash", "product_brand": "The Man Company", "combo": []}, {"category": "Beauty & Hygiene", "sub_category_name": "Men's Grooming", "product_name": "Bleu Series Island", "product_brand": "Fogg", "combo": []}, {"category": "Beauty & Hygiene", "sub_category_name": "Men's Grooming", "product_name": "Bold Hold Hair Wax - Restyling & Matte Texture", "product_brand": "Brylcreem", "combo": []}, {"category": "Beauty & Hygiene", "sub_category_name": "Men's Grooming", "product_name": "Hair Styling Gel - Soft Hold", "product_brand": "Park avenue", "combo": []}, {"category": "Beauty & Hygiene", "sub_category_name": "Men's Grooming", "product_name": "Sensitive Shaving Foam", "product_brand": "Nivea Men", "combo": []}, {"category": "Beauty & Hygiene", "sub_category_name": "Men's Grooming", "product_name": "Woman - Green Eau De Toilette Deodorant", "product_brand": "Nike", "combo": []}, {"category": "Beauty & Hygiene", "sub_category_name": "Men's Grooming", "product_name": "Deodorant - Intense Deodorizer", "product_brand": "Nivea Men", "combo": []}, {"category": "Beauty & Hygiene", "sub_category_name": "Men's Grooming", "product_name": "Man - Brown Eau De Toilette Deodorant", "product_brand": "Nike", "combo": []}, {"category": "Beauty & Hygiene", "sub_category_name": "Men's Grooming", "product_name": "Deodorant - Duo Body Deodorizer, Summer Fresh", "product_brand": "Nivea Men", "combo": []}, {"category": "Beauty & Hygiene", "sub_category_name": "Men's Grooming", "product_name": "Perfume Spray - Elevate", "product_brand": "Park avenue", "combo": []}, {"category": "Beauty & Hygiene", "sub_category_name": "Men's Grooming", "product_name": "Deodorant - Fresh Power", "product_brand": "Nivea", "combo": []}, {"category": "Beauty & Hygiene", "sub_category_name": "Men's Grooming", "product_name": "Body Fragrance - Marcus", "product_brand": "Park avenue", "combo": []}, {"category": "Beauty & Hygiene", "sub_category_name": "Men's Grooming", "product_name": "Face Wash - Dry Skin, Mint Cool", "product_brand": "USTRAA", "combo": []}, {"category": "Beauty & Hygiene", "sub_category_name": "Men's Grooming", "product_name": "Signature Gold Dark Vanilla & Oud Wood Perfume", "product_brand": "Axe", "combo": []}, {"category": "Beauty & Hygiene", "sub_category_name": "Men's Grooming", "product_name": "Men Expert Barber Club - Beard + Face + Hair, 3-In-1 Wash", "product_brand": "Loreal Paris", "combo": []}, {"category": "Beauty & Hygiene", "sub_category_name": "Men's Grooming", "product_name": "Pre Shave Foam - Classic Menthol", "product_brand": "Gillette", "combo": []}, {"category": "Beauty & Hygiene", "sub_category_name": "Men's Grooming", "product_name": "Fusion - Power Shaving Razor", "product_brand": "Gillette", "combo": []}, {"category": "Beauty & Hygiene", "sub_category_name": "Men's Grooming", "product_name": "Deodorant Roll On - Deep Impact Freshness", "product_brand": "Nivea Men", "combo": []}, {"category": "Beauty & Hygiene", "sub_category_name": "Men's Grooming", "product_name": "XX3 Cologne - for Men", "product_brand": "Engage", "combo": []}, {"category": "Beauty & Hygiene", "sub_category_name": "Men's Grooming", "product_name": "Beard Butter Balm", "product_brand": "Brylcreem", "combo": []}, {"category": "Beauty & Hygiene", "sub_category_name": "Men's Grooming", "product_name": "XXX Non Gas Deodorant", "product_brand": "Kamasutra", "combo": []}, {"category": "Beauty & Hygiene", "sub_category_name": "Men's Grooming", "product_name": "NHT 1046 Cordless Trimmer For Men", "product_brand": "Nova", "combo": []}, {"category": "Beauty & Hygiene", "sub_category_name": "Men's Grooming", "product_name": "Face Wash - Instant Fairness, MENs, Rapid Action", "product_brand": "Fair & Lovely", "combo": []}, {"category": "Beauty & Hygiene", "sub_category_name": "Men's Grooming", "product_name": "Face Scrub - Anti Pollutant, With Activated Charcoal", "product_brand": "USTRAA", "combo": []}, {"category": "Beauty & Hygiene", "sub_category_name": "Men's Grooming", "product_name": "Cool Hold Hair Gel", "product_brand": "Set Wet", "combo": []}, {"category": "Beauty & Hygiene", "sub_category_name": "Men's Grooming", "product_name": "Signature Temptation Cologne Talc", "product_brand": "Axe", "combo": []}, {"category": "Beauty & Hygiene", "sub_category_name": "Men's Grooming", "product_name": "Man Deo - Frost", "product_brand": "Engage", "combo": []}, {"category": "Beauty & Hygiene", "sub_category_name": "Men's Grooming", "product_name": "Cool, Charm & Swag Avatar Deodorant Spray Perfume", "product_brand": "Set Wet", "combo": []}, {"category": "Beauty & Hygiene", "sub_category_name": "Men's Grooming", "product_name": "Beard Wash - The Classic", "product_brand": "Beardo", "combo": []}, {"category": "Beauty & Hygiene", "sub_category_name": "Men's Grooming", "product_name": "Men - Energy Burst Face Gel", "product_brand": "Ponds", "combo": []}, {"category": "Beauty & Hygiene", "sub_category_name": "Men's Grooming", "product_name": "Deodorant - Fresh Power", "product_brand": "Nivea", "combo": []}, {"category": "Beauty & Hygiene", "sub_category_name": "Men's Grooming", "product_name": "Body Fragrance - Marcus", "product_brand": "Park avenue", "combo": []}, {"category": "Beauty & Hygiene", "sub_category_name": "Men's Grooming", "product_name": "Face Wash - Dry Skin, Mint Cool", "product_brand": "USTRAA", "combo": []}, {"category": "Beauty & Hygiene", "sub_category_name": "Men's Grooming", "product_name": "Signature Gold Dark Vanilla & Oud Wood Perfume", "product_brand": "Axe", "combo": []}, {"category": "Beauty & Hygiene", "sub_category_name": "Men's Grooming", "product_name": "Men Expert Barber Club - Beard + Face + Hair, 3-In-1 Wash", "product_brand": "Loreal Paris", "combo": []}, {"category": "Beauty & Hygiene", "sub_category_name": "Men's Grooming", "product_name": "Pre Shave Foam - Classic Menthol", "product_brand": "Gillette", "combo": []}, {"category": "Beauty & Hygiene", "sub_category_name": "Men's Grooming", "product_name": "Fusion - Power Shaving Razor", "product_brand": "Gillette", "combo": []}, {"category": "Beauty & Hygiene", "sub_category_name": "Men's Grooming", "product_name": "Deodorant Roll On - Deep Impact Freshness", "product_brand": "Nivea Men", "combo": []}, {"category": "Beauty & Hygiene", "sub_category_name": "Men's Grooming", "product_name": "XX3 Cologne - for Men", "product_brand": "Engage", "combo": []}, {"category": "Beauty & Hygiene", "sub_category_name": "Men's Grooming", "product_name": "Beard Butter Balm", "product_brand": "Brylcreem", "combo": []}, {"category": "Beauty & Hygiene", "sub_category_name": "Men's Grooming", "product_name": "XXX Non Gas Deodorant", "product_brand": "Kamasutra", "combo": []}, {"category": "Beauty & Hygiene", "sub_category_name": "Men's Grooming", "product_name": "NHT 1046 Cordless Trimmer For Men", "product_brand": "Nova", "combo": []}, {"category": "Beauty & Hygiene", "sub_category_name": "Men's Grooming", "product_name": "Face Wash - Instant Fairness, MENs, Rapid Action", "product_brand": "Fair & Lovely", "combo": []}, {"category": "Beauty & Hygiene", "sub_category_name": "Men's Grooming", "product_name": "Face Scrub - Anti Pollutant, With Activated Charcoal", "product_brand": "USTRAA", "combo": []}, {"category": "Beauty & Hygiene", "sub_category_name": "Men's Grooming", "product_name": "Cool Hold Hair Gel", "product_brand": "Set Wet", "combo": []}, {"category": "Beauty & Hygiene", "sub_category_name": "Men's Grooming", "product_name": "Signature Temptation Cologne Talc", "product_brand": "Axe", "combo": []}, {"category": "Beauty & Hygiene", "sub_category_name": "Men's Grooming", "product_name": "Man Deo - Frost", "product_brand": "Engage", "combo": []}, {"category": "Beauty & Hygiene", "sub_category_name": "Men's Grooming", "product_name": "Cool, Charm & Swag Avatar Deodorant Spray Perfume", "product_brand": "Set Wet", "combo": []}, {"category": "Beauty & Hygiene", "sub_category_name": "Men's Grooming", "product_name": "Beard Wash - The Classic", "product_brand": "Beardo", "combo": []}, {"category": "Beauty & Hygiene", "sub_category_name": "Men's Grooming", "product_name": "Men - Energy Burst Face Gel", "product_brand": "Ponds", "combo": []}, {"category": "Beauty & Hygiene", "sub_category_name": "Men's Grooming", "product_name": "For Men Eau De Toilette", "product_brand": "Tommy Hilfiger", "combo": [["50 ml", "2100.00"], ["100 ml", "2700.00"]]}, {"category": "Beauty & Hygiene", "sub_category_name": "Men's Grooming", "product_name": "Caffeine Series - Coffee Peel Off Mask, Grounded With Real Coffee Beans", "product_brand": "Man Arden", "combo": []}, {"category": "Beauty & Hygiene", "sub_category_name": "Men's Grooming", "product_name": "Cool Hold Hair Styling Gel For Men", "product_brand": "Set Wet", "combo": []}, {"category": "Beauty & Hygiene", "sub_category_name": "Men's Grooming", "product_name": "Skinguard Razor", "product_brand": "Gillette", "combo": []}, {"category": "Beauty & Hygiene", "sub_category_name": "Men's Grooming", "product_name": "2-In-1 Serum For Men - Shine & Set", "product_brand": "Set Wet", "combo": []}, {"category": "Beauty & Hygiene", "sub_category_name": "Men's Grooming", "product_name": "2-In-1 Serum For Men - Soft & Set", "product_brand": "Set Wet", "combo": []}, {"category": "Beauty & Hygiene", "sub_category_name": "Men's Grooming", "product_name": "Night Deodorant Spray", "product_brand": "Guess", "combo": [["96 ml", "474.05"], ["2x96 ml", "948.10"]]}, {"category": "Beauty & Hygiene", "sub_category_name": "Men's Grooming", "product_name": "Beard Colour For Men - Natural Black", "product_brand": "Beardo", "combo": []}, {"category": "Beauty & Hygiene", "sub_category_name": "Men's Grooming", "product_name": "Extreme Eau De Toilette Deodorant - For Man", "product_brand": "Nike", "combo": []}, {"category": "Beauty & Hygiene", "sub_category_name": "Men's Grooming", "product_name": "Razor - Black", "product_brand": "Uncle Tony", "combo": []}, {"category": "Beauty & Hygiene", "sub_category_name": "Men's Grooming", "product_name": "Eau De Toilette - Homme Green", "product_brand": "Colour Me", "combo": []}, {"category": "Beauty & Hygiene", "sub_category_name": "Men's Grooming", "product_name": "Newyork Eau De Toilette", "product_brand": "Playboy", "combo": []}, {"category": "Beauty & Hygiene", "sub_category_name": "Men's Grooming", "product_name": "Starlight Deodorant Spray", "product_brand": "Aigner", "combo": []}, {"category": "Beauty & Hygiene", "sub_category_name": "Men's Grooming", "product_name": "Activated Charcoal With Menthol Handmade Luxury Soap", "product_brand": "Man Arden", "combo": []}, {"category": "Beauty & Hygiene", "sub_category_name": "Men's Grooming", "product_name": "Musk Deo Spray For Men", "product_brand": "Aramusk", "combo": []}, {"category": "Beauty & Hygiene", "sub_category_name": "Men's Grooming", "product_name": "Spunky & Funky Avatar Perfume", "product_brand": "Set Wet", "combo": []}, {"category": "Beauty & Hygiene", "sub_category_name": "Men's Grooming", "product_name": "Hair Gel - Ultimate Hold", "product_brand": "Set Wet", "combo": []}, {"category": "Beauty & Hygiene", "sub_category_name": "Men's Grooming", "product_name": "Confidence+ Talc", "product_brand": "Godrej Cinthol", "combo": []}, {"category": "Beauty & Hygiene", "sub_category_name": "Men's Grooming", "product_name": "3X Cartridges", "product_brand": "Spruce Shave Club", "combo": []}, {"category": "Beauty & Hygiene", "sub_category_name": "Men's Grooming", "product_name": "Grooming Kit: Charcoal Shampoo + Charcoal Conditioner + Hair Cream + Hair Fibre Wax", "product_brand": "Man Arden", "combo": []}, {"category": "Beauty & Hygiene", "sub_category_name": "Men's Grooming", "product_name": "For Men Eau De Toilette", "product_brand": "Tommy Hilfiger", "combo": [["50 ml", "2100.00"], ["100 ml", "2700.00"]]}, {"category": "Beauty & Hygiene", "sub_category_name": "Men's Grooming", "product_name": "Caffeine Series - Coffee Peel Off Mask, Grounded With Real Coffee Beans", "product_brand": "Man Arden", "combo": []}, {"category": "Beauty & Hygiene", "sub_category_name": "Men's Grooming", "product_name": "Cool Hold Hair Styling Gel For Men", "product_brand": "Set Wet", "combo": []}, {"category": "Beauty & Hygiene", "sub_category_name": "Men's Grooming", "product_name": "Skinguard Razor", "product_brand": "Gillette", "combo": []}, {"category": "Beauty & Hygiene", "sub_category_name": "Men's Grooming", "product_name": "2-In-1 Serum For Men - Shine & Set", "product_brand": "Set Wet", "combo": []}, {"category": "Beauty & Hygiene", "sub_category_name": "Men's Grooming", "product_name": "2-In-1 Serum For Men - Soft & Set", "product_brand": "Set Wet", "combo": []}, {"category": "Beauty & Hygiene", "sub_category_name": "Men's Grooming", "product_name": "Night Deodorant Spray", "product_brand": "Guess", "combo": [["96 ml", "474.05"], ["2x96 ml", "948.10"]]}, {"category": "Beauty & Hygiene", "sub_category_name": "Men's Grooming", "product_name": "Beard Colour For Men - Natural Black", "product_brand": "Beardo", "combo": []}, {"category": "Beauty & Hygiene", "sub_category_name": "Men's Grooming", "product_name": "Extreme Eau De Toilette Deodorant - For Man", "product_brand": "Nike", "combo": []}, {"category": "Beauty & Hygiene", "sub_category_name": "Men's Grooming", "product_name": "Razor - Black", "product_brand": "Uncle Tony", "combo": []}, {"category": "Beauty & Hygiene", "sub_category_name": "Men's Grooming", "product_name": "Eau De Toilette - Homme Green", "product_brand": "Colour Me", "combo": []}, {"category": "Beauty & Hygiene", "sub_category_name": "Men's Grooming", "product_name": "Newyork Eau De Toilette", "product_brand": "Playboy", "combo": []}, {"category": "Beauty & Hygiene", "sub_category_name": "Men's Grooming", "product_name": "Starlight Deodorant Spray", "product_brand": "Aigner", "combo": []}, {"category": "Beauty & Hygiene", "sub_category_name": "Men's Grooming", "product_name": "Activated Charcoal With Menthol Handmade Luxury Soap", "product_brand": "Man Arden", "combo": []}, {"category": "Beauty & Hygiene", "sub_category_name": "Men's Grooming", "product_name": "Musk Deo Spray For Men", "product_brand": "Aramusk", "combo": []}, {"category": "Beauty & Hygiene", "sub_category_name": "Men's Grooming", "product_name": "Spunky & Funky Avatar Perfume", "product_brand": "Set Wet", "combo": []}, {"category": "Beauty & Hygiene", "sub_category_name": "Men's Grooming", "product_name": "Hair Gel - Ultimate Hold", "product_brand": "Set Wet", "combo": []}, {"category": "Beauty & Hygiene", "sub_category_name": "Men's Grooming", "product_name": "Confidence+ Talc", "product_brand": "Godrej Cinthol", "combo": []}, {"category": "Beauty & Hygiene", "sub_category_name": "Men's Grooming", "product_name": "3X Cartridges", "product_brand": "Spruce Shave Club", "combo": []}, {"category": "Beauty & Hygiene", "sub_category_name": "Men's Grooming", "product_name": "Grooming Kit: Charcoal Shampoo + Charcoal Conditioner + Hair Cream + Hair Fibre Wax", "product_brand": "Man Arden", "combo": []}, {"category": "Beauty & Hygiene", "sub_category_name": "Men's Grooming", "product_name": "Charcoal Charmers Gift Box", "product_brand": "Fizzy Fern", "combo": []}, {"category": "Beauty & Hygiene", "sub_category_name": "Men's Grooming", "product_name": "Skinguard Razor + Cartridges", "product_brand": "Gillette", "combo": []}, {"category": "Beauty & Hygiene", "sub_category_name": "Men's Grooming", "product_name": "Brown Pocket Comb For Moustache - 52", "product_brand": "Roots", "combo": [["1 pc", "90.00"], ["1 pc", "90.00"], ["2x1 pc", "180.00"], ["2x1 pc", "180.00"]]}, {"category": "Beauty & Hygiene", "sub_category_name": "Men's Grooming", "product_name": "Personal Grooming Scissors - FSC002", "product_brand": "Filone", "combo": [["1 pc", "162.00"], ["1 pc", "153.00"], ["1 pc", "162.00"]]}, {"category": "Beauty & Hygiene", "sub_category_name": "Men's Grooming", "product_name": "Safe Sun Men Advanced Daily UV Shield PA+++ - SPF 30", "product_brand": "Lotus Herbals", "combo": []}, {"category": "Beauty & Hygiene", "sub_category_name": "Men's Grooming", "product_name": "Hollywood Eau De Toilette", "product_brand": "Playboy", "combo": []}, {"category": "Beauty & Hygiene", "sub_category_name": "Men's Grooming", "product_name": "Ice Chill Shaving Foam", "product_brand": "Axe", "combo": []}, {"category": "Beauty & Hygiene", "sub_category_name": "Men's Grooming", "product_name": "Ultra Smooth Shaving Foam", "product_brand": "Axe", "combo": []}, {"category": "Beauty & Hygiene", "sub_category_name": "Men's Grooming", "product_name": "Ultra Smooth After-Shave Balm", "product_brand": "Axe", "combo": []}, {"category": "Beauty & Hygiene", "sub_category_name": "Men's Grooming", "product_name": "Ticket Perfume, Champion", "product_brand": "Axe", "combo": []}, {"category": "Beauty & Hygiene", "sub_category_name": "Men's Grooming", "product_name": "Body Perfume - Force", "product_brand": "HE", "combo": []}, {"category": "Beauty & Hygiene", "sub_category_name": "Men's Grooming", "product_name": "Original Eau De Toilette Deodorant - For Man", "product_brand": "Nike", "combo": []}, {"category": "Beauty & Hygiene", "sub_category_name": "Men's Grooming", "product_name": "Signature Gold Italian Bergamot & Amber Wood Perfume", "product_brand": "Axe", "combo": []}, {"category": "Beauty & Hygiene", "sub_category_name": "Men's Grooming", "product_name": "Signature Gold Iced Vetiver & Fresh Lavender Perfume", "product_brand": "Axe", "combo": []}, {"category": "Beauty & Hygiene", "sub_category_name": "Men's Grooming", "product_name": "Hair Growth Serum With Vitamin C - Oil Free Formula", "product_brand": "Spruce Shave Club", "combo": []}, {"category": "Beauty & Hygiene", "sub_category_name": "Men's Grooming", "product_name": "Intimate Wash For Men - Ph Balanced, Tea Tree & Neroli", "product_brand": "Spruce Shave Club", "combo": []}, {"category": "Beauty & Hygiene", "sub_category_name": "Men's Grooming", "product_name": "Men - Pimple Clear Face Wash", "product_brand": "Ponds", "combo": [["50 g", "110.00"], ["100 g", "174.25"]]}, {"category": "Beauty & Hygiene", "sub_category_name": "Men's Grooming", "product_name": "Noir Oriental Leather Aftershave", "product_brand": "Neesh", "combo": []}, {"category": "Beauty & Hygiene", "sub_category_name": "Men's Grooming", "product_name": "Beard Oil", "product_brand": "Brylcreem", "combo": []}, {"category": "Beauty & Hygiene", "sub_category_name": "Men's Grooming", "product_name": "Skin Brightening Night Cream For Men", "product_brand": "Kama Ayurveda", "combo": []}, {"category": "Beauty & Hygiene", "sub_category_name": "Men's Grooming", "product_name": "Fragrance Body Spray For Men (1000 sprays) - Status", "product_brand": "Fogg", "combo": []}, {"category": "Beauty & Hygiene", "sub_category_name": "Men's Grooming", "product_name": "Deo Bath Soap - 99.9% Germ Protection", "product_brand": "Cinthol", "combo": []}, {"category": "Beauty & Hygiene", "sub_category_name": "Men's Grooming", "product_name": "Daily Nourish Styling Gel - Strong Hold", "product_brand": "Himalaya Men", "combo": []}, {"category": "Beauty & Hygiene", "sub_category_name": "Men's Grooming", "product_name": "D-Tan Scrub", "product_brand": "QRAA", "combo": []}, {"category": "Beauty & Hygiene", "sub_category_name": "Men's Grooming", "product_name": "Hair Wax New - Blue", "product_brand": "QRAA", "combo": []}, {"category": "Beauty & Hygiene", "sub_category_name": "Men's Grooming", "product_name": "Acno Fight Pimple Clearing Gel", "product_brand": "Garnier Men", "combo": []}, {"category": "Beauty & Hygiene", "sub_category_name": "Men's Grooming", "product_name": "Oil Clear Clay D-Tox Deep Cleansing Icy Face Wash", "product_brand": "Garnier Men", "combo": []}, {"category": "Beauty & Hygiene", "sub_category_name": "Men's Grooming", "product_name": "Power White Anti-Pollution Brightening Moisturiser", "product_brand": "Garnier Men", "combo": [["2x20 g", "135.09"], ["20 g", "71.10"], ["40 g", "134.10"], ["50 g", "249.00"]]}, {"category": "Beauty & Hygiene", "sub_category_name": "Men's Grooming", "product_name": "Hair Vanish - For Men", "product_brand": "Wow Skin Science", "combo": []}, {"category": "Beauty & Hygiene", "sub_category_name": "Men's Grooming", "product_name": "7X Beard Oil - Mandarin, 7 Premium Oils Supports Beard Growth & Nourishment", "product_brand": "Man Arden", "combo": []}, {"category": "Beauty & Hygiene", "sub_category_name": "Men's Grooming", "product_name": "3-In-1-Shower Gel", "product_brand": "Red Hunt", "combo": []}, {"category": "Beauty & Hygiene", "sub_category_name": "Men's Grooming", "product_name": "Beard Wash - The Black Velvette", "product_brand": "Beardo", "combo": []}, {"category": "Beauty & Hygiene", "sub_category_name": "Men's Grooming", "product_name": "Argan Oil - Hair & Skin Therapy, Oil-Moisturizing & Conditioning", "product_brand": "Beardo", "combo": []}, {"category": "Beauty & Hygiene", "sub_category_name": "Men's Grooming", "product_name": "Brick Soap - Deep Sea", "product_brand": "Beardo", "combo": []}, {"category": "Beauty & Hygiene", "sub_category_name": "Men's Grooming", "product_name": "Comb - Shisham Wooden, 14 cm", "product_brand": "Beardo", "combo": []}, {"category": "Beauty & Hygiene", "sub_category_name": "Men's Grooming", "product_name": "Charcoal Face Scrub For Men", "product_brand": "Set Wet Studio X", "combo": []}, {"category": "Beauty & Hygiene", "sub_category_name": "Men's Grooming", "product_name": "5X Shaving 5 Blades Razor", "product_brand": "Spruce Shave Club", "combo": []}, {"category": "Beauty & Hygiene", "sub_category_name": "Men's Grooming", "product_name": "Bio Rejuvenating Vetiver", "product_brand": "BIOTIQUE", "combo": []}, {"category": "Beauty & Hygiene", "sub_category_name": "Men's Grooming", "product_name": "Mens Hair Brush EF42", "product_brand": "Roots", "combo": []}, {"category": "Beauty & Hygiene", "sub_category_name": "Men's Grooming", "product_name": "Anti Dullness Shampoo With Coffee Bean & Patchouli", "product_brand": "The Man Company", "combo": []}, {"category": "Beauty & Hygiene", "sub_category_name": "Men's Grooming", "product_name": "Fragrance Body Spray For Men (1000 sprays) - Status", "product_brand": "Fogg", "combo": []}, {"category": "Beauty & Hygiene", "sub_category_name": "Men's Grooming", "product_name": "Deo Bath Soap - 99.9% Germ Protection", "product_brand": "Cinthol", "combo": []}, {"category": "Beauty & Hygiene", "sub_category_name": "Men's Grooming", "product_name": "Daily Nourish Styling Gel - Strong Hold", "product_brand": "Himalaya Men", "combo": []}, {"category": "Beauty & Hygiene", "sub_category_name": "Men's Grooming", "product_name": "D-Tan Scrub", "product_brand": "QRAA", "combo": []}, {"category": "Beauty & Hygiene", "sub_category_name": "Men's Grooming", "product_name": "Hair Wax New - Blue", "product_brand": "QRAA", "combo": []}, {"category": "Beauty & Hygiene", "sub_category_name": "Men's Grooming", "product_name": "Acno Fight Pimple Clearing Gel", "product_brand": "Garnier Men", "combo": []}, {"category": "Beauty & Hygiene", "sub_category_name": "Men's Grooming", "product_name": "Oil Clear Clay D-Tox Deep Cleansing Icy Face Wash", "product_brand": "Garnier Men", "combo": []}, {"category": "Beauty & Hygiene", "sub_category_name": "Men's Grooming", "product_name": "Power White Anti-Pollution Brightening Moisturiser", "product_brand": "Garnier Men", "combo": [["2x20 g", "135.09"], ["20 g", "71.10"], ["40 g", "134.10"], ["50 g", "249.00"]]}, {"category": "Beauty & Hygiene", "sub_category_name": "Men's Grooming", "product_name": "Hair Vanish - For Men", "product_brand": "Wow Skin Science", "combo": []}, {"category": "Beauty & Hygiene", "sub_category_name": "Men's Grooming", "product_name": "7X Beard Oil - Mandarin, 7 Premium Oils Supports Beard Growth & Nourishment", "product_brand": "Man Arden", "combo": []}, {"category": "Beauty & Hygiene", "sub_category_name": "Men's Grooming", "product_name": "3-In-1-Shower Gel", "product_brand": "Red Hunt", "combo": []}, {"category": "Beauty & Hygiene", "sub_category_name": "Men's Grooming", "product_name": "Beard Wash - The Black Velvette", "product_brand": "Beardo", "combo": []}, {"category": "Beauty & Hygiene", "sub_category_name": "Men's Grooming", "product_name": "Argan Oil - Hair & Skin Therapy, Oil-Moisturizing & Conditioning", "product_brand": "Beardo", "combo": []}, {"category": "Beauty & Hygiene", "sub_category_name": "Men's Grooming", "product_name": "Brick Soap - Deep Sea", "product_brand": "Beardo", "combo": []}, {"category": "Beauty & Hygiene", "sub_category_name": "Men's Grooming", "product_name": "Comb - Shisham Wooden, 14 cm", "product_brand": "Beardo", "combo": []}, {"category": "Beauty & Hygiene", "sub_category_name": "Men's Grooming", "product_name": "Charcoal Face Scrub For Men", "product_brand": "Set Wet Studio X", "combo": []}, {"category": "Beauty & Hygiene", "sub_category_name": "Men's Grooming", "product_name": "5X Shaving 5 Blades Razor", "product_brand": "Spruce Shave Club", "combo": []}, {"category": "Beauty & Hygiene", "sub_category_name": "Men's Grooming", "product_name": "Bio Rejuvenating Vetiver", "product_brand": "BIOTIQUE", "combo": []}, {"category": "Beauty & Hygiene", "sub_category_name": "Men's Grooming", "product_name": "Mens Hair Brush EF42", "product_brand": "Roots", "combo": []}, {"category": "Beauty & Hygiene", "sub_category_name": "Men's Grooming", "product_name": "Anti Dullness Shampoo With Coffee Bean & Patchouli", "product_brand": "The Man Company", "combo": []}, {"category": "Beauty & Hygiene", "sub_category_name": "Men's Grooming", "product_name": "Fragrance Body Spray For Men (1000 sprays) - Status", "product_brand": "Fogg", "combo": []}, {"category": "Beauty & Hygiene", "sub_category_name": "Men's Grooming", "product_name": "Deo Bath Soap - 99.9% Germ Protection", "product_brand": "Cinthol", "combo": []}, {"category": "Beauty & Hygiene", "sub_category_name": "Men's Grooming", "product_name": "Daily Nourish Styling Gel - Strong Hold", "product_brand": "Himalaya Men", "combo": []}, {"category": "Beauty & Hygiene", "sub_category_name": "Men's Grooming", "product_name": "D-Tan Scrub", "product_brand": "QRAA", "combo": []}, {"category": "Beauty & Hygiene", "sub_category_name": "Men's Grooming", "product_name": "Hair Wax New - Blue", "product_brand": "QRAA", "combo": []}, {"category": "Beauty & Hygiene", "sub_category_name": "Men's Grooming", "product_name": "Acno Fight Pimple Clearing Gel", "product_brand": "Garnier Men", "combo": []}, {"category": "Beauty & Hygiene", "sub_category_name": "Men's Grooming", "product_name": "Oil Clear Clay D-Tox Deep Cleansing Icy Face Wash", "product_brand": "Garnier Men", "combo": []}, {"category": "Beauty & Hygiene", "sub_category_name": "Men's Grooming", "product_name": "Power White Anti-Pollution Brightening Moisturiser", "product_brand": "Garnier Men", "combo": [["2x20 g", "135.09"], ["20 g", "71.10"], ["40 g", "134.10"], ["50 g", "249.00"]]}, {"category": "Beauty & Hygiene", "sub_category_name": "Men's Grooming", "product_name": "Hair Vanish - For Men", "product_brand": "Wow Skin Science", "combo": []}, {"category": "Beauty & Hygiene", "sub_category_name": "Men's Grooming", "product_name": "7X Beard Oil - Mandarin, 7 Premium Oils Supports Beard Growth & Nourishment", "product_brand": "Man Arden", "combo": []}, {"category": "Beauty & Hygiene", "sub_category_name": "Men's Grooming", "product_name": "3-In-1-Shower Gel", "product_brand": "Red Hunt", "combo": []}, {"category": "Beauty & Hygiene", "sub_category_name": "Men's Grooming", "product_name": "Beard Wash - The Black Velvette", "product_brand": "Beardo", "combo": []}, {"category": "Beauty & Hygiene", "sub_category_name": "Men's Grooming", "product_name": "Argan Oil - Hair & Skin Therapy, Oil-Moisturizing & Conditioning", "product_brand": "Beardo", "combo": []}, {"category": "Beauty & Hygiene", "sub_category_name": "Men's Grooming", "product_name": "Brick Soap - Deep Sea", "product_brand": "Beardo", "combo": []}, {"category": "Beauty & Hygiene", "sub_category_name": "Men's Grooming", "product_name": "Comb - Shisham Wooden, 14 cm", "product_brand": "Beardo", "combo": []}, {"category": "Beauty & Hygiene", "sub_category_name": "Men's Grooming", "product_name": "Charcoal Face Scrub For Men", "product_brand": "Set Wet Studio X", "combo": []}, {"category": "Beauty & Hygiene", "sub_category_name": "Men's Grooming", "product_name": "5X Shaving 5 Blades Razor", "product_brand": "Spruce Shave Club", "combo": []}, {"category": "Beauty & Hygiene", "sub_category_name": "Men's Grooming", "product_name": "Bio Rejuvenating Vetiver", "product_brand": "BIOTIQUE", "combo": []}, {"category": "Beauty & Hygiene", "sub_category_name": "Men's Grooming", "product_name": "Mens Hair Brush EF42", "product_brand": "Roots", "combo": []}]