[{"category": "Eggs, Meat & Fish", "sub_category_name": "Mutton & Lamb", "product_name": "Mutton - Liver, Antibiotic Residue-Free, Growth Hormone-Free", "product_brand": "Fresho", "combo": [["250 g", "249.00"], ["1 kg", "920.00"]]}, {"category": "Eggs, Meat & Fish", "sub_category_name": "Mutton & Lamb", "product_name": "Mutton - Shoulder Pieces, Antibiotic Residue-Free, Growth Hormone-Free", "product_brand": "Fresho", "combo": [["1 kg", "1090.00"], ["500 g", "579.00"]]}, {"category": "Eggs, Meat & Fish", "sub_category_name": "Mutton & Lamb", "product_name": "Mutton - Biryani Pieces, 8-10 pcs, Antibiotic Residue-Free, Growth Hormone-Free", "product_brand": "Fresho", "combo": [["500 g", "375.00"], ["250 g", "299.00"]]}, {"category": "Eggs, Meat & Fish", "sub_category_name": "Mutton & Lamb", "product_name": "Mutton - Boneless, Antibiotic Residue-Free, Growth Hormone-Free", "product_brand": "Fresho", "combo": [["250 g", "350.00"], ["500 g", "690.00"], ["1 kg", "1350.00"]]}, {"category": "Eggs, Meat & Fish", "sub_category_name": "Mutton & Lamb", "product_name": "Mutton - Leg Pieces, Antibiotic Residue-Free, Growth Hormone-Free", "product_brand": "Fresho", "combo": [["500 g", "579.00"], ["1 kg", "1090.00"]]}, {"category": "Eggs, Meat & Fish", "sub_category_name": "Mutton & Lamb", "product_name": "Mutton - Mince, Antibiotic Residue-Free, Growth Hormone-Free", "product_brand": "Fresho", "combo": []}, {"category": "Eggs, Meat & Fish", "sub_category_name": "Mutton & Lamb", "product_name": "Frozen Mutton - Curry Cut", "product_brand": "Punjab Maratha", "combo": []}, {"category": "Eggs, Meat & Fish", "sub_category_name": "Mutton & Lamb", "product_name": "Mutton Shami Kebab", "product_brand": "CURRYMIA", "combo": []}, {"category": "Eggs, Meat & Fish", "sub_category_name": "Mutton & Lamb", "product_name": "Raw Freshly Frozen Mutton Cubes - Bone-In", "product_brand": "CURRYMIA", "combo": []}, {"category": "Eggs, Meat & Fish", "sub_category_name": "Mutton & Lamb", "product_name": "Raw Freshly Frozen Mutton Mince", "product_brand": "CURRYMIA", "combo": []}, {"category": "Eggs, Meat & Fish", "sub_category_name": "Mutton & Lamb", "product_name": "Frozen Mutton - Boneless", "product_brand": "Punjab Maratha", "combo": []}, {"category": "Eggs, Meat & Fish", "sub_category_name": "Mutton & Lamb", "product_name": "Frozen Mutton - Biryani Cut", "product_brand": "Punjab Maratha", "combo": []}, {"category": "Eggs, Meat & Fish", "sub_category_name": "Mutton & Lamb", "product_name": "Mutton Haleem Ke Kabab", "product_brand": "CURRYMIA", "combo": []}, {"category": "Eggs, Meat & Fish", "sub_category_name": "Mutton & Lamb", "product_name": "Frozen Mutton - Keema", "product_brand": "Punjab Maratha", "combo": []}, {"category": "Eggs, Meat & Fish", "sub_category_name": "Mutton & Lamb", "product_name": "Mutton Seekh Kabab", "product_brand": "Carnivore", "combo": []}, {"category": "Eggs, Meat & Fish", "sub_category_name": "Mutton & Lamb", "product_name": "Mutton Masala Curry", "product_brand": "CURRYMIA", "combo": []}, {"category": "Eggs, Meat & Fish", "sub_category_name": "Mutton & Lamb", "product_name": "Mutton Seekh Kebab", "product_brand": "La Carne", "combo": []}, {"category": "Eggs, Meat & Fish", "sub_category_name": "Mutton & Lamb", "product_name": "Keema Muttar Curry", "product_brand": "CURRYMIA", "combo": []}, {"category": "Eggs, Meat & Fish", "sub_category_name": "Mutton & Lamb", "product_name": "Lamb Tender Loin - New Zealand", "product_brand": "Pure South", "combo": []}, {"category": "Eggs, Meat & Fish", "sub_category_name": "Mutton & Lamb", "product_name": "Mutton - Sheekh Kabab", "product_brand": "SFP", "combo": []}, {"category": "Eggs, Meat & Fish", "sub_category_name": "Mutton & Lamb", "product_name": "Palak Mutton Curry", "product_brand": "CURRYMIA", "combo": []}, {"category": "Eggs, Meat & Fish", "sub_category_name": "Mutton & Lamb", "product_name": "Premium Mutton Curry Cut", "product_brand": "Danish", "combo": []}, {"category": "Eggs, Meat & Fish", "sub_category_name": "Mutton & Lamb", "product_name": "Minced Goat Meat", "product_brand": "Chevon", "combo": [["430 g", "530.00"], ["230 g", "290.00"]]}, {"category": "Eggs, Meat & Fish", "sub_category_name": "Mutton & Lamb", "product_name": "Goat Meat Italian Mini Meatballs", "product_brand": "Chevon", "combo": []}, {"category": "Eggs, Meat & Fish", "sub_category_name": "Mutton & Lamb", "product_name": "Mutton - seek kebab", "product_brand": "Meatzza", "combo": []}, {"category": "Eggs, Meat & Fish", "sub_category_name": "Mutton & Lamb", "product_name": "Premium Mutton Mexican Samosa", "product_brand": "Danish", "combo": []}, {"category": "Eggs, Meat & Fish", "sub_category_name": "Mutton & Lamb", "product_name": "NZ Lamb Rack Frenched Cap On", "product_brand": "Pure South", "combo": []}, {"category": "Eggs, Meat & Fish", "sub_category_name": "Mutton & Lamb", "product_name": "NZ Lamb Loin", "product_brand": "Pure South", "combo": []}, {"category": "Eggs, Meat & Fish", "sub_category_name": "Mutton & Lamb", "product_name": "Lamb Leg Bone In - New Zealand", "product_brand": "Pure South", "combo": []}, {"category": "Eggs, Meat & Fish", "sub_category_name": "Mutton & Lamb", "product_name": "Lamb Leg Boneless - New Zealand", "product_brand": "Pure South", "combo": []}, {"category": "Eggs, Meat & Fish", "sub_category_name": "Mutton & Lamb", "product_name": "Lamb Hind Shank - New Zealand", "product_brand": "Pure South", "combo": []}, {"category": "Eggs, Meat & Fish", "sub_category_name": "Mutton & Lamb", "product_name": "Lamb Loin Chop - New Zealand", "product_brand": "Pure South", "combo": []}, {"category": "Eggs, Meat & Fish", "sub_category_name": "Mutton & Lamb", "product_name": "Premium Mutton Bhuna Samosa", "product_brand": "Danish", "combo": []}, {"category": "Eggs, Meat & Fish", "sub_category_name": "Mutton & Lamb", "product_name": "Premium Mutton Mince", "product_brand": "Danish", "combo": []}, {"category": "Eggs, Meat & Fish", "sub_category_name": "Mutton & Lamb", "product_name": "Premium Mutton Chops", "product_brand": "Danish", "combo": []}, {"category": "Eggs, Meat & Fish", "sub_category_name": "Mutton & Lamb", "product_name": "Premium Mutton Cubes", "product_brand": "Danish", "combo": []}, {"category": "Eggs, Meat & Fish", "sub_category_name": "Mutton & Lamb", "product_name": "Goat Meat - Curry cut", "product_brand": "Chevon", "combo": []}, {"category": "Eggs, Meat & Fish", "sub_category_name": "Mutton & Lamb", "product_name": "Boneless Goat Meat", "product_brand": "Chevon", "combo": []}, {"category": "Eggs, Meat & Fish", "sub_category_name": "Mutton & Lamb", "product_name": "Goat Meat Turkish Kofte Kebap", "product_brand": "Chevon", "combo": []}, {"category": "Eggs, Meat & Fish", "sub_category_name": "Mutton & Lamb", "product_name": "Mutton Kakori Kebab", "product_brand": "Punjab Maratha", "combo": []}, {"category": "Eggs, Meat & Fish", "sub_category_name": "Mutton & Lamb", "product_name": "Premium Mutton Mince", "product_brand": "Danish", "combo": []}, {"category": "Eggs, Meat & Fish", "sub_category_name": "Mutton & Lamb", "product_name": "Mutton Shoulder - Boneless, Antibiotic Residue-Free, Growth Hormone-Free", "product_brand": "Fresho", "combo": []}, {"category": "Eggs, Meat & Fish", "sub_category_name": "Mutton & Lamb", "product_name": "Mutton - Chop, 6-8 pcs, Antibiotic Residue-Free, Growth Hormone-Free", "product_brand": "Fresho", "combo": []}, {"category": "Eggs, Meat & Fish", "sub_category_name": "Mutton & Lamb", "product_name": "Mutton - Curry Cut, Antibiotic Residue-Free, Growth Hormone-Free", "product_brand": "Fresho", "combo": [["500 g", "480.00"], ["1 kg", "950.00"], ["250 g", "245.00"]]}, {"category": "Eggs, Meat & Fish", "sub_category_name": "Mutton & Lamb", "product_name": "Mutton - Mince, Antibiotic Residue-Free, Growth Hormone-Free", "product_brand": "Fresho", "combo": [["500 g", "525.00"], ["250 g", "345.00"]]}, {"category": "Eggs, Meat & Fish", "sub_category_name": "Mutton & Lamb", "product_name": "Mutton - Liver, Antibiotic Residue-Free, Growth Hormone-Free", "product_brand": "Fresho", "combo": []}, {"category": "Eggs, Meat & Fish", "sub_category_name": "Mutton & Lamb", "product_name": "Mutton - Biryani Pieces", "product_brand": "Fresho", "combo": []}, {"category": "Eggs, Meat & Fish", "sub_category_name": "Mutton & Lamb", "product_name": "Rohu Fish (Large) - Curry Cut/Bengali Cut 1 kg + Mutton - Curry Cut 1 kg", "product_brand": "Fresho", "combo": []}, {"category": "Eggs, Meat & Fish", "sub_category_name": "Mutton & Lamb", "product_name": "Fresho Meat Mutton - Boneless 250 gm + Kissan Fresh Tomato Ketchup 85 gm", "product_brand": "bb Combo", "combo": []}, {"category": "Eggs, Meat & Fish", "sub_category_name": "Mutton & Lamb", "product_name": "Mutton Paya - 6-8 pcs, Antibiotic Residue-Free, Growth Hormone-Free", "product_brand": "Fresho", "combo": []}, {"category": "Eggs, Meat & Fish", "sub_category_name": "Mutton & Lamb", "product_name": "Mutton - Brain, 2pcs, Antibiotic Residue-Free, Growth Hormone-Free", "product_brand": "Fresho", "combo": []}, {"category": "Eggs, Meat & Fish", "sub_category_name": "Mutton & Lamb", "product_name": "Goat Meat - Biryani Cut", "product_brand": "Chevon", "combo": []}, {"category": "Eggs, Meat & Fish", "sub_category_name": "Mutton & Lamb", "product_name": "Premium Mutton Mince", "product_brand": "Al Kabeer", "combo": []}, {"category": "Eggs, Meat & Fish", "sub_category_name": "Mutton & Lamb", "product_name": "Mutton - Kidney, Antibiotic Residue-Free, Growth Hormone-Frees", "product_brand": "Fresho", "combo": []}, {"category": "Eggs, Meat & Fish", "sub_category_name": "Mutton & Lamb", "product_name": "Mutton Curry Cut - New Zealand", "product_brand": "Pure South", "combo": []}, {"category": "Eggs, Meat & Fish", "sub_category_name": "Mutton & Lamb", "product_name": "Kara Coconut Milk - UHT Natural 200 ml + Fresho Meat Mutton - Mince 500 gm", "product_brand": "bb Combo", "combo": []}]