[{"category": "Beauty & Hygiene", "sub_category_name": "Makeup", "product_name": "Sparkling Eyeliner", "product_brand": "Blue heaven", "combo": []}, {"category": "Beauty & Hygiene", "sub_category_name": "Makeup", "product_name": "Purelips Moisturising Lipstick - A65 Ruby Touch", "product_brand": "Iba", "combo": []}, {"category": "Beauty & Hygiene", "sub_category_name": "Makeup", "product_name": "Lipstick - Long Stay Matte, Pure Lips", "product_brand": "Iba", "combo": []}, {"category": "Beauty & Hygiene", "sub_category_name": "Makeup", "product_name": "Heel Scraper - Stainless Steel With Plastic Handle, Black, BB1210DBLK", "product_brand": "Baol", "combo": []}, {"category": "Beauty & Hygiene", "sub_category_name": "Makeup", "product_name": "Stainless Steel Tweezers - Black, BB1222AST", "product_brand": "Baol", "combo": []}, {"category": "Beauty & Hygiene", "sub_category_name": "Makeup", "product_name": "Soothe-N-Clean Micellar Water", "product_brand": "Iba", "combo": []}, {"category": "Beauty & Hygiene", "sub_category_name": "Makeup", "product_name": "Perfect Look BB Cream", "product_brand": "Iba", "combo": []}, {"category": "Beauty & Hygiene", "sub_category_name": "Makeup", "product_name": "Pure Skin Liquid Foundation", "product_brand": "Iba", "combo": []}, {"category": "Beauty & Hygiene", "sub_category_name": "Makeup", "product_name": "Perfect Look Long-Wear Mattifying Compact", "product_brand": "Iba", "combo": []}, {"category": "Beauty & Hygiene", "sub_category_name": "Makeup", "product_name": "Photo Perfect HD Face Primer", "product_brand": "Iba", "combo": []}, {"category": "Beauty & Hygiene", "sub_category_name": "Makeup", "product_name": "Breathable Nail Colour", "product_brand": "Iba", "combo": []}, {"category": "Beauty & Hygiene", "sub_category_name": "Makeup", "product_name": "Elle 18 Color Pop Matte Lip Colour", "product_brand": "Lakme", "combo": [["4.3 g", "67.50"], ["4.3 g", "67.50"], ["4.3 g", "67.50"], ["2x4.3 g", "128.25"], ["2x4.3 g", "128.25"], ["2x4.3 g", "128.25"], ["2x4.3 g", "128.25"], ["2x4.3 g", "128.25"], ["2x4.3 g", "128.25"], ["2x4.3 g", "128.25"], ["2x4.3 g", "128.25"], ["2x4.3 g", "135.00"], ["2x4.3 g", "135.00"], ["4.3 g", "67.50"], ["4.3 g", "67.50"], ["4.3 g", "67.50"], ["4.3 g", "67.50"], ["4.3 g", "67.50"], ["4.3 g", "67.50"], ["4.3 g", "67.50"], ["4.3 g", "67.50"], ["4.3 g", "67.50"], ["4.3 g", "67.50"], ["4.3 g", "67.50"], ["4.3 g", "67.50"]]}, {"category": "Beauty & Hygiene", "sub_category_name": "Makeup", "product_name": "Colossal Kajal", "product_brand": "Maybelline New York", "combo": []}, {"category": "Beauty & Hygiene", "sub_category_name": "Makeup", "product_name": "Nail Polish Remover - Classic", "product_brand": "ColorBar", "combo": []}, {"category": "Beauty & Hygiene", "sub_category_name": "Makeup", "product_name": "Lakme 9 to 5 Complexion Care CC Cream", "product_brand": "Lakme", "combo": []}, {"category": "Beauty & Hygiene", "sub_category_name": "Makeup", "product_name": "Eyebrow Pencil - Black", "product_brand": "Lakme", "combo": [["2 g", "63.00"], ["2x2 g", "119.70"]]}, {"category": "Beauty & Hygiene", "sub_category_name": "Makeup", "product_name": "Total Effects 7-In-1 - Anti-Ageing Bb Day Skin Cream, Normal SPF15", "product_brand": "Olay", "combo": []}, {"category": "Beauty & Hygiene", "sub_category_name": "Makeup", "product_name": "Color Sensational Creamy Matte Lipstick", "product_brand": "Maybelline New York", "combo": []}, {"category": "Beauty & Hygiene", "sub_category_name": "Makeup", "product_name": "Sindoor", "product_brand": "ColorBar", "combo": []}, {"category": "Beauty & Hygiene", "sub_category_name": "Makeup", "product_name": "New York Dramatic Gel Liner 2.5g + New York Hyper Curl Mascara-Waterproof 9.2ml", "product_brand": "Maybelline", "combo": []}, {"category": "Beauty & Hygiene", "sub_category_name": "Makeup", "product_name": "New York Dramatic Gel Liner 2.5 g + New York Colossal Kajal - Super Black 0.35 g", "product_brand": "Maybelline", "combo": []}, {"category": "Beauty & Hygiene", "sub_category_name": "Makeup", "product_name": "Super Stay Matte Ink Liquid Lipstick", "product_brand": "Maybelline New York", "combo": []}, {"category": "Beauty & Hygiene", "sub_category_name": "Makeup", "product_name": "Magneteyes Kajal black 01", "product_brand": "Faces", "combo": []}, {"category": "Beauty & Hygiene", "sub_category_name": "Makeup", "product_name": "Skin Naturals - BB Cream", "product_brand": "Garnier", "combo": [["18 g", "108.00"], ["30 g", "165.00"], ["2x9 g", "142.50"], ["9 g", "75.00"]]}, {"category": "Beauty & Hygiene", "sub_category_name": "Makeup", "product_name": "Canada - Liquid Sindoor, Maroon", "product_brand": "Faces", "combo": []}, {"category": "Beauty & Hygiene", "sub_category_name": "Makeup", "product_name": "Baby Lips Lip Balm", "product_brand": "Maybelline New York", "combo": []}, {"category": "Beauty & Hygiene", "sub_category_name": "Makeup", "product_name": "Two Way Powder Foundation - PhotoReady", "product_brand": "Revlon", "combo": []}, {"category": "Beauty & Hygiene", "sub_category_name": "Makeup", "product_name": "Lip Balm - Fruity Strawberry Shine", "product_brand": "Nivea", "combo": []}, {"category": "Beauty & Hygiene", "sub_category_name": "Makeup", "product_name": "Aqua Sindoor - Red", "product_brand": "Coloressence", "combo": []}, {"category": "Beauty & Hygiene", "sub_category_name": "Makeup", "product_name": "Lip Balm - Fruity Watermelon Shine", "product_brand": "Nivea", "combo": []}, {"category": "Beauty & Hygiene", "sub_category_name": "Makeup", "product_name": "Hi Shine Nail Enamel", "product_brand": "Faces", "combo": []}, {"category": "Beauty & Hygiene", "sub_category_name": "Makeup", "product_name": "9 to 5 Primer + Matte Powder Foundation Compact", "product_brand": "Lakme", "combo": []}, {"category": "Beauty & Hygiene", "sub_category_name": "Makeup", "product_name": "Perfecting Liquid Foundation", "product_brand": "Lakme", "combo": []}, {"category": "Beauty & Hygiene", "sub_category_name": "Makeup", "product_name": "Sensational Liquid Matte Lipstick - 07, Barely Nude", "product_brand": "Maybelline New York", "combo": []}, {"category": "Beauty & Hygiene", "sub_category_name": "Makeup", "product_name": "9 to 5 Primer + Gloss Nail Color", "product_brand": "Lakme", "combo": []}, {"category": "Beauty & Hygiene", "sub_category_name": "Makeup", "product_name": "Lip Love Chapstick - Insta Pink", "product_brand": "Lakme", "combo": []}, {"category": "Beauty & Hygiene", "sub_category_name": "Makeup", "product_name": "Forever Matte Liquid Lip Colour - Wine Touch", "product_brand": "Lakme", "combo": []}, {"category": "Beauty & Hygiene", "sub_category_name": "Makeup", "product_name": "True Wear Nail Color", "product_brand": "Lakme", "combo": []}, {"category": "Beauty & Hygiene", "sub_category_name": "Makeup", "product_name": "True Wear Color Crush Nail Color", "product_brand": "Lakme", "combo": []}, {"category": "Beauty & Hygiene", "sub_category_name": "Makeup", "product_name": "Radiance Complexion Compact", "product_brand": "Lakme", "combo": [["9 g", "155.00"], ["9 g", "155.00"], ["9 g", "150.00"], ["9 g", "155.00"]]}, {"category": "Beauty & Hygiene", "sub_category_name": "Makeup", "product_name": "Eyeconic Kajal", "product_brand": "Lakme", "combo": []}, {"category": "Beauty & Hygiene", "sub_category_name": "Makeup", "product_name": "Touch & Glow Moisturising Powder - Ivory Matte", "product_brand": "Revlon", "combo": []}, {"category": "Beauty & Hygiene", "sub_category_name": "Makeup", "product_name": "Nail Cutter - Large, Colour May Vary", "product_brand": "Bronson Professional", "combo": []}, {"category": "Beauty & Hygiene", "sub_category_name": "Makeup", "product_name": "Kajal", "product_brand": "Elle 18", "combo": [["2x3 ml", "119.70"], ["3 ml", "63.00"]]}, {"category": "Beauty & Hygiene", "sub_category_name": "Makeup", "product_name": "Summer Florals Nail Enamel", "product_brand": "Revlon", "combo": []}, {"category": "Beauty & Hygiene", "sub_category_name": "Makeup", "product_name": "Nail Polish Remover", "product_brand": "Gala Of London", "combo": [["3x35 ml", "179.55"], ["35 ml", "63.00"]]}, {"category": "Beauty & Hygiene", "sub_category_name": "Makeup", "product_name": "Dual Sharpener", "product_brand": "Lakme", "combo": [["2x8 g", "111.15"], ["8 g", "58.50"]]}, {"category": "Beauty & Hygiene", "sub_category_name": "Makeup", "product_name": "Rose Face Powder - Sunscreen", "product_brand": "Lakme", "combo": []}, {"category": "Beauty & Hygiene", "sub_category_name": "Makeup", "product_name": "Color Crush Nail Art", "product_brand": "Lakme", "combo": []}, {"category": "Beauty & Hygiene", "sub_category_name": "Makeup", "product_name": "Extreme Wear Transferproof Liquid Lipstick - Retro Rouge No.434", "product_brand": "CHAMBOR", "combo": []}, {"category": "Beauty & Hygiene", "sub_category_name": "Makeup", "product_name": "Mini Silicone Face Exfoliator Brush - Colour May Vary", "product_brand": "Bronson Professional", "combo": []}, {"category": "Beauty & Hygiene", "sub_category_name": "Makeup", "product_name": "Beauty Brick Eyeshadow", "product_brand": "LA girl", "combo": []}, {"category": "Beauty & Hygiene", "sub_category_name": "Makeup", "product_name": "Perfect Match Primer", "product_brand": "ColorBar", "combo": []}, {"category": "Beauty & Hygiene", "sub_category_name": "Makeup", "product_name": "Absolute Skin Natural Mousse", "product_brand": "Lakme", "combo": []}, {"category": "Beauty & Hygiene", "sub_category_name": "Makeup", "product_name": "Nail Enamel Remover Transparent 01", "product_brand": "Faces", "combo": [["30 ml", "79.00"], ["2x30 ml", "150.10"]]}, {"category": "Beauty & Hygiene", "sub_category_name": "Makeup", "product_name": "Nail Lacquer", "product_brand": "ColorBar", "combo": []}, {"category": "Beauty & Hygiene", "sub_category_name": "Makeup", "product_name": "Lakme Absolute Argan Oil Lip Colour", "product_brand": "Lakme", "combo": []}, {"category": "Beauty & Hygiene", "sub_category_name": "Makeup", "product_name": "Skin Naturals - Micellar Cleansing Water", "product_brand": "Garnier", "combo": [["125 ml", "122.50"], ["400 ml", "226.85"]]}, {"category": "Beauty & Hygiene", "sub_category_name": "Makeup", "product_name": "Color Crush Nail Art - Mint Blue", "product_brand": "Lakme", "combo": []}, {"category": "Beauty & Hygiene", "sub_category_name": "Makeup", "product_name": "Fit Me Matte+Poreless Liquid Foundation - 128 Warm Nude", "product_brand": "Maybelline New York", "combo": []}, {"category": "Beauty & Hygiene", "sub_category_name": "Makeup", "product_name": "Instant Age Rewind Concealer", "product_brand": "Maybelline New York", "combo": []}, {"category": "Beauty & Hygiene", "sub_category_name": "Makeup", "product_name": "Baby Lips Colour Changing Lip Balm", "product_brand": "Maybelline New York", "combo": []}, {"category": "Beauty & Hygiene", "sub_category_name": "Makeup", "product_name": "Intense Auto Kohl Pencil - Black", "product_brand": "PAC", "combo": []}, {"category": "Beauty & Hygiene", "sub_category_name": "Makeup", "product_name": "Super Stay Matte Ink Liquid Lipstick", "product_brand": "Maybelline New York", "combo": []}, {"category": "Beauty & Hygiene", "sub_category_name": "Makeup", "product_name": "Hypercurl Mascara - Waterproof", "product_brand": "Maybelline New York", "combo": []}, {"category": "Beauty & Hygiene", "sub_category_name": "Makeup", "product_name": "PRO Contour Cream", "product_brand": "LA girl", "combo": []}, {"category": "Beauty & Hygiene", "sub_category_name": "Makeup", "product_name": "Gel Effect Nail Lacquer", "product_brand": "CHAMBOR", "combo": []}, {"category": "Beauty & Hygiene", "sub_category_name": "Makeup", "product_name": "Canada - Weightless Matte Lipstick, Wine Rouge 30", "product_brand": "Faces", "combo": []}, {"category": "Beauty & Hygiene", "sub_category_name": "Makeup", "product_name": "Beyond Black Long Stay Liquid Eye Liner Black", "product_brand": "Faces", "combo": []}, {"category": "Beauty & Hygiene", "sub_category_name": "Makeup", "product_name": "Line Tattoo High Impact Liner - Black", "product_brand": "Maybelline New York", "combo": []}, {"category": "Beauty & Hygiene", "sub_category_name": "Makeup", "product_name": "9 To 5 Weightless Mousse Lip & Cheek Colour", "product_brand": "Lakme", "combo": []}, {"category": "Beauty & Hygiene", "sub_category_name": "Makeup", "product_name": "24ore Long Lasting Lip Liner", "product_brand": "Deborah", "combo": []}, {"category": "Beauty & Hygiene", "sub_category_name": "Makeup", "product_name": "9To5 Primer + Creme Lip Color - Pink Pop, CP1", "product_brand": "Lakme", "combo": []}, {"category": "Beauty & Hygiene", "sub_category_name": "Makeup", "product_name": "Colour Dew Nail Enamel", "product_brand": "Lotus Makeup", "combo": []}, {"category": "Beauty & Hygiene", "sub_category_name": "Makeup", "product_name": "Fit Me Compact - Light Ivory", "product_brand": "Maybelline New York", "combo": []}, {"category": "Beauty & Hygiene", "sub_category_name": "Makeup", "product_name": "Nail Enamel", "product_brand": "NOTE", "combo": []}, {"category": "Beauty & Hygiene", "sub_category_name": "Makeup", "product_name": "Beauty Blender Makeup Sponge - Colour May Vary", "product_brand": "Bronson Professional", "combo": []}, {"category": "Beauty & Hygiene", "sub_category_name": "Makeup", "product_name": "Makeup Mascara Brush - FMB015", "product_brand": "Filone", "combo": [["1 pc", "90.00"], ["2x1 pc", "171.00"]]}, {"category": "Beauty & Hygiene", "sub_category_name": "Makeup", "product_name": "HD Concealer", "product_brand": "Nicka K", "combo": []}, {"category": "Beauty & Hygiene", "sub_category_name": "Makeup", "product_name": "9 to 5 Flawless Matte Complexion Compact", "product_brand": "Lakme", "combo": []}, {"category": "Beauty & Hygiene", "sub_category_name": "Makeup", "product_name": "Total Temptation Washable Mascara - Blackest Black", "product_brand": "Maybelline New York", "combo": []}, {"category": "Beauty & Hygiene", "sub_category_name": "Makeup", "product_name": "Water Resistant Black Out Liner", "product_brand": "Elle 18", "combo": [["5 ml", "76.50"], ["2x5 ml", "145.35"]]}, {"category": "Beauty & Hygiene", "sub_category_name": "Makeup", "product_name": "MesmerEyes Kajal Duo", "product_brand": "ColorBar", "combo": []}, {"category": "Beauty & Hygiene", "sub_category_name": "Makeup", "product_name": "Absolute Shine Liquid Eye Liner", "product_brand": "Lakme", "combo": []}, {"category": "Beauty & Hygiene", "sub_category_name": "Makeup", "product_name": "Showstopper Eyelash Curler", "product_brand": "ColorBar", "combo": []}, {"category": "Beauty & Hygiene", "sub_category_name": "Makeup", "product_name": "Nail Enamel", "product_brand": "Revlon", "combo": []}, {"category": "Beauty & Hygiene", "sub_category_name": "Makeup", "product_name": "Ecostay Nail Enamel", "product_brand": "Lotus Makeup", "combo": []}, {"category": "Beauty & Hygiene", "sub_category_name": "Makeup", "product_name": "Lasting Drama Gel Eyeliner", "product_brand": "Maybelline New York", "combo": []}, {"category": "Beauty & Hygiene", "sub_category_name": "Makeup", "product_name": "Mascara - Eyeconic Curling", "product_brand": "Lakme", "combo": [["9 ml", "375.00"], ["9 ml", "450.00"]]}, {"category": "Beauty & Hygiene", "sub_category_name": "Makeup", "product_name": "Ultime Pro HD Intense Matte Lips + Primer", "product_brand": "Faces", "combo": []}, {"category": "Beauty & Hygiene", "sub_category_name": "Makeup", "product_name": "Nail Polish S Series", "product_brand": "Gala Of London", "combo": [["3x5 ml", "141.07"], ["3x5 ml", "141.07"], ["3x5 ml", "141.07"], ["3x5 ml", "141.07"], ["3x5 ml", "141.07"], ["3x5 ml", "141.07"], ["3x5 ml", "141.07"], ["3x5 ml", "141.07"], ["3x5 ml", "148.50"], ["5 ml", "49.50"], ["5 ml", "49.50"], ["5 ml", "49.50"], ["5 ml", "49.50"], ["5 ml", "49.50"], ["5 ml", "49.50"], ["5 ml", "49.50"], ["5 ml", "49.50"], ["5 ml", "49.50"], ["5 ml", "49.50"], ["5 ml", "49.50"], ["5 ml", "49.50"], ["5 ml", "49.50"], ["5 ml", "49.50"], ["5 ml", "49.50"], ["5 ml", "49.50"], ["5 ml", "49.50"], ["5 ml", "49.50"], ["5 ml", "49.50"], ["5 ml", "49.50"], ["5 ml", "49.50"]]}, {"category": "Beauty & Hygiene", "sub_category_name": "Makeup", "product_name": "Glam On Velvet Matte Lipstick", "product_brand": "Faces", "combo": []}, {"category": "Beauty & Hygiene", "sub_category_name": "Makeup", "product_name": "Ultime Pro Intense Gel Kajal With Free Sharpener", "product_brand": "Faces", "combo": []}, {"category": "Beauty & Hygiene", "sub_category_name": "Makeup", "product_name": "Pearl Compact With Mirror", "product_brand": "Gala Of London", "combo": []}, {"category": "Beauty & Hygiene", "sub_category_name": "Makeup", "product_name": "9 to 5 Weightless Mousse Foundation", "product_brand": "Lakme", "combo": []}, {"category": "Beauty & Hygiene", "sub_category_name": "Makeup", "product_name": "Color Sensational Lip Liner", "product_brand": "Maybelline New York", "combo": []}, {"category": "Beauty & Hygiene", "sub_category_name": "Makeup", "product_name": "Eyeshadow & Kajal Pencil", "product_brand": "Deborah", "combo": []}, {"category": "Beauty & Hygiene", "sub_category_name": "Makeup", "product_name": "Longwear Eye Pencil", "product_brand": "Faces", "combo": []}, {"category": "Beauty & Hygiene", "sub_category_name": "Makeup", "product_name": "Colossal Pen Liner", "product_brand": "Maybelline New York", "combo": []}, {"category": "Beauty & Hygiene", "sub_category_name": "Makeup", "product_name": "Urban Balance Charcoal Peel Off Mask", "product_brand": "Faces", "combo": []}, {"category": "Beauty & Hygiene", "sub_category_name": "Makeup", "product_name": "Hyperglossy Liquid Eyeliner - Black", "product_brand": "Maybelline New York", "combo": []}, {"category": "Beauty & Hygiene", "sub_category_name": "Makeup", "product_name": "Color Sensational Creamy Matte Lipstick", "product_brand": "Maybelline New York", "combo": []}, {"category": "Beauty & Hygiene", "sub_category_name": "Makeup", "product_name": "Studio Perfection Primer", "product_brand": "Blue heaven", "combo": []}, {"category": "Beauty & Hygiene", "sub_category_name": "Makeup", "product_name": "Hydra Colour Lipgloss", "product_brand": "NOTE", "combo": []}, {"category": "Beauty & Hygiene", "sub_category_name": "Makeup", "product_name": "Velvet Matte Lipstick", "product_brand": "ColorBar", "combo": []}, {"category": "Beauty & Hygiene", "sub_category_name": "Makeup", "product_name": "9 To 5 Black Impact Eye Liner", "product_brand": "Lakme", "combo": []}, {"category": "Beauty & Hygiene", "sub_category_name": "Makeup", "product_name": "Street Wear Matte Lipstick", "product_brand": "Revlon", "combo": []}, {"category": "Beauty & Hygiene", "sub_category_name": "Makeup", "product_name": "Complete Salon Manicure", "product_brand": "Sally Hansen", "combo": []}, {"category": "Beauty & Hygiene", "sub_category_name": "Makeup", "product_name": "Enrich Matte Lipstick", "product_brand": "Lakme", "combo": []}, {"category": "Beauty & Hygiene", "sub_category_name": "Makeup", "product_name": "Pure Colors Matte Lip Color", "product_brand": "Lotus Makeup", "combo": []}, {"category": "Beauty & Hygiene", "sub_category_name": "Makeup", "product_name": "Ultra Rich Colour Lipstick", "product_brand": "NOTE", "combo": []}, {"category": "Beauty & Hygiene", "sub_category_name": "Makeup", "product_name": "Weightless Matte Finish Lipstick", "product_brand": "Faces", "combo": []}, {"category": "Beauty & Hygiene", "sub_category_name": "Makeup", "product_name": "Powder Brush - PBR4650, Colour May Vary", "product_brand": "Kaiv", "combo": []}, {"category": "Beauty & Hygiene", "sub_category_name": "Makeup", "product_name": "Eyeliner Pencil", "product_brand": "LA girl", "combo": []}, {"category": "Beauty & Hygiene", "sub_category_name": "Makeup", "product_name": "Ultimate Nail Enamel Remover - Dark Chocolate, Acetone Free", "product_brand": "ColorBar", "combo": []}, {"category": "Beauty & Hygiene", "sub_category_name": "Makeup", "product_name": "Elegance Matte Lip Color - 06", "product_brand": "Blue heaven", "combo": []}, {"category": "Beauty & Hygiene", "sub_category_name": "Makeup", "product_name": "Nails 365 Tarry Goes Red Matte", "product_brand": "YLG", "combo": []}, {"category": "Beauty & Hygiene", "sub_category_name": "Makeup", "product_name": "Eye Shadow Brush - Colour May Vary", "product_brand": "Bronson Professional", "combo": []}, {"category": "Beauty & Hygiene", "sub_category_name": "Makeup", "product_name": "InstaRemove Dip & Twist Remover", "product_brand": "Faces", "combo": []}, {"category": "Beauty & Hygiene", "sub_category_name": "Makeup", "product_name": "Eyeconic Kajal, Black", "product_brand": "Lakme", "combo": []}, {"category": "Beauty & Hygiene", "sub_category_name": "Makeup", "product_name": "Saphire Liquid Glitter Eyeshadow - 02 Shooting Star", "product_brand": "Blue heaven", "combo": []}, {"category": "Beauty & Hygiene", "sub_category_name": "Makeup", "product_name": "Magneteyes Eyeliner Black-01", "product_brand": "Faces", "combo": []}, {"category": "Beauty & Hygiene", "sub_category_name": "Makeup", "product_name": "Stylish Black Soft Thick Reusable False Eye Lashes For Women - SH13", "product_brand": "GlamGals", "combo": []}, {"category": "Beauty & Hygiene", "sub_category_name": "Makeup", "product_name": "Lip Balm - Fruity Blackberry Shine", "product_brand": "Nivea", "combo": []}, {"category": "Beauty & Hygiene", "sub_category_name": "Makeup", "product_name": "Nailplay Nail Polish - NPM 33 Coral Candy", "product_brand": "Roots", "combo": []}, {"category": "Beauty & Hygiene", "sub_category_name": "Makeup", "product_name": "9To5 Primer + Gloss Nail Colour - Clay Grey", "product_brand": "Lakme", "combo": []}, {"category": "Beauty & Hygiene", "sub_category_name": "Makeup", "product_name": "Perfect Radiance Compact", "product_brand": "Lakme", "combo": []}, {"category": "Beauty & Hygiene", "sub_category_name": "Makeup", "product_name": "Matte Effect Compact With Sunscreen - Universal Shade", "product_brand": "Blue heaven", "combo": []}, {"category": "Beauty & Hygiene", "sub_category_name": "Makeup", "product_name": "Face Magic Souffle", "product_brand": "Lakme", "combo": []}, {"category": "Beauty & Hygiene", "sub_category_name": "Makeup", "product_name": "Baby Lips Color - Alia Loves New York", "product_brand": "Maybelline New York", "combo": []}, {"category": "Beauty & Hygiene", "sub_category_name": "Makeup", "product_name": "Jewel Sindoor - Red", "product_brand": "Lakme", "combo": []}, {"category": "Beauty & Hygiene", "sub_category_name": "Makeup", "product_name": "Street Wear Nail Enamel", "product_brand": "Revlon", "combo": []}, {"category": "Beauty & Hygiene", "sub_category_name": "Makeup", "product_name": "Eyelashes 53", "product_brand": "Bronson Professional", "combo": []}, {"category": "Beauty & Hygiene", "sub_category_name": "Makeup", "product_name": "Nail Filer & Cuticle Trimmer - Colour May Vary", "product_brand": "Bronson Professional", "combo": []}, {"category": "Beauty & Hygiene", "sub_category_name": "Makeup", "product_name": "Color Icon Eyeshadow Single", "product_brand": "Wet N Wild", "combo": []}, {"category": "Beauty & Hygiene", "sub_category_name": "Makeup", "product_name": "Stainless Steel Tweezers - Pink, BB1222PNK", "product_brand": "Baol", "combo": []}, {"category": "Beauty & Hygiene", "sub_category_name": "Makeup", "product_name": "Stainless Steel Tweezers - Red, B1220RED", "product_brand": "Baol", "combo": []}, {"category": "Beauty & Hygiene", "sub_category_name": "Makeup", "product_name": "BB+ Cream - Instant Spot Coverage + Natural Glow, 02 Medium", "product_brand": "Ponds", "combo": []}, {"category": "Beauty & Hygiene", "sub_category_name": "Makeup", "product_name": "Liquid Velvet Nudes - Gossip", "product_brand": "Ciate London", "combo": []}, {"category": "Beauty & Hygiene", "sub_category_name": "Makeup", "product_name": "Absolute Skin Natural Mousse Mattreal Foundation - Rich Walnut", "product_brand": "Lakme", "combo": []}, {"category": "Beauty & Hygiene", "sub_category_name": "Makeup", "product_name": "Saphire Liquid Glitter Eyeshadow - 02 Shooting Star", "product_brand": "Blue heaven", "combo": []}, {"category": "Beauty & Hygiene", "sub_category_name": "Makeup", "product_name": "Magneteyes Eyeliner Black-01", "product_brand": "Faces", "combo": []}, {"category": "Beauty & Hygiene", "sub_category_name": "Makeup", "product_name": "Stylish Black Soft Thick Reusable False Eye Lashes For Women - SH13", "product_brand": "GlamGals", "combo": []}, {"category": "Beauty & Hygiene", "sub_category_name": "Makeup", "product_name": "Lip Balm - Fruity Blackberry Shine", "product_brand": "Nivea", "combo": []}, {"category": "Beauty & Hygiene", "sub_category_name": "Makeup", "product_name": "Nailplay Nail Polish - NPM 33 Coral Candy", "product_brand": "Roots", "combo": []}, {"category": "Beauty & Hygiene", "sub_category_name": "Makeup", "product_name": "9To5 Primer + Gloss Nail Colour - Clay Grey", "product_brand": "Lakme", "combo": []}, {"category": "Beauty & Hygiene", "sub_category_name": "Makeup", "product_name": "Perfect Radiance Compact", "product_brand": "Lakme", "combo": []}, {"category": "Beauty & Hygiene", "sub_category_name": "Makeup", "product_name": "Matte Effect Compact With Sunscreen - Universal Shade", "product_brand": "Blue heaven", "combo": []}, {"category": "Beauty & Hygiene", "sub_category_name": "Makeup", "product_name": "Face Magic Souffle", "product_brand": "Lakme", "combo": []}, {"category": "Beauty & Hygiene", "sub_category_name": "Makeup", "product_name": "Baby Lips Color - Alia Loves New York", "product_brand": "Maybelline New York", "combo": []}, {"category": "Beauty & Hygiene", "sub_category_name": "Makeup", "product_name": "Jewel Sindoor - Red", "product_brand": "Lakme", "combo": []}, {"category": "Beauty & Hygiene", "sub_category_name": "Makeup", "product_name": "Street Wear Nail Enamel", "product_brand": "Revlon", "combo": []}, {"category": "Beauty & Hygiene", "sub_category_name": "Makeup", "product_name": "Eyelashes 53", "product_brand": "Bronson Professional", "combo": []}, {"category": "Beauty & Hygiene", "sub_category_name": "Makeup", "product_name": "Nail Filer & Cuticle Trimmer - Colour May Vary", "product_brand": "Bronson Professional", "combo": []}, {"category": "Beauty & Hygiene", "sub_category_name": "Makeup", "product_name": "Color Icon Eyeshadow Single", "product_brand": "Wet N Wild", "combo": []}, {"category": "Beauty & Hygiene", "sub_category_name": "Makeup", "product_name": "Stainless Steel Tweezers - Pink, BB1222PNK", "product_brand": "Baol", "combo": []}, {"category": "Beauty & Hygiene", "sub_category_name": "Makeup", "product_name": "Stainless Steel Tweezers - Red, B1220RED", "product_brand": "Baol", "combo": []}, {"category": "Beauty & Hygiene", "sub_category_name": "Makeup", "product_name": "BB+ Cream - Instant Spot Coverage + Natural Glow, 02 Medium", "product_brand": "Ponds", "combo": []}, {"category": "Beauty & Hygiene", "sub_category_name": "Makeup", "product_name": "Liquid Velvet Nudes - Gossip", "product_brand": "Ciate London", "combo": []}, {"category": "Beauty & Hygiene", "sub_category_name": "Makeup", "product_name": "Absolute Skin Natural Mousse Mattreal Foundation - Rich Walnut", "product_brand": "Lakme", "combo": []}, {"category": "Beauty & Hygiene", "sub_category_name": "Makeup", "product_name": "Saphire Liquid Glitter Eyeshadow - 02 Shooting Star", "product_brand": "Blue heaven", "combo": []}, {"category": "Beauty & Hygiene", "sub_category_name": "Makeup", "product_name": "Magneteyes Eyeliner Black-01", "product_brand": "Faces", "combo": []}, {"category": "Beauty & Hygiene", "sub_category_name": "Makeup", "product_name": "Stylish Black Soft Thick Reusable False Eye Lashes For Women - SH13", "product_brand": "GlamGals", "combo": []}, {"category": "Beauty & Hygiene", "sub_category_name": "Makeup", "product_name": "Lip Balm - Fruity Blackberry Shine", "product_brand": "Nivea", "combo": []}, {"category": "Beauty & Hygiene", "sub_category_name": "Makeup", "product_name": "Nailplay Nail Polish - NPM 33 Coral Candy", "product_brand": "Roots", "combo": []}, {"category": "Beauty & Hygiene", "sub_category_name": "Makeup", "product_name": "9To5 Primer + Gloss Nail Colour - Clay Grey", "product_brand": "Lakme", "combo": []}, {"category": "Beauty & Hygiene", "sub_category_name": "Makeup", "product_name": "Perfect Radiance Compact", "product_brand": "Lakme", "combo": []}, {"category": "Beauty & Hygiene", "sub_category_name": "Makeup", "product_name": "Matte Effect Compact With Sunscreen - Universal Shade", "product_brand": "Blue heaven", "combo": []}, {"category": "Beauty & Hygiene", "sub_category_name": "Makeup", "product_name": "Face Magic Souffle", "product_brand": "Lakme", "combo": []}, {"category": "Beauty & Hygiene", "sub_category_name": "Makeup", "product_name": "Baby Lips Color - Alia Loves New York", "product_brand": "Maybelline New York", "combo": []}, {"category": "Beauty & Hygiene", "sub_category_name": "Makeup", "product_name": "Jewel Sindoor - Red", "product_brand": "Lakme", "combo": []}, {"category": "Beauty & Hygiene", "sub_category_name": "Makeup", "product_name": "Street Wear Nail Enamel", "product_brand": "Revlon", "combo": []}, {"category": "Beauty & Hygiene", "sub_category_name": "Makeup", "product_name": "Eyelashes 53", "product_brand": "Bronson Professional", "combo": []}, {"category": "Beauty & Hygiene", "sub_category_name": "Makeup", "product_name": "Nail Filer & Cuticle Trimmer - Colour May Vary", "product_brand": "Bronson Professional", "combo": []}, {"category": "Beauty & Hygiene", "sub_category_name": "Makeup", "product_name": "Color Icon Eyeshadow Single", "product_brand": "Wet N Wild", "combo": []}, {"category": "Beauty & Hygiene", "sub_category_name": "Makeup", "product_name": "Stainless Steel Tweezers - Pink, BB1222PNK", "product_brand": "Baol", "combo": []}, {"category": "Beauty & Hygiene", "sub_category_name": "Makeup", "product_name": "Stainless Steel Tweezers - Red, B1220RED", "product_brand": "Baol", "combo": []}, {"category": "Beauty & Hygiene", "sub_category_name": "Makeup", "product_name": "BB+ Cream - Instant Spot Coverage + Natural Glow, 02 Medium", "product_brand": "Ponds", "combo": []}, {"category": "Beauty & Hygiene", "sub_category_name": "Makeup", "product_name": "Liquid Velvet Nudes - Gossip", "product_brand": "Ciate London", "combo": []}, {"category": "Beauty & Hygiene", "sub_category_name": "Makeup", "product_name": "Absolute Skin Natural Mousse Mattreal Foundation - Rich Walnut", "product_brand": "Lakme", "combo": []}, {"category": "Beauty & Hygiene", "sub_category_name": "Makeup", "product_name": "Saphire Liquid Glitter Eyeshadow - 02 Shooting Star", "product_brand": "Blue heaven", "combo": []}, {"category": "Beauty & Hygiene", "sub_category_name": "Makeup", "product_name": "Magneteyes Eyeliner Black-01", "product_brand": "Faces", "combo": []}, {"category": "Beauty & Hygiene", "sub_category_name": "Makeup", "product_name": "Stylish Black Soft Thick Reusable False Eye Lashes For Women - SH13", "product_brand": "GlamGals", "combo": []}, {"category": "Beauty & Hygiene", "sub_category_name": "Makeup", "product_name": "Lip Balm - Fruity Blackberry Shine", "product_brand": "Nivea", "combo": []}, {"category": "Beauty & Hygiene", "sub_category_name": "Makeup", "product_name": "Nailplay Nail Polish - NPM 33 Coral Candy", "product_brand": "Roots", "combo": []}, {"category": "Beauty & Hygiene", "sub_category_name": "Makeup", "product_name": "9To5 Primer + Gloss Nail Colour - Clay Grey", "product_brand": "Lakme", "combo": []}, {"category": "Beauty & Hygiene", "sub_category_name": "Makeup", "product_name": "Perfect Radiance Compact", "product_brand": "Lakme", "combo": []}, {"category": "Beauty & Hygiene", "sub_category_name": "Makeup", "product_name": "Matte Effect Compact With Sunscreen - Universal Shade", "product_brand": "Blue heaven", "combo": []}, {"category": "Beauty & Hygiene", "sub_category_name": "Makeup", "product_name": "Face Magic Souffle", "product_brand": "Lakme", "combo": []}, {"category": "Beauty & Hygiene", "sub_category_name": "Makeup", "product_name": "Baby Lips Color - Alia Loves New York", "product_brand": "Maybelline New York", "combo": []}, {"category": "Beauty & Hygiene", "sub_category_name": "Makeup", "product_name": "Jewel Sindoor - Red", "product_brand": "Lakme", "combo": []}, {"category": "Beauty & Hygiene", "sub_category_name": "Makeup", "product_name": "Street Wear Nail Enamel", "product_brand": "Revlon", "combo": []}, {"category": "Beauty & Hygiene", "sub_category_name": "Makeup", "product_name": "Eyelashes 53", "product_brand": "Bronson Professional", "combo": []}, {"category": "Beauty & Hygiene", "sub_category_name": "Makeup", "product_name": "Nail Filer & Cuticle Trimmer - Colour May Vary", "product_brand": "Bronson Professional", "combo": []}, {"category": "Beauty & Hygiene", "sub_category_name": "Makeup", "product_name": "Color Icon Eyeshadow Single", "product_brand": "Wet N Wild", "combo": []}, {"category": "Beauty & Hygiene", "sub_category_name": "Makeup", "product_name": "Stainless Steel Tweezers - Pink, BB1222PNK", "product_brand": "Baol", "combo": []}, {"category": "Beauty & Hygiene", "sub_category_name": "Makeup", "product_name": "Stainless Steel Tweezers - Red, B1220RED", "product_brand": "Baol", "combo": []}, {"category": "Beauty & Hygiene", "sub_category_name": "Makeup", "product_name": "BB+ Cream - Instant Spot Coverage + Natural Glow, 02 Medium", "product_brand": "Ponds", "combo": []}, {"category": "Beauty & Hygiene", "sub_category_name": "Makeup", "product_name": "Liquid Velvet Nudes - Gossip", "product_brand": "Ciate London", "combo": []}, {"category": "Beauty & Hygiene", "sub_category_name": "Makeup", "product_name": "Absolute Skin Natural Mousse Mattreal Foundation - Rich Walnut", "product_brand": "Lakme", "combo": []}, {"category": "Beauty & Hygiene", "sub_category_name": "Makeup", "product_name": "Saphire Liquid Glitter Eyeshadow - 02 Shooting Star", "product_brand": "Blue heaven", "combo": []}, {"category": "Beauty & Hygiene", "sub_category_name": "Makeup", "product_name": "Magneteyes Eyeliner Black-01", "product_brand": "Faces", "combo": []}, {"category": "Beauty & Hygiene", "sub_category_name": "Makeup", "product_name": "Stylish Black Soft Thick Reusable False Eye Lashes For Women - SH13", "product_brand": "GlamGals", "combo": []}, {"category": "Beauty & Hygiene", "sub_category_name": "Makeup", "product_name": "Lip Balm - Fruity Blackberry Shine", "product_brand": "Nivea", "combo": []}, {"category": "Beauty & Hygiene", "sub_category_name": "Makeup", "product_name": "Nailplay Nail Polish - NPM 33 Coral Candy", "product_brand": "Roots", "combo": []}, {"category": "Beauty & Hygiene", "sub_category_name": "Makeup", "product_name": "9To5 Primer + Gloss Nail Colour - Clay Grey", "product_brand": "Lakme", "combo": []}, {"category": "Beauty & Hygiene", "sub_category_name": "Makeup", "product_name": "Perfect Radiance Compact", "product_brand": "Lakme", "combo": []}, {"category": "Beauty & Hygiene", "sub_category_name": "Makeup", "product_name": "Matte Effect Compact With Sunscreen - Universal Shade", "product_brand": "Blue heaven", "combo": []}, {"category": "Beauty & Hygiene", "sub_category_name": "Makeup", "product_name": "Face Magic Souffle", "product_brand": "Lakme", "combo": []}, {"category": "Beauty & Hygiene", "sub_category_name": "Makeup", "product_name": "Baby Lips Color - Alia Loves New York", "product_brand": "Maybelline New York", "combo": []}, {"category": "Beauty & Hygiene", "sub_category_name": "Makeup", "product_name": "Jewel Sindoor - Red", "product_brand": "Lakme", "combo": []}, {"category": "Beauty & Hygiene", "sub_category_name": "Makeup", "product_name": "Street Wear Nail Enamel", "product_brand": "Revlon", "combo": []}, {"category": "Beauty & Hygiene", "sub_category_name": "Makeup", "product_name": "Eyelashes 53", "product_brand": "Bronson Professional", "combo": []}, {"category": "Beauty & Hygiene", "sub_category_name": "Makeup", "product_name": "Nail Filer & Cuticle Trimmer - Colour May Vary", "product_brand": "Bronson Professional", "combo": []}, {"category": "Beauty & Hygiene", "sub_category_name": "Makeup", "product_name": "Color Icon Eyeshadow Single", "product_brand": "Wet N Wild", "combo": []}, {"category": "Beauty & Hygiene", "sub_category_name": "Makeup", "product_name": "Stainless Steel Tweezers - Pink, BB1222PNK", "product_brand": "Baol", "combo": []}, {"category": "Beauty & Hygiene", "sub_category_name": "Makeup", "product_name": "Stainless Steel Tweezers - Red, B1220RED", "product_brand": "Baol", "combo": []}, {"category": "Beauty & Hygiene", "sub_category_name": "Makeup", "product_name": "BB+ Cream - Instant Spot Coverage + Natural Glow, 02 Medium", "product_brand": "Ponds", "combo": []}, {"category": "Beauty & Hygiene", "sub_category_name": "Makeup", "product_name": "Liquid Velvet Nudes - Gossip", "product_brand": "Ciate London", "combo": []}, {"category": "Beauty & Hygiene", "sub_category_name": "Makeup", "product_name": "Absolute Skin Natural Mousse Mattreal Foundation - Rich Walnut", "product_brand": "Lakme", "combo": []}, {"category": "Beauty & Hygiene", "sub_category_name": "Makeup", "product_name": "Saphire Liquid Glitter Eyeshadow - 02 Shooting Star", "product_brand": "Blue heaven", "combo": []}, {"category": "Beauty & Hygiene", "sub_category_name": "Makeup", "product_name": "Magneteyes Eyeliner Black-01", "product_brand": "Faces", "combo": []}, {"category": "Beauty & Hygiene", "sub_category_name": "Makeup", "product_name": "Stylish Black Soft Thick Reusable False Eye Lashes For Women - SH13", "product_brand": "GlamGals", "combo": []}, {"category": "Beauty & Hygiene", "sub_category_name": "Makeup", "product_name": "Lip Balm - Fruity Blackberry Shine", "product_brand": "Nivea", "combo": []}, {"category": "Beauty & Hygiene", "sub_category_name": "Makeup", "product_name": "Nailplay Nail Polish - NPM 33 Coral Candy", "product_brand": "Roots", "combo": []}, {"category": "Beauty & Hygiene", "sub_category_name": "Makeup", "product_name": "9To5 Primer + Gloss Nail Colour - Clay Grey", "product_brand": "Lakme", "combo": []}, {"category": "Beauty & Hygiene", "sub_category_name": "Makeup", "product_name": "Perfect Radiance Compact", "product_brand": "Lakme", "combo": []}, {"category": "Beauty & Hygiene", "sub_category_name": "Makeup", "product_name": "Matte Effect Compact With Sunscreen - Universal Shade", "product_brand": "Blue heaven", "combo": []}, {"category": "Beauty & Hygiene", "sub_category_name": "Makeup", "product_name": "Face Magic Souffle", "product_brand": "Lakme", "combo": []}, {"category": "Beauty & Hygiene", "sub_category_name": "Makeup", "product_name": "Baby Lips Color - Alia Loves New York", "product_brand": "Maybelline New York", "combo": []}, {"category": "Beauty & Hygiene", "sub_category_name": "Makeup", "product_name": "Jewel Sindoor - Red", "product_brand": "Lakme", "combo": []}, {"category": "Beauty & Hygiene", "sub_category_name": "Makeup", "product_name": "Street Wear Nail Enamel", "product_brand": "Revlon", "combo": []}, {"category": "Beauty & Hygiene", "sub_category_name": "Makeup", "product_name": "Eyelashes 53", "product_brand": "Bronson Professional", "combo": []}, {"category": "Beauty & Hygiene", "sub_category_name": "Makeup", "product_name": "Nail Filer & Cuticle Trimmer - Colour May Vary", "product_brand": "Bronson Professional", "combo": []}, {"category": "Beauty & Hygiene", "sub_category_name": "Makeup", "product_name": "Color Icon Eyeshadow Single", "product_brand": "Wet N Wild", "combo": []}, {"category": "Beauty & Hygiene", "sub_category_name": "Makeup", "product_name": "Stainless Steel Tweezers - Pink, BB1222PNK", "product_brand": "Baol", "combo": []}, {"category": "Beauty & Hygiene", "sub_category_name": "Makeup", "product_name": "Stainless Steel Tweezers - Red, B1220RED", "product_brand": "Baol", "combo": []}, {"category": "Beauty & Hygiene", "sub_category_name": "Makeup", "product_name": "BB+ Cream - Instant Spot Coverage + Natural Glow, 02 Medium", "product_brand": "Ponds", "combo": []}, {"category": "Beauty & Hygiene", "sub_category_name": "Makeup", "product_name": "Liquid Velvet Nudes - Gossip", "product_brand": "Ciate London", "combo": []}, {"category": "Beauty & Hygiene", "sub_category_name": "Makeup", "product_name": "Absolute Skin Natural Mousse Mattreal Foundation - Rich Walnut", "product_brand": "Lakme", "combo": []}, {"category": "Beauty & Hygiene", "sub_category_name": "Makeup", "product_name": "Oomphd Mascara - Black", "product_brand": "LA girl", "combo": []}, {"category": "Beauty & Hygiene", "sub_category_name": "Makeup", "product_name": "Classic Lipstick E16", "product_brand": "Gala Of London", "combo": []}, {"category": "Beauty & Hygiene", "sub_category_name": "Makeup", "product_name": "Nail Enamel", "product_brand": "Naturals", "combo": []}, {"category": "Beauty & Hygiene", "sub_category_name": "Makeup", "product_name": "Starshine Matte Lipstick - Liberal Red", "product_brand": "Biotique Natural Makeup", "combo": []}, {"category": "Beauty & Hygiene", "sub_category_name": "Makeup", "product_name": "Diva Pout Lipstick - Midnight Passion", "product_brand": "Biotique Natural Makeup", "combo": []}, {"category": "Beauty & Hygiene", "sub_category_name": "Makeup", "product_name": "Starburst Matte Moussse Foundation - Caramel Mocha", "product_brand": "Biotique Natural Makeup", "combo": []}, {"category": "Beauty & Hygiene", "sub_category_name": "Makeup", "product_name": "Diva Duo Blush - Peppy-N-Peach", "product_brand": "Biotique Natural Makeup", "combo": []}, {"category": "Beauty & Hygiene", "sub_category_name": "Makeup", "product_name": "Diva Shimmer Sparkling Eye Powder - Razzmatazz", "product_brand": "Biotique Natural Makeup", "combo": []}, {"category": "Beauty & Hygiene", "sub_category_name": "Makeup", "product_name": "Diva Glimmer Sparkling Eyeshadow - Gold Rush", "product_brand": "Biotique Natural Makeup", "combo": []}, {"category": "Beauty & Hygiene", "sub_category_name": "Makeup", "product_name": "Stardust Eye Shadow - Starry Night", "product_brand": "Biotique Natural Makeup", "combo": []}, {"category": "Beauty & Hygiene", "sub_category_name": "Makeup", "product_name": "Starlit Moisturising Lipstick - Liquid Fire", "product_brand": "Biotique Natural Makeup", "combo": []}, {"category": "Beauty & Hygiene", "sub_category_name": "Makeup", "product_name": "Startouch Flawless Matte Compact - Tawny Nutmeg", "product_brand": "Biotique Natural Makeup", "combo": []}, {"category": "Beauty & Hygiene", "sub_category_name": "Makeup", "product_name": "Diva Satin Smooth 3-In-1 Compact Makeup - Almond Glow", "product_brand": "Biotique Natural Makeup", "combo": []}, {"category": "Beauty & Hygiene", "sub_category_name": "Makeup", "product_name": "Cheek Colour Refill", "product_brand": "Mud", "combo": []}, {"category": "Beauty & Hygiene", "sub_category_name": "Makeup", "product_name": "Buffer 615 - Synthetic", "product_brand": "Mud", "combo": []}, {"category": "Beauty & Hygiene", "sub_category_name": "Makeup", "product_name": "10 Hole Cheek Colour Palette", "product_brand": "Mud", "combo": []}, {"category": "Beauty & Hygiene", "sub_category_name": "Makeup", "product_name": "Lip Glaze", "product_brand": "Mud", "combo": []}, {"category": "Beauty & Hygiene", "sub_category_name": "Makeup", "product_name": "Powder Puff", "product_brand": "Mud", "combo": []}, {"category": "Beauty & Hygiene", "sub_category_name": "Makeup", "product_name": "Two Of Your Kind", "product_brand": "MyGlamm", "combo": []}, {"category": "Beauty & Hygiene", "sub_category_name": "Makeup", "product_name": "Long Wearing Lipgloss", "product_brand": "NOTE", "combo": []}, {"category": "Beauty & Hygiene", "sub_category_name": "Makeup", "product_name": "Oomphd Mascara - Black", "product_brand": "LA girl", "combo": []}, {"category": "Beauty & Hygiene", "sub_category_name": "Makeup", "product_name": "Classic Lipstick E16", "product_brand": "Gala Of London", "combo": []}, {"category": "Beauty & Hygiene", "sub_category_name": "Makeup", "product_name": "Nail Enamel", "product_brand": "Naturals", "combo": []}, {"category": "Beauty & Hygiene", "sub_category_name": "Makeup", "product_name": "Starshine Matte Lipstick - Liberal Red", "product_brand": "Biotique Natural Makeup", "combo": []}, {"category": "Beauty & Hygiene", "sub_category_name": "Makeup", "product_name": "Diva Pout Lipstick - Midnight Passion", "product_brand": "Biotique Natural Makeup", "combo": []}, {"category": "Beauty & Hygiene", "sub_category_name": "Makeup", "product_name": "Starburst Matte Moussse Foundation - Caramel Mocha", "product_brand": "Biotique Natural Makeup", "combo": []}, {"category": "Beauty & Hygiene", "sub_category_name": "Makeup", "product_name": "Diva Duo Blush - Peppy-N-Peach", "product_brand": "Biotique Natural Makeup", "combo": []}, {"category": "Beauty & Hygiene", "sub_category_name": "Makeup", "product_name": "Diva Shimmer Sparkling Eye Powder - Razzmatazz", "product_brand": "Biotique Natural Makeup", "combo": []}, {"category": "Beauty & Hygiene", "sub_category_name": "Makeup", "product_name": "Diva Glimmer Sparkling Eyeshadow - Gold Rush", "product_brand": "Biotique Natural Makeup", "combo": []}, {"category": "Beauty & Hygiene", "sub_category_name": "Makeup", "product_name": "Stardust Eye Shadow - Starry Night", "product_brand": "Biotique Natural Makeup", "combo": []}, {"category": "Beauty & Hygiene", "sub_category_name": "Makeup", "product_name": "Starlit Moisturising Lipstick - Liquid Fire", "product_brand": "Biotique Natural Makeup", "combo": []}, {"category": "Beauty & Hygiene", "sub_category_name": "Makeup", "product_name": "Startouch Flawless Matte Compact - Tawny Nutmeg", "product_brand": "Biotique Natural Makeup", "combo": []}, {"category": "Beauty & Hygiene", "sub_category_name": "Makeup", "product_name": "Diva Satin Smooth 3-In-1 Compact Makeup - Almond Glow", "product_brand": "Biotique Natural Makeup", "combo": []}, {"category": "Beauty & Hygiene", "sub_category_name": "Makeup", "product_name": "Cheek Colour Refill", "product_brand": "Mud", "combo": []}, {"category": "Beauty & Hygiene", "sub_category_name": "Makeup", "product_name": "Buffer 615 - Synthetic", "product_brand": "Mud", "combo": []}, {"category": "Beauty & Hygiene", "sub_category_name": "Makeup", "product_name": "10 Hole Cheek Colour Palette", "product_brand": "Mud", "combo": []}, {"category": "Beauty & Hygiene", "sub_category_name": "Makeup", "product_name": "Lip Glaze", "product_brand": "Mud", "combo": []}, {"category": "Beauty & Hygiene", "sub_category_name": "Makeup", "product_name": "Powder Puff", "product_brand": "Mud", "combo": []}, {"category": "Beauty & Hygiene", "sub_category_name": "Makeup", "product_name": "Two Of Your Kind", "product_brand": "MyGlamm", "combo": []}, {"category": "Beauty & Hygiene", "sub_category_name": "Makeup", "product_name": "Long Wearing Lipgloss", "product_brand": "NOTE", "combo": []}, {"category": "Beauty & Hygiene", "sub_category_name": "Makeup", "product_name": "Oomphd Mascara - Black", "product_brand": "LA girl", "combo": []}, {"category": "Beauty & Hygiene", "sub_category_name": "Makeup", "product_name": "Classic Lipstick E16", "product_brand": "Gala Of London", "combo": []}, {"category": "Beauty & Hygiene", "sub_category_name": "Makeup", "product_name": "Nail Enamel", "product_brand": "Naturals", "combo": []}, {"category": "Beauty & Hygiene", "sub_category_name": "Makeup", "product_name": "Starshine Matte Lipstick - Liberal Red", "product_brand": "Biotique Natural Makeup", "combo": []}, {"category": "Beauty & Hygiene", "sub_category_name": "Makeup", "product_name": "Diva Pout Lipstick - Midnight Passion", "product_brand": "Biotique Natural Makeup", "combo": []}, {"category": "Beauty & Hygiene", "sub_category_name": "Makeup", "product_name": "Starburst Matte Moussse Foundation - Caramel Mocha", "product_brand": "Biotique Natural Makeup", "combo": []}, {"category": "Beauty & Hygiene", "sub_category_name": "Makeup", "product_name": "Diva Duo Blush - Peppy-N-Peach", "product_brand": "Biotique Natural Makeup", "combo": []}, {"category": "Beauty & Hygiene", "sub_category_name": "Makeup", "product_name": "Diva Shimmer Sparkling Eye Powder - Razzmatazz", "product_brand": "Biotique Natural Makeup", "combo": []}, {"category": "Beauty & Hygiene", "sub_category_name": "Makeup", "product_name": "Diva Glimmer Sparkling Eyeshadow - Gold Rush", "product_brand": "Biotique Natural Makeup", "combo": []}, {"category": "Beauty & Hygiene", "sub_category_name": "Makeup", "product_name": "Stardust Eye Shadow - Starry Night", "product_brand": "Biotique Natural Makeup", "combo": []}, {"category": "Beauty & Hygiene", "sub_category_name": "Makeup", "product_name": "Starlit Moisturising Lipstick - Liquid Fire", "product_brand": "Biotique Natural Makeup", "combo": []}, {"category": "Beauty & Hygiene", "sub_category_name": "Makeup", "product_name": "Startouch Flawless Matte Compact - Tawny Nutmeg", "product_brand": "Biotique Natural Makeup", "combo": []}, {"category": "Beauty & Hygiene", "sub_category_name": "Makeup", "product_name": "Diva Satin Smooth 3-In-1 Compact Makeup - Almond Glow", "product_brand": "Biotique Natural Makeup", "combo": []}, {"category": "Beauty & Hygiene", "sub_category_name": "Makeup", "product_name": "Cheek Colour Refill", "product_brand": "Mud", "combo": []}, {"category": "Beauty & Hygiene", "sub_category_name": "Makeup", "product_name": "Buffer 615 - Synthetic", "product_brand": "Mud", "combo": []}, {"category": "Beauty & Hygiene", "sub_category_name": "Makeup", "product_name": "10 Hole Cheek Colour Palette", "product_brand": "Mud", "combo": []}, {"category": "Beauty & Hygiene", "sub_category_name": "Makeup", "product_name": "Lip Glaze", "product_brand": "Mud", "combo": []}, {"category": "Beauty & Hygiene", "sub_category_name": "Makeup", "product_name": "Powder Puff", "product_brand": "Mud", "combo": []}, {"category": "Beauty & Hygiene", "sub_category_name": "Makeup", "product_name": "Two Of Your Kind", "product_brand": "MyGlamm", "combo": []}, {"category": "Beauty & Hygiene", "sub_category_name": "Makeup", "product_name": "Long Wearing Lipgloss", "product_brand": "NOTE", "combo": []}, {"category": "Beauty & Hygiene", "sub_category_name": "Makeup", "product_name": "Oomphd Mascara - Black", "product_brand": "LA girl", "combo": []}, {"category": "Beauty & Hygiene", "sub_category_name": "Makeup", "product_name": "Classic Lipstick E16", "product_brand": "Gala Of London", "combo": []}, {"category": "Beauty & Hygiene", "sub_category_name": "Makeup", "product_name": "Nail Enamel", "product_brand": "Naturals", "combo": []}, {"category": "Beauty & Hygiene", "sub_category_name": "Makeup", "product_name": "Starshine Matte Lipstick - Liberal Red", "product_brand": "Biotique Natural Makeup", "combo": []}, {"category": "Beauty & Hygiene", "sub_category_name": "Makeup", "product_name": "Diva Pout Lipstick - Midnight Passion", "product_brand": "Biotique Natural Makeup", "combo": []}, {"category": "Beauty & Hygiene", "sub_category_name": "Makeup", "product_name": "Starburst Matte Moussse Foundation - Caramel Mocha", "product_brand": "Biotique Natural Makeup", "combo": []}, {"category": "Beauty & Hygiene", "sub_category_name": "Makeup", "product_name": "Diva Duo Blush - Peppy-N-Peach", "product_brand": "Biotique Natural Makeup", "combo": []}, {"category": "Beauty & Hygiene", "sub_category_name": "Makeup", "product_name": "Diva Shimmer Sparkling Eye Powder - Razzmatazz", "product_brand": "Biotique Natural Makeup", "combo": []}, {"category": "Beauty & Hygiene", "sub_category_name": "Makeup", "product_name": "Diva Glimmer Sparkling Eyeshadow - Gold Rush", "product_brand": "Biotique Natural Makeup", "combo": []}, {"category": "Beauty & Hygiene", "sub_category_name": "Makeup", "product_name": "Stardust Eye Shadow - Starry Night", "product_brand": "Biotique Natural Makeup", "combo": []}, {"category": "Beauty & Hygiene", "sub_category_name": "Makeup", "product_name": "Starlit Moisturising Lipstick - Liquid Fire", "product_brand": "Biotique Natural Makeup", "combo": []}, {"category": "Beauty & Hygiene", "sub_category_name": "Makeup", "product_name": "Startouch Flawless Matte Compact - Tawny Nutmeg", "product_brand": "Biotique Natural Makeup", "combo": []}, {"category": "Beauty & Hygiene", "sub_category_name": "Makeup", "product_name": "Diva Satin Smooth 3-In-1 Compact Makeup - Almond Glow", "product_brand": "Biotique Natural Makeup", "combo": []}, {"category": "Beauty & Hygiene", "sub_category_name": "Makeup", "product_name": "Cheek Colour Refill", "product_brand": "Mud", "combo": []}, {"category": "Beauty & Hygiene", "sub_category_name": "Makeup", "product_name": "Buffer 615 - Synthetic", "product_brand": "Mud", "combo": []}, {"category": "Beauty & Hygiene", "sub_category_name": "Makeup", "product_name": "10 Hole Cheek Colour Palette", "product_brand": "Mud", "combo": []}, {"category": "Beauty & Hygiene", "sub_category_name": "Makeup", "product_name": "Lip Glaze", "product_brand": "Mud", "combo": []}, {"category": "Beauty & Hygiene", "sub_category_name": "Makeup", "product_name": "Powder Puff", "product_brand": "Mud", "combo": []}, {"category": "Beauty & Hygiene", "sub_category_name": "Makeup", "product_name": "Two Of Your Kind", "product_brand": "MyGlamm", "combo": []}, {"category": "Beauty & Hygiene", "sub_category_name": "Makeup", "product_name": "Long Wearing Lipgloss", "product_brand": "NOTE", "combo": []}, {"category": "Beauty & Hygiene", "sub_category_name": "Makeup", "product_name": "Adore 3d Lash Mascara", "product_brand": "Paese Cosmetics", "combo": []}, {"category": "Beauty & Hygiene", "sub_category_name": "Makeup", "product_name": "Adore Volume Lash Mascara", "product_brand": "Paese Cosmetics", "combo": []}, {"category": "Beauty & Hygiene", "sub_category_name": "Makeup", "product_name": "Blush With Argan Oil", "product_brand": "Paese Cosmetics", "combo": []}, {"category": "Beauty & Hygiene", "sub_category_name": "Makeup", "product_name": "Bronzer Bronzing Powder", "product_brand": "Paese Cosmetics", "combo": []}, {"category": "Beauty & Hygiene", "sub_category_name": "Makeup", "product_name": "Mineral Powder 01", "product_brand": "Paese Cosmetics", "combo": []}, {"category": "Beauty & Hygiene", "sub_category_name": "Makeup", "product_name": "Mattifying & Covering Powder 2D", "product_brand": "Paese Cosmetics", "combo": []}, {"category": "Beauty & Hygiene", "sub_category_name": "Makeup", "product_name": "Mattifying Powder With Argan Oil 6", "product_brand": "Paese Cosmetics", "combo": []}, {"category": "Beauty & Hygiene", "sub_category_name": "Makeup", "product_name": "Clair Brightening Concealer", "product_brand": "Paese Cosmetics", "combo": []}, {"category": "Beauty & Hygiene", "sub_category_name": "Makeup", "product_name": "Flash Lip Trio", "product_brand": "Bollyglow", "combo": []}, {"category": "Beauty & Hygiene", "sub_category_name": "Makeup", "product_name": "Idol-Eyez Duo Eye Pencil Eyeliner - Midnight Moon", "product_brand": "Bollyglow", "combo": []}, {"category": "Beauty & Hygiene", "sub_category_name": "Makeup", "product_name": "Idol-Eyez Shadow Liner", "product_brand": "Bollyglow", "combo": []}, {"category": "Beauty & Hygiene", "sub_category_name": "Makeup", "product_name": "Selfie-Ready Conceal & Correct Duo - Concealer Wheat + Corrector Masala", "product_brand": "Bollyglow", "combo": []}, {"category": "Beauty & Hygiene", "sub_category_name": "Makeup", "product_name": "9 Shade Eyeshadow Palette - Award Night", "product_brand": "Bollyglow", "combo": []}, {"category": "Beauty & Hygiene", "sub_category_name": "Makeup", "product_name": "Canada Ultime Pro Belle De Luxe Jewel Cut Lipstick - Le Rouge 10", "product_brand": "Faces", "combo": []}, {"category": "Beauty & Hygiene", "sub_category_name": "Makeup", "product_name": "Hydro Star Volume Lipstick", "product_brand": "BeYu", "combo": []}, {"category": "Beauty & Hygiene", "sub_category_name": "Makeup", "product_name": "Bamboo Bronzer", "product_brand": "Ciate London", "combo": []}, {"category": "Beauty & Hygiene", "sub_category_name": "Makeup", "product_name": "Spectacolor A173 Bare Mystique Matte", "product_brand": "YLG", "combo": []}, {"category": "Beauty & Hygiene", "sub_category_name": "Makeup", "product_name": "Catwalk Compact Powder", "product_brand": "BeYu", "combo": []}, {"category": "Beauty & Hygiene", "sub_category_name": "Makeup", "product_name": "Focus & Fix Brow Kit", "product_brand": "Makeup Revolution", "combo": []}, {"category": "Beauty & Hygiene", "sub_category_name": "Makeup", "product_name": "Pure Color & Stay Lipstick", "product_brand": "BeYu", "combo": []}, {"category": "Beauty & Hygiene", "sub_category_name": "Makeup", "product_name": "Oomphd Mascara - Black", "product_brand": "LA girl", "combo": []}, {"category": "Beauty & Hygiene", "sub_category_name": "Makeup", "product_name": "Classic Lipstick E16", "product_brand": "Gala Of London", "combo": []}, {"category": "Beauty & Hygiene", "sub_category_name": "Makeup", "product_name": "Nail Enamel", "product_brand": "Naturals", "combo": []}, {"category": "Beauty & Hygiene", "sub_category_name": "Makeup", "product_name": "Starshine Matte Lipstick - Liberal Red", "product_brand": "Biotique Natural Makeup", "combo": []}, {"category": "Beauty & Hygiene", "sub_category_name": "Makeup", "product_name": "Diva Pout Lipstick - Midnight Passion", "product_brand": "Biotique Natural Makeup", "combo": []}, {"category": "Beauty & Hygiene", "sub_category_name": "Makeup", "product_name": "Starburst Matte Moussse Foundation - Caramel Mocha", "product_brand": "Biotique Natural Makeup", "combo": []}, {"category": "Beauty & Hygiene", "sub_category_name": "Makeup", "product_name": "Diva Duo Blush - Peppy-N-Peach", "product_brand": "Biotique Natural Makeup", "combo": []}, {"category": "Beauty & Hygiene", "sub_category_name": "Makeup", "product_name": "Diva Shimmer Sparkling Eye Powder - Razzmatazz", "product_brand": "Biotique Natural Makeup", "combo": []}, {"category": "Beauty & Hygiene", "sub_category_name": "Makeup", "product_name": "Diva Glimmer Sparkling Eyeshadow - Gold Rush", "product_brand": "Biotique Natural Makeup", "combo": []}, {"category": "Beauty & Hygiene", "sub_category_name": "Makeup", "product_name": "Stardust Eye Shadow - Starry Night", "product_brand": "Biotique Natural Makeup", "combo": []}, {"category": "Beauty & Hygiene", "sub_category_name": "Makeup", "product_name": "Starlit Moisturising Lipstick - Liquid Fire", "product_brand": "Biotique Natural Makeup", "combo": []}, {"category": "Beauty & Hygiene", "sub_category_name": "Makeup", "product_name": "Startouch Flawless Matte Compact - Tawny Nutmeg", "product_brand": "Biotique Natural Makeup", "combo": []}, {"category": "Beauty & Hygiene", "sub_category_name": "Makeup", "product_name": "Diva Satin Smooth 3-In-1 Compact Makeup - Almond Glow", "product_brand": "Biotique Natural Makeup", "combo": []}, {"category": "Beauty & Hygiene", "sub_category_name": "Makeup", "product_name": "Cheek Colour Refill", "product_brand": "Mud", "combo": []}, {"category": "Beauty & Hygiene", "sub_category_name": "Makeup", "product_name": "Buffer 615 - Synthetic", "product_brand": "Mud", "combo": []}, {"category": "Beauty & Hygiene", "sub_category_name": "Makeup", "product_name": "10 Hole Cheek Colour Palette", "product_brand": "Mud", "combo": []}, {"category": "Beauty & Hygiene", "sub_category_name": "Makeup", "product_name": "Lip Glaze", "product_brand": "Mud", "combo": []}, {"category": "Beauty & Hygiene", "sub_category_name": "Makeup", "product_name": "Powder Puff", "product_brand": "Mud", "combo": []}, {"category": "Beauty & Hygiene", "sub_category_name": "Makeup", "product_name": "Two Of Your Kind", "product_brand": "MyGlamm", "combo": []}, {"category": "Beauty & Hygiene", "sub_category_name": "Makeup", "product_name": "Long Wearing Lipgloss", "product_brand": "NOTE", "combo": []}, {"category": "Beauty & Hygiene", "sub_category_name": "Makeup", "product_name": "Oomphd Mascara - Black", "product_brand": "LA girl", "combo": []}, {"category": "Beauty & Hygiene", "sub_category_name": "Makeup", "product_name": "Classic Lipstick E16", "product_brand": "Gala Of London", "combo": []}, {"category": "Beauty & Hygiene", "sub_category_name": "Makeup", "product_name": "Nail Enamel", "product_brand": "Naturals", "combo": []}, {"category": "Beauty & Hygiene", "sub_category_name": "Makeup", "product_name": "Starshine Matte Lipstick - Liberal Red", "product_brand": "Biotique Natural Makeup", "combo": []}, {"category": "Beauty & Hygiene", "sub_category_name": "Makeup", "product_name": "Diva Pout Lipstick - Midnight Passion", "product_brand": "Biotique Natural Makeup", "combo": []}, {"category": "Beauty & Hygiene", "sub_category_name": "Makeup", "product_name": "Starburst Matte Moussse Foundation - Caramel Mocha", "product_brand": "Biotique Natural Makeup", "combo": []}, {"category": "Beauty & Hygiene", "sub_category_name": "Makeup", "product_name": "Diva Duo Blush - Peppy-N-Peach", "product_brand": "Biotique Natural Makeup", "combo": []}, {"category": "Beauty & Hygiene", "sub_category_name": "Makeup", "product_name": "Diva Shimmer Sparkling Eye Powder - Razzmatazz", "product_brand": "Biotique Natural Makeup", "combo": []}, {"category": "Beauty & Hygiene", "sub_category_name": "Makeup", "product_name": "Diva Glimmer Sparkling Eyeshadow - Gold Rush", "product_brand": "Biotique Natural Makeup", "combo": []}, {"category": "Beauty & Hygiene", "sub_category_name": "Makeup", "product_name": "Stardust Eye Shadow - Starry Night", "product_brand": "Biotique Natural Makeup", "combo": []}, {"category": "Beauty & Hygiene", "sub_category_name": "Makeup", "product_name": "Starlit Moisturising Lipstick - Liquid Fire", "product_brand": "Biotique Natural Makeup", "combo": []}, {"category": "Beauty & Hygiene", "sub_category_name": "Makeup", "product_name": "Startouch Flawless Matte Compact - Tawny Nutmeg", "product_brand": "Biotique Natural Makeup", "combo": []}, {"category": "Beauty & Hygiene", "sub_category_name": "Makeup", "product_name": "Diva Satin Smooth 3-In-1 Compact Makeup - Almond Glow", "product_brand": "Biotique Natural Makeup", "combo": []}, {"category": "Beauty & Hygiene", "sub_category_name": "Makeup", "product_name": "Cheek Colour Refill", "product_brand": "Mud", "combo": []}, {"category": "Beauty & Hygiene", "sub_category_name": "Makeup", "product_name": "Buffer 615 - Synthetic", "product_brand": "Mud", "combo": []}, {"category": "Beauty & Hygiene", "sub_category_name": "Makeup", "product_name": "10 Hole Cheek Colour Palette", "product_brand": "Mud", "combo": []}, {"category": "Beauty & Hygiene", "sub_category_name": "Makeup", "product_name": "Lip Glaze", "product_brand": "Mud", "combo": []}, {"category": "Beauty & Hygiene", "sub_category_name": "Makeup", "product_name": "Powder Puff", "product_brand": "Mud", "combo": []}, {"category": "Beauty & Hygiene", "sub_category_name": "Makeup", "product_name": "Two Of Your Kind", "product_brand": "MyGlamm", "combo": []}, {"category": "Beauty & Hygiene", "sub_category_name": "Makeup", "product_name": "Long Wearing Lipgloss", "product_brand": "NOTE", "combo": []}, {"category": "Beauty & Hygiene", "sub_category_name": "Makeup", "product_name": "Oomphd Mascara - Black", "product_brand": "LA girl", "combo": []}, {"category": "Beauty & Hygiene", "sub_category_name": "Makeup", "product_name": "Classic Lipstick E16", "product_brand": "Gala Of London", "combo": []}, {"category": "Beauty & Hygiene", "sub_category_name": "Makeup", "product_name": "Nail Enamel", "product_brand": "Naturals", "combo": []}, {"category": "Beauty & Hygiene", "sub_category_name": "Makeup", "product_name": "Starshine Matte Lipstick - Liberal Red", "product_brand": "Biotique Natural Makeup", "combo": []}, {"category": "Beauty & Hygiene", "sub_category_name": "Makeup", "product_name": "Diva Pout Lipstick - Midnight Passion", "product_brand": "Biotique Natural Makeup", "combo": []}, {"category": "Beauty & Hygiene", "sub_category_name": "Makeup", "product_name": "Starburst Matte Moussse Foundation - Caramel Mocha", "product_brand": "Biotique Natural Makeup", "combo": []}, {"category": "Beauty & Hygiene", "sub_category_name": "Makeup", "product_name": "Diva Duo Blush - Peppy-N-Peach", "product_brand": "Biotique Natural Makeup", "combo": []}, {"category": "Beauty & Hygiene", "sub_category_name": "Makeup", "product_name": "Diva Shimmer Sparkling Eye Powder - Razzmatazz", "product_brand": "Biotique Natural Makeup", "combo": []}, {"category": "Beauty & Hygiene", "sub_category_name": "Makeup", "product_name": "Diva Glimmer Sparkling Eyeshadow - Gold Rush", "product_brand": "Biotique Natural Makeup", "combo": []}, {"category": "Beauty & Hygiene", "sub_category_name": "Makeup", "product_name": "Stardust Eye Shadow - Starry Night", "product_brand": "Biotique Natural Makeup", "combo": []}, {"category": "Beauty & Hygiene", "sub_category_name": "Makeup", "product_name": "Starlit Moisturising Lipstick - Liquid Fire", "product_brand": "Biotique Natural Makeup", "combo": []}, {"category": "Beauty & Hygiene", "sub_category_name": "Makeup", "product_name": "Startouch Flawless Matte Compact - Tawny Nutmeg", "product_brand": "Biotique Natural Makeup", "combo": []}, {"category": "Beauty & Hygiene", "sub_category_name": "Makeup", "product_name": "Diva Satin Smooth 3-In-1 Compact Makeup - Almond Glow", "product_brand": "Biotique Natural Makeup", "combo": []}, {"category": "Beauty & Hygiene", "sub_category_name": "Makeup", "product_name": "Cheek Colour Refill", "product_brand": "Mud", "combo": []}, {"category": "Beauty & Hygiene", "sub_category_name": "Makeup", "product_name": "Buffer 615 - Synthetic", "product_brand": "Mud", "combo": []}, {"category": "Beauty & Hygiene", "sub_category_name": "Makeup", "product_name": "10 Hole Cheek Colour Palette", "product_brand": "Mud", "combo": []}, {"category": "Beauty & Hygiene", "sub_category_name": "Makeup", "product_name": "Lip Glaze", "product_brand": "Mud", "combo": []}, {"category": "Beauty & Hygiene", "sub_category_name": "Makeup", "product_name": "Powder Puff", "product_brand": "Mud", "combo": []}, {"category": "Beauty & Hygiene", "sub_category_name": "Makeup", "product_name": "Two Of Your Kind", "product_brand": "MyGlamm", "combo": []}, {"category": "Beauty & Hygiene", "sub_category_name": "Makeup", "product_name": "Long Wearing Lipgloss", "product_brand": "NOTE", "combo": []}, {"category": "Beauty & Hygiene", "sub_category_name": "Makeup", "product_name": "Oomphd Mascara - Black", "product_brand": "LA girl", "combo": []}, {"category": "Beauty & Hygiene", "sub_category_name": "Makeup", "product_name": "Classic Lipstick E16", "product_brand": "Gala Of London", "combo": []}, {"category": "Beauty & Hygiene", "sub_category_name": "Makeup", "product_name": "Nail Enamel", "product_brand": "Naturals", "combo": []}, {"category": "Beauty & Hygiene", "sub_category_name": "Makeup", "product_name": "Starshine Matte Lipstick - Liberal Red", "product_brand": "Biotique Natural Makeup", "combo": []}, {"category": "Beauty & Hygiene", "sub_category_name": "Makeup", "product_name": "Diva Pout Lipstick - Midnight Passion", "product_brand": "Biotique Natural Makeup", "combo": []}, {"category": "Beauty & Hygiene", "sub_category_name": "Makeup", "product_name": "Starburst Matte Moussse Foundation - Caramel Mocha", "product_brand": "Biotique Natural Makeup", "combo": []}, {"category": "Beauty & Hygiene", "sub_category_name": "Makeup", "product_name": "Diva Duo Blush - Peppy-N-Peach", "product_brand": "Biotique Natural Makeup", "combo": []}, {"category": "Beauty & Hygiene", "sub_category_name": "Makeup", "product_name": "Diva Shimmer Sparkling Eye Powder - Razzmatazz", "product_brand": "Biotique Natural Makeup", "combo": []}, {"category": "Beauty & Hygiene", "sub_category_name": "Makeup", "product_name": "Diva Glimmer Sparkling Eyeshadow - Gold Rush", "product_brand": "Biotique Natural Makeup", "combo": []}, {"category": "Beauty & Hygiene", "sub_category_name": "Makeup", "product_name": "Stardust Eye Shadow - Starry Night", "product_brand": "Biotique Natural Makeup", "combo": []}, {"category": "Beauty & Hygiene", "sub_category_name": "Makeup", "product_name": "Starlit Moisturising Lipstick - Liquid Fire", "product_brand": "Biotique Natural Makeup", "combo": []}, {"category": "Beauty & Hygiene", "sub_category_name": "Makeup", "product_name": "Startouch Flawless Matte Compact - Tawny Nutmeg", "product_brand": "Biotique Natural Makeup", "combo": []}, {"category": "Beauty & Hygiene", "sub_category_name": "Makeup", "product_name": "Diva Satin Smooth 3-In-1 Compact Makeup - Almond Glow", "product_brand": "Biotique Natural Makeup", "combo": []}, {"category": "Beauty & Hygiene", "sub_category_name": "Makeup", "product_name": "Cheek Colour Refill", "product_brand": "Mud", "combo": []}, {"category": "Beauty & Hygiene", "sub_category_name": "Makeup", "product_name": "Buffer 615 - Synthetic", "product_brand": "Mud", "combo": []}, {"category": "Beauty & Hygiene", "sub_category_name": "Makeup", "product_name": "10 Hole Cheek Colour Palette", "product_brand": "Mud", "combo": []}, {"category": "Beauty & Hygiene", "sub_category_name": "Makeup", "product_name": "Lip Glaze", "product_brand": "Mud", "combo": []}, {"category": "Beauty & Hygiene", "sub_category_name": "Makeup", "product_name": "Powder Puff", "product_brand": "Mud", "combo": []}, {"category": "Beauty & Hygiene", "sub_category_name": "Makeup", "product_name": "Two Of Your Kind", "product_brand": "MyGlamm", "combo": []}, {"category": "Beauty & Hygiene", "sub_category_name": "Makeup", "product_name": "Long Wearing Lipgloss", "product_brand": "NOTE", "combo": []}, {"category": "Beauty & Hygiene", "sub_category_name": "Makeup", "product_name": "Oomphd Mascara - Black", "product_brand": "LA girl", "combo": []}, {"category": "Beauty & Hygiene", "sub_category_name": "Makeup", "product_name": "Classic Lipstick E16", "product_brand": "Gala Of London", "combo": []}, {"category": "Beauty & Hygiene", "sub_category_name": "Makeup", "product_name": "Nail Enamel", "product_brand": "Naturals", "combo": []}, {"category": "Beauty & Hygiene", "sub_category_name": "Makeup", "product_name": "Starshine Matte Lipstick - Liberal Red", "product_brand": "Biotique Natural Makeup", "combo": []}, {"category": "Beauty & Hygiene", "sub_category_name": "Makeup", "product_name": "Diva Pout Lipstick - Midnight Passion", "product_brand": "Biotique Natural Makeup", "combo": []}, {"category": "Beauty & Hygiene", "sub_category_name": "Makeup", "product_name": "Starburst Matte Moussse Foundation - Caramel Mocha", "product_brand": "Biotique Natural Makeup", "combo": []}, {"category": "Beauty & Hygiene", "sub_category_name": "Makeup", "product_name": "Diva Duo Blush - Peppy-N-Peach", "product_brand": "Biotique Natural Makeup", "combo": []}, {"category": "Beauty & Hygiene", "sub_category_name": "Makeup", "product_name": "Diva Shimmer Sparkling Eye Powder - Razzmatazz", "product_brand": "Biotique Natural Makeup", "combo": []}, {"category": "Beauty & Hygiene", "sub_category_name": "Makeup", "product_name": "Diva Glimmer Sparkling Eyeshadow - Gold Rush", "product_brand": "Biotique Natural Makeup", "combo": []}, {"category": "Beauty & Hygiene", "sub_category_name": "Makeup", "product_name": "Stardust Eye Shadow - Starry Night", "product_brand": "Biotique Natural Makeup", "combo": []}, {"category": "Beauty & Hygiene", "sub_category_name": "Makeup", "product_name": "Starlit Moisturising Lipstick - Liquid Fire", "product_brand": "Biotique Natural Makeup", "combo": []}, {"category": "Beauty & Hygiene", "sub_category_name": "Makeup", "product_name": "Startouch Flawless Matte Compact - Tawny Nutmeg", "product_brand": "Biotique Natural Makeup", "combo": []}, {"category": "Beauty & Hygiene", "sub_category_name": "Makeup", "product_name": "Diva Satin Smooth 3-In-1 Compact Makeup - Almond Glow", "product_brand": "Biotique Natural Makeup", "combo": []}, {"category": "Beauty & Hygiene", "sub_category_name": "Makeup", "product_name": "Cheek Colour Refill", "product_brand": "Mud", "combo": []}, {"category": "Beauty & Hygiene", "sub_category_name": "Makeup", "product_name": "Buffer 615 - Synthetic", "product_brand": "Mud", "combo": []}, {"category": "Beauty & Hygiene", "sub_category_name": "Makeup", "product_name": "10 Hole Cheek Colour Palette", "product_brand": "Mud", "combo": []}, {"category": "Beauty & Hygiene", "sub_category_name": "Makeup", "product_name": "Lip Glaze", "product_brand": "Mud", "combo": []}, {"category": "Beauty & Hygiene", "sub_category_name": "Makeup", "product_name": "Powder Puff", "product_brand": "Mud", "combo": []}, {"category": "Beauty & Hygiene", "sub_category_name": "Makeup", "product_name": "Two Of Your Kind", "product_brand": "MyGlamm", "combo": []}, {"category": "Beauty & Hygiene", "sub_category_name": "Makeup", "product_name": "Long Wearing Lipgloss", "product_brand": "NOTE", "combo": []}, {"category": "Beauty & Hygiene", "sub_category_name": "Makeup", "product_name": "Enrich Satin Lip Colour", "product_brand": "Lakme", "combo": []}, {"category": "Beauty & Hygiene", "sub_category_name": "Makeup", "product_name": "Absolute Argan Oil Lip Colour", "product_brand": "Lakme", "combo": []}, {"category": "Beauty & Hygiene", "sub_category_name": "Makeup", "product_name": "Double D Mascara - Black", "product_brand": "LA girl", "combo": []}, {"category": "Beauty & Hygiene", "sub_category_name": "Makeup", "product_name": "Lip Paint Glazed", "product_brand": "LA girl", "combo": []}, {"category": "Beauty & Hygiene", "sub_category_name": "Makeup", "product_name": "Absolute Matte Melt Liquid Lip Colour", "product_brand": "Lakme", "combo": []}, {"category": "Beauty & Hygiene", "sub_category_name": "Makeup", "product_name": "Amore Matte Lip Creme", "product_brand": "Milani", "combo": []}, {"category": "Beauty & Hygiene", "sub_category_name": "Makeup", "product_name": "Shady Slim Brow Pencil", "product_brand": "LA girl", "combo": []}, {"category": "Beauty & Hygiene", "sub_category_name": "Makeup", "product_name": "Color Biggie For Lips & More", "product_brand": "BeYu", "combo": []}, {"category": "Beauty & Hygiene", "sub_category_name": "Makeup", "product_name": "Absolute Matte Melt Liquid Lip Colour", "product_brand": "Lakme", "combo": []}, {"category": "Beauty & Hygiene", "sub_category_name": "Makeup", "product_name": "Pocket Lip Pop", "product_brand": "BeYu", "combo": []}, {"category": "Beauty & Hygiene", "sub_category_name": "Makeup", "product_name": "Conceal + Perfect 2-In-1 Foundation + Concealer", "product_brand": "Milani", "combo": []}, {"category": "Beauty & Hygiene", "sub_category_name": "Makeup", "product_name": "Strobe Lite Strobing Powder", "product_brand": "LA girl", "combo": []}, {"category": "Beauty & Hygiene", "sub_category_name": "Makeup", "product_name": "PRO Coverage HD Foundation", "product_brand": "LA girl", "combo": []}, {"category": "Beauty & Hygiene", "sub_category_name": "Makeup", "product_name": "Luminous Glow Illuminating Powder", "product_brand": "LA girl", "combo": []}, {"category": "Beauty & Hygiene", "sub_category_name": "Makeup", "product_name": "Inspiring Eyeshadow Tin", "product_brand": "LA girl", "combo": []}, {"category": "Beauty & Hygiene", "sub_category_name": "Makeup", "product_name": "Under Eye Concealer", "product_brand": "INGLOT", "combo": []}, {"category": "Beauty & Hygiene", "sub_category_name": "Makeup", "product_name": "Orosa Butter Lip Stick", "product_brand": "CHAMBOR", "combo": []}, {"category": "Beauty & Hygiene", "sub_category_name": "Makeup", "product_name": "Pearl Face Powder - Rosy Glow", "product_brand": "Gala Of London", "combo": []}, {"category": "Beauty & Hygiene", "sub_category_name": "Makeup", "product_name": "Tattoo Studio Gel Liner Pencil - Striking Navy", "product_brand": "Maybelline New York", "combo": []}, {"category": "Beauty & Hygiene", "sub_category_name": "Makeup", "product_name": "Fierce Foil Eyeshine", "product_brand": "Milani", "combo": []}, {"category": "Beauty & Hygiene", "sub_category_name": "Makeup", "product_name": "Enrich Satin Lip Colour", "product_brand": "Lakme", "combo": []}, {"category": "Beauty & Hygiene", "sub_category_name": "Makeup", "product_name": "Absolute Argan Oil Lip Colour", "product_brand": "Lakme", "combo": []}, {"category": "Beauty & Hygiene", "sub_category_name": "Makeup", "product_name": "Double D Mascara - Black", "product_brand": "LA girl", "combo": []}, {"category": "Beauty & Hygiene", "sub_category_name": "Makeup", "product_name": "Lip Paint Glazed", "product_brand": "LA girl", "combo": []}, {"category": "Beauty & Hygiene", "sub_category_name": "Makeup", "product_name": "Absolute Matte Melt Liquid Lip Colour", "product_brand": "Lakme", "combo": []}, {"category": "Beauty & Hygiene", "sub_category_name": "Makeup", "product_name": "Amore Matte Lip Creme", "product_brand": "Milani", "combo": []}, {"category": "Beauty & Hygiene", "sub_category_name": "Makeup", "product_name": "Shady Slim Brow Pencil", "product_brand": "LA girl", "combo": []}, {"category": "Beauty & Hygiene", "sub_category_name": "Makeup", "product_name": "Color Biggie For Lips & More", "product_brand": "BeYu", "combo": []}, {"category": "Beauty & Hygiene", "sub_category_name": "Makeup", "product_name": "Absolute Matte Melt Liquid Lip Colour", "product_brand": "Lakme", "combo": []}, {"category": "Beauty & Hygiene", "sub_category_name": "Makeup", "product_name": "Pocket Lip Pop", "product_brand": "BeYu", "combo": []}, {"category": "Beauty & Hygiene", "sub_category_name": "Makeup", "product_name": "Conceal + Perfect 2-In-1 Foundation + Concealer", "product_brand": "Milani", "combo": []}, {"category": "Beauty & Hygiene", "sub_category_name": "Makeup", "product_name": "Strobe Lite Strobing Powder", "product_brand": "LA girl", "combo": []}, {"category": "Beauty & Hygiene", "sub_category_name": "Makeup", "product_name": "PRO Coverage HD Foundation", "product_brand": "LA girl", "combo": []}, {"category": "Beauty & Hygiene", "sub_category_name": "Makeup", "product_name": "Luminous Glow Illuminating Powder", "product_brand": "LA girl", "combo": []}, {"category": "Beauty & Hygiene", "sub_category_name": "Makeup", "product_name": "Inspiring Eyeshadow Tin", "product_brand": "LA girl", "combo": []}, {"category": "Beauty & Hygiene", "sub_category_name": "Makeup", "product_name": "Under Eye Concealer", "product_brand": "INGLOT", "combo": []}, {"category": "Beauty & Hygiene", "sub_category_name": "Makeup", "product_name": "Orosa Butter Lip Stick", "product_brand": "CHAMBOR", "combo": []}, {"category": "Beauty & Hygiene", "sub_category_name": "Makeup", "product_name": "Pearl Face Powder - Rosy Glow", "product_brand": "Gala Of London", "combo": []}, {"category": "Beauty & Hygiene", "sub_category_name": "Makeup", "product_name": "Tattoo Studio Gel Liner Pencil - Striking Navy", "product_brand": "Maybelline New York", "combo": []}, {"category": "Beauty & Hygiene", "sub_category_name": "Makeup", "product_name": "Fierce Foil Eyeshine", "product_brand": "Milani", "combo": []}, {"category": "Beauty & Hygiene", "sub_category_name": "Makeup", "product_name": "Enrich Satin Lip Colour", "product_brand": "Lakme", "combo": []}, {"category": "Beauty & Hygiene", "sub_category_name": "Makeup", "product_name": "Absolute Argan Oil Lip Colour", "product_brand": "Lakme", "combo": []}, {"category": "Beauty & Hygiene", "sub_category_name": "Makeup", "product_name": "Double D Mascara - Black", "product_brand": "LA girl", "combo": []}, {"category": "Beauty & Hygiene", "sub_category_name": "Makeup", "product_name": "Lip Paint Glazed", "product_brand": "LA girl", "combo": []}, {"category": "Beauty & Hygiene", "sub_category_name": "Makeup", "product_name": "Absolute Matte Melt Liquid Lip Colour", "product_brand": "Lakme", "combo": []}, {"category": "Beauty & Hygiene", "sub_category_name": "Makeup", "product_name": "Amore Matte Lip Creme", "product_brand": "Milani", "combo": []}, {"category": "Beauty & Hygiene", "sub_category_name": "Makeup", "product_name": "Shady Slim Brow Pencil", "product_brand": "LA girl", "combo": []}, {"category": "Beauty & Hygiene", "sub_category_name": "Makeup", "product_name": "Color Biggie For Lips & More", "product_brand": "BeYu", "combo": []}, {"category": "Beauty & Hygiene", "sub_category_name": "Makeup", "product_name": "Absolute Matte Melt Liquid Lip Colour", "product_brand": "Lakme", "combo": []}, {"category": "Beauty & Hygiene", "sub_category_name": "Makeup", "product_name": "Pocket Lip Pop", "product_brand": "BeYu", "combo": []}, {"category": "Beauty & Hygiene", "sub_category_name": "Makeup", "product_name": "Conceal + Perfect 2-In-1 Foundation + Concealer", "product_brand": "Milani", "combo": []}, {"category": "Beauty & Hygiene", "sub_category_name": "Makeup", "product_name": "Strobe Lite Strobing Powder", "product_brand": "LA girl", "combo": []}, {"category": "Beauty & Hygiene", "sub_category_name": "Makeup", "product_name": "PRO Coverage HD Foundation", "product_brand": "LA girl", "combo": []}, {"category": "Beauty & Hygiene", "sub_category_name": "Makeup", "product_name": "Luminous Glow Illuminating Powder", "product_brand": "LA girl", "combo": []}, {"category": "Beauty & Hygiene", "sub_category_name": "Makeup", "product_name": "Inspiring Eyeshadow Tin", "product_brand": "LA girl", "combo": []}, {"category": "Beauty & Hygiene", "sub_category_name": "Makeup", "product_name": "Under Eye Concealer", "product_brand": "INGLOT", "combo": []}, {"category": "Beauty & Hygiene", "sub_category_name": "Makeup", "product_name": "Orosa Butter Lip Stick", "product_brand": "CHAMBOR", "combo": []}, {"category": "Beauty & Hygiene", "sub_category_name": "Makeup", "product_name": "Pearl Face Powder - Rosy Glow", "product_brand": "Gala Of London", "combo": []}, {"category": "Beauty & Hygiene", "sub_category_name": "Makeup", "product_name": "Tattoo Studio Gel Liner Pencil - Striking Navy", "product_brand": "Maybelline New York", "combo": []}]