[{"category": "Gourmet & World Food", "sub_category_name": "Snacks, Dry Fruits, Nuts", "product_name": "Nacho Crisps - Cheese & Herbs", "product_brand": "Cornitos", "combo": [["2x60 g", "66.50"], ["60 g", "33.25"]]}, {"category": "Gourmet & World Food", "sub_category_name": "Snacks, Dry Fruits, Nuts", "product_name": "Quinoa Puffs - Onion Masala", "product_brand": "GoodDiet", "combo": [["30 g", "17.00"], ["5x30 g", "70.00"]]}, {"category": "Gourmet & World Food", "sub_category_name": "Snacks, Dry Fruits, Nuts", "product_name": "Ragi Sticks - Tangy Mint", "product_brand": "GoodDiet", "combo": [["5x30 g", "70.00"], ["30 g", "17.00"]]}, {"category": "Gourmet & World Food", "sub_category_name": "Snacks, Dry Fruits, Nuts", "product_name": "Nacho Crisps - Sizzlin Jalapeno", "product_brand": "Cornitos", "combo": [["2x60 g", "66.50"], ["60 g", "33.25"], ["150 g", "80.75"], ["2x150 g", "161.50"]]}, {"category": "Gourmet & World Food", "sub_category_name": "Snacks, Dry Fruits, Nuts", "product_name": "Multigrain Puffs - Butter Makhana", "product_brand": "GoodDiet", "combo": [["30 g", "17.00"], ["5x30 g", "70.00"]]}, {"category": "Gourmet & World Food", "sub_category_name": "Snacks, Dry Fruits, Nuts", "product_name": "Multigrain Chips - Sour Cream & Onion", "product_brand": "GoodDiet", "combo": [["30 g", "17.00"], ["5x30 g", "70.00"]]}, {"category": "Gourmet & World Food", "sub_category_name": "Snacks, Dry Fruits, Nuts", "product_name": "Greek Yogurt - Natural", "product_brand": "Epigamia", "combo": [["90 g", "45.00"], ["8x90 g", "360.00"], ["4x90 g", "180.00"]]}, {"category": "Gourmet & World Food", "sub_category_name": "Snacks, Dry Fruits, Nuts", "product_name": "Nacho Crisps - Barbeque", "product_brand": "Cornitos", "combo": [["2x60 g", "66.50"], ["60 g", "33.25"]]}, {"category": "Gourmet & World Food", "sub_category_name": "Snacks, Dry Fruits, Nuts", "product_name": "Multigrain Bread Chips - Chilli Orange", "product_brand": "GoodDiet", "combo": [["5x30 g", "70.00"], ["30 g", "17.00"]]}, {"category": "Gourmet & World Food", "sub_category_name": "Snacks, Dry Fruits, Nuts", "product_name": "Multigrain Puffs - Tangy Tomato", "product_brand": "GoodDiet", "combo": [["30 g", "17.00"], ["5x30 g", "70.00"]]}, {"category": "Gourmet & World Food", "sub_category_name": "Snacks, Dry Fruits, Nuts", "product_name": "Mini Puffs - Cheese N Herbs", "product_brand": "GoodDiet", "combo": [["30 g", "17.00"], ["5x30 g", "70.00"]]}, {"category": "Gourmet & World Food", "sub_category_name": "Snacks, Dry Fruits, Nuts", "product_name": "Greek Yogurt - Blueberry", "product_brand": "Epigamia", "combo": [["4x90 g", "180.00"], ["90 g", "45.00"], ["8x90 g", "360.00"]]}, {"category": "Gourmet & World Food", "sub_category_name": "Snacks, Dry Fruits, Nuts", "product_name": "Multigrain Balls - Chilli Chataka", "product_brand": "GoodDiet", "combo": [["30 g", "17.00"], ["5x30 g", "70.00"]]}, {"category": "Gourmet & World Food", "sub_category_name": "Snacks, Dry Fruits, Nuts", "product_name": "Nacho Crisps - Peri Peri", "product_brand": "Cornitos", "combo": [["2x60 g", "66.50"], ["6x60 g", "199.50"], ["2x150 g", "161.50"], ["60 g", "33.25"], ["150 g", "80.75"]]}, {"category": "Gourmet & World Food", "sub_category_name": "Snacks, Dry Fruits, Nuts", "product_name": "Greek Yogurt - Alphonso Mango", "product_brand": "Epigamia", "combo": [["90 g", "45.00"], ["8x90 g", "360.00"], ["4x90 g", "180.00"]]}, {"category": "Gourmet & World Food", "sub_category_name": "Snacks, Dry Fruits, Nuts", "product_name": "Ragi Sticks - Achari Masala", "product_brand": "GoodDiet", "combo": [["30 g", "17.00"], ["5x30 g", "70.00"]]}, {"category": "Gourmet & World Food", "sub_category_name": "Snacks, Dry Fruits, Nuts", "product_name": "Nacho Crisps - Cheese and Herbs", "product_brand": "Cornitos", "combo": [["2x150 g", "161.50"], ["150 g", "80.75"]]}, {"category": "Gourmet & World Food", "sub_category_name": "Snacks, Dry Fruits, Nuts", "product_name": "Greek Yogurt - Strawberry", "product_brand": "Epigamia", "combo": [["4x90 g", "180.00"], ["90 g", "45.00"], ["8x90 g", "360.00"]]}, {"category": "Gourmet & World Food", "sub_category_name": "Snacks, Dry Fruits, Nuts", "product_name": "Just Berries", "product_brand": "Fresho Signature", "combo": [["2x50 g", "188.10"], ["50 g", "99.00"], ["150 g", "289.00"]]}, {"category": "Gourmet & World Food", "sub_category_name": "Snacks, Dry Fruits, Nuts", "product_name": "Nacho Crisps - Tikka Masala", "product_brand": "Cornitos", "combo": [["60 g", "33.25"], ["2x60 g", "66.50"]]}, {"category": "Gourmet & World Food", "sub_category_name": "Snacks, Dry Fruits, Nuts", "product_name": "Nacho Crisps - Tomato Mexicana", "product_brand": "Cornitos", "combo": [["60 g", "33.25"], ["2x60 g", "66.50"], ["2x150 g", "161.50"], ["150 g", "80.75"]]}, {"category": "Gourmet & World Food", "sub_category_name": "Snacks, Dry Fruits, Nuts", "product_name": "Amla Dry Fruit", "product_brand": "Fresho Signature", "combo": [["50 g", "49.00"], ["150 g", "89.00"], ["2x50 g", "93.10"]]}, {"category": "Gourmet & World Food", "sub_category_name": "Snacks, Dry Fruits, Nuts", "product_name": "Greek Yogurt - Natural, Low Fat", "product_brand": "Epigamia", "combo": []}, {"category": "Gourmet & World Food", "sub_category_name": "Snacks, Dry Fruits, Nuts", "product_name": "Snacks - Roasted High Protein Mixture", "product_brand": "GoodDiet", "combo": []}, {"category": "Gourmet & World Food", "sub_category_name": "Snacks, Dry Fruits, Nuts", "product_name": "Greek Yogurt - Wild, Raspberry", "product_brand": "Epigamia", "combo": [["4x90 g", "180.00"], ["90 g", "45.00"]]}, {"category": "Gourmet & World Food", "sub_category_name": "Snacks, Dry Fruits, Nuts", "product_name": "Chips - Pita, Thai Sweet Chilli", "product_brand": "Appitas", "combo": []}, {"category": "Gourmet & World Food", "sub_category_name": "Snacks, Dry Fruits, Nuts", "product_name": "Date & Nuts Drops - Orange Cinnamon With Fibre Coating", "product_brand": "Dev. Pro. Food Group", "combo": []}, {"category": "Gourmet & World Food", "sub_category_name": "Snacks, Dry Fruits, Nuts", "product_name": "Date & Nuts Bar - Natural", "product_brand": "Dev. Pro. Food Group", "combo": []}, {"category": "Gourmet & World Food", "sub_category_name": "Snacks, Dry Fruits, Nuts", "product_name": "Date & Nuts Bar - Apple Cinnamon", "product_brand": "Dev. Pro. Food Group", "combo": []}, {"category": "Gourmet & World Food", "sub_category_name": "Snacks, Dry Fruits, Nuts", "product_name": "Date & Nuts Drops - Apple Cinnamon With Fibre Coating", "product_brand": "Dev. Pro. Food Group", "combo": []}, {"category": "Gourmet & World Food", "sub_category_name": "Snacks, Dry Fruits, Nuts", "product_name": "Frutties Strawberry", "product_brand": "Dev. Pro. Food Group", "combo": []}, {"category": "Gourmet & World Food", "sub_category_name": "Snacks, Dry Fruits, Nuts", "product_name": "Frutties Apple", "product_brand": "Dev. Pro. Food Group", "combo": []}, {"category": "Gourmet & World Food", "sub_category_name": "Snacks, Dry Fruits, Nuts", "product_name": "Frutties Forest fruit", "product_brand": "Dev. Pro. Food Group", "combo": []}, {"category": "Gourmet & World Food", "sub_category_name": "Snacks, Dry Fruits, Nuts", "product_name": "Date & Nuts Drops - Coconut Cocoa With Fibre Coating", "product_brand": "Dev. Pro. Food Group", "combo": []}, {"category": "Gourmet & World Food", "sub_category_name": "Snacks, Dry Fruits, Nuts", "product_name": "Bliss Fruit Pearls - Forest Fruit Yogurt White chocolate", "product_brand": "Dev. Pro. Food Group", "combo": []}, {"category": "Gourmet & World Food", "sub_category_name": "Snacks, Dry Fruits, Nuts", "product_name": "Bliss Fruit Pearls - Orange Dark Chocolate", "product_brand": "Dev. Pro. Food Group", "combo": []}, {"category": "Gourmet & World Food", "sub_category_name": "Snacks, Dry Fruits, Nuts", "product_name": "Bliss Fruit Pearls - Mango Passion Fruit Dark Chocolate", "product_brand": "Dev. Pro. Food Group", "combo": []}, {"category": "Gourmet & World Food", "sub_category_name": "Snacks, Dry Fruits, Nuts", "product_name": "Instant Popcorn - Natural", "product_brand": "4700BC", "combo": []}, {"category": "Gourmet & World Food", "sub_category_name": "Snacks, Dry Fruits, Nuts", "product_name": "Instant Popcorn - Butter", "product_brand": "4700BC", "combo": []}, {"category": "Gourmet & World Food", "sub_category_name": "Snacks, Dry Fruits, Nuts", "product_name": "Instant Popcorn - BBQ", "product_brand": "4700BC", "combo": []}, {"category": "Gourmet & World Food", "sub_category_name": "Snacks, Dry Fruits, Nuts", "product_name": "Instant Popcorn - Seven Spices", "product_brand": "4700BC", "combo": []}, {"category": "Gourmet & World Food", "sub_category_name": "Snacks, Dry Fruits, Nuts", "product_name": "Instant Popcorn - Natural", "product_brand": "4700BC", "combo": []}, {"category": "Gourmet & World Food", "sub_category_name": "Snacks, Dry Fruits, Nuts", "product_name": "Instant Popcorn - Butter", "product_brand": "4700BC", "combo": []}, {"category": "Gourmet & World Food", "sub_category_name": "Snacks, Dry Fruits, Nuts", "product_name": "Instant Popcorn - BBQ", "product_brand": "4700BC", "combo": []}, {"category": "Gourmet & World Food", "sub_category_name": "Snacks, Dry Fruits, Nuts", "product_name": "Instant Popcorn - Cheese", "product_brand": "4700BC", "combo": []}, {"category": "Gourmet & World Food", "sub_category_name": "Snacks, Dry Fruits, Nuts", "product_name": "Microwave Popcorn - BBQ", "product_brand": "4700BC", "combo": []}, {"category": "Gourmet & World Food", "sub_category_name": "Snacks, Dry Fruits, Nuts", "product_name": "Microwave Popcorn - Butter", "product_brand": "4700BC", "combo": []}, {"category": "Gourmet & World Food", "sub_category_name": "Snacks, Dry Fruits, Nuts", "product_name": "Microwave Popcorn - Cheese", "product_brand": "4700BC", "combo": []}, {"category": "Gourmet & World Food", "sub_category_name": "Snacks, Dry Fruits, Nuts", "product_name": "Microwave Popcorn - Natural", "product_brand": "4700BC", "combo": []}, {"category": "Gourmet & World Food", "sub_category_name": "Snacks, Dry Fruits, Nuts", "product_name": "Microwave Popcorn - BBQ", "product_brand": "4700BC", "combo": []}, {"category": "Gourmet & World Food", "sub_category_name": "Snacks, Dry Fruits, Nuts", "product_name": "Microwave Popcorn - Butter", "product_brand": "4700BC", "combo": []}, {"category": "Gourmet & World Food", "sub_category_name": "Snacks, Dry Fruits, Nuts", "product_name": "Microwave Popcorn - Cheese", "product_brand": "4700BC", "combo": []}, {"category": "Gourmet & World Food", "sub_category_name": "Snacks, Dry Fruits, Nuts", "product_name": "Microwave Popcorn - Natural", "product_brand": "4700BC", "combo": []}, {"category": "Gourmet & World Food", "sub_category_name": "Snacks, Dry Fruits, Nuts", "product_name": "Roasted Jowar Puffs - Indian Spices", "product_brand": "The Healthy Cravings Co.", "combo": []}, {"category": "Gourmet & World Food", "sub_category_name": "Snacks, Dry Fruits, Nuts", "product_name": "Roasted Jowar Puffs - Cheddar Cheese", "product_brand": "The Healthy Cravings Co.", "combo": []}, {"category": "Gourmet & World Food", "sub_category_name": "Snacks, Dry Fruits, Nuts", "product_name": "Roasted Jowar Puffs - Herbs & Sundried Tomatoes", "product_brand": "The Healthy Cravings Co.", "combo": []}, {"category": "Gourmet & World Food", "sub_category_name": "Snacks, Dry Fruits, Nuts", "product_name": "Honey Roasted Almonds", "product_brand": "Nourish Organics", "combo": []}, {"category": "Gourmet & World Food", "sub_category_name": "Snacks, Dry Fruits, Nuts", "product_name": "Honey Roasted Cashews", "product_brand": "Nourish Organics", "combo": []}, {"category": "Gourmet & World Food", "sub_category_name": "Snacks, Dry Fruits, Nuts", "product_name": "Omega Seed Mix", "product_brand": "Nourish Organics", "combo": []}, {"category": "Gourmet & World Food", "sub_category_name": "Snacks, Dry Fruits, Nuts", "product_name": "Active Sunflower Seeds - Gluten Free", "product_brand": "Nourish Organics", "combo": []}, {"category": "Gourmet & World Food", "sub_category_name": "Snacks, Dry Fruits, Nuts", "product_name": "Popcorn Makka - Classic Butterfly Corn Kernels", "product_brand": "4700BC", "combo": []}, {"category": "Gourmet & World Food", "sub_category_name": "Snacks, Dry Fruits, Nuts", "product_name": "Date & Nuts Bar - Orange Cinnamon", "product_brand": "Dev. Pro. Food Group", "combo": []}, {"category": "Gourmet & World Food", "sub_category_name": "Snacks, Dry Fruits, Nuts", "product_name": "Date & Nuts Drops - Natural With Fibre Coating", "product_brand": "Dev. Pro. Food Group", "combo": []}, {"category": "Gourmet & World Food", "sub_category_name": "Snacks, Dry Fruits, Nuts", "product_name": "Frutties Pineapple", "product_brand": "Dev. Pro. Food Group", "combo": []}, {"category": "Gourmet & World Food", "sub_category_name": "Snacks, Dry Fruits, Nuts", "product_name": "Date & Nuts Bar - Cocos Cocoa", "product_brand": "Dev. Pro. Food Group", "combo": []}, {"category": "Gourmet & World Food", "sub_category_name": "Snacks, Dry Fruits, Nuts", "product_name": "Organic Almonds", "product_brand": "Earthon", "combo": []}, {"category": "Gourmet & World Food", "sub_category_name": "Snacks, Dry Fruits, Nuts", "product_name": "Multigrain Energy Bar - Vanilla Almond", "product_brand": "Yoga bar", "combo": []}, {"category": "Gourmet & World Food", "sub_category_name": "Snacks, Dry Fruits, Nuts", "product_name": "Active Flax Seeds - Gluten Free", "product_brand": "Nourish Organics", "combo": []}, {"category": "Gourmet & World Food", "sub_category_name": "Snacks, Dry Fruits, Nuts", "product_name": "Anjeer - Premium", "product_brand": "REGENCY", "combo": []}, {"category": "Gourmet & World Food", "sub_category_name": "Snacks, Dry Fruits, Nuts", "product_name": "Amla Chatpata Dry Fruit", "product_brand": "Fresho Signature", "combo": [["2x50 g", "93.10"], ["50 g", "49.00"], ["150 g", "89.00"]]}, {"category": "Gourmet & World Food", "sub_category_name": "Snacks, Dry Fruits, Nuts", "product_name": "Walnut - Inshell, California", "product_brand": "REGENCY", "combo": []}, {"category": "Gourmet & World Food", "sub_category_name": "Snacks, Dry Fruits, Nuts", "product_name": "Pistachios - Roasted & Salted, Premium Californian", "product_brand": "Happilo", "combo": [["200 g", "316.00"], ["2x200 g", "592.50"]]}, {"category": "Gourmet & World Food", "sub_category_name": "Snacks, Dry Fruits, Nuts", "product_name": "Nacho Crisps - Sea Salt", "product_brand": "Cornitos", "combo": [["150 g", "80.75"], ["2x150 g", "161.50"]]}, {"category": "Gourmet & World Food", "sub_category_name": "Snacks, Dry Fruits, Nuts", "product_name": "Healthy Multigrain Mix", "product_brand": "GoodDiet", "combo": []}, {"category": "Gourmet & World Food", "sub_category_name": "Snacks, Dry Fruits, Nuts", "product_name": "Greek Yogurt - Vanilla Bean", "product_brand": "Epigamia", "combo": [["4x90 g", "180.00"], ["90 g", "45.00"]]}, {"category": "Gourmet & World Food", "sub_category_name": "Snacks, Dry Fruits, Nuts", "product_name": "Family Snack", "product_brand": "GoodDiet", "combo": []}, {"category": "Gourmet & World Food", "sub_category_name": "Snacks, Dry Fruits, Nuts", "product_name": "Nacho Crisps - Cheesy Sour Cream & Onion", "product_brand": "Cornitos", "combo": []}, {"category": "Gourmet & World Food", "sub_category_name": "Snacks, Dry Fruits, Nuts", "product_name": "Salted Peanuts", "product_brand": "Tong Garden", "combo": [["400 g", "300.00"], ["160 g", "125.00"], ["42 g", "30.00"]]}, {"category": "Gourmet & World Food", "sub_category_name": "Snacks, Dry Fruits, Nuts", "product_name": "Healthy Spicy Mix", "product_brand": "GoodDiet", "combo": []}, {"category": "Gourmet & World Food", "sub_category_name": "Snacks, Dry Fruits, Nuts", "product_name": "Blueberries - Dried", "product_brand": "REGENCY", "combo": []}, {"category": "Gourmet & World Food", "sub_category_name": "Snacks, Dry Fruits, Nuts", "product_name": "Seeds Mix", "product_brand": "Fresho Signature", "combo": [["2x50 g", "93.10"], ["50 g", "49.00"], ["150 g", "149.00"]]}, {"category": "Gourmet & World Food", "sub_category_name": "Snacks, Dry Fruits, Nuts", "product_name": "Nacho Chips - Jalapeno", "product_brand": "Makino", "combo": [["60 g", "28.00"], ["150 g", "68.00"], ["2x60 g", "56.00"]]}, {"category": "Gourmet & World Food", "sub_category_name": "Snacks, Dry Fruits, Nuts", "product_name": "Cranberry - Slices, Dried", "product_brand": "REGENCY", "combo": []}, {"category": "Gourmet & World Food", "sub_category_name": "Snacks, Dry Fruits, Nuts", "product_name": "Nacho Chips - Salsa", "product_brand": "Makino", "combo": [["60 g", "28.00"], ["150 g", "68.00"], ["2x60 g", "56.00"]]}, {"category": "Gourmet & World Food", "sub_category_name": "Snacks, Dry Fruits, Nuts", "product_name": "Apricots - Dried", "product_brand": "REGENCY", "combo": []}, {"category": "Gourmet & World Food", "sub_category_name": "Snacks, Dry Fruits, Nuts", "product_name": "Black Raisin - Seedless", "product_brand": "REGENCY", "combo": []}, {"category": "Gourmet & World Food", "sub_category_name": "Snacks, Dry Fruits, Nuts", "product_name": "Seeds - Chia", "product_brand": "REGENCY", "combo": []}, {"category": "Gourmet & World Food", "sub_category_name": "Snacks, Dry Fruits, Nuts", "product_name": "Apricots - Dried, Premium Turkish", "product_brand": "Happilo", "combo": [["2x200 g", "399.00"], ["200 g", "228.00"]]}, {"category": "Gourmet & World Food", "sub_category_name": "Snacks, Dry Fruits, Nuts", "product_name": "Nacho Crisps - Peri Peri", "product_brand": "Cornitos", "combo": []}, {"category": "Gourmet & World Food", "sub_category_name": "Snacks, Dry Fruits, Nuts", "product_name": "Rusk - Sugar Free (Whole Wheat Bran)", "product_brand": "Healthy Snacks", "combo": []}, {"category": "Gourmet & World Food", "sub_category_name": "Snacks, Dry Fruits, Nuts", "product_name": "Ginger Candy", "product_brand": "Fresho Signature", "combo": [["50 g", "49.00"], ["150 g", "115.00"]]}, {"category": "Gourmet & World Food", "sub_category_name": "Snacks, Dry Fruits, Nuts", "product_name": "Sunflower Seeds", "product_brand": "REGENCY", "combo": []}, {"category": "Gourmet & World Food", "sub_category_name": "Snacks, Dry Fruits, Nuts", "product_name": "Party Snack", "product_brand": "Tong Garden", "combo": []}, {"category": "Gourmet & World Food", "sub_category_name": "Snacks, Dry Fruits, Nuts", "product_name": "Nacho Chips - Cheese", "product_brand": "Makino", "combo": [["150 g", "68.00"], ["2x60 g", "56.00"], ["60 g", "28.00"]]}, {"category": "Gourmet & World Food", "sub_category_name": "Snacks, Dry Fruits, Nuts", "product_name": "Cashews - Whole, 100% Natural Premium", "product_brand": "Happilo", "combo": [["200 g", "251.25"], ["2x200 g", "469.00"]]}, {"category": "Gourmet & World Food", "sub_category_name": "Snacks, Dry Fruits, Nuts", "product_name": "Nachos - Spinach", "product_brand": "Cornitos", "combo": []}, {"category": "Gourmet & World Food", "sub_category_name": "Snacks, Dry Fruits, Nuts", "product_name": "Salted Sunflower Seeds", "product_brand": "Tong Garden", "combo": []}, {"category": "Gourmet & World Food", "sub_category_name": "Snacks, Dry Fruits, Nuts", "product_name": "Pumpkin Seeds", "product_brand": "REGENCY", "combo": []}, {"category": "Gourmet & World Food", "sub_category_name": "Snacks, Dry Fruits, Nuts", "product_name": "Chia Seeds - Raw", "product_brand": "True Elements", "combo": [["500 g", "475.00"], ["1 kg", "855.00"], ["150 g", "171.50"], ["250 g", "294.00"]]}, {"category": "Gourmet & World Food", "sub_category_name": "Snacks, Dry Fruits, Nuts", "product_name": "Mix Dry Fruit", "product_brand": "Fresho Signature", "combo": [["6x50 g", "362.70"], ["2x50 g", "123.50"], ["50 g", "65.00"], ["150 g", "149.00"], ["4x50 g", "244.40"]]}, {"category": "Gourmet & World Food", "sub_category_name": "Snacks, Dry Fruits, Nuts", "product_name": "Nachos - Beetroot", "product_brand": "Cornitos", "combo": []}, {"category": "Gourmet & World Food", "sub_category_name": "Snacks, Dry Fruits, Nuts", "product_name": "Nacho Crisps - Barbeque", "product_brand": "Cornitos", "combo": []}, {"category": "Gourmet & World Food", "sub_category_name": "Snacks, Dry Fruits, Nuts", "product_name": "Nut Mixture - Crunchy, Party Snack", "product_brand": "Cornitos", "combo": [["200 g", "135.00"], ["28 g", "20.00"]]}, {"category": "Gourmet & World Food", "sub_category_name": "Snacks, Dry Fruits, Nuts", "product_name": "Chia Seeds", "product_brand": "By Nature", "combo": [["250 g", "350.00"], ["100 g", "157.50"]]}, {"category": "Gourmet & World Food", "sub_category_name": "Snacks, Dry Fruits, Nuts", "product_name": "Prunes - Pitted, Dried Plum", "product_brand": "REGENCY", "combo": []}, {"category": "Gourmet & World Food", "sub_category_name": "Snacks, Dry Fruits, Nuts", "product_name": "On The Go - Peri Peri Nachos & Salsa Dip", "product_brand": "Cornitos", "combo": []}, {"category": "Gourmet & World Food", "sub_category_name": "Snacks, Dry Fruits, Nuts", "product_name": "Himalayan Pink Salt 400 g + Chia Seeds 100 g", "product_brand": "By Nature", "combo": []}, {"category": "Gourmet & World Food", "sub_category_name": "Snacks, Dry Fruits, Nuts", "product_name": "Queen Kalmi Dates - Premium, International", "product_brand": "Happilo", "combo": []}, {"category": "Gourmet & World Food", "sub_category_name": "Snacks, Dry Fruits, Nuts", "product_name": "Nuts & Seeds Trail Mix - Hint of Mint", "product_brand": "Yoga bar", "combo": []}, {"category": "Gourmet & World Food", "sub_category_name": "Snacks, Dry Fruits, Nuts", "product_name": "Nuts & Seeds Trail Mix - Hint of Mint", "product_brand": "Yoga bar", "combo": []}, {"category": "Gourmet & World Food", "sub_category_name": "Snacks, Dry Fruits, Nuts", "product_name": "Nuts & Seeds Trail Mix - Spicy Masala", "product_brand": "Yoga bar", "combo": []}, {"category": "Gourmet & World Food", "sub_category_name": "Snacks, Dry Fruits, Nuts", "product_name": "Nuts & Seeds Trail Mix - Tangy Tomato", "product_brand": "Yoga bar", "combo": []}, {"category": "Gourmet & World Food", "sub_category_name": "Snacks, Dry Fruits, Nuts", "product_name": "Nuts & Seeds Trail Mix - Pizza Oregano", "product_brand": "Yoga bar", "combo": []}, {"category": "Gourmet & World Food", "sub_category_name": "Snacks, Dry Fruits, Nuts", "product_name": "Nuts & Seeds Trail Mix - Tangy Tomato", "product_brand": "Yoga bar", "combo": []}, {"category": "Gourmet & World Food", "sub_category_name": "Snacks, Dry Fruits, Nuts", "product_name": "Nuts & Seeds Trail Mix - Pizza Oregano", "product_brand": "Yoga bar", "combo": []}, {"category": "Gourmet & World Food", "sub_category_name": "Snacks, Dry Fruits, Nuts", "product_name": "Nuts & Seeds Trail Mix - Spicy Masala", "product_brand": "Yoga bar", "combo": []}, {"category": "Gourmet & World Food", "sub_category_name": "Snacks, Dry Fruits, Nuts", "product_name": "Black Raisins - Premium Afghani Seedless", "product_brand": "Happilo", "combo": [["250 g", "150.75"], ["2x250 g", "279.00"]]}, {"category": "Gourmet & World Food", "sub_category_name": "Snacks, Dry Fruits, Nuts", "product_name": "Pumpkin Seeds - Roasted", "product_brand": "Cornitos", "combo": []}, {"category": "Gourmet & World Food", "sub_category_name": "Snacks, Dry Fruits, Nuts", "product_name": "Fruits Nuts Berries, Vegan", "product_brand": "Fresho Signature", "combo": [["50 g", "99.00"], ["150 g", "262.00"]]}, {"category": "Gourmet & World Food", "sub_category_name": "Snacks, Dry Fruits, Nuts", "product_name": "Party Snack - Mixed Nuts", "product_brand": "Tong Garden", "combo": [["180 g", "125.00"], ["40 g", "30.00"]]}, {"category": "Gourmet & World Food", "sub_category_name": "Snacks, Dry Fruits, Nuts", "product_name": "Protein Variety Bar - Chocolate Brownie, Cranberry, Almond Fudge, Hazelnut", "product_brand": "Yoga bar", "combo": []}, {"category": "Gourmet & World Food", "sub_category_name": "Snacks, Dry Fruits, Nuts", "product_name": "Oats - Rolled 500 g + Chia Seeds 100 g", "product_brand": "By Nature", "combo": []}, {"category": "Gourmet & World Food", "sub_category_name": "Snacks, Dry Fruits, Nuts", "product_name": "On The4 Go - Jalapeno Nachos & Salsa Dip", "product_brand": "Cornitos", "combo": []}, {"category": "Gourmet & World Food", "sub_category_name": "Snacks, Dry Fruits, Nuts", "product_name": "Snacks - Roasted Peanuts Olive n Herbs", "product_brand": "GoodDiet", "combo": []}, {"category": "Gourmet & World Food", "sub_category_name": "Snacks, Dry Fruits, Nuts", "product_name": "Nacho Chips - Sweet Chilli", "product_brand": "Makino", "combo": [["60 g", "28.00"], ["2x60 g", "56.00"], ["150 g", "68.00"]]}, {"category": "Gourmet & World Food", "sub_category_name": "Snacks, Dry Fruits, Nuts", "product_name": "Cashew Nuts - Salted", "product_brand": "Tong Garden", "combo": [["40 g", "75.00"], ["160 g", "265.50"], ["2x40 g", "150.00"], ["4x40 g", "300.00"]]}, {"category": "Gourmet & World Food", "sub_category_name": "Snacks, Dry Fruits, Nuts", "product_name": "Cashew - W240", "product_brand": "REGENCY", "combo": []}, {"category": "Gourmet & World Food", "sub_category_name": "Snacks, Dry Fruits, Nuts", "product_name": "Wasabi Coated Green Peas", "product_brand": "Tong Garden", "combo": []}, {"category": "Gourmet & World Food", "sub_category_name": "Snacks, Dry Fruits, Nuts", "product_name": "Tortilla Chips - Salted", "product_brand": "Tex Mex Salsalito", "combo": []}, {"category": "Gourmet & World Food", "sub_category_name": "Snacks, Dry Fruits, Nuts", "product_name": "Peanut - Roasted, Salted", "product_brand": "Cornitos", "combo": []}, {"category": "Gourmet & World Food", "sub_category_name": "Snacks, Dry Fruits, Nuts", "product_name": "Cashew - W320", "product_brand": "REGENCY", "combo": []}, {"category": "Gourmet & World Food", "sub_category_name": "Snacks, Dry Fruits, Nuts", "product_name": "Nacho Crisps - Sizzlin Jalapeno", "product_brand": "Cornitos", "combo": []}, {"category": "Gourmet & World Food", "sub_category_name": "Snacks, Dry Fruits, Nuts", "product_name": "Pumpkin Seeds - Roasted", "product_brand": "True Elements", "combo": []}, {"category": "Gourmet & World Food", "sub_category_name": "Snacks, Dry Fruits, Nuts", "product_name": "Snacks - Roasted Sprouted Mixture Plain", "product_brand": "GoodDiet", "combo": []}, {"category": "Gourmet & World Food", "sub_category_name": "Snacks, Dry Fruits, Nuts", "product_name": "Snacks - Roasted Peanuts Wasabi", "product_brand": "GoodDiet", "combo": []}, {"category": "Gourmet & World Food", "sub_category_name": "Snacks, Dry Fruits, Nuts", "product_name": "Dry Apricot", "product_brand": "REGENCY", "combo": []}, {"category": "Gourmet & World Food", "sub_category_name": "Snacks, Dry Fruits, Nuts", "product_name": "Nachos - Quinoa", "product_brand": "Cornitos", "combo": []}, {"category": "Gourmet & World Food", "sub_category_name": "Snacks, Dry Fruits, Nuts", "product_name": "Snacks - Roasted Chana Jor Lime", "product_brand": "GoodDiet", "combo": []}, {"category": "Gourmet & World Food", "sub_category_name": "Snacks, Dry Fruits, Nuts", "product_name": "Healthy Snacks Soya - Sticks 150 gm Pouch", "product_brand": "Healthy Snacks", "combo": []}, {"category": "Gourmet & World Food", "sub_category_name": "Snacks, Dry Fruits, Nuts", "product_name": "Nacho Chips - Sizzlin' Schezwan", "product_brand": "Tex Mex Salsalito", "combo": [["45 g", "30.00"], ["150 g", "90.00"]]}, {"category": "Gourmet & World Food", "sub_category_name": "Snacks, Dry Fruits, Nuts", "product_name": "Protein Variety Bar - Chocolate Brownie, Cranberry, Almond Fudge, Hazelnut", "product_brand": "Yoga bar", "combo": []}, {"category": "Gourmet & World Food", "sub_category_name": "Snacks, Dry Fruits, Nuts", "product_name": "Oats - Rolled 500 g + Chia Seeds 100 g", "product_brand": "By Nature", "combo": []}, {"category": "Gourmet & World Food", "sub_category_name": "Snacks, Dry Fruits, Nuts", "product_name": "On The4 Go - Jalapeno Nachos & Salsa Dip", "product_brand": "Cornitos", "combo": []}, {"category": "Gourmet & World Food", "sub_category_name": "Snacks, Dry Fruits, Nuts", "product_name": "Snacks - Roasted Peanuts Olive n Herbs", "product_brand": "GoodDiet", "combo": []}, {"category": "Gourmet & World Food", "sub_category_name": "Snacks, Dry Fruits, Nuts", "product_name": "Nacho Chips - Sweet Chilli", "product_brand": "Makino", "combo": [["60 g", "28.00"], ["2x60 g", "56.00"], ["150 g", "68.00"]]}, {"category": "Gourmet & World Food", "sub_category_name": "Snacks, Dry Fruits, Nuts", "product_name": "Cashew Nuts - Salted", "product_brand": "Tong Garden", "combo": [["40 g", "75.00"], ["160 g", "265.50"], ["2x40 g", "150.00"], ["4x40 g", "300.00"]]}, {"category": "Gourmet & World Food", "sub_category_name": "Snacks, Dry Fruits, Nuts", "product_name": "Cashew - W240", "product_brand": "REGENCY", "combo": []}, {"category": "Gourmet & World Food", "sub_category_name": "Snacks, Dry Fruits, Nuts", "product_name": "Wasabi Coated Green Peas", "product_brand": "Tong Garden", "combo": []}, {"category": "Gourmet & World Food", "sub_category_name": "Snacks, Dry Fruits, Nuts", "product_name": "Tortilla Chips - Salted", "product_brand": "Tex Mex Salsalito", "combo": []}, {"category": "Gourmet & World Food", "sub_category_name": "Snacks, Dry Fruits, Nuts", "product_name": "Peanut - Roasted, Salted", "product_brand": "Cornitos", "combo": []}, {"category": "Gourmet & World Food", "sub_category_name": "Snacks, Dry Fruits, Nuts", "product_name": "Cashew - W320", "product_brand": "REGENCY", "combo": []}, {"category": "Gourmet & World Food", "sub_category_name": "Snacks, Dry Fruits, Nuts", "product_name": "Nacho Crisps - Sizzlin Jalapeno", "product_brand": "Cornitos", "combo": []}, {"category": "Gourmet & World Food", "sub_category_name": "Snacks, Dry Fruits, Nuts", "product_name": "Pumpkin Seeds - Roasted", "product_brand": "True Elements", "combo": []}, {"category": "Gourmet & World Food", "sub_category_name": "Snacks, Dry Fruits, Nuts", "product_name": "Snacks - Roasted Sprouted Mixture Plain", "product_brand": "GoodDiet", "combo": []}, {"category": "Gourmet & World Food", "sub_category_name": "Snacks, Dry Fruits, Nuts", "product_name": "Snacks - Roasted Peanuts Wasabi", "product_brand": "GoodDiet", "combo": []}, {"category": "Gourmet & World Food", "sub_category_name": "Snacks, Dry Fruits, Nuts", "product_name": "Dry Apricot", "product_brand": "REGENCY", "combo": []}, {"category": "Gourmet & World Food", "sub_category_name": "Snacks, Dry Fruits, Nuts", "product_name": "Nachos - Quinoa", "product_brand": "Cornitos", "combo": []}, {"category": "Gourmet & World Food", "sub_category_name": "Snacks, Dry Fruits, Nuts", "product_name": "Snacks - Roasted Chana Jor Lime", "product_brand": "GoodDiet", "combo": []}, {"category": "Gourmet & World Food", "sub_category_name": "Snacks, Dry Fruits, Nuts", "product_name": "Healthy Snacks Soya - Sticks 150 gm Pouch", "product_brand": "Healthy Snacks", "combo": []}, {"category": "Gourmet & World Food", "sub_category_name": "Snacks, Dry Fruits, Nuts", "product_name": "Nacho Chips - Sizzlin' Schezwan", "product_brand": "Tex Mex Salsalito", "combo": [["45 g", "30.00"], ["150 g", "90.00"]]}, {"category": "Gourmet & World Food", "sub_category_name": "Snacks, Dry Fruits, Nuts", "product_name": "Nacho Chips - Cheese + Jalapeno + Sweet Chilli (60 g)", "product_brand": "Makino", "combo": []}, {"category": "Gourmet & World Food", "sub_category_name": "Snacks, Dry Fruits, Nuts", "product_name": "Tortilla Chips - Chilli Flavored Corn Chips", "product_brand": "Tex Mex Salsalito", "combo": [["150 g", "90.00"], ["2x150 g", "180.00"]]}, {"category": "Gourmet & World Food", "sub_category_name": "Snacks, Dry Fruits, Nuts", "product_name": "Snacks - Roasted Jowar Flakes Mixture", "product_brand": "GoodDiet", "combo": []}, {"category": "Gourmet & World Food", "sub_category_name": "Snacks, Dry Fruits, Nuts", "product_name": "Pumpkin Seeds - Raw", "product_brand": "True Elements", "combo": [["150 g", "225.00"], ["250 g", "325.00"], ["1 kg", "925.00"], ["500 g", "575.00"]]}, {"category": "Gourmet & World Food", "sub_category_name": "Snacks, Dry Fruits, Nuts", "product_name": "Berries & Seeds", "product_brand": "Fresho Signature", "combo": [["50 g", "79.00"], ["150 g", "219.00"]]}, {"category": "Gourmet & World Food", "sub_category_name": "Snacks, Dry Fruits, Nuts", "product_name": "Almonds - Oven Roasted & Salted, Premium Californian", "product_brand": "Happilo", "combo": [["200 g", "268.00"], ["2x200 g", "502.50"]]}, {"category": "Gourmet & World Food", "sub_category_name": "Snacks, Dry Fruits, Nuts", "product_name": "Mango Dry Fruit", "product_brand": "Fresho Signature", "combo": [["6x50 g", "362.70"], ["50 g", "65.00"], ["2x50 g", "123.50"], ["4x50 g", "244.40"]]}, {"category": "Gourmet & World Food", "sub_category_name": "Snacks, Dry Fruits, Nuts", "product_name": "Nachos - Melange", "product_brand": "Cornitos", "combo": []}, {"category": "Gourmet & World Food", "sub_category_name": "Snacks, Dry Fruits, Nuts", "product_name": "Snacks - Roasted Peanuts Jalapeno", "product_brand": "GoodDiet", "combo": []}, {"category": "Gourmet & World Food", "sub_category_name": "Snacks, Dry Fruits, Nuts", "product_name": "Multigrain Variety Energy Bar - Chocolate, Vanilla Almonds, Cashew Orange & Nuts & Seeds", "product_brand": "Yoga bar", "combo": []}, {"category": "Gourmet & World Food", "sub_category_name": "Snacks, Dry Fruits, Nuts", "product_name": "Pineapple Dry Fruit", "product_brand": "Fresho Signature", "combo": [["2x50 g", "123.50"], ["50 g", "65.00"], ["6x50 g", "362.70"], ["4x50 g", "244.40"]]}, {"category": "Gourmet & World Food", "sub_category_name": "Snacks, Dry Fruits, Nuts", "product_name": "Dry Fruits & Nuts", "product_brand": "Fresho Signature", "combo": [["50 g", "75.00"], ["150 g", "189.00"]]}, {"category": "Gourmet & World Food", "sub_category_name": "Snacks, Dry Fruits, Nuts", "product_name": "Potato Chips - Rock Sea Salt & English Vinegar", "product_brand": "Kettle Studio", "combo": [["2x47 g", "80.00"], ["6x47 g", "240.00"], ["125 g", "99.00"], ["47 g", "40.00"]]}, {"category": "Gourmet & World Food", "sub_category_name": "Snacks, Dry Fruits, Nuts", "product_name": "Chia Seeds 100 g + Pumpkin Seeds 100 g", "product_brand": "By Nature", "combo": []}, {"category": "Gourmet & World Food", "sub_category_name": "Snacks, Dry Fruits, Nuts", "product_name": "Green Raisins - Premium Seedless", "product_brand": "Happilo", "combo": [["250 g", "110.55"], ["2x250 g", "204.60"]]}, {"category": "Gourmet & World Food", "sub_category_name": "Snacks, Dry Fruits, Nuts", "product_name": "Almonds - American", "product_brand": "REGENCY", "combo": []}, {"category": "Gourmet & World Food", "sub_category_name": "Snacks, Dry Fruits, Nuts", "product_name": "Salted Pistachios", "product_brand": "Tong Garden", "combo": [["140 g", "350.00"], ["400 g", "855.00"], ["30 g", "80.00"]]}, {"category": "Gourmet & World Food", "sub_category_name": "Snacks, Dry Fruits, Nuts", "product_name": "100% Natural Kashmiri - Deluxe Walnuts Kernels", "product_brand": "Happilo", "combo": [["200 g", "318.75"], ["2x200 g", "595.00"]]}, {"category": "Gourmet & World Food", "sub_category_name": "Snacks, Dry Fruits, Nuts", "product_name": "Pistachio - Roasted & Salted", "product_brand": "Rostaa", "combo": [["35 g", "80.00"], ["2x35 g", "160.00"]]}, {"category": "Gourmet & World Food", "sub_category_name": "Snacks, Dry Fruits, Nuts", "product_name": "Nacho Crisps - Tomato Mexicana", "product_brand": "Cornitos", "combo": []}, {"category": "Gourmet & World Food", "sub_category_name": "Snacks, Dry Fruits, Nuts", "product_name": "Protein Variety Bar - Chocolate Brownie, Cranberry, Almond Fudge, Hazelnut", "product_brand": "Yoga bar", "combo": []}, {"category": "Gourmet & World Food", "sub_category_name": "Snacks, Dry Fruits, Nuts", "product_name": "Oats - Rolled 500 g + Chia Seeds 100 g", "product_brand": "By Nature", "combo": []}, {"category": "Gourmet & World Food", "sub_category_name": "Snacks, Dry Fruits, Nuts", "product_name": "On The4 Go - Jalapeno Nachos & Salsa Dip", "product_brand": "Cornitos", "combo": []}, {"category": "Gourmet & World Food", "sub_category_name": "Snacks, Dry Fruits, Nuts", "product_name": "Snacks - Roasted Peanuts Olive n Herbs", "product_brand": "GoodDiet", "combo": []}, {"category": "Gourmet & World Food", "sub_category_name": "Snacks, Dry Fruits, Nuts", "product_name": "Nacho Chips - Sweet Chilli", "product_brand": "Makino", "combo": [["60 g", "28.00"], ["2x60 g", "56.00"], ["150 g", "68.00"]]}, {"category": "Gourmet & World Food", "sub_category_name": "Snacks, Dry Fruits, Nuts", "product_name": "Cashew Nuts - Salted", "product_brand": "Tong Garden", "combo": [["40 g", "75.00"], ["160 g", "265.50"], ["2x40 g", "150.00"], ["4x40 g", "300.00"]]}, {"category": "Gourmet & World Food", "sub_category_name": "Snacks, Dry Fruits, Nuts", "product_name": "Cashew - W240", "product_brand": "REGENCY", "combo": []}, {"category": "Gourmet & World Food", "sub_category_name": "Snacks, Dry Fruits, Nuts", "product_name": "Wasabi Coated Green Peas", "product_brand": "Tong Garden", "combo": []}, {"category": "Gourmet & World Food", "sub_category_name": "Snacks, Dry Fruits, Nuts", "product_name": "Tortilla Chips - Salted", "product_brand": "Tex Mex Salsalito", "combo": []}, {"category": "Gourmet & World Food", "sub_category_name": "Snacks, Dry Fruits, Nuts", "product_name": "Peanut - Roasted, Salted", "product_brand": "Cornitos", "combo": []}, {"category": "Gourmet & World Food", "sub_category_name": "Snacks, Dry Fruits, Nuts", "product_name": "Cashew - W320", "product_brand": "REGENCY", "combo": []}, {"category": "Gourmet & World Food", "sub_category_name": "Snacks, Dry Fruits, Nuts", "product_name": "Nacho Crisps - Sizzlin Jalapeno", "product_brand": "Cornitos", "combo": []}, {"category": "Gourmet & World Food", "sub_category_name": "Snacks, Dry Fruits, Nuts", "product_name": "Pumpkin Seeds - Roasted", "product_brand": "True Elements", "combo": []}, {"category": "Gourmet & World Food", "sub_category_name": "Snacks, Dry Fruits, Nuts", "product_name": "Snacks - Roasted Sprouted Mixture Plain", "product_brand": "GoodDiet", "combo": []}, {"category": "Gourmet & World Food", "sub_category_name": "Snacks, Dry Fruits, Nuts", "product_name": "Snacks - Roasted Peanuts Wasabi", "product_brand": "GoodDiet", "combo": []}, {"category": "Gourmet & World Food", "sub_category_name": "Snacks, Dry Fruits, Nuts", "product_name": "Dry Apricot", "product_brand": "REGENCY", "combo": []}, {"category": "Gourmet & World Food", "sub_category_name": "Snacks, Dry Fruits, Nuts", "product_name": "Nachos - Quinoa", "product_brand": "Cornitos", "combo": []}, {"category": "Gourmet & World Food", "sub_category_name": "Snacks, Dry Fruits, Nuts", "product_name": "Snacks - Roasted Chana Jor Lime", "product_brand": "GoodDiet", "combo": []}, {"category": "Gourmet & World Food", "sub_category_name": "Snacks, Dry Fruits, Nuts", "product_name": "Healthy Snacks Soya - Sticks 150 gm Pouch", "product_brand": "Healthy Snacks", "combo": []}, {"category": "Gourmet & World Food", "sub_category_name": "Snacks, Dry Fruits, Nuts", "product_name": "Nacho Chips - Sizzlin' Schezwan", "product_brand": "Tex Mex Salsalito", "combo": [["45 g", "30.00"], ["150 g", "90.00"]]}, {"category": "Gourmet & World Food", "sub_category_name": "Snacks, Dry Fruits, Nuts", "product_name": "Protein Variety Bar - Chocolate Brownie, Cranberry, Almond Fudge, Hazelnut", "product_brand": "Yoga bar", "combo": []}, {"category": "Gourmet & World Food", "sub_category_name": "Snacks, Dry Fruits, Nuts", "product_name": "Oats - Rolled 500 g + Chia Seeds 100 g", "product_brand": "By Nature", "combo": []}, {"category": "Gourmet & World Food", "sub_category_name": "Snacks, Dry Fruits, Nuts", "product_name": "On The4 Go - Jalapeno Nachos & Salsa Dip", "product_brand": "Cornitos", "combo": []}, {"category": "Gourmet & World Food", "sub_category_name": "Snacks, Dry Fruits, Nuts", "product_name": "Snacks - Roasted Peanuts Olive n Herbs", "product_brand": "GoodDiet", "combo": []}, {"category": "Gourmet & World Food", "sub_category_name": "Snacks, Dry Fruits, Nuts", "product_name": "Nacho Chips - Sweet Chilli", "product_brand": "Makino", "combo": [["60 g", "28.00"], ["2x60 g", "56.00"], ["150 g", "68.00"]]}, {"category": "Gourmet & World Food", "sub_category_name": "Snacks, Dry Fruits, Nuts", "product_name": "Cashew Nuts - Salted", "product_brand": "Tong Garden", "combo": [["40 g", "75.00"], ["160 g", "265.50"], ["2x40 g", "150.00"], ["4x40 g", "300.00"]]}, {"category": "Gourmet & World Food", "sub_category_name": "Snacks, Dry Fruits, Nuts", "product_name": "Cashew - W240", "product_brand": "REGENCY", "combo": []}, {"category": "Gourmet & World Food", "sub_category_name": "Snacks, Dry Fruits, Nuts", "product_name": "Wasabi Coated Green Peas", "product_brand": "Tong Garden", "combo": []}, {"category": "Gourmet & World Food", "sub_category_name": "Snacks, Dry Fruits, Nuts", "product_name": "Tortilla Chips - Salted", "product_brand": "Tex Mex Salsalito", "combo": []}, {"category": "Gourmet & World Food", "sub_category_name": "Snacks, Dry Fruits, Nuts", "product_name": "Peanut - Roasted, Salted", "product_brand": "Cornitos", "combo": []}, {"category": "Gourmet & World Food", "sub_category_name": "Snacks, Dry Fruits, Nuts", "product_name": "Cashew - W320", "product_brand": "REGENCY", "combo": []}, {"category": "Gourmet & World Food", "sub_category_name": "Snacks, Dry Fruits, Nuts", "product_name": "Nacho Crisps - Sizzlin Jalapeno", "product_brand": "Cornitos", "combo": []}, {"category": "Gourmet & World Food", "sub_category_name": "Snacks, Dry Fruits, Nuts", "product_name": "Pumpkin Seeds - Roasted", "product_brand": "True Elements", "combo": []}, {"category": "Gourmet & World Food", "sub_category_name": "Snacks, Dry Fruits, Nuts", "product_name": "Snacks - Roasted Sprouted Mixture Plain", "product_brand": "GoodDiet", "combo": []}, {"category": "Gourmet & World Food", "sub_category_name": "Snacks, Dry Fruits, Nuts", "product_name": "Snacks - Roasted Peanuts Wasabi", "product_brand": "GoodDiet", "combo": []}, {"category": "Gourmet & World Food", "sub_category_name": "Snacks, Dry Fruits, Nuts", "product_name": "Dry Apricot", "product_brand": "REGENCY", "combo": []}, {"category": "Gourmet & World Food", "sub_category_name": "Snacks, Dry Fruits, Nuts", "product_name": "Nachos - Quinoa", "product_brand": "Cornitos", "combo": []}, {"category": "Gourmet & World Food", "sub_category_name": "Snacks, Dry Fruits, Nuts", "product_name": "Snacks - Roasted Chana Jor Lime", "product_brand": "GoodDiet", "combo": []}, {"category": "Gourmet & World Food", "sub_category_name": "Snacks, Dry Fruits, Nuts", "product_name": "Healthy Snacks Soya - Sticks 150 gm Pouch", "product_brand": "Healthy Snacks", "combo": []}, {"category": "Gourmet & World Food", "sub_category_name": "Snacks, Dry Fruits, Nuts", "product_name": "Nacho Chips - Sizzlin' Schezwan", "product_brand": "Tex Mex Salsalito", "combo": [["45 g", "30.00"], ["150 g", "90.00"]]}, {"category": "Gourmet & World Food", "sub_category_name": "Snacks, Dry Fruits, Nuts", "product_name": "Protein Variety Bar - Chocolate Brownie, Cranberry, Almond Fudge, Hazelnut", "product_brand": "Yoga bar", "combo": []}, {"category": "Gourmet & World Food", "sub_category_name": "Snacks, Dry Fruits, Nuts", "product_name": "Oats - Rolled 500 g + Chia Seeds 100 g", "product_brand": "By Nature", "combo": []}, {"category": "Gourmet & World Food", "sub_category_name": "Snacks, Dry Fruits, Nuts", "product_name": "On The4 Go - Jalapeno Nachos & Salsa Dip", "product_brand": "Cornitos", "combo": []}, {"category": "Gourmet & World Food", "sub_category_name": "Snacks, Dry Fruits, Nuts", "product_name": "Snacks - Roasted Peanuts Olive n Herbs", "product_brand": "GoodDiet", "combo": []}, {"category": "Gourmet & World Food", "sub_category_name": "Snacks, Dry Fruits, Nuts", "product_name": "Nacho Chips - Sweet Chilli", "product_brand": "Makino", "combo": [["60 g", "28.00"], ["2x60 g", "56.00"], ["150 g", "68.00"]]}, {"category": "Gourmet & World Food", "sub_category_name": "Snacks, Dry Fruits, Nuts", "product_name": "Cashew Nuts - Salted", "product_brand": "Tong Garden", "combo": [["40 g", "75.00"], ["160 g", "265.50"], ["2x40 g", "150.00"], ["4x40 g", "300.00"]]}, {"category": "Gourmet & World Food", "sub_category_name": "Snacks, Dry Fruits, Nuts", "product_name": "Cashew - W240", "product_brand": "REGENCY", "combo": []}, {"category": "Gourmet & World Food", "sub_category_name": "Snacks, Dry Fruits, Nuts", "product_name": "Wasabi Coated Green Peas", "product_brand": "Tong Garden", "combo": []}, {"category": "Gourmet & World Food", "sub_category_name": "Snacks, Dry Fruits, Nuts", "product_name": "Tortilla Chips - Salted", "product_brand": "Tex Mex Salsalito", "combo": []}, {"category": "Gourmet & World Food", "sub_category_name": "Snacks, Dry Fruits, Nuts", "product_name": "Peanut - Roasted, Salted", "product_brand": "Cornitos", "combo": []}, {"category": "Gourmet & World Food", "sub_category_name": "Snacks, Dry Fruits, Nuts", "product_name": "Cashew - W320", "product_brand": "REGENCY", "combo": []}, {"category": "Gourmet & World Food", "sub_category_name": "Snacks, Dry Fruits, Nuts", "product_name": "Nacho Crisps - Sizzlin Jalapeno", "product_brand": "Cornitos", "combo": []}, {"category": "Gourmet & World Food", "sub_category_name": "Snacks, Dry Fruits, Nuts", "product_name": "Pumpkin Seeds - Roasted", "product_brand": "True Elements", "combo": []}, {"category": "Gourmet & World Food", "sub_category_name": "Snacks, Dry Fruits, Nuts", "product_name": "Snacks - Roasted Sprouted Mixture Plain", "product_brand": "GoodDiet", "combo": []}, {"category": "Gourmet & World Food", "sub_category_name": "Snacks, Dry Fruits, Nuts", "product_name": "Snacks - Roasted Peanuts Wasabi", "product_brand": "GoodDiet", "combo": []}, {"category": "Gourmet & World Food", "sub_category_name": "Snacks, Dry Fruits, Nuts", "product_name": "Dry Apricot", "product_brand": "REGENCY", "combo": []}, {"category": "Gourmet & World Food", "sub_category_name": "Snacks, Dry Fruits, Nuts", "product_name": "Nachos - Quinoa", "product_brand": "Cornitos", "combo": []}, {"category": "Gourmet & World Food", "sub_category_name": "Snacks, Dry Fruits, Nuts", "product_name": "Snacks - Roasted Chana Jor Lime", "product_brand": "GoodDiet", "combo": []}, {"category": "Gourmet & World Food", "sub_category_name": "Snacks, Dry Fruits, Nuts", "product_name": "Healthy Snacks Soya - Sticks 150 gm Pouch", "product_brand": "Healthy Snacks", "combo": []}, {"category": "Gourmet & World Food", "sub_category_name": "Snacks, Dry Fruits, Nuts", "product_name": "Nacho Chips - Sizzlin' Schezwan", "product_brand": "Tex Mex Salsalito", "combo": [["45 g", "30.00"], ["150 g", "90.00"]]}, {"category": "Gourmet & World Food", "sub_category_name": "Snacks, Dry Fruits, Nuts", "product_name": "Protein Variety Bar - Chocolate Brownie, Cranberry, Almond Fudge, Hazelnut", "product_brand": "Yoga bar", "combo": []}, {"category": "Gourmet & World Food", "sub_category_name": "Snacks, Dry Fruits, Nuts", "product_name": "Oats - Rolled 500 g + Chia Seeds 100 g", "product_brand": "By Nature", "combo": []}, {"category": "Gourmet & World Food", "sub_category_name": "Snacks, Dry Fruits, Nuts", "product_name": "On The4 Go - Jalapeno Nachos & Salsa Dip", "product_brand": "Cornitos", "combo": []}, {"category": "Gourmet & World Food", "sub_category_name": "Snacks, Dry Fruits, Nuts", "product_name": "Snacks - Roasted Peanuts Olive n Herbs", "product_brand": "GoodDiet", "combo": []}, {"category": "Gourmet & World Food", "sub_category_name": "Snacks, Dry Fruits, Nuts", "product_name": "Nacho Chips - Sweet Chilli", "product_brand": "Makino", "combo": [["60 g", "28.00"], ["2x60 g", "56.00"], ["150 g", "68.00"]]}, {"category": "Gourmet & World Food", "sub_category_name": "Snacks, Dry Fruits, Nuts", "product_name": "Cashew Nuts - Salted", "product_brand": "Tong Garden", "combo": [["40 g", "75.00"], ["160 g", "265.50"], ["2x40 g", "150.00"], ["4x40 g", "300.00"]]}, {"category": "Gourmet & World Food", "sub_category_name": "Snacks, Dry Fruits, Nuts", "product_name": "Cashew - W240", "product_brand": "REGENCY", "combo": []}, {"category": "Gourmet & World Food", "sub_category_name": "Snacks, Dry Fruits, Nuts", "product_name": "Wasabi Coated Green Peas", "product_brand": "Tong Garden", "combo": []}, {"category": "Gourmet & World Food", "sub_category_name": "Snacks, Dry Fruits, Nuts", "product_name": "Tortilla Chips - Salted", "product_brand": "Tex Mex Salsalito", "combo": []}, {"category": "Gourmet & World Food", "sub_category_name": "Snacks, Dry Fruits, Nuts", "product_name": "Peanut - Roasted, Salted", "product_brand": "Cornitos", "combo": []}, {"category": "Gourmet & World Food", "sub_category_name": "Snacks, Dry Fruits, Nuts", "product_name": "Cashew - W320", "product_brand": "REGENCY", "combo": []}, {"category": "Gourmet & World Food", "sub_category_name": "Snacks, Dry Fruits, Nuts", "product_name": "Nacho Crisps - Sizzlin Jalapeno", "product_brand": "Cornitos", "combo": []}, {"category": "Gourmet & World Food", "sub_category_name": "Snacks, Dry Fruits, Nuts", "product_name": "Pumpkin Seeds - Roasted", "product_brand": "True Elements", "combo": []}, {"category": "Gourmet & World Food", "sub_category_name": "Snacks, Dry Fruits, Nuts", "product_name": "Snacks - Roasted Sprouted Mixture Plain", "product_brand": "GoodDiet", "combo": []}, {"category": "Gourmet & World Food", "sub_category_name": "Snacks, Dry Fruits, Nuts", "product_name": "Snacks - Roasted Peanuts Wasabi", "product_brand": "GoodDiet", "combo": []}, {"category": "Gourmet & World Food", "sub_category_name": "Snacks, Dry Fruits, Nuts", "product_name": "Dry Apricot", "product_brand": "REGENCY", "combo": []}, {"category": "Gourmet & World Food", "sub_category_name": "Snacks, Dry Fruits, Nuts", "product_name": "Nachos - Quinoa", "product_brand": "Cornitos", "combo": []}, {"category": "Gourmet & World Food", "sub_category_name": "Snacks, Dry Fruits, Nuts", "product_name": "Snacks - Roasted Chana Jor Lime", "product_brand": "GoodDiet", "combo": []}, {"category": "Gourmet & World Food", "sub_category_name": "Snacks, Dry Fruits, Nuts", "product_name": "Healthy Snacks Soya - Sticks 150 gm Pouch", "product_brand": "Healthy Snacks", "combo": []}, {"category": "Gourmet & World Food", "sub_category_name": "Snacks, Dry Fruits, Nuts", "product_name": "Nacho Chips - Sizzlin' Schezwan", "product_brand": "Tex Mex Salsalito", "combo": [["45 g", "30.00"], ["150 g", "90.00"]]}, {"category": "Gourmet & World Food", "sub_category_name": "Snacks, Dry Fruits, Nuts", "product_name": "Protein Variety Bar - Chocolate Brownie, Cranberry, Almond Fudge, Hazelnut", "product_brand": "Yoga bar", "combo": []}, {"category": "Gourmet & World Food", "sub_category_name": "Snacks, Dry Fruits, Nuts", "product_name": "Oats - Rolled 500 g + Chia Seeds 100 g", "product_brand": "By Nature", "combo": []}, {"category": "Gourmet & World Food", "sub_category_name": "Snacks, Dry Fruits, Nuts", "product_name": "On The4 Go - Jalapeno Nachos & Salsa Dip", "product_brand": "Cornitos", "combo": []}, {"category": "Gourmet & World Food", "sub_category_name": "Snacks, Dry Fruits, Nuts", "product_name": "Snacks - Roasted Peanuts Olive n Herbs", "product_brand": "GoodDiet", "combo": []}, {"category": "Gourmet & World Food", "sub_category_name": "Snacks, Dry Fruits, Nuts", "product_name": "Nacho Chips - Sweet Chilli", "product_brand": "Makino", "combo": [["60 g", "28.00"], ["2x60 g", "56.00"], ["150 g", "68.00"]]}, {"category": "Gourmet & World Food", "sub_category_name": "Snacks, Dry Fruits, Nuts", "product_name": "Cashew Nuts - Salted", "product_brand": "Tong Garden", "combo": [["40 g", "75.00"], ["160 g", "265.50"], ["2x40 g", "150.00"], ["4x40 g", "300.00"]]}, {"category": "Gourmet & World Food", "sub_category_name": "Snacks, Dry Fruits, Nuts", "product_name": "Cashew - W240", "product_brand": "REGENCY", "combo": []}, {"category": "Gourmet & World Food", "sub_category_name": "Snacks, Dry Fruits, Nuts", "product_name": "Wasabi Coated Green Peas", "product_brand": "Tong Garden", "combo": []}, {"category": "Gourmet & World Food", "sub_category_name": "Snacks, Dry Fruits, Nuts", "product_name": "Tortilla Chips - Salted", "product_brand": "Tex Mex Salsalito", "combo": []}, {"category": "Gourmet & World Food", "sub_category_name": "Snacks, Dry Fruits, Nuts", "product_name": "Peanut - Roasted, Salted", "product_brand": "Cornitos", "combo": []}, {"category": "Gourmet & World Food", "sub_category_name": "Snacks, Dry Fruits, Nuts", "product_name": "Cashew - W320", "product_brand": "REGENCY", "combo": []}, {"category": "Gourmet & World Food", "sub_category_name": "Snacks, Dry Fruits, Nuts", "product_name": "Nacho Crisps - Sizzlin Jalapeno", "product_brand": "Cornitos", "combo": []}, {"category": "Gourmet & World Food", "sub_category_name": "Snacks, Dry Fruits, Nuts", "product_name": "Pumpkin Seeds - Roasted", "product_brand": "True Elements", "combo": []}, {"category": "Gourmet & World Food", "sub_category_name": "Snacks, Dry Fruits, Nuts", "product_name": "Snacks - Roasted Sprouted Mixture Plain", "product_brand": "GoodDiet", "combo": []}, {"category": "Gourmet & World Food", "sub_category_name": "Snacks, Dry Fruits, Nuts", "product_name": "Snacks - Roasted Peanuts Wasabi", "product_brand": "GoodDiet", "combo": []}, {"category": "Gourmet & World Food", "sub_category_name": "Snacks, Dry Fruits, Nuts", "product_name": "Dry Apricot", "product_brand": "REGENCY", "combo": []}, {"category": "Gourmet & World Food", "sub_category_name": "Snacks, Dry Fruits, Nuts", "product_name": "Nachos - Quinoa", "product_brand": "Cornitos", "combo": []}, {"category": "Gourmet & World Food", "sub_category_name": "Snacks, Dry Fruits, Nuts", "product_name": "Snacks - Roasted Chana Jor Lime", "product_brand": "GoodDiet", "combo": []}, {"category": "Gourmet & World Food", "sub_category_name": "Snacks, Dry Fruits, Nuts", "product_name": "Healthy Snacks Soya - Sticks 150 gm Pouch", "product_brand": "Healthy Snacks", "combo": []}, {"category": "Gourmet & World Food", "sub_category_name": "Snacks, Dry Fruits, Nuts", "product_name": "Nacho Chips - Sizzlin' Schezwan", "product_brand": "Tex Mex Salsalito", "combo": [["45 g", "30.00"], ["150 g", "90.00"]]}, {"category": "Gourmet & World Food", "sub_category_name": "Snacks, Dry Fruits, Nuts", "product_name": "Protein Variety Bar - Chocolate Brownie, Cranberry, Almond Fudge, Hazelnut", "product_brand": "Yoga bar", "combo": []}, {"category": "Gourmet & World Food", "sub_category_name": "Snacks, Dry Fruits, Nuts", "product_name": "Oats - Rolled 500 g + Chia Seeds 100 g", "product_brand": "By Nature", "combo": []}, {"category": "Gourmet & World Food", "sub_category_name": "Snacks, Dry Fruits, Nuts", "product_name": "On The4 Go - Jalapeno Nachos & Salsa Dip", "product_brand": "Cornitos", "combo": []}, {"category": "Gourmet & World Food", "sub_category_name": "Snacks, Dry Fruits, Nuts", "product_name": "Snacks - Roasted Peanuts Olive n Herbs", "product_brand": "GoodDiet", "combo": []}, {"category": "Gourmet & World Food", "sub_category_name": "Snacks, Dry Fruits, Nuts", "product_name": "Nacho Chips - Sweet Chilli", "product_brand": "Makino", "combo": [["60 g", "28.00"], ["2x60 g", "56.00"], ["150 g", "68.00"]]}, {"category": "Gourmet & World Food", "sub_category_name": "Snacks, Dry Fruits, Nuts", "product_name": "Cashew Nuts - Salted", "product_brand": "Tong Garden", "combo": [["40 g", "75.00"], ["160 g", "265.50"], ["2x40 g", "150.00"], ["4x40 g", "300.00"]]}, {"category": "Gourmet & World Food", "sub_category_name": "Snacks, Dry Fruits, Nuts", "product_name": "Cashew - W240", "product_brand": "REGENCY", "combo": []}, {"category": "Gourmet & World Food", "sub_category_name": "Snacks, Dry Fruits, Nuts", "product_name": "Wasabi Coated Green Peas", "product_brand": "Tong Garden", "combo": []}, {"category": "Gourmet & World Food", "sub_category_name": "Snacks, Dry Fruits, Nuts", "product_name": "Tortilla Chips - Salted", "product_brand": "Tex Mex Salsalito", "combo": []}, {"category": "Gourmet & World Food", "sub_category_name": "Snacks, Dry Fruits, Nuts", "product_name": "Peanut - Roasted, Salted", "product_brand": "Cornitos", "combo": []}, {"category": "Gourmet & World Food", "sub_category_name": "Snacks, Dry Fruits, Nuts", "product_name": "Cashew - W320", "product_brand": "REGENCY", "combo": []}, {"category": "Gourmet & World Food", "sub_category_name": "Snacks, Dry Fruits, Nuts", "product_name": "Nacho Crisps - Sizzlin Jalapeno", "product_brand": "Cornitos", "combo": []}, {"category": "Gourmet & World Food", "sub_category_name": "Snacks, Dry Fruits, Nuts", "product_name": "Pumpkin Seeds - Roasted", "product_brand": "True Elements", "combo": []}, {"category": "Gourmet & World Food", "sub_category_name": "Snacks, Dry Fruits, Nuts", "product_name": "Snacks - Roasted Sprouted Mixture Plain", "product_brand": "GoodDiet", "combo": []}, {"category": "Gourmet & World Food", "sub_category_name": "Snacks, Dry Fruits, Nuts", "product_name": "Snacks - Roasted Peanuts Wasabi", "product_brand": "GoodDiet", "combo": []}, {"category": "Gourmet & World Food", "sub_category_name": "Snacks, Dry Fruits, Nuts", "product_name": "Dry Apricot", "product_brand": "REGENCY", "combo": []}, {"category": "Gourmet & World Food", "sub_category_name": "Snacks, Dry Fruits, Nuts", "product_name": "Nachos - Quinoa", "product_brand": "Cornitos", "combo": []}, {"category": "Gourmet & World Food", "sub_category_name": "Snacks, Dry Fruits, Nuts", "product_name": "Snacks - Roasted Chana Jor Lime", "product_brand": "GoodDiet", "combo": []}, {"category": "Gourmet & World Food", "sub_category_name": "Snacks, Dry Fruits, Nuts", "product_name": "Healthy Snacks Soya - Sticks 150 gm Pouch", "product_brand": "Healthy Snacks", "combo": []}, {"category": "Gourmet & World Food", "sub_category_name": "Snacks, Dry Fruits, Nuts", "product_name": "Nacho Chips - Sizzlin' Schezwan", "product_brand": "Tex Mex Salsalito", "combo": [["45 g", "30.00"], ["150 g", "90.00"]]}, {"category": "Gourmet & World Food", "sub_category_name": "Snacks, Dry Fruits, Nuts", "product_name": "Protein Variety Bar - Chocolate Brownie, Cranberry, Almond Fudge, Hazelnut", "product_brand": "Yoga bar", "combo": []}, {"category": "Gourmet & World Food", "sub_category_name": "Snacks, Dry Fruits, Nuts", "product_name": "Oats - Rolled 500 g + Chia Seeds 100 g", "product_brand": "By Nature", "combo": []}, {"category": "Gourmet & World Food", "sub_category_name": "Snacks, Dry Fruits, Nuts", "product_name": "On The4 Go - Jalapeno Nachos & Salsa Dip", "product_brand": "Cornitos", "combo": []}, {"category": "Gourmet & World Food", "sub_category_name": "Snacks, Dry Fruits, Nuts", "product_name": "Snacks - Roasted Peanuts Olive n Herbs", "product_brand": "GoodDiet", "combo": []}, {"category": "Gourmet & World Food", "sub_category_name": "Snacks, Dry Fruits, Nuts", "product_name": "Nacho Chips - Sweet Chilli", "product_brand": "Makino", "combo": [["60 g", "28.00"], ["2x60 g", "56.00"], ["150 g", "68.00"]]}, {"category": "Gourmet & World Food", "sub_category_name": "Snacks, Dry Fruits, Nuts", "product_name": "Cashew Nuts - Salted", "product_brand": "Tong Garden", "combo": [["40 g", "75.00"], ["160 g", "265.50"], ["2x40 g", "150.00"], ["4x40 g", "300.00"]]}, {"category": "Gourmet & World Food", "sub_category_name": "Snacks, Dry Fruits, Nuts", "product_name": "Cashew - W240", "product_brand": "REGENCY", "combo": []}, {"category": "Gourmet & World Food", "sub_category_name": "Snacks, Dry Fruits, Nuts", "product_name": "Wasabi Coated Green Peas", "product_brand": "Tong Garden", "combo": []}, {"category": "Gourmet & World Food", "sub_category_name": "Snacks, Dry Fruits, Nuts", "product_name": "Tortilla Chips - Salted", "product_brand": "Tex Mex Salsalito", "combo": []}, {"category": "Gourmet & World Food", "sub_category_name": "Snacks, Dry Fruits, Nuts", "product_name": "Peanut - Roasted, Salted", "product_brand": "Cornitos", "combo": []}, {"category": "Gourmet & World Food", "sub_category_name": "Snacks, Dry Fruits, Nuts", "product_name": "Cashew - W320", "product_brand": "REGENCY", "combo": []}, {"category": "Gourmet & World Food", "sub_category_name": "Snacks, Dry Fruits, Nuts", "product_name": "Nacho Crisps - Sizzlin Jalapeno", "product_brand": "Cornitos", "combo": []}, {"category": "Gourmet & World Food", "sub_category_name": "Snacks, Dry Fruits, Nuts", "product_name": "Pumpkin Seeds - Roasted", "product_brand": "True Elements", "combo": []}, {"category": "Gourmet & World Food", "sub_category_name": "Snacks, Dry Fruits, Nuts", "product_name": "Snacks - Roasted Sprouted Mixture Plain", "product_brand": "GoodDiet", "combo": []}, {"category": "Gourmet & World Food", "sub_category_name": "Snacks, Dry Fruits, Nuts", "product_name": "Snacks - Roasted Peanuts Wasabi", "product_brand": "GoodDiet", "combo": []}, {"category": "Gourmet & World Food", "sub_category_name": "Snacks, Dry Fruits, Nuts", "product_name": "Dry Apricot", "product_brand": "REGENCY", "combo": []}, {"category": "Gourmet & World Food", "sub_category_name": "Snacks, Dry Fruits, Nuts", "product_name": "Nachos - Quinoa", "product_brand": "Cornitos", "combo": []}, {"category": "Gourmet & World Food", "sub_category_name": "Snacks, Dry Fruits, Nuts", "product_name": "Snacks - Roasted Chana Jor Lime", "product_brand": "GoodDiet", "combo": []}, {"category": "Gourmet & World Food", "sub_category_name": "Snacks, Dry Fruits, Nuts", "product_name": "Healthy Snacks Soya - Sticks 150 gm Pouch", "product_brand": "Healthy Snacks", "combo": []}, {"category": "Gourmet & World Food", "sub_category_name": "Snacks, Dry Fruits, Nuts", "product_name": "Nacho Chips - Sizzlin' Schezwan", "product_brand": "Tex Mex Salsalito", "combo": [["45 g", "30.00"], ["150 g", "90.00"]]}, {"category": "Gourmet & World Food", "sub_category_name": "Snacks, Dry Fruits, Nuts", "product_name": "Protein Variety Bar - Chocolate Brownie, Cranberry, Almond Fudge, Hazelnut", "product_brand": "Yoga bar", "combo": []}, {"category": "Gourmet & World Food", "sub_category_name": "Snacks, Dry Fruits, Nuts", "product_name": "Oats - Rolled 500 g + Chia Seeds 100 g", "product_brand": "By Nature", "combo": []}, {"category": "Gourmet & World Food", "sub_category_name": "Snacks, Dry Fruits, Nuts", "product_name": "On The4 Go - Jalapeno Nachos & Salsa Dip", "product_brand": "Cornitos", "combo": []}, {"category": "Gourmet & World Food", "sub_category_name": "Snacks, Dry Fruits, Nuts", "product_name": "Snacks - Roasted Peanuts Olive n Herbs", "product_brand": "GoodDiet", "combo": []}, {"category": "Gourmet & World Food", "sub_category_name": "Snacks, Dry Fruits, Nuts", "product_name": "Nacho Chips - Sweet Chilli", "product_brand": "Makino", "combo": [["60 g", "28.00"], ["2x60 g", "56.00"], ["150 g", "68.00"]]}, {"category": "Gourmet & World Food", "sub_category_name": "Snacks, Dry Fruits, Nuts", "product_name": "Cashew Nuts - Salted", "product_brand": "Tong Garden", "combo": [["40 g", "75.00"], ["160 g", "265.50"], ["2x40 g", "150.00"], ["4x40 g", "300.00"]]}, {"category": "Gourmet & World Food", "sub_category_name": "Snacks, Dry Fruits, Nuts", "product_name": "Cashew - W240", "product_brand": "REGENCY", "combo": []}, {"category": "Gourmet & World Food", "sub_category_name": "Snacks, Dry Fruits, Nuts", "product_name": "Wasabi Coated Green Peas", "product_brand": "Tong Garden", "combo": []}, {"category": "Gourmet & World Food", "sub_category_name": "Snacks, Dry Fruits, Nuts", "product_name": "Tortilla Chips - Salted", "product_brand": "Tex Mex Salsalito", "combo": []}, {"category": "Gourmet & World Food", "sub_category_name": "Snacks, Dry Fruits, Nuts", "product_name": "Peanut - Roasted, Salted", "product_brand": "Cornitos", "combo": []}, {"category": "Gourmet & World Food", "sub_category_name": "Snacks, Dry Fruits, Nuts", "product_name": "Cashew - W320", "product_brand": "REGENCY", "combo": []}, {"category": "Gourmet & World Food", "sub_category_name": "Snacks, Dry Fruits, Nuts", "product_name": "Nacho Crisps - Sizzlin Jalapeno", "product_brand": "Cornitos", "combo": []}, {"category": "Gourmet & World Food", "sub_category_name": "Snacks, Dry Fruits, Nuts", "product_name": "Pumpkin Seeds - Roasted", "product_brand": "True Elements", "combo": []}, {"category": "Gourmet & World Food", "sub_category_name": "Snacks, Dry Fruits, Nuts", "product_name": "Snacks - Roasted Sprouted Mixture Plain", "product_brand": "GoodDiet", "combo": []}, {"category": "Gourmet & World Food", "sub_category_name": "Snacks, Dry Fruits, Nuts", "product_name": "Snacks - Roasted Peanuts Wasabi", "product_brand": "GoodDiet", "combo": []}, {"category": "Gourmet & World Food", "sub_category_name": "Snacks, Dry Fruits, Nuts", "product_name": "Dry Apricot", "product_brand": "REGENCY", "combo": []}, {"category": "Gourmet & World Food", "sub_category_name": "Snacks, Dry Fruits, Nuts", "product_name": "Nachos - Quinoa", "product_brand": "Cornitos", "combo": []}, {"category": "Gourmet & World Food", "sub_category_name": "Snacks, Dry Fruits, Nuts", "product_name": "Snacks - Roasted Chana Jor Lime", "product_brand": "GoodDiet", "combo": []}, {"category": "Gourmet & World Food", "sub_category_name": "Snacks, Dry Fruits, Nuts", "product_name": "Healthy Snacks Soya - Sticks 150 gm Pouch", "product_brand": "Healthy Snacks", "combo": []}, {"category": "Gourmet & World Food", "sub_category_name": "Snacks, Dry Fruits, Nuts", "product_name": "Nacho Chips - Sizzlin' Schezwan", "product_brand": "Tex Mex Salsalito", "combo": [["45 g", "30.00"], ["150 g", "90.00"]]}, {"category": "Gourmet & World Food", "sub_category_name": "Snacks, Dry Fruits, Nuts", "product_name": "Chilli Flavoured Broad Beans With Skin", "product_brand": "Tong Garden", "combo": []}, {"category": "Gourmet & World Food", "sub_category_name": "Snacks, Dry Fruits, Nuts", "product_name": "Crunchy Soya Chips", "product_brand": "Graminway", "combo": []}, {"category": "Gourmet & World Food", "sub_category_name": "Snacks, Dry Fruits, Nuts", "product_name": "Corn Chips - Red Chilli Chatka", "product_brand": "Makino", "combo": []}, {"category": "Gourmet & World Food", "sub_category_name": "Snacks, Dry Fruits, Nuts", "product_name": "Roasted Almonds - Smoky Barbeque", "product_brand": "Cornitos", "combo": []}, {"category": "Gourmet & World Food", "sub_category_name": "Snacks, Dry Fruits, Nuts", "product_name": "Sunflower Seeds - Honey Flavour", "product_brand": "Tong Garden", "combo": []}, {"category": "Gourmet & World Food", "sub_category_name": "Snacks, Dry Fruits, Nuts", "product_name": "Corn Twist - Pizza", "product_brand": "Makino", "combo": []}, {"category": "Gourmet & World Food", "sub_category_name": "Snacks, Dry Fruits, Nuts", "product_name": "Nacho Crisps - Tikka Masala", "product_brand": "Cornitos", "combo": []}, {"category": "Gourmet & World Food", "sub_category_name": "Snacks, Dry Fruits, Nuts", "product_name": "Raw Seeds - Sunflower Pumpkin Flax Seeds", "product_brand": "True Elements", "combo": []}, {"category": "Gourmet & World Food", "sub_category_name": "Snacks, Dry Fruits, Nuts", "product_name": "Guava Dry Fruit", "product_brand": "Fresho Signature", "combo": [["4x50 g", "244.40"], ["6x50 g", "362.70"], ["50 g", "65.00"]]}, {"category": "Gourmet & World Food", "sub_category_name": "Snacks, Dry Fruits, Nuts", "product_name": "Sunflower Seeds - B.B.Q", "product_brand": "Tong Garden", "combo": []}, {"category": "Gourmet & World Food", "sub_category_name": "Snacks, Dry Fruits, Nuts", "product_name": "Peanut - Premium Salted", "product_brand": "Cornitos", "combo": []}, {"category": "Gourmet & World Food", "sub_category_name": "Snacks, Dry Fruits, Nuts", "product_name": "Snacks - Roasted Peanuts Cheese n Onion", "product_brand": "GoodDiet", "combo": []}, {"category": "Gourmet & World Food", "sub_category_name": "Snacks, Dry Fruits, Nuts", "product_name": "Frozen Mix Berries", "product_brand": "Delishh", "combo": []}, {"category": "Gourmet & World Food", "sub_category_name": "Snacks, Dry Fruits, Nuts", "product_name": "Antioxidant Mix", "product_brand": "True Elements", "combo": []}, {"category": "Gourmet & World Food", "sub_category_name": "Snacks, Dry Fruits, Nuts", "product_name": "Cheese Popcorn - Hawaiian Barbeque", "product_brand": "4700BC", "combo": [["75 g", "80.10"], ["20 g", "20.00"], ["35 g", "35.10"]]}, {"category": "Gourmet & World Food", "sub_category_name": "Snacks, Dry Fruits, Nuts", "product_name": "Raw Sunflower Seeds", "product_brand": "True Elements", "combo": [["250 g", "175.00"], ["150 g", "125.00"]]}, {"category": "Gourmet & World Food", "sub_category_name": "Snacks, Dry Fruits, Nuts", "product_name": "Healthy Nutmix - Premium International", "product_brand": "Happilo", "combo": [["2x200 g", "547.50"], ["200 g", "292.00"]]}, {"category": "Gourmet & World Food", "sub_category_name": "Snacks, Dry Fruits, Nuts", "product_name": "Cashew Nuts - Whole, 100% Natural Premium King Size", "product_brand": "Happilo", "combo": [["2x200 g", "511.00"], ["200 g", "273.75"]]}, {"category": "Gourmet & World Food", "sub_category_name": "Snacks, Dry Fruits, Nuts", "product_name": "Sunflower Pumpkin & Flax Seeds - Roasted, Cranberries, Harippa", "product_brand": "True Elements", "combo": []}, {"category": "Gourmet & World Food", "sub_category_name": "Snacks, Dry Fruits, Nuts", "product_name": "Coated Green Peas - Hot & Spicy", "product_brand": "Cornitos", "combo": []}, {"category": "Gourmet & World Food", "sub_category_name": "Snacks, Dry Fruits, Nuts", "product_name": "Chilli Flavoured Broad Beans With Skin", "product_brand": "Tong Garden", "combo": []}, {"category": "Gourmet & World Food", "sub_category_name": "Snacks, Dry Fruits, Nuts", "product_name": "Crunchy Soya Chips", "product_brand": "Graminway", "combo": []}, {"category": "Gourmet & World Food", "sub_category_name": "Snacks, Dry Fruits, Nuts", "product_name": "Corn Chips - Red Chilli Chatka", "product_brand": "Makino", "combo": []}, {"category": "Gourmet & World Food", "sub_category_name": "Snacks, Dry Fruits, Nuts", "product_name": "Roasted Almonds - Smoky Barbeque", "product_brand": "Cornitos", "combo": []}, {"category": "Gourmet & World Food", "sub_category_name": "Snacks, Dry Fruits, Nuts", "product_name": "Sunflower Seeds - Honey Flavour", "product_brand": "Tong Garden", "combo": []}, {"category": "Gourmet & World Food", "sub_category_name": "Snacks, Dry Fruits, Nuts", "product_name": "Corn Twist - Pizza", "product_brand": "Makino", "combo": []}, {"category": "Gourmet & World Food", "sub_category_name": "Snacks, Dry Fruits, Nuts", "product_name": "Nacho Crisps - Tikka Masala", "product_brand": "Cornitos", "combo": []}, {"category": "Gourmet & World Food", "sub_category_name": "Snacks, Dry Fruits, Nuts", "product_name": "Raw Seeds - Sunflower Pumpkin Flax Seeds", "product_brand": "True Elements", "combo": []}, {"category": "Gourmet & World Food", "sub_category_name": "Snacks, Dry Fruits, Nuts", "product_name": "Guava Dry Fruit", "product_brand": "Fresho Signature", "combo": [["4x50 g", "244.40"], ["6x50 g", "362.70"], ["50 g", "65.00"]]}, {"category": "Gourmet & World Food", "sub_category_name": "Snacks, Dry Fruits, Nuts", "product_name": "Sunflower Seeds - B.B.Q", "product_brand": "Tong Garden", "combo": []}, {"category": "Gourmet & World Food", "sub_category_name": "Snacks, Dry Fruits, Nuts", "product_name": "Peanut - Premium Salted", "product_brand": "Cornitos", "combo": []}, {"category": "Gourmet & World Food", "sub_category_name": "Snacks, Dry Fruits, Nuts", "product_name": "Snacks - Roasted Peanuts Cheese n Onion", "product_brand": "GoodDiet", "combo": []}, {"category": "Gourmet & World Food", "sub_category_name": "Snacks, Dry Fruits, Nuts", "product_name": "Frozen Mix Berries", "product_brand": "Delishh", "combo": []}, {"category": "Gourmet & World Food", "sub_category_name": "Snacks, Dry Fruits, Nuts", "product_name": "Antioxidant Mix", "product_brand": "True Elements", "combo": []}, {"category": "Gourmet & World Food", "sub_category_name": "Snacks, Dry Fruits, Nuts", "product_name": "Cheese Popcorn - Hawaiian Barbeque", "product_brand": "4700BC", "combo": [["75 g", "80.10"], ["20 g", "20.00"], ["35 g", "35.10"]]}, {"category": "Gourmet & World Food", "sub_category_name": "Snacks, Dry Fruits, Nuts", "product_name": "Raw Sunflower Seeds", "product_brand": "True Elements", "combo": [["250 g", "175.00"], ["150 g", "125.00"]]}, {"category": "Gourmet & World Food", "sub_category_name": "Snacks, Dry Fruits, Nuts", "product_name": "Healthy Nutmix - Premium International", "product_brand": "Happilo", "combo": [["2x200 g", "547.50"], ["200 g", "292.00"]]}, {"category": "Gourmet & World Food", "sub_category_name": "Snacks, Dry Fruits, Nuts", "product_name": "Cashew Nuts - Whole, 100% Natural Premium King Size", "product_brand": "Happilo", "combo": [["2x200 g", "511.00"], ["200 g", "273.75"]]}, {"category": "Gourmet & World Food", "sub_category_name": "Snacks, Dry Fruits, Nuts", "product_name": "Sunflower Pumpkin & Flax Seeds - Roasted, Cranberries, Harippa", "product_brand": "True Elements", "combo": []}, {"category": "Gourmet & World Food", "sub_category_name": "Snacks, Dry Fruits, Nuts", "product_name": "Coated Green Peas - Hot & Spicy", "product_brand": "Cornitos", "combo": []}, {"category": "Gourmet & World Food", "sub_category_name": "Snacks, Dry Fruits, Nuts", "product_name": "Chilli Flavoured Broad Beans With Skin", "product_brand": "Tong Garden", "combo": []}, {"category": "Gourmet & World Food", "sub_category_name": "Snacks, Dry Fruits, Nuts", "product_name": "Crunchy Soya Chips", "product_brand": "Graminway", "combo": []}, {"category": "Gourmet & World Food", "sub_category_name": "Snacks, Dry Fruits, Nuts", "product_name": "Corn Chips - Red Chilli Chatka", "product_brand": "Makino", "combo": []}, {"category": "Gourmet & World Food", "sub_category_name": "Snacks, Dry Fruits, Nuts", "product_name": "Roasted Almonds - Smoky Barbeque", "product_brand": "Cornitos", "combo": []}, {"category": "Gourmet & World Food", "sub_category_name": "Snacks, Dry Fruits, Nuts", "product_name": "Sunflower Seeds - Honey Flavour", "product_brand": "Tong Garden", "combo": []}, {"category": "Gourmet & World Food", "sub_category_name": "Snacks, Dry Fruits, Nuts", "product_name": "Corn Twist - Pizza", "product_brand": "Makino", "combo": []}, {"category": "Gourmet & World Food", "sub_category_name": "Snacks, Dry Fruits, Nuts", "product_name": "Nacho Crisps - Tikka Masala", "product_brand": "Cornitos", "combo": []}, {"category": "Gourmet & World Food", "sub_category_name": "Snacks, Dry Fruits, Nuts", "product_name": "Raw Seeds - Sunflower Pumpkin Flax Seeds", "product_brand": "True Elements", "combo": []}, {"category": "Gourmet & World Food", "sub_category_name": "Snacks, Dry Fruits, Nuts", "product_name": "Guava Dry Fruit", "product_brand": "Fresho Signature", "combo": [["4x50 g", "244.40"], ["6x50 g", "362.70"], ["50 g", "65.00"]]}, {"category": "Gourmet & World Food", "sub_category_name": "Snacks, Dry Fruits, Nuts", "product_name": "Sunflower Seeds - B.B.Q", "product_brand": "Tong Garden", "combo": []}, {"category": "Gourmet & World Food", "sub_category_name": "Snacks, Dry Fruits, Nuts", "product_name": "Peanut - Premium Salted", "product_brand": "Cornitos", "combo": []}, {"category": "Gourmet & World Food", "sub_category_name": "Snacks, Dry Fruits, Nuts", "product_name": "Snacks - Roasted Peanuts Cheese n Onion", "product_brand": "GoodDiet", "combo": []}, {"category": "Gourmet & World Food", "sub_category_name": "Snacks, Dry Fruits, Nuts", "product_name": "Frozen Mix Berries", "product_brand": "Delishh", "combo": []}, {"category": "Gourmet & World Food", "sub_category_name": "Snacks, Dry Fruits, Nuts", "product_name": "Antioxidant Mix", "product_brand": "True Elements", "combo": []}, {"category": "Gourmet & World Food", "sub_category_name": "Snacks, Dry Fruits, Nuts", "product_name": "Cheese Popcorn - Hawaiian Barbeque", "product_brand": "4700BC", "combo": [["75 g", "80.10"], ["20 g", "20.00"], ["35 g", "35.10"]]}, {"category": "Gourmet & World Food", "sub_category_name": "Snacks, Dry Fruits, Nuts", "product_name": "Raw Sunflower Seeds", "product_brand": "True Elements", "combo": [["250 g", "175.00"], ["150 g", "125.00"]]}, {"category": "Gourmet & World Food", "sub_category_name": "Snacks, Dry Fruits, Nuts", "product_name": "Healthy Nutmix - Premium International", "product_brand": "Happilo", "combo": [["2x200 g", "547.50"], ["200 g", "292.00"]]}, {"category": "Gourmet & World Food", "sub_category_name": "Snacks, Dry Fruits, Nuts", "product_name": "Cashew Nuts - Whole, 100% Natural Premium King Size", "product_brand": "Happilo", "combo": [["2x200 g", "511.00"], ["200 g", "273.75"]]}, {"category": "Gourmet & World Food", "sub_category_name": "Snacks, Dry Fruits, Nuts", "product_name": "Sunflower Pumpkin & Flax Seeds - Roasted, Cranberries, Harippa", "product_brand": "True Elements", "combo": []}, {"category": "Gourmet & World Food", "sub_category_name": "Snacks, Dry Fruits, Nuts", "product_name": "Coated Green Peas - Hot & Spicy", "product_brand": "Cornitos", "combo": []}, {"category": "Gourmet & World Food", "sub_category_name": "Snacks, Dry Fruits, Nuts", "product_name": "King Medjoul Dates - Premium, International", "product_brand": "Happilo", "combo": []}, {"category": "Gourmet & World Food", "sub_category_name": "Snacks, Dry Fruits, Nuts", "product_name": "Roasted Chana Whole - Lime", "product_brand": "GoodDiet", "combo": []}, {"category": "Gourmet & World Food", "sub_category_name": "Snacks, Dry Fruits, Nuts", "product_name": "Pumpkin Seeds - Roasted, Salted", "product_brand": "Cornitos", "combo": []}, {"category": "Gourmet & World Food", "sub_category_name": "Snacks, Dry Fruits, Nuts", "product_name": "Popcorn - Hot 'n' Spicy", "product_brand": "American Garden", "combo": []}, {"category": "Gourmet & World Food", "sub_category_name": "Snacks, Dry Fruits, Nuts", "product_name": "Namkeen Snack Roasted - Seeds Trail Mix, Jalapeno", "product_brand": "GoodDiet", "combo": []}, {"category": "Gourmet & World Food", "sub_category_name": "Snacks, Dry Fruits, Nuts", "product_name": "5-in-1 Super Seeds Mix - Chia, Sunflower, Pumpkin, Flax & Watermelon", "product_brand": "True Elements", "combo": []}, {"category": "Gourmet & World Food", "sub_category_name": "Snacks, Dry Fruits, Nuts", "product_name": "Dry Fruit Black Grape", "product_brand": "Fresho Signature", "combo": []}, {"category": "Gourmet & World Food", "sub_category_name": "Snacks, Dry Fruits, Nuts", "product_name": "Walnuts", "product_brand": "PureFoods", "combo": [["454 g", "920.00"], ["227 g", "480.00"]]}, {"category": "Gourmet & World Food", "sub_category_name": "Snacks, Dry Fruits, Nuts", "product_name": "Cashew - W240", "product_brand": "REGENCY", "combo": []}, {"category": "Gourmet & World Food", "sub_category_name": "Snacks, Dry Fruits, Nuts", "product_name": "Californian Premium Sweet Dried - Sliced Cranberries", "product_brand": "Happilo", "combo": []}, {"category": "Gourmet & World Food", "sub_category_name": "Snacks, Dry Fruits, Nuts", "product_name": "Whey Protein Bar - Almond Fudge", "product_brand": "Yoga bar", "combo": []}, {"category": "Gourmet & World Food", "sub_category_name": "Snacks, Dry Fruits, Nuts", "product_name": "Chips - Pita, Baked, Tangy Cheese, Multigrain", "product_brand": "Appitas", "combo": [["60 g", "34.00"], ["150 g", "80.75"]]}, {"category": "Gourmet & World Food", "sub_category_name": "Snacks, Dry Fruits, Nuts", "product_name": "Quinoa Puffs - Spicy Garlic", "product_brand": "GoodDiet", "combo": [["30 g", "17.00"], ["5x30 g", "70.00"]]}, {"category": "Gourmet & World Food", "sub_category_name": "Snacks, Dry Fruits, Nuts", "product_name": "Wasabi Coated Green Peas", "product_brand": "Tong Garden", "combo": []}, {"category": "Gourmet & World Food", "sub_category_name": "Snacks, Dry Fruits, Nuts", "product_name": "Chips - Pita, Parmesan And Mediterranean", "product_brand": "Appitas", "combo": [["60 g", "34.00"], ["150 g", "80.75"]]}, {"category": "Gourmet & World Food", "sub_category_name": "Snacks, Dry Fruits, Nuts", "product_name": "Roasted Cashews - Pepper & Herbs", "product_brand": "Cornitos", "combo": []}, {"category": "Gourmet & World Food", "sub_category_name": "Snacks, Dry Fruits, Nuts", "product_name": "Flax Seed Powder", "product_brand": "NUTRIWISH", "combo": [["500 g", "225.00"], ["1 kg", "405.00"]]}, {"category": "Gourmet & World Food", "sub_category_name": "Snacks, Dry Fruits, Nuts", "product_name": "Walnut In Shell - Premium", "product_brand": "REGENCY", "combo": []}, {"category": "Gourmet & World Food", "sub_category_name": "Snacks, Dry Fruits, Nuts", "product_name": "Flax Seeds - Roasted", "product_brand": "True Elements", "combo": []}, {"category": "Gourmet & World Food", "sub_category_name": "Snacks, Dry Fruits, Nuts", "product_name": "Breakfast Protein Bar - Apricot Fig", "product_brand": "Yoga bar", "combo": []}, {"category": "Gourmet & World Food", "sub_category_name": "Snacks, Dry Fruits, Nuts", "product_name": "Almonds - Classic", "product_brand": "Rostaa", "combo": [["35 g", "60.00"], ["200 g", "280.00"]]}, {"category": "Gourmet & World Food", "sub_category_name": "Snacks, Dry Fruits, Nuts", "product_name": "Corn Twist - Honey Butter", "product_brand": "Makino", "combo": []}, {"category": "Gourmet & World Food", "sub_category_name": "Snacks, Dry Fruits, Nuts", "product_name": "No Onion No Garlic Nacho Chips - Jalapeno", "product_brand": "Makino", "combo": []}, {"category": "Gourmet & World Food", "sub_category_name": "Snacks, Dry Fruits, Nuts", "product_name": "Protein Bars - Cocoa", "product_brand": "Flat Tummies", "combo": []}, {"category": "Gourmet & World Food", "sub_category_name": "Snacks, Dry Fruits, Nuts", "product_name": "Roasted Pumpkin Seeds", "product_brand": "True Elements", "combo": []}, {"category": "Gourmet & World Food", "sub_category_name": "Snacks, Dry Fruits, Nuts", "product_name": "Premium Internationa l- Trial Mix 200G+Healthy Nutmix 200G+Salted Party Mix 200G", "product_brand": "Happilo", "combo": []}, {"category": "Gourmet & World Food", "sub_category_name": "Snacks, Dry Fruits, Nuts", "product_name": "Organic Chia Seeds", "product_brand": "Slurrp Farm", "combo": []}, {"category": "Gourmet & World Food", "sub_category_name": "Snacks, Dry Fruits, Nuts", "product_name": "Seasame Seeds - Organic, USDA Certified", "product_brand": "Geo-Fresh", "combo": []}, {"category": "Gourmet & World Food", "sub_category_name": "Snacks, Dry Fruits, Nuts", "product_name": "7-in-1 Super Seeds & Nut Mix - Pumpkin, Watermelon, Sunflower, Flax, Soyanuts, White Sesame & Chia Seeds", "product_brand": "True Elements", "combo": []}, {"category": "Gourmet & World Food", "sub_category_name": "Snacks, Dry Fruits, Nuts", "product_name": "Multigrain Energy Bar - Cashew Orange Zest", "product_brand": "Yoga bar", "combo": []}, {"category": "Gourmet & World Food", "sub_category_name": "Snacks, Dry Fruits, Nuts", "product_name": "Multigrain Energy Bar - Nuts n Seed", "product_brand": "Yoga bar", "combo": []}, {"category": "Gourmet & World Food", "sub_category_name": "Snacks, Dry Fruits, Nuts", "product_name": "Breakfast Protein Bar - Apple Cinnamon", "product_brand": "Yoga bar", "combo": []}, {"category": "Gourmet & World Food", "sub_category_name": "Snacks, Dry Fruits, Nuts", "product_name": "Breakfast Protein Bar - Apricot & Fig", "product_brand": "Yoga bar", "combo": []}, {"category": "Gourmet & World Food", "sub_category_name": "Snacks, Dry Fruits, Nuts", "product_name": "Snacks - Roasted Quinoa Puff Wasabi", "product_brand": "GoodDiet", "combo": []}, {"category": "Gourmet & World Food", "sub_category_name": "Snacks, Dry Fruits, Nuts", "product_name": "Whey Protein Bar - Baked Brownie", "product_brand": "Yoga bar", "combo": []}, {"category": "Gourmet & World Food", "sub_category_name": "Snacks, Dry Fruits, Nuts", "product_name": "Cashew - Roasted, Salted", "product_brand": "Bhavnagari Dryfruit Store", "combo": []}, {"category": "Gourmet & World Food", "sub_category_name": "Snacks, Dry Fruits, Nuts", "product_name": "Coated Green Peas - Hot & Spicy", "product_brand": "Cornitos", "combo": []}, {"category": "Gourmet & World Food", "sub_category_name": "Snacks, Dry Fruits, Nuts", "product_name": "Flax Seeds - Organic, USDA Certified", "product_brand": "Geo-Fresh", "combo": []}, {"category": "Gourmet & World Food", "sub_category_name": "Snacks, Dry Fruits, Nuts", "product_name": "Quinoa, Pumpkin & Melon Seeds - Cheese n Onion", "product_brand": "GoodDiet", "combo": []}, {"category": "Gourmet & World Food", "sub_category_name": "Snacks, Dry Fruits, Nuts", "product_name": "Cashew Nuts - Salted", "product_brand": "Tong Garden", "combo": []}, {"category": "Gourmet & World Food", "sub_category_name": "Snacks, Dry Fruits, Nuts", "product_name": "Almonds - Classic", "product_brand": "Rostaa", "combo": [["35 g", "60.00"], ["200 g", "280.00"]]}, {"category": "Gourmet & World Food", "sub_category_name": "Snacks, Dry Fruits, Nuts", "product_name": "Corn Twist - Honey Butter", "product_brand": "Makino", "combo": []}, {"category": "Gourmet & World Food", "sub_category_name": "Snacks, Dry Fruits, Nuts", "product_name": "No Onion No Garlic Nacho Chips - Jalapeno", "product_brand": "Makino", "combo": []}, {"category": "Gourmet & World Food", "sub_category_name": "Snacks, Dry Fruits, Nuts", "product_name": "Protein Bars - Cocoa", "product_brand": "Flat Tummies", "combo": []}, {"category": "Gourmet & World Food", "sub_category_name": "Snacks, Dry Fruits, Nuts", "product_name": "Roasted Pumpkin Seeds", "product_brand": "True Elements", "combo": []}, {"category": "Gourmet & World Food", "sub_category_name": "Snacks, Dry Fruits, Nuts", "product_name": "Premium Internationa l- Trial Mix 200G+Healthy Nutmix 200G+Salted Party Mix 200G", "product_brand": "Happilo", "combo": []}, {"category": "Gourmet & World Food", "sub_category_name": "Snacks, Dry Fruits, Nuts", "product_name": "Organic Chia Seeds", "product_brand": "Slurrp Farm", "combo": []}, {"category": "Gourmet & World Food", "sub_category_name": "Snacks, Dry Fruits, Nuts", "product_name": "Seasame Seeds - Organic, USDA Certified", "product_brand": "Geo-Fresh", "combo": []}, {"category": "Gourmet & World Food", "sub_category_name": "Snacks, Dry Fruits, Nuts", "product_name": "7-in-1 Super Seeds & Nut Mix - Pumpkin, Watermelon, Sunflower, Flax, Soyanuts, White Sesame & Chia Seeds", "product_brand": "True Elements", "combo": []}, {"category": "Gourmet & World Food", "sub_category_name": "Snacks, Dry Fruits, Nuts", "product_name": "Multigrain Energy Bar - Cashew Orange Zest", "product_brand": "Yoga bar", "combo": []}, {"category": "Gourmet & World Food", "sub_category_name": "Snacks, Dry Fruits, Nuts", "product_name": "Multigrain Energy Bar - Nuts n Seed", "product_brand": "Yoga bar", "combo": []}, {"category": "Gourmet & World Food", "sub_category_name": "Snacks, Dry Fruits, Nuts", "product_name": "Breakfast Protein Bar - Apple Cinnamon", "product_brand": "Yoga bar", "combo": []}, {"category": "Gourmet & World Food", "sub_category_name": "Snacks, Dry Fruits, Nuts", "product_name": "Breakfast Protein Bar - Apricot & Fig", "product_brand": "Yoga bar", "combo": []}, {"category": "Gourmet & World Food", "sub_category_name": "Snacks, Dry Fruits, Nuts", "product_name": "Snacks - Roasted Quinoa Puff Wasabi", "product_brand": "GoodDiet", "combo": []}, {"category": "Gourmet & World Food", "sub_category_name": "Snacks, Dry Fruits, Nuts", "product_name": "Whey Protein Bar - Baked Brownie", "product_brand": "Yoga bar", "combo": []}, {"category": "Gourmet & World Food", "sub_category_name": "Snacks, Dry Fruits, Nuts", "product_name": "Cashew - Roasted, Salted", "product_brand": "Bhavnagari Dryfruit Store", "combo": []}, {"category": "Gourmet & World Food", "sub_category_name": "Snacks, Dry Fruits, Nuts", "product_name": "Coated Green Peas - Hot & Spicy", "product_brand": "Cornitos", "combo": []}, {"category": "Gourmet & World Food", "sub_category_name": "Snacks, Dry Fruits, Nuts", "product_name": "Flax Seeds - Organic, USDA Certified", "product_brand": "Geo-Fresh", "combo": []}, {"category": "Gourmet & World Food", "sub_category_name": "Snacks, Dry Fruits, Nuts", "product_name": "Quinoa, Pumpkin & Melon Seeds - Cheese n Onion", "product_brand": "GoodDiet", "combo": []}, {"category": "Gourmet & World Food", "sub_category_name": "Snacks, Dry Fruits, Nuts", "product_name": "Cashew Nuts - Salted", "product_brand": "Tong Garden", "combo": []}, {"category": "Gourmet & World Food", "sub_category_name": "Snacks, Dry Fruits, Nuts", "product_name": "Almonds - Classic", "product_brand": "Rostaa", "combo": [["35 g", "60.00"], ["200 g", "280.00"]]}, {"category": "Gourmet & World Food", "sub_category_name": "Snacks, Dry Fruits, Nuts", "product_name": "Corn Twist - Honey Butter", "product_brand": "Makino", "combo": []}, {"category": "Gourmet & World Food", "sub_category_name": "Snacks, Dry Fruits, Nuts", "product_name": "No Onion No Garlic Nacho Chips - Jalapeno", "product_brand": "Makino", "combo": []}, {"category": "Gourmet & World Food", "sub_category_name": "Snacks, Dry Fruits, Nuts", "product_name": "Protein Bars - Cocoa", "product_brand": "Flat Tummies", "combo": []}, {"category": "Gourmet & World Food", "sub_category_name": "Snacks, Dry Fruits, Nuts", "product_name": "Roasted Pumpkin Seeds", "product_brand": "True Elements", "combo": []}, {"category": "Gourmet & World Food", "sub_category_name": "Snacks, Dry Fruits, Nuts", "product_name": "Premium Internationa l- Trial Mix 200G+Healthy Nutmix 200G+Salted Party Mix 200G", "product_brand": "Happilo", "combo": []}, {"category": "Gourmet & World Food", "sub_category_name": "Snacks, Dry Fruits, Nuts", "product_name": "Organic Chia Seeds", "product_brand": "Slurrp Farm", "combo": []}, {"category": "Gourmet & World Food", "sub_category_name": "Snacks, Dry Fruits, Nuts", "product_name": "Seasame Seeds - Organic, USDA Certified", "product_brand": "Geo-Fresh", "combo": []}, {"category": "Gourmet & World Food", "sub_category_name": "Snacks, Dry Fruits, Nuts", "product_name": "7-in-1 Super Seeds & Nut Mix - Pumpkin, Watermelon, Sunflower, Flax, Soyanuts, White Sesame & Chia Seeds", "product_brand": "True Elements", "combo": []}, {"category": "Gourmet & World Food", "sub_category_name": "Snacks, Dry Fruits, Nuts", "product_name": "Multigrain Energy Bar - Cashew Orange Zest", "product_brand": "Yoga bar", "combo": []}, {"category": "Gourmet & World Food", "sub_category_name": "Snacks, Dry Fruits, Nuts", "product_name": "Multigrain Energy Bar - Nuts n Seed", "product_brand": "Yoga bar", "combo": []}, {"category": "Gourmet & World Food", "sub_category_name": "Snacks, Dry Fruits, Nuts", "product_name": "Breakfast Protein Bar - Apple Cinnamon", "product_brand": "Yoga bar", "combo": []}, {"category": "Gourmet & World Food", "sub_category_name": "Snacks, Dry Fruits, Nuts", "product_name": "Breakfast Protein Bar - Apricot & Fig", "product_brand": "Yoga bar", "combo": []}, {"category": "Gourmet & World Food", "sub_category_name": "Snacks, Dry Fruits, Nuts", "product_name": "Snacks - Roasted Quinoa Puff Wasabi", "product_brand": "GoodDiet", "combo": []}, {"category": "Gourmet & World Food", "sub_category_name": "Snacks, Dry Fruits, Nuts", "product_name": "Whey Protein Bar - Baked Brownie", "product_brand": "Yoga bar", "combo": []}, {"category": "Gourmet & World Food", "sub_category_name": "Snacks, Dry Fruits, Nuts", "product_name": "Cashew - Roasted, Salted", "product_brand": "Bhavnagari Dryfruit Store", "combo": []}, {"category": "Gourmet & World Food", "sub_category_name": "Snacks, Dry Fruits, Nuts", "product_name": "Coated Green Peas - Hot & Spicy", "product_brand": "Cornitos", "combo": []}, {"category": "Gourmet & World Food", "sub_category_name": "Snacks, Dry Fruits, Nuts", "product_name": "Flax Seeds - Organic, USDA Certified", "product_brand": "Geo-Fresh", "combo": []}, {"category": "Gourmet & World Food", "sub_category_name": "Snacks, Dry Fruits, Nuts", "product_name": "Quinoa, Pumpkin & Melon Seeds - Cheese n Onion", "product_brand": "GoodDiet", "combo": []}, {"category": "Gourmet & World Food", "sub_category_name": "Snacks, Dry Fruits, Nuts", "product_name": "Cashew Nuts - Salted", "product_brand": "Tong Garden", "combo": []}, {"category": "Gourmet & World Food", "sub_category_name": "Snacks, Dry Fruits, Nuts", "product_name": "Sunflower Seeds", "product_brand": "By Nature", "combo": []}, {"category": "Gourmet & World Food", "sub_category_name": "Snacks, Dry Fruits, Nuts", "product_name": "Multigrain Energy Bar - Vanilla Almond", "product_brand": "Yoga bar", "combo": []}, {"category": "Gourmet & World Food", "sub_category_name": "Snacks, Dry Fruits, Nuts", "product_name": "Sliced Cranberries - Soft & Moist", "product_brand": "Habit", "combo": []}, {"category": "Gourmet & World Food", "sub_category_name": "Snacks, Dry Fruits, Nuts", "product_name": "Alfalfa Seeds", "product_brand": "NUTRIWISH", "combo": []}, {"category": "Gourmet & World Food", "sub_category_name": "Snacks, Dry Fruits, Nuts", "product_name": "Roasted Watermelon Seeds", "product_brand": "True Elements", "combo": []}, {"category": "Gourmet & World Food", "sub_category_name": "Snacks, Dry Fruits, Nuts", "product_name": "Dried Whole Cranberries", "product_brand": "True Elements", "combo": []}, {"category": "Gourmet & World Food", "sub_category_name": "Snacks, Dry Fruits, Nuts", "product_name": "Dried Pitted Prune", "product_brand": "Tong Garden", "combo": []}, {"category": "Gourmet & World Food", "sub_category_name": "Snacks, Dry Fruits, Nuts", "product_name": "The Protein Bar - Cocoa 35 g + The Vitamin Bar - Orange 35 g", "product_brand": "Flat Tummies", "combo": []}, {"category": "Gourmet & World Food", "sub_category_name": "Snacks, Dry Fruits, Nuts", "product_name": "Caramel Popcorn - Orange Chilli", "product_brand": "4700BC", "combo": []}, {"category": "Gourmet & World Food", "sub_category_name": "Snacks, Dry Fruits, Nuts", "product_name": "Cherries - Dried", "product_brand": "Rostaa", "combo": []}, {"category": "Gourmet & World Food", "sub_category_name": "Snacks, Dry Fruits, Nuts", "product_name": "Tortilla - Original Wrap", "product_brand": "Tex Mex Salsalito", "combo": []}, {"category": "Gourmet & World Food", "sub_category_name": "Snacks, Dry Fruits, Nuts", "product_name": "Premium International Dried Kiwi", "product_brand": "Happilo", "combo": []}, {"category": "Gourmet & World Food", "sub_category_name": "Snacks, Dry Fruits, Nuts", "product_name": "Cashew - Pepper Roasted & Salted", "product_brand": "Rostaa", "combo": []}, {"category": "Gourmet & World Food", "sub_category_name": "Snacks, Dry Fruits, Nuts", "product_name": "Raw Chia Seeds - Premium", "product_brand": "NUTRIWISH", "combo": []}, {"category": "Gourmet & World Food", "sub_category_name": "Snacks, Dry Fruits, Nuts", "product_name": "Sunflower Seeds - Premium Raw", "product_brand": "NUTRIWISH", "combo": [["200 g", "180.00"], ["600 g", "360.00"]]}, {"category": "Gourmet & World Food", "sub_category_name": "Snacks, Dry Fruits, Nuts", "product_name": "Cheese Popcorn - Sour Cream & Wasabi", "product_brand": "4700BC", "combo": []}, {"category": "Gourmet & World Food", "sub_category_name": "Snacks, Dry Fruits, Nuts", "product_name": "White Chia Seeds", "product_brand": "By Nature", "combo": []}, {"category": "Gourmet & World Food", "sub_category_name": "Snacks, Dry Fruits, Nuts", "product_name": "Sun Gift Dried Cranberries", "product_brand": "Tong Garden", "combo": []}, {"category": "Gourmet & World Food", "sub_category_name": "Snacks, Dry Fruits, Nuts", "product_name": "Pistachios - Salted", "product_brand": "Tong Garden", "combo": []}]