[{"category": "Beverages", "sub_category_name": "Energy & Soft Drinks", "product_name": "Soft Drink", "product_brand": "Thums Up", "combo": [["24x1.25 L", "1140.00"], ["2x1.75 L", "128.00"], ["2x1.25 L", "100.00"], ["1.25 L", "50.00"], ["2 L", "87.00"], ["600 ml", "36.00"], ["2x2 L", "174.00"], ["1.75 L", "64.00"], ["2x600 ml", "72.00"], ["6x1.75 L", "364.80"], ["12x1.75 L", "729.60"], ["24x1.75 L", "1459.20"], ["6x1.25 L", "285.00"], ["12x1.25 L", "570.00"]]}, {"category": "Beverages", "sub_category_name": "Energy & Soft Drinks", "product_name": "Sparkling Water - Club Soda", "product_brand": "Kinley", "combo": [["750 ml", "14.25"], ["2x750 ml", "28.50"]]}, {"category": "Beverages", "sub_category_name": "Energy & Soft Drinks", "product_name": "Soft Drink", "product_brand": "Sprite", "combo": [["2 L", "87.00"], ["1.25 L", "50.00"], ["24x1.75 L", "1459.20"], ["6x1.75 L", "364.80"], ["12x1.75 L", "729.60"], ["1.75 L", "64.00"], ["6x1.25 L", "285.00"], ["12x1.25 L", "570.00"], ["24x1.25 L", "1140.00"], ["600 ml", "36.00"], ["2x2 L", "174.00"]]}, {"category": "Beverages", "sub_category_name": "Energy & Soft Drinks", "product_name": "Soft Drink", "product_brand": "Pepsi", "combo": [["600 ml", "29.87"], ["2.25 L", "79.20"], ["2x600 ml", "52.57"], ["2x2.25 L", "134.64"]]}, {"category": "Beverages", "sub_category_name": "Energy & Soft Drinks", "product_name": "Swag Can", "product_brand": "Pepsi", "combo": [["4x250 ml", "100.00"], ["250 ml", "25.00"], ["6x250 ml", "124.50"], ["250 ml", "25.00"], ["6x250 ml", "124.50"]]}, {"category": "Beverages", "sub_category_name": "Energy & Soft Drinks", "product_name": "Club Soda", "product_brand": "Dukes", "combo": [["2x750 ml", "36.00"], ["750 ml", "18.00"]]}, {"category": "Beverages", "sub_category_name": "Energy & Soft Drinks", "product_name": "Apple Juice Based Drink", "product_brand": "Appy Fizz", "combo": [["2x1 L", "110.00"], ["4x250 ml", "60.00"], ["600 ml", "33.00"], ["1 L", "55.00"], ["250 ml", "15.00"]]}, {"category": "Beverages", "sub_category_name": "Energy & Soft Drinks", "product_name": "Soda - Original Ginger Ale", "product_brand": "Schweppes", "combo": [["300 ml", "50.00"], ["6x300 ml", "300.00"]]}, {"category": "Beverages", "sub_category_name": "Energy & Soft Drinks", "product_name": "Soft Drink - Original Taste", "product_brand": "Coca-Cola", "combo": [["2x600 ml", "64.00"], ["6x1.75 L", "484.50"], ["12x1.75 L", "969.00"], ["24x1.75 L", "1938.00"], ["600 ml", "32.00"], ["1.75 L", "85.00"], ["3x600 ml", "96.00"], ["2x2 L", "174.00"], ["2 L", "87.00"]]}, {"category": "Beverages", "sub_category_name": "Energy & Soft Drinks", "product_name": "Soft Drink", "product_brand": "Mirinda", "combo": [["600 ml", "29.87"], ["2.25 L", "65.92"], ["2x600 ml", "52.57"], ["2x2.25 L", "112.06"]]}, {"category": "Beverages", "sub_category_name": "Energy & Soft Drinks", "product_name": "Kiwi Mojito", "product_brand": "Manama", "combo": []}, {"category": "Beverages", "sub_category_name": "Energy & Soft Drinks", "product_name": "Strawberry Mojito", "product_brand": "Manama", "combo": []}, {"category": "Beverages", "sub_category_name": "Energy & Soft Drinks", "product_name": "Energy Drink - Tropical Flavour, Yellow Edition", "product_brand": "Red Bull", "combo": [["4x250 ml", "414.00"], ["250 ml", "115.00"]]}, {"category": "Beverages", "sub_category_name": "Energy & Soft Drinks", "product_name": "Spcyi - Masala Maar Ke", "product_brand": "Bisleri", "combo": []}, {"category": "Beverages", "sub_category_name": "Energy & Soft Drinks", "product_name": "Fonzo - Mango With Fizzz", "product_brand": "Bisleri", "combo": []}, {"category": "Beverages", "sub_category_name": "Energy & Soft Drinks", "product_name": "Limonata - Limey Minty Cooler", "product_brand": "Bisleri", "combo": []}, {"category": "Beverages", "sub_category_name": "Energy & Soft Drinks", "product_name": "Soft Drink", "product_brand": "Mountain Dew", "combo": [["6x250 ml", "124.50"], ["4x250 ml", "100.00"], ["250 ml", "25.00"], ["12x250 ml", "300.00"]]}, {"category": "Beverages", "sub_category_name": "Energy & Soft Drinks", "product_name": "Indian Tonic Water", "product_brand": "Schweppes", "combo": [["300 ml", "47.90"], ["6x300 ml", "287.40"]]}, {"category": "Beverages", "sub_category_name": "Energy & Soft Drinks", "product_name": "Soft Drink - Lemon", "product_brand": "7 Up", "combo": [["6X250 ml", "124.50"], ["250 ml", "25.00"], ["4x250 ml", "100.00"]]}, {"category": "Beverages", "sub_category_name": "Energy & Soft Drinks", "product_name": "Soft Drink - Orange", "product_brand": "Mirinda", "combo": [["250 ml", "25.00"], ["6X250 ml", "124.50"], ["6X250 ml", "124.50"], ["4x250 ml", "100.00"], ["4x250 ml", "100.00"], ["250 ml", "25.00"]]}, {"category": "Beverages", "sub_category_name": "Energy & Soft Drinks", "product_name": "Energy Drink", "product_brand": "Red Bull", "combo": []}, {"category": "Beverages", "sub_category_name": "Energy & Soft Drinks", "product_name": "Energy Drink", "product_brand": "Red Bull", "combo": [["6X250 ml", "660.96"], ["4x250 ml", "440.64"], ["12X250 ml", "1321.92"], ["4x350 ml", "470.92"], ["250 ml", "110.16"], ["350 ml", "130.81"]]}, {"category": "Beverages", "sub_category_name": "Energy & Soft Drinks", "product_name": "Soft Drink", "product_brand": "7 Up", "combo": [["2.25 L", "79.20"], ["2x2.25 L", "134.64"], ["1.5 L", "63.75"]]}, {"category": "Beverages", "sub_category_name": "Energy & Soft Drinks", "product_name": "Soft Drink", "product_brand": "Mountain Dew", "combo": [["600 ml", "35.00"], ["2x600 ml", "61.60"]]}, {"category": "Beverages", "sub_category_name": "Energy & Soft Drinks", "product_name": "Pepsi Soft Drink 2.25 L + Slice Thickest Mango Drink 1.2 L", "product_brand": "bb Combo", "combo": []}, {"category": "Beverages", "sub_category_name": "Energy & Soft Drinks", "product_name": "Soft Drink - Orange Flavoured", "product_brand": "Fanta", "combo": []}, {"category": "Beverages", "sub_category_name": "Energy & Soft Drinks", "product_name": "Non Alcoholic Drink", "product_brand": "Hoegaarden 0.0", "combo": []}, {"category": "Beverages", "sub_category_name": "Energy & Soft Drinks", "product_name": "Drink - Energy", "product_brand": "Monster", "combo": [["350 ml", "75.19"], ["12x350 ml", "902.28"], ["3x350 ml", "225.57"], ["6x350 ml", "451.14"]]}, {"category": "Beverages", "sub_category_name": "Energy & Soft Drinks", "product_name": "Non-Alcoholic Beer", "product_brand": "Budweiser 0.0", "combo": []}, {"category": "Beverages", "sub_category_name": "Energy & Soft Drinks", "product_name": "Sports Drink - Lemon Flavour", "product_brand": "Gatorade", "combo": [["6x500 ml", "300.00"], ["500 ml", "50.00"]]}, {"category": "Beverages", "sub_category_name": "Energy & Soft Drinks", "product_name": "Sports Drink - Blue Bolt Flavour", "product_brand": "Gatorade", "combo": [["6x500 ml", "300.00"], ["500 ml", "50.00"]]}, {"category": "Beverages", "sub_category_name": "Energy & Soft Drinks", "product_name": "Instant Energy Health Drink - Tangy Orange, Refill", "product_brand": "Glucon-D", "combo": []}, {"category": "Beverages", "sub_category_name": "Energy & Soft Drinks", "product_name": "Radler - Non Alcoholic Malt Drink, Mint & Lime", "product_brand": "Kingfisher", "combo": [["300 ml", "30.90"], ["6 x 300 ml", "166.86"]]}, {"category": "Beverages", "sub_category_name": "Energy & Soft Drinks", "product_name": "Radler - Non Alcoholic Malt Drink, Ginger & Lime", "product_brand": "Kingfisher", "combo": []}, {"category": "Beverages", "sub_category_name": "Energy & Soft Drinks", "product_name": "Mojito - Lemon & Mint", "product_brand": "&Stirred", "combo": [["125 ml", "50.00"], ["3x125 ml", "150.00"], ["6x125 ml", "300.00"]]}, {"category": "Beverages", "sub_category_name": "Energy & Soft Drinks", "product_name": "Kamikaze Shots", "product_brand": "&Stirred", "combo": [["250 ml", "125.00"], ["4x250 ml", "500.00"], ["2x250 ml", "250.00"]]}, {"category": "Beverages", "sub_category_name": "Energy & Soft Drinks", "product_name": "Margarita - Lemon & Lime", "product_brand": "&Stirred", "combo": [["3x125 ml", "150.00"], ["125 ml", "50.00"]]}, {"category": "Beverages", "sub_category_name": "Energy & Soft Drinks", "product_name": "Radler - Non Alcoholic Malt Drink, Ginger & Lime", "product_brand": "Kingfisher", "combo": []}, {"category": "Beverages", "sub_category_name": "Energy & Soft Drinks", "product_name": "Try All Pack", "product_brand": "&Stirred", "combo": []}, {"category": "Beverages", "sub_category_name": "Energy & Soft Drinks", "product_name": "0.0% Non Alcohol Beer- Zero Dot Zero", "product_brand": "Heineken", "combo": []}, {"category": "Beverages", "sub_category_name": "Energy & Soft Drinks", "product_name": "Radler - Non Alcoholic Malt Drink, Ginger & Lime", "product_brand": "Kingfisher", "combo": []}, {"category": "Beverages", "sub_category_name": "Energy & Soft Drinks", "product_name": "Radler - Non Alcoholic Malt Drink, Lemon", "product_brand": "Kingfisher", "combo": []}, {"category": "Beverages", "sub_category_name": "Energy & Soft Drinks", "product_name": "Radler - Non Alcoholic Malt Drink, Mint & Lime", "product_brand": "Kingfisher", "combo": []}, {"category": "Beverages", "sub_category_name": "Energy & Soft Drinks", "product_name": "Radler - Non Alcoholic Malt Drink, Lemon", "product_brand": "Kingfisher", "combo": [["6 x 300 ml", "166.86"], ["300 ml", "30.90"]]}, {"category": "Beverages", "sub_category_name": "Energy & Soft Drinks", "product_name": "Radler - Non Alcoholic Malt Drink, Mint & Lime", "product_brand": "Kingfisher", "combo": []}, {"category": "Beverages", "sub_category_name": "Energy & Soft Drinks", "product_name": "Radler - Non Alcoholic Malt Drink, Lemon", "product_brand": "Kingfisher", "combo": []}, {"category": "Beverages", "sub_category_name": "Energy & Soft Drinks", "product_name": "Energy Drink", "product_brand": "Sting", "combo": []}, {"category": "Beverages", "sub_category_name": "Energy & Soft Drinks", "product_name": "Cosmopolitan - Cranberry & Orange", "product_brand": "&Stirred", "combo": []}, {"category": "Beverages", "sub_category_name": "Energy & Soft Drinks", "product_name": "Non Alcoholic Red Wine - With Strawberry Crush", "product_brand": "Wineberry", "combo": []}, {"category": "Beverages", "sub_category_name": "Energy & Soft Drinks", "product_name": "Pina Colada", "product_brand": "&Stirred", "combo": []}, {"category": "Beverages", "sub_category_name": "Energy & Soft Drinks", "product_name": "0.0% Non Alcohol Beer- Zero Dot Zero", "product_brand": "Heineken", "combo": []}, {"category": "Beverages", "sub_category_name": "Energy & Soft Drinks", "product_name": "Energy Drink - Natural Caffeine", "product_brand": "1947.0", "combo": []}, {"category": "Beverages", "sub_category_name": "Energy & Soft Drinks", "product_name": "Fonzo - Mango With Fizzz", "product_brand": "Bisleri", "combo": [["4x200 ml", "80.00"], ["250 ml", "20.00"]]}, {"category": "Beverages", "sub_category_name": "Energy & Soft Drinks", "product_name": "Soda - The Club", "product_brand": "Bisleri", "combo": []}, {"category": "Beverages", "sub_category_name": "Energy & Soft Drinks", "product_name": "Red Sangria", "product_brand": "&Stirred", "combo": []}, {"category": "Beverages", "sub_category_name": "Energy & Soft Drinks", "product_name": "Soft Drink - Original Taste", "product_brand": "Coca-Cola", "combo": [["300 ml", "28.00"], ["6x300 ml", "168.00"]]}, {"category": "Beverages", "sub_category_name": "Energy & Soft Drinks", "product_name": "Soft Drink - Lemon Flavour", "product_brand": "Limca", "combo": []}, {"category": "Beverages", "sub_category_name": "Energy & Soft Drinks", "product_name": "Ultra Energy Drink - Zero Sugar", "product_brand": "Monster", "combo": []}, {"category": "Beverages", "sub_category_name": "Energy & Soft Drinks", "product_name": "Energy Drink - Sugarfree", "product_brand": "Red Bull", "combo": [["250 ml", "115.00"], ["4x250 ml", "276.00"]]}, {"category": "Beverages", "sub_category_name": "Energy & Soft Drinks", "product_name": "Mango Loco", "product_brand": "Monster", "combo": []}, {"category": "Beverages", "sub_category_name": "Energy & Soft Drinks", "product_name": "Radler Non Alcoholic Malt Drink Lemon + Ginger & Lime + Mint & Lime (300ml Each)", "product_brand": "Kingfisher", "combo": []}, {"category": "Beverages", "sub_category_name": "Energy & Soft Drinks", "product_name": "Diet Coke Soft Drink", "product_brand": "Coca-Cola", "combo": [["300 ml", "38.00"], ["6x300 ml", "228.00"]]}, {"category": "Beverages", "sub_category_name": "Energy & Soft Drinks", "product_name": "Sparkling Fruit Juice - Pomegranate Flavor", "product_brand": "May", "combo": []}, {"category": "Beverages", "sub_category_name": "Energy & Soft Drinks", "product_name": "Hot Chocolate - Swiss Vanilla, Blend", "product_brand": "Cocosutra", "combo": []}, {"category": "Beverages", "sub_category_name": "Energy & Soft Drinks", "product_name": "Organic Classic Lemon Ice Tea", "product_brand": "Brewhouse Tea Brewing Co.", "combo": [["300 ml", "34.00"], ["4x300 ml", "136.00"]]}, {"category": "Beverages", "sub_category_name": "Energy & Soft Drinks", "product_name": "Organic Classic Peach Ice Tea", "product_brand": "Brewhouse Tea Brewing Co.", "combo": [["300 ml", "34.00"], ["4x300 ml", "136.00"]]}, {"category": "Beverages", "sub_category_name": "Energy & Soft Drinks", "product_name": "Organic Forest Berry Ice Tea", "product_brand": "Brewhouse Tea Brewing Co.", "combo": [["300 ml", "40.00"], ["4x300 ml", "160.00"]]}, {"category": "Beverages", "sub_category_name": "Energy & Soft Drinks", "product_name": "Organic Blueberry Ice Tea", "product_brand": "Brewhouse Tea Brewing Co.", "combo": [["4x300 ml", "160.00"], ["300 ml", "40.00"]]}, {"category": "Beverages", "sub_category_name": "Energy & Soft Drinks", "product_name": "Organic Mojito Lime Ice Tea", "product_brand": "Brewhouse Tea Brewing Co.", "combo": [["4x300 ml", "160.00"], ["300 ml", "40.00"]]}, {"category": "Beverages", "sub_category_name": "Energy & Soft Drinks", "product_name": "Sparkling Fruit Juice - Lychee Flavour", "product_brand": "May", "combo": []}, {"category": "Beverages", "sub_category_name": "Energy & Soft Drinks", "product_name": "Bloody Mary - Tomato & Pepper", "product_brand": "&Stirred", "combo": []}, {"category": "Beverages", "sub_category_name": "Energy & Soft Drinks", "product_name": "Sparkling Drink - Cocktail Fruit", "product_brand": "Valentino", "combo": []}, {"category": "Beverages", "sub_category_name": "Energy & Soft Drinks", "product_name": "Hot Chocolate - Mexican Spiced, Blend", "product_brand": "Cocosutra", "combo": []}, {"category": "Beverages", "sub_category_name": "Energy & Soft Drinks", "product_name": "Soft Drink - Original Taste", "product_brand": "Coca-Cola", "combo": [["12x300 ml", "395.52"], ["300 ml", "32.96"], ["6x300 ml", "197.76"]]}, {"category": "Beverages", "sub_category_name": "Energy & Soft Drinks", "product_name": "Original Mojito", "product_brand": "Manama", "combo": []}, {"category": "Beverages", "sub_category_name": "Energy & Soft Drinks", "product_name": "Lime & Mint Mojito", "product_brand": "Manama", "combo": []}, {"category": "Beverages", "sub_category_name": "Energy & Soft Drinks", "product_name": "Lime & Mint Mojito", "product_brand": "Manama", "combo": []}, {"category": "Beverages", "sub_category_name": "Energy & Soft Drinks", "product_name": "Orange Mojito", "product_brand": "Manama", "combo": []}, {"category": "Beverages", "sub_category_name": "Energy & Soft Drinks", "product_name": "Minute Maid Fruit Drink - Pulpy Orange 1 lt + Coca Cola Soft Drink 1.75 lt", "product_brand": "bb Combo", "combo": []}, {"category": "Beverages", "sub_category_name": "Energy & Soft Drinks", "product_name": "Maaza Mango Drink 1.2 lt Pet Bottle + Coca Cola Soft Drink 1.75 L Bottle", "product_brand": "bb Combo", "combo": []}, {"category": "Beverages", "sub_category_name": "Energy & Soft Drinks", "product_name": "0.0 Non Alcoholic Beer", "product_brand": "Heineken", "combo": []}, {"category": "Beverages", "sub_category_name": "Energy & Soft Drinks", "product_name": "Soft Drink - Orange Flavoured", "product_brand": "Fanta", "combo": [["1.25 L", "54.00"], ["2 L", "87.00"], ["2x2 L", "174.00"]]}, {"category": "Beverages", "sub_category_name": "Energy & Soft Drinks", "product_name": "Weekend Party Pack - Get 2 pcs per product", "product_brand": "&Stirred", "combo": []}, {"category": "Beverages", "sub_category_name": "Energy & Soft Drinks", "product_name": "Soft Drink - Black, Slim", "product_brand": "Pepsi", "combo": [["4x250 ml", "100.00"], ["250 ml", "25.00"], ["5x250 ml", "125.00"], ["6x250 ml", "120.00"]]}, {"category": "Beverages", "sub_category_name": "Energy & Soft Drinks", "product_name": "Pepsi Soft Drink Black Slim 250ml x 2 + DORITOS Nacho Tortilla Chips Cheese 75 g", "product_brand": "bb Combo", "combo": []}]