[{"category": "Eggs, Meat & Fish", "sub_category_name": "Marinades", "product_name": "Pork - Chorizo", "product_brand": "ALF-FARMS", "combo": []}, {"category": "Eggs, Meat & Fish", "sub_category_name": "Marinades", "product_name": "Frozen Amritsari Tandoori Chicken Tikka", "product_brand": "Punjab Maratha", "combo": []}, {"category": "Eggs, Meat & Fish", "sub_category_name": "Marinades", "product_name": "Frozen Amritsari Tandoori Chicken Tangdi Kebab", "product_brand": "Punjab Maratha", "combo": []}, {"category": "Eggs, Meat & Fish", "sub_category_name": "Marinades", "product_name": "Frozen Chicken Pahadi Tikka", "product_brand": "Punjab Maratha", "combo": []}, {"category": "Eggs, Meat & Fish", "sub_category_name": "Marinades", "product_name": "Frozen Chicken Malai Tangdi Kebab", "product_brand": "Punjab Maratha", "combo": []}, {"category": "Eggs, Meat & Fish", "sub_category_name": "Marinades", "product_name": "Frozen Chicken Amritsari Tandoori - Leg", "product_brand": "Punjab Maratha", "combo": []}, {"category": "Eggs, Meat & Fish", "sub_category_name": "Marinades", "product_name": "Frozen Chicken Malai Tikka", "product_brand": "Punjab Maratha", "combo": []}]