[{"category": "Kitchen, Garden & Pets", "sub_category_name": "Steel Utensils", "product_name": "Fusion Food Storage Stainless Steel Container With See Through Lid - Assorted", "product_brand": "Joyo Steel", "combo": []}, {"category": "Kitchen, Garden & Pets", "sub_category_name": "Steel Utensils", "product_name": "Fusion Food Storage Stainless Steel Container With See Through Lid - Assorted", "product_brand": "Joyo Steel", "combo": []}, {"category": "Kitchen, Garden & Pets", "sub_category_name": "Steel Utensils", "product_name": "Stainless Steel Storage Containers With See Through Lid - Assorted", "product_brand": "Joyo Steel", "combo": []}, {"category": "Kitchen, Garden & Pets", "sub_category_name": "Steel Utensils", "product_name": "Stainless Steel Premium Dinner Set - Diamond Touch", "product_brand": "Neelam", "combo": []}, {"category": "Kitchen, Garden & Pets", "sub_category_name": "Steel Utensils", "product_name": "Stainless Steel Mixing/Serving Bowl Set - Large", "product_brand": "Ramson", "combo": []}, {"category": "Kitchen, Garden & Pets", "sub_category_name": "Steel Utensils", "product_name": "Steel Storage Container/Canister/Puri Dabba - Cosmos", "product_brand": "Ramson", "combo": []}, {"category": "Kitchen, Garden & Pets", "sub_category_name": "Steel Utensils", "product_name": "Steel Storage Deep Container/Canister - See Through", "product_brand": "Ramson", "combo": []}, {"category": "Kitchen, Garden & Pets", "sub_category_name": "Steel Utensils", "product_name": "Steel Oil Can/Dispenser/Bottle, 750ml", "product_brand": "BB Home", "combo": []}, {"category": "Kitchen, Garden & Pets", "sub_category_name": "Steel Utensils", "product_name": "Steel Deep Dabba/Storage Container - No. 16, Ubha Russian", "product_brand": "BB Home", "combo": []}, {"category": "Kitchen, Garden & Pets", "sub_category_name": "Steel Utensils", "product_name": "Oil Dispenser/Bottle - Stainless Steel", "product_brand": "Crystal", "combo": []}, {"category": "Kitchen, Garden & Pets", "sub_category_name": "Steel Utensils", "product_name": "Steel Storage Hammered Touch Bowl/Handi Set With Steel Lid - Gold Laquer Finish", "product_brand": "Vinayak", "combo": []}, {"category": "Kitchen, Garden & Pets", "sub_category_name": "Steel Utensils", "product_name": "Steel Storage Flat Ribbed Container Set With PP Lid", "product_brand": "Vinayak", "combo": []}, {"category": "Kitchen, Garden & Pets", "sub_category_name": "Steel Utensils", "product_name": "Stainless Steel Copper Bottom Q Base - Cook & Serve Set", "product_brand": "Kitchen Essentials", "combo": []}, {"category": "Kitchen, Garden & Pets", "sub_category_name": "Steel Utensils", "product_name": "Steel Colander Strainer - No. 12", "product_brand": "BB Home", "combo": []}, {"category": "Kitchen, Garden & Pets", "sub_category_name": "Steel Utensils", "product_name": "Steel Dinner Plate/Thali - No. 13, Beggi China", "product_brand": "BB Home", "combo": []}, {"category": "Kitchen, Garden & Pets", "sub_category_name": "Steel Utensils", "product_name": "Steel Colander Strainer - No. 13", "product_brand": "BB Home", "combo": []}, {"category": "Kitchen, Garden & Pets", "sub_category_name": "Steel Utensils", "product_name": "Steel Dinner Plate/Thali - No. 12, Beggi China", "product_brand": "BB Home", "combo": []}, {"category": "Kitchen, Garden & Pets", "sub_category_name": "Steel Utensils", "product_name": "Steel Storage Storage Container/Bowl Set - Rose Gold Finish", "product_brand": "Vinayak", "combo": []}, {"category": "Kitchen, Garden & Pets", "sub_category_name": "Steel Utensils", "product_name": "Steel Dinner Plate/Thali - No. 12, N.P.Bidding", "product_brand": "BB Home", "combo": []}, {"category": "Kitchen, Garden & Pets", "sub_category_name": "Steel Utensils", "product_name": "Microwave Safe Stainless Steel Bowl Set - Red", "product_brand": "Vinayak", "combo": []}, {"category": "Kitchen, Garden & Pets", "sub_category_name": "Steel Utensils", "product_name": "Steel Deep Dabba/Storage Container - No. 15, Diamond", "product_brand": "BB Home", "combo": []}, {"category": "Kitchen, Garden & Pets", "sub_category_name": "Steel Utensils", "product_name": "Steel Pudding/Halwa Bowl/Plate - No.5.5", "product_brand": "BB Home", "combo": []}, {"category": "Kitchen, Garden & Pets", "sub_category_name": "Steel Utensils", "product_name": "Steel Lunch/Tiffin Box With 3 Containers - 8X3", "product_brand": "BB Home", "combo": []}, {"category": "Kitchen, Garden & Pets", "sub_category_name": "Steel Utensils", "product_name": "Steel Oil Dispenser/Can/Bottle, 500ml", "product_brand": "BB Home", "combo": []}, {"category": "Kitchen, Garden & Pets", "sub_category_name": "Steel Utensils", "product_name": "Steel Small Plate - No. 4.5, Chatni", "product_brand": "BB Home", "combo": []}, {"category": "Kitchen, Garden & Pets", "sub_category_name": "Steel Utensils", "product_name": "Steel Snack Plate/Thali - No. 8, Beggi China", "product_brand": "BB Home", "combo": []}, {"category": "Kitchen, Garden & Pets", "sub_category_name": "Steel Utensils", "product_name": "Biscuit-Dry Fruit Stainless Steel Canister/Container Set With Lid", "product_brand": "Vinayak", "combo": []}, {"category": "Kitchen, Garden & Pets", "sub_category_name": "Steel Utensils", "product_name": "Steel Storage Container/Puri Dabba - No.9", "product_brand": "BB Home", "combo": []}, {"category": "Kitchen, Garden & Pets", "sub_category_name": "Steel Utensils", "product_name": "Steel Storage Mirror Finish Bowl Set With PP Lid - Plain", "product_brand": "Vinayak", "combo": []}, {"category": "Kitchen, Garden & Pets", "sub_category_name": "Steel Utensils", "product_name": "Steel Bowl/Vati/Katori - No. 7, Prem", "product_brand": "BB Home", "combo": []}, {"category": "Kitchen, Garden & Pets", "sub_category_name": "Steel Utensils", "product_name": "Stainless Steel Storage Container With Coloured Lid - Kiwi", "product_brand": "Classic Essentials", "combo": []}, {"category": "Kitchen, Garden & Pets", "sub_category_name": "Steel Utensils", "product_name": "Stainless Steel Dinner Set - Laser Etched Floral", "product_brand": "Neelam", "combo": []}, {"category": "Kitchen, Garden & Pets", "sub_category_name": "Steel Utensils", "product_name": "Steel Belly Puri Dabba/Container With Lid", "product_brand": "BB Home", "combo": []}, {"category": "Kitchen, Garden & Pets", "sub_category_name": "Steel Utensils", "product_name": "Steel Storage Container/Puri Dabba - No.7", "product_brand": "BB Home", "combo": []}, {"category": "Kitchen, Garden & Pets", "sub_category_name": "Steel Utensils", "product_name": "Steel Snack Plate/Thali - No. 8, China", "product_brand": "BB Home", "combo": []}, {"category": "Kitchen, Garden & Pets", "sub_category_name": "Steel Utensils", "product_name": "Storage Container/Canister - Deep Dabba Mirror Finish", "product_brand": "Aagam", "combo": []}, {"category": "Kitchen, Garden & Pets", "sub_category_name": "Steel Utensils", "product_name": "Steel Lunch/Tiffin Box With 4 Containers - 7X4", "product_brand": "BB Home", "combo": []}, {"category": "Kitchen, Garden & Pets", "sub_category_name": "Steel Utensils", "product_name": "Steel Storage Hammered Touch Container Set With Double Moulded PP Lid - Silver", "product_brand": "Vinayak", "combo": []}, {"category": "Kitchen, Garden & Pets", "sub_category_name": "Steel Utensils", "product_name": "Steel Deep Dabba/Storage Container - No. 13, Diamond", "product_brand": "BB Home", "combo": []}, {"category": "Kitchen, Garden & Pets", "sub_category_name": "Steel Utensils", "product_name": "Steel Pudding/Halwa Bowl/Plate - No.6.5", "product_brand": "BB Home", "combo": []}, {"category": "Kitchen, Garden & Pets", "sub_category_name": "Steel Utensils", "product_name": "Stainless Steel Storage Container - Mirror Finish, Apple", "product_brand": "Aagam", "combo": []}, {"category": "Kitchen, Garden & Pets", "sub_category_name": "Steel Utensils", "product_name": "Microwave Safe Stainless Steel Bowl Set - Red", "product_brand": "Vinayak", "combo": []}, {"category": "Kitchen, Garden & Pets", "sub_category_name": "Steel Utensils", "product_name": "Storage Steel Airtight Container With PP Lid - Klip Lock, Green", "product_brand": "Magnus", "combo": []}, {"category": "Kitchen, Garden & Pets", "sub_category_name": "Steel Utensils", "product_name": "Steel Glass/Tumbler- No. 7, Amrapali", "product_brand": "BB Home", "combo": []}, {"category": "Kitchen, Garden & Pets", "sub_category_name": "Steel Utensils", "product_name": "Steel Premium Storage Container Set Mirror Finish With Leak Lock Lid", "product_brand": "Vinayak", "combo": []}, {"category": "Kitchen, Garden & Pets", "sub_category_name": "Steel Utensils", "product_name": "Steel Bowl/Vati/Katori - No. 6, Prem", "product_brand": "BB Home", "combo": []}, {"category": "Kitchen, Garden & Pets", "sub_category_name": "Steel Utensils", "product_name": "Steel Storage/Lunch Container - No.10, Blue, Klip It", "product_brand": "Joyo Steel", "combo": []}, {"category": "Kitchen, Garden & Pets", "sub_category_name": "Steel Utensils", "product_name": "Stainless Steel Lunch Box/ Tiffin Set - Rectangular, Green, BB 571 2, 3 pcs", "product_brand": "Homio", "combo": []}, {"category": "Kitchen, Garden & Pets", "sub_category_name": "Steel Utensils", "product_name": "Tea Coffee Sugar Storage Container Canister With Spoons", "product_brand": "Neelam", "combo": []}, {"category": "Kitchen, Garden & Pets", "sub_category_name": "Steel Utensils", "product_name": "Steel Bowl/Vati/Katori - No. 5.5, Prem", "product_brand": "BB Home", "combo": []}, {"category": "Kitchen, Garden & Pets", "sub_category_name": "Steel Utensils", "product_name": "Steel Bowl - No. 8, Conical", "product_brand": "BB Home", "combo": []}, {"category": "Kitchen, Garden & Pets", "sub_category_name": "Steel Utensils", "product_name": "Steel Lunch Box/Tiffin Set With Tumbler & Bag - Klip Lock", "product_brand": "Magnus", "combo": []}, {"category": "Kitchen, Garden & Pets", "sub_category_name": "Steel Utensils", "product_name": "Fusion Food Storage Stainless Steel Container - Assorted", "product_brand": "Joyo Steel", "combo": []}, {"category": "Kitchen, Garden & Pets", "sub_category_name": "Steel Utensils", "product_name": "Steel Deep Dabba/Storage Container - No. 14, Ubha Russian", "product_brand": "BB Home", "combo": []}, {"category": "Kitchen, Garden & Pets", "sub_category_name": "Steel Utensils", "product_name": "Steel Deep Dabba/Storage Container - No. 14, Plain", "product_brand": "BB Home", "combo": []}, {"category": "Kitchen, Garden & Pets", "sub_category_name": "Steel Utensils", "product_name": "Steel Dinner Plate/Thali - No. 12, China", "product_brand": "BB Home", "combo": []}, {"category": "Kitchen, Garden & Pets", "sub_category_name": "Steel Utensils", "product_name": "Stainless Steel Lunch Box With Insulated Bag - HL-1231", "product_brand": "Steel Lock", "combo": []}, {"category": "Kitchen, Garden & Pets", "sub_category_name": "Steel Utensils", "product_name": "Stainless Steel Lunch Box/Tiffin Set - Blue, BB 574 3", "product_brand": "Tedemei", "combo": []}, {"category": "Kitchen, Garden & Pets", "sub_category_name": "Steel Utensils", "product_name": "Stainless Steel Food Container/ Tiffin Box - Blue, Circular, Blue, BB 572 1", "product_brand": "Homio", "combo": []}, {"category": "Kitchen, Garden & Pets", "sub_category_name": "Steel Utensils", "product_name": "Stainless Steel Food Container/ Tiffin Box- Green, Circular, BB 572 3", "product_brand": "Homio", "combo": []}, {"category": "Kitchen, Garden & Pets", "sub_category_name": "Steel Utensils", "product_name": "Stainless Steel Coffee Mug - Double Wall, Power", "product_brand": "Swastik Steel", "combo": []}, {"category": "Kitchen, Garden & Pets", "sub_category_name": "Steel Utensils", "product_name": "Storage Steel Airtight Round Container - Klip Lock", "product_brand": "Magnus", "combo": []}, {"category": "Kitchen, Garden & Pets", "sub_category_name": "Steel Utensils", "product_name": "Lunch Box/Tiffin Set Stainless Steel Airtight With Chapati Box & Bag", "product_brand": "NanoNine", "combo": []}, {"category": "Kitchen, Garden & Pets", "sub_category_name": "Steel Utensils", "product_name": "Steel Lunch/Tiffin Box With 2 Containers - 8X2", "product_brand": "BB Home", "combo": []}, {"category": "Kitchen, Garden & Pets", "sub_category_name": "Steel Utensils", "product_name": "Stainless Steel Leak Lock Container Set", "product_brand": "Neelam", "combo": []}, {"category": "Kitchen, Garden & Pets", "sub_category_name": "Steel Utensils", "product_name": "Storage/Lunch Steel Container with PP Lid - Red", "product_brand": "Classic Essentials", "combo": []}, {"category": "Kitchen, Garden & Pets", "sub_category_name": "Steel Utensils", "product_name": "Storage Steel Airtight Round Container - Klip Lock", "product_brand": "Magnus", "combo": []}, {"category": "Kitchen, Garden & Pets", "sub_category_name": "Steel Utensils", "product_name": "Steel Storage Container/Puri Dabba - No.11", "product_brand": "BB Home", "combo": []}, {"category": "Kitchen, Garden & Pets", "sub_category_name": "Steel Utensils", "product_name": "Steel Small Plate - No. 5, Chatni", "product_brand": "BB Home", "combo": []}, {"category": "Kitchen, Garden & Pets", "sub_category_name": "Steel Utensils", "product_name": "Steel Premium Serving Bowl With Steel Lid - Maroon", "product_brand": "Vinayak", "combo": []}, {"category": "Kitchen, Garden & Pets", "sub_category_name": "Steel Utensils", "product_name": "Stainless Steel Storage/Lunch Bowl Set - Kiwi", "product_brand": "Classic Essentials", "combo": []}, {"category": "Kitchen, Garden & Pets", "sub_category_name": "Steel Utensils", "product_name": "Steel Bowl - No. 7, Conical", "product_brand": "BB Home", "combo": []}, {"category": "Kitchen, Garden & Pets", "sub_category_name": "Steel Utensils", "product_name": "Stainless Steel Tea/Sugar Container - Mirror Finish", "product_brand": "Aagam", "combo": []}, {"category": "Kitchen, Garden & Pets", "sub_category_name": "Steel Utensils", "product_name": "Steel Snack Bowl - No. 5.5", "product_brand": "BB Home", "combo": []}, {"category": "Kitchen, Garden & Pets", "sub_category_name": "Steel Utensils", "product_name": "Steel Snack Bowl - No. 5.5", "product_brand": "BB Home", "combo": []}, {"category": "Kitchen, Garden & Pets", "sub_category_name": "Steel Utensils", "product_name": "Food Container-Tiffin Box - Stainless Steel, Blue - Blue BB 581 2", "product_brand": "Tedemei", "combo": []}, {"category": "Kitchen, Garden & Pets", "sub_category_name": "Steel Utensils", "product_name": "Storage Steel Airtight Container With Steel Lid - Klip Lock, Pink", "product_brand": "Magnus", "combo": []}, {"category": "Kitchen, Garden & Pets", "sub_category_name": "Steel Utensils", "product_name": "Copper Fliptop Sipper Bottle - Plain", "product_brand": "Frestol", "combo": []}, {"category": "Kitchen, Garden & Pets", "sub_category_name": "Steel Utensils", "product_name": "Lunch Box - Stainless Steel, Midday Maxx Fresh, Red", "product_brand": "Signoraware", "combo": []}, {"category": "Kitchen, Garden & Pets", "sub_category_name": "Steel Utensils", "product_name": "Stainless Steel Tea Sugar Canister Container - See Through Set, Ribbed", "product_brand": "Neelam", "combo": []}, {"category": "Kitchen, Garden & Pets", "sub_category_name": "Steel Utensils", "product_name": "Steel Puri Dabba/Container Set With Lid - Duster", "product_brand": "Neelam", "combo": []}, {"category": "Kitchen, Garden & Pets", "sub_category_name": "Steel Utensils", "product_name": "Stainless Steel Airtight Storage Container - SL-1102", "product_brand": "Steel Lock", "combo": []}, {"category": "Kitchen, Garden & Pets", "sub_category_name": "Steel Utensils", "product_name": "Steel Lunch/Tiffin Box Set With Bag - Small, Tiffany", "product_brand": "NanoNine", "combo": [["225 ml", "399.00"], ["225 ml", "549.00"]]}, {"category": "Kitchen, Garden & Pets", "sub_category_name": "Steel Utensils", "product_name": "Lunch Box/Tiffin Stainless Steel with Steel Lid - Duo", "product_brand": "NanoNine", "combo": []}, {"category": "Kitchen, Garden & Pets", "sub_category_name": "Steel Utensils", "product_name": "Steel Lunch/Tiffin Box Set With Bag - Clip Lock", "product_brand": "NanoNine", "combo": [["260 ml", "329.00"], ["260 ml", "449.00"]]}, {"category": "Kitchen, Garden & Pets", "sub_category_name": "Steel Utensils", "product_name": "Stainless Steel Storage Lunch Container - Rainbow", "product_brand": "Ramson", "combo": []}, {"category": "Kitchen, Garden & Pets", "sub_category_name": "Steel Utensils", "product_name": "Stainless Steel Storage Lunch Container - Rainbow", "product_brand": "Ramson", "combo": []}, {"category": "Kitchen, Garden & Pets", "sub_category_name": "Steel Utensils", "product_name": "Stainless Steel Storage Lunch Container - Flat, Carry Snack Pack", "product_brand": "Ramson", "combo": []}, {"category": "Kitchen, Garden & Pets", "sub_category_name": "Steel Utensils", "product_name": "Rectangular Stainless Steel Lunch Box/Tiffin Set - White, Magnum Vacuum Seal", "product_brand": "Seven seas", "combo": []}, {"category": "Kitchen, Garden & Pets", "sub_category_name": "Steel Utensils", "product_name": "Rectangular Stainless Steel Lunch Box/Tiffin Set - Blue, Magnum Vacuum Seal", "product_brand": "Seven seas", "combo": []}, {"category": "Kitchen, Garden & Pets", "sub_category_name": "Steel Utensils", "product_name": "Copper Water Bottle - Antique Look, Embossed", "product_brand": "Frestol", "combo": []}, {"category": "Kitchen, Garden & Pets", "sub_category_name": "Steel Utensils", "product_name": "Steel Storage/Lunch Container - No.11, Blue, Klip It", "product_brand": "Joyo Steel", "combo": []}, {"category": "Kitchen, Garden & Pets", "sub_category_name": "Steel Utensils", "product_name": "Steel Storage/Lunch Container - No.12, Blue, Klip It", "product_brand": "Joyo Steel", "combo": []}, {"category": "Kitchen, Garden & Pets", "sub_category_name": "Steel Utensils", "product_name": "Steel Storage/Lunch Container - No.13, Blue, Klip It", "product_brand": "Joyo Steel", "combo": []}, {"category": "Kitchen, Garden & Pets", "sub_category_name": "Steel Utensils", "product_name": "Steel Storage/Lunch Container - No.14, Blue, Klip It", "product_brand": "Joyo Steel", "combo": []}, {"category": "Kitchen, Garden & Pets", "sub_category_name": "Steel Utensils", "product_name": "Steel Storage/Lunch Container - No.20, Blue, Klip It", "product_brand": "Joyo Steel", "combo": []}, {"category": "Kitchen, Garden & Pets", "sub_category_name": "Steel Utensils", "product_name": "Steel Storage/Lunch Container - No.22, Blue, Klip It", "product_brand": "Joyo Steel", "combo": []}, {"category": "Kitchen, Garden & Pets", "sub_category_name": "Steel Utensils", "product_name": "Steel Storage/Lunch Container - No.30, Blue, Klip It", "product_brand": "Joyo Steel", "combo": []}, {"category": "Kitchen, Garden & Pets", "sub_category_name": "Steel Utensils", "product_name": "Steel Storage/Lunch Container - No.31, Blue, Klip It", "product_brand": "Joyo Steel", "combo": []}, {"category": "Kitchen, Garden & Pets", "sub_category_name": "Steel Utensils", "product_name": "Steel Storage/Lunch Container - No.41, Blue, Klip It", "product_brand": "Joyo Steel", "combo": []}, {"category": "Kitchen, Garden & Pets", "sub_category_name": "Steel Utensils", "product_name": "Steel Storage/Lunch Container - No.1, Pink, Klip It", "product_brand": "Joyo Steel", "combo": []}, {"category": "Kitchen, Garden & Pets", "sub_category_name": "Steel Utensils", "product_name": "Steel Storage/Lunch Container - No.11, Pink, Klip It", "product_brand": "Joyo Steel", "combo": []}, {"category": "Kitchen, Garden & Pets", "sub_category_name": "Steel Utensils", "product_name": "Steel Storage/Lunch Container - No.12, Pink, Klip It", "product_brand": "Joyo Steel", "combo": []}, {"category": "Kitchen, Garden & Pets", "sub_category_name": "Steel Utensils", "product_name": "Steel Storage/Lunch Container - No.13, Pink, Klip It", "product_brand": "Joyo Steel", "combo": []}, {"category": "Kitchen, Garden & Pets", "sub_category_name": "Steel Utensils", "product_name": "Steel Storage/Lunch Container - No.14, Pink, Klip It", "product_brand": "Joyo Steel", "combo": []}, {"category": "Kitchen, Garden & Pets", "sub_category_name": "Steel Utensils", "product_name": "Steel Storage/Lunch Container - No.20, Pink, Klip It", "product_brand": "Joyo Steel", "combo": []}, {"category": "Kitchen, Garden & Pets", "sub_category_name": "Steel Utensils", "product_name": "Steel Storage/Lunch Container - No.21, Pink, Klip It", "product_brand": "Joyo Steel", "combo": []}, {"category": "Kitchen, Garden & Pets", "sub_category_name": "Steel Utensils", "product_name": "Steel Storage/Lunch Container - No.22, Pink, Klip It", "product_brand": "Joyo Steel", "combo": []}, {"category": "Kitchen, Garden & Pets", "sub_category_name": "Steel Utensils", "product_name": "Steel Storage/Lunch Container - No.30, Pink, Klip It", "product_brand": "Joyo Steel", "combo": []}, {"category": "Kitchen, Garden & Pets", "sub_category_name": "Steel Utensils", "product_name": "Steel Storage/Lunch Container - No.31, Pink, Klip It", "product_brand": "Joyo Steel", "combo": []}, {"category": "Kitchen, Garden & Pets", "sub_category_name": "Steel Utensils", "product_name": "Steel Storage/Lunch Container - No.42, Pink, Klip It", "product_brand": "Joyo Steel", "combo": []}, {"category": "Kitchen, Garden & Pets", "sub_category_name": "Steel Utensils", "product_name": "Steel Storage/Lunch Container - No.10, Grey, Klip It", "product_brand": "Joyo Steel", "combo": []}, {"category": "Kitchen, Garden & Pets", "sub_category_name": "Steel Utensils", "product_name": "Steel Storage/Lunch Container - No.11, Grey, Klip It", "product_brand": "Joyo Steel", "combo": []}, {"category": "Kitchen, Garden & Pets", "sub_category_name": "Steel Utensils", "product_name": "Steel Storage/Lunch Container - No.12, Grey, Klip It", "product_brand": "Joyo Steel", "combo": []}, {"category": "Kitchen, Garden & Pets", "sub_category_name": "Steel Utensils", "product_name": "Steel Storage/Lunch Container - No.13, Grey, Klip It", "product_brand": "Joyo Steel", "combo": []}, {"category": "Kitchen, Garden & Pets", "sub_category_name": "Steel Utensils", "product_name": "Steel Storage/Lunch Container - No.20, Grey, Klip It", "product_brand": "Joyo Steel", "combo": []}, {"category": "Kitchen, Garden & Pets", "sub_category_name": "Steel Utensils", "product_name": "Steel Storage/Lunch Container - No.21, Grey, Klip It", "product_brand": "Joyo Steel", "combo": []}, {"category": "Kitchen, Garden & Pets", "sub_category_name": "Steel Utensils", "product_name": "Steel Storage/Lunch Container - No.22, Grey, Klip It", "product_brand": "Joyo Steel", "combo": []}, {"category": "Kitchen, Garden & Pets", "sub_category_name": "Steel Utensils", "product_name": "Steel Storage/Lunch Container- No.30, Grey, Klip It", "product_brand": "Joyo Steel", "combo": []}, {"category": "Kitchen, Garden & Pets", "sub_category_name": "Steel Utensils", "product_name": "Steel Storage/Lunch Container - No.31, Grey, Klip It", "product_brand": "Joyo Steel", "combo": []}, {"category": "Kitchen, Garden & Pets", "sub_category_name": "Steel Utensils", "product_name": "Steel Storage/Lunch Container - No.41, Grey, Klip It", "product_brand": "Joyo Steel", "combo": []}, {"category": "Kitchen, Garden & Pets", "sub_category_name": "Steel Utensils", "product_name": "Steel Storage/Lunch Container - No.42, Grey, Klip It", "product_brand": "Joyo Steel", "combo": []}, {"category": "Kitchen, Garden & Pets", "sub_category_name": "Steel Utensils", "product_name": "Food Container-Tiffin Box - Stainless Steel, Green - Gr BB 581 3", "product_brand": "Tedemei", "combo": []}, {"category": "Kitchen, Garden & Pets", "sub_category_name": "Steel Utensils", "product_name": "Food Container-Tiffin Box - Stainless Steel, Pink - PK BB 581 1", "product_brand": "Tedemei", "combo": []}, {"category": "Kitchen, Garden & Pets", "sub_category_name": "Steel Utensils", "product_name": "Lunch Box-Tiffin Set - Stainless Steel,Blue - Blue\u00c2 BB 578 1", "product_brand": "Tedemei", "combo": []}, {"category": "Kitchen, Garden & Pets", "sub_category_name": "Steel Utensils", "product_name": "Lunch Box-Tiffin Set - Stainless Steel, Pink - PK BB 578 2", "product_brand": "Tedemei", "combo": []}, {"category": "Kitchen, Garden & Pets", "sub_category_name": "Steel Utensils", "product_name": "Stainless Steel Lunch Box/Tiffin Set - Red, BB 577 2", "product_brand": "Tedemei", "combo": []}, {"category": "Kitchen, Garden & Pets", "sub_category_name": "Steel Utensils", "product_name": "Stainless Steel Lunch Box With Insulated Bag - HL-1321", "product_brand": "Steel Lock", "combo": []}, {"category": "Kitchen, Garden & Pets", "sub_category_name": "Steel Utensils", "product_name": "Stainless Steel Tea/Sugar Storage Canister", "product_brand": "Swastik Steel", "combo": []}, {"category": "Kitchen, Garden & Pets", "sub_category_name": "Steel Utensils", "product_name": "Stainless Steel Salt & Pepper Set - Aura", "product_brand": "Swastik Steel", "combo": []}, {"category": "Kitchen, Garden & Pets", "sub_category_name": "Steel Utensils", "product_name": "Stainless Steel Storage Container - Mirror Finish, Convex", "product_brand": "Aagam", "combo": []}, {"category": "Kitchen, Garden & Pets", "sub_category_name": "Steel Utensils", "product_name": "Stainless Steel Tea/Sugar/Coffee Container - Mirror Finish", "product_brand": "Aagam", "combo": []}, {"category": "Kitchen, Garden & Pets", "sub_category_name": "Steel Utensils", "product_name": "Copper Water Jug With Glass Set - Hammered", "product_brand": "Frestol", "combo": []}, {"category": "Kitchen, Garden & Pets", "sub_category_name": "Steel Utensils", "product_name": "Stainless Steel Lunch Box With Insulated Bag - HL-1341", "product_brand": "Steel Lock", "combo": []}, {"category": "Kitchen, Garden & Pets", "sub_category_name": "Steel Utensils", "product_name": "Steel Storage/Lunch Container - No.41, Pink, Klip It", "product_brand": "Joyo Steel", "combo": []}, {"category": "Kitchen, Garden & Pets", "sub_category_name": "Steel Utensils", "product_name": "Copper Steel Water Bottle/Jug", "product_brand": "Frestol", "combo": []}, {"category": "Kitchen, Garden & Pets", "sub_category_name": "Steel Utensils", "product_name": "Stainless Steel Lunch Box/ Tiffin Set - Rectangular, Blue, BB 571 1", "product_brand": "Homio", "combo": []}, {"category": "Kitchen, Garden & Pets", "sub_category_name": "Steel Utensils", "product_name": "Stainless Steel Lunch Box/ Tiffin Set - Rectangular, Red, BB 571 3", "product_brand": "Homio", "combo": []}, {"category": "Kitchen, Garden & Pets", "sub_category_name": "Steel Utensils", "product_name": "Stainless Steel Tea Cup - Double Wall, Apple", "product_brand": "Swastik Steel", "combo": []}, {"category": "Kitchen, Garden & Pets", "sub_category_name": "Steel Utensils", "product_name": "Copper Glass Tumbler - Hammered", "product_brand": "Mr.Copper King", "combo": []}, {"category": "Kitchen, Garden & Pets", "sub_category_name": "Steel Utensils", "product_name": "Steel Storage/Lunch Container - No.41, Grey, Klip It", "product_brand": "Joyo Steel", "combo": []}, {"category": "Kitchen, Garden & Pets", "sub_category_name": "Steel Utensils", "product_name": "Steel Storage/Lunch Container - No.42, Grey, Klip It", "product_brand": "Joyo Steel", "combo": []}, {"category": "Kitchen, Garden & Pets", "sub_category_name": "Steel Utensils", "product_name": "Food Container-Tiffin Box - Stainless Steel, Green - Gr BB 581 3", "product_brand": "Tedemei", "combo": []}, {"category": "Kitchen, Garden & Pets", "sub_category_name": "Steel Utensils", "product_name": "Food Container-Tiffin Box - Stainless Steel, Pink - PK BB 581 1", "product_brand": "Tedemei", "combo": []}, {"category": "Kitchen, Garden & Pets", "sub_category_name": "Steel Utensils", "product_name": "Lunch Box-Tiffin Set - Stainless Steel,Blue - Blue\u00c2 BB 578 1", "product_brand": "Tedemei", "combo": []}, {"category": "Kitchen, Garden & Pets", "sub_category_name": "Steel Utensils", "product_name": "Lunch Box-Tiffin Set - Stainless Steel, Pink - PK BB 578 2", "product_brand": "Tedemei", "combo": []}, {"category": "Kitchen, Garden & Pets", "sub_category_name": "Steel Utensils", "product_name": "Stainless Steel Lunch Box/Tiffin Set - Red, BB 577 2", "product_brand": "Tedemei", "combo": []}, {"category": "Kitchen, Garden & Pets", "sub_category_name": "Steel Utensils", "product_name": "Stainless Steel Lunch Box With Insulated Bag - HL-1321", "product_brand": "Steel Lock", "combo": []}, {"category": "Kitchen, Garden & Pets", "sub_category_name": "Steel Utensils", "product_name": "Stainless Steel Tea/Sugar Storage Canister", "product_brand": "Swastik Steel", "combo": []}, {"category": "Kitchen, Garden & Pets", "sub_category_name": "Steel Utensils", "product_name": "Stainless Steel Salt & Pepper Set - Aura", "product_brand": "Swastik Steel", "combo": []}, {"category": "Kitchen, Garden & Pets", "sub_category_name": "Steel Utensils", "product_name": "Stainless Steel Storage Container - Mirror Finish, Convex", "product_brand": "Aagam", "combo": []}, {"category": "Kitchen, Garden & Pets", "sub_category_name": "Steel Utensils", "product_name": "Stainless Steel Tea/Sugar/Coffee Container - Mirror Finish", "product_brand": "Aagam", "combo": []}, {"category": "Kitchen, Garden & Pets", "sub_category_name": "Steel Utensils", "product_name": "Copper Water Jug With Glass Set - Hammered", "product_brand": "Frestol", "combo": []}, {"category": "Kitchen, Garden & Pets", "sub_category_name": "Steel Utensils", "product_name": "Stainless Steel Lunch Box With Insulated Bag - HL-1341", "product_brand": "Steel Lock", "combo": []}, {"category": "Kitchen, Garden & Pets", "sub_category_name": "Steel Utensils", "product_name": "Steel Storage/Lunch Container - No.41, Pink, Klip It", "product_brand": "Joyo Steel", "combo": []}, {"category": "Kitchen, Garden & Pets", "sub_category_name": "Steel Utensils", "product_name": "Copper Steel Water Bottle/Jug", "product_brand": "Frestol", "combo": []}, {"category": "Kitchen, Garden & Pets", "sub_category_name": "Steel Utensils", "product_name": "Stainless Steel Lunch Box/ Tiffin Set - Rectangular, Blue, BB 571 1", "product_brand": "Homio", "combo": []}, {"category": "Kitchen, Garden & Pets", "sub_category_name": "Steel Utensils", "product_name": "Stainless Steel Lunch Box/ Tiffin Set - Rectangular, Red, BB 571 3", "product_brand": "Homio", "combo": []}, {"category": "Kitchen, Garden & Pets", "sub_category_name": "Steel Utensils", "product_name": "Stainless Steel Tea Cup - Double Wall, Apple", "product_brand": "Swastik Steel", "combo": []}, {"category": "Kitchen, Garden & Pets", "sub_category_name": "Steel Utensils", "product_name": "Copper Glass Tumbler - Hammered", "product_brand": "Mr.Copper King", "combo": []}, {"category": "Kitchen, Garden & Pets", "sub_category_name": "Steel Utensils", "product_name": "Steel Storage/Lunch Container - No.41, Grey, Klip It", "product_brand": "Joyo Steel", "combo": []}, {"category": "Kitchen, Garden & Pets", "sub_category_name": "Steel Utensils", "product_name": "Steel Storage/Lunch Container - No.42, Grey, Klip It", "product_brand": "Joyo Steel", "combo": []}, {"category": "Kitchen, Garden & Pets", "sub_category_name": "Steel Utensils", "product_name": "Food Container-Tiffin Box - Stainless Steel, Green - Gr BB 581 3", "product_brand": "Tedemei", "combo": []}, {"category": "Kitchen, Garden & Pets", "sub_category_name": "Steel Utensils", "product_name": "Food Container-Tiffin Box - Stainless Steel, Pink - PK BB 581 1", "product_brand": "Tedemei", "combo": []}, {"category": "Kitchen, Garden & Pets", "sub_category_name": "Steel Utensils", "product_name": "Lunch Box-Tiffin Set - Stainless Steel,Blue - Blue\u00c2 BB 578 1", "product_brand": "Tedemei", "combo": []}, {"category": "Kitchen, Garden & Pets", "sub_category_name": "Steel Utensils", "product_name": "Lunch Box-Tiffin Set - Stainless Steel, Pink - PK BB 578 2", "product_brand": "Tedemei", "combo": []}, {"category": "Kitchen, Garden & Pets", "sub_category_name": "Steel Utensils", "product_name": "Stainless Steel Lunch Box/Tiffin Set - Red, BB 577 2", "product_brand": "Tedemei", "combo": []}, {"category": "Kitchen, Garden & Pets", "sub_category_name": "Steel Utensils", "product_name": "Stainless Steel Lunch Box With Insulated Bag - HL-1321", "product_brand": "Steel Lock", "combo": []}, {"category": "Kitchen, Garden & Pets", "sub_category_name": "Steel Utensils", "product_name": "Stainless Steel Tea/Sugar Storage Canister", "product_brand": "Swastik Steel", "combo": []}, {"category": "Kitchen, Garden & Pets", "sub_category_name": "Steel Utensils", "product_name": "Stainless Steel Salt & Pepper Set - Aura", "product_brand": "Swastik Steel", "combo": []}, {"category": "Kitchen, Garden & Pets", "sub_category_name": "Steel Utensils", "product_name": "Stainless Steel Storage Container - Mirror Finish, Convex", "product_brand": "Aagam", "combo": []}, {"category": "Kitchen, Garden & Pets", "sub_category_name": "Steel Utensils", "product_name": "Stainless Steel Tea/Sugar/Coffee Container - Mirror Finish", "product_brand": "Aagam", "combo": []}, {"category": "Kitchen, Garden & Pets", "sub_category_name": "Steel Utensils", "product_name": "Copper Water Jug With Glass Set - Hammered", "product_brand": "Frestol", "combo": []}, {"category": "Kitchen, Garden & Pets", "sub_category_name": "Steel Utensils", "product_name": "Stainless Steel Lunch Box With Insulated Bag - HL-1341", "product_brand": "Steel Lock", "combo": []}, {"category": "Kitchen, Garden & Pets", "sub_category_name": "Steel Utensils", "product_name": "Steel Storage/Lunch Container - No.41, Pink, Klip It", "product_brand": "Joyo Steel", "combo": []}, {"category": "Kitchen, Garden & Pets", "sub_category_name": "Steel Utensils", "product_name": "Copper Steel Water Bottle/Jug", "product_brand": "Frestol", "combo": []}, {"category": "Kitchen, Garden & Pets", "sub_category_name": "Steel Utensils", "product_name": "Stainless Steel Lunch Box/ Tiffin Set - Rectangular, Blue, BB 571 1", "product_brand": "Homio", "combo": []}, {"category": "Kitchen, Garden & Pets", "sub_category_name": "Steel Utensils", "product_name": "Stainless Steel Lunch Box/ Tiffin Set - Rectangular, Red, BB 571 3", "product_brand": "Homio", "combo": []}, {"category": "Kitchen, Garden & Pets", "sub_category_name": "Steel Utensils", "product_name": "Stainless Steel Tea Cup - Double Wall, Apple", "product_brand": "Swastik Steel", "combo": []}, {"category": "Kitchen, Garden & Pets", "sub_category_name": "Steel Utensils", "product_name": "Copper Glass Tumbler - Hammered", "product_brand": "Mr.Copper King", "combo": []}, {"category": "Kitchen, Garden & Pets", "sub_category_name": "Steel Utensils", "product_name": "Steel Storage/Lunch Container - No.41, Grey, Klip It", "product_brand": "Joyo Steel", "combo": []}, {"category": "Kitchen, Garden & Pets", "sub_category_name": "Steel Utensils", "product_name": "Steel Storage/Lunch Container - No.42, Grey, Klip It", "product_brand": "Joyo Steel", "combo": []}, {"category": "Kitchen, Garden & Pets", "sub_category_name": "Steel Utensils", "product_name": "Food Container-Tiffin Box - Stainless Steel, Green - Gr BB 581 3", "product_brand": "Tedemei", "combo": []}, {"category": "Kitchen, Garden & Pets", "sub_category_name": "Steel Utensils", "product_name": "Food Container-Tiffin Box - Stainless Steel, Pink - PK BB 581 1", "product_brand": "Tedemei", "combo": []}, {"category": "Kitchen, Garden & Pets", "sub_category_name": "Steel Utensils", "product_name": "Lunch Box-Tiffin Set - Stainless Steel,Blue - Blue\u00c2 BB 578 1", "product_brand": "Tedemei", "combo": []}, {"category": "Kitchen, Garden & Pets", "sub_category_name": "Steel Utensils", "product_name": "Lunch Box-Tiffin Set - Stainless Steel, Pink - PK BB 578 2", "product_brand": "Tedemei", "combo": []}, {"category": "Kitchen, Garden & Pets", "sub_category_name": "Steel Utensils", "product_name": "Stainless Steel Lunch Box/Tiffin Set - Red, BB 577 2", "product_brand": "Tedemei", "combo": []}, {"category": "Kitchen, Garden & Pets", "sub_category_name": "Steel Utensils", "product_name": "Stainless Steel Lunch Box With Insulated Bag - HL-1321", "product_brand": "Steel Lock", "combo": []}, {"category": "Kitchen, Garden & Pets", "sub_category_name": "Steel Utensils", "product_name": "Stainless Steel Tea/Sugar Storage Canister", "product_brand": "Swastik Steel", "combo": []}, {"category": "Kitchen, Garden & Pets", "sub_category_name": "Steel Utensils", "product_name": "Stainless Steel Salt & Pepper Set - Aura", "product_brand": "Swastik Steel", "combo": []}, {"category": "Kitchen, Garden & Pets", "sub_category_name": "Steel Utensils", "product_name": "Stainless Steel Storage Container - Mirror Finish, Convex", "product_brand": "Aagam", "combo": []}, {"category": "Kitchen, Garden & Pets", "sub_category_name": "Steel Utensils", "product_name": "Stainless Steel Tea/Sugar/Coffee Container - Mirror Finish", "product_brand": "Aagam", "combo": []}, {"category": "Kitchen, Garden & Pets", "sub_category_name": "Steel Utensils", "product_name": "Copper Water Jug With Glass Set - Hammered", "product_brand": "Frestol", "combo": []}, {"category": "Kitchen, Garden & Pets", "sub_category_name": "Steel Utensils", "product_name": "Stainless Steel Lunch Box With Insulated Bag - HL-1341", "product_brand": "Steel Lock", "combo": []}, {"category": "Kitchen, Garden & Pets", "sub_category_name": "Steel Utensils", "product_name": "Steel Storage/Lunch Container - No.41, Pink, Klip It", "product_brand": "Joyo Steel", "combo": []}, {"category": "Kitchen, Garden & Pets", "sub_category_name": "Steel Utensils", "product_name": "Copper Steel Water Bottle/Jug", "product_brand": "Frestol", "combo": []}, {"category": "Kitchen, Garden & Pets", "sub_category_name": "Steel Utensils", "product_name": "Stainless Steel Lunch Box/ Tiffin Set - Rectangular, Blue, BB 571 1", "product_brand": "Homio", "combo": []}, {"category": "Kitchen, Garden & Pets", "sub_category_name": "Steel Utensils", "product_name": "Stainless Steel Lunch Box/ Tiffin Set - Rectangular, Red, BB 571 3", "product_brand": "Homio", "combo": []}, {"category": "Kitchen, Garden & Pets", "sub_category_name": "Steel Utensils", "product_name": "Stainless Steel Tea Cup - Double Wall, Apple", "product_brand": "Swastik Steel", "combo": []}, {"category": "Kitchen, Garden & Pets", "sub_category_name": "Steel Utensils", "product_name": "Copper Glass Tumbler - Hammered", "product_brand": "Mr.Copper King", "combo": []}, {"category": "Kitchen, Garden & Pets", "sub_category_name": "Steel Utensils", "product_name": "Steel Storage/Lunch Container - No.41, Grey, Klip It", "product_brand": "Joyo Steel", "combo": []}, {"category": "Kitchen, Garden & Pets", "sub_category_name": "Steel Utensils", "product_name": "Steel Storage/Lunch Container - No.42, Grey, Klip It", "product_brand": "Joyo Steel", "combo": []}, {"category": "Kitchen, Garden & Pets", "sub_category_name": "Steel Utensils", "product_name": "Food Container-Tiffin Box - Stainless Steel, Green - Gr BB 581 3", "product_brand": "Tedemei", "combo": []}, {"category": "Kitchen, Garden & Pets", "sub_category_name": "Steel Utensils", "product_name": "Food Container-Tiffin Box - Stainless Steel, Pink - PK BB 581 1", "product_brand": "Tedemei", "combo": []}, {"category": "Kitchen, Garden & Pets", "sub_category_name": "Steel Utensils", "product_name": "Lunch Box-Tiffin Set - Stainless Steel,Blue - Blue\u00c2 BB 578 1", "product_brand": "Tedemei", "combo": []}, {"category": "Kitchen, Garden & Pets", "sub_category_name": "Steel Utensils", "product_name": "Lunch Box-Tiffin Set - Stainless Steel, Pink - PK BB 578 2", "product_brand": "Tedemei", "combo": []}, {"category": "Kitchen, Garden & Pets", "sub_category_name": "Steel Utensils", "product_name": "Stainless Steel Lunch Box/Tiffin Set - Red, BB 577 2", "product_brand": "Tedemei", "combo": []}, {"category": "Kitchen, Garden & Pets", "sub_category_name": "Steel Utensils", "product_name": "Stainless Steel Lunch Box With Insulated Bag - HL-1321", "product_brand": "Steel Lock", "combo": []}, {"category": "Kitchen, Garden & Pets", "sub_category_name": "Steel Utensils", "product_name": "Stainless Steel Tea/Sugar Storage Canister", "product_brand": "Swastik Steel", "combo": []}, {"category": "Kitchen, Garden & Pets", "sub_category_name": "Steel Utensils", "product_name": "Stainless Steel Salt & Pepper Set - Aura", "product_brand": "Swastik Steel", "combo": []}, {"category": "Kitchen, Garden & Pets", "sub_category_name": "Steel Utensils", "product_name": "Stainless Steel Storage Container - Mirror Finish, Convex", "product_brand": "Aagam", "combo": []}, {"category": "Kitchen, Garden & Pets", "sub_category_name": "Steel Utensils", "product_name": "Stainless Steel Tea/Sugar/Coffee Container - Mirror Finish", "product_brand": "Aagam", "combo": []}, {"category": "Kitchen, Garden & Pets", "sub_category_name": "Steel Utensils", "product_name": "Copper Water Jug With Glass Set - Hammered", "product_brand": "Frestol", "combo": []}, {"category": "Kitchen, Garden & Pets", "sub_category_name": "Steel Utensils", "product_name": "Stainless Steel Lunch Box With Insulated Bag - HL-1341", "product_brand": "Steel Lock", "combo": []}, {"category": "Kitchen, Garden & Pets", "sub_category_name": "Steel Utensils", "product_name": "Steel Storage/Lunch Container - No.41, Pink, Klip It", "product_brand": "Joyo Steel", "combo": []}, {"category": "Kitchen, Garden & Pets", "sub_category_name": "Steel Utensils", "product_name": "Copper Steel Water Bottle/Jug", "product_brand": "Frestol", "combo": []}, {"category": "Kitchen, Garden & Pets", "sub_category_name": "Steel Utensils", "product_name": "Stainless Steel Lunch Box/ Tiffin Set - Rectangular, Blue, BB 571 1", "product_brand": "Homio", "combo": []}, {"category": "Kitchen, Garden & Pets", "sub_category_name": "Steel Utensils", "product_name": "Stainless Steel Lunch Box/ Tiffin Set - Rectangular, Red, BB 571 3", "product_brand": "Homio", "combo": []}, {"category": "Kitchen, Garden & Pets", "sub_category_name": "Steel Utensils", "product_name": "Stainless Steel Tea Cup - Double Wall, Apple", "product_brand": "Swastik Steel", "combo": []}, {"category": "Kitchen, Garden & Pets", "sub_category_name": "Steel Utensils", "product_name": "Copper Glass Tumbler - Hammered", "product_brand": "Mr.Copper King", "combo": []}, {"category": "Kitchen, Garden & Pets", "sub_category_name": "Steel Utensils", "product_name": "Steel Coffee Filter & Glass/Vati Set", "product_brand": "Omega", "combo": []}, {"category": "Kitchen, Garden & Pets", "sub_category_name": "Steel Utensils", "product_name": "Stainless Steel Dinner Set", "product_brand": "Omega", "combo": []}, {"category": "Kitchen, Garden & Pets", "sub_category_name": "Steel Utensils", "product_name": "Copper Water Jug - Plain", "product_brand": "Mr.Copper King", "combo": []}, {"category": "Kitchen, Garden & Pets", "sub_category_name": "Steel Utensils", "product_name": "Steel Lunch/Tiffin Box - Small, Local Byte", "product_brand": "NanoNine", "combo": []}, {"category": "Kitchen, Garden & Pets", "sub_category_name": "Steel Utensils", "product_name": "Steel Lunch/Tiffin Box - Medium, Clip On", "product_brand": "NanoNine", "combo": []}, {"category": "Kitchen, Garden & Pets", "sub_category_name": "Steel Utensils", "product_name": "Steel Lunch/Tiffin Box - Large, Clip On", "product_brand": "NanoNine", "combo": []}, {"category": "Kitchen, Garden & Pets", "sub_category_name": "Steel Utensils", "product_name": "Lunch Box/Tiffin Stainless Steel with Steel Lid - Duo", "product_brand": "NanoNine", "combo": []}, {"category": "Kitchen, Garden & Pets", "sub_category_name": "Steel Utensils", "product_name": "Lunch Box/Tiffin Stainless Steel With Steel Lid - Duo", "product_brand": "NanoNine", "combo": []}, {"category": "Kitchen, Garden & Pets", "sub_category_name": "Steel Utensils", "product_name": "Stainless Steel Lunch Box With Insulated Bag - HL-1251", "product_brand": "Steel Lock", "combo": []}, {"category": "Kitchen, Garden & Pets", "sub_category_name": "Steel Utensils", "product_name": "Stainless Steel Airtight Storage Container - SL-1201", "product_brand": "Steel Lock", "combo": []}, {"category": "Kitchen, Garden & Pets", "sub_category_name": "Steel Utensils", "product_name": "Steel Belly Shape Storage Dabba/ Container Set With PP Lid - Silver & White", "product_brand": "Jensons", "combo": []}, {"category": "Kitchen, Garden & Pets", "sub_category_name": "Steel Utensils", "product_name": "Steel Smiley Puri Dabba/Container Set With Lid", "product_brand": "Neelam", "combo": []}, {"category": "Kitchen, Garden & Pets", "sub_category_name": "Steel Utensils", "product_name": "Steel Storage Container/Deep Dabba/Canister - No. 13", "product_brand": "Neelam", "combo": []}, {"category": "Kitchen, Garden & Pets", "sub_category_name": "Steel Utensils", "product_name": "Steel Storage Deep Dabba/ Container Set With PP Lid - Silver & Blue", "product_brand": "Jensons", "combo": []}, {"category": "Kitchen, Garden & Pets", "sub_category_name": "Steel Utensils", "product_name": "Steel Belly Shape Storage Dabba/ Container Set With PP Lid - Silver & Blue", "product_brand": "Jensons", "combo": []}, {"category": "Kitchen, Garden & Pets", "sub_category_name": "Steel Utensils", "product_name": "Steel Belly Shape Storage Dabba/ Container Set With PP Lid - Silver & Purple", "product_brand": "Jensons", "combo": []}, {"category": "Kitchen, Garden & Pets", "sub_category_name": "Steel Utensils", "product_name": "Steel Belly Shape Storage Dabba/ Container Set With Transparent PP Lid - Blue & White", "product_brand": "Jensons", "combo": []}, {"category": "Kitchen, Garden & Pets", "sub_category_name": "Steel Utensils", "product_name": "Storage Container/Canister/Deep Dabba Convex, Matte Finish", "product_brand": "Aagam", "combo": []}, {"category": "Kitchen, Garden & Pets", "sub_category_name": "Steel Utensils", "product_name": "Lunch Box/Tiffin Stainless Steel - Small, Brunch", "product_brand": "NanoNine", "combo": []}, {"category": "Kitchen, Garden & Pets", "sub_category_name": "Steel Utensils", "product_name": "Steel Lunch/Tiffin Box With 2 Containers - 7X2", "product_brand": "BB Home", "combo": []}, {"category": "Kitchen, Garden & Pets", "sub_category_name": "Steel Utensils", "product_name": "Steel Coffee Filter & Glass/Vati Set", "product_brand": "Omega", "combo": []}, {"category": "Kitchen, Garden & Pets", "sub_category_name": "Steel Utensils", "product_name": "Stainless Steel Dinner Set", "product_brand": "Omega", "combo": []}, {"category": "Kitchen, Garden & Pets", "sub_category_name": "Steel Utensils", "product_name": "Copper Water Jug - Plain", "product_brand": "Mr.Copper King", "combo": []}, {"category": "Kitchen, Garden & Pets", "sub_category_name": "Steel Utensils", "product_name": "Steel Lunch/Tiffin Box - Small, Local Byte", "product_brand": "NanoNine", "combo": []}, {"category": "Kitchen, Garden & Pets", "sub_category_name": "Steel Utensils", "product_name": "Steel Lunch/Tiffin Box - Medium, Clip On", "product_brand": "NanoNine", "combo": []}, {"category": "Kitchen, Garden & Pets", "sub_category_name": "Steel Utensils", "product_name": "Steel Lunch/Tiffin Box - Large, Clip On", "product_brand": "NanoNine", "combo": []}, {"category": "Kitchen, Garden & Pets", "sub_category_name": "Steel Utensils", "product_name": "Lunch Box/Tiffin Stainless Steel with Steel Lid - Duo", "product_brand": "NanoNine", "combo": []}, {"category": "Kitchen, Garden & Pets", "sub_category_name": "Steel Utensils", "product_name": "Lunch Box/Tiffin Stainless Steel With Steel Lid - Duo", "product_brand": "NanoNine", "combo": []}, {"category": "Kitchen, Garden & Pets", "sub_category_name": "Steel Utensils", "product_name": "Stainless Steel Lunch Box With Insulated Bag - HL-1251", "product_brand": "Steel Lock", "combo": []}, {"category": "Kitchen, Garden & Pets", "sub_category_name": "Steel Utensils", "product_name": "Stainless Steel Airtight Storage Container - SL-1201", "product_brand": "Steel Lock", "combo": []}, {"category": "Kitchen, Garden & Pets", "sub_category_name": "Steel Utensils", "product_name": "Steel Belly Shape Storage Dabba/ Container Set With PP Lid - Silver & White", "product_brand": "Jensons", "combo": []}, {"category": "Kitchen, Garden & Pets", "sub_category_name": "Steel Utensils", "product_name": "Steel Smiley Puri Dabba/Container Set With Lid", "product_brand": "Neelam", "combo": []}, {"category": "Kitchen, Garden & Pets", "sub_category_name": "Steel Utensils", "product_name": "Steel Storage Container/Deep Dabba/Canister - No. 13", "product_brand": "Neelam", "combo": []}, {"category": "Kitchen, Garden & Pets", "sub_category_name": "Steel Utensils", "product_name": "Steel Storage Deep Dabba/ Container Set With PP Lid - Silver & Blue", "product_brand": "Jensons", "combo": []}, {"category": "Kitchen, Garden & Pets", "sub_category_name": "Steel Utensils", "product_name": "Steel Belly Shape Storage Dabba/ Container Set With PP Lid - Silver & Blue", "product_brand": "Jensons", "combo": []}, {"category": "Kitchen, Garden & Pets", "sub_category_name": "Steel Utensils", "product_name": "Steel Belly Shape Storage Dabba/ Container Set With PP Lid - Silver & Purple", "product_brand": "Jensons", "combo": []}, {"category": "Kitchen, Garden & Pets", "sub_category_name": "Steel Utensils", "product_name": "Steel Belly Shape Storage Dabba/ Container Set With Transparent PP Lid - Blue & White", "product_brand": "Jensons", "combo": []}, {"category": "Kitchen, Garden & Pets", "sub_category_name": "Steel Utensils", "product_name": "Storage Container/Canister/Deep Dabba Convex, Matte Finish", "product_brand": "Aagam", "combo": []}, {"category": "Kitchen, Garden & Pets", "sub_category_name": "Steel Utensils", "product_name": "Lunch Box/Tiffin Stainless Steel - Small, Brunch", "product_brand": "NanoNine", "combo": []}, {"category": "Kitchen, Garden & Pets", "sub_category_name": "Steel Utensils", "product_name": "Steel Lunch/Tiffin Box With 2 Containers - 7X2", "product_brand": "BB Home", "combo": []}, {"category": "Kitchen, Garden & Pets", "sub_category_name": "Steel Utensils", "product_name": "Steel Coffee Filter & Glass/Vati Set", "product_brand": "Omega", "combo": []}, {"category": "Kitchen, Garden & Pets", "sub_category_name": "Steel Utensils", "product_name": "Stainless Steel Dinner Set", "product_brand": "Omega", "combo": []}, {"category": "Kitchen, Garden & Pets", "sub_category_name": "Steel Utensils", "product_name": "Copper Water Jug - Plain", "product_brand": "Mr.Copper King", "combo": []}, {"category": "Kitchen, Garden & Pets", "sub_category_name": "Steel Utensils", "product_name": "Steel Lunch/Tiffin Box - Small, Local Byte", "product_brand": "NanoNine", "combo": []}, {"category": "Kitchen, Garden & Pets", "sub_category_name": "Steel Utensils", "product_name": "Steel Lunch/Tiffin Box - Medium, Clip On", "product_brand": "NanoNine", "combo": []}, {"category": "Kitchen, Garden & Pets", "sub_category_name": "Steel Utensils", "product_name": "Steel Lunch/Tiffin Box - Large, Clip On", "product_brand": "NanoNine", "combo": []}, {"category": "Kitchen, Garden & Pets", "sub_category_name": "Steel Utensils", "product_name": "Lunch Box/Tiffin Stainless Steel with Steel Lid - Duo", "product_brand": "NanoNine", "combo": []}, {"category": "Kitchen, Garden & Pets", "sub_category_name": "Steel Utensils", "product_name": "Lunch Box/Tiffin Stainless Steel With Steel Lid - Duo", "product_brand": "NanoNine", "combo": []}, {"category": "Kitchen, Garden & Pets", "sub_category_name": "Steel Utensils", "product_name": "Stainless Steel Lunch Box With Insulated Bag - HL-1251", "product_brand": "Steel Lock", "combo": []}, {"category": "Kitchen, Garden & Pets", "sub_category_name": "Steel Utensils", "product_name": "Stainless Steel Airtight Storage Container - SL-1201", "product_brand": "Steel Lock", "combo": []}, {"category": "Kitchen, Garden & Pets", "sub_category_name": "Steel Utensils", "product_name": "Steel Belly Shape Storage Dabba/ Container Set With PP Lid - Silver & White", "product_brand": "Jensons", "combo": []}, {"category": "Kitchen, Garden & Pets", "sub_category_name": "Steel Utensils", "product_name": "Steel Smiley Puri Dabba/Container Set With Lid", "product_brand": "Neelam", "combo": []}, {"category": "Kitchen, Garden & Pets", "sub_category_name": "Steel Utensils", "product_name": "Steel Storage Container/Deep Dabba/Canister - No. 13", "product_brand": "Neelam", "combo": []}, {"category": "Kitchen, Garden & Pets", "sub_category_name": "Steel Utensils", "product_name": "Steel Storage Deep Dabba/ Container Set With PP Lid - Silver & Blue", "product_brand": "Jensons", "combo": []}, {"category": "Kitchen, Garden & Pets", "sub_category_name": "Steel Utensils", "product_name": "Steel Belly Shape Storage Dabba/ Container Set With PP Lid - Silver & Blue", "product_brand": "Jensons", "combo": []}, {"category": "Kitchen, Garden & Pets", "sub_category_name": "Steel Utensils", "product_name": "Steel Belly Shape Storage Dabba/ Container Set With PP Lid - Silver & Purple", "product_brand": "Jensons", "combo": []}, {"category": "Kitchen, Garden & Pets", "sub_category_name": "Steel Utensils", "product_name": "Steel Belly Shape Storage Dabba/ Container Set With Transparent PP Lid - Blue & White", "product_brand": "Jensons", "combo": []}, {"category": "Kitchen, Garden & Pets", "sub_category_name": "Steel Utensils", "product_name": "Storage Container/Canister/Deep Dabba Convex, Matte Finish", "product_brand": "Aagam", "combo": []}, {"category": "Kitchen, Garden & Pets", "sub_category_name": "Steel Utensils", "product_name": "Lunch Box/Tiffin Stainless Steel - Small, Brunch", "product_brand": "NanoNine", "combo": []}, {"category": "Kitchen, Garden & Pets", "sub_category_name": "Steel Utensils", "product_name": "Steel Lunch/Tiffin Box With 2 Containers - 7X2", "product_brand": "BB Home", "combo": []}, {"category": "Kitchen, Garden & Pets", "sub_category_name": "Steel Utensils", "product_name": "Copper Water Glass - Matt Finish, BBGL12", "product_brand": "BB Home", "combo": []}, {"category": "Kitchen, Garden & Pets", "sub_category_name": "Steel Utensils", "product_name": "Copper Bottle - Diamond Mirror Finish, BBCB14", "product_brand": "BB Home", "combo": []}, {"category": "Kitchen, Garden & Pets", "sub_category_name": "Steel Utensils", "product_name": "Stainless Steel Lunch Box With Insulated Bag - HL-1241", "product_brand": "Steel Lock", "combo": []}, {"category": "Kitchen, Garden & Pets", "sub_category_name": "Steel Utensils", "product_name": "Stainless Steel Lunch Box With Insulated Bag - HL-1331", "product_brand": "Steel Lock", "combo": []}, {"category": "Kitchen, Garden & Pets", "sub_category_name": "Steel Utensils", "product_name": "Copper Water Fliptop Bottle", "product_brand": "Frestol", "combo": []}, {"category": "Kitchen, Garden & Pets", "sub_category_name": "Steel Utensils", "product_name": "Copper Water Fliptop Bottle - Stripes", "product_brand": "Frestol", "combo": []}, {"category": "Kitchen, Garden & Pets", "sub_category_name": "Steel Utensils", "product_name": "Copper Water Fliptop Bottle - Hammered, Plain", "product_brand": "Frestol", "combo": []}, {"category": "Kitchen, Garden & Pets", "sub_category_name": "Steel Utensils", "product_name": "Stainless Steel Food Container/ Tiffin Box - Pink, Circular, BB 572 2", "product_brand": "Homio", "combo": []}, {"category": "Kitchen, Garden & Pets", "sub_category_name": "Steel Utensils", "product_name": "Steel Bowl/Vati/Katori - No. 3.5, Chutney", "product_brand": "BB Home", "combo": []}, {"category": "Kitchen, Garden & Pets", "sub_category_name": "Steel Utensils", "product_name": "Steel Masala Dabba/Spice Container - No. 12", "product_brand": "BB Home", "combo": []}, {"category": "Kitchen, Garden & Pets", "sub_category_name": "Steel Utensils", "product_name": "Steel Pav Bhaji/Idli Plate - Oval Shape", "product_brand": "BB Home", "combo": []}, {"category": "Kitchen, Garden & Pets", "sub_category_name": "Steel Utensils", "product_name": "Steel Patila With Copper Bottom - No.8", "product_brand": "BB Home", "combo": []}, {"category": "Kitchen, Garden & Pets", "sub_category_name": "Steel Utensils", "product_name": "Steel Patila With Copper Bottom - No.10", "product_brand": "BB Home", "combo": []}, {"category": "Kitchen, Garden & Pets", "sub_category_name": "Steel Utensils", "product_name": "Steel Patila With Copper Bottom - No.12", "product_brand": "BB Home", "combo": []}, {"category": "Kitchen, Garden & Pets", "sub_category_name": "Steel Utensils", "product_name": "Steel Kadhai With Copper Bottom - No.12", "product_brand": "BB Home", "combo": []}, {"category": "Kitchen, Garden & Pets", "sub_category_name": "Steel Utensils", "product_name": "Steel Copper Bottom Handi - No. 10", "product_brand": "BB Home", "combo": []}, {"category": "Kitchen, Garden & Pets", "sub_category_name": "Steel Utensils", "product_name": "Steel Copper Bottom Handi - No. 11", "product_brand": "BB Home", "combo": []}, {"category": "Kitchen, Garden & Pets", "sub_category_name": "Steel Utensils", "product_name": "Steel Copper Bottom Handi - No. 12", "product_brand": "BB Home", "combo": []}, {"category": "Kitchen, Garden & Pets", "sub_category_name": "Steel Utensils", "product_name": "Copper Steel Bottom/Vanna Chetty - No.10", "product_brand": "BB Home", "combo": []}, {"category": "Kitchen, Garden & Pets", "sub_category_name": "Steel Utensils", "product_name": "Copper Steel Bottom/Vanna Chetty - No.12", "product_brand": "BB Home", "combo": []}, {"category": "Kitchen, Garden & Pets", "sub_category_name": "Steel Utensils", "product_name": "Copper Water Glass - Matt Finish, BBGL12", "product_brand": "BB Home", "combo": []}, {"category": "Kitchen, Garden & Pets", "sub_category_name": "Steel Utensils", "product_name": "Copper Bottle - Diamond Mirror Finish, BBCB14", "product_brand": "BB Home", "combo": []}, {"category": "Kitchen, Garden & Pets", "sub_category_name": "Steel Utensils", "product_name": "Stainless Steel Lunch Box With Insulated Bag - HL-1241", "product_brand": "Steel Lock", "combo": []}, {"category": "Kitchen, Garden & Pets", "sub_category_name": "Steel Utensils", "product_name": "Stainless Steel Lunch Box With Insulated Bag - HL-1331", "product_brand": "Steel Lock", "combo": []}, {"category": "Kitchen, Garden & Pets", "sub_category_name": "Steel Utensils", "product_name": "Copper Water Fliptop Bottle", "product_brand": "Frestol", "combo": []}, {"category": "Kitchen, Garden & Pets", "sub_category_name": "Steel Utensils", "product_name": "Copper Water Fliptop Bottle - Stripes", "product_brand": "Frestol", "combo": []}, {"category": "Kitchen, Garden & Pets", "sub_category_name": "Steel Utensils", "product_name": "Copper Water Fliptop Bottle - Hammered, Plain", "product_brand": "Frestol", "combo": []}, {"category": "Kitchen, Garden & Pets", "sub_category_name": "Steel Utensils", "product_name": "Stainless Steel Food Container/ Tiffin Box - Pink, Circular, BB 572 2", "product_brand": "Homio", "combo": []}, {"category": "Kitchen, Garden & Pets", "sub_category_name": "Steel Utensils", "product_name": "Steel Bowl/Vati/Katori - No. 3.5, Chutney", "product_brand": "BB Home", "combo": []}, {"category": "Kitchen, Garden & Pets", "sub_category_name": "Steel Utensils", "product_name": "Steel Masala Dabba/Spice Container - No. 12", "product_brand": "BB Home", "combo": []}, {"category": "Kitchen, Garden & Pets", "sub_category_name": "Steel Utensils", "product_name": "Steel Pav Bhaji/Idli Plate - Oval Shape", "product_brand": "BB Home", "combo": []}, {"category": "Kitchen, Garden & Pets", "sub_category_name": "Steel Utensils", "product_name": "Steel Patila With Copper Bottom - No.8", "product_brand": "BB Home", "combo": []}, {"category": "Kitchen, Garden & Pets", "sub_category_name": "Steel Utensils", "product_name": "Steel Patila With Copper Bottom - No.10", "product_brand": "BB Home", "combo": []}, {"category": "Kitchen, Garden & Pets", "sub_category_name": "Steel Utensils", "product_name": "Steel Patila With Copper Bottom - No.12", "product_brand": "BB Home", "combo": []}, {"category": "Kitchen, Garden & Pets", "sub_category_name": "Steel Utensils", "product_name": "Steel Kadhai With Copper Bottom - No.12", "product_brand": "BB Home", "combo": []}, {"category": "Kitchen, Garden & Pets", "sub_category_name": "Steel Utensils", "product_name": "Steel Copper Bottom Handi - No. 10", "product_brand": "BB Home", "combo": []}, {"category": "Kitchen, Garden & Pets", "sub_category_name": "Steel Utensils", "product_name": "Steel Copper Bottom Handi - No. 11", "product_brand": "BB Home", "combo": []}, {"category": "Kitchen, Garden & Pets", "sub_category_name": "Steel Utensils", "product_name": "Steel Copper Bottom Handi - No. 12", "product_brand": "BB Home", "combo": []}, {"category": "Kitchen, Garden & Pets", "sub_category_name": "Steel Utensils", "product_name": "Copper Steel Bottom/Vanna Chetty - No.10", "product_brand": "BB Home", "combo": []}, {"category": "Kitchen, Garden & Pets", "sub_category_name": "Steel Utensils", "product_name": "Copper Steel Bottom/Vanna Chetty - No.12", "product_brand": "BB Home", "combo": []}, {"category": "Kitchen, Garden & Pets", "sub_category_name": "Steel Utensils", "product_name": "Dinner Set - Laser Etched, Premium Stainless Steel, Glory", "product_brand": "Classic Essentials", "combo": []}, {"category": "Kitchen, Garden & Pets", "sub_category_name": "Steel Utensils", "product_name": "Stainless Steel Lunch Box/Tiffin Set - Green - BB 575 3", "product_brand": "Tedemei", "combo": []}, {"category": "Kitchen, Garden & Pets", "sub_category_name": "Steel Utensils", "product_name": "Stainless Steel Lunch Box/Tiffin Set - Pink BB 575 1", "product_brand": "Tedemei", "combo": []}, {"category": "Kitchen, Garden & Pets", "sub_category_name": "Steel Utensils", "product_name": "Masala Dabba - Plain Belly", "product_brand": "Aagam", "combo": []}, {"category": "Kitchen, Garden & Pets", "sub_category_name": "Steel Utensils", "product_name": "Copper Bottle - Hammered Mirror Finish, BBCB09", "product_brand": "BB Home", "combo": []}, {"category": "Kitchen, Garden & Pets", "sub_category_name": "Steel Utensils", "product_name": "Copper Bottle - Matt Finish, Tulip, BBCB11", "product_brand": "BB Home", "combo": []}, {"category": "Kitchen, Garden & Pets", "sub_category_name": "Steel Utensils", "product_name": "Copper Water Glass - Hammered Mirror Finish, BBGL13", "product_brand": "BB Home", "combo": []}, {"category": "Kitchen, Garden & Pets", "sub_category_name": "Steel Utensils", "product_name": "Steel Storage/Lunch Container - No.1, Grey, Klip It", "product_brand": "Joyo Steel", "combo": []}, {"category": "Kitchen, Garden & Pets", "sub_category_name": "Steel Utensils", "product_name": "Copper Mug Plain With Brass Handle", "product_brand": "Mr.Copper King", "combo": []}, {"category": "Kitchen, Garden & Pets", "sub_category_name": "Steel Utensils", "product_name": "Steel Storage/Lunch Container - No.21, Blue, Klip It", "product_brand": "Joyo Steel", "combo": []}, {"category": "Kitchen, Garden & Pets", "sub_category_name": "Steel Utensils", "product_name": "Steel Storage/Lunch Container - No.42, Blue, Klip It", "product_brand": "Joyo Steel", "combo": []}, {"category": "Kitchen, Garden & Pets", "sub_category_name": "Steel Utensils", "product_name": "Steel Storage/Lunch Container - No.14, Grey, Klip It", "product_brand": "Joyo Steel", "combo": []}, {"category": "Kitchen, Garden & Pets", "sub_category_name": "Steel Utensils", "product_name": "Stainless Steel Diamond Bhojan Dinner Set", "product_brand": "Neelam", "combo": []}, {"category": "Kitchen, Garden & Pets", "sub_category_name": "Steel Utensils", "product_name": "Stainless Steel Lazer Etching Dinner Set", "product_brand": "Neelam", "combo": []}, {"category": "Kitchen, Garden & Pets", "sub_category_name": "Steel Utensils", "product_name": "Steel Storage Deep Dabba-Container Set With PP Lid - Silver & Purple", "product_brand": "Jensons", "combo": []}, {"category": "Kitchen, Garden & Pets", "sub_category_name": "Steel Utensils", "product_name": "Stainless Steel Storage/Lunch Food Container", "product_brand": "Vinayak", "combo": []}, {"category": "Kitchen, Garden & Pets", "sub_category_name": "Steel Utensils", "product_name": "Stainless Steel Lunch Box/Tiffin Set - Green BB573GRN", "product_brand": "Tedemei", "combo": []}, {"category": "Kitchen, Garden & Pets", "sub_category_name": "Steel Utensils", "product_name": "Stainless Steel Lunch Box/Tiffin Set - Blue BB 573 2", "product_brand": "Tedemei", "combo": []}, {"category": "Kitchen, Garden & Pets", "sub_category_name": "Steel Utensils", "product_name": "Lunch Box/Tiffin Set - Green BB 570 2", "product_brand": "Tedemei", "combo": []}, {"category": "Kitchen, Garden & Pets", "sub_category_name": "Steel Utensils", "product_name": "Lunch Box-Tiffin Set - Stainless Steel,Green - Gr BB 578 3", "product_brand": "Tedemei", "combo": []}, {"category": "Kitchen, Garden & Pets", "sub_category_name": "Steel Utensils", "product_name": "Dinner Set - Laser Etched, Premium Stainless Steel, Glory", "product_brand": "Classic Essentials", "combo": []}, {"category": "Kitchen, Garden & Pets", "sub_category_name": "Steel Utensils", "product_name": "Stainless Steel Lunch Box/Tiffin Set - Green - BB 575 3", "product_brand": "Tedemei", "combo": []}, {"category": "Kitchen, Garden & Pets", "sub_category_name": "Steel Utensils", "product_name": "Stainless Steel Lunch Box/Tiffin Set - Pink BB 575 1", "product_brand": "Tedemei", "combo": []}, {"category": "Kitchen, Garden & Pets", "sub_category_name": "Steel Utensils", "product_name": "Masala Dabba - Plain Belly", "product_brand": "Aagam", "combo": []}, {"category": "Kitchen, Garden & Pets", "sub_category_name": "Steel Utensils", "product_name": "Copper Bottle - Hammered Mirror Finish, BBCB09", "product_brand": "BB Home", "combo": []}, {"category": "Kitchen, Garden & Pets", "sub_category_name": "Steel Utensils", "product_name": "Copper Bottle - Matt Finish, Tulip, BBCB11", "product_brand": "BB Home", "combo": []}, {"category": "Kitchen, Garden & Pets", "sub_category_name": "Steel Utensils", "product_name": "Copper Water Glass - Hammered Mirror Finish, BBGL13", "product_brand": "BB Home", "combo": []}, {"category": "Kitchen, Garden & Pets", "sub_category_name": "Steel Utensils", "product_name": "Steel Storage/Lunch Container - No.1, Grey, Klip It", "product_brand": "Joyo Steel", "combo": []}, {"category": "Kitchen, Garden & Pets", "sub_category_name": "Steel Utensils", "product_name": "Copper Mug Plain With Brass Handle", "product_brand": "Mr.Copper King", "combo": []}, {"category": "Kitchen, Garden & Pets", "sub_category_name": "Steel Utensils", "product_name": "Steel Storage/Lunch Container - No.21, Blue, Klip It", "product_brand": "Joyo Steel", "combo": []}, {"category": "Kitchen, Garden & Pets", "sub_category_name": "Steel Utensils", "product_name": "Steel Storage/Lunch Container - No.42, Blue, Klip It", "product_brand": "Joyo Steel", "combo": []}, {"category": "Kitchen, Garden & Pets", "sub_category_name": "Steel Utensils", "product_name": "Steel Storage/Lunch Container - No.14, Grey, Klip It", "product_brand": "Joyo Steel", "combo": []}, {"category": "Kitchen, Garden & Pets", "sub_category_name": "Steel Utensils", "product_name": "Stainless Steel Diamond Bhojan Dinner Set", "product_brand": "Neelam", "combo": []}, {"category": "Kitchen, Garden & Pets", "sub_category_name": "Steel Utensils", "product_name": "Stainless Steel Lazer Etching Dinner Set", "product_brand": "Neelam", "combo": []}, {"category": "Kitchen, Garden & Pets", "sub_category_name": "Steel Utensils", "product_name": "Steel Storage Deep Dabba-Container Set With PP Lid - Silver & Purple", "product_brand": "Jensons", "combo": []}, {"category": "Kitchen, Garden & Pets", "sub_category_name": "Steel Utensils", "product_name": "Stainless Steel Storage/Lunch Food Container", "product_brand": "Vinayak", "combo": []}, {"category": "Kitchen, Garden & Pets", "sub_category_name": "Steel Utensils", "product_name": "Stainless Steel Lunch Box/Tiffin Set - Green BB573GRN", "product_brand": "Tedemei", "combo": []}, {"category": "Kitchen, Garden & Pets", "sub_category_name": "Steel Utensils", "product_name": "Stainless Steel Lunch Box/Tiffin Set - Blue BB 573 2", "product_brand": "Tedemei", "combo": []}, {"category": "Kitchen, Garden & Pets", "sub_category_name": "Steel Utensils", "product_name": "Lunch Box/Tiffin Set - Green BB 570 2", "product_brand": "Tedemei", "combo": []}, {"category": "Kitchen, Garden & Pets", "sub_category_name": "Steel Utensils", "product_name": "Lunch Box-Tiffin Set - Stainless Steel,Green - Gr BB 578 3", "product_brand": "Tedemei", "combo": []}, {"category": "Kitchen, Garden & Pets", "sub_category_name": "Steel Utensils", "product_name": "Stainless Steel Airtight Storage Container - SL-1202", "product_brand": "Steel Lock", "combo": []}, {"category": "Kitchen, Garden & Pets", "sub_category_name": "Steel Utensils", "product_name": "Stainless Steel Airtight Storage Container - SL-1302", "product_brand": "Steel Lock", "combo": []}, {"category": "Kitchen, Garden & Pets", "sub_category_name": "Steel Utensils", "product_name": "Stainless Steel Airtight Storage Container - SL-1401", "product_brand": "Steel Lock", "combo": []}, {"category": "Kitchen, Garden & Pets", "sub_category_name": "Steel Utensils", "product_name": "Stainless Steel Airtight Storage Container - SL-1402", "product_brand": "Steel Lock", "combo": []}, {"category": "Kitchen, Garden & Pets", "sub_category_name": "Steel Utensils", "product_name": "Stainless Steel Airtight Storage Container - SL-1403", "product_brand": "Steel Lock", "combo": []}, {"category": "Kitchen, Garden & Pets", "sub_category_name": "Steel Utensils", "product_name": "Stainless Steel Airtight Storage Container - SL-1501", "product_brand": "Steel Lock", "combo": []}, {"category": "Kitchen, Garden & Pets", "sub_category_name": "Steel Utensils", "product_name": "Stainles Steel Airtight Spice Container", "product_brand": "Steel Lock", "combo": []}, {"category": "Kitchen, Garden & Pets", "sub_category_name": "Steel Utensils", "product_name": "Steel Partition Plate - 14 Inch", "product_brand": "BB Home", "combo": []}, {"category": "Kitchen, Garden & Pets", "sub_category_name": "Steel Utensils", "product_name": "Steel Katori/Bowl - No. 9", "product_brand": "BB Home", "combo": []}, {"category": "Kitchen, Garden & Pets", "sub_category_name": "Steel Utensils", "product_name": "Steel Katori/Bowl - No. 10", "product_brand": "BB Home", "combo": []}, {"category": "Kitchen, Garden & Pets", "sub_category_name": "Steel Utensils", "product_name": "Steel Kadhai With Copper Bottom - No.10", "product_brand": "BB Home", "combo": []}, {"category": "Kitchen, Garden & Pets", "sub_category_name": "Steel Utensils", "product_name": "Copper Steel Bottom/Vanna Chetty - No. 9", "product_brand": "BB Home", "combo": []}, {"category": "Kitchen, Garden & Pets", "sub_category_name": "Steel Utensils", "product_name": "Steel Dinner Plate - No. 13, Khumcha", "product_brand": "BB Home", "combo": []}, {"category": "Kitchen, Garden & Pets", "sub_category_name": "Steel Utensils", "product_name": "Steel Dinner Plate - No. 14, Khumcha", "product_brand": "BB Home", "combo": []}, {"category": "Kitchen, Garden & Pets", "sub_category_name": "Steel Utensils", "product_name": "Steel Bowl/Vati/Katori - No. 4, Chutney", "product_brand": "BB Home", "combo": []}, {"category": "Kitchen, Garden & Pets", "sub_category_name": "Steel Utensils", "product_name": "Steel Oil Dispenser/Can/Bottle", "product_brand": "BB Home", "combo": []}, {"category": "Kitchen, Garden & Pets", "sub_category_name": "Steel Utensils", "product_name": "Lunch Box - Stainless Steel, Executive, Red", "product_brand": "Signoraware", "combo": []}, {"category": "Kitchen, Garden & Pets", "sub_category_name": "Steel Utensils", "product_name": "Lunch Box - Stainless Steel, Classic, Red", "product_brand": "Signoraware", "combo": []}, {"category": "Kitchen, Garden & Pets", "sub_category_name": "Steel Utensils", "product_name": "Lunch Box - Stainless Steel, Classic, Blue", "product_brand": "Signoraware", "combo": []}, {"category": "Kitchen, Garden & Pets", "sub_category_name": "Steel Utensils", "product_name": "Oil Dispenser", "product_brand": "Aagam", "combo": []}, {"category": "Kitchen, Garden & Pets", "sub_category_name": "Steel Utensils", "product_name": "Storage Container - Puri Dabba, Stainless Steel, No. 9", "product_brand": "Neelam", "combo": []}, {"category": "Kitchen, Garden & Pets", "sub_category_name": "Steel Utensils", "product_name": "Stainless Steel Storage Container - Mirror Finish, Convex", "product_brand": "Aagam", "combo": []}, {"category": "Kitchen, Garden & Pets", "sub_category_name": "Steel Utensils", "product_name": "Stainless Steel Smiley Storage Container - Mirror Finish", "product_brand": "Aagam", "combo": []}, {"category": "Kitchen, Garden & Pets", "sub_category_name": "Steel Utensils", "product_name": "Steel Deep Dabba/Storage Container - No. 12, Plain", "product_brand": "BB Home", "combo": []}, {"category": "Kitchen, Garden & Pets", "sub_category_name": "Steel Utensils", "product_name": "Stainless Steel Serving Handi With Rack - Glass Lid, Labella", "product_brand": "Anjali", "combo": []}, {"category": "Kitchen, Garden & Pets", "sub_category_name": "Steel Utensils", "product_name": "Steel Milk/Ghee/Oil Storage Can - No. 10", "product_brand": "BB Home", "combo": []}, {"category": "Kitchen, Garden & Pets", "sub_category_name": "Steel Utensils", "product_name": "Gold Laquer Finish Stainless Steel Storage Bowl Set - Hammered Touch", "product_brand": "Vinayak", "combo": []}, {"category": "Kitchen, Garden & Pets", "sub_category_name": "Steel Utensils", "product_name": "Fusion Food Storage Stainless Steel Container - Assorted", "product_brand": "Joyo Steel", "combo": []}, {"category": "Kitchen, Garden & Pets", "sub_category_name": "Steel Utensils", "product_name": "Steel Dinner Plate/Thali - No. 14, Gujrati", "product_brand": "BB Home", "combo": []}, {"category": "Kitchen, Garden & Pets", "sub_category_name": "Steel Utensils", "product_name": "Steel Lunch/Tiffin Box With 4 Containers - 8X4", "product_brand": "BB Home", "combo": []}, {"category": "Kitchen, Garden & Pets", "sub_category_name": "Steel Utensils", "product_name": "Steel Lunch/Tiffin Box With 3 Containers - 7X3", "product_brand": "BB Home", "combo": []}, {"category": "Kitchen, Garden & Pets", "sub_category_name": "Steel Utensils", "product_name": "Steel Bowl/Vati/Katori - No. 5.5, Sada", "product_brand": "BB Home", "combo": []}, {"category": "Kitchen, Garden & Pets", "sub_category_name": "Steel Utensils", "product_name": "Stainless Steel Storage Lunch Container - Carry Snack Pack", "product_brand": "Ramson", "combo": []}, {"category": "Kitchen, Garden & Pets", "sub_category_name": "Steel Utensils", "product_name": "Stainless Steel Airtight Storage Container - SL-1501", "product_brand": "Steel Lock", "combo": []}, {"category": "Kitchen, Garden & Pets", "sub_category_name": "Steel Utensils", "product_name": "Oil Dispenser", "product_brand": "Aagam", "combo": []}, {"category": "Kitchen, Garden & Pets", "sub_category_name": "Steel Utensils", "product_name": "Butter Dish - Stainless Steel", "product_brand": "Vinayak", "combo": []}, {"category": "Kitchen, Garden & Pets", "sub_category_name": "Steel Utensils", "product_name": "Steel Milk Sauce Pan With Copper Bottom - No.11", "product_brand": "BB Home", "combo": []}, {"category": "Kitchen, Garden & Pets", "sub_category_name": "Steel Utensils", "product_name": "Copper Steel Glass Tumbler", "product_brand": "Mr.Copper King", "combo": []}, {"category": "Kitchen, Garden & Pets", "sub_category_name": "Steel Utensils", "product_name": "Stainless Steel Airtight Storage Container - SL-1602", "product_brand": "Steel Lock", "combo": []}, {"category": "Kitchen, Garden & Pets", "sub_category_name": "Steel Utensils", "product_name": "Steel Storage Deep Dabba/ Container Set With PP Lid - Silver & White", "product_brand": "Jensons", "combo": []}, {"category": "Kitchen, Garden & Pets", "sub_category_name": "Steel Utensils", "product_name": "Stainless Steel Induction Base Tope", "product_brand": "Vinod", "combo": []}, {"category": "Kitchen, Garden & Pets", "sub_category_name": "Steel Utensils", "product_name": "Steel Glass/Tumbler - No. 7, Plain", "product_brand": "BB Home", "combo": []}, {"category": "Kitchen, Garden & Pets", "sub_category_name": "Steel Utensils", "product_name": "Steel Milk Sauce Pan With Copper Bottom", "product_brand": "BB Home", "combo": []}, {"category": "Kitchen, Garden & Pets", "sub_category_name": "Steel Utensils", "product_name": "Steel Parsi Lota Water Container", "product_brand": "BB Home", "combo": []}, {"category": "Kitchen, Garden & Pets", "sub_category_name": "Steel Utensils", "product_name": "Steel Lid/Cover For Utensils, Kadai & Tope - No.10", "product_brand": "BB Home", "combo": []}, {"category": "Kitchen, Garden & Pets", "sub_category_name": "Steel Utensils", "product_name": "Steel Lid/Cover For Utensils, Kadai & Tope - No.12", "product_brand": "BB Home", "combo": []}, {"category": "Kitchen, Garden & Pets", "sub_category_name": "Steel Utensils", "product_name": "Steel Lid/Cover For Utensils, Kadai & Tope - No.14", "product_brand": "BB Home", "combo": []}, {"category": "Kitchen, Garden & Pets", "sub_category_name": "Steel Utensils", "product_name": "Copper Sipper Bottle Junior Jointless", "product_brand": "Mr.Copper King", "combo": []}, {"category": "Kitchen, Garden & Pets", "sub_category_name": "Steel Utensils", "product_name": "Steel Patila With Copper Bottom - No.14", "product_brand": "BB Home", "combo": []}, {"category": "Kitchen, Garden & Pets", "sub_category_name": "Steel Utensils", "product_name": "Copper Bottle Jointless - Plain", "product_brand": "Mr.Copper King", "combo": []}, {"category": "Kitchen, Garden & Pets", "sub_category_name": "Steel Utensils", "product_name": "Steel Atta/Maida/Dough Parat Plate - No. 13", "product_brand": "BB Home", "combo": []}, {"category": "Kitchen, Garden & Pets", "sub_category_name": "Steel Utensils", "product_name": "Steel Atta/Maida/Dough Parat Plate - No. 15", "product_brand": "BB Home", "combo": []}, {"category": "Kitchen, Garden & Pets", "sub_category_name": "Steel Utensils", "product_name": "Steel Oil Dispenser/Can/Bottle", "product_brand": "BB Home", "combo": []}, {"category": "Kitchen, Garden & Pets", "sub_category_name": "Steel Utensils", "product_name": "Stainless Steel Indian Filter/Drip Coffee Maker", "product_brand": "Omega", "combo": []}, {"category": "Kitchen, Garden & Pets", "sub_category_name": "Steel Utensils", "product_name": "Stainless Steel Copper Bottom Handi - Chetty", "product_brand": "Manya", "combo": []}, {"category": "Kitchen, Garden & Pets", "sub_category_name": "Steel Utensils", "product_name": "Stainless Steel Airtight Storage Container - SL-1601", "product_brand": "Steel Lock", "combo": []}, {"category": "Kitchen, Garden & Pets", "sub_category_name": "Steel Utensils", "product_name": "Steel Katori/Bowl - No. 8", "product_brand": "BB Home", "combo": []}, {"category": "Kitchen, Garden & Pets", "sub_category_name": "Steel Utensils", "product_name": "Steel Bowl - No. 6, Conical", "product_brand": "BB Home", "combo": []}, {"category": "Kitchen, Garden & Pets", "sub_category_name": "Steel Utensils", "product_name": "Stainless Steel Storage Lunch Container - Flat, Carry Snack Pack", "product_brand": "Ramson", "combo": []}, {"category": "Kitchen, Garden & Pets", "sub_category_name": "Steel Utensils", "product_name": "Stainless Steel Tea/Sugar Storage Canister - Unique", "product_brand": "Swastik Steel", "combo": []}]