[{"category": "Beauty & Hygiene", "sub_category_name": "Oral Care", "product_name": "Max Fresh Anticavity Toothpaste Gel - Peppermint Ice, Saver Pack", "product_brand": "Colgate", "combo": [["300 g", "115.36"], ["150 g", "80.75"], ["3x150 g", "242.25"], ["2x150 g", "161.50"], ["4x150 g", "258.40"], ["2x300 g", "230.72"]]}, {"category": "Beauty & Hygiene", "sub_category_name": "Oral Care", "product_name": "Mouthwash - Cool Mint", "product_brand": "Listerine", "combo": [["500 ml", "254.00"], ["2x500 ml", "508.00"], ["80 ml", "51.15"], ["3x250 ml", "327.00"], ["250 ml", "109.00"]]}, {"category": "Beauty & Hygiene", "sub_category_name": "Oral Care", "product_name": "Strong Teeth Anticavity Toothpaste With Amino Shakti - Saver Pack", "product_brand": "Colgate", "combo": [["500 g", "149.01"], ["150 g", "68.00"], ["100 g", "48.36"], ["3x200 g", "255.00"], ["2x150 g", "136.00"], ["200 g", "85.00"]]}, {"category": "Beauty & Hygiene", "sub_category_name": "Oral Care", "product_name": "Toothpaste - Strong Teeth 200G + Mouthwash - Plax Pepper Mint, Imported 250ml", "product_brand": "Colgate", "combo": []}, {"category": "Beauty & Hygiene", "sub_category_name": "Oral Care", "product_name": "Mouthwash - Cool Mint 500 ml Bottle + Mouthwash - Cool Mint, Mild Taste 500 ml", "product_brand": "Listerine", "combo": []}, {"category": "Beauty & Hygiene", "sub_category_name": "Oral Care", "product_name": "Vajradanti - Ayurvedic Medicine For Gums And Teeth", "product_brand": "Vicco", "combo": [["200 g", "120.00"], ["150 g", "98.00"], ["50 g", "39.00"], ["100 g", "73.00"]]}, {"category": "Beauty & Hygiene", "sub_category_name": "Oral Care", "product_name": "Toothpaste - Maxfresh Spicy Red, Gel", "product_brand": "Colgate", "combo": [["150 g", "88.35"], ["300 g", "153.00"], ["4x150 g", "300.39"]]}, {"category": "Beauty & Hygiene", "sub_category_name": "Oral Care", "product_name": "Total Advanced Health Anticavity Toothpaste", "product_brand": "Colgate", "combo": [["120 g", "99.00"], ["2x120 g", "198.00"], ["3x120 g", "252.45"]]}, {"category": "Beauty & Hygiene", "sub_category_name": "Oral Care", "product_name": "Mouthwash - Plax Pepper Mint, Alcohol Free, Imported", "product_brand": "Colgate", "combo": [["250 ml", "103.00"], ["3x250 ml", "309.00"], ["2x250 ml", "206.00"], ["500 ml", "207.00"]]}, {"category": "Beauty & Hygiene", "sub_category_name": "Oral Care", "product_name": "Dant Rakshak Paste - 32 Ayurvedic Herbs Kills Germs & Longevity Of Teeth & Gums", "product_brand": "Dabur", "combo": [["175 g", "85.00"], ["3 x 175 g", "255.00"]]}, {"category": "Beauty & Hygiene", "sub_category_name": "Oral Care", "product_name": "Bambooee Toothbrush", "product_brand": "beco", "combo": []}, {"category": "Beauty & Hygiene", "sub_category_name": "Oral Care", "product_name": "Herb'l Neem Toothpaste", "product_brand": "Dabur", "combo": []}, {"category": "Beauty & Hygiene", "sub_category_name": "Oral Care", "product_name": "Herb'l Tulsi Toothpaste", "product_brand": "Dabur", "combo": []}, {"category": "Beauty & Hygiene", "sub_category_name": "Oral Care", "product_name": "Herb'l Clove Toothpaste", "product_brand": "Dabur", "combo": []}, {"category": "Beauty & Hygiene", "sub_category_name": "Oral Care", "product_name": "Mouthwash - Freshburst", "product_brand": "Listerine", "combo": [["500 ml", "265.00"], ["80 ml", "55.00"]]}, {"category": "Beauty & Hygiene", "sub_category_name": "Oral Care", "product_name": "MaxFresh Toothpaste - Blue Gel With Menthol For Super Fresh Breath, Peppermint Ice", "product_brand": "Colgate", "combo": []}, {"category": "Beauty & Hygiene", "sub_category_name": "Oral Care", "product_name": "Visible White Teeth Whitening Toothpaste - Protects Enamel, Removes Stains, With Accelerators", "product_brand": "Colgate", "combo": []}, {"category": "Beauty & Hygiene", "sub_category_name": "Oral Care", "product_name": "Kids Barbie Toothpaste - 6+ Years, Strawberry", "product_brand": "Colgate", "combo": []}, {"category": "Beauty & Hygiene", "sub_category_name": "Oral Care", "product_name": "Gentle Enamel Ultra Soft Toothbrush", "product_brand": "Colgate", "combo": []}, {"category": "Beauty & Hygiene", "sub_category_name": "Oral Care", "product_name": "Swarna Vedshakti Ayurvedic Toothpaste - Anti-Bacterial Paste With Neem, Clove, and Honey", "product_brand": "Colgate", "combo": []}, {"category": "Beauty & Hygiene", "sub_category_name": "Oral Care", "product_name": "Visible White Toothpaste - Sparkling Mint", "product_brand": "Colgate", "combo": [["4x100 g", "279.44"], ["2x100 g", "139.72"], ["100 g", "69.86"], ["50 g", "59.00"]]}, {"category": "Beauty & Hygiene", "sub_category_name": "Oral Care", "product_name": "Sensitive Toothpaste - Fresh Gel", "product_brand": "Sensodyne", "combo": [["75 g", "220.00"], ["150 g", "190.00"], ["75 g", "110.00"]]}, {"category": "Beauty & Hygiene", "sub_category_name": "Oral Care", "product_name": "Everfresh+ Anti-Germ Gel Toothpaste - Red Hot", "product_brand": "Close Up", "combo": [["80 g", "46.50"], ["40 g", "20.00"], ["150 g", "72.25"]]}, {"category": "Beauty & Hygiene", "sub_category_name": "Oral Care", "product_name": "Meswak Toothpaste With Toothbrush - Family Pack", "product_brand": "Dabur", "combo": [["300 g", "100.35"], ["200 g", "90.21"]]}, {"category": "Beauty & Hygiene", "sub_category_name": "Oral Care", "product_name": "Sensitive Toothbrush", "product_brand": "Sensodyne", "combo": [["1 nos", "46.50"], ["3 pcs", "62.00"]]}, {"category": "Beauty & Hygiene", "sub_category_name": "Oral Care", "product_name": "Toothpaste - Swarna Vedshakti Natural", "product_brand": "Colgate", "combo": [["100 g", "48.36"], ["200 g", "70.07"], ["2x200 g", "140.14"], ["400 g", "153.00"], ["4x200 g", "224.22"]]}, {"category": "Beauty & Hygiene", "sub_category_name": "Oral Care", "product_name": "Mouthwash - Cavity Fighter", "product_brand": "Listerine", "combo": [["80 ml", "57.47"], ["250 ml", "144.00"], ["500 ml", "251.00"]]}, {"category": "Beauty & Hygiene", "sub_category_name": "Oral Care", "product_name": "Everfresh+ Anti-Germ Gel Toothpaste - Red Hot", "product_brand": "Close Up", "combo": [["2x(2x150 g)", "300.00"], ["150 g", "150.00"]]}, {"category": "Beauty & Hygiene", "sub_category_name": "Oral Care", "product_name": "Sensitive Soft Bristles Toothbrush", "product_brand": "Colgate", "combo": []}, {"category": "Beauty & Hygiene", "sub_category_name": "Oral Care", "product_name": "Sensitive Toothpaste Fresh Gel 150G + Sensitive Toothbrush 2pcs,Buy 2 Get 1 Free", "product_brand": "Sensodyne", "combo": []}, {"category": "Beauty & Hygiene", "sub_category_name": "Oral Care", "product_name": "Tooth Brush Pro Health - Medium", "product_brand": "Oral-B", "combo": []}, {"category": "Beauty & Hygiene", "sub_category_name": "Oral Care", "product_name": "Mouthwash - Plax Fresh Tea Alcohol Free", "product_brand": "Colgate", "combo": [["250 ml", "114.00"], ["500 ml", "207.00"], ["2x250 ml", "228.00"], ["60 ml", "27.00"], ["3x250 ml", "342.00"]]}, {"category": "Beauty & Hygiene", "sub_category_name": "Oral Care", "product_name": "Sensitive Toothpaste - Fresh Mint", "product_brand": "Sensodyne", "combo": [["75 g", "102.30"], ["150 g", "190.00"], ["75 g", "204.60"]]}, {"category": "Beauty & Hygiene", "sub_category_name": "Oral Care", "product_name": "Ayurvedic Paste", "product_brand": "Dabur Red", "combo": [["300 g", "134.10"], ["3x300 g", "402.30"], ["200 g", "90.00"]]}, {"category": "Beauty & Hygiene", "sub_category_name": "Oral Care", "product_name": "India's No.1 Ayurvedic Fluroide Free Paste", "product_brand": "Dabur Red", "combo": [["200 g", "143.65"], ["100 g", "48.36"], ["50 g", "20.00"]]}, {"category": "Beauty & Hygiene", "sub_category_name": "Oral Care", "product_name": "Sensitive Toothpaste Fresh Mint 130G+Sensitive Toothbrush 3pcs, Buy 2 Get 1 Free", "product_brand": "Sensodyne", "combo": []}, {"category": "Beauty & Hygiene", "sub_category_name": "Oral Care", "product_name": "Meswak Toothpaste", "product_brand": "Dabur", "combo": [["200 g", "148.72"], ["3x200+200 gm", "446.16"]]}, {"category": "Beauty & Hygiene", "sub_category_name": "Oral Care", "product_name": "Toothbrush - Kids (Soft)", "product_brand": "Oral-B", "combo": []}, {"category": "Beauty & Hygiene", "sub_category_name": "Oral Care", "product_name": "Colgate Slim Soft Charcoal Toothbrush", "product_brand": "Colgate", "combo": []}, {"category": "Beauty & Hygiene", "sub_category_name": "Oral Care", "product_name": "Toothbrush - ZigZag, Medium", "product_brand": "Colgate", "combo": []}, {"category": "Beauty & Hygiene", "sub_category_name": "Oral Care", "product_name": "Sensitive Toothpaste - Rapid Relief", "product_brand": "Sensodyne", "combo": [["80 g", "144.00"], ["2x80 g", "259.20"]]}, {"category": "Beauty & Hygiene", "sub_category_name": "Oral Care", "product_name": "Toothpaste-Repair & Protect 70g+Fresh Mint 75g+Toothbrush 3pcs Buy 2 Get 1 Free", "product_brand": "Sensodyne", "combo": []}, {"category": "Beauty & Hygiene", "sub_category_name": "Oral Care", "product_name": "Complete Care Toothpaste", "product_brand": "Himalaya", "combo": [["150 g", "72.00"], ["80 g", "47.50"]]}, {"category": "Beauty & Hygiene", "sub_category_name": "Oral Care", "product_name": "Sensitive Toothpaste - Repair & Protect", "product_brand": "Sensodyne", "combo": [["2x70 g", "292.95"], ["70 g", "162.75"]]}, {"category": "Beauty & Hygiene", "sub_category_name": "Oral Care", "product_name": "Bodywash Thermal Spa 250ml + Toothpaste Maxfresh 150G + Mouthwash Plax 250ml", "product_brand": "bb Combo", "combo": []}, {"category": "Beauty & Hygiene", "sub_category_name": "Oral Care", "product_name": "Mouthwash - Plax Fresh Mint, Alcohol Free", "product_brand": "Colgate", "combo": [["250 ml", "119.00"], ["3x250 ml", "357.00"]]}, {"category": "Beauty & Hygiene", "sub_category_name": "Oral Care", "product_name": "Total Advanced Health Anticavity Toothpaste", "product_brand": "Colgate", "combo": []}, {"category": "Beauty & Hygiene", "sub_category_name": "Oral Care", "product_name": "Germi Check+ 12h Germ Protection Toothpaste, Save Rs. 27/-", "product_brand": "Pepsodent", "combo": [["150 g", "109.65"], ["3x150 g", "328.95"], ["2x(2x150 g)", "219.30"]]}, {"category": "Beauty & Hygiene", "sub_category_name": "Oral Care", "product_name": "Sparkling White Toothpaste", "product_brand": "Himalaya", "combo": [["80 g", "57.00"], ["150 g", "82.80"]]}, {"category": "Beauty & Hygiene", "sub_category_name": "Oral Care", "product_name": "Charcoal Clean Black Gel Toothpaste - Bamboo Charcoal & Mint, Saver Pack", "product_brand": "Colgate", "combo": [["2x120 g", "198.00"], ["120 g", "99.00"], ["2x240 g", "324.00"], ["240 g", "162.00"]]}, {"category": "Beauty & Hygiene", "sub_category_name": "Oral Care", "product_name": "Close Up Ever Fresh Red Toothpaste 150 g x 2 + Closeup Red Hot Mouthwash 500 ml", "product_brand": "Closeup", "combo": []}, {"category": "Beauty & Hygiene", "sub_category_name": "Oral Care", "product_name": "ZigZag Medium Bristle Toothbrush", "product_brand": "Colgate", "combo": [["1 pc", "30.00"], ["3 pcs", "55.80"]]}, {"category": "Beauty & Hygiene", "sub_category_name": "Oral Care", "product_name": "2 in 1 Toothpaste", "product_brand": "Pepsodent", "combo": [["150 g", "97.00"], ["80 g", "50.00"]]}, {"category": "Beauty & Hygiene", "sub_category_name": "Oral Care", "product_name": "Sensitive Toothpaste - Deep Clean 70 g + Sensitive Toothbrush", "product_brand": "Sensodyne", "combo": []}, {"category": "Beauty & Hygiene", "sub_category_name": "Oral Care", "product_name": "Active Salt Toothpaste", "product_brand": "Colgate", "combo": [["100 g", "51.15"], ["200 g", "100.00"]]}, {"category": "Beauty & Hygiene", "sub_category_name": "Oral Care", "product_name": "Toothpaste - Herbal, Anticavity", "product_brand": "Colgate", "combo": [["200 g", "100.00"], ["100 g", "52.20"], ["3x200 g", "300.00"], ["2*200 g", "200.00"]]}, {"category": "Beauty & Hygiene", "sub_category_name": "Oral Care", "product_name": "Mouthwash - Original", "product_brand": "Listerine", "combo": [["500 ml", "265.00"], ["250 ml", "140.00"], ["80 ml", "55.00"]]}, {"category": "Beauty & Hygiene", "sub_category_name": "Oral Care", "product_name": "Germicheck+ 12h Germ Protection Toothpaste", "product_brand": "Pepsodent", "combo": []}, {"category": "Beauty & Hygiene", "sub_category_name": "Oral Care", "product_name": "Toothbrush - Total, Waxed Dental Floss", "product_brand": "Colgate", "combo": []}, {"category": "Beauty & Hygiene", "sub_category_name": "Oral Care", "product_name": "Strong Teeth Anticavity Toothpaste With Amino Shakti", "product_brand": "Colgate", "combo": [["2x300 g", "264.60"], ["300 g", "132.30"]]}, {"category": "Beauty & Hygiene", "sub_category_name": "Oral Care", "product_name": "Visible White Toothpaste - Sparkling Mint, Saver Pack", "product_brand": "Colgate", "combo": [["2x200 g", "324.00"], ["200 g", "162.00"]]}, {"category": "Beauty & Hygiene", "sub_category_name": "Oral Care", "product_name": "Tooth Brush Pro Health - Gum Care (Medium)", "product_brand": "Oral-B", "combo": []}, {"category": "Beauty & Hygiene", "sub_category_name": "Oral Care", "product_name": "Sensitive Toothpaste - Deep Clean", "product_brand": "Sensodyne", "combo": [["2x70 g", "194.40"], ["70 g", "108.00"]]}, {"category": "Beauty & Hygiene", "sub_category_name": "Oral Care", "product_name": "Meswak - India's No-1 Fluoride Free Toothpaste", "product_brand": "Dabur", "combo": []}, {"category": "Beauty & Hygiene", "sub_category_name": "Oral Care", "product_name": "Sensitive Toothpaste - Repair Protect", "product_brand": "Sensodyne", "combo": []}, {"category": "Beauty & Hygiene", "sub_category_name": "Oral Care", "product_name": "Expert Protection Complete Toothpaste", "product_brand": "Pepsodent", "combo": [["140 g", "96.90"], ["3x140 g", "290.70"]]}, {"category": "Beauty & Hygiene", "sub_category_name": "Oral Care", "product_name": "Vajradanti - Tooth Powder", "product_brand": "Vicco", "combo": [["100 g", "94.00"], ["25 g", "32.00"], ["50 g", "56.00"]]}, {"category": "Beauty & Hygiene", "sub_category_name": "Oral Care", "product_name": "Toothbrush Superhero Assorted, Batman/Spiderman", "product_brand": "Colgate", "combo": []}, {"category": "Beauty & Hygiene", "sub_category_name": "Oral Care", "product_name": "Toothpaste - Ayurvedic Gel", "product_brand": "Dabur Red", "combo": [["3x150 g", "240.00"], ["150 g", "80.00"], ["80 g", "38.32"]]}, {"category": "Beauty & Hygiene", "sub_category_name": "Oral Care", "product_name": "Sensitive Toothpaste - Repair & Protect 70G + Sensitive Toothbrush - Expert 1pc", "product_brand": "Sensodyne", "combo": []}, {"category": "Beauty & Hygiene", "sub_category_name": "Oral Care", "product_name": "Nature Boost Mouthwash", "product_brand": "Closeup", "combo": [["500 ml", "230.00"], ["250 ml", "110.00"], ["3x250 ml", "330.00"]]}, {"category": "Beauty & Hygiene", "sub_category_name": "Oral Care", "product_name": "Tooth Brush Pro Health - Gum Care (Soft)", "product_brand": "Oral-B", "combo": []}, {"category": "Beauty & Hygiene", "sub_category_name": "Oral Care", "product_name": "Kids Barbie Toothbrush - Extra Soft With Tongue Cleaner", "product_brand": "Colgate", "combo": []}, {"category": "Beauty & Hygiene", "sub_category_name": "Oral Care", "product_name": "Anti-Cavity Natural Ayurvedic Clove Oil Toothpaste", "product_brand": "Lever Ayush", "combo": []}, {"category": "Beauty & Hygiene", "sub_category_name": "Oral Care", "product_name": "Active Fresh Gel Toothpaste", "product_brand": "Himalaya", "combo": []}, {"category": "Beauty & Hygiene", "sub_category_name": "Oral Care", "product_name": "Active Salt Toothpaste - Saver Pack", "product_brand": "Colgate", "combo": [["300 g", "124.20"], ["2x300 g", "248.40"]]}, {"category": "Beauty & Hygiene", "sub_category_name": "Oral Care", "product_name": "Sensitive Toothpaste - Repair & Protect 100 g + Expert 2 pcs Buy 2 Get 1 Free", "product_brand": "Sensodyne", "combo": []}, {"category": "Beauty & Hygiene", "sub_category_name": "Oral Care", "product_name": "Toothpaste - Complete Care", "product_brand": "Neem", "combo": [["200 g", "60.00"], ["100 g", "42.00"]]}, {"category": "Beauty & Hygiene", "sub_category_name": "Oral Care", "product_name": "Toothpaste - Whitening, Cavity Protection, 150 G", "product_brand": "Pepsodent", "combo": []}, {"category": "Beauty & Hygiene", "sub_category_name": "Oral Care", "product_name": "Toothbrush Fighter - Soft", "product_brand": "Pepsodent", "combo": []}, {"category": "Beauty & Hygiene", "sub_category_name": "Oral Care", "product_name": "Kids Anticavity Motu Patlu Toothpaste - 6+ years, Bubble Fruit Flavour", "product_brand": "Colgate", "combo": []}, {"category": "Beauty & Hygiene", "sub_category_name": "Oral Care", "product_name": "Sensitive Toothpaste - Whitening", "product_brand": "Sensodyne", "combo": [["70 g", "202.50"], ["70 g", "112.50"]]}, {"category": "Beauty & Hygiene", "sub_category_name": "Oral Care", "product_name": "Toothbrush - Cibaca Supreme Full Head", "product_brand": "Colgate", "combo": []}, {"category": "Beauty & Hygiene", "sub_category_name": "Oral Care", "product_name": "Kids Toothpaste - 6+ Years, Strawberry Flavour, Barbie", "product_brand": "Colgate", "combo": []}, {"category": "Beauty & Hygiene", "sub_category_name": "Oral Care", "product_name": "Mouthwash - Colgate Plax, Gentle Care", "product_brand": "Colgate", "combo": []}, {"category": "Beauty & Hygiene", "sub_category_name": "Oral Care", "product_name": "Toothbrush - 1 2 3, With Neem Extract, Soft", "product_brand": "Oral-B", "combo": []}, {"category": "Beauty & Hygiene", "sub_category_name": "Oral Care", "product_name": "India's No.1 Ayurvedic Fluroide Free Paste", "product_brand": "Dabur Red", "combo": []}, {"category": "Beauty & Hygiene", "sub_category_name": "Oral Care", "product_name": "Kids 0-2 Years Extra Soft Toothbrush", "product_brand": "Colgate", "combo": []}, {"category": "Beauty & Hygiene", "sub_category_name": "Oral Care", "product_name": "Toothpowder - With Calcium & Minerals, Anti-Cavity", "product_brand": "Colgate", "combo": [["200 g", "67.50"], ["100 g", "44.10"], ["50 g", "20.00"], ["50 g", "20.00"]]}, {"category": "Beauty & Hygiene", "sub_category_name": "Oral Care", "product_name": "India's No.1 Ayurvedic Fluroide Free Paste", "product_brand": "Dabur Red", "combo": []}, {"category": "Beauty & Hygiene", "sub_category_name": "Oral Care", "product_name": "Pro Health SmartFlex Toothbrush", "product_brand": "Oral-B", "combo": []}, {"category": "Beauty & Hygiene", "sub_category_name": "Oral Care", "product_name": "Premium Tongue Cleaner - Copper", "product_brand": "Mr. Copper", "combo": []}, {"category": "Beauty & Hygiene", "sub_category_name": "Oral Care", "product_name": "Sensitive Toothbrush With Soft Bristles", "product_brand": "Sensodyne", "combo": []}, {"category": "Beauty & Hygiene", "sub_category_name": "Oral Care", "product_name": "Sensitive Toothbrush - Expert", "product_brand": "Sensodyne", "combo": [["2 pcs", "180.00"], ["1 pc", "90.00"]]}, {"category": "Beauty & Hygiene", "sub_category_name": "Oral Care", "product_name": "Toothpaste - Active Salt, Neem, Anticavity", "product_brand": "Colgate", "combo": [["200 g", "87.30"], ["100 g", "52.20"]]}, {"category": "Beauty & Hygiene", "sub_category_name": "Oral Care", "product_name": "Toothpaste - Rapid Relief & Long Lasting Protection (for Sensitive Teeth)", "product_brand": "Sensodyne", "combo": []}, {"category": "Beauty & Hygiene", "sub_category_name": "Oral Care", "product_name": "Kid's Toothpaste - 6-9 Years, Natural Strawberry Mint Flavour, 0% Artificial", "product_brand": "Colgate", "combo": []}, {"category": "Beauty & Hygiene", "sub_category_name": "Oral Care", "product_name": "Expert Protection Whitening Toothpaste", "product_brand": "Pepsodent", "combo": []}, {"category": "Beauty & Hygiene", "sub_category_name": "Oral Care", "product_name": "Total Charcoal Anticavity Toothpaste", "product_brand": "Colgate", "combo": []}, {"category": "Beauty & Hygiene", "sub_category_name": "Oral Care", "product_name": "Toothbrush - ZigZag, Soft", "product_brand": "Colgate", "combo": []}, {"category": "Beauty & Hygiene", "sub_category_name": "Oral Care", "product_name": "Tooth Paste - Fire Freeze", "product_brand": "Close Up", "combo": []}, {"category": "Beauty & Hygiene", "sub_category_name": "Oral Care", "product_name": "Red Hot Anti Germ Mouthwash", "product_brand": "Closeup", "combo": [["3x250 ml", "330.00"], ["500 ml", "230.00"], ["250 ml", "110.00"]]}, {"category": "Beauty & Hygiene", "sub_category_name": "Oral Care", "product_name": "Ultrathin Sensitive Toothbrush", "product_brand": "Oral-B", "combo": []}, {"category": "Beauty & Hygiene", "sub_category_name": "Oral Care", "product_name": "Sparkling White Toothpaste - Gum Expert", "product_brand": "Himalaya", "combo": []}, {"category": "Beauty & Hygiene", "sub_category_name": "Oral Care", "product_name": "Margo Bathing Soap 100gm Buy 4 Get 1 Free + Neem Toothpaste-Complete Care 200gm", "product_brand": "bb Combo", "combo": []}, {"category": "Beauty & Hygiene", "sub_category_name": "Oral Care", "product_name": "Cibaca Toothpaste - Anticavity", "product_brand": "Colgate", "combo": [["175 g", "55.00"], ["80 g", "27.00"]]}, {"category": "Beauty & Hygiene", "sub_category_name": "Oral Care", "product_name": "Deep Action Eucalyptus Mint Anti Germ Gel Toothpaste", "product_brand": "Close Up", "combo": []}, {"category": "Beauty & Hygiene", "sub_category_name": "Oral Care", "product_name": "Whitening Rock Natural Ayurvedic Salt Toothpaste", "product_brand": "Lever Ayush", "combo": [["80 g", "40.00"], ["150 g", "80.00"]]}, {"category": "Beauty & Hygiene", "sub_category_name": "Oral Care", "product_name": "Extra Clean Toothbrush Medium", "product_brand": "Colgate", "combo": []}, {"category": "Beauty & Hygiene", "sub_category_name": "Oral Care", "product_name": "ZigZag Charcoal Soft Bristle Toothbrush", "product_brand": "Colgate", "combo": []}, {"category": "Beauty & Hygiene", "sub_category_name": "Oral Care", "product_name": "Sensitive Plus Toothpaste - Anticavity", "product_brand": "Colgate", "combo": []}, {"category": "Beauty & Hygiene", "sub_category_name": "Oral Care", "product_name": "Pro Health Base Toothbrush - Medium", "product_brand": "Oral-B", "combo": []}, {"category": "Beauty & Hygiene", "sub_category_name": "Oral Care", "product_name": "Tooth Brush Sensitive - Whitening Soft", "product_brand": "Oral-B", "combo": []}, {"category": "Beauty & Hygiene", "sub_category_name": "Oral Care", "product_name": "Germicheck+ 12h Germ Protection Toothpaste", "product_brand": "Pepsodent", "combo": [["25 g", "9.00"], ["100 g", "48.36"]]}, {"category": "Beauty & Hygiene", "sub_category_name": "Oral Care", "product_name": "Tooth Brush Pro Health(PH) - Soft", "product_brand": "Oral-B", "combo": []}, {"category": "Beauty & Hygiene", "sub_category_name": "Oral Care", "product_name": "Toothbrush All Rounder - Cavity Defence 123, Medium", "product_brand": "Oral-B", "combo": []}, {"category": "Beauty & Hygiene", "sub_category_name": "Oral Care", "product_name": "Sensitive Plus Toothpaste", "product_brand": "Colgate", "combo": []}, {"category": "Beauty & Hygiene", "sub_category_name": "Oral Care", "product_name": "Toothbrush - Neo", "product_brand": "Colgate", "combo": []}, {"category": "Beauty & Hygiene", "sub_category_name": "Oral Care", "product_name": "Active Salt Toothpaste - Lemon", "product_brand": "Colgate", "combo": [["100 g", "58.00"], ["200 g", "100.00"]]}, {"category": "Beauty & Hygiene", "sub_category_name": "Oral Care", "product_name": "Expert Protection Gum Care Toothpaste - Save Rs. 20/-", "product_brand": "Pepsodent", "combo": [["3x140 g each", "528.00"], ["140 gm each", "176.00"], ["2x(2x140 g)", "352.00"]]}, {"category": "Beauty & Hygiene", "sub_category_name": "Oral Care", "product_name": "Mouthwash - Plax, Complete Care", "product_brand": "Colgate", "combo": []}, {"category": "Beauty & Hygiene", "sub_category_name": "Oral Care", "product_name": "Baby ToothBrush", "product_brand": "Johnson's baby", "combo": []}, {"category": "Beauty & Hygiene", "sub_category_name": "Oral Care", "product_name": "Deep Action Lemon Mint Anti Germ Gel Toothpaste", "product_brand": "Close Up", "combo": []}, {"category": "Beauty & Hygiene", "sub_category_name": "Oral Care", "product_name": "Toothbrush - 360 Degree Flosstip, Soft Bristles", "product_brand": "Colgate", "combo": []}, {"category": "Beauty & Hygiene", "sub_category_name": "Oral Care", "product_name": "Toothbrush - 360 Degree Flosstip, Soft", "product_brand": "Colgate", "combo": []}, {"category": "Beauty & Hygiene", "sub_category_name": "Oral Care", "product_name": "Toothbrush - Zigzag, Soft Bristles 2Pcs Buy 2 Get 1 Free + Toothbrush Barbie 1Pc", "product_brand": "Colgate", "combo": []}, {"category": "Beauty & Hygiene", "sub_category_name": "Oral Care", "product_name": "Toothpaste - Red Gel, Combo Pack", "product_brand": "Dabur", "combo": [["150 g", "93.37"], ["3x150 g", "280.11"]]}, {"category": "Beauty & Hygiene", "sub_category_name": "Oral Care", "product_name": "Mouthwash - Plax, Freshmint Splash", "product_brand": "Colgate", "combo": []}, {"category": "Beauty & Hygiene", "sub_category_name": "Oral Care", "product_name": "Toothbrush - 360 Degree Charcoal Gold, Soft Bristles", "product_brand": "Colgate", "combo": []}, {"category": "Beauty & Hygiene", "sub_category_name": "Oral Care", "product_name": "Kid's Toothpaste - 0-2 years, Natural Fruit Flavour, Fluoride Free, 0% Artificial", "product_brand": "Colgate", "combo": []}, {"category": "Beauty & Hygiene", "sub_category_name": "Oral Care", "product_name": "Slim Soft Toothbrush - Soft Bristles", "product_brand": "Colgate", "combo": []}, {"category": "Beauty & Hygiene", "sub_category_name": "Oral Care", "product_name": "Super Shine Soft Bristle Toothbrush", "product_brand": "Colgate", "combo": []}, {"category": "Beauty & Hygiene", "sub_category_name": "Oral Care", "product_name": "Toothbrush - ZigZag, Soft Bristles", "product_brand": "Colgate", "combo": []}, {"category": "Beauty & Hygiene", "sub_category_name": "Oral Care", "product_name": "Mouthwash - Plax, Active Salt", "product_brand": "Colgate", "combo": []}, {"category": "Beauty & Hygiene", "sub_category_name": "Oral Care", "product_name": "Herbal Multi Care Toothpaste", "product_brand": "Sensodyne", "combo": []}, {"category": "Beauty & Hygiene", "sub_category_name": "Oral Care", "product_name": "Classic Tongue Cleaner - Copper", "product_brand": "Mr. Copper", "combo": []}, {"category": "Beauty & Hygiene", "sub_category_name": "Oral Care", "product_name": "Freshness Gel Natural Ayurvedic Cardamom Toothpaste", "product_brand": "Lever Ayush", "combo": [["80 g", "36.00"], ["150 g", "80.00"]]}, {"category": "Beauty & Hygiene", "sub_category_name": "Oral Care", "product_name": "Pro Health Sensitive Toothbrush Soft", "product_brand": "Oral-B", "combo": []}, {"category": "Beauty & Hygiene", "sub_category_name": "Oral Care", "product_name": "360 Visible White Toothbrush", "product_brand": "Colgate", "combo": []}, {"category": "Beauty & Hygiene", "sub_category_name": "Oral Care", "product_name": "Toothpaste - Cavity Protection, Germi Check", "product_brand": "Pepsodent", "combo": []}, {"category": "Beauty & Hygiene", "sub_category_name": "Oral Care", "product_name": "Mouthwash - Plax, Complete Care", "product_brand": "Colgate", "combo": []}, {"category": "Beauty & Hygiene", "sub_category_name": "Oral Care", "product_name": "Baby ToothBrush", "product_brand": "Johnson's baby", "combo": []}, {"category": "Beauty & Hygiene", "sub_category_name": "Oral Care", "product_name": "Deep Action Lemon Mint Anti Germ Gel Toothpaste", "product_brand": "Close Up", "combo": []}, {"category": "Beauty & Hygiene", "sub_category_name": "Oral Care", "product_name": "Toothbrush - 360 Degree Flosstip, Soft Bristles", "product_brand": "Colgate", "combo": []}, {"category": "Beauty & Hygiene", "sub_category_name": "Oral Care", "product_name": "Toothbrush - 360 Degree Flosstip, Soft", "product_brand": "Colgate", "combo": []}, {"category": "Beauty & Hygiene", "sub_category_name": "Oral Care", "product_name": "Toothbrush - Zigzag, Soft Bristles 2Pcs Buy 2 Get 1 Free + Toothbrush Barbie 1Pc", "product_brand": "Colgate", "combo": []}, {"category": "Beauty & Hygiene", "sub_category_name": "Oral Care", "product_name": "Toothpaste - Red Gel, Combo Pack", "product_brand": "Dabur", "combo": [["150 g", "93.37"], ["3x150 g", "280.11"]]}, {"category": "Beauty & Hygiene", "sub_category_name": "Oral Care", "product_name": "Mouthwash - Plax, Freshmint Splash", "product_brand": "Colgate", "combo": []}, {"category": "Beauty & Hygiene", "sub_category_name": "Oral Care", "product_name": "Toothbrush - 360 Degree Charcoal Gold, Soft Bristles", "product_brand": "Colgate", "combo": []}, {"category": "Beauty & Hygiene", "sub_category_name": "Oral Care", "product_name": "Kid's Toothpaste - 0-2 years, Natural Fruit Flavour, Fluoride Free, 0% Artificial", "product_brand": "Colgate", "combo": []}, {"category": "Beauty & Hygiene", "sub_category_name": "Oral Care", "product_name": "Slim Soft Toothbrush - Soft Bristles", "product_brand": "Colgate", "combo": []}, {"category": "Beauty & Hygiene", "sub_category_name": "Oral Care", "product_name": "Super Shine Soft Bristle Toothbrush", "product_brand": "Colgate", "combo": []}, {"category": "Beauty & Hygiene", "sub_category_name": "Oral Care", "product_name": "Toothbrush - ZigZag, Soft Bristles", "product_brand": "Colgate", "combo": []}, {"category": "Beauty & Hygiene", "sub_category_name": "Oral Care", "product_name": "Mouthwash - Plax, Active Salt", "product_brand": "Colgate", "combo": []}, {"category": "Beauty & Hygiene", "sub_category_name": "Oral Care", "product_name": "Herbal Multi Care Toothpaste", "product_brand": "Sensodyne", "combo": []}, {"category": "Beauty & Hygiene", "sub_category_name": "Oral Care", "product_name": "Classic Tongue Cleaner - Copper", "product_brand": "Mr. Copper", "combo": []}, {"category": "Beauty & Hygiene", "sub_category_name": "Oral Care", "product_name": "Freshness Gel Natural Ayurvedic Cardamom Toothpaste", "product_brand": "Lever Ayush", "combo": [["80 g", "36.00"], ["150 g", "80.00"]]}, {"category": "Beauty & Hygiene", "sub_category_name": "Oral Care", "product_name": "Pro Health Sensitive Toothbrush Soft", "product_brand": "Oral-B", "combo": []}, {"category": "Beauty & Hygiene", "sub_category_name": "Oral Care", "product_name": "360 Visible White Toothbrush", "product_brand": "Colgate", "combo": []}, {"category": "Beauty & Hygiene", "sub_category_name": "Oral Care", "product_name": "Toothpaste - Cavity Protection, Germi Check", "product_brand": "Pepsodent", "combo": []}, {"category": "Beauty & Hygiene", "sub_category_name": "Oral Care", "product_name": "Mouthwash - Plax, Spicy Fresh", "product_brand": "Colgate", "combo": []}, {"category": "Beauty & Hygiene", "sub_category_name": "Oral Care", "product_name": "Toothbrush Pro Health - Sensitive, Soft", "product_brand": "Oral-B", "combo": []}, {"category": "Beauty & Hygiene", "sub_category_name": "Oral Care", "product_name": "Toothpaste - Whitening Germicheck", "product_brand": "Pepsodent", "combo": []}, {"category": "Beauty & Hygiene", "sub_category_name": "Oral Care", "product_name": "Toothbrush - Gum Expert", "product_brand": "Pepsodent", "combo": []}, {"category": "Beauty & Hygiene", "sub_category_name": "Oral Care", "product_name": "Instant Mouth Freshener - Icy Mint", "product_brand": "Spraymintt", "combo": []}, {"category": "Beauty & Hygiene", "sub_category_name": "Oral Care", "product_name": "Tooth Brush Cross Action Power - Soft (Battery Brush)", "product_brand": "Oral-B", "combo": []}, {"category": "Beauty & Hygiene", "sub_category_name": "Oral Care", "product_name": "Triple Clean Toothbrush - Medium", "product_brand": "Pepsodent", "combo": []}, {"category": "Beauty & Hygiene", "sub_category_name": "Oral Care", "product_name": "Whitening Toothpaste With Rock Salt", "product_brand": "Lever Ayush", "combo": []}, {"category": "Beauty & Hygiene", "sub_category_name": "Oral Care", "product_name": "Slim Soft Sensitive & Ultra Soft Bristles Toothbrush", "product_brand": "Colgate", "combo": []}, {"category": "Beauty & Hygiene", "sub_category_name": "Oral Care", "product_name": "Lal Dant Manjan - Ayurvedic Toothpowder", "product_brand": "Dabur", "combo": [["100 g", "49.00"], ["300 g", "115.00"]]}, {"category": "Beauty & Hygiene", "sub_category_name": "Oral Care", "product_name": "360 Degree Whole Mouth Clean Toothbrush", "product_brand": "Colgate", "combo": []}, {"category": "Beauty & Hygiene", "sub_category_name": "Oral Care", "product_name": "Freshness Gel Cardamom Toothpaste", "product_brand": "Lever Ayush", "combo": []}, {"category": "Beauty & Hygiene", "sub_category_name": "Oral Care", "product_name": "Gentle Cleanse Tooth Brush With Himalayan Rock Salt - Soft", "product_brand": "Pepsodent", "combo": []}, {"category": "Beauty & Hygiene", "sub_category_name": "Oral Care", "product_name": "Toothpaste - Expert Protection Complete", "product_brand": "Pepsodent", "combo": []}, {"category": "Beauty & Hygiene", "sub_category_name": "Oral Care", "product_name": "Manual Toothbrush Pro Health - Base, Soft", "product_brand": "Oral-B", "combo": []}, {"category": "Beauty & Hygiene", "sub_category_name": "Oral Care", "product_name": "Toothbrush - Triple Clean Soft", "product_brand": "Pepsodent", "combo": []}, {"category": "Beauty & Hygiene", "sub_category_name": "Oral Care", "product_name": "Neo Ultra Soft Toothbrush - Assorted", "product_brand": "Colgate", "combo": []}, {"category": "Beauty & Hygiene", "sub_category_name": "Oral Care", "product_name": "Toothbrush Pro - Health Gum Care, Soft", "product_brand": "Oral-B", "combo": []}, {"category": "Beauty & Hygiene", "sub_category_name": "Oral Care", "product_name": "Silver Charcoal Anti Bacterial Tooth Brush - Soft", "product_brand": "Pepsodent", "combo": []}, {"category": "Beauty & Hygiene", "sub_category_name": "Oral Care", "product_name": "Criss Cross Toothbrush With Neem Extract - Medium", "product_brand": "Oral-B", "combo": []}, {"category": "Beauty & Hygiene", "sub_category_name": "Oral Care", "product_name": "Mouthwash - Plax, Complete Care", "product_brand": "Colgate", "combo": []}, {"category": "Beauty & Hygiene", "sub_category_name": "Oral Care", "product_name": "Baby ToothBrush", "product_brand": "Johnson's baby", "combo": []}, {"category": "Beauty & Hygiene", "sub_category_name": "Oral Care", "product_name": "Deep Action Lemon Mint Anti Germ Gel Toothpaste", "product_brand": "Close Up", "combo": []}, {"category": "Beauty & Hygiene", "sub_category_name": "Oral Care", "product_name": "Toothbrush - 360 Degree Flosstip, Soft Bristles", "product_brand": "Colgate", "combo": []}, {"category": "Beauty & Hygiene", "sub_category_name": "Oral Care", "product_name": "Toothbrush - 360 Degree Flosstip, Soft", "product_brand": "Colgate", "combo": []}, {"category": "Beauty & Hygiene", "sub_category_name": "Oral Care", "product_name": "Toothbrush - Zigzag, Soft Bristles 2Pcs Buy 2 Get 1 Free + Toothbrush Barbie 1Pc", "product_brand": "Colgate", "combo": []}, {"category": "Beauty & Hygiene", "sub_category_name": "Oral Care", "product_name": "Toothpaste - Red Gel, Combo Pack", "product_brand": "Dabur", "combo": [["150 g", "93.37"], ["3x150 g", "280.11"]]}, {"category": "Beauty & Hygiene", "sub_category_name": "Oral Care", "product_name": "Mouthwash - Plax, Freshmint Splash", "product_brand": "Colgate", "combo": []}, {"category": "Beauty & Hygiene", "sub_category_name": "Oral Care", "product_name": "Toothbrush - 360 Degree Charcoal Gold, Soft Bristles", "product_brand": "Colgate", "combo": []}, {"category": "Beauty & Hygiene", "sub_category_name": "Oral Care", "product_name": "Kid's Toothpaste - 0-2 years, Natural Fruit Flavour, Fluoride Free, 0% Artificial", "product_brand": "Colgate", "combo": []}, {"category": "Beauty & Hygiene", "sub_category_name": "Oral Care", "product_name": "Slim Soft Toothbrush - Soft Bristles", "product_brand": "Colgate", "combo": []}, {"category": "Beauty & Hygiene", "sub_category_name": "Oral Care", "product_name": "Super Shine Soft Bristle Toothbrush", "product_brand": "Colgate", "combo": []}, {"category": "Beauty & Hygiene", "sub_category_name": "Oral Care", "product_name": "Toothbrush - ZigZag, Soft Bristles", "product_brand": "Colgate", "combo": []}, {"category": "Beauty & Hygiene", "sub_category_name": "Oral Care", "product_name": "Mouthwash - Plax, Active Salt", "product_brand": "Colgate", "combo": []}, {"category": "Beauty & Hygiene", "sub_category_name": "Oral Care", "product_name": "Herbal Multi Care Toothpaste", "product_brand": "Sensodyne", "combo": []}, {"category": "Beauty & Hygiene", "sub_category_name": "Oral Care", "product_name": "Classic Tongue Cleaner - Copper", "product_brand": "Mr. Copper", "combo": []}, {"category": "Beauty & Hygiene", "sub_category_name": "Oral Care", "product_name": "Freshness Gel Natural Ayurvedic Cardamom Toothpaste", "product_brand": "Lever Ayush", "combo": [["80 g", "36.00"], ["150 g", "80.00"]]}, {"category": "Beauty & Hygiene", "sub_category_name": "Oral Care", "product_name": "Pro Health Sensitive Toothbrush Soft", "product_brand": "Oral-B", "combo": []}, {"category": "Beauty & Hygiene", "sub_category_name": "Oral Care", "product_name": "360 Visible White Toothbrush", "product_brand": "Colgate", "combo": []}, {"category": "Beauty & Hygiene", "sub_category_name": "Oral Care", "product_name": "Toothpaste - Cavity Protection, Germi Check", "product_brand": "Pepsodent", "combo": []}, {"category": "Beauty & Hygiene", "sub_category_name": "Oral Care", "product_name": "Mouthwash - Plax, Complete Care", "product_brand": "Colgate", "combo": []}, {"category": "Beauty & Hygiene", "sub_category_name": "Oral Care", "product_name": "Baby ToothBrush", "product_brand": "Johnson's baby", "combo": []}, {"category": "Beauty & Hygiene", "sub_category_name": "Oral Care", "product_name": "Deep Action Lemon Mint Anti Germ Gel Toothpaste", "product_brand": "Close Up", "combo": []}, {"category": "Beauty & Hygiene", "sub_category_name": "Oral Care", "product_name": "Toothbrush - 360 Degree Flosstip, Soft Bristles", "product_brand": "Colgate", "combo": []}, {"category": "Beauty & Hygiene", "sub_category_name": "Oral Care", "product_name": "Toothbrush - 360 Degree Flosstip, Soft", "product_brand": "Colgate", "combo": []}, {"category": "Beauty & Hygiene", "sub_category_name": "Oral Care", "product_name": "Toothbrush - Zigzag, Soft Bristles 2Pcs Buy 2 Get 1 Free + Toothbrush Barbie 1Pc", "product_brand": "Colgate", "combo": []}, {"category": "Beauty & Hygiene", "sub_category_name": "Oral Care", "product_name": "Toothpaste - Red Gel, Combo Pack", "product_brand": "Dabur", "combo": [["150 g", "93.37"], ["3x150 g", "280.11"]]}, {"category": "Beauty & Hygiene", "sub_category_name": "Oral Care", "product_name": "Mouthwash - Plax, Freshmint Splash", "product_brand": "Colgate", "combo": []}, {"category": "Beauty & Hygiene", "sub_category_name": "Oral Care", "product_name": "Toothbrush - 360 Degree Charcoal Gold, Soft Bristles", "product_brand": "Colgate", "combo": []}, {"category": "Beauty & Hygiene", "sub_category_name": "Oral Care", "product_name": "Kid's Toothpaste - 0-2 years, Natural Fruit Flavour, Fluoride Free, 0% Artificial", "product_brand": "Colgate", "combo": []}, {"category": "Beauty & Hygiene", "sub_category_name": "Oral Care", "product_name": "Slim Soft Toothbrush - Soft Bristles", "product_brand": "Colgate", "combo": []}, {"category": "Beauty & Hygiene", "sub_category_name": "Oral Care", "product_name": "Super Shine Soft Bristle Toothbrush", "product_brand": "Colgate", "combo": []}, {"category": "Beauty & Hygiene", "sub_category_name": "Oral Care", "product_name": "Toothbrush - ZigZag, Soft Bristles", "product_brand": "Colgate", "combo": []}, {"category": "Beauty & Hygiene", "sub_category_name": "Oral Care", "product_name": "Mouthwash - Plax, Active Salt", "product_brand": "Colgate", "combo": []}, {"category": "Beauty & Hygiene", "sub_category_name": "Oral Care", "product_name": "Herbal Multi Care Toothpaste", "product_brand": "Sensodyne", "combo": []}, {"category": "Beauty & Hygiene", "sub_category_name": "Oral Care", "product_name": "Classic Tongue Cleaner - Copper", "product_brand": "Mr. Copper", "combo": []}, {"category": "Beauty & Hygiene", "sub_category_name": "Oral Care", "product_name": "Freshness Gel Natural Ayurvedic Cardamom Toothpaste", "product_brand": "Lever Ayush", "combo": [["80 g", "36.00"], ["150 g", "80.00"]]}, {"category": "Beauty & Hygiene", "sub_category_name": "Oral Care", "product_name": "Pro Health Sensitive Toothbrush Soft", "product_brand": "Oral-B", "combo": []}, {"category": "Beauty & Hygiene", "sub_category_name": "Oral Care", "product_name": "360 Visible White Toothbrush", "product_brand": "Colgate", "combo": []}, {"category": "Beauty & Hygiene", "sub_category_name": "Oral Care", "product_name": "Toothpaste - Cavity Protection, Germi Check", "product_brand": "Pepsodent", "combo": []}, {"category": "Beauty & Hygiene", "sub_category_name": "Oral Care", "product_name": "Mouthwash - Plax, Complete Care", "product_brand": "Colgate", "combo": []}, {"category": "Beauty & Hygiene", "sub_category_name": "Oral Care", "product_name": "Baby ToothBrush", "product_brand": "Johnson's baby", "combo": []}, {"category": "Beauty & Hygiene", "sub_category_name": "Oral Care", "product_name": "Deep Action Lemon Mint Anti Germ Gel Toothpaste", "product_brand": "Close Up", "combo": []}, {"category": "Beauty & Hygiene", "sub_category_name": "Oral Care", "product_name": "Toothbrush - 360 Degree Flosstip, Soft Bristles", "product_brand": "Colgate", "combo": []}, {"category": "Beauty & Hygiene", "sub_category_name": "Oral Care", "product_name": "Toothbrush - 360 Degree Flosstip, Soft", "product_brand": "Colgate", "combo": []}, {"category": "Beauty & Hygiene", "sub_category_name": "Oral Care", "product_name": "Toothbrush - Zigzag, Soft Bristles 2Pcs Buy 2 Get 1 Free + Toothbrush Barbie 1Pc", "product_brand": "Colgate", "combo": []}, {"category": "Beauty & Hygiene", "sub_category_name": "Oral Care", "product_name": "Toothpaste - Red Gel, Combo Pack", "product_brand": "Dabur", "combo": [["150 g", "93.37"], ["3x150 g", "280.11"]]}, {"category": "Beauty & Hygiene", "sub_category_name": "Oral Care", "product_name": "Mouthwash - Plax, Freshmint Splash", "product_brand": "Colgate", "combo": []}, {"category": "Beauty & Hygiene", "sub_category_name": "Oral Care", "product_name": "Toothbrush - 360 Degree Charcoal Gold, Soft Bristles", "product_brand": "Colgate", "combo": []}, {"category": "Beauty & Hygiene", "sub_category_name": "Oral Care", "product_name": "Kid's Toothpaste - 0-2 years, Natural Fruit Flavour, Fluoride Free, 0% Artificial", "product_brand": "Colgate", "combo": []}, {"category": "Beauty & Hygiene", "sub_category_name": "Oral Care", "product_name": "Slim Soft Toothbrush - Soft Bristles", "product_brand": "Colgate", "combo": []}, {"category": "Beauty & Hygiene", "sub_category_name": "Oral Care", "product_name": "Super Shine Soft Bristle Toothbrush", "product_brand": "Colgate", "combo": []}, {"category": "Beauty & Hygiene", "sub_category_name": "Oral Care", "product_name": "Toothbrush - ZigZag, Soft Bristles", "product_brand": "Colgate", "combo": []}, {"category": "Beauty & Hygiene", "sub_category_name": "Oral Care", "product_name": "Mouthwash - Plax, Active Salt", "product_brand": "Colgate", "combo": []}, {"category": "Beauty & Hygiene", "sub_category_name": "Oral Care", "product_name": "Herbal Multi Care Toothpaste", "product_brand": "Sensodyne", "combo": []}, {"category": "Beauty & Hygiene", "sub_category_name": "Oral Care", "product_name": "Classic Tongue Cleaner - Copper", "product_brand": "Mr. Copper", "combo": []}, {"category": "Beauty & Hygiene", "sub_category_name": "Oral Care", "product_name": "Freshness Gel Natural Ayurvedic Cardamom Toothpaste", "product_brand": "Lever Ayush", "combo": [["80 g", "36.00"], ["150 g", "80.00"]]}, {"category": "Beauty & Hygiene", "sub_category_name": "Oral Care", "product_name": "Pro Health Sensitive Toothbrush Soft", "product_brand": "Oral-B", "combo": []}, {"category": "Beauty & Hygiene", "sub_category_name": "Oral Care", "product_name": "360 Visible White Toothbrush", "product_brand": "Colgate", "combo": []}, {"category": "Beauty & Hygiene", "sub_category_name": "Oral Care", "product_name": "Toothpaste - Cavity Protection, Germi Check", "product_brand": "Pepsodent", "combo": []}, {"category": "Beauty & Hygiene", "sub_category_name": "Oral Care", "product_name": "Mouthwash - Plax, Complete Care", "product_brand": "Colgate", "combo": []}, {"category": "Beauty & Hygiene", "sub_category_name": "Oral Care", "product_name": "Baby ToothBrush", "product_brand": "Johnson's baby", "combo": []}, {"category": "Beauty & Hygiene", "sub_category_name": "Oral Care", "product_name": "Deep Action Lemon Mint Anti Germ Gel Toothpaste", "product_brand": "Close Up", "combo": []}, {"category": "Beauty & Hygiene", "sub_category_name": "Oral Care", "product_name": "Toothbrush - 360 Degree Flosstip, Soft Bristles", "product_brand": "Colgate", "combo": []}, {"category": "Beauty & Hygiene", "sub_category_name": "Oral Care", "product_name": "Toothbrush - 360 Degree Flosstip, Soft", "product_brand": "Colgate", "combo": []}, {"category": "Beauty & Hygiene", "sub_category_name": "Oral Care", "product_name": "Toothbrush - Zigzag, Soft Bristles 2Pcs Buy 2 Get 1 Free + Toothbrush Barbie 1Pc", "product_brand": "Colgate", "combo": []}, {"category": "Beauty & Hygiene", "sub_category_name": "Oral Care", "product_name": "Toothpaste - Red Gel, Combo Pack", "product_brand": "Dabur", "combo": [["150 g", "93.37"], ["3x150 g", "280.11"]]}, {"category": "Beauty & Hygiene", "sub_category_name": "Oral Care", "product_name": "Mouthwash - Plax, Freshmint Splash", "product_brand": "Colgate", "combo": []}, {"category": "Beauty & Hygiene", "sub_category_name": "Oral Care", "product_name": "Toothbrush - 360 Degree Charcoal Gold, Soft Bristles", "product_brand": "Colgate", "combo": []}, {"category": "Beauty & Hygiene", "sub_category_name": "Oral Care", "product_name": "Kid's Toothpaste - 0-2 years, Natural Fruit Flavour, Fluoride Free, 0% Artificial", "product_brand": "Colgate", "combo": []}, {"category": "Beauty & Hygiene", "sub_category_name": "Oral Care", "product_name": "Slim Soft Toothbrush - Soft Bristles", "product_brand": "Colgate", "combo": []}, {"category": "Beauty & Hygiene", "sub_category_name": "Oral Care", "product_name": "Super Shine Soft Bristle Toothbrush", "product_brand": "Colgate", "combo": []}, {"category": "Beauty & Hygiene", "sub_category_name": "Oral Care", "product_name": "Toothbrush - ZigZag, Soft Bristles", "product_brand": "Colgate", "combo": []}, {"category": "Beauty & Hygiene", "sub_category_name": "Oral Care", "product_name": "Mouthwash - Plax, Active Salt", "product_brand": "Colgate", "combo": []}, {"category": "Beauty & Hygiene", "sub_category_name": "Oral Care", "product_name": "Herbal Multi Care Toothpaste", "product_brand": "Sensodyne", "combo": []}, {"category": "Beauty & Hygiene", "sub_category_name": "Oral Care", "product_name": "Classic Tongue Cleaner - Copper", "product_brand": "Mr. Copper", "combo": []}, {"category": "Beauty & Hygiene", "sub_category_name": "Oral Care", "product_name": "Freshness Gel Natural Ayurvedic Cardamom Toothpaste", "product_brand": "Lever Ayush", "combo": [["80 g", "36.00"], ["150 g", "80.00"]]}, {"category": "Beauty & Hygiene", "sub_category_name": "Oral Care", "product_name": "Pro Health Sensitive Toothbrush Soft", "product_brand": "Oral-B", "combo": []}, {"category": "Beauty & Hygiene", "sub_category_name": "Oral Care", "product_name": "360 Visible White Toothbrush", "product_brand": "Colgate", "combo": []}, {"category": "Beauty & Hygiene", "sub_category_name": "Oral Care", "product_name": "Toothpaste - Cavity Protection, Germi Check", "product_brand": "Pepsodent", "combo": []}, {"category": "Beauty & Hygiene", "sub_category_name": "Oral Care", "product_name": "Touch Me Automatic Vacuum Toothpaste Dispenser Squeezer With 5-Pc Plastic Toothbrush Holder", "product_brand": "JLT", "combo": []}, {"category": "Beauty & Hygiene", "sub_category_name": "Oral Care", "product_name": "Toothbrush - Pro-Health Anti-Bacterial Soft", "product_brand": "Oral-B", "combo": []}, {"category": "Beauty & Hygiene", "sub_category_name": "Oral Care", "product_name": "Mouthwash - Plax Peppermint", "product_brand": "Colgate", "combo": []}, {"category": "Beauty & Hygiene", "sub_category_name": "Oral Care", "product_name": "Toothbrush - Feel Good, Smart Clean, Soft", "product_brand": "Trisa", "combo": []}, {"category": "Beauty & Hygiene", "sub_category_name": "Oral Care", "product_name": "Toothbrush - Feel Good, Smart Clean, Duo, Soft", "product_brand": "Trisa", "combo": []}, {"category": "Beauty & Hygiene", "sub_category_name": "Oral Care", "product_name": "Super Slim Toothbrush Twin Pack - Blue & Purple, Soft", "product_brand": "Dentoshine", "combo": []}, {"category": "Beauty & Hygiene", "sub_category_name": "Oral Care", "product_name": "Ultrathin Sensitive Toothbrush - Green", "product_brand": "Oral-B", "combo": []}, {"category": "Beauty & Hygiene", "sub_category_name": "Oral Care", "product_name": "Mouth Freshener - Orange", "product_brand": "Spraymintt", "combo": []}, {"category": "Beauty & Hygiene", "sub_category_name": "Oral Care", "product_name": "Ayurvedic Toothpaste", "product_brand": "Dabur Babool", "combo": []}, {"category": "Beauty & Hygiene", "sub_category_name": "Oral Care", "product_name": "Lal Dant Manjan - Ayurvedic Toothpowder", "product_brand": "Dabur Red", "combo": []}, {"category": "Beauty & Hygiene", "sub_category_name": "Oral Care", "product_name": "Instant Mouth Freshener - Thanda Paan", "product_brand": "Spraymintt", "combo": []}, {"category": "Beauty & Hygiene", "sub_category_name": "Oral Care", "product_name": "Mouthwash - Mild Taste", "product_brand": "Listerine", "combo": []}, {"category": "Beauty & Hygiene", "sub_category_name": "Oral Care", "product_name": "White Tooth Paste", "product_brand": "Anchor", "combo": []}, {"category": "Beauty & Hygiene", "sub_category_name": "Oral Care", "product_name": "Super Slim Toothbrush Value Pack - Red, Green, Blue, Purple, Soft", "product_brand": "Dentoshine", "combo": []}, {"category": "Beauty & Hygiene", "sub_category_name": "Oral Care", "product_name": "Toothbrush All Rounder Gum Protect (Extra Soft)", "product_brand": "Oral-B", "combo": []}, {"category": "Beauty & Hygiene", "sub_category_name": "Oral Care", "product_name": "Sensitive Everyday Protection Anticavity Toothpaste.", "product_brand": "Colgate", "combo": []}, {"category": "Beauty & Hygiene", "sub_category_name": "Oral Care", "product_name": "Toothbrush - Perfect White, Medium", "product_brand": "Trisa", "combo": []}, {"category": "Beauty & Hygiene", "sub_category_name": "Oral Care", "product_name": "Toothbrush - Feel Good, Smart Clean, Medium", "product_brand": "Trisa", "combo": []}, {"category": "Beauty & Hygiene", "sub_category_name": "Oral Care", "product_name": "Pro-Health Criss-Cross Charcoal Toothbrush - Extra Soft", "product_brand": "Oral-B", "combo": []}, {"category": "Beauty & Hygiene", "sub_category_name": "Oral Care", "product_name": "Kids Motu Patlu Toothpaste - 2-5 Years, Bubble Fruit Flavour", "product_brand": "Colgate", "combo": []}, {"category": "Beauty & Hygiene", "sub_category_name": "Oral Care", "product_name": "Touch Me Automatic Vacuum Toothpaste Dispenser Squeezer With 5-Pc Plastic Toothbrush Holder", "product_brand": "JLT", "combo": []}, {"category": "Beauty & Hygiene", "sub_category_name": "Oral Care", "product_name": "Toothbrush - Pro-Health Anti-Bacterial Soft", "product_brand": "Oral-B", "combo": []}, {"category": "Beauty & Hygiene", "sub_category_name": "Oral Care", "product_name": "Mouthwash - Plax Peppermint", "product_brand": "Colgate", "combo": []}, {"category": "Beauty & Hygiene", "sub_category_name": "Oral Care", "product_name": "Toothbrush - Feel Good, Smart Clean, Soft", "product_brand": "Trisa", "combo": []}, {"category": "Beauty & Hygiene", "sub_category_name": "Oral Care", "product_name": "Toothbrush - Feel Good, Smart Clean, Duo, Soft", "product_brand": "Trisa", "combo": []}, {"category": "Beauty & Hygiene", "sub_category_name": "Oral Care", "product_name": "Super Slim Toothbrush Twin Pack - Blue & Purple, Soft", "product_brand": "Dentoshine", "combo": []}, {"category": "Beauty & Hygiene", "sub_category_name": "Oral Care", "product_name": "Ultrathin Sensitive Toothbrush - Green", "product_brand": "Oral-B", "combo": []}, {"category": "Beauty & Hygiene", "sub_category_name": "Oral Care", "product_name": "Mouth Freshener - Orange", "product_brand": "Spraymintt", "combo": []}, {"category": "Beauty & Hygiene", "sub_category_name": "Oral Care", "product_name": "Ayurvedic Toothpaste", "product_brand": "Dabur Babool", "combo": []}, {"category": "Beauty & Hygiene", "sub_category_name": "Oral Care", "product_name": "Lal Dant Manjan - Ayurvedic Toothpowder", "product_brand": "Dabur Red", "combo": []}, {"category": "Beauty & Hygiene", "sub_category_name": "Oral Care", "product_name": "Instant Mouth Freshener - Thanda Paan", "product_brand": "Spraymintt", "combo": []}, {"category": "Beauty & Hygiene", "sub_category_name": "Oral Care", "product_name": "Mouthwash - Mild Taste", "product_brand": "Listerine", "combo": []}, {"category": "Beauty & Hygiene", "sub_category_name": "Oral Care", "product_name": "White Tooth Paste", "product_brand": "Anchor", "combo": []}, {"category": "Beauty & Hygiene", "sub_category_name": "Oral Care", "product_name": "Super Slim Toothbrush Value Pack - Red, Green, Blue, Purple, Soft", "product_brand": "Dentoshine", "combo": []}, {"category": "Beauty & Hygiene", "sub_category_name": "Oral Care", "product_name": "Toothbrush All Rounder Gum Protect (Extra Soft)", "product_brand": "Oral-B", "combo": []}, {"category": "Beauty & Hygiene", "sub_category_name": "Oral Care", "product_name": "Sensitive Everyday Protection Anticavity Toothpaste.", "product_brand": "Colgate", "combo": []}, {"category": "Beauty & Hygiene", "sub_category_name": "Oral Care", "product_name": "Toothbrush - Perfect White, Medium", "product_brand": "Trisa", "combo": []}, {"category": "Beauty & Hygiene", "sub_category_name": "Oral Care", "product_name": "Toothbrush - Feel Good, Smart Clean, Medium", "product_brand": "Trisa", "combo": []}, {"category": "Beauty & Hygiene", "sub_category_name": "Oral Care", "product_name": "Pro-Health Criss-Cross Charcoal Toothbrush - Extra Soft", "product_brand": "Oral-B", "combo": []}, {"category": "Beauty & Hygiene", "sub_category_name": "Oral Care", "product_name": "Kids Motu Patlu Toothpaste - 2-5 Years, Bubble Fruit Flavour", "product_brand": "Colgate", "combo": []}, {"category": "Beauty & Hygiene", "sub_category_name": "Oral Care", "product_name": "Touch Me Automatic Vacuum Toothpaste Dispenser Squeezer With 5-Pc Plastic Toothbrush Holder", "product_brand": "JLT", "combo": []}, {"category": "Beauty & Hygiene", "sub_category_name": "Oral Care", "product_name": "Toothbrush - Pro-Health Anti-Bacterial Soft", "product_brand": "Oral-B", "combo": []}, {"category": "Beauty & Hygiene", "sub_category_name": "Oral Care", "product_name": "Mouthwash - Plax Peppermint", "product_brand": "Colgate", "combo": []}, {"category": "Beauty & Hygiene", "sub_category_name": "Oral Care", "product_name": "Toothbrush - Feel Good, Smart Clean, Soft", "product_brand": "Trisa", "combo": []}, {"category": "Beauty & Hygiene", "sub_category_name": "Oral Care", "product_name": "Toothbrush - Feel Good, Smart Clean, Duo, Soft", "product_brand": "Trisa", "combo": []}, {"category": "Beauty & Hygiene", "sub_category_name": "Oral Care", "product_name": "Super Slim Toothbrush Twin Pack - Blue & Purple, Soft", "product_brand": "Dentoshine", "combo": []}, {"category": "Beauty & Hygiene", "sub_category_name": "Oral Care", "product_name": "Ultrathin Sensitive Toothbrush - Green", "product_brand": "Oral-B", "combo": []}, {"category": "Beauty & Hygiene", "sub_category_name": "Oral Care", "product_name": "Mouth Freshener - Orange", "product_brand": "Spraymintt", "combo": []}, {"category": "Beauty & Hygiene", "sub_category_name": "Oral Care", "product_name": "Ayurvedic Toothpaste", "product_brand": "Dabur Babool", "combo": []}, {"category": "Beauty & Hygiene", "sub_category_name": "Oral Care", "product_name": "Lal Dant Manjan - Ayurvedic Toothpowder", "product_brand": "Dabur Red", "combo": []}, {"category": "Beauty & Hygiene", "sub_category_name": "Oral Care", "product_name": "Instant Mouth Freshener - Thanda Paan", "product_brand": "Spraymintt", "combo": []}, {"category": "Beauty & Hygiene", "sub_category_name": "Oral Care", "product_name": "Mouthwash - Mild Taste", "product_brand": "Listerine", "combo": []}, {"category": "Beauty & Hygiene", "sub_category_name": "Oral Care", "product_name": "White Tooth Paste", "product_brand": "Anchor", "combo": []}, {"category": "Beauty & Hygiene", "sub_category_name": "Oral Care", "product_name": "Super Slim Toothbrush Value Pack - Red, Green, Blue, Purple, Soft", "product_brand": "Dentoshine", "combo": []}, {"category": "Beauty & Hygiene", "sub_category_name": "Oral Care", "product_name": "Toothbrush All Rounder Gum Protect (Extra Soft)", "product_brand": "Oral-B", "combo": []}, {"category": "Beauty & Hygiene", "sub_category_name": "Oral Care", "product_name": "Sensitive Everyday Protection Anticavity Toothpaste.", "product_brand": "Colgate", "combo": []}, {"category": "Beauty & Hygiene", "sub_category_name": "Oral Care", "product_name": "Toothbrush - Perfect White, Medium", "product_brand": "Trisa", "combo": []}, {"category": "Beauty & Hygiene", "sub_category_name": "Oral Care", "product_name": "Toothbrush - Feel Good, Smart Clean, Medium", "product_brand": "Trisa", "combo": []}, {"category": "Beauty & Hygiene", "sub_category_name": "Oral Care", "product_name": "Pro-Health Criss-Cross Charcoal Toothbrush - Extra Soft", "product_brand": "Oral-B", "combo": []}, {"category": "Beauty & Hygiene", "sub_category_name": "Oral Care", "product_name": "Kids Motu Patlu Toothpaste - 2-5 Years, Bubble Fruit Flavour", "product_brand": "Colgate", "combo": []}, {"category": "Beauty & Hygiene", "sub_category_name": "Oral Care", "product_name": "SpongeBob SquarePants Toothpaste For Kids - Fluoride-Free, Chill Gum Flavour", "product_brand": "Aquawhite", "combo": []}, {"category": "Beauty & Hygiene", "sub_category_name": "Oral Care", "product_name": "Shiva Toothpaste For Kids - Fluoride-Free, Sweet Bubble Gum Flavour", "product_brand": "Aquawhite", "combo": []}, {"category": "Beauty & Hygiene", "sub_category_name": "Oral Care", "product_name": "Shimmer & Shine Power X Battery Toothbrush For Kids - Age 3+ Years", "product_brand": "Aquawhite", "combo": []}, {"category": "Beauty & Hygiene", "sub_category_name": "Oral Care", "product_name": "Tongue Cleaner Mouth Freshness Good Breath Scraper Bathroom", "product_brand": "JLT", "combo": []}, {"category": "Beauty & Hygiene", "sub_category_name": "Oral Care", "product_name": "Super Clean Toothbrush - Medium Bristles, Colour May Vary", "product_brand": "Aquawhite", "combo": []}, {"category": "Beauty & Hygiene", "sub_category_name": "Oral Care", "product_name": "Vajradanti Toothpaste - Sugar Free", "product_brand": "Vicco", "combo": []}, {"category": "Beauty & Hygiene", "sub_category_name": "Oral Care", "product_name": "Peppa Pig Flashhh Kids Toothbrush - 3+ Years, Green", "product_brand": "Aquawhite", "combo": []}, {"category": "Beauty & Hygiene", "sub_category_name": "Oral Care", "product_name": "Peppa Pig Flashhh Kids Toothbrush With Rinsing Cup - Blue", "product_brand": "Aquawhite", "combo": []}, {"category": "Beauty & Hygiene", "sub_category_name": "Oral Care", "product_name": "Sensitive Toothbrush - Ultra Soft Bristles, Colour May Vary", "product_brand": "Aquawhite", "combo": []}, {"category": "Beauty & Hygiene", "sub_category_name": "Oral Care", "product_name": "Toothpaste - Sensitive, Fresh Gel", "product_brand": "Sensodyne", "combo": []}, {"category": "Beauty & Hygiene", "sub_category_name": "Oral Care", "product_name": "Soft Bristles Deep Clean Toothbrush With Hygiene Cap - Colour May Vary", "product_brand": "Aquawhite", "combo": []}, {"category": "Beauty & Hygiene", "sub_category_name": "Oral Care", "product_name": "Touch Me Automatic Vacuum Toothpaste Dispenser Squeezer With 5-Pc Plastic Toothbrush Holder", "product_brand": "JLT", "combo": []}, {"category": "Beauty & Hygiene", "sub_category_name": "Oral Care", "product_name": "Toothbrush - Pro-Health Anti-Bacterial Soft", "product_brand": "Oral-B", "combo": []}, {"category": "Beauty & Hygiene", "sub_category_name": "Oral Care", "product_name": "Mouthwash - Plax Peppermint", "product_brand": "Colgate", "combo": []}, {"category": "Beauty & Hygiene", "sub_category_name": "Oral Care", "product_name": "Toothbrush - Feel Good, Smart Clean, Soft", "product_brand": "Trisa", "combo": []}, {"category": "Beauty & Hygiene", "sub_category_name": "Oral Care", "product_name": "Toothbrush - Feel Good, Smart Clean, Duo, Soft", "product_brand": "Trisa", "combo": []}, {"category": "Beauty & Hygiene", "sub_category_name": "Oral Care", "product_name": "Super Slim Toothbrush Twin Pack - Blue & Purple, Soft", "product_brand": "Dentoshine", "combo": []}, {"category": "Beauty & Hygiene", "sub_category_name": "Oral Care", "product_name": "Ultrathin Sensitive Toothbrush - Green", "product_brand": "Oral-B", "combo": []}, {"category": "Beauty & Hygiene", "sub_category_name": "Oral Care", "product_name": "Mouth Freshener - Orange", "product_brand": "Spraymintt", "combo": []}, {"category": "Beauty & Hygiene", "sub_category_name": "Oral Care", "product_name": "Ayurvedic Toothpaste", "product_brand": "Dabur Babool", "combo": []}, {"category": "Beauty & Hygiene", "sub_category_name": "Oral Care", "product_name": "Lal Dant Manjan - Ayurvedic Toothpowder", "product_brand": "Dabur Red", "combo": []}, {"category": "Beauty & Hygiene", "sub_category_name": "Oral Care", "product_name": "Instant Mouth Freshener - Thanda Paan", "product_brand": "Spraymintt", "combo": []}, {"category": "Beauty & Hygiene", "sub_category_name": "Oral Care", "product_name": "Mouthwash - Mild Taste", "product_brand": "Listerine", "combo": []}, {"category": "Beauty & Hygiene", "sub_category_name": "Oral Care", "product_name": "White Tooth Paste", "product_brand": "Anchor", "combo": []}, {"category": "Beauty & Hygiene", "sub_category_name": "Oral Care", "product_name": "Super Slim Toothbrush Value Pack - Red, Green, Blue, Purple, Soft", "product_brand": "Dentoshine", "combo": []}, {"category": "Beauty & Hygiene", "sub_category_name": "Oral Care", "product_name": "Toothbrush All Rounder Gum Protect (Extra Soft)", "product_brand": "Oral-B", "combo": []}, {"category": "Beauty & Hygiene", "sub_category_name": "Oral Care", "product_name": "Sensitive Everyday Protection Anticavity Toothpaste.", "product_brand": "Colgate", "combo": []}, {"category": "Beauty & Hygiene", "sub_category_name": "Oral Care", "product_name": "Toothbrush - Perfect White, Medium", "product_brand": "Trisa", "combo": []}, {"category": "Beauty & Hygiene", "sub_category_name": "Oral Care", "product_name": "Toothbrush - Feel Good, Smart Clean, Medium", "product_brand": "Trisa", "combo": []}, {"category": "Beauty & Hygiene", "sub_category_name": "Oral Care", "product_name": "Pro-Health Criss-Cross Charcoal Toothbrush - Extra Soft", "product_brand": "Oral-B", "combo": []}, {"category": "Beauty & Hygiene", "sub_category_name": "Oral Care", "product_name": "Kids Motu Patlu Toothpaste - 2-5 Years, Bubble Fruit Flavour", "product_brand": "Colgate", "combo": []}, {"category": "Beauty & Hygiene", "sub_category_name": "Oral Care", "product_name": "Touch Me Automatic Vacuum Toothpaste Dispenser Squeezer With 5-Pc Plastic Toothbrush Holder", "product_brand": "JLT", "combo": []}, {"category": "Beauty & Hygiene", "sub_category_name": "Oral Care", "product_name": "Toothbrush - Pro-Health Anti-Bacterial Soft", "product_brand": "Oral-B", "combo": []}, {"category": "Beauty & Hygiene", "sub_category_name": "Oral Care", "product_name": "Mouthwash - Plax Peppermint", "product_brand": "Colgate", "combo": []}, {"category": "Beauty & Hygiene", "sub_category_name": "Oral Care", "product_name": "Toothbrush - Feel Good, Smart Clean, Soft", "product_brand": "Trisa", "combo": []}, {"category": "Beauty & Hygiene", "sub_category_name": "Oral Care", "product_name": "Toothbrush - Feel Good, Smart Clean, Duo, Soft", "product_brand": "Trisa", "combo": []}, {"category": "Beauty & Hygiene", "sub_category_name": "Oral Care", "product_name": "Super Slim Toothbrush Twin Pack - Blue & Purple, Soft", "product_brand": "Dentoshine", "combo": []}, {"category": "Beauty & Hygiene", "sub_category_name": "Oral Care", "product_name": "Ultrathin Sensitive Toothbrush - Green", "product_brand": "Oral-B", "combo": []}, {"category": "Beauty & Hygiene", "sub_category_name": "Oral Care", "product_name": "Mouth Freshener - Orange", "product_brand": "Spraymintt", "combo": []}, {"category": "Beauty & Hygiene", "sub_category_name": "Oral Care", "product_name": "Ayurvedic Toothpaste", "product_brand": "Dabur Babool", "combo": []}, {"category": "Beauty & Hygiene", "sub_category_name": "Oral Care", "product_name": "Lal Dant Manjan - Ayurvedic Toothpowder", "product_brand": "Dabur Red", "combo": []}, {"category": "Beauty & Hygiene", "sub_category_name": "Oral Care", "product_name": "Instant Mouth Freshener - Thanda Paan", "product_brand": "Spraymintt", "combo": []}, {"category": "Beauty & Hygiene", "sub_category_name": "Oral Care", "product_name": "Mouthwash - Mild Taste", "product_brand": "Listerine", "combo": []}, {"category": "Beauty & Hygiene", "sub_category_name": "Oral Care", "product_name": "White Tooth Paste", "product_brand": "Anchor", "combo": []}, {"category": "Beauty & Hygiene", "sub_category_name": "Oral Care", "product_name": "Super Slim Toothbrush Value Pack - Red, Green, Blue, Purple, Soft", "product_brand": "Dentoshine", "combo": []}, {"category": "Beauty & Hygiene", "sub_category_name": "Oral Care", "product_name": "Toothbrush All Rounder Gum Protect (Extra Soft)", "product_brand": "Oral-B", "combo": []}, {"category": "Beauty & Hygiene", "sub_category_name": "Oral Care", "product_name": "Sensitive Everyday Protection Anticavity Toothpaste.", "product_brand": "Colgate", "combo": []}, {"category": "Beauty & Hygiene", "sub_category_name": "Oral Care", "product_name": "Toothbrush - Perfect White, Medium", "product_brand": "Trisa", "combo": []}, {"category": "Beauty & Hygiene", "sub_category_name": "Oral Care", "product_name": "Toothbrush - Feel Good, Smart Clean, Medium", "product_brand": "Trisa", "combo": []}, {"category": "Beauty & Hygiene", "sub_category_name": "Oral Care", "product_name": "Pro-Health Criss-Cross Charcoal Toothbrush - Extra Soft", "product_brand": "Oral-B", "combo": []}, {"category": "Beauty & Hygiene", "sub_category_name": "Oral Care", "product_name": "Kids Motu Patlu Toothpaste - 2-5 Years, Bubble Fruit Flavour", "product_brand": "Colgate", "combo": []}]