[{"category": "Gourmet & World Food", "sub_category_name": "Pasta, Soup & Noodles", "product_name": "Durum Wheat Pasta - Penne Rigate", "product_brand": "BORGES", "combo": []}, {"category": "Gourmet & World Food", "sub_category_name": "Pasta, Soup & Noodles", "product_name": "Durum Wheat Pasta - Fusilli", "product_brand": "BORGES", "combo": []}, {"category": "Gourmet & World Food", "sub_category_name": "Pasta, Soup & Noodles", "product_name": "Durum Wheat Pasta - Macaroni", "product_brand": "Happy Chef", "combo": []}, {"category": "Gourmet & World Food", "sub_category_name": "Pasta, Soup & Noodles", "product_name": "Durum Wheat Pasta - Penne Rigate", "product_brand": "Happy Chef", "combo": []}, {"category": "Gourmet & World Food", "sub_category_name": "Pasta, Soup & Noodles", "product_name": "Whole Wheat Pasta - Penne Rigate", "product_brand": "BORGES", "combo": []}, {"category": "Gourmet & World Food", "sub_category_name": "Pasta, Soup & Noodles", "product_name": "Happy Chef Pasta- Fusilli 500g + Sauce - Arrabiata 270g + Borges Olive Oil 1L", "product_brand": "bb Combo", "combo": []}, {"category": "Gourmet & World Food", "sub_category_name": "Pasta, Soup & Noodles", "product_name": "Pasta - Spirali", "product_brand": "Del Monte", "combo": [["500 g", "169.00"], ["2x500 g", "338.00"]]}, {"category": "Gourmet & World Food", "sub_category_name": "Pasta, Soup & Noodles", "product_name": "Durum Wheat Pasta - Penne Rigate", "product_brand": "Disano", "combo": [["2x500 g", "277.99"], ["500 g", "139.00"]]}, {"category": "Gourmet & World Food", "sub_category_name": "Pasta, Soup & Noodles", "product_name": "Pasta - Fusilli", "product_brand": "Disano", "combo": [["500 g", "139.00"], ["2x500 g", "277.99"]]}, {"category": "Gourmet & World Food", "sub_category_name": "Pasta, Soup & Noodles", "product_name": "Happy Chef Pasta- Penne Rigate 500g +Sauce - Arrabiata 270g +Borges Olive Oil 1L", "product_brand": "bb Combo", "combo": []}, {"category": "Gourmet & World Food", "sub_category_name": "Pasta, Soup & Noodles", "product_name": "Pasta - Penne Whole Wheat", "product_brand": "Happy Chef", "combo": []}, {"category": "Gourmet & World Food", "sub_category_name": "Pasta, Soup & Noodles", "product_name": "Penne Pasta - Premium Durum Wheat", "product_brand": "Habanero", "combo": []}, {"category": "Gourmet & World Food", "sub_category_name": "Pasta, Soup & Noodles", "product_name": "Pasta - Spaghetti", "product_brand": "Disano", "combo": [["500 g", "139.00"], ["2x500 g", "277.99"]]}, {"category": "Gourmet & World Food", "sub_category_name": "Pasta, Soup & Noodles", "product_name": "Pasta - Penne Rigate", "product_brand": "Del Monte", "combo": [["500 g", "169.00"], ["2x500 g", "338.00"]]}, {"category": "Gourmet & World Food", "sub_category_name": "Pasta, Soup & Noodles", "product_name": "Durum Wheat Pasta - Farfalle", "product_brand": "BORGES", "combo": []}, {"category": "Gourmet & World Food", "sub_category_name": "Pasta, Soup & Noodles", "product_name": "Pasta - Elbow", "product_brand": "Disano", "combo": [["500 g", "139.00"], ["2x500 g", "277.99"]]}, {"category": "Gourmet & World Food", "sub_category_name": "Pasta, Soup & Noodles", "product_name": "Disano Olive Oil Extra Virgin 500ml + Pasta Elbow 500G + Ragu Pasta Sauce 453G", "product_brand": "bb Combo", "combo": []}, {"category": "Gourmet & World Food", "sub_category_name": "Pasta, Soup & Noodles", "product_name": "San Remo Pasta 500G+Disano Olive Oil Extra Virgin 1L+Happy Chef Pasta Sauce 270G", "product_brand": "bb Combo", "combo": []}, {"category": "Gourmet & World Food", "sub_category_name": "Pasta, Soup & Noodles", "product_name": "Healthy Pasta - Quinoa", "product_brand": "Happy Chef", "combo": []}, {"category": "Gourmet & World Food", "sub_category_name": "Pasta, Soup & Noodles", "product_name": "Pasta - Farfalle", "product_brand": "Del Monte", "combo": [["500 g", "169.00"], ["2x500 g", "338.00"]]}, {"category": "Gourmet & World Food", "sub_category_name": "Pasta, Soup & Noodles", "product_name": "Disano Pasta Fusilli 500G + Olive Oil Pure 500ml + Happy Chef Pasta Sauce 270G", "product_brand": "bb Combo", "combo": []}, {"category": "Gourmet & World Food", "sub_category_name": "Pasta, Soup & Noodles", "product_name": "Pasta - Chifferi Rigati", "product_brand": "Del Monte", "combo": [["500 g", "169.00"], ["2x500 g", "338.00"]]}, {"category": "Gourmet & World Food", "sub_category_name": "Pasta, Soup & Noodles", "product_name": "Fusilli - Tricolor Pasta", "product_brand": "BORGES", "combo": []}, {"category": "Gourmet & World Food", "sub_category_name": "Pasta, Soup & Noodles", "product_name": "Pasta - Gli Spaghetti n.3", "product_brand": "Agnesi", "combo": []}, {"category": "Gourmet & World Food", "sub_category_name": "Pasta, Soup & Noodles", "product_name": "Durum Wheat Pasta - Fusilli", "product_brand": "Happy Chef", "combo": []}, {"category": "Gourmet & World Food", "sub_category_name": "Pasta, Soup & Noodles", "product_name": "Penne Rigate Pasta : Buy 1 Get 1 Free", "product_brand": "Keya", "combo": []}, {"category": "Gourmet & World Food", "sub_category_name": "Pasta, Soup & Noodles", "product_name": "Lasagne - Le Speciali", "product_brand": "Agnesi", "combo": []}, {"category": "Gourmet & World Food", "sub_category_name": "Pasta, Soup & Noodles", "product_name": "Pasta - Whole Wheat Fusilli", "product_brand": "BORGES", "combo": []}, {"category": "Gourmet & World Food", "sub_category_name": "Pasta, Soup & Noodles", "product_name": "Chifferi Rigati Pasta : Buy 1 Get 1 Free", "product_brand": "Keya", "combo": []}, {"category": "Gourmet & World Food", "sub_category_name": "Pasta, Soup & Noodles", "product_name": "San Remo Pasta 500G + Disano Olive Oil Pure 1L +American Garden Pasta Sauce 397G", "product_brand": "bb Combo", "combo": []}, {"category": "Gourmet & World Food", "sub_category_name": "Pasta, Soup & Noodles", "product_name": "Healthy Pasta - Multi Millet", "product_brand": "Happy Chef", "combo": []}, {"category": "Gourmet & World Food", "sub_category_name": "Pasta, Soup & Noodles", "product_name": "Del Monte Pasta 500g + Olive Oil Extra Virgin 1L + Happy Chef Pasta Sauce 270g", "product_brand": "bb Combo", "combo": []}, {"category": "Gourmet & World Food", "sub_category_name": "Pasta, Soup & Noodles", "product_name": "Disano Pasta Spaghetti 500G+Olive Oil Extra Light 1L+HappyChef Pasta Sauce 270G", "product_brand": "bb Combo", "combo": []}, {"category": "Gourmet & World Food", "sub_category_name": "Pasta, Soup & Noodles", "product_name": "Noodles - Vegetable", "product_brand": "Koka", "combo": [["70 g", "90.00"], ["2x70 g", "180.00"]]}, {"category": "Gourmet & World Food", "sub_category_name": "Pasta, Soup & Noodles", "product_name": "Durum Wheat Pasta - Kids, Girl", "product_brand": "Happy Chef", "combo": []}, {"category": "Gourmet & World Food", "sub_category_name": "Pasta, Soup & Noodles", "product_name": "Durum Wheat Pasta - Mini Fusilli", "product_brand": "BORGES", "combo": []}, {"category": "Gourmet & World Food", "sub_category_name": "Pasta, Soup & Noodles", "product_name": "Oriental instant Noodles - Crab Flavour", "product_brand": "Koka", "combo": []}, {"category": "Gourmet & World Food", "sub_category_name": "Pasta, Soup & Noodles", "product_name": "Pasta - Le Elichi Tricolore", "product_brand": "Agnesi", "combo": []}, {"category": "Gourmet & World Food", "sub_category_name": "Pasta, Soup & Noodles", "product_name": "Instant Noodles - Spicy Black Pepper Flavor", "product_brand": "Koka", "combo": []}, {"category": "Gourmet & World Food", "sub_category_name": "Pasta, Soup & Noodles", "product_name": "Pasta - Fusilli N.78", "product_brand": "Agnesi", "combo": []}, {"category": "Gourmet & World Food", "sub_category_name": "Pasta, Soup & Noodles", "product_name": "Instant Noodles - Spicy Singapore Fried", "product_brand": "Koka", "combo": []}, {"category": "Gourmet & World Food", "sub_category_name": "Pasta, Soup & Noodles", "product_name": "Pasta - Spaghetti", "product_brand": "Del Monte", "combo": [["500 g", "169.00"], ["2x500 g", "338.00"]]}, {"category": "Gourmet & World Food", "sub_category_name": "Pasta, Soup & Noodles", "product_name": "Whole Wheat Gourmet Pasta - Penne", "product_brand": "Del Monte", "combo": [["500 g", "199.00"], ["2x500 g", "398.00"]]}, {"category": "Gourmet & World Food", "sub_category_name": "Pasta, Soup & Noodles", "product_name": "Spirali Fusilli : Buy 1 Get 1 Free", "product_brand": "Keya", "combo": []}, {"category": "Gourmet & World Food", "sub_category_name": "Pasta, Soup & Noodles", "product_name": "Instant Thai Noodles - Hot & Spicy Tomyum", "product_brand": "Picnic", "combo": []}, {"category": "Gourmet & World Food", "sub_category_name": "Pasta, Soup & Noodles", "product_name": "Conchiglie Shell : Buy 1 Get 1 Free", "product_brand": "Keya", "combo": []}, {"category": "Gourmet & World Food", "sub_category_name": "Pasta, Soup & Noodles", "product_name": "Instant Noodles - Spicy Shrimp Flavour", "product_brand": "Koka", "combo": [["2x70 g", "210.00"], ["70 g", "105.00"]]}, {"category": "Gourmet & World Food", "sub_category_name": "Pasta, Soup & Noodles", "product_name": "Instant Thai Noodles - Hot & Spicy Vegetarian Tomyum", "product_brand": "Picnic", "combo": [["70 g", "95.00"], ["60 g", "85.00"]]}, {"category": "Gourmet & World Food", "sub_category_name": "Pasta, Soup & Noodles", "product_name": "1-2-3 Noodles - Chicken Flavour", "product_brand": "Wai Wai", "combo": [["6x70 g", "64.80"], ["4x70 g", "43.20"], ["70 g", "10.80"]]}, {"category": "Gourmet & World Food", "sub_category_name": "Pasta, Soup & Noodles", "product_name": "Soon Veggie Cup Noodle", "product_brand": "Nongshim", "combo": []}, {"category": "Gourmet & World Food", "sub_category_name": "Pasta, Soup & Noodles", "product_name": "Instant Noodles - Soy & Vinegar", "product_brand": "Koka", "combo": [["60 g", "63.75"], ["2x60 g", "127.50"]]}, {"category": "Gourmet & World Food", "sub_category_name": "Pasta, Soup & Noodles", "product_name": "Instant Thai Noodles - Hot & Spicy", "product_brand": "Picnic", "combo": []}, {"category": "Gourmet & World Food", "sub_category_name": "Pasta, Soup & Noodles", "product_name": "1-2-3 Noodles - Veg Masala Flavour", "product_brand": "Wai Wai", "combo": [["6x70 g", "64.80"], ["4x70 g", "43.20"], ["70 g", "10.80"]]}, {"category": "Gourmet & World Food", "sub_category_name": "Pasta, Soup & Noodles", "product_name": "Chifferi Rigati", "product_brand": "Agnesi", "combo": []}, {"category": "Gourmet & World Food", "sub_category_name": "Pasta, Soup & Noodles", "product_name": "Instant Thai Noodles - Hot & Rich Green Curry", "product_brand": "Picnic", "combo": []}, {"category": "Gourmet & World Food", "sub_category_name": "Pasta, Soup & Noodles", "product_name": "Durum Wheat Pasta - Fusilli", "product_brand": "Barilla", "combo": []}, {"category": "Gourmet & World Food", "sub_category_name": "Pasta, Soup & Noodles", "product_name": "Instant Noodles - Tomato Flavour", "product_brand": "Koka", "combo": [["70 g", "89.25"], ["2x70 g", "178.50"]]}, {"category": "Gourmet & World Food", "sub_category_name": "Pasta, Soup & Noodles", "product_name": "Instant Noodles - Pepper Crab Flavor", "product_brand": "Koka", "combo": []}, {"category": "Gourmet & World Food", "sub_category_name": "Pasta, Soup & Noodles", "product_name": "Oriental Instant Noodles - Stir-Fried Flavour", "product_brand": "Koka", "combo": []}, {"category": "Gourmet & World Food", "sub_category_name": "Pasta, Soup & Noodles", "product_name": "Oriental instant Noodles - Lobster Flavour", "product_brand": "Koka", "combo": []}, {"category": "Gourmet & World Food", "sub_category_name": "Pasta, Soup & Noodles", "product_name": "Whole Wheat Gourmet Pasta - Spirali", "product_brand": "Del Monte", "combo": [["2x500 g", "398.00"], ["500 g", "199.00"]]}, {"category": "Gourmet & World Food", "sub_category_name": "Pasta, Soup & Noodles", "product_name": "Instant Noodles - Mushroom Flavor", "product_brand": "Koka", "combo": []}, {"category": "Gourmet & World Food", "sub_category_name": "Pasta, Soup & Noodles", "product_name": "Instant Noodles - Curry Flavor", "product_brand": "Koka", "combo": []}, {"category": "Gourmet & World Food", "sub_category_name": "Pasta, Soup & Noodles", "product_name": "Instant Noodles - Seafood", "product_brand": "Koka", "combo": [["2x70 g", "210.00"], ["70 g", "105.00"]]}, {"category": "Gourmet & World Food", "sub_category_name": "Pasta, Soup & Noodles", "product_name": "oriental Instant Noodles - Mushroom Flavour", "product_brand": "Koka", "combo": []}, {"category": "Gourmet & World Food", "sub_category_name": "Pasta, Soup & Noodles", "product_name": "oriental Instant Noodles - Tom Yam Flavour", "product_brand": "Koka", "combo": []}, {"category": "Gourmet & World Food", "sub_category_name": "Pasta, Soup & Noodles", "product_name": "Instant Thai Noodles - Curry Flavoured", "product_brand": "Picnic", "combo": []}, {"category": "Gourmet & World Food", "sub_category_name": "Pasta, Soup & Noodles", "product_name": "Noodles - Chicken", "product_brand": "Koka", "combo": [["70 g", "105.00"], ["2x70 g", "210.00"]]}, {"category": "Gourmet & World Food", "sub_category_name": "Pasta, Soup & Noodles", "product_name": "Kimchi Flavour", "product_brand": "Yum Yum", "combo": []}, {"category": "Gourmet & World Food", "sub_category_name": "Pasta, Soup & Noodles", "product_name": "Soon Veggie Cup Noodle", "product_brand": "Nongshim", "combo": []}, {"category": "Gourmet & World Food", "sub_category_name": "Pasta, Soup & Noodles", "product_name": "Instant Noodles - Chicken Satay Flavor", "product_brand": "Koka", "combo": []}, {"category": "Gourmet & World Food", "sub_category_name": "Pasta, Soup & Noodles", "product_name": "oriental Instant Noodles - Masala Flavour", "product_brand": "Koka", "combo": []}, {"category": "Gourmet & World Food", "sub_category_name": "Pasta, Soup & Noodles", "product_name": "Verimicelli - Whole Grain Rice", "product_brand": "Mama", "combo": []}, {"category": "Gourmet & World Food", "sub_category_name": "Pasta, Soup & Noodles", "product_name": "Durum Wheat Pasta - Penne Rigate", "product_brand": "Barilla", "combo": []}, {"category": "Gourmet & World Food", "sub_category_name": "Pasta, Soup & Noodles", "product_name": "Instant Noodles - Spicy Sesame Flavor", "product_brand": "Koka", "combo": []}, {"category": "Gourmet & World Food", "sub_category_name": "Pasta, Soup & Noodles", "product_name": "Pad Thai Noodles", "product_brand": "Real Thai", "combo": []}, {"category": "Gourmet & World Food", "sub_category_name": "Pasta, Soup & Noodles", "product_name": "Noodles - Chicken And Corn", "product_brand": "Koka", "combo": []}, {"category": "Gourmet & World Food", "sub_category_name": "Pasta, Soup & Noodles", "product_name": "oriental Instant Noodles - Curry Flavour", "product_brand": "Koka", "combo": []}, {"category": "Gourmet & World Food", "sub_category_name": "Pasta, Soup & Noodles", "product_name": "oriental-Instant Noodles - Tomato Flavour", "product_brand": "Koka", "combo": []}, {"category": "Gourmet & World Food", "sub_category_name": "Pasta, Soup & Noodles", "product_name": "Curry Flavour", "product_brand": "Yum Yum", "combo": []}, {"category": "Gourmet & World Food", "sub_category_name": "Pasta, Soup & Noodles", "product_name": "Shin Ramyun Noodles - 5-In-1", "product_brand": "Nongshim", "combo": []}, {"category": "Gourmet & World Food", "sub_category_name": "Pasta, Soup & Noodles", "product_name": "Instant Noodles - Stir-Fry Original Flavor", "product_brand": "Koka", "combo": []}, {"category": "Gourmet & World Food", "sub_category_name": "Pasta, Soup & Noodles", "product_name": "Instant Noodles - Black Pepper Fried", "product_brand": "Koka", "combo": []}, {"category": "Gourmet & World Food", "sub_category_name": "Pasta, Soup & Noodles", "product_name": "Bowl Noodles - Seafood", "product_brand": "Koka", "combo": [["4x90 g", "500.00"], ["90 g", "125.00"], ["2x90 g", "250.00"]]}, {"category": "Gourmet & World Food", "sub_category_name": "Pasta, Soup & Noodles", "product_name": "Instant Noodles - Curry Flavour", "product_brand": "Koka", "combo": [["70 g", "105.00"], ["2x70 g", "210.00"]]}, {"category": "Gourmet & World Food", "sub_category_name": "Pasta, Soup & Noodles", "product_name": "Kimchi Ramyun Noodles", "product_brand": "Nongshim", "combo": []}, {"category": "Gourmet & World Food", "sub_category_name": "Pasta, Soup & Noodles", "product_name": "Instant Noodles - Mild & Tasty Chicken Flavoured", "product_brand": "Picnic", "combo": [["60 g", "85.00"], ["70 g", "95.00"]]}, {"category": "Gourmet & World Food", "sub_category_name": "Pasta, Soup & Noodles", "product_name": "Instant Noodles - Green & Healthy Veggie Flavour", "product_brand": "Picnic", "combo": [["60 g", "85.00"], ["70 g", "95.00"]]}, {"category": "Gourmet & World Food", "sub_category_name": "Pasta, Soup & Noodles", "product_name": "Durum Wheat Pasta - Spaghetti", "product_brand": "Happy Chef", "combo": []}, {"category": "Gourmet & World Food", "sub_category_name": "Pasta, Soup & Noodles", "product_name": "Spaghetti - Basmati Rice", "product_brand": "Peacock", "combo": []}, {"category": "Gourmet & World Food", "sub_category_name": "Pasta, Soup & Noodles", "product_name": "Shin Cup Noodle", "product_brand": "Nongshim", "combo": []}, {"category": "Gourmet & World Food", "sub_category_name": "Pasta, Soup & Noodles", "product_name": "Instant Noodles - Curry Flavor", "product_brand": "Koka", "combo": []}, {"category": "Gourmet & World Food", "sub_category_name": "Pasta, Soup & Noodles", "product_name": "Instant Oriental Instant Noodles - Chicken Flavor", "product_brand": "Koka", "combo": []}, {"category": "Gourmet & World Food", "sub_category_name": "Pasta, Soup & Noodles", "product_name": "oriental-Instant Noodles - Vegetable Flavour", "product_brand": "Koka", "combo": []}, {"category": "Gourmet & World Food", "sub_category_name": "Pasta, Soup & Noodles", "product_name": "Chicken Flavour", "product_brand": "Yum Yum", "combo": []}, {"category": "Gourmet & World Food", "sub_category_name": "Pasta, Soup & Noodles", "product_name": "Noodles - Rice", "product_brand": "Koka", "combo": []}, {"category": "Gourmet & World Food", "sub_category_name": "Pasta, Soup & Noodles", "product_name": "Bowl Noodles - Laksa Singapura", "product_brand": "Koka", "combo": []}, {"category": "Gourmet & World Food", "sub_category_name": "Pasta, Soup & Noodles", "product_name": "Oriental Instant Noodles - Prawn Flavour", "product_brand": "Koka", "combo": []}, {"category": "Gourmet & World Food", "sub_category_name": "Pasta, Soup & Noodles", "product_name": "Capellini", "product_brand": "Colavita", "combo": []}, {"category": "Gourmet & World Food", "sub_category_name": "Pasta, Soup & Noodles", "product_name": "Pasta - Le Penne Rigate N.19", "product_brand": "Agnesi", "combo": []}, {"category": "Gourmet & World Food", "sub_category_name": "Pasta, Soup & Noodles", "product_name": "Instant Noodles - Yum Shrimps", "product_brand": "Mama", "combo": []}, {"category": "Gourmet & World Food", "sub_category_name": "Pasta, Soup & Noodles", "product_name": "Pasta - Rigatoni", "product_brand": "Colavita", "combo": []}, {"category": "Gourmet & World Food", "sub_category_name": "Pasta, Soup & Noodles", "product_name": "Penne Pasta - Gluten Free", "product_brand": "Schar", "combo": []}, {"category": "Gourmet & World Food", "sub_category_name": "Pasta, Soup & Noodles", "product_name": "Rice Stick - 3 mm", "product_brand": "Real Thai", "combo": []}, {"category": "Gourmet & World Food", "sub_category_name": "Pasta, Soup & Noodles", "product_name": "Rice Vermicelli", "product_brand": "Real Thai", "combo": []}, {"category": "Gourmet & World Food", "sub_category_name": "Pasta, Soup & Noodles", "product_name": "Fusilli", "product_brand": "Colavita", "combo": []}, {"category": "Gourmet & World Food", "sub_category_name": "Pasta, Soup & Noodles", "product_name": "Fusilli whole wheat", "product_brand": "Colavita", "combo": []}, {"category": "Gourmet & World Food", "sub_category_name": "Pasta, Soup & Noodles", "product_name": "Penne Rigate - 37B", "product_brand": "Colavita", "combo": []}, {"category": "Gourmet & World Food", "sub_category_name": "Pasta, Soup & Noodles", "product_name": "Veg Noodles", "product_brand": "Kim's", "combo": [["500 g", "75.00"], ["1 kg", "140.00"]]}, {"category": "Gourmet & World Food", "sub_category_name": "Pasta, Soup & Noodles", "product_name": "Vermicelli - Brown Rice", "product_brand": "Peacock", "combo": []}, {"category": "Gourmet & World Food", "sub_category_name": "Pasta, Soup & Noodles", "product_name": "Spaghetti - Brown Rice", "product_brand": "Peacock", "combo": []}, {"category": "Gourmet & World Food", "sub_category_name": "Pasta, Soup & Noodles", "product_name": "Atta Noodles", "product_brand": "Kim's", "combo": [["500 g", "85.00"], ["1 kg", "150.00"]]}, {"category": "Gourmet & World Food", "sub_category_name": "Pasta, Soup & Noodles", "product_name": "Pasta - 5 Spaghetti", "product_brand": "San Remo", "combo": [["500 g", "185.00"], ["2x500 g", "370.00"]]}, {"category": "Gourmet & World Food", "sub_category_name": "Pasta, Soup & Noodles", "product_name": "Pasta - 18 Penne", "product_brand": "San Remo", "combo": [["500 g", "185.00"], ["2x500 g", "370.00"]]}, {"category": "Gourmet & World Food", "sub_category_name": "Pasta, Soup & Noodles", "product_name": "Pasta - 23 Bowties", "product_brand": "San Remo", "combo": []}, {"category": "Gourmet & World Food", "sub_category_name": "Pasta, Soup & Noodles", "product_name": "Pasta - Elbows", "product_brand": "San Remo", "combo": [["2x500 g", "370.00"], ["500 g", "185.00"]]}, {"category": "Gourmet & World Food", "sub_category_name": "Pasta, Soup & Noodles", "product_name": "Noodles - Seafood", "product_brand": "Koka", "combo": []}, {"category": "Gourmet & World Food", "sub_category_name": "Pasta, Soup & Noodles", "product_name": "Vegetable Flavour", "product_brand": "Yum Yum", "combo": []}, {"category": "Gourmet & World Food", "sub_category_name": "Pasta, Soup & Noodles", "product_name": "Pasta Organic - Fusilli", "product_brand": "Colavita", "combo": []}, {"category": "Gourmet & World Food", "sub_category_name": "Pasta, Soup & Noodles", "product_name": "Pappardelle Pasta Durum Wheat - Special Shape", "product_brand": "Colavita", "combo": []}, {"category": "Gourmet & World Food", "sub_category_name": "Pasta, Soup & Noodles", "product_name": "Fusilli Pasta - Gluten Free", "product_brand": "Schar", "combo": []}, {"category": "Gourmet & World Food", "sub_category_name": "Pasta, Soup & Noodles", "product_name": "Shin Ramyun Noodles", "product_brand": "Nongshim", "combo": []}, {"category": "Gourmet & World Food", "sub_category_name": "Pasta, Soup & Noodles", "product_name": "Tom Yum Soup", "product_brand": "Real Thai", "combo": []}, {"category": "Gourmet & World Food", "sub_category_name": "Pasta, Soup & Noodles", "product_name": "Capellini", "product_brand": "Spigadoro", "combo": []}, {"category": "Gourmet & World Food", "sub_category_name": "Pasta, Soup & Noodles", "product_name": "Linguine", "product_brand": "Spigadoro", "combo": []}, {"category": "Gourmet & World Food", "sub_category_name": "Pasta, Soup & Noodles", "product_name": "Chifferi Rigati", "product_brand": "Spigadoro", "combo": []}, {"category": "Gourmet & World Food", "sub_category_name": "Pasta, Soup & Noodles", "product_name": "Conchiglie Rigate", "product_brand": "Spigadoro", "combo": []}, {"category": "Gourmet & World Food", "sub_category_name": "Pasta, Soup & Noodles", "product_name": "Farfalle", "product_brand": "Spigadoro", "combo": []}, {"category": "Gourmet & World Food", "sub_category_name": "Pasta, Soup & Noodles", "product_name": "Pasta - Farfalle", "product_brand": "Agnesi", "combo": []}, {"category": "Gourmet & World Food", "sub_category_name": "Pasta, Soup & Noodles", "product_name": "Rice Stick - 5 mm", "product_brand": "Real Thai", "combo": []}, {"category": "Gourmet & World Food", "sub_category_name": "Pasta, Soup & Noodles", "product_name": "Noodles - Tomato & Carrot", "product_brand": "Bali Kitchen", "combo": []}, {"category": "Gourmet & World Food", "sub_category_name": "Pasta, Soup & Noodles", "product_name": "Bowl Noodles - Chicken Original", "product_brand": "Koka", "combo": [["90 g", "125.00"], ["2x90 g", "250.00"], ["4x90 g", "500.00"]]}, {"category": "Gourmet & World Food", "sub_category_name": "Pasta, Soup & Noodles", "product_name": "Pasta - Elbow", "product_brand": "Food Craft", "combo": []}, {"category": "Gourmet & World Food", "sub_category_name": "Pasta, Soup & Noodles", "product_name": "Penne", "product_brand": "Food Craft", "combo": []}, {"category": "Gourmet & World Food", "sub_category_name": "Pasta, Soup & Noodles", "product_name": "Penne", "product_brand": "Food Craft", "combo": []}, {"category": "Gourmet & World Food", "sub_category_name": "Pasta, Soup & Noodles", "product_name": "Kims Noodles - Egg", "product_brand": "Kim's", "combo": []}, {"category": "Gourmet & World Food", "sub_category_name": "Pasta, Soup & Noodles", "product_name": "Kims Noodles - Egg", "product_brand": "Kim's", "combo": []}, {"category": "Gourmet & World Food", "sub_category_name": "Pasta, Soup & Noodles", "product_name": "Instant Noodles - Hot & Rich Curry Flavoured", "product_brand": "Picnic", "combo": []}, {"category": "Gourmet & World Food", "sub_category_name": "Pasta, Soup & Noodles", "product_name": "Penne Rigate Pasta", "product_brand": "Habit", "combo": []}, {"category": "Gourmet & World Food", "sub_category_name": "Pasta, Soup & Noodles", "product_name": "Fusilli Pasta", "product_brand": "Habit", "combo": []}, {"category": "Gourmet & World Food", "sub_category_name": "Pasta, Soup & Noodles", "product_name": "Fusilli Pasta - Gluten Free", "product_brand": "Schar", "combo": []}, {"category": "Gourmet & World Food", "sub_category_name": "Pasta, Soup & Noodles", "product_name": "Shin Ramyun Noodles", "product_brand": "Nongshim", "combo": []}, {"category": "Gourmet & World Food", "sub_category_name": "Pasta, Soup & Noodles", "product_name": "Tom Yum Soup", "product_brand": "Real Thai", "combo": []}, {"category": "Gourmet & World Food", "sub_category_name": "Pasta, Soup & Noodles", "product_name": "Capellini", "product_brand": "Spigadoro", "combo": []}, {"category": "Gourmet & World Food", "sub_category_name": "Pasta, Soup & Noodles", "product_name": "Linguine", "product_brand": "Spigadoro", "combo": []}, {"category": "Gourmet & World Food", "sub_category_name": "Pasta, Soup & Noodles", "product_name": "Chifferi Rigati", "product_brand": "Spigadoro", "combo": []}, {"category": "Gourmet & World Food", "sub_category_name": "Pasta, Soup & Noodles", "product_name": "Conchiglie Rigate", "product_brand": "Spigadoro", "combo": []}, {"category": "Gourmet & World Food", "sub_category_name": "Pasta, Soup & Noodles", "product_name": "Farfalle", "product_brand": "Spigadoro", "combo": []}, {"category": "Gourmet & World Food", "sub_category_name": "Pasta, Soup & Noodles", "product_name": "Pasta - Farfalle", "product_brand": "Agnesi", "combo": []}, {"category": "Gourmet & World Food", "sub_category_name": "Pasta, Soup & Noodles", "product_name": "Rice Stick - 5 mm", "product_brand": "Real Thai", "combo": []}, {"category": "Gourmet & World Food", "sub_category_name": "Pasta, Soup & Noodles", "product_name": "Noodles - Tomato & Carrot", "product_brand": "Bali Kitchen", "combo": []}, {"category": "Gourmet & World Food", "sub_category_name": "Pasta, Soup & Noodles", "product_name": "Bowl Noodles - Chicken Original", "product_brand": "Koka", "combo": [["90 g", "125.00"], ["2x90 g", "250.00"], ["4x90 g", "500.00"]]}, {"category": "Gourmet & World Food", "sub_category_name": "Pasta, Soup & Noodles", "product_name": "Pasta - Elbow", "product_brand": "Food Craft", "combo": []}, {"category": "Gourmet & World Food", "sub_category_name": "Pasta, Soup & Noodles", "product_name": "Penne", "product_brand": "Food Craft", "combo": []}, {"category": "Gourmet & World Food", "sub_category_name": "Pasta, Soup & Noodles", "product_name": "Penne", "product_brand": "Food Craft", "combo": []}, {"category": "Gourmet & World Food", "sub_category_name": "Pasta, Soup & Noodles", "product_name": "Kims Noodles - Egg", "product_brand": "Kim's", "combo": []}, {"category": "Gourmet & World Food", "sub_category_name": "Pasta, Soup & Noodles", "product_name": "Kims Noodles - Egg", "product_brand": "Kim's", "combo": []}, {"category": "Gourmet & World Food", "sub_category_name": "Pasta, Soup & Noodles", "product_name": "Instant Noodles - Hot & Rich Curry Flavoured", "product_brand": "Picnic", "combo": []}, {"category": "Gourmet & World Food", "sub_category_name": "Pasta, Soup & Noodles", "product_name": "Penne Rigate Pasta", "product_brand": "Habit", "combo": []}, {"category": "Gourmet & World Food", "sub_category_name": "Pasta, Soup & Noodles", "product_name": "Fusilli Pasta", "product_brand": "Habit", "combo": []}, {"category": "Gourmet & World Food", "sub_category_name": "Pasta, Soup & Noodles", "product_name": "Fusilli Pasta - Gluten Free", "product_brand": "Schar", "combo": []}, {"category": "Gourmet & World Food", "sub_category_name": "Pasta, Soup & Noodles", "product_name": "Shin Ramyun Noodles", "product_brand": "Nongshim", "combo": []}, {"category": "Gourmet & World Food", "sub_category_name": "Pasta, Soup & Noodles", "product_name": "Tom Yum Soup", "product_brand": "Real Thai", "combo": []}, {"category": "Gourmet & World Food", "sub_category_name": "Pasta, Soup & Noodles", "product_name": "Capellini", "product_brand": "Spigadoro", "combo": []}, {"category": "Gourmet & World Food", "sub_category_name": "Pasta, Soup & Noodles", "product_name": "Linguine", "product_brand": "Spigadoro", "combo": []}, {"category": "Gourmet & World Food", "sub_category_name": "Pasta, Soup & Noodles", "product_name": "Chifferi Rigati", "product_brand": "Spigadoro", "combo": []}, {"category": "Gourmet & World Food", "sub_category_name": "Pasta, Soup & Noodles", "product_name": "Conchiglie Rigate", "product_brand": "Spigadoro", "combo": []}, {"category": "Gourmet & World Food", "sub_category_name": "Pasta, Soup & Noodles", "product_name": "Farfalle", "product_brand": "Spigadoro", "combo": []}, {"category": "Gourmet & World Food", "sub_category_name": "Pasta, Soup & Noodles", "product_name": "Pasta - Farfalle", "product_brand": "Agnesi", "combo": []}, {"category": "Gourmet & World Food", "sub_category_name": "Pasta, Soup & Noodles", "product_name": "Rice Stick - 5 mm", "product_brand": "Real Thai", "combo": []}, {"category": "Gourmet & World Food", "sub_category_name": "Pasta, Soup & Noodles", "product_name": "Noodles - Tomato & Carrot", "product_brand": "Bali Kitchen", "combo": []}, {"category": "Gourmet & World Food", "sub_category_name": "Pasta, Soup & Noodles", "product_name": "Bowl Noodles - Chicken Original", "product_brand": "Koka", "combo": [["90 g", "125.00"], ["2x90 g", "250.00"], ["4x90 g", "500.00"]]}, {"category": "Gourmet & World Food", "sub_category_name": "Pasta, Soup & Noodles", "product_name": "Pasta - Elbow", "product_brand": "Food Craft", "combo": []}, {"category": "Gourmet & World Food", "sub_category_name": "Pasta, Soup & Noodles", "product_name": "Penne", "product_brand": "Food Craft", "combo": []}, {"category": "Gourmet & World Food", "sub_category_name": "Pasta, Soup & Noodles", "product_name": "Penne", "product_brand": "Food Craft", "combo": []}, {"category": "Gourmet & World Food", "sub_category_name": "Pasta, Soup & Noodles", "product_name": "Kims Noodles - Egg", "product_brand": "Kim's", "combo": []}, {"category": "Gourmet & World Food", "sub_category_name": "Pasta, Soup & Noodles", "product_name": "Kims Noodles - Egg", "product_brand": "Kim's", "combo": []}, {"category": "Gourmet & World Food", "sub_category_name": "Pasta, Soup & Noodles", "product_name": "Instant Noodles - Hot & Rich Curry Flavoured", "product_brand": "Picnic", "combo": []}, {"category": "Gourmet & World Food", "sub_category_name": "Pasta, Soup & Noodles", "product_name": "Penne Rigate Pasta", "product_brand": "Habit", "combo": []}, {"category": "Gourmet & World Food", "sub_category_name": "Pasta, Soup & Noodles", "product_name": "Fusilli Pasta", "product_brand": "Habit", "combo": []}, {"category": "Gourmet & World Food", "sub_category_name": "Pasta, Soup & Noodles", "product_name": "Fusilli Pasta - Gluten Free", "product_brand": "Schar", "combo": []}, {"category": "Gourmet & World Food", "sub_category_name": "Pasta, Soup & Noodles", "product_name": "Shin Ramyun Noodles", "product_brand": "Nongshim", "combo": []}, {"category": "Gourmet & World Food", "sub_category_name": "Pasta, Soup & Noodles", "product_name": "Tom Yum Soup", "product_brand": "Real Thai", "combo": []}, {"category": "Gourmet & World Food", "sub_category_name": "Pasta, Soup & Noodles", "product_name": "Capellini", "product_brand": "Spigadoro", "combo": []}, {"category": "Gourmet & World Food", "sub_category_name": "Pasta, Soup & Noodles", "product_name": "Linguine", "product_brand": "Spigadoro", "combo": []}, {"category": "Gourmet & World Food", "sub_category_name": "Pasta, Soup & Noodles", "product_name": "Chifferi Rigati", "product_brand": "Spigadoro", "combo": []}, {"category": "Gourmet & World Food", "sub_category_name": "Pasta, Soup & Noodles", "product_name": "Conchiglie Rigate", "product_brand": "Spigadoro", "combo": []}, {"category": "Gourmet & World Food", "sub_category_name": "Pasta, Soup & Noodles", "product_name": "Farfalle", "product_brand": "Spigadoro", "combo": []}, {"category": "Gourmet & World Food", "sub_category_name": "Pasta, Soup & Noodles", "product_name": "Pasta - Farfalle", "product_brand": "Agnesi", "combo": []}, {"category": "Gourmet & World Food", "sub_category_name": "Pasta, Soup & Noodles", "product_name": "Rice Stick - 5 mm", "product_brand": "Real Thai", "combo": []}, {"category": "Gourmet & World Food", "sub_category_name": "Pasta, Soup & Noodles", "product_name": "Noodles - Tomato & Carrot", "product_brand": "Bali Kitchen", "combo": []}, {"category": "Gourmet & World Food", "sub_category_name": "Pasta, Soup & Noodles", "product_name": "Bowl Noodles - Chicken Original", "product_brand": "Koka", "combo": [["90 g", "125.00"], ["2x90 g", "250.00"], ["4x90 g", "500.00"]]}, {"category": "Gourmet & World Food", "sub_category_name": "Pasta, Soup & Noodles", "product_name": "Pasta - Elbow", "product_brand": "Food Craft", "combo": []}, {"category": "Gourmet & World Food", "sub_category_name": "Pasta, Soup & Noodles", "product_name": "Penne", "product_brand": "Food Craft", "combo": []}, {"category": "Gourmet & World Food", "sub_category_name": "Pasta, Soup & Noodles", "product_name": "Penne", "product_brand": "Food Craft", "combo": []}, {"category": "Gourmet & World Food", "sub_category_name": "Pasta, Soup & Noodles", "product_name": "Kims Noodles - Egg", "product_brand": "Kim's", "combo": []}, {"category": "Gourmet & World Food", "sub_category_name": "Pasta, Soup & Noodles", "product_name": "Kims Noodles - Egg", "product_brand": "Kim's", "combo": []}, {"category": "Gourmet & World Food", "sub_category_name": "Pasta, Soup & Noodles", "product_name": "Instant Noodles - Hot & Rich Curry Flavoured", "product_brand": "Picnic", "combo": []}, {"category": "Gourmet & World Food", "sub_category_name": "Pasta, Soup & Noodles", "product_name": "Penne Rigate Pasta", "product_brand": "Habit", "combo": []}, {"category": "Gourmet & World Food", "sub_category_name": "Pasta, Soup & Noodles", "product_name": "Fusilli Pasta", "product_brand": "Habit", "combo": []}]