[{"category": "Eggs, Meat & Fish", "sub_category_name": "Poultry", "product_name": "Chicken Breast - Boneless, Antibiotic Residue-Free, Growth Hormone-Free 4-5 pcs", "product_brand": "Fresho", "combo": []}, {"category": "Eggs, Meat & Fish", "sub_category_name": "Poultry", "product_name": "Chicken - Meatball", "product_brand": "Meatzza", "combo": [["500 g", "325.00"], ["200 g", "150.00"]]}, {"category": "Eggs, Meat & Fish", "sub_category_name": "Poultry", "product_name": "Chicken - Curry Cut Without Skin, Antibiotic Residue-Free, Growth Hormone-Free", "product_brand": "Fresho", "combo": []}, {"category": "Eggs, Meat & Fish", "sub_category_name": "Poultry", "product_name": "Frozen Chicken - Precut Skinless", "product_brand": "Punjab Maratha", "combo": [["900 g", "250.00"], ["450 g", "130.00"]]}, {"category": "Eggs, Meat & Fish", "sub_category_name": "Poultry", "product_name": "Frozen Chicken Breast - Boneless", "product_brand": "Punjab Maratha", "combo": []}, {"category": "Eggs, Meat & Fish", "sub_category_name": "Poultry", "product_name": "Nuggets - Chicken", "product_brand": "Venkys", "combo": []}, {"category": "Eggs, Meat & Fish", "sub_category_name": "Poultry", "product_name": "Chicken Wings", "product_brand": "Fresho", "combo": []}, {"category": "Eggs, Meat & Fish", "sub_category_name": "Poultry", "product_name": "Chicken Curry Cut - With Skin", "product_brand": "Fresho", "combo": []}, {"category": "Eggs, Meat & Fish", "sub_category_name": "Poultry", "product_name": "Chicken - Liver, Antibiotic Residue-Free, Growth Hormone-Free", "product_brand": "Fresho", "combo": [["1 kg", "155.00"], ["500 g", "85.00"], ["250 g", "45.00"]]}, {"category": "Eggs, Meat & Fish", "sub_category_name": "Poultry", "product_name": "Chicken Mixed Boneless", "product_brand": "Fresho", "combo": [["1 kg", "440.00"], ["250 g", "140.00"]]}, {"category": "Eggs, Meat & Fish", "sub_category_name": "Poultry", "product_name": "Chicken - Whole Breast, Antibiotic Residue-Free, Growth Hormone-Free", "product_brand": "Fresho", "combo": []}, {"category": "Eggs, Meat & Fish", "sub_category_name": "Poultry", "product_name": "Mixed Chicken Pieces - Boneless, Antibiotic Residue-Free, Growth Hormone-Free, 4-6 pcs", "product_brand": "Fresho", "combo": []}, {"category": "Eggs, Meat & Fish", "sub_category_name": "Poultry", "product_name": "Chicken - Biriyani Cut", "product_brand": "Fresho", "combo": []}, {"category": "Eggs, Meat & Fish", "sub_category_name": "Poultry", "product_name": "Chilli Chicken Pieces - Boneless, Antibiotic Residue-Free, Growth Hormone-Free", "product_brand": "Fresho", "combo": []}, {"category": "Eggs, Meat & Fish", "sub_category_name": "Poultry", "product_name": "Chicken - Mince", "product_brand": "Fresho", "combo": [["250 g", "120.00"], ["1 Kg", "450.00"]]}, {"category": "Eggs, Meat & Fish", "sub_category_name": "Poultry", "product_name": "Chicken - Thigh Boneless, Without Skin", "product_brand": "Fresho", "combo": []}, {"category": "Eggs, Meat & Fish", "sub_category_name": "Poultry", "product_name": "Chicken - With Skin Curry Cut, Antibiotic Residue-Free, Growth Hormone-Free", "product_brand": "Fresho", "combo": []}, {"category": "Eggs, Meat & Fish", "sub_category_name": "Poultry", "product_name": "Chicken Drumstick - Without Skin, Antibiotic Residue-Free, Growth Hormone-Free, 4-6 pcs", "product_brand": "Fresho", "combo": [["500 g", "150.00"], ["250 g", "90.00"], ["1 kg", "350.00"]]}, {"category": "Eggs, Meat & Fish", "sub_category_name": "Poultry", "product_name": "Chicken Leg - Without Skin, Antibiotic Residue-Free, Growth Hormone-Free, 3-4 pcs", "product_brand": "Fresho", "combo": []}, {"category": "Eggs, Meat & Fish", "sub_category_name": "Poultry", "product_name": "Chicken - Tandoori Chicken, Without Skin", "product_brand": "Fresho", "combo": []}, {"category": "Eggs, Meat & Fish", "sub_category_name": "Poultry", "product_name": "Chicken - Wings, With Skin", "product_brand": "Fresho", "combo": []}, {"category": "Eggs, Meat & Fish", "sub_category_name": "Poultry", "product_name": "Chicken - Burger Patty", "product_brand": "Venkys", "combo": [["500 g", "265.00"], ["250gm", "140.00"]]}, {"category": "Eggs, Meat & Fish", "sub_category_name": "Poultry", "product_name": "Frozen Chicken - Seekh Kebab", "product_brand": "Punjab Maratha", "combo": []}, {"category": "Eggs, Meat & Fish", "sub_category_name": "Poultry", "product_name": "Chicken Breast - Boneless, Raw, Frozen", "product_brand": "Zorabian", "combo": []}, {"category": "Eggs, Meat & Fish", "sub_category_name": "Poultry", "product_name": "Pre-Cut Chicken - Skinless, Raw Frozen", "product_brand": "Zorabian", "combo": []}, {"category": "Eggs, Meat & Fish", "sub_category_name": "Poultry", "product_name": "Frozen Chicken - Drumstick", "product_brand": "Punjab Maratha", "combo": []}, {"category": "Eggs, Meat & Fish", "sub_category_name": "Poultry", "product_name": "Chicken - Nuggets", "product_brand": "Meatzza", "combo": []}, {"category": "Eggs, Meat & Fish", "sub_category_name": "Poultry", "product_name": "Frozen Tandoori Seekh Kebab Chicken", "product_brand": "Punjab Maratha", "combo": []}, {"category": "Eggs, Meat & Fish", "sub_category_name": "Poultry", "product_name": "Frozen Chicken - Keema", "product_brand": "Punjab Maratha", "combo": []}, {"category": "Eggs, Meat & Fish", "sub_category_name": "Poultry", "product_name": "Chicken - Seek Kabab", "product_brand": "Meatzza", "combo": [["250 g", "170.00"], ["1 kg", "550.00"], ["500 g", "325.00"]]}, {"category": "Eggs, Meat & Fish", "sub_category_name": "Poultry", "product_name": "Frozen Pre-Cut Chicken Skinless - Half, Raw", "product_brand": "Zorabian", "combo": []}, {"category": "Eggs, Meat & Fish", "sub_category_name": "Poultry", "product_name": "Frozen Chicken - Mix Boneless", "product_brand": "Punjab Maratha", "combo": []}, {"category": "Eggs, Meat & Fish", "sub_category_name": "Poultry", "product_name": "Chicken - Sausage", "product_brand": "Meatzza", "combo": [["250 g", "170.00"], ["500 g", "300.00"]]}, {"category": "Eggs, Meat & Fish", "sub_category_name": "Poultry", "product_name": "Chicken Drumsticks - Skinless, Raw, Frozen", "product_brand": "Zorabian", "combo": []}, {"category": "Eggs, Meat & Fish", "sub_category_name": "Poultry", "product_name": "Chicken - Chese And Nuggets", "product_brand": "Venkys", "combo": []}, {"category": "Eggs, Meat & Fish", "sub_category_name": "Poultry", "product_name": "Chicken - Cocktail Barbeque Sausages", "product_brand": "Zorabian", "combo": []}, {"category": "Eggs, Meat & Fish", "sub_category_name": "Poultry", "product_name": "Popcorn - Chicken", "product_brand": "Venkys", "combo": []}, {"category": "Eggs, Meat & Fish", "sub_category_name": "Poultry", "product_name": "Crunchy Munchy Strips", "product_brand": "Delicious", "combo": []}, {"category": "Eggs, Meat & Fish", "sub_category_name": "Poultry", "product_name": "Frozen Chicken - Schezwan Lollypop", "product_brand": "Punjab Maratha", "combo": []}, {"category": "Eggs, Meat & Fish", "sub_category_name": "Poultry", "product_name": "Salami - Chicken", "product_brand": "Elicious", "combo": []}, {"category": "Eggs, Meat & Fish", "sub_category_name": "Poultry", "product_name": "Seekh Kebab - Chicken", "product_brand": "Delicious", "combo": []}, {"category": "Eggs, Meat & Fish", "sub_category_name": "Poultry", "product_name": "Chicken - Seekh Kebab Hot & Spicy", "product_brand": "Meatzza", "combo": [["500 g", "328.00"], ["1 kg", "550.00"]]}, {"category": "Eggs, Meat & Fish", "sub_category_name": "Poultry", "product_name": "Chicken - Pops", "product_brand": "Venkys", "combo": []}, {"category": "Eggs, Meat & Fish", "sub_category_name": "Poultry", "product_name": "Wings - Chicken", "product_brand": "Delicious", "combo": []}, {"category": "Eggs, Meat & Fish", "sub_category_name": "Poultry", "product_name": "Chicken - Nuggets", "product_brand": "SFP", "combo": []}, {"category": "Eggs, Meat & Fish", "sub_category_name": "Poultry", "product_name": "Frozen Marinated - Lollypop", "product_brand": "Elicious", "combo": []}, {"category": "Eggs, Meat & Fish", "sub_category_name": "Poultry", "product_name": "Chicken Sausages - Cheese & Pepper", "product_brand": "SFP", "combo": []}, {"category": "Eggs, Meat & Fish", "sub_category_name": "Poultry", "product_name": "Chicken Masala Nuggets", "product_brand": "Yummiez", "combo": []}, {"category": "Eggs, Meat & Fish", "sub_category_name": "Poultry", "product_name": "Chicken - Tandoori Marinated", "product_brand": "Zorabian", "combo": []}, {"category": "Eggs, Meat & Fish", "sub_category_name": "Poultry", "product_name": "Chicken Burger Patty - Ready To Cook", "product_brand": "Yummiez", "combo": []}, {"category": "Eggs, Meat & Fish", "sub_category_name": "Poultry", "product_name": "Chicken Burger Patty", "product_brand": "Meatzza", "combo": []}, {"category": "Eggs, Meat & Fish", "sub_category_name": "Poultry", "product_name": "Chicken Chapli Kebab", "product_brand": "Meatzza", "combo": []}, {"category": "Eggs, Meat & Fish", "sub_category_name": "Poultry", "product_name": "Chicken - Salami Masala Slice", "product_brand": "Meatzza", "combo": [["500 g", "275.00"], ["250 g", "150.00"]]}, {"category": "Eggs, Meat & Fish", "sub_category_name": "Poultry", "product_name": "Chicken - Malai Seekh Kebab", "product_brand": "Meatzza", "combo": []}, {"category": "Eggs, Meat & Fish", "sub_category_name": "Poultry", "product_name": "Chicken - Smoked Ham", "product_brand": "Zorabian", "combo": []}, {"category": "Eggs, Meat & Fish", "sub_category_name": "Poultry", "product_name": "Chicken Seekh Kabab - Regular", "product_brand": "Carnivore", "combo": []}, {"category": "Eggs, Meat & Fish", "sub_category_name": "Poultry", "product_name": "Burger Patty - Chicken", "product_brand": "Delicious", "combo": []}, {"category": "Eggs, Meat & Fish", "sub_category_name": "Poultry", "product_name": "Chicken - Popcorn", "product_brand": "Meatzza", "combo": []}, {"category": "Eggs, Meat & Fish", "sub_category_name": "Poultry", "product_name": "Chicken - Salami Plain Sliced", "product_brand": "Meatzza", "combo": [["250 g", "150.00"], ["500 g", "275.00"]]}, {"category": "Eggs, Meat & Fish", "sub_category_name": "Poultry", "product_name": "Chicken - Finger", "product_brand": "Meatzza", "combo": []}, {"category": "Eggs, Meat & Fish", "sub_category_name": "Poultry", "product_name": "Chicken - Tandoori Kabab", "product_brand": "SFP", "combo": []}, {"category": "Eggs, Meat & Fish", "sub_category_name": "Poultry", "product_name": "Chicken - Tandoori Burger Patty", "product_brand": "Zorabian", "combo": []}, {"category": "Eggs, Meat & Fish", "sub_category_name": "Poultry", "product_name": "Chicken - Seekh Kebab", "product_brand": "Zorabian", "combo": []}, {"category": "Eggs, Meat & Fish", "sub_category_name": "Poultry", "product_name": "Chicken - Kheema", "product_brand": "Delicious", "combo": []}, {"category": "Eggs, Meat & Fish", "sub_category_name": "Poultry", "product_name": "Chicken - Sheekh Kabab", "product_brand": "SFP", "combo": []}, {"category": "Eggs, Meat & Fish", "sub_category_name": "Poultry", "product_name": "Chicken - Reshmi Marinated", "product_brand": "Zorabian", "combo": []}, {"category": "Eggs, Meat & Fish", "sub_category_name": "Poultry", "product_name": "Chicken Jalapeno Cheese Nuggets", "product_brand": "Meatzza", "combo": []}, {"category": "Eggs, Meat & Fish", "sub_category_name": "Poultry", "product_name": "Chicken - Popcorn", "product_brand": "Elicious", "combo": [["250 g", "165.00"], ["500 g", "325.00"]]}, {"category": "Eggs, Meat & Fish", "sub_category_name": "Poultry", "product_name": "Chicken Seekh Kabab - Nawabi", "product_brand": "Carnivore", "combo": []}, {"category": "Eggs, Meat & Fish", "sub_category_name": "Poultry", "product_name": "Chicken Seekh Kabab - Lime N Pudinha", "product_brand": "Carnivore", "combo": []}, {"category": "Eggs, Meat & Fish", "sub_category_name": "Poultry", "product_name": "Chicken Smoky Pepper Strips", "product_brand": "Meatzza", "combo": []}, {"category": "Eggs, Meat & Fish", "sub_category_name": "Poultry", "product_name": "Frozen Chicken - Hotdog", "product_brand": "Punjab Maratha", "combo": []}, {"category": "Eggs, Meat & Fish", "sub_category_name": "Poultry", "product_name": "Chicken - Jumbo Hot Dog", "product_brand": "Meatzza", "combo": []}, {"category": "Eggs, Meat & Fish", "sub_category_name": "Poultry", "product_name": "Chicken Seekh Kabab - Malai N Cheese", "product_brand": "Carnivore", "combo": []}, {"category": "Eggs, Meat & Fish", "sub_category_name": "Poultry", "product_name": "Chicken Grilled Burger Patty", "product_brand": "Punjab Maratha", "combo": []}, {"category": "Eggs, Meat & Fish", "sub_category_name": "Poultry", "product_name": "Chicken Tandoori Tikka", "product_brand": "La Carne", "combo": []}, {"category": "Eggs, Meat & Fish", "sub_category_name": "Poultry", "product_name": "Tikka - Chicken, Tandoori", "product_brand": "Quickee'S", "combo": []}, {"category": "Eggs, Meat & Fish", "sub_category_name": "Poultry", "product_name": "Tikka - Chicken, Haryali", "product_brand": "Quickee'S", "combo": []}, {"category": "Eggs, Meat & Fish", "sub_category_name": "Poultry", "product_name": "Chicken Burger Patty", "product_brand": "Smackers", "combo": []}, {"category": "Eggs, Meat & Fish", "sub_category_name": "Poultry", "product_name": "Chicken Hot & Spicy Seekh Kebab", "product_brand": "La Carne", "combo": []}, {"category": "Eggs, Meat & Fish", "sub_category_name": "Poultry", "product_name": "Chicken Nuggets", "product_brand": "Smackers", "combo": []}, {"category": "Eggs, Meat & Fish", "sub_category_name": "Poultry", "product_name": "Salami - Chicken, Spicy", "product_brand": "Quickee'S", "combo": []}, {"category": "Eggs, Meat & Fish", "sub_category_name": "Poultry", "product_name": "Chicken - Mix, Boneless", "product_brand": "Elicious", "combo": []}, {"category": "Eggs, Meat & Fish", "sub_category_name": "Poultry", "product_name": "Nuggets - Chicken Classic", "product_brand": "Delicious", "combo": []}, {"category": "Eggs, Meat & Fish", "sub_category_name": "Poultry", "product_name": "Frozen Chicken - Reshmi Kebab", "product_brand": "Punjab Maratha", "combo": []}, {"category": "Eggs, Meat & Fish", "sub_category_name": "Poultry", "product_name": "Chicken Popcorn", "product_brand": "Smackers", "combo": []}, {"category": "Eggs, Meat & Fish", "sub_category_name": "Poultry", "product_name": "Chicken - Nuggets", "product_brand": "Zorabian", "combo": []}, {"category": "Eggs, Meat & Fish", "sub_category_name": "Poultry", "product_name": "Chicken - Cheese Garlic Finger", "product_brand": "Elicious", "combo": []}, {"category": "Eggs, Meat & Fish", "sub_category_name": "Poultry", "product_name": "Kabab - Chicken, Cheesy Minty", "product_brand": "Quickee'S", "combo": []}, {"category": "Eggs, Meat & Fish", "sub_category_name": "Poultry", "product_name": "Chicken Cheesy Pocket", "product_brand": "Smackers", "combo": []}, {"category": "Eggs, Meat & Fish", "sub_category_name": "Poultry", "product_name": "Chicken - Breast Boneless", "product_brand": "Elicious", "combo": []}, {"category": "Eggs, Meat & Fish", "sub_category_name": "Poultry", "product_name": "Chicken - Leg Boneless", "product_brand": "Big Sams", "combo": []}, {"category": "Eggs, Meat & Fish", "sub_category_name": "Poultry", "product_name": "Chicken Schnitzel", "product_brand": "Smackers", "combo": []}, {"category": "Eggs, Meat & Fish", "sub_category_name": "Poultry", "product_name": "Kabab - Chicken, Reshmi", "product_brand": "Quickee'S", "combo": []}, {"category": "Eggs, Meat & Fish", "sub_category_name": "Poultry", "product_name": "Chicken - Spring Roll", "product_brand": "Blue Flame", "combo": []}, {"category": "Eggs, Meat & Fish", "sub_category_name": "Poultry", "product_name": "Mutton - seek kebab", "product_brand": "Meatzza", "combo": []}, {"category": "Eggs, Meat & Fish", "sub_category_name": "Poultry", "product_name": "Chicken Ham", "product_brand": "ALF-FARMS", "combo": []}, {"category": "Eggs, Meat & Fish", "sub_category_name": "Poultry", "product_name": "Chicken - Momos, Spicy", "product_brand": "Prasuma", "combo": []}, {"category": "Eggs, Meat & Fish", "sub_category_name": "Poultry", "product_name": "Chicken - Shami Kebab", "product_brand": "Zorabian", "combo": []}, {"category": "Eggs, Meat & Fish", "sub_category_name": "Poultry", "product_name": "Chicken - Momos, Original", "product_brand": "Prasuma", "combo": []}, {"category": "Eggs, Meat & Fish", "sub_category_name": "Poultry", "product_name": "Chicken Reshmi Kebab", "product_brand": "Blue Flame", "combo": []}, {"category": "Eggs, Meat & Fish", "sub_category_name": "Poultry", "product_name": "Chicken Farcha", "product_brand": "Punjab Maratha", "combo": []}, {"category": "Eggs, Meat & Fish", "sub_category_name": "Poultry", "product_name": "Chicken Pepperoni", "product_brand": "Punjab Maratha", "combo": []}, {"category": "Eggs, Meat & Fish", "sub_category_name": "Poultry", "product_name": "Smoked Honey Mustard Chicken", "product_brand": "Punjab Maratha", "combo": []}, {"category": "Eggs, Meat & Fish", "sub_category_name": "Poultry", "product_name": "Chicken - Curry Cut", "product_brand": "Big Sams", "combo": []}, {"category": "Eggs, Meat & Fish", "sub_category_name": "Poultry", "product_name": "Chicken - Drumsticks", "product_brand": "Big Sams", "combo": []}, {"category": "Eggs, Meat & Fish", "sub_category_name": "Poultry", "product_name": "Chicken - Breast, Boneless", "product_brand": "Big Sams", "combo": []}, {"category": "Eggs, Meat & Fish", "sub_category_name": "Poultry", "product_name": "Chicken Cheese Paprika", "product_brand": "ALF-FARMS", "combo": []}, {"category": "Eggs, Meat & Fish", "sub_category_name": "Poultry", "product_name": "Chicken Shami Kebab", "product_brand": "Blue Flame", "combo": []}, {"category": "Eggs, Meat & Fish", "sub_category_name": "Poultry", "product_name": "Frozen Marinated - Tikka", "product_brand": "Elicious", "combo": []}, {"category": "Eggs, Meat & Fish", "sub_category_name": "Poultry", "product_name": "Chicken - Kheema Paratha", "product_brand": "Elicious", "combo": []}, {"category": "Eggs, Meat & Fish", "sub_category_name": "Poultry", "product_name": "Chicken - Rings", "product_brand": "Elicious", "combo": []}, {"category": "Eggs, Meat & Fish", "sub_category_name": "Poultry", "product_name": "Turkey - Ham With Olives", "product_brand": "ALF-FARMS", "combo": []}, {"category": "Eggs, Meat & Fish", "sub_category_name": "Poultry", "product_name": "Punjabi Tikka - Chicken", "product_brand": "Yummiez", "combo": []}, {"category": "Eggs, Meat & Fish", "sub_category_name": "Poultry", "product_name": "Chicken - Precut, Skinless", "product_brand": "Elicious", "combo": []}, {"category": "Eggs, Meat & Fish", "sub_category_name": "Poultry", "product_name": "Chicken - Drumstick", "product_brand": "Elicious", "combo": []}, {"category": "Eggs, Meat & Fish", "sub_category_name": "Poultry", "product_name": "Chicken Malai Tikka", "product_brand": "La Carne", "combo": []}, {"category": "Eggs, Meat & Fish", "sub_category_name": "Poultry", "product_name": "Chicken - N Cheese Balls", "product_brand": "Zorabian", "combo": []}, {"category": "Eggs, Meat & Fish", "sub_category_name": "Poultry", "product_name": "Spring Rolls - Chicken", "product_brand": "Zorabian", "combo": []}, {"category": "Eggs, Meat & Fish", "sub_category_name": "Poultry", "product_name": "Chicken Fingers", "product_brand": "Smackers", "combo": []}, {"category": "Eggs, Meat & Fish", "sub_category_name": "Poultry", "product_name": "Chicken Tenders Spicy", "product_brand": "Smackers", "combo": []}, {"category": "Eggs, Meat & Fish", "sub_category_name": "Poultry", "product_name": "Salami - Chicken, Plain", "product_brand": "Quickee'S", "combo": []}, {"category": "Eggs, Meat & Fish", "sub_category_name": "Poultry", "product_name": "Breast - Chicken, Smoked", "product_brand": "Quickee'S", "combo": []}, {"category": "Eggs, Meat & Fish", "sub_category_name": "Poultry", "product_name": "Chicken Spicy Breast Strips", "product_brand": "Meatzza", "combo": []}, {"category": "Eggs, Meat & Fish", "sub_category_name": "Poultry", "product_name": "Frozen Chicken - Nuggets", "product_brand": "Punjab Maratha", "combo": []}, {"category": "Eggs, Meat & Fish", "sub_category_name": "Poultry", "product_name": "Frozen Chicken - Burger Patty", "product_brand": "Punjab Maratha", "combo": []}, {"category": "Eggs, Meat & Fish", "sub_category_name": "Poultry", "product_name": "Frozen Chicken - Ham", "product_brand": "Punjab Maratha", "combo": []}, {"category": "Eggs, Meat & Fish", "sub_category_name": "Poultry", "product_name": "Frozen Chicken - Meatball", "product_brand": "Punjab Maratha", "combo": []}, {"category": "Eggs, Meat & Fish", "sub_category_name": "Poultry", "product_name": "Chicken - Samosa", "product_brand": "Blue Flame", "combo": []}, {"category": "Eggs, Meat & Fish", "sub_category_name": "Poultry", "product_name": "Chicken Roughly Cut Large Pieces - With Skin, Antibiotic Residue-Free, Growth Hormone-Free, 24-28 pcs", "product_brand": "Fresho", "combo": []}, {"category": "Eggs, Meat & Fish", "sub_category_name": "Poultry", "product_name": "Frozen Chicken - Shahi Kebab", "product_brand": "Punjab Maratha", "combo": []}, {"category": "Eggs, Meat & Fish", "sub_category_name": "Poultry", "product_name": "Chicken Kheema Raw - Frozen", "product_brand": "Yummiez", "combo": []}, {"category": "Eggs, Meat & Fish", "sub_category_name": "Poultry", "product_name": "Chicken - Burger Patty", "product_brand": "Zorabian", "combo": []}, {"category": "Eggs, Meat & Fish", "sub_category_name": "Poultry", "product_name": "Chicken - Lollypops", "product_brand": "Zorabian", "combo": []}, {"category": "Eggs, Meat & Fish", "sub_category_name": "Poultry", "product_name": "Chicken Tandoori Cordon Bleu", "product_brand": "Punjab Maratha", "combo": []}, {"category": "Eggs, Meat & Fish", "sub_category_name": "Poultry", "product_name": "Smoked Chicken Ham - Ready To Serve", "product_brand": "Buffet", "combo": []}, {"category": "Eggs, Meat & Fish", "sub_category_name": "Poultry", "product_name": "Chicken Leg - Boneless, Antibiotic Residue-Free, Growth Hormone-Free", "product_brand": "Fresho", "combo": [["1 Kg", "600.00"], ["500 g", "255.00"]]}, {"category": "Eggs, Meat & Fish", "sub_category_name": "Poultry", "product_name": "Sausages - Chicken Hot Dog", "product_brand": "ALF-FARMS", "combo": []}, {"category": "Eggs, Meat & Fish", "sub_category_name": "Poultry", "product_name": "Turkey - Salami", "product_brand": "ALF-FARMS", "combo": []}, {"category": "Eggs, Meat & Fish", "sub_category_name": "Poultry", "product_name": "Chicken - Sheek Kabab", "product_brand": "Venkys", "combo": []}, {"category": "Eggs, Meat & Fish", "sub_category_name": "Poultry", "product_name": "Chicken Tenders Spicy", "product_brand": "Smackers", "combo": []}, {"category": "Eggs, Meat & Fish", "sub_category_name": "Poultry", "product_name": "Salami - Chicken, Plain", "product_brand": "Quickee'S", "combo": []}, {"category": "Eggs, Meat & Fish", "sub_category_name": "Poultry", "product_name": "Breast - Chicken, Smoked", "product_brand": "Quickee'S", "combo": []}, {"category": "Eggs, Meat & Fish", "sub_category_name": "Poultry", "product_name": "Chicken Spicy Breast Strips", "product_brand": "Meatzza", "combo": []}, {"category": "Eggs, Meat & Fish", "sub_category_name": "Poultry", "product_name": "Frozen Chicken - Nuggets", "product_brand": "Punjab Maratha", "combo": []}, {"category": "Eggs, Meat & Fish", "sub_category_name": "Poultry", "product_name": "Frozen Chicken - Burger Patty", "product_brand": "Punjab Maratha", "combo": []}, {"category": "Eggs, Meat & Fish", "sub_category_name": "Poultry", "product_name": "Frozen Chicken - Ham", "product_brand": "Punjab Maratha", "combo": []}, {"category": "Eggs, Meat & Fish", "sub_category_name": "Poultry", "product_name": "Frozen Chicken - Meatball", "product_brand": "Punjab Maratha", "combo": []}, {"category": "Eggs, Meat & Fish", "sub_category_name": "Poultry", "product_name": "Chicken - Samosa", "product_brand": "Blue Flame", "combo": []}, {"category": "Eggs, Meat & Fish", "sub_category_name": "Poultry", "product_name": "Chicken Roughly Cut Large Pieces - With Skin, Antibiotic Residue-Free, Growth Hormone-Free, 24-28 pcs", "product_brand": "Fresho", "combo": []}, {"category": "Eggs, Meat & Fish", "sub_category_name": "Poultry", "product_name": "Frozen Chicken - Shahi Kebab", "product_brand": "Punjab Maratha", "combo": []}, {"category": "Eggs, Meat & Fish", "sub_category_name": "Poultry", "product_name": "Chicken Kheema Raw - Frozen", "product_brand": "Yummiez", "combo": []}, {"category": "Eggs, Meat & Fish", "sub_category_name": "Poultry", "product_name": "Chicken - Burger Patty", "product_brand": "Zorabian", "combo": []}, {"category": "Eggs, Meat & Fish", "sub_category_name": "Poultry", "product_name": "Chicken - Lollypops", "product_brand": "Zorabian", "combo": []}, {"category": "Eggs, Meat & Fish", "sub_category_name": "Poultry", "product_name": "Chicken Tandoori Cordon Bleu", "product_brand": "Punjab Maratha", "combo": []}, {"category": "Eggs, Meat & Fish", "sub_category_name": "Poultry", "product_name": "Smoked Chicken Ham - Ready To Serve", "product_brand": "Buffet", "combo": []}, {"category": "Eggs, Meat & Fish", "sub_category_name": "Poultry", "product_name": "Chicken Leg - Boneless, Antibiotic Residue-Free, Growth Hormone-Free", "product_brand": "Fresho", "combo": [["1 Kg", "600.00"], ["500 g", "255.00"]]}, {"category": "Eggs, Meat & Fish", "sub_category_name": "Poultry", "product_name": "Sausages - Chicken Hot Dog", "product_brand": "ALF-FARMS", "combo": []}, {"category": "Eggs, Meat & Fish", "sub_category_name": "Poultry", "product_name": "Turkey - Salami", "product_brand": "ALF-FARMS", "combo": []}, {"category": "Eggs, Meat & Fish", "sub_category_name": "Poultry", "product_name": "Chicken - Sheek Kabab", "product_brand": "Venkys", "combo": []}, {"category": "Eggs, Meat & Fish", "sub_category_name": "Poultry", "product_name": "Chicken Tenders Spicy", "product_brand": "Smackers", "combo": []}, {"category": "Eggs, Meat & Fish", "sub_category_name": "Poultry", "product_name": "Salami - Chicken, Plain", "product_brand": "Quickee'S", "combo": []}, {"category": "Eggs, Meat & Fish", "sub_category_name": "Poultry", "product_name": "Breast - Chicken, Smoked", "product_brand": "Quickee'S", "combo": []}, {"category": "Eggs, Meat & Fish", "sub_category_name": "Poultry", "product_name": "Chicken Spicy Breast Strips", "product_brand": "Meatzza", "combo": []}, {"category": "Eggs, Meat & Fish", "sub_category_name": "Poultry", "product_name": "Frozen Chicken - Nuggets", "product_brand": "Punjab Maratha", "combo": []}, {"category": "Eggs, Meat & Fish", "sub_category_name": "Poultry", "product_name": "Frozen Chicken - Burger Patty", "product_brand": "Punjab Maratha", "combo": []}, {"category": "Eggs, Meat & Fish", "sub_category_name": "Poultry", "product_name": "Frozen Chicken - Ham", "product_brand": "Punjab Maratha", "combo": []}, {"category": "Eggs, Meat & Fish", "sub_category_name": "Poultry", "product_name": "Frozen Chicken - Meatball", "product_brand": "Punjab Maratha", "combo": []}, {"category": "Eggs, Meat & Fish", "sub_category_name": "Poultry", "product_name": "Chicken - Samosa", "product_brand": "Blue Flame", "combo": []}, {"category": "Eggs, Meat & Fish", "sub_category_name": "Poultry", "product_name": "Chicken Roughly Cut Large Pieces - With Skin, Antibiotic Residue-Free, Growth Hormone-Free, 24-28 pcs", "product_brand": "Fresho", "combo": []}, {"category": "Eggs, Meat & Fish", "sub_category_name": "Poultry", "product_name": "Frozen Chicken - Shahi Kebab", "product_brand": "Punjab Maratha", "combo": []}, {"category": "Eggs, Meat & Fish", "sub_category_name": "Poultry", "product_name": "Chicken Kheema Raw - Frozen", "product_brand": "Yummiez", "combo": []}, {"category": "Eggs, Meat & Fish", "sub_category_name": "Poultry", "product_name": "Chicken - Burger Patty", "product_brand": "Zorabian", "combo": []}, {"category": "Eggs, Meat & Fish", "sub_category_name": "Poultry", "product_name": "Chicken - Lollypops", "product_brand": "Zorabian", "combo": []}, {"category": "Eggs, Meat & Fish", "sub_category_name": "Poultry", "product_name": "Chicken Tandoori Cordon Bleu", "product_brand": "Punjab Maratha", "combo": []}, {"category": "Eggs, Meat & Fish", "sub_category_name": "Poultry", "product_name": "Smoked Chicken Ham - Ready To Serve", "product_brand": "Buffet", "combo": []}, {"category": "Eggs, Meat & Fish", "sub_category_name": "Poultry", "product_name": "Chicken Leg - Boneless, Antibiotic Residue-Free, Growth Hormone-Free", "product_brand": "Fresho", "combo": [["1 Kg", "600.00"], ["500 g", "255.00"]]}, {"category": "Eggs, Meat & Fish", "sub_category_name": "Poultry", "product_name": "Sausages - Chicken Hot Dog", "product_brand": "ALF-FARMS", "combo": []}, {"category": "Eggs, Meat & Fish", "sub_category_name": "Poultry", "product_name": "Turkey - Salami", "product_brand": "ALF-FARMS", "combo": []}, {"category": "Eggs, Meat & Fish", "sub_category_name": "Poultry", "product_name": "Chicken - Sheek Kabab", "product_brand": "Venkys", "combo": []}, {"category": "Eggs, Meat & Fish", "sub_category_name": "Poultry", "product_name": "Chicken Tenders Spicy", "product_brand": "Smackers", "combo": []}, {"category": "Eggs, Meat & Fish", "sub_category_name": "Poultry", "product_name": "Salami - Chicken, Plain", "product_brand": "Quickee'S", "combo": []}, {"category": "Eggs, Meat & Fish", "sub_category_name": "Poultry", "product_name": "Breast - Chicken, Smoked", "product_brand": "Quickee'S", "combo": []}, {"category": "Eggs, Meat & Fish", "sub_category_name": "Poultry", "product_name": "Chicken Spicy Breast Strips", "product_brand": "Meatzza", "combo": []}, {"category": "Eggs, Meat & Fish", "sub_category_name": "Poultry", "product_name": "Frozen Chicken - Nuggets", "product_brand": "Punjab Maratha", "combo": []}, {"category": "Eggs, Meat & Fish", "sub_category_name": "Poultry", "product_name": "Frozen Chicken - Burger Patty", "product_brand": "Punjab Maratha", "combo": []}, {"category": "Eggs, Meat & Fish", "sub_category_name": "Poultry", "product_name": "Frozen Chicken - Ham", "product_brand": "Punjab Maratha", "combo": []}, {"category": "Eggs, Meat & Fish", "sub_category_name": "Poultry", "product_name": "Frozen Chicken - Meatball", "product_brand": "Punjab Maratha", "combo": []}, {"category": "Eggs, Meat & Fish", "sub_category_name": "Poultry", "product_name": "Chicken - Samosa", "product_brand": "Blue Flame", "combo": []}, {"category": "Eggs, Meat & Fish", "sub_category_name": "Poultry", "product_name": "Chicken Roughly Cut Large Pieces - With Skin, Antibiotic Residue-Free, Growth Hormone-Free, 24-28 pcs", "product_brand": "Fresho", "combo": []}, {"category": "Eggs, Meat & Fish", "sub_category_name": "Poultry", "product_name": "Frozen Chicken - Shahi Kebab", "product_brand": "Punjab Maratha", "combo": []}, {"category": "Eggs, Meat & Fish", "sub_category_name": "Poultry", "product_name": "Chicken Kheema Raw - Frozen", "product_brand": "Yummiez", "combo": []}, {"category": "Eggs, Meat & Fish", "sub_category_name": "Poultry", "product_name": "Chicken - Burger Patty", "product_brand": "Zorabian", "combo": []}, {"category": "Eggs, Meat & Fish", "sub_category_name": "Poultry", "product_name": "Chicken - Lollypops", "product_brand": "Zorabian", "combo": []}, {"category": "Eggs, Meat & Fish", "sub_category_name": "Poultry", "product_name": "Chicken Tandoori Cordon Bleu", "product_brand": "Punjab Maratha", "combo": []}, {"category": "Eggs, Meat & Fish", "sub_category_name": "Poultry", "product_name": "Smoked Chicken Ham - Ready To Serve", "product_brand": "Buffet", "combo": []}, {"category": "Eggs, Meat & Fish", "sub_category_name": "Poultry", "product_name": "Chicken Leg - Boneless, Antibiotic Residue-Free, Growth Hormone-Free", "product_brand": "Fresho", "combo": [["1 Kg", "600.00"], ["500 g", "255.00"]]}, {"category": "Eggs, Meat & Fish", "sub_category_name": "Poultry", "product_name": "Sausages - Chicken Hot Dog", "product_brand": "ALF-FARMS", "combo": []}, {"category": "Eggs, Meat & Fish", "sub_category_name": "Poultry", "product_name": "Turkey - Salami", "product_brand": "ALF-FARMS", "combo": []}, {"category": "Eggs, Meat & Fish", "sub_category_name": "Poultry", "product_name": "Chicken - Sheek Kabab", "product_brand": "Venkys", "combo": []}]