[{"category": "Kitchen, Garden & Pets", "sub_category_name": "Pet Food & Accessories", "product_name": "Adult Gravy Dog Food - Chicken & Liver Chunks In Gravy", "product_brand": "Pedigree", "combo": [["2x80 g", "980.00"], ["70 g", "500.00"], ["4x80 g", "1960.00"], ["70 g", "140.00"]]}, {"category": "Kitchen, Garden & Pets", "sub_category_name": "Pet Food & Accessories", "product_name": "Dry Dog Food - Chicken & Vegetables, For Adult Dogs", "product_brand": "Pedigree", "combo": [["400 g", "72.00"], ["6x3 kg", "3426.86"], ["1.2 kg", "260.00"], ["6 kg", "1170.00"], ["3 kg", "582.80"], ["15 kg", "2252.50"], ["10 kg", "1573.00"]]}, {"category": "Kitchen, Garden & Pets", "sub_category_name": "Pet Food & Accessories", "product_name": "Dry Chicken & Veggie 1.2kg+Wet Chicken & Liver Chunks 80g 15 Packs (For Adult)", "product_brand": "Pedigree", "combo": []}, {"category": "Kitchen, Garden & Pets", "sub_category_name": "Pet Food & Accessories", "product_name": "Dry Chicken & Veggie 3kg+Wet Chicken & Liver Chunks 70g 15 Packs (For Adult Dog)", "product_brand": "Pedigree", "combo": []}, {"category": "Kitchen, Garden & Pets", "sub_category_name": "Pet Food & Accessories", "product_name": "Dog Treats - Real Chicken Biscuits, Chicken Flavour", "product_brand": "Purepet", "combo": []}, {"category": "Kitchen, Garden & Pets", "sub_category_name": "Pet Food & Accessories", "product_name": "Dog Food - Chicken & Egg, Adult", "product_brand": "Drools", "combo": [["15 kg", "2210.00"], ["100 g", "17.00"], ["10 kg", "1351.50"]]}, {"category": "Kitchen, Garden & Pets", "sub_category_name": "Pet Food & Accessories", "product_name": "Dry Meat & Rice 1.2 kg+Wet Chicken & Liver Chunks 80 g 15 Packs (For Adult Dogs)", "product_brand": "Pedigree", "combo": []}, {"category": "Kitchen, Garden & Pets", "sub_category_name": "Pet Food & Accessories", "product_name": "Dry Meat & Rice 3kg+Wet Chicken & Liver Chunks in Gravy 80g 15 Packs (For Adult)", "product_brand": "Pedigree", "combo": []}, {"category": "Kitchen, Garden & Pets", "sub_category_name": "Pet Food & Accessories", "product_name": "Dry Veggie 3kg+Wet Chicken & Liver Chunks in Gravy 80g 15 Packs (For Adult Dogs)", "product_brand": "Pedigree", "combo": []}, {"category": "Kitchen, Garden & Pets", "sub_category_name": "Pet Food & Accessories", "product_name": "Dry Vegetarian 1.2 kg+Wet Chicken & Liver Chunks 80 g 15 Packs (For Adult Dogs)", "product_brand": "Pedigree", "combo": []}, {"category": "Kitchen, Garden & Pets", "sub_category_name": "Pet Food & Accessories", "product_name": "Dry Chicken & Rice (Senior) 1.2kg+Wet Chicken & Liver Chunks (Adult) 80g 15Packs", "product_brand": "Pedigree", "combo": []}, {"category": "Kitchen, Garden & Pets", "sub_category_name": "Pet Food & Accessories", "product_name": "Dry Chicken & Rice (Senior) 3kg+Wet Chicken & Liver Chunks (Adult) 80g 15 Packs", "product_brand": "Pedigree", "combo": []}, {"category": "Kitchen, Garden & Pets", "sub_category_name": "Pet Food & Accessories", "product_name": "Daily Food for Adult Dogs 10kg + Dentastix Oral Care Small Breed 110G", "product_brand": "Pedigree", "combo": []}, {"category": "Kitchen, Garden & Pets", "sub_category_name": "Pet Food & Accessories", "product_name": "Pedigree Chicken & Veggie (Adult) 3kg + Cesar Gourmet Meal (Adult) 70g 16 Packs", "product_brand": "bb Combo", "combo": []}, {"category": "Kitchen, Garden & Pets", "sub_category_name": "Pet Food & Accessories", "product_name": "Adult Dry Dog Food - Chicken & Rice", "product_brand": "Chappi", "combo": []}, {"category": "Kitchen, Garden & Pets", "sub_category_name": "Pet Food & Accessories", "product_name": "Dry Dog Food - Chicken & Milk, For Puppy", "product_brand": "Pedigree", "combo": [["400 g", "76.00"], ["3 kg", "553.00"], ["6 kg", "1143.90"], ["1.2 kg", "270.00"], ["10 kg", "1794.00"], ["15 kg", "2363.00"]]}, {"category": "Kitchen, Garden & Pets", "sub_category_name": "Pet Food & Accessories", "product_name": "Dry Cat Food - Ocean Fish Flavour, For Adult Cats, +1 Year", "product_brand": "Whiskas", "combo": []}, {"category": "Kitchen, Garden & Pets", "sub_category_name": "Pet Food & Accessories", "product_name": "Adult Wet Cat Food - Super Saver Pack, 1+ Year, Tuna In Jelly", "product_brand": "Whiskas", "combo": [["85 g", "1545.60"], ["2x(48 Pouches x 85g each)", "3029.38"]]}, {"category": "Kitchen, Garden & Pets", "sub_category_name": "Pet Food & Accessories", "product_name": "Cat Food - Ocean Fish, Kitten", "product_brand": "Drools", "combo": []}, {"category": "Kitchen, Garden & Pets", "sub_category_name": "Pet Food & Accessories", "product_name": "Cat Food - Ocean Fish, Adult", "product_brand": "Drools", "combo": [["3 kg", "719.10"], ["100 g", "25.50"], ["7 kg", "1260.00"]]}, {"category": "Kitchen, Garden & Pets", "sub_category_name": "Pet Food & Accessories", "product_name": "Dry Dog Food - Meat & Vegetables, For Adult Dogs", "product_brand": "Pedigree", "combo": []}, {"category": "Kitchen, Garden & Pets", "sub_category_name": "Pet Food & Accessories", "product_name": "Dry Cat Food - Junior Ocean Fish, For Kittens, 2-12 Months", "product_brand": "Whiskas", "combo": []}, {"category": "Kitchen, Garden & Pets", "sub_category_name": "Pet Food & Accessories", "product_name": "Dry Dog Food - Meat & Rice, For Adult Dogs", "product_brand": "Pedigree", "combo": [["3 kg", "526.00"], ["10 kg", "1572.00"], ["1.2 kg", "208.00"]]}, {"category": "Kitchen, Garden & Pets", "sub_category_name": "Pet Food & Accessories", "product_name": "Daily Food for Adult Dogs Meat & Rice 10kg+Dentastix Oral Care Small Breed 110G", "product_brand": "Pedigree", "combo": []}, {"category": "Kitchen, Garden & Pets", "sub_category_name": "Pet Food & Accessories", "product_name": "Dog Food - Super Premium, Focus, Adult", "product_brand": "Drools", "combo": [["12 kg", "3612.50"], ["1.2 kg", "427.50"], ["4 kg", "1275.00"]]}, {"category": "Kitchen, Garden & Pets", "sub_category_name": "Pet Food & Accessories", "product_name": "Active Kitten Cat Food", "product_brand": "Lets Bite", "combo": []}, {"category": "Kitchen, Garden & Pets", "sub_category_name": "Pet Food & Accessories", "product_name": "Dog Supplement - Absolute Calcium Bone, Chicken", "product_brand": "Drools", "combo": []}, {"category": "Kitchen, Garden & Pets", "sub_category_name": "Pet Food & Accessories", "product_name": "Absolute Calcium Bone Pouch", "product_brand": "Drools", "combo": []}, {"category": "Kitchen, Garden & Pets", "sub_category_name": "Pet Food & Accessories", "product_name": "Dog Food - Super Premium, Focus, Puppy, Limited Offer Stock", "product_brand": "Drools", "combo": [["4 kg", "1402.50"], ["12 kg", "4207.50"], ["15 kg", "4675.00"]]}, {"category": "Kitchen, Garden & Pets", "sub_category_name": "Pet Food & Accessories", "product_name": "Chicken & Egg Puppy Dog Food - Limited Stock", "product_brand": "Drools", "combo": [["100 g", "17.00"], ["15 kg", "2547.00"], ["3 kg", "509.15"], ["6.5 kg", "849.15"], ["10 kg", "1521.00"]]}, {"category": "Kitchen, Garden & Pets", "sub_category_name": "Pet Food & Accessories", "product_name": "Pedigree Meat & Rice (Adult) Dogs 3 kg + Cesar Adult Gourmet Meal 70 g 16 Packs", "product_brand": "bb Combo", "combo": []}, {"category": "Kitchen, Garden & Pets", "sub_category_name": "Pet Food & Accessories", "product_name": "Dog Food - Oral Care Dog Treat, Dentastix, for Adult Medium Breed, 10-25kg Dogs", "product_brand": "Pedigree", "combo": [["180 g", "128.00"], ["3x180 g", "376.32"], ["5x180 g", "627.20"], ["180 g", "541.50"], ["2x180 g", "627.20"]]}, {"category": "Kitchen, Garden & Pets", "sub_category_name": "Pet Food & Accessories", "product_name": "Dentastix Dog Oral Care - Large Breed", "product_brand": "Pedigree", "combo": [["270 g", "176.00"], ["2x270 g", "862.40"], ["5x270 g", "862.40"], ["270 g", "671.50"], ["3x270 g", "517.44"]]}, {"category": "Kitchen, Garden & Pets", "sub_category_name": "Pet Food & Accessories", "product_name": "Daily Food for Puppy - Chicken & Rice in Gravy", "product_brand": "Pedigree", "combo": [["3x80 g", "102.90"], ["7x80 g", "240.10"], ["70 g", "35.00"]]}, {"category": "Kitchen, Garden & Pets", "sub_category_name": "Pet Food & Accessories", "product_name": "Dry Cat Food - Chicken Flavour, For Adult Cats, +1 Year", "product_brand": "Whiskas", "combo": []}, {"category": "Kitchen, Garden & Pets", "sub_category_name": "Pet Food & Accessories", "product_name": "Dry - Junior Ocean Fish 1.1kg + Wet Tuna in Jelly (for Kittens) 85G Pack of 12", "product_brand": "Whiskas", "combo": []}, {"category": "Kitchen, Garden & Pets", "sub_category_name": "Pet Food & Accessories", "product_name": "Wet cat Food - Ocean Fish for Adult cats, +1 year", "product_brand": "Whiskas", "combo": [["85 g", "35.00"], ["3x85 g", "102.90"], ["7x85 g", "240.10"]]}, {"category": "Kitchen, Garden & Pets", "sub_category_name": "Pet Food & Accessories", "product_name": "Meat Jerky Stix - Grilled Liver Flavour, For Adult Dogs", "product_brand": "Pedigree", "combo": [["80 g", "104.00"], ["60 g", "120.00"]]}, {"category": "Kitchen, Garden & Pets", "sub_category_name": "Pet Food & Accessories", "product_name": "Dry Cat Food - Tuna Flavour, For Adult Cats, +1 Year", "product_brand": "Whiskas", "combo": [["1.2 kg", "328.00"], ["3 kg", "726.75"]]}, {"category": "Kitchen, Garden & Pets", "sub_category_name": "Pet Food & Accessories", "product_name": "Dry Dog Food - PRO, Expert Nutrition for Active Adult Dogs, 18 months onwards", "product_brand": "Pedigree", "combo": [["3 kg", "1000.00"], ["10 kg", "2550.00"], ["20 kg", "4860.00"]]}, {"category": "Kitchen, Garden & Pets", "sub_category_name": "Pet Food & Accessories", "product_name": "Wet cat Food - Tuna in Jelly for Kittens, 2-12 months", "product_brand": "Whiskas", "combo": [["2x85 g", "823.20"], ["85 g", "420.00"]]}, {"category": "Kitchen, Garden & Pets", "sub_category_name": "Pet Food & Accessories", "product_name": "Dg Food - Dry Chicken & Milk 1.2 kg+Wet Chicken Chunks 80 g 15 Packs (For Puppy)", "product_brand": "Pedigree", "combo": []}, {"category": "Kitchen, Garden & Pets", "sub_category_name": "Pet Food & Accessories", "product_name": "Dry Chicken & Milk10 kg + Wet Chicken Chunks in Gravy 80 g 15 Packs (For Puppy)", "product_brand": "Pedigree", "combo": []}, {"category": "Kitchen, Garden & Pets", "sub_category_name": "Pet Food & Accessories", "product_name": "Chicken Flavour, Real Chicken Biscuit,Dog Treats", "product_brand": "Purepet", "combo": [["2x1 kg", "467.50"], ["905 g", "233.75"], ["500 g", "157.50"]]}, {"category": "Kitchen, Garden & Pets", "sub_category_name": "Pet Food & Accessories", "product_name": "Daily Food for Puppy Chicken & Milk 10kg + Dentastix Oral Care Small Breed 110G", "product_brand": "Pedigree", "combo": []}, {"category": "Kitchen, Garden & Pets", "sub_category_name": "Pet Food & Accessories", "product_name": "Wet Dog Food - Chicken Chunks In Gravy, For Puppy Pouch (Pack of 15)", "product_brand": "Pedigree", "combo": [["2x80 g", "980.00"], ["70 g", "500.00"], ["4x80 g", "1960.00"]]}, {"category": "Kitchen, Garden & Pets", "sub_category_name": "Pet Food & Accessories", "product_name": "Wet cat Food - Tuna in Jelly for Adult cats, +1 year", "product_brand": "Whiskas", "combo": [["85 g", "35.00"], ["2x85 g", "773.81"], ["85 g", "394.80"]]}, {"category": "Kitchen, Garden & Pets", "sub_category_name": "Pet Food & Accessories", "product_name": "Premium cat Food - Tuna Fillet & Whole Prawns in Gravy", "product_brand": "SHEBA", "combo": [["85 g", "80.00"], ["12 x 85 g", "960.00"], ["24 x 85 g", "1920.00"], ["2x85 g", "156.80"], ["4x85 g", "313.60"]]}, {"category": "Kitchen, Garden & Pets", "sub_category_name": "Pet Food & Accessories", "product_name": "Dog Food - Adult, High Protein (Chicken,Egg & Rice)", "product_brand": "Pedigree", "combo": [["20 kg", "3588.00"], ["10 kg", "1917.00"]]}, {"category": "Kitchen, Garden & Pets", "sub_category_name": "Pet Food & Accessories", "product_name": "Kitten Wet Cat Food - Chicken In Gravy, Super Saver Pack, 2-12 Months", "product_brand": "Whiskas", "combo": []}, {"category": "Kitchen, Garden & Pets", "sub_category_name": "Pet Food & Accessories", "product_name": "Wet Cat Food - Chicken In Gravy For Kittens, 2-12 Months", "product_brand": "Whiskas", "combo": []}, {"category": "Kitchen, Garden & Pets", "sub_category_name": "Pet Food & Accessories", "product_name": "Oral Care Dentastix 10-25kg Dogs, 720 g+Wet Chicken Chunks (Puppy) 80 g 15 Packs", "product_brand": "Pedigree", "combo": []}, {"category": "Kitchen, Garden & Pets", "sub_category_name": "Pet Food & Accessories", "product_name": "Puppy Dry Dog Food Food - Chicken & Milk", "product_brand": "Pedigree", "combo": []}, {"category": "Kitchen, Garden & Pets", "sub_category_name": "Pet Food & Accessories", "product_name": "Adult Cat Food Pocket Ocean Fish 7kg + Wet Meal Tuna In Jelly, Adult Cat 1.02kg", "product_brand": "Whiskas", "combo": []}, {"category": "Kitchen, Garden & Pets", "sub_category_name": "Pet Food & Accessories", "product_name": "Dry- Ocean Fish Flavor 3kg + Wet- Tuna in Jelly (for Adult cats) 85G Pack of 12", "product_brand": "Whiskas", "combo": []}, {"category": "Kitchen, Garden & Pets", "sub_category_name": "Pet Food & Accessories", "product_name": "Dog Supplement - Absolute Salmon, Oil Syrup", "product_brand": "Drools", "combo": []}, {"category": "Kitchen, Garden & Pets", "sub_category_name": "Pet Food & Accessories", "product_name": "Fish Mix cat Food - Skipjack & Salmon, for Adult Cats", "product_brand": "SHEBA", "combo": [["35 g", "40.00"], ["4x35 g", "156.80"], ["8x35 g", "313.60"]]}, {"category": "Kitchen, Garden & Pets", "sub_category_name": "Pet Food & Accessories", "product_name": "Wet cat Food - Salmon in Gravy for Adult cats, +1 year", "product_brand": "Whiskas", "combo": [["85 g", "357.00"], ["3x85 g", "92.61"], ["85 g", "31.50"], ["2x85 g", "699.72"]]}, {"category": "Kitchen, Garden & Pets", "sub_category_name": "Pet Food & Accessories", "product_name": "Complete Nutrition For Cats - Pure Tuna White Meat N Jelly", "product_brand": "SHEBA", "combo": [["2x85 g", "154.84"], ["24 x 85 g", "1896.00"], ["12 x 85 g", "948.00"], ["4x85 g", "309.68"], ["85 g", "79.00"]]}, {"category": "Kitchen, Garden & Pets", "sub_category_name": "Pet Food & Accessories", "product_name": "Wet Cat Food - Tuna In Jelly, For Kittens, 2-12 Months", "product_brand": "Whiskas", "combo": []}, {"category": "Kitchen, Garden & Pets", "sub_category_name": "Pet Food & Accessories", "product_name": "Oral Care Dentastix 5-10 kg Dogs, 440 g + Chicken Chunks (Puppy) 80 g 15 Packs", "product_brand": "Pedigree", "combo": []}, {"category": "Kitchen, Garden & Pets", "sub_category_name": "Pet Food & Accessories", "product_name": "Adult Wet Dog Food - Gourmet Meal, Sasami With Vegetables", "product_brand": "Cesar", "combo": [["10x70 g", "588.00"], ["2x70 g", "117.60"], ["5x70 g", "294.00"], ["70 g", "60.00"]]}, {"category": "Kitchen, Garden & Pets", "sub_category_name": "Pet Food & Accessories", "product_name": "Drool Dog Food Adult 10kg + Purepet Dog Treats Real Chicken Biscuit, Chicken 1kg", "product_brand": "bb Combo", "combo": []}, {"category": "Kitchen, Garden & Pets", "sub_category_name": "Pet Food & Accessories", "product_name": "Wet Cat Food - Chicken In Gravy for Kittens, 2-12 Months", "product_brand": "Whiskas", "combo": [["2x85 g", "773.81"], ["85 g", "394.80"], ["85 g", "35.00"]]}, {"category": "Kitchen, Garden & Pets", "sub_category_name": "Pet Food & Accessories", "product_name": "Dry Dog Food - Vegetarian, For Adult Dogs", "product_brand": "Pedigree", "combo": [["1.2 kg", "256.50"], ["3 kg", "700.00"]]}, {"category": "Kitchen, Garden & Pets", "sub_category_name": "Pet Food & Accessories", "product_name": "Wet Cat Food - Chicken In Gravy, For Adult Cats, +1 Year", "product_brand": "Whiskas", "combo": []}, {"category": "Kitchen, Garden & Pets", "sub_category_name": "Pet Food & Accessories", "product_name": "Dog Food - Oral Care Dog Treat, Dentastix, for Adult Small Breed, 5-10 kg Dogs", "product_brand": "Pedigree", "combo": [["5x110 g", "509.60"], ["110 g", "441.60"], ["110 g", "104.00"], ["2x110 g", "509.60"], ["3x110 g", "305.76"]]}, {"category": "Kitchen, Garden & Pets", "sub_category_name": "Pet Food & Accessories", "product_name": "Cat Snack - Chicken & Chicken, Whitefish Flavour, Melty, Premium", "product_brand": "SHEBA", "combo": [["48 g", "120.00"], ["2x48 g", "235.20"], ["4x48 g", "470.40"]]}, {"category": "Kitchen, Garden & Pets", "sub_category_name": "Pet Food & Accessories", "product_name": "Dry Milk & Veggie for Puppy 1.2kg + Wet Chicken Chunks 80g 15 Packs (For Puppy)", "product_brand": "Pedigree", "combo": []}, {"category": "Kitchen, Garden & Pets", "sub_category_name": "Pet Food & Accessories", "product_name": "Meat Jerky Stix - Barbecued Chicken Flavour, For Adult Dogs", "product_brand": "Pedigree", "combo": []}, {"category": "Kitchen, Garden & Pets", "sub_category_name": "Pet Food & Accessories", "product_name": "Premium Cat Food - Fish with Sasami, For Adult Cats", "product_brand": "SHEBA", "combo": [["24x(12x 35 g)", "10828.80"], ["35 g", "451.20"]]}, {"category": "Kitchen, Garden & Pets", "sub_category_name": "Pet Food & Accessories", "product_name": "Adult Wet Cat Food - Salmon In Gravy, Super Saver Pack, 1+ Year", "product_brand": "Whiskas", "combo": []}, {"category": "Kitchen, Garden & Pets", "sub_category_name": "Pet Food & Accessories", "product_name": "Daily Food for Adult Dogs - Chicken & Liver Chunks", "product_brand": "Pedigree", "combo": [["3x70 g", "102.90"], ["7x70 g", "240.10"], ["70 g", "35.00"]]}, {"category": "Kitchen, Garden & Pets", "sub_category_name": "Pet Food & Accessories", "product_name": "Pro - Expert Nutrition For Adult Small Breed Dogs, 9 Months Onward", "product_brand": "Pedigree", "combo": [["1.2 kg", "357.00"], ["3 kg", "950.00"]]}, {"category": "Kitchen, Garden & Pets", "sub_category_name": "Pet Food & Accessories", "product_name": "Dry Cat Food - Ocean Fish Flavour, For Adult Cats, +1 Year", "product_brand": "Whiskas", "combo": []}, {"category": "Kitchen, Garden & Pets", "sub_category_name": "Pet Food & Accessories", "product_name": "Biscrok Biscuits Dog Treat - Above 4 Months, Chicken Flavour", "product_brand": "Pedigree", "combo": [["500 g", "128.00"], ["900 g", "275.00"]]}, {"category": "Kitchen, Garden & Pets", "sub_category_name": "Pet Food & Accessories", "product_name": "Dry - Mackerel Flavor 3kg + Wet - Tuna in Jelly (for Adult cats) 85G Pack of 12", "product_brand": "Whiskas", "combo": []}, {"category": "Kitchen, Garden & Pets", "sub_category_name": "Pet Food & Accessories", "product_name": "Dry - Tuna Flavor 3kg + Wet - Tuna in Jelly (for Adult cats) 85G Pack of 12", "product_brand": "Whiskas", "combo": []}, {"category": "Kitchen, Garden & Pets", "sub_category_name": "Pet Food & Accessories", "product_name": "Dry Cat Food - 2-12 Months, Mackerel Flavour", "product_brand": "Whiskas", "combo": []}, {"category": "Kitchen, Garden & Pets", "sub_category_name": "Pet Food & Accessories", "product_name": "Puppy Wet Dog Food - Chicken & Liver Chunks Flavour In Gravy With Vegetables", "product_brand": "Pedigree", "combo": []}, {"category": "Kitchen, Garden & Pets", "sub_category_name": "Pet Food & Accessories", "product_name": "Dentastix 720g + Meat Jerky Stix 960g + Biscrok Dog Treat Above 4 months 500g", "product_brand": "Pedigree", "combo": []}, {"category": "Kitchen, Garden & Pets", "sub_category_name": "Pet Food & Accessories", "product_name": "Pedigree Vegetarian (Adult) Dogs 3 kg + Cesar Gourmet Meal (Adult) 70 g 16 Packs", "product_brand": "bb Combo", "combo": []}, {"category": "Kitchen, Garden & Pets", "sub_category_name": "Pet Food & Accessories", "product_name": "Fish Mix cat Food - Maguro & Bream, for Adult Cats", "product_brand": "SHEBA", "combo": [["8x35 g", "313.60"], ["35 g", "40.00"]]}, {"category": "Kitchen, Garden & Pets", "sub_category_name": "Pet Food & Accessories", "product_name": "Fish Mix cat Food - Fish with Dry Bonito Flake, for Adult Cats", "product_brand": "SHEBA", "combo": [["4x35 g", "156.80"], ["35 g", "40.00"]]}, {"category": "Kitchen, Garden & Pets", "sub_category_name": "Pet Food & Accessories", "product_name": "Wet Cat Food - Salmon In Gravy, For Adult Cats, +1 Year", "product_brand": "Whiskas", "combo": []}, {"category": "Kitchen, Garden & Pets", "sub_category_name": "Pet Food & Accessories", "product_name": "Dry Cat Food - 2-12 Months, Ocean Fish Flavour With Milk", "product_brand": "Whiskas", "combo": []}, {"category": "Kitchen, Garden & Pets", "sub_category_name": "Pet Food & Accessories", "product_name": "Adult Wet Cat Food - Super Saver Pack, 1+ Year, Ocean Fish", "product_brand": "Whiskas", "combo": []}, {"category": "Kitchen, Garden & Pets", "sub_category_name": "Pet Food & Accessories", "product_name": "Adult Dry Dog Food - Ultra Premium", "product_brand": "Canine Creek", "combo": [["12.5 kg", "5600.00"], ["1.2 kg", "600.00"], ["4 kg", "1950.00"]]}, {"category": "Kitchen, Garden & Pets", "sub_category_name": "Pet Food & Accessories", "product_name": "Adult Wet Dog Food - Grilled Liver Chunks Flavour In Gravy With Vegetables", "product_brand": "Pedigree", "combo": []}, {"category": "Kitchen, Garden & Pets", "sub_category_name": "Pet Food & Accessories", "product_name": "Wet Cat Food - Chicken In Gravy, For Adult Cats, +1 Year", "product_brand": "Whiskas", "combo": []}, {"category": "Kitchen, Garden & Pets", "sub_category_name": "Pet Food & Accessories", "product_name": "Pedigree Chicken&Rice (Senior Dogs) 3kg+Cesar Gourmet Meal (Adult) 70g 16 Packs", "product_brand": "bb Combo", "combo": []}, {"category": "Kitchen, Garden & Pets", "sub_category_name": "Pet Food & Accessories", "product_name": "Puppy Wet Dog Food - Chicken & Liver Chunks Flavour In Gravy With Vegetables", "product_brand": "Pedigree", "combo": [["1.05 kg", "500.00"], ["4x70 kg", "1960.00"]]}, {"category": "Kitchen, Garden & Pets", "sub_category_name": "Pet Food & Accessories", "product_name": "Adult Wet Dog Food-Grilled Liver Chunks Flavour In Gravy With Veggies 15's Pack", "product_brand": "Pedigree", "combo": [["1.05 kg", "500.00"], ["4x70 kg", "1960.00"]]}, {"category": "Kitchen, Garden & Pets", "sub_category_name": "Pet Food & Accessories", "product_name": "Dry Cat Food - Junior Ocean Fish, For Kittens, 2-12 Months", "product_brand": "Whiskas", "combo": []}, {"category": "Kitchen, Garden & Pets", "sub_category_name": "Pet Food & Accessories", "product_name": "Premium Cat Food - Maguro & Bream, For Adult Cats", "product_brand": "SHEBA", "combo": [["24x(12x 35 g)", "9792.00"], ["35 g", "408.00"]]}, {"category": "Kitchen, Garden & Pets", "sub_category_name": "Pet Food & Accessories", "product_name": "Premium Cat Food - Skipjack & Salmon, For Adult Cats", "product_brand": "SHEBA", "combo": [["24x(12x 35 g)", "10828.80"], ["35 g", "451.20"]]}, {"category": "Kitchen, Garden & Pets", "sub_category_name": "Pet Food & Accessories", "product_name": "Premium Cat Food - Fish With Dry Bonito Flake, For Adult Cat", "product_brand": "SHEBA", "combo": [["35 g", "408.00"], ["24x(12x 35 g)", "9792.00"]]}, {"category": "Kitchen, Garden & Pets", "sub_category_name": "Pet Food & Accessories", "product_name": "Biscrok Biscuits Dog Treat - Above 4 Months, Milk & Chicken Flavour", "product_brand": "Pedigree", "combo": [["500 g", "128.00"], ["900 g", "275.00"]]}, {"category": "Kitchen, Garden & Pets", "sub_category_name": "Pet Food & Accessories", "product_name": "Pro - Expert Nutrition For Small Breed Puppy, 2-9 Months", "product_brand": "Pedigree", "combo": [["3 kg", "850.00"], ["1.2 kg", "405.00"]]}, {"category": "Kitchen, Garden & Pets", "sub_category_name": "Pet Food & Accessories", "product_name": "Meat Jerky Stix - Roasted Lamb Flavour, For Adult Dogs", "product_brand": "Pedigree", "combo": []}, {"category": "Kitchen, Garden & Pets", "sub_category_name": "Pet Food & Accessories", "product_name": "Dry Cat Food - 2-12 Months, Mackerel Flavour", "product_brand": "Whiskas", "combo": []}, {"category": "Kitchen, Garden & Pets", "sub_category_name": "Pet Food & Accessories", "product_name": "Meat Jerky Stix - Smoked Salmon Flavour, For Adult Dogs", "product_brand": "Pedigree", "combo": []}, {"category": "Kitchen, Garden & Pets", "sub_category_name": "Pet Food & Accessories", "product_name": "100% Vegeterian Biscuit, Dog Treats- Jar", "product_brand": "Purepet", "combo": []}, {"category": "Kitchen, Garden & Pets", "sub_category_name": "Pet Food & Accessories", "product_name": "Adult Wet Diwali Dog Food Gift - Lamb & Vegetables", "product_brand": "Cesar", "combo": []}, {"category": "Kitchen, Garden & Pets", "sub_category_name": "Pet Food & Accessories", "product_name": "Wet Cat Food - Tuna In Jelly, For Adult Cats, +1 Year", "product_brand": "Whiskas", "combo": []}, {"category": "Kitchen, Garden & Pets", "sub_category_name": "Pet Food & Accessories", "product_name": "Jumbone Adult Dog Treats - Chicken & Rice", "product_brand": "Pedigree", "combo": []}, {"category": "Kitchen, Garden & Pets", "sub_category_name": "Pet Food & Accessories", "product_name": "Complete Nutrition For Cats - White Meat & Snapper In Gravy", "product_brand": "SHEBA", "combo": [["4x85 g", "313.60"], ["12 x 85 g", "960.00"], ["85 g", "80.00"], ["2x85 g", "156.80"]]}, {"category": "Kitchen, Garden & Pets", "sub_category_name": "Pet Food & Accessories", "product_name": "Cat Food - Tuna & Salmon, Adult, Limited Offer Stock", "product_brand": "Drools", "combo": []}, {"category": "Kitchen, Garden & Pets", "sub_category_name": "Pet Food & Accessories", "product_name": "Adult Dog Food With Real Chicken", "product_brand": "Freedom", "combo": []}, {"category": "Kitchen, Garden & Pets", "sub_category_name": "Pet Food & Accessories", "product_name": "Twistix Peanut & Carob - Small", "product_brand": "Npic", "combo": []}, {"category": "Kitchen, Garden & Pets", "sub_category_name": "Pet Food & Accessories", "product_name": "Twistix Vanilla Mint - Small", "product_brand": "Npic", "combo": []}, {"category": "Kitchen, Garden & Pets", "sub_category_name": "Pet Food & Accessories", "product_name": "Twistix Pumpkin - Small", "product_brand": "Npic", "combo": []}, {"category": "Kitchen, Garden & Pets", "sub_category_name": "Pet Food & Accessories", "product_name": "Twistix Peanut & Carob - Large", "product_brand": "Npic", "combo": []}, {"category": "Kitchen, Garden & Pets", "sub_category_name": "Pet Food & Accessories", "product_name": "Dog Cookie - Liver Flavour", "product_brand": "Rena", "combo": []}, {"category": "Kitchen, Garden & Pets", "sub_category_name": "Pet Food & Accessories", "product_name": "Adult Premium Wet Dog Food - Gourmet Meal, Sasami", "product_brand": "Cesar", "combo": [["2x70 g", "117.60"], ["70 g", "60.00"], ["5x70 g", "294.00"], ["10x70 g", "588.00"]]}, {"category": "Kitchen, Garden & Pets", "sub_category_name": "Pet Food & Accessories", "product_name": "Dog Food - Focus, Adult 4kg + Dog Supplement - Absolute Vitamin Tablet 50pc", "product_brand": "Drools", "combo": []}, {"category": "Kitchen, Garden & Pets", "sub_category_name": "Pet Food & Accessories", "product_name": "Dog Supplement - Absolute Skin + Coat Tablet", "product_brand": "Drools", "combo": [["2x50 pcs", "358.20"], ["110 pcs", "339.15"], ["50 pcs", "179.10"]]}, {"category": "Kitchen, Garden & Pets", "sub_category_name": "Pet Food & Accessories", "product_name": "Dry Dog Food - Chicken & Rice, For Senior Dogs, 7 Years+", "product_brand": "Pedigree", "combo": [["3 kg", "700.00"], ["1.2 kg", "295.00"]]}, {"category": "Kitchen, Garden & Pets", "sub_category_name": "Pet Food & Accessories", "product_name": "Dry Dog Food - Milk & Vegetables, For Puppy", "product_brand": "Pedigree", "combo": []}, {"category": "Kitchen, Garden & Pets", "sub_category_name": "Pet Food & Accessories", "product_name": "Meat Jerky Stix - Bacon Flavour, For Adult Dogs", "product_brand": "Pedigree", "combo": []}, {"category": "Kitchen, Garden & Pets", "sub_category_name": "Pet Food & Accessories", "product_name": "Pro - Expert Nutrition For Large Breed Puppy, 3-24 Months", "product_brand": "Pedigree", "combo": [["10 kg", "2790.00"], ["3 kg", "892.50"]]}, {"category": "Kitchen, Garden & Pets", "sub_category_name": "Pet Food & Accessories", "product_name": "Dry Cat Food - Ocean Fish Flavour, For Adult Cats, +1 Year", "product_brand": "Whiskas", "combo": []}, {"category": "Kitchen, Garden & Pets", "sub_category_name": "Pet Food & Accessories", "product_name": "Dry Cat Food - Mackerel Flavour, For Adult Cats, +1 Year", "product_brand": "Whiskas", "combo": [["1.2 kg", "410.00"], ["3 kg", "726.75"]]}, {"category": "Kitchen, Garden & Pets", "sub_category_name": "Pet Food & Accessories", "product_name": "Kitten Wet Cat Food - Super Saver Pack, 2-12 Months, Tuna In Jelly", "product_brand": "Whiskas", "combo": [["2x(48 Pouches x 85g each)", "3292.80"], ["85 g", "1680.00"]]}, {"category": "Kitchen, Garden & Pets", "sub_category_name": "Pet Food & Accessories", "product_name": "Pro - Expert Nutrition Starter For Mother & Pup", "product_brand": "Pedigree", "combo": [["10 kg", "3240.00"], ["1.2 kg", "450.00"], ["3 kg", "1200.00"]]}, {"category": "Kitchen, Garden & Pets", "sub_category_name": "Pet Food & Accessories", "product_name": "Pro - Expert Nutrition For Adult Dogs, Weight Management, +2 Years", "product_brand": "Pedigree", "combo": []}, {"category": "Kitchen, Garden & Pets", "sub_category_name": "Pet Food & Accessories", "product_name": "Meat Jerky Stix - Barbecued Chicken Flavoured, For Adult Dogs", "product_brand": "Pedigree", "combo": []}, {"category": "Kitchen, Garden & Pets", "sub_category_name": "Pet Food & Accessories", "product_name": "Meat Jerky Stix - Grilled Liver Flavour, For Adult Dogs", "product_brand": "Pedigree", "combo": []}, {"category": "Kitchen, Garden & Pets", "sub_category_name": "Pet Food & Accessories", "product_name": "Dog Food - Focus Adult 1.2kg + Dog Supplement - Absolute Skin + Coat Tablet 50pc", "product_brand": "Drools", "combo": []}, {"category": "Kitchen, Garden & Pets", "sub_category_name": "Pet Food & Accessories", "product_name": "Dog Supplement - Absolute Calcium Tablet", "product_brand": "Drools", "combo": [["110 pcs", "424.15"], ["50 pcs", "179.10"], ["2x50 pcs", "358.20"]]}, {"category": "Kitchen, Garden & Pets", "sub_category_name": "Pet Food & Accessories", "product_name": "Dog Supplement - Absolute Vitamin Tablet", "product_brand": "Drools", "combo": [["2x50 pcs", "358.20"], ["50 pcs", "179.10"], ["110 pcs", "339.15"]]}, {"category": "Kitchen, Garden & Pets", "sub_category_name": "Pet Food & Accessories", "product_name": "Dog Treats - Real Chicken Biscuit", "product_brand": "Purepet", "combo": [["2x1 kg", "495.00"], ["905 g", "247.50"], ["500 g", "157.50"]]}, {"category": "Kitchen, Garden & Pets", "sub_category_name": "Pet Food & Accessories", "product_name": "Complete Nutrition For Cats - Suculent Chiken Breast N Gravy", "product_brand": "SHEBA", "combo": [["85 g", "80.00"], ["4x85 g", "313.60"], ["24 x 85 g", "1920.00"], ["12 x 85 g", "960.00"], ["2x85 g", "156.80"]]}, {"category": "Kitchen, Garden & Pets", "sub_category_name": "Pet Food & Accessories", "product_name": "Dog Food - Smoked Chicken, Adult Dog", "product_brand": "Purepet", "combo": []}, {"category": "Kitchen, Garden & Pets", "sub_category_name": "Pet Food & Accessories", "product_name": "Dog Food - Chicken & Milk, Adult Dog", "product_brand": "Purepet", "combo": []}, {"category": "Kitchen, Garden & Pets", "sub_category_name": "Pet Food & Accessories", "product_name": "Dog Food - Premium, Labrador Puppy Dog", "product_brand": "Drools", "combo": []}, {"category": "Kitchen, Garden & Pets", "sub_category_name": "Pet Food & Accessories", "product_name": "Dog Food - Focus Starter, Super Premium", "product_brand": "Drools", "combo": []}, {"category": "Kitchen, Garden & Pets", "sub_category_name": "Pet Food & Accessories", "product_name": "Dog Food - Premium, Large Breed Puppy Dog", "product_brand": "Drools", "combo": []}, {"category": "Kitchen, Garden & Pets", "sub_category_name": "Pet Food & Accessories", "product_name": "Nefrotec Ds - Vet Tablets", "product_brand": "Himalaya", "combo": []}, {"category": "Kitchen, Garden & Pets", "sub_category_name": "Pet Food & Accessories", "product_name": "Meat Jerky Stix - Bacon Flavour, For Adult Dogs", "product_brand": "Pedigree", "combo": []}, {"category": "Kitchen, Garden & Pets", "sub_category_name": "Pet Food & Accessories", "product_name": "Pro - Expert Nutrition For Large Breed Puppy, 3-24 Months", "product_brand": "Pedigree", "combo": [["10 kg", "2790.00"], ["3 kg", "892.50"]]}, {"category": "Kitchen, Garden & Pets", "sub_category_name": "Pet Food & Accessories", "product_name": "Dry Cat Food - Ocean Fish Flavour, For Adult Cats, +1 Year", "product_brand": "Whiskas", "combo": []}, {"category": "Kitchen, Garden & Pets", "sub_category_name": "Pet Food & Accessories", "product_name": "Dry Cat Food - Mackerel Flavour, For Adult Cats, +1 Year", "product_brand": "Whiskas", "combo": [["1.2 kg", "410.00"], ["3 kg", "726.75"]]}, {"category": "Kitchen, Garden & Pets", "sub_category_name": "Pet Food & Accessories", "product_name": "Kitten Wet Cat Food - Super Saver Pack, 2-12 Months, Tuna In Jelly", "product_brand": "Whiskas", "combo": [["2x(48 Pouches x 85g each)", "3292.80"], ["85 g", "1680.00"]]}, {"category": "Kitchen, Garden & Pets", "sub_category_name": "Pet Food & Accessories", "product_name": "Pro - Expert Nutrition Starter For Mother & Pup", "product_brand": "Pedigree", "combo": [["10 kg", "3240.00"], ["1.2 kg", "450.00"], ["3 kg", "1200.00"]]}, {"category": "Kitchen, Garden & Pets", "sub_category_name": "Pet Food & Accessories", "product_name": "Pro - Expert Nutrition For Adult Dogs, Weight Management, +2 Years", "product_brand": "Pedigree", "combo": []}, {"category": "Kitchen, Garden & Pets", "sub_category_name": "Pet Food & Accessories", "product_name": "Meat Jerky Stix - Barbecued Chicken Flavoured, For Adult Dogs", "product_brand": "Pedigree", "combo": []}, {"category": "Kitchen, Garden & Pets", "sub_category_name": "Pet Food & Accessories", "product_name": "Meat Jerky Stix - Grilled Liver Flavour, For Adult Dogs", "product_brand": "Pedigree", "combo": []}, {"category": "Kitchen, Garden & Pets", "sub_category_name": "Pet Food & Accessories", "product_name": "Dog Food - Focus Adult 1.2kg + Dog Supplement - Absolute Skin + Coat Tablet 50pc", "product_brand": "Drools", "combo": []}, {"category": "Kitchen, Garden & Pets", "sub_category_name": "Pet Food & Accessories", "product_name": "Dog Supplement - Absolute Calcium Tablet", "product_brand": "Drools", "combo": [["110 pcs", "424.15"], ["50 pcs", "179.10"], ["2x50 pcs", "358.20"]]}, {"category": "Kitchen, Garden & Pets", "sub_category_name": "Pet Food & Accessories", "product_name": "Dog Supplement - Absolute Vitamin Tablet", "product_brand": "Drools", "combo": [["2x50 pcs", "358.20"], ["50 pcs", "179.10"], ["110 pcs", "339.15"]]}, {"category": "Kitchen, Garden & Pets", "sub_category_name": "Pet Food & Accessories", "product_name": "Dog Treats - Real Chicken Biscuit", "product_brand": "Purepet", "combo": [["2x1 kg", "495.00"], ["905 g", "247.50"], ["500 g", "157.50"]]}, {"category": "Kitchen, Garden & Pets", "sub_category_name": "Pet Food & Accessories", "product_name": "Complete Nutrition For Cats - Suculent Chiken Breast N Gravy", "product_brand": "SHEBA", "combo": [["85 g", "80.00"], ["4x85 g", "313.60"], ["24 x 85 g", "1920.00"], ["12 x 85 g", "960.00"], ["2x85 g", "156.80"]]}, {"category": "Kitchen, Garden & Pets", "sub_category_name": "Pet Food & Accessories", "product_name": "Dog Food - Smoked Chicken, Adult Dog", "product_brand": "Purepet", "combo": []}, {"category": "Kitchen, Garden & Pets", "sub_category_name": "Pet Food & Accessories", "product_name": "Dog Food - Chicken & Milk, Adult Dog", "product_brand": "Purepet", "combo": []}, {"category": "Kitchen, Garden & Pets", "sub_category_name": "Pet Food & Accessories", "product_name": "Dog Food - Premium, Labrador Puppy Dog", "product_brand": "Drools", "combo": []}, {"category": "Kitchen, Garden & Pets", "sub_category_name": "Pet Food & Accessories", "product_name": "Dog Food - Focus Starter, Super Premium", "product_brand": "Drools", "combo": []}, {"category": "Kitchen, Garden & Pets", "sub_category_name": "Pet Food & Accessories", "product_name": "Dog Food - Premium, Large Breed Puppy Dog", "product_brand": "Drools", "combo": []}, {"category": "Kitchen, Garden & Pets", "sub_category_name": "Pet Food & Accessories", "product_name": "Nefrotec Ds - Vet Tablets", "product_brand": "Himalaya", "combo": []}, {"category": "Kitchen, Garden & Pets", "sub_category_name": "Pet Food & Accessories", "product_name": "Meat Jerky Stix - Bacon Flavour, For Adult Dogs", "product_brand": "Pedigree", "combo": []}, {"category": "Kitchen, Garden & Pets", "sub_category_name": "Pet Food & Accessories", "product_name": "Pro - Expert Nutrition For Large Breed Puppy, 3-24 Months", "product_brand": "Pedigree", "combo": [["10 kg", "2790.00"], ["3 kg", "892.50"]]}, {"category": "Kitchen, Garden & Pets", "sub_category_name": "Pet Food & Accessories", "product_name": "Dry Cat Food - Ocean Fish Flavour, For Adult Cats, +1 Year", "product_brand": "Whiskas", "combo": []}, {"category": "Kitchen, Garden & Pets", "sub_category_name": "Pet Food & Accessories", "product_name": "Dry Cat Food - Mackerel Flavour, For Adult Cats, +1 Year", "product_brand": "Whiskas", "combo": [["1.2 kg", "410.00"], ["3 kg", "726.75"]]}, {"category": "Kitchen, Garden & Pets", "sub_category_name": "Pet Food & Accessories", "product_name": "Kitten Wet Cat Food - Super Saver Pack, 2-12 Months, Tuna In Jelly", "product_brand": "Whiskas", "combo": [["2x(48 Pouches x 85g each)", "3292.80"], ["85 g", "1680.00"]]}, {"category": "Kitchen, Garden & Pets", "sub_category_name": "Pet Food & Accessories", "product_name": "Pro - Expert Nutrition Starter For Mother & Pup", "product_brand": "Pedigree", "combo": [["10 kg", "3240.00"], ["1.2 kg", "450.00"], ["3 kg", "1200.00"]]}, {"category": "Kitchen, Garden & Pets", "sub_category_name": "Pet Food & Accessories", "product_name": "Pro - Expert Nutrition For Adult Dogs, Weight Management, +2 Years", "product_brand": "Pedigree", "combo": []}, {"category": "Kitchen, Garden & Pets", "sub_category_name": "Pet Food & Accessories", "product_name": "Meat Jerky Stix - Barbecued Chicken Flavoured, For Adult Dogs", "product_brand": "Pedigree", "combo": []}, {"category": "Kitchen, Garden & Pets", "sub_category_name": "Pet Food & Accessories", "product_name": "Meat Jerky Stix - Grilled Liver Flavour, For Adult Dogs", "product_brand": "Pedigree", "combo": []}, {"category": "Kitchen, Garden & Pets", "sub_category_name": "Pet Food & Accessories", "product_name": "Dog Food - Focus Adult 1.2kg + Dog Supplement - Absolute Skin + Coat Tablet 50pc", "product_brand": "Drools", "combo": []}, {"category": "Kitchen, Garden & Pets", "sub_category_name": "Pet Food & Accessories", "product_name": "Dog Supplement - Absolute Calcium Tablet", "product_brand": "Drools", "combo": [["110 pcs", "424.15"], ["50 pcs", "179.10"], ["2x50 pcs", "358.20"]]}, {"category": "Kitchen, Garden & Pets", "sub_category_name": "Pet Food & Accessories", "product_name": "Dog Supplement - Absolute Vitamin Tablet", "product_brand": "Drools", "combo": [["2x50 pcs", "358.20"], ["50 pcs", "179.10"], ["110 pcs", "339.15"]]}, {"category": "Kitchen, Garden & Pets", "sub_category_name": "Pet Food & Accessories", "product_name": "Dog Treats - Real Chicken Biscuit", "product_brand": "Purepet", "combo": [["2x1 kg", "495.00"], ["905 g", "247.50"], ["500 g", "157.50"]]}, {"category": "Kitchen, Garden & Pets", "sub_category_name": "Pet Food & Accessories", "product_name": "Complete Nutrition For Cats - Suculent Chiken Breast N Gravy", "product_brand": "SHEBA", "combo": [["85 g", "80.00"], ["4x85 g", "313.60"], ["24 x 85 g", "1920.00"], ["12 x 85 g", "960.00"], ["2x85 g", "156.80"]]}, {"category": "Kitchen, Garden & Pets", "sub_category_name": "Pet Food & Accessories", "product_name": "Dog Food - Smoked Chicken, Adult Dog", "product_brand": "Purepet", "combo": []}, {"category": "Kitchen, Garden & Pets", "sub_category_name": "Pet Food & Accessories", "product_name": "Dog Food - Chicken & Milk, Adult Dog", "product_brand": "Purepet", "combo": []}, {"category": "Kitchen, Garden & Pets", "sub_category_name": "Pet Food & Accessories", "product_name": "Dog Food - Premium, Labrador Puppy Dog", "product_brand": "Drools", "combo": []}, {"category": "Kitchen, Garden & Pets", "sub_category_name": "Pet Food & Accessories", "product_name": "Dog Food - Focus Starter, Super Premium", "product_brand": "Drools", "combo": []}, {"category": "Kitchen, Garden & Pets", "sub_category_name": "Pet Food & Accessories", "product_name": "Dog Food - Premium, Large Breed Puppy Dog", "product_brand": "Drools", "combo": []}, {"category": "Kitchen, Garden & Pets", "sub_category_name": "Pet Food & Accessories", "product_name": "Nefrotec Ds - Vet Tablets", "product_brand": "Himalaya", "combo": []}, {"category": "Kitchen, Garden & Pets", "sub_category_name": "Pet Food & Accessories", "product_name": "Meat Jerky Stix - Bacon Flavour, For Adult Dogs", "product_brand": "Pedigree", "combo": []}, {"category": "Kitchen, Garden & Pets", "sub_category_name": "Pet Food & Accessories", "product_name": "Pro - Expert Nutrition For Large Breed Puppy, 3-24 Months", "product_brand": "Pedigree", "combo": [["10 kg", "2790.00"], ["3 kg", "892.50"]]}, {"category": "Kitchen, Garden & Pets", "sub_category_name": "Pet Food & Accessories", "product_name": "Dry Cat Food - Ocean Fish Flavour, For Adult Cats, +1 Year", "product_brand": "Whiskas", "combo": []}, {"category": "Kitchen, Garden & Pets", "sub_category_name": "Pet Food & Accessories", "product_name": "Dry Cat Food - Mackerel Flavour, For Adult Cats, +1 Year", "product_brand": "Whiskas", "combo": [["1.2 kg", "410.00"], ["3 kg", "726.75"]]}, {"category": "Kitchen, Garden & Pets", "sub_category_name": "Pet Food & Accessories", "product_name": "Kitten Wet Cat Food - Super Saver Pack, 2-12 Months, Tuna In Jelly", "product_brand": "Whiskas", "combo": [["2x(48 Pouches x 85g each)", "3292.80"], ["85 g", "1680.00"]]}, {"category": "Kitchen, Garden & Pets", "sub_category_name": "Pet Food & Accessories", "product_name": "Pro - Expert Nutrition Starter For Mother & Pup", "product_brand": "Pedigree", "combo": [["10 kg", "3240.00"], ["1.2 kg", "450.00"], ["3 kg", "1200.00"]]}, {"category": "Kitchen, Garden & Pets", "sub_category_name": "Pet Food & Accessories", "product_name": "Pro - Expert Nutrition For Adult Dogs, Weight Management, +2 Years", "product_brand": "Pedigree", "combo": []}, {"category": "Kitchen, Garden & Pets", "sub_category_name": "Pet Food & Accessories", "product_name": "Meat Jerky Stix - Barbecued Chicken Flavoured, For Adult Dogs", "product_brand": "Pedigree", "combo": []}, {"category": "Kitchen, Garden & Pets", "sub_category_name": "Pet Food & Accessories", "product_name": "Meat Jerky Stix - Grilled Liver Flavour, For Adult Dogs", "product_brand": "Pedigree", "combo": []}, {"category": "Kitchen, Garden & Pets", "sub_category_name": "Pet Food & Accessories", "product_name": "Dog Food - Focus Adult 1.2kg + Dog Supplement - Absolute Skin + Coat Tablet 50pc", "product_brand": "Drools", "combo": []}, {"category": "Kitchen, Garden & Pets", "sub_category_name": "Pet Food & Accessories", "product_name": "Dog Supplement - Absolute Calcium Tablet", "product_brand": "Drools", "combo": [["110 pcs", "424.15"], ["50 pcs", "179.10"], ["2x50 pcs", "358.20"]]}, {"category": "Kitchen, Garden & Pets", "sub_category_name": "Pet Food & Accessories", "product_name": "Dog Supplement - Absolute Vitamin Tablet", "product_brand": "Drools", "combo": [["2x50 pcs", "358.20"], ["50 pcs", "179.10"], ["110 pcs", "339.15"]]}, {"category": "Kitchen, Garden & Pets", "sub_category_name": "Pet Food & Accessories", "product_name": "Dog Treats - Real Chicken Biscuit", "product_brand": "Purepet", "combo": [["2x1 kg", "495.00"], ["905 g", "247.50"], ["500 g", "157.50"]]}, {"category": "Kitchen, Garden & Pets", "sub_category_name": "Pet Food & Accessories", "product_name": "Complete Nutrition For Cats - Suculent Chiken Breast N Gravy", "product_brand": "SHEBA", "combo": [["85 g", "80.00"], ["4x85 g", "313.60"], ["24 x 85 g", "1920.00"], ["12 x 85 g", "960.00"], ["2x85 g", "156.80"]]}, {"category": "Kitchen, Garden & Pets", "sub_category_name": "Pet Food & Accessories", "product_name": "Dog Food - Smoked Chicken, Adult Dog", "product_brand": "Purepet", "combo": []}, {"category": "Kitchen, Garden & Pets", "sub_category_name": "Pet Food & Accessories", "product_name": "Dog Food - Chicken & Milk, Adult Dog", "product_brand": "Purepet", "combo": []}, {"category": "Kitchen, Garden & Pets", "sub_category_name": "Pet Food & Accessories", "product_name": "Dog Food - Premium, Labrador Puppy Dog", "product_brand": "Drools", "combo": []}, {"category": "Kitchen, Garden & Pets", "sub_category_name": "Pet Food & Accessories", "product_name": "Dog Food - Focus Starter, Super Premium", "product_brand": "Drools", "combo": []}, {"category": "Kitchen, Garden & Pets", "sub_category_name": "Pet Food & Accessories", "product_name": "Dog Food - Premium, Large Breed Puppy Dog", "product_brand": "Drools", "combo": []}, {"category": "Kitchen, Garden & Pets", "sub_category_name": "Pet Food & Accessories", "product_name": "Nefrotec Ds - Vet Tablets", "product_brand": "Himalaya", "combo": []}, {"category": "Kitchen, Garden & Pets", "sub_category_name": "Pet Food & Accessories", "product_name": "Meat Jerky Stix - Bacon Flavour, For Adult Dogs", "product_brand": "Pedigree", "combo": []}, {"category": "Kitchen, Garden & Pets", "sub_category_name": "Pet Food & Accessories", "product_name": "Pro - Expert Nutrition For Large Breed Puppy, 3-24 Months", "product_brand": "Pedigree", "combo": [["10 kg", "2790.00"], ["3 kg", "892.50"]]}, {"category": "Kitchen, Garden & Pets", "sub_category_name": "Pet Food & Accessories", "product_name": "Dry Cat Food - Ocean Fish Flavour, For Adult Cats, +1 Year", "product_brand": "Whiskas", "combo": []}, {"category": "Kitchen, Garden & Pets", "sub_category_name": "Pet Food & Accessories", "product_name": "Dry Cat Food - Mackerel Flavour, For Adult Cats, +1 Year", "product_brand": "Whiskas", "combo": [["1.2 kg", "410.00"], ["3 kg", "726.75"]]}, {"category": "Kitchen, Garden & Pets", "sub_category_name": "Pet Food & Accessories", "product_name": "Kitten Wet Cat Food - Super Saver Pack, 2-12 Months, Tuna In Jelly", "product_brand": "Whiskas", "combo": [["2x(48 Pouches x 85g each)", "3292.80"], ["85 g", "1680.00"]]}, {"category": "Kitchen, Garden & Pets", "sub_category_name": "Pet Food & Accessories", "product_name": "Pro - Expert Nutrition Starter For Mother & Pup", "product_brand": "Pedigree", "combo": [["10 kg", "3240.00"], ["1.2 kg", "450.00"], ["3 kg", "1200.00"]]}, {"category": "Kitchen, Garden & Pets", "sub_category_name": "Pet Food & Accessories", "product_name": "Pro - Expert Nutrition For Adult Dogs, Weight Management, +2 Years", "product_brand": "Pedigree", "combo": []}, {"category": "Kitchen, Garden & Pets", "sub_category_name": "Pet Food & Accessories", "product_name": "Meat Jerky Stix - Barbecued Chicken Flavoured, For Adult Dogs", "product_brand": "Pedigree", "combo": []}, {"category": "Kitchen, Garden & Pets", "sub_category_name": "Pet Food & Accessories", "product_name": "Meat Jerky Stix - Grilled Liver Flavour, For Adult Dogs", "product_brand": "Pedigree", "combo": []}, {"category": "Kitchen, Garden & Pets", "sub_category_name": "Pet Food & Accessories", "product_name": "Dog Food - Focus Adult 1.2kg + Dog Supplement - Absolute Skin + Coat Tablet 50pc", "product_brand": "Drools", "combo": []}, {"category": "Kitchen, Garden & Pets", "sub_category_name": "Pet Food & Accessories", "product_name": "Dog Supplement - Absolute Calcium Tablet", "product_brand": "Drools", "combo": [["110 pcs", "424.15"], ["50 pcs", "179.10"], ["2x50 pcs", "358.20"]]}, {"category": "Kitchen, Garden & Pets", "sub_category_name": "Pet Food & Accessories", "product_name": "Dog Supplement - Absolute Vitamin Tablet", "product_brand": "Drools", "combo": [["2x50 pcs", "358.20"], ["50 pcs", "179.10"], ["110 pcs", "339.15"]]}, {"category": "Kitchen, Garden & Pets", "sub_category_name": "Pet Food & Accessories", "product_name": "Dog Treats - Real Chicken Biscuit", "product_brand": "Purepet", "combo": [["2x1 kg", "495.00"], ["905 g", "247.50"], ["500 g", "157.50"]]}, {"category": "Kitchen, Garden & Pets", "sub_category_name": "Pet Food & Accessories", "product_name": "Complete Nutrition For Cats - Suculent Chiken Breast N Gravy", "product_brand": "SHEBA", "combo": [["85 g", "80.00"], ["4x85 g", "313.60"], ["24 x 85 g", "1920.00"], ["12 x 85 g", "960.00"], ["2x85 g", "156.80"]]}, {"category": "Kitchen, Garden & Pets", "sub_category_name": "Pet Food & Accessories", "product_name": "Dog Food - Smoked Chicken, Adult Dog", "product_brand": "Purepet", "combo": []}, {"category": "Kitchen, Garden & Pets", "sub_category_name": "Pet Food & Accessories", "product_name": "Dog Food - Chicken & Milk, Adult Dog", "product_brand": "Purepet", "combo": []}, {"category": "Kitchen, Garden & Pets", "sub_category_name": "Pet Food & Accessories", "product_name": "Dog Food - Premium, Labrador Puppy Dog", "product_brand": "Drools", "combo": []}, {"category": "Kitchen, Garden & Pets", "sub_category_name": "Pet Food & Accessories", "product_name": "Dog Food - Focus Starter, Super Premium", "product_brand": "Drools", "combo": []}, {"category": "Kitchen, Garden & Pets", "sub_category_name": "Pet Food & Accessories", "product_name": "Dog Food - Premium, Large Breed Puppy Dog", "product_brand": "Drools", "combo": []}, {"category": "Kitchen, Garden & Pets", "sub_category_name": "Pet Food & Accessories", "product_name": "Nefrotec Ds - Vet Tablets", "product_brand": "Himalaya", "combo": []}, {"category": "Kitchen, Garden & Pets", "sub_category_name": "Pet Food & Accessories", "product_name": "Meat Jerky Stix - Bacon Flavour, For Adult Dogs", "product_brand": "Pedigree", "combo": []}, {"category": "Kitchen, Garden & Pets", "sub_category_name": "Pet Food & Accessories", "product_name": "Pro - Expert Nutrition For Large Breed Puppy, 3-24 Months", "product_brand": "Pedigree", "combo": [["10 kg", "2790.00"], ["3 kg", "892.50"]]}, {"category": "Kitchen, Garden & Pets", "sub_category_name": "Pet Food & Accessories", "product_name": "Dry Cat Food - Ocean Fish Flavour, For Adult Cats, +1 Year", "product_brand": "Whiskas", "combo": []}, {"category": "Kitchen, Garden & Pets", "sub_category_name": "Pet Food & Accessories", "product_name": "Dry Cat Food - Mackerel Flavour, For Adult Cats, +1 Year", "product_brand": "Whiskas", "combo": [["1.2 kg", "410.00"], ["3 kg", "726.75"]]}, {"category": "Kitchen, Garden & Pets", "sub_category_name": "Pet Food & Accessories", "product_name": "Kitten Wet Cat Food - Super Saver Pack, 2-12 Months, Tuna In Jelly", "product_brand": "Whiskas", "combo": [["2x(48 Pouches x 85g each)", "3292.80"], ["85 g", "1680.00"]]}, {"category": "Kitchen, Garden & Pets", "sub_category_name": "Pet Food & Accessories", "product_name": "Pro - Expert Nutrition Starter For Mother & Pup", "product_brand": "Pedigree", "combo": [["10 kg", "3240.00"], ["1.2 kg", "450.00"], ["3 kg", "1200.00"]]}, {"category": "Kitchen, Garden & Pets", "sub_category_name": "Pet Food & Accessories", "product_name": "Pro - Expert Nutrition For Adult Dogs, Weight Management, +2 Years", "product_brand": "Pedigree", "combo": []}, {"category": "Kitchen, Garden & Pets", "sub_category_name": "Pet Food & Accessories", "product_name": "Meat Jerky Stix - Barbecued Chicken Flavoured, For Adult Dogs", "product_brand": "Pedigree", "combo": []}, {"category": "Kitchen, Garden & Pets", "sub_category_name": "Pet Food & Accessories", "product_name": "Meat Jerky Stix - Grilled Liver Flavour, For Adult Dogs", "product_brand": "Pedigree", "combo": []}, {"category": "Kitchen, Garden & Pets", "sub_category_name": "Pet Food & Accessories", "product_name": "Dog Food - Focus Adult 1.2kg + Dog Supplement - Absolute Skin + Coat Tablet 50pc", "product_brand": "Drools", "combo": []}, {"category": "Kitchen, Garden & Pets", "sub_category_name": "Pet Food & Accessories", "product_name": "Dog Supplement - Absolute Calcium Tablet", "product_brand": "Drools", "combo": [["110 pcs", "424.15"], ["50 pcs", "179.10"], ["2x50 pcs", "358.20"]]}, {"category": "Kitchen, Garden & Pets", "sub_category_name": "Pet Food & Accessories", "product_name": "Dog Supplement - Absolute Vitamin Tablet", "product_brand": "Drools", "combo": [["2x50 pcs", "358.20"], ["50 pcs", "179.10"], ["110 pcs", "339.15"]]}, {"category": "Kitchen, Garden & Pets", "sub_category_name": "Pet Food & Accessories", "product_name": "Dog Treats - Real Chicken Biscuit", "product_brand": "Purepet", "combo": [["2x1 kg", "495.00"], ["905 g", "247.50"], ["500 g", "157.50"]]}, {"category": "Kitchen, Garden & Pets", "sub_category_name": "Pet Food & Accessories", "product_name": "Complete Nutrition For Cats - Suculent Chiken Breast N Gravy", "product_brand": "SHEBA", "combo": [["85 g", "80.00"], ["4x85 g", "313.60"], ["24 x 85 g", "1920.00"], ["12 x 85 g", "960.00"], ["2x85 g", "156.80"]]}, {"category": "Kitchen, Garden & Pets", "sub_category_name": "Pet Food & Accessories", "product_name": "Dog Food - Smoked Chicken, Adult Dog", "product_brand": "Purepet", "combo": []}, {"category": "Kitchen, Garden & Pets", "sub_category_name": "Pet Food & Accessories", "product_name": "Dog Food - Chicken & Milk, Adult Dog", "product_brand": "Purepet", "combo": []}, {"category": "Kitchen, Garden & Pets", "sub_category_name": "Pet Food & Accessories", "product_name": "Dog Food - Premium, Labrador Puppy Dog", "product_brand": "Drools", "combo": []}, {"category": "Kitchen, Garden & Pets", "sub_category_name": "Pet Food & Accessories", "product_name": "Dog Food - Focus Starter, Super Premium", "product_brand": "Drools", "combo": []}, {"category": "Kitchen, Garden & Pets", "sub_category_name": "Pet Food & Accessories", "product_name": "Dog Food - Premium, Large Breed Puppy Dog", "product_brand": "Drools", "combo": []}, {"category": "Kitchen, Garden & Pets", "sub_category_name": "Pet Food & Accessories", "product_name": "Nefrotec Ds - Vet Tablets", "product_brand": "Himalaya", "combo": []}, {"category": "Kitchen, Garden & Pets", "sub_category_name": "Pet Food & Accessories", "product_name": "Meat Jerky Stix - Bacon Flavour, For Adult Dogs", "product_brand": "Pedigree", "combo": []}, {"category": "Kitchen, Garden & Pets", "sub_category_name": "Pet Food & Accessories", "product_name": "Pro - Expert Nutrition For Large Breed Puppy, 3-24 Months", "product_brand": "Pedigree", "combo": [["10 kg", "2790.00"], ["3 kg", "892.50"]]}, {"category": "Kitchen, Garden & Pets", "sub_category_name": "Pet Food & Accessories", "product_name": "Dry Cat Food - Ocean Fish Flavour, For Adult Cats, +1 Year", "product_brand": "Whiskas", "combo": []}, {"category": "Kitchen, Garden & Pets", "sub_category_name": "Pet Food & Accessories", "product_name": "Dry Cat Food - Mackerel Flavour, For Adult Cats, +1 Year", "product_brand": "Whiskas", "combo": [["1.2 kg", "410.00"], ["3 kg", "726.75"]]}, {"category": "Kitchen, Garden & Pets", "sub_category_name": "Pet Food & Accessories", "product_name": "Kitten Wet Cat Food - Super Saver Pack, 2-12 Months, Tuna In Jelly", "product_brand": "Whiskas", "combo": [["2x(48 Pouches x 85g each)", "3292.80"], ["85 g", "1680.00"]]}, {"category": "Kitchen, Garden & Pets", "sub_category_name": "Pet Food & Accessories", "product_name": "Pro - Expert Nutrition Starter For Mother & Pup", "product_brand": "Pedigree", "combo": [["10 kg", "3240.00"], ["1.2 kg", "450.00"], ["3 kg", "1200.00"]]}, {"category": "Kitchen, Garden & Pets", "sub_category_name": "Pet Food & Accessories", "product_name": "Pro - Expert Nutrition For Adult Dogs, Weight Management, +2 Years", "product_brand": "Pedigree", "combo": []}, {"category": "Kitchen, Garden & Pets", "sub_category_name": "Pet Food & Accessories", "product_name": "Meat Jerky Stix - Barbecued Chicken Flavoured, For Adult Dogs", "product_brand": "Pedigree", "combo": []}, {"category": "Kitchen, Garden & Pets", "sub_category_name": "Pet Food & Accessories", "product_name": "Meat Jerky Stix - Grilled Liver Flavour, For Adult Dogs", "product_brand": "Pedigree", "combo": []}, {"category": "Kitchen, Garden & Pets", "sub_category_name": "Pet Food & Accessories", "product_name": "Dog Food - Focus Adult 1.2kg + Dog Supplement - Absolute Skin + Coat Tablet 50pc", "product_brand": "Drools", "combo": []}, {"category": "Kitchen, Garden & Pets", "sub_category_name": "Pet Food & Accessories", "product_name": "Dog Supplement - Absolute Calcium Tablet", "product_brand": "Drools", "combo": [["110 pcs", "424.15"], ["50 pcs", "179.10"], ["2x50 pcs", "358.20"]]}, {"category": "Kitchen, Garden & Pets", "sub_category_name": "Pet Food & Accessories", "product_name": "Dog Supplement - Absolute Vitamin Tablet", "product_brand": "Drools", "combo": [["2x50 pcs", "358.20"], ["50 pcs", "179.10"], ["110 pcs", "339.15"]]}, {"category": "Kitchen, Garden & Pets", "sub_category_name": "Pet Food & Accessories", "product_name": "Dog Treats - Real Chicken Biscuit", "product_brand": "Purepet", "combo": [["2x1 kg", "495.00"], ["905 g", "247.50"], ["500 g", "157.50"]]}, {"category": "Kitchen, Garden & Pets", "sub_category_name": "Pet Food & Accessories", "product_name": "Complete Nutrition For Cats - Suculent Chiken Breast N Gravy", "product_brand": "SHEBA", "combo": [["85 g", "80.00"], ["4x85 g", "313.60"], ["24 x 85 g", "1920.00"], ["12 x 85 g", "960.00"], ["2x85 g", "156.80"]]}, {"category": "Kitchen, Garden & Pets", "sub_category_name": "Pet Food & Accessories", "product_name": "Dog Food - Smoked Chicken, Adult Dog", "product_brand": "Purepet", "combo": []}, {"category": "Kitchen, Garden & Pets", "sub_category_name": "Pet Food & Accessories", "product_name": "Dog Food - Chicken & Milk, Adult Dog", "product_brand": "Purepet", "combo": []}, {"category": "Kitchen, Garden & Pets", "sub_category_name": "Pet Food & Accessories", "product_name": "Dog Food - Premium, Labrador Puppy Dog", "product_brand": "Drools", "combo": []}, {"category": "Kitchen, Garden & Pets", "sub_category_name": "Pet Food & Accessories", "product_name": "Dog Food - Focus Starter, Super Premium", "product_brand": "Drools", "combo": []}, {"category": "Kitchen, Garden & Pets", "sub_category_name": "Pet Food & Accessories", "product_name": "Dog Food - Premium, Large Breed Puppy Dog", "product_brand": "Drools", "combo": []}, {"category": "Kitchen, Garden & Pets", "sub_category_name": "Pet Food & Accessories", "product_name": "Nefrotec Ds - Vet Tablets", "product_brand": "Himalaya", "combo": []}, {"category": "Kitchen, Garden & Pets", "sub_category_name": "Pet Food & Accessories", "product_name": "Meat Jerky Stix - Bacon Flavour, For Adult Dogs", "product_brand": "Pedigree", "combo": []}]