[{"category": "Snacks & Branded Foods", "sub_category_name": "Snacks & Namkeen", "product_name": "Mithaiwale - Spring Roll (Bakarwadi)", "product_brand": "Chitale Bandhu", "combo": []}, {"category": "Snacks & Branded Foods", "sub_category_name": "Snacks & Namkeen", "product_name": "Shahi Mix Namkeen", "product_brand": "STAR 555", "combo": []}, {"category": "Snacks & Branded Foods", "sub_category_name": "Snacks & Namkeen", "product_name": "Ragi Bites - Epic Masala", "product_brand": "Soulfull", "combo": []}, {"category": "Snacks & Branded Foods", "sub_category_name": "Snacks & Namkeen", "product_name": "Ragi Bites - Fiery Peri Peri", "product_brand": "Soulfull", "combo": []}, {"category": "Snacks & Branded Foods", "sub_category_name": "Snacks & Namkeen", "product_name": "Ragi Bites - Cra-azy Cheese", "product_brand": "Soulfull", "combo": []}, {"category": "Snacks & Branded Foods", "sub_category_name": "Snacks & Namkeen", "product_name": "Game on Pack", "product_brand": "Pringles", "combo": []}, {"category": "Snacks & Branded Foods", "sub_category_name": "Snacks & Namkeen", "product_name": "Pea Pops - Piri Piri", "product_brand": "The Healthy Cravings Co.", "combo": []}, {"category": "Snacks & Branded Foods", "sub_category_name": "Snacks & Namkeen", "product_name": "Pea Pops - Lime & Chilli", "product_brand": "The Healthy Cravings Co.", "combo": []}, {"category": "Snacks & Branded Foods", "sub_category_name": "Snacks & Namkeen", "product_name": "Pea Pops - Tamarind & Jaggery", "product_brand": "The Healthy Cravings Co.", "combo": []}, {"category": "Snacks & Branded Foods", "sub_category_name": "Snacks & Namkeen", "product_name": "Pea Pops - Char-Grilled Spices", "product_brand": "The Healthy Cravings Co.", "combo": []}, {"category": "Snacks & Branded Foods", "sub_category_name": "Snacks & Namkeen", "product_name": "Pea Pops - Herbed Cheese & Tomato", "product_brand": "The Healthy Cravings Co.", "combo": []}, {"category": "Snacks & Branded Foods", "sub_category_name": "Snacks & Namkeen", "product_name": "Pea Pops - Piri Piri", "product_brand": "The Healthy Cravings Co.", "combo": []}, {"category": "Snacks & Branded Foods", "sub_category_name": "Snacks & Namkeen", "product_name": "Pea Pops - Lime & Chilli", "product_brand": "The Healthy Cravings Co.", "combo": []}, {"category": "Snacks & Branded Foods", "sub_category_name": "Snacks & Namkeen", "product_name": "Pea Pops - Tamarind & Jaggery", "product_brand": "The Healthy Cravings Co.", "combo": []}, {"category": "Snacks & Branded Foods", "sub_category_name": "Snacks & Namkeen", "product_name": "Pea Pops - Char-Grilled Spices", "product_brand": "The Healthy Cravings Co.", "combo": []}, {"category": "Snacks & Branded Foods", "sub_category_name": "Snacks & Namkeen", "product_name": "Pea Pops - Herbed Cheese & Tomato", "product_brand": "The Healthy Cravings Co.", "combo": []}, {"category": "Snacks & Branded Foods", "sub_category_name": "Snacks & Namkeen", "product_name": "Popcorn - Classic Salted", "product_brand": "PIPO", "combo": []}, {"category": "Snacks & Branded Foods", "sub_category_name": "Snacks & Namkeen", "product_name": "Corn Rings - Tangy Tomato", "product_brand": "Crax", "combo": []}, {"category": "Snacks & Branded Foods", "sub_category_name": "Snacks & Namkeen", "product_name": "Popcorn - Butter Lovers", "product_brand": "PIPO", "combo": []}, {"category": "Snacks & Branded Foods", "sub_category_name": "Snacks & Namkeen", "product_name": "Popcorn - Golden Crunch", "product_brand": "PIPO", "combo": []}]