[{"category": "Beverages", "sub_category_name": "Health Drink, Supplement", "product_name": "Pro-Health Drink - Chocolate", "product_brand": "Bournvita", "combo": [["500 g", "209.00"], ["2x750 g", "449.30"], ["750 g", "234.65"], ["2x500 g", "418.00"]]}, {"category": "Beverages", "sub_category_name": "Health Drink, Supplement", "product_name": "Chocolate Syrup", "product_brand": "Hersheys", "combo": []}, {"category": "Beverages", "sub_category_name": "Health Drink, Supplement", "product_name": "Health Drink", "product_brand": "Bournvita", "combo": []}, {"category": "Beverages", "sub_category_name": "Health Drink, Supplement", "product_name": "Drink Mix - Badam", "product_brand": "MTR", "combo": []}, {"category": "Beverages", "sub_category_name": "Health Drink, Supplement", "product_name": "Chocolate Health Drink", "product_brand": "Bournvita", "combo": [["200 g", "102.00"], ["2x500 g", "446.00"], ["500 g", "223.00"], ["1 kg", "360.00"]]}, {"category": "Beverages", "sub_category_name": "Health Drink, Supplement", "product_name": "Complete & Balanced - Premium Chocolate", "product_brand": "Pediasure", "combo": [["750 g", "901.25"], ["200 g", "282.58"], ["400 g", "506.00"], ["2x750 g", "1802.50"], ["2x400 g", "1012.00"]]}, {"category": "Beverages", "sub_category_name": "Health Drink, Supplement", "product_name": "Juice - Aloe + Wheatgrass", "product_brand": "Kapiva Ayurveda", "combo": []}, {"category": "Beverages", "sub_category_name": "Health Drink, Supplement", "product_name": "Health & Nutrition Drink - Classic Malt", "product_brand": "Horlicks", "combo": []}, {"category": "Beverages", "sub_category_name": "Health Drink, Supplement", "product_name": "Health & Nutrition Drink - Classic Malt", "product_brand": "Horlicks", "combo": [["1 kg", "454.00"], ["500 g", "242.00"]]}, {"category": "Beverages", "sub_category_name": "Health Drink, Supplement", "product_name": "Nutritional Powder - Premium Chocolate", "product_brand": "Pediasure", "combo": [["2x1 kg", "1880.00"], ["1 kg", "1140.00"]]}, {"category": "Beverages", "sub_category_name": "Health Drink, Supplement", "product_name": "Health & Nutrition Drink - Chocolate Flavour", "product_brand": "Horlicks", "combo": [["500 g", "196.23"], ["2x500 g", "392.46"]]}, {"category": "Beverages", "sub_category_name": "Health Drink, Supplement", "product_name": "Nutritional Supplement - High Protein, Original", "product_brand": "Protinex", "combo": [["400 g", "482.04"], ["2x400 g", "964.08"], ["250 g", "380.00"], ["750 g", "890.00"]]}, {"category": "Beverages", "sub_category_name": "Health Drink, Supplement", "product_name": "Health Drink", "product_brand": "Bournvita", "combo": []}, {"category": "Beverages", "sub_category_name": "Health Drink, Supplement", "product_name": "Tulsi Giloy Juice", "product_brand": "Kapiva Ayurveda", "combo": []}, {"category": "Beverages", "sub_category_name": "Health Drink, Supplement", "product_name": "Syrup - Milk Booster", "product_brand": "Hersheys", "combo": [["450 g", "191.58"], ["2x450 g", "375.50"]]}, {"category": "Beverages", "sub_category_name": "Health Drink, Supplement", "product_name": "Health & Nutrition - Classic Malt 1 kg + Womens - Chocolate Flavour 400 g", "product_brand": "Horlicks", "combo": []}, {"category": "Beverages", "sub_category_name": "Health Drink, Supplement", "product_name": "Whey Protein - Malt Beverage health drink with DHA - Chocolate", "product_brand": "Amul Pro", "combo": []}, {"category": "Beverages", "sub_category_name": "Health Drink, Supplement", "product_name": "Badam Drink Mix", "product_brand": "MTR", "combo": []}, {"category": "Beverages", "sub_category_name": "Health Drink, Supplement", "product_name": "Nutritional Supplement - Tasty Chocolate Flavour", "product_brand": "Protinex", "combo": [["750 g", "850.00"], ["400 g", "499.55"]]}, {"category": "Beverages", "sub_category_name": "Health Drink, Supplement", "product_name": "Health & Nutrition - Classic Malt 1kg + Womens - Caramel Flavour 400g", "product_brand": "Horlicks", "combo": []}, {"category": "Beverages", "sub_category_name": "Health Drink, Supplement", "product_name": "Nutritional Supplement - High Protein, Vanilla Flavour", "product_brand": "Protinex", "combo": [["400 g", "500.00"], ["2x400 g", "1000.00"], ["250 g", "350.00"]]}, {"category": "Beverages", "sub_category_name": "Health Drink, Supplement", "product_name": "Nutritional Powder - Premium Chocolate", "product_brand": "Pediasure", "combo": [["400 g", "580.00"], ["200 g", "315.00"], ["2x400 g", "1160.00"]]}, {"category": "Beverages", "sub_category_name": "Health Drink, Supplement", "product_name": "Hot Chocolate Drink Powder Mix", "product_brand": "Cadbury", "combo": [["200 g", "166.25"], ["2x200 g", "299.25"]]}, {"category": "Beverages", "sub_category_name": "Health Drink, Supplement", "product_name": "High Protein Drink - Chocolate, Protein+", "product_brand": "Horlicks", "combo": []}, {"category": "Beverages", "sub_category_name": "Health Drink, Supplement", "product_name": "Nutritional Powder - Complete & Balanced, Vanilla Delight", "product_brand": "Pediasure", "combo": [["2x400 g", "1090.00"], ["2x750 g", "1806.62"], ["200 g", "295.00"], ["400 g", "545.00"], ["750 g", "903.31"]]}, {"category": "Beverages", "sub_category_name": "Health Drink, Supplement", "product_name": "Women'S Health & Nutrition Drink - Chocolate Flavour", "product_brand": "Horlicks", "combo": [["400 g", "279.00"], ["2x400 g", "548.00"], ["2 x 400g", "558.00"]]}, {"category": "Beverages", "sub_category_name": "Health Drink, Supplement", "product_name": "Little Champs Pro-Health Drink", "product_brand": "Bournvita", "combo": [["2x500 g", "590.00"], ["500 g", "295.00"]]}, {"category": "Beverages", "sub_category_name": "Health Drink, Supplement", "product_name": "Health & Nutrition Drink - Chocolate Flavour", "product_brand": "Horlicks", "combo": [["200 g", "110.00"], ["500 g", "221.00"]]}, {"category": "Beverages", "sub_category_name": "Health Drink, Supplement", "product_name": "Nutrition & Health Drink Royale - Chocolate", "product_brand": "Complan", "combo": [["3x500 g", "772.80"], ["1 kg", "477.00"], ["500 g", "257.60"]]}, {"category": "Beverages", "sub_category_name": "Health Drink, Supplement", "product_name": "Health & Nutrition - Classic Malt 1 kg + Growth + Nutrition, Chocolate 200 g", "product_brand": "Horlicks", "combo": []}, {"category": "Beverages", "sub_category_name": "Health Drink, Supplement", "product_name": "Nutrition Drink - Health, Energy & Sports", "product_brand": "Boost", "combo": []}, {"category": "Beverages", "sub_category_name": "Health Drink, Supplement", "product_name": "Health Drink Chocolate 400G + Nutritional Supplement High Protein, Vanilla 400G", "product_brand": "Protinex", "combo": []}, {"category": "Beverages", "sub_category_name": "Health Drink, Supplement", "product_name": "Chocolate Syrup", "product_brand": "Hersheys", "combo": []}, {"category": "Beverages", "sub_category_name": "Health Drink, Supplement", "product_name": "5 Star Magic Pro-Health Chocolate Drink Pouch", "product_brand": "Bournvita", "combo": [["500 g", "204.24"], ["2x500 g", "408.48"]]}, {"category": "Beverages", "sub_category_name": "Health Drink, Supplement", "product_name": "Health & Nutrition Drink - Chocolate Flavour", "product_brand": "Horlicks", "combo": []}, {"category": "Beverages", "sub_category_name": "Health Drink, Supplement", "product_name": "Women's Horlicks Health & Nutrition Drink - Caramel Flavour, No Added Sugar", "product_brand": "Horlicks", "combo": [["2 x 400g", "558.00"], ["2x400 g", "558.00"], ["400 g", "279.00"]]}, {"category": "Beverages", "sub_category_name": "Health Drink, Supplement", "product_name": "Strawberry Syrup", "product_brand": "Hersheys", "combo": []}, {"category": "Beverages", "sub_category_name": "Health Drink, Supplement", "product_name": "Nutrition Drink - Health, Energy & Sports", "product_brand": "Boost", "combo": []}, {"category": "Beverages", "sub_category_name": "Health Drink, Supplement", "product_name": "Health & Nutrition - Classic Malt 1 kg + High Protein - Vanilla, Protein+ 200 g", "product_brand": "Horlicks", "combo": []}, {"category": "Beverages", "sub_category_name": "Health Drink, Supplement", "product_name": "Chocolate Syrup", "product_brand": "Hersheys", "combo": [["3x200 g", "253.46"], ["200 g", "86.21"]]}, {"category": "Beverages", "sub_category_name": "Health Drink, Supplement", "product_name": "High Protein Drink - Vanilla, Protein+", "product_brand": "Horlicks", "combo": [["400 g", "495.00"], ["2x400 g", "930.00"]]}, {"category": "Beverages", "sub_category_name": "Health Drink, Supplement", "product_name": "Nutritional Powder - Vanilla Delight", "product_brand": "Pediasure", "combo": [["1 kg", "1140.00"], ["2x1 kg", "1880.00"]]}, {"category": "Beverages", "sub_category_name": "Health Drink, Supplement", "product_name": "5 Star Magic, Chocolate Health Drink", "product_brand": "Bournvita", "combo": [["500 g", "235.00"], ["2x500 g", "470.00"]]}, {"category": "Beverages", "sub_category_name": "Health Drink, Supplement", "product_name": "Nutrition Drink - Health, Energy & Sports", "product_brand": "Boost", "combo": []}, {"category": "Beverages", "sub_category_name": "Health Drink, Supplement", "product_name": "Nangrow Nutritious Milk Drink For Growing Children - 2-5 years, Creamy Vanilla", "product_brand": "Nestle", "combo": []}, {"category": "Beverages", "sub_category_name": "Health Drink, Supplement", "product_name": "Health Drink - Growth+, Chocolate", "product_brand": "Horlicks", "combo": []}, {"category": "Beverages", "sub_category_name": "Health Drink, Supplement", "product_name": "Nutritional Powder - Vanilla Flavour", "product_brand": "Ensure", "combo": [["2x400 g", "750.00"], ["400 g", "475.00"], ["1 kg", "1150.00"]]}, {"category": "Beverages", "sub_category_name": "Health Drink, Supplement", "product_name": "Nutritional Supplement - High Protein, Junior, Chocolate Flavour", "product_brand": "Protinex", "combo": []}, {"category": "Beverages", "sub_category_name": "Health Drink, Supplement", "product_name": "Nutritional Powder - Chocolate Flavour", "product_brand": "Ensure", "combo": []}, {"category": "Beverages", "sub_category_name": "Health Drink, Supplement", "product_name": "Drink Powder - More Stamina", "product_brand": "Boost", "combo": []}, {"category": "Beverages", "sub_category_name": "Health Drink, Supplement", "product_name": "5 Star Magic, Chocolate Health Drink", "product_brand": "Bournvita", "combo": []}, {"category": "Beverages", "sub_category_name": "Health Drink, Supplement", "product_name": "Nutritional Milk Powder - Chocolate", "product_brand": "Enfagrow A+", "combo": [["400 g", "562.50"], ["2x400 g", "1125.00"]]}, {"category": "Beverages", "sub_category_name": "Health Drink, Supplement", "product_name": "Instant Energy Health Drink - Regular", "product_brand": "Glucon-D", "combo": [["450 g", "92.40"], ["100 g", "28.00"]]}, {"category": "Beverages", "sub_category_name": "Health Drink, Supplement", "product_name": "Nutrition Drink - Health, Energy & Sports", "product_brand": "Boost", "combo": []}, {"category": "Beverages", "sub_category_name": "Health Drink, Supplement", "product_name": "Health & Nutrition Drink - Kesar Badam", "product_brand": "Horlicks", "combo": []}, {"category": "Beverages", "sub_category_name": "Health Drink, Supplement", "product_name": "Health & Nutrition Drink - Classic Malt", "product_brand": "Horlicks", "combo": []}, {"category": "Beverages", "sub_category_name": "Health Drink, Supplement", "product_name": "Triphala Juice", "product_brand": "Kapiva Ayurveda", "combo": []}, {"category": "Beverages", "sub_category_name": "Health Drink, Supplement", "product_name": "Juice - Aloe + Garcinia", "product_brand": "Kapiva Ayurveda", "combo": []}, {"category": "Beverages", "sub_category_name": "Health Drink, Supplement", "product_name": "Wheat Grass Juice", "product_brand": "Kapiva Ayurveda", "combo": []}, {"category": "Beverages", "sub_category_name": "Health Drink, Supplement", "product_name": "Instant Energy Health Drink - Regular", "product_brand": "Glucon-D", "combo": []}, {"category": "Beverages", "sub_category_name": "Health Drink, Supplement", "product_name": "Nutritional Milk Powder - Chocolate 400 gm + Vanilla 400 gm (2 years & above)", "product_brand": "Enfagrow A+", "combo": []}, {"category": "Beverages", "sub_category_name": "Health Drink, Supplement", "product_name": "Nutrition & Health Drink - Creamy Classic", "product_brand": "Complan", "combo": []}, {"category": "Beverages", "sub_category_name": "Health Drink, Supplement", "product_name": "Nutrition & Health Drink Royale - Chocolate", "product_brand": "Complan", "combo": []}, {"category": "Beverages", "sub_category_name": "Health Drink, Supplement", "product_name": "Nutrition & Health Drink Royale - Chocolate", "product_brand": "Complan", "combo": [["200 g", "115.00"], ["500 g", "269.10"]]}, {"category": "Beverages", "sub_category_name": "Health Drink, Supplement", "product_name": "Nutritional Powder - Vanilla Delight", "product_brand": "Pediasure", "combo": [["200 g", "300.00"], ["400 g", "522.06"]]}, {"category": "Beverages", "sub_category_name": "Health Drink, Supplement", "product_name": "Karela Jamun Juice", "product_brand": "Kapiva Ayurveda", "combo": []}, {"category": "Beverages", "sub_category_name": "Health Drink, Supplement", "product_name": "Chocolate Flavour, BIB", "product_brand": "Ensure", "combo": []}, {"category": "Beverages", "sub_category_name": "Health Drink, Supplement", "product_name": "Complete & Balenced - Vanilla", "product_brand": "Ensure", "combo": []}, {"category": "Beverages", "sub_category_name": "Health Drink, Supplement", "product_name": "Weikfiled Drinking Chocolate", "product_brand": "Weikfield", "combo": []}, {"category": "Beverages", "sub_category_name": "Health Drink, Supplement", "product_name": "Health Drink - Growth+ Nutrition, Chocolate", "product_brand": "Horlicks", "combo": []}, {"category": "Beverages", "sub_category_name": "Health Drink, Supplement", "product_name": "DiaFree Juice", "product_brand": "Kapiva Ayurveda", "combo": []}, {"category": "Beverages", "sub_category_name": "Health Drink, Supplement", "product_name": "Instant Energy Health Drink - Tangy Orange", "product_brand": "Glucon-D", "combo": []}, {"category": "Beverages", "sub_category_name": "Health Drink, Supplement", "product_name": "Nutritional Powder - Kesar Badam", "product_brand": "Pediasure", "combo": []}, {"category": "Beverages", "sub_category_name": "Health Drink, Supplement", "product_name": "High Protein Drink - Chocolate, Protein+", "product_brand": "Horlicks", "combo": []}, {"category": "Beverages", "sub_category_name": "Health Drink, Supplement", "product_name": "Lite Health & Nutrition Drink - Classic Malt", "product_brand": "Horlicks", "combo": [["450 g", "298.00"], ["2x450 g", "596.00"]]}, {"category": "Beverages", "sub_category_name": "Health Drink, Supplement", "product_name": "PCOS - Cranberry, Women's Health Drink", "product_brand": "&Me", "combo": [["200 ml", "85.00"], ["7x200 ml", "595.00"], ["14x200 ml", "1190.00"], ["15x200 ml", "1275.00"], ["21x200 ml", "1785.00"]]}, {"category": "Beverages", "sub_category_name": "Health Drink, Supplement", "product_name": "Little Champs Health Drink", "product_brand": "Bournvita", "combo": []}, {"category": "Beverages", "sub_category_name": "Health Drink, Supplement", "product_name": "Nutrition & Health Drink - Pista Badam", "product_brand": "Complan", "combo": []}, {"category": "Beverages", "sub_category_name": "Health Drink, Supplement", "product_name": "Glucose-D", "product_brand": "Dabur", "combo": [["250 g", "58.00"], ["1 kg", "45.00"], ["500 g", "105.00"]]}, {"category": "Beverages", "sub_category_name": "Health Drink, Supplement", "product_name": "Malt Based Beverage Powder - Chocolate Flavour", "product_brand": "Ovaltine", "combo": []}, {"category": "Beverages", "sub_category_name": "Health Drink, Supplement", "product_name": "Noni Juice", "product_brand": "Kapiva Ayurveda", "combo": []}, {"category": "Beverages", "sub_category_name": "Health Drink, Supplement", "product_name": "Instant Energy Health Drink - Nimbu Pani", "product_brand": "Glucon-D", "combo": []}, {"category": "Beverages", "sub_category_name": "Health Drink, Supplement", "product_name": "Lite - Vanilla", "product_brand": "Protinex", "combo": [["250 g", "405.00"], ["400 g", "640.00"]]}, {"category": "Beverages", "sub_category_name": "Health Drink, Supplement", "product_name": "Nutritional Supplement - Mama, Chocolate Flavour", "product_brand": "Protinex", "combo": []}, {"category": "Beverages", "sub_category_name": "Health Drink, Supplement", "product_name": "High Protein Drink - Vanilla, Protein+", "product_brand": "Horlicks", "combo": []}, {"category": "Beverages", "sub_category_name": "Health Drink, Supplement", "product_name": "Neem Juice", "product_brand": "Kapiva Ayurveda", "combo": []}, {"category": "Beverages", "sub_category_name": "Health Drink, Supplement", "product_name": "Nutritional Supplement - High Protein, Junior, Vanilla Flavour", "product_brand": "Protinex", "combo": []}, {"category": "Beverages", "sub_category_name": "Health Drink, Supplement", "product_name": "Nutritional Supplement - Mama, Chocolate Flavour", "product_brand": "Protinex", "combo": [["400 g", "600.00"], ["250 g", "400.00"]]}, {"category": "Beverages", "sub_category_name": "Health Drink, Supplement", "product_name": "Health Drink - Growth+, Vanilla", "product_brand": "Horlicks", "combo": [["2x400 g", "930.00"], ["400 g", "495.00"]]}, {"category": "Beverages", "sub_category_name": "Health Drink, Supplement", "product_name": "Instant Energy Health Drink - Regular, Refill", "product_brand": "Glucon-D", "combo": []}, {"category": "Beverages", "sub_category_name": "Health Drink, Supplement", "product_name": "Smoothix - Almond, Shaker", "product_brand": "Soulfull", "combo": []}, {"category": "Beverages", "sub_category_name": "Health Drink, Supplement", "product_name": "Pedia Plus - Chocolate Milk Mix", "product_brand": "V-Nourish", "combo": []}, {"category": "Beverages", "sub_category_name": "Health Drink, Supplement", "product_name": "Drink Mix - Badam", "product_brand": "MTR", "combo": []}, {"category": "Beverages", "sub_category_name": "Health Drink, Supplement", "product_name": "Instant Energy Health Drink - Regular", "product_brand": "Glucon-D", "combo": []}, {"category": "Beverages", "sub_category_name": "Health Drink, Supplement", "product_name": "Native Haat Honey Vita - Chocolate", "product_brand": "Rasna", "combo": []}, {"category": "Beverages", "sub_category_name": "Health Drink, Supplement", "product_name": "Nutritional Milk Powder - Vanilla", "product_brand": "Enfagrow A+", "combo": [["400 g", "562.50"], ["2x400 g", "1125.00"]]}, {"category": "Beverages", "sub_category_name": "Health Drink, Supplement", "product_name": "Bolts - Orange", "product_brand": "Glucovita", "combo": []}, {"category": "Beverages", "sub_category_name": "Health Drink, Supplement", "product_name": "Smoothix - Cocoa Lite, Shaker", "product_brand": "Soulfull", "combo": []}, {"category": "Beverages", "sub_category_name": "Health Drink, Supplement", "product_name": "Badam Flavour", "product_brand": "V-Nourish", "combo": []}, {"category": "Beverages", "sub_category_name": "Health Drink, Supplement", "product_name": "Malt Based Beverage Powder - Milk Flavour", "product_brand": "Ovaltine", "combo": []}, {"category": "Beverages", "sub_category_name": "Health Drink, Supplement", "product_name": "Juice - Aloe + Moringa", "product_brand": "Kapiva Ayurveda", "combo": []}, {"category": "Beverages", "sub_category_name": "Health Drink, Supplement", "product_name": "Juice - Aloe + Turmeric", "product_brand": "Kapiva Ayurveda", "combo": []}, {"category": "Beverages", "sub_category_name": "Health Drink, Supplement", "product_name": "Turmeric Latte - Golden Milk/Haldi Doodh", "product_brand": "Nutty Yogi", "combo": []}, {"category": "Beverages", "sub_category_name": "Health Drink, Supplement", "product_name": "Mother's Health & Nutrition Drink - Vanilla Flavour, No Added Sugar", "product_brand": "Horlicks", "combo": [["200 g", "199.00"], ["500 g", "375.00"]]}, {"category": "Beverages", "sub_category_name": "Health Drink, Supplement", "product_name": "Cheese Sticks - Kids", "product_brand": "ARLA", "combo": []}, {"category": "Beverages", "sub_category_name": "Health Drink, Supplement", "product_name": "Creatine Monohydrate Powder - Micronized, Unflavored", "product_brand": "Optimum Nutrition", "combo": []}, {"category": "Beverages", "sub_category_name": "Health Drink, Supplement", "product_name": "Hi Protein Slim Meal-Shake - Pistachio & Almond, 12 Servings", "product_brand": "Saffola FITTIFY Gourmet", "combo": []}, {"category": "Beverages", "sub_category_name": "Health Drink, Supplement", "product_name": "ON - Gold Standard 100% Casein Protein Powder, Chocolate Supreme", "product_brand": "Optimum Nutrition", "combo": []}, {"category": "Beverages", "sub_category_name": "Health Drink, Supplement", "product_name": "True Mass 1200 Gainer Powder - Chocolate Milkshake", "product_brand": "BSN", "combo": []}, {"category": "Beverages", "sub_category_name": "Health Drink, Supplement", "product_name": "Hi Protein Slim Meal-Shake - Royal Kesar Pista, 12 Servings", "product_brand": "Saffola FITTIFY Gourmet", "combo": []}, {"category": "Beverages", "sub_category_name": "Health Drink, Supplement", "product_name": "Hi Protein Slim Meal-Shake - Cookies & Cream, 12 Servings", "product_brand": "Saffola FITTIFY Gourmet", "combo": []}, {"category": "Beverages", "sub_category_name": "Health Drink, Supplement", "product_name": "Syntha-6 Protein Powder - Chocolate Milkshake", "product_brand": "BSN", "combo": []}, {"category": "Beverages", "sub_category_name": "Health Drink, Supplement", "product_name": "Hi Protein Slim Meal-Shake - Swiss Chocolate, 12 Servings", "product_brand": "Saffola FITTIFY Gourmet", "combo": []}, {"category": "Beverages", "sub_category_name": "Health Drink, Supplement", "product_name": "Hi Protein Slim Meal-Shake - Alphonso Mango, 12 Servings", "product_brand": "Saffola FITTIFY Gourmet", "combo": []}, {"category": "Beverages", "sub_category_name": "Health Drink, Supplement", "product_name": "IQ+ Maternal Nutrition With DHA Health Drink - Vanilla Delight Flavour", "product_brand": "SimMom", "combo": []}, {"category": "Beverages", "sub_category_name": "Health Drink, Supplement", "product_name": "IQ+ Maternal Nutrition With DHA Health Drink - Premium Chocolate Flavour", "product_brand": "SimMom", "combo": []}, {"category": "Beverages", "sub_category_name": "Health Drink, Supplement", "product_name": "Hot Chocolate - Swiss Vanilla, Blend", "product_brand": "Cocosutra", "combo": []}, {"category": "Beverages", "sub_category_name": "Health Drink, Supplement", "product_name": "Hi Protein Slim Meal-Shake - Coffee & Caramel, 12 Servings", "product_brand": "Saffola FITTIFY Gourmet", "combo": []}, {"category": "Beverages", "sub_category_name": "Health Drink, Supplement", "product_name": "Hot Chocolate - Mexican Spiced, Blend", "product_brand": "Cocosutra", "combo": []}, {"category": "Beverages", "sub_category_name": "Health Drink, Supplement", "product_name": "Amla Juice", "product_brand": "Kapiva Ayurveda", "combo": []}]