[{"category": "Snacks & Branded Foods", "sub_category_name": "Frozen Veggies & Snacks", "product_name": "4 Cheese Pizza", "product_brand": "Amul", "combo": []}, {"category": "Snacks & Branded Foods", "sub_category_name": "Frozen Veggies & Snacks", "product_name": "Frozen Vegetables- Sweet Corn", "product_brand": "Farmland", "combo": []}, {"category": "Snacks & Branded Foods", "sub_category_name": "Frozen Veggies & Snacks", "product_name": "Chicken Seekh Kebab", "product_brand": "ITC Master Chef", "combo": []}, {"category": "Snacks & Branded Foods", "sub_category_name": "Frozen Veggies & Snacks", "product_name": "Frozen - Green Peas Pouch", "product_brand": "Safal", "combo": [["500 g", "135.00"], ["1 kg", "240.00"], ["200 g", "55.00"], ["4x200 g", "220.00"]]}, {"category": "Snacks & Branded Foods", "sub_category_name": "Frozen Veggies & Snacks", "product_name": "Chicken - Meatball", "product_brand": "Meatzza", "combo": [["500 g", "325.00"], ["200 g", "150.00"]]}, {"category": "Snacks & Branded Foods", "sub_category_name": "Frozen Veggies & Snacks", "product_name": "Frozen - Sweet Corn", "product_brand": "Safal", "combo": [["500 g", "90.00"], ["200 g", "41.00"], ["1 kg", "160.00"]]}, {"category": "Snacks & Branded Foods", "sub_category_name": "Frozen Veggies & Snacks", "product_name": "Pork - Momos, Original", "product_brand": "Prasuma", "combo": [["24 pcs", "395.00"], ["10 pcs", "225.00"]]}, {"category": "Snacks & Branded Foods", "sub_category_name": "Frozen Veggies & Snacks", "product_name": "French - Fries", "product_brand": "McCain", "combo": [["200 g", "49.00"], ["750 g", "165.00"], ["1.25 kg", "242.25"], ["420 g", "95.00"]]}, {"category": "Snacks & Branded Foods", "sub_category_name": "Frozen Veggies & Snacks", "product_name": "Frozen - Mixed Vegetables", "product_brand": "Safal", "combo": [["500 g", "60.00"], ["1 kg", "110.00"]]}, {"category": "Snacks & Branded Foods", "sub_category_name": "Frozen Veggies & Snacks", "product_name": "Potato Bites - Chilli Garlic", "product_brand": "McCain", "combo": [["420 g", "110.00"], ["200 g", "49.00"]]}, {"category": "Snacks & Branded Foods", "sub_category_name": "Frozen Veggies & Snacks", "product_name": "Frozen Jackfruit", "product_brand": "Safal", "combo": []}, {"category": "Snacks & Branded Foods", "sub_category_name": "Frozen Veggies & Snacks", "product_name": "Smiles Crispy - Happy Potatoes", "product_brand": "McCain", "combo": [["415 g", "110.00"], ["750 g", "185.00"], ["175 g", "49.00"], ["1.25 kg", "246.50"]]}, {"category": "Snacks & Branded Foods", "sub_category_name": "Frozen Veggies & Snacks", "product_name": "Veggie Burger Patty", "product_brand": "McCain", "combo": []}, {"category": "Snacks & Branded Foods", "sub_category_name": "Frozen Veggies & Snacks", "product_name": "Masala - Fries", "product_brand": "McCain", "combo": []}, {"category": "Snacks & Branded Foods", "sub_category_name": "Frozen Veggies & Snacks", "product_name": "Veggie - Fingers", "product_brand": "McCain", "combo": []}, {"category": "Snacks & Branded Foods", "sub_category_name": "Frozen Veggies & Snacks", "product_name": "Aloo - Tikki", "product_brand": "McCain", "combo": []}, {"category": "Snacks & Branded Foods", "sub_category_name": "Frozen Veggies & Snacks", "product_name": "French Fries", "product_brand": "Safal", "combo": [["400 g", "80.00"], ["1 kg", "190.00"]]}, {"category": "Snacks & Branded Foods", "sub_category_name": "Frozen Veggies & Snacks", "product_name": "Aloo Tikki - Mazedaar Masala", "product_brand": "McCain", "combo": [["400 g", "95.00"], ["160 g", "45.00"]]}, {"category": "Snacks & Branded Foods", "sub_category_name": "Frozen Veggies & Snacks", "product_name": "Mini Samosa - Cheese Corn", "product_brand": "McCain", "combo": []}, {"category": "Snacks & Branded Foods", "sub_category_name": "Frozen Veggies & Snacks", "product_name": "Green Peas", "product_brand": "Yummiez", "combo": []}]