[{"category": "Bakery, Cakes & Dairy", "sub_category_name": "Breads & Buns", "product_name": "Bread - Whole Wheat, Chemical Free 400G + Eggs - Table Tray 30pcs", "product_brand": "Fresho", "combo": []}, {"category": "Bakery, Cakes & Dairy", "sub_category_name": "Breads & Buns", "product_name": "Bread - Brown, Chemical Free 400G + Eggs - Regular 6pcs", "product_brand": "Fresho", "combo": []}, {"category": "Bakery, Cakes & Dairy", "sub_category_name": "Breads & Buns", "product_name": "100% WHOLE WHEAT BREAD", "product_brand": "Britannia", "combo": []}, {"category": "Bakery, Cakes & Dairy", "sub_category_name": "Breads & Buns", "product_name": "Bread - Whole Wheat, Chemical Free 400G + Eggs - Regular 6pcs", "product_brand": "Fresho", "combo": []}, {"category": "Bakery, Cakes & Dairy", "sub_category_name": "Breads & Buns", "product_name": "Sandwich Bread - White, Chemical Free 400G + Eggs - Regular 6pcs", "product_brand": "Fresho", "combo": []}, {"category": "Bakery, Cakes & Dairy", "sub_category_name": "Breads & Buns", "product_name": "Whole Wheat Pizza Base", "product_brand": "Theobroma", "combo": []}, {"category": "Bakery, Cakes & Dairy", "sub_category_name": "Breads & Buns", "product_name": "Hi Fiber Brown", "product_brand": "Modern", "combo": []}, {"category": "Bakery, Cakes & Dairy", "sub_category_name": "Breads & Buns", "product_name": "Healthy Slice", "product_brand": "Britannia Bread", "combo": []}, {"category": "Bakery, Cakes & Dairy", "sub_category_name": "Breads & Buns", "product_name": "Fresho Bread - Multigrain 400gm + Jus Amazin Cashew Butter Salted Caramel 125gm", "product_brand": "bb Combo", "combo": []}, {"category": "Bakery, Cakes & Dairy", "sub_category_name": "Breads & Buns", "product_name": "Fresho Bread - Multigrain 400gm + Jus Amazin Almond Butter Dark Chocolate 125gm", "product_brand": "bb Combo", "combo": []}, {"category": "Bakery, Cakes & Dairy", "sub_category_name": "Breads & Buns", "product_name": "Fresho Bread - Whole Wheat 400gm + Jus Amazin Cashew Butter Salted Caramel 125gm", "product_brand": "bb Combo", "combo": []}, {"category": "Bakery, Cakes & Dairy", "sub_category_name": "Breads & Buns", "product_name": "Multigrain Superseed", "product_brand": "Modern", "combo": []}, {"category": "Bakery, Cakes & Dairy", "sub_category_name": "Breads & Buns", "product_name": "Fresho Bread Whole Wheat 400G + Jus Amazin Almond Butter Dark Chocolate 125G", "product_brand": "bb Combo", "combo": []}, {"category": "Bakery, Cakes & Dairy", "sub_category_name": "Breads & Buns", "product_name": "Brown", "product_brand": "Britannia Bread", "combo": []}, {"category": "Bakery, Cakes & Dairy", "sub_category_name": "Breads & Buns", "product_name": "Sweet Bun - Safe, Preservative Free", "product_brand": "Fresho", "combo": []}, {"category": "Bakery, Cakes & Dairy", "sub_category_name": "Breads & Buns", "product_name": "Pizza Base - Whole Wheat, Safe, Preservative Free", "product_brand": "Fresho", "combo": []}, {"category": "Bakery, Cakes & Dairy", "sub_category_name": "Breads & Buns", "product_name": "White Big Bread Slices - Safe, Preservative Free", "product_brand": "Fresho", "combo": []}, {"category": "Bakery, Cakes & Dairy", "sub_category_name": "Breads & Buns", "product_name": "Sandwich Bread - Safe, Preservative Free", "product_brand": "Fresho", "combo": [["400 g", "45.00"], ["200 g", "29.00"]]}, {"category": "Bakery, Cakes & Dairy", "sub_category_name": "Breads & Buns", "product_name": "Pizza Base - Safe, Preservative Free", "product_brand": "Fresho", "combo": []}, {"category": "Bakery, Cakes & Dairy", "sub_category_name": "Breads & Buns", "product_name": "Pav - Safe, Preservative Free", "product_brand": "Fresho", "combo": []}]