[{"category": "Cleaning & Household", "sub_category_name": "Bins & Bathroom Ware", "product_name": "Mozaic Plastic Bucket - Pink", "product_brand": "Milton", "combo": []}, {"category": "Cleaning & Household", "sub_category_name": "Bins & Bathroom Ware", "product_name": "Super Deluxe Plastic Bucket Printed - Pink Colour", "product_brand": "Princeware", "combo": []}, {"category": "Cleaning & Household", "sub_category_name": "Bins & Bathroom Ware", "product_name": "Regal Plastic Stool - Medium Printed, Assorted Color", "product_brand": "Polyset", "combo": []}, {"category": "Cleaning & Household", "sub_category_name": "Bins & Bathroom Ware", "product_name": "Regal Plastic Stool - Small Printed, Assorted Colour", "product_brand": "Polyset", "combo": []}, {"category": "Cleaning & Household", "sub_category_name": "Bins & Bathroom Ware", "product_name": "Turbo Patla Plastic Stool - Assorted Colour", "product_brand": "Polyset", "combo": []}, {"category": "Cleaning & Household", "sub_category_name": "Bins & Bathroom Ware", "product_name": "Multipurpose Plastic Basket For Fruits/Vegetable With Lid - Assorted Colour", "product_brand": "Asian", "combo": []}, {"category": "Cleaning & Household", "sub_category_name": "Bins & Bathroom Ware", "product_name": "Printed Plastic Stool/Patla Medium", "product_brand": "Joyo", "combo": []}, {"category": "Cleaning & Household", "sub_category_name": "Bins & Bathroom Ware", "product_name": "Elegance Plastic Laundry Basket - Assorted Colour", "product_brand": "Polyset", "combo": []}, {"category": "Cleaning & Household", "sub_category_name": "Bins & Bathroom Ware", "product_name": "Classic Plastic Clothes Hanger - Assorted Colour", "product_brand": "Polyset", "combo": []}, {"category": "Cleaning & Household", "sub_category_name": "Bins & Bathroom Ware", "product_name": "Super Deluxe Plastic Bucket Printed - Ivory Colour", "product_brand": "Princeware", "combo": []}, {"category": "Cleaning & Household", "sub_category_name": "Bins & Bathroom Ware", "product_name": "Better Home Square Plastic Multipurpose Fruits/Vegetable Basket - Assorted Colour", "product_brand": "Joyo", "combo": []}, {"category": "Cleaning & Household", "sub_category_name": "Bins & Bathroom Ware", "product_name": "Golu Patla Plastic Stool - Assorted Colour", "product_brand": "Polyset", "combo": []}, {"category": "Cleaning & Household", "sub_category_name": "Bins & Bathroom Ware", "product_name": "Flora Plastic Deep Tub - Assorted Color", "product_brand": "Polyset", "combo": []}, {"category": "Cleaning & Household", "sub_category_name": "Bins & Bathroom Ware", "product_name": "Flora Plastic Deep Tub - Assorted Color", "product_brand": "Polyset", "combo": []}, {"category": "Cleaning & Household", "sub_category_name": "Bins & Bathroom Ware", "product_name": "Duplex Plastic Mug - Grey", "product_brand": "Milton", "combo": []}, {"category": "Cleaning & Household", "sub_category_name": "Bins & Bathroom Ware", "product_name": "Duplex Plastic Mug - Brown", "product_brand": "Milton", "combo": []}, {"category": "Cleaning & Household", "sub_category_name": "Bins & Bathroom Ware", "product_name": "Duplex Plastic Mug - Blue", "product_brand": "Milton", "combo": []}, {"category": "Cleaning & Household", "sub_category_name": "Bins & Bathroom Ware", "product_name": "Duplex Plastic Mug - Grey", "product_brand": "Milton", "combo": []}, {"category": "Cleaning & Household", "sub_category_name": "Bins & Bathroom Ware", "product_name": "Fruty Multipurpose Plastic Basket - Small, Assorted Colour", "product_brand": "Polyset", "combo": []}, {"category": "Cleaning & Household", "sub_category_name": "Bins & Bathroom Ware", "product_name": "Fruty Multipurpose Plastic Basket - Medium, Assorted Colour", "product_brand": "Polyset", "combo": []}, {"category": "Cleaning & Household", "sub_category_name": "Bins & Bathroom Ware", "product_name": "Flora Printed Plastic Soap - Case Assorted Colour", "product_brand": "Polyset", "combo": []}, {"category": "Cleaning & Household", "sub_category_name": "Bins & Bathroom Ware", "product_name": "Mozaic Plastic Bucket - Grey", "product_brand": "Milton", "combo": []}, {"category": "Cleaning & Household", "sub_category_name": "Bins & Bathroom Ware", "product_name": "Duplex Plastic Bucket", "product_brand": "Milton", "combo": []}, {"category": "Cleaning & Household", "sub_category_name": "Bins & Bathroom Ware", "product_name": "Duplex Plastic Bucket - Brown", "product_brand": "Milton", "combo": []}, {"category": "Cleaning & Household", "sub_category_name": "Bins & Bathroom Ware", "product_name": "Duplex Plastic Mug - Brown", "product_brand": "Milton", "combo": []}, {"category": "Cleaning & Household", "sub_category_name": "Bins & Bathroom Ware", "product_name": "Joyo Pedal Dustbin - Assorted 7 lt + bb Home Floor Cleaner - Citrus 500 ml", "product_brand": "bb Combo", "combo": []}, {"category": "Cleaning & Household", "sub_category_name": "Bins & Bathroom Ware", "product_name": "Popular Plastic Bathing Mug - Pink", "product_brand": "BB Home", "combo": [["1 lt", "12.00"], ["1.5 lt", "19.00"]]}, {"category": "Cleaning & Household", "sub_category_name": "Bins & Bathroom Ware", "product_name": "Popular Plastic Strip Bucket - Blue", "product_brand": "BB Home", "combo": [["20 lt", "99.00"], ["17 lt", "69.00"]]}, {"category": "Cleaning & Household", "sub_category_name": "Bins & Bathroom Ware", "product_name": "Pearl Plastic Clip/ Cloth clip", "product_brand": "Mr. Boss", "combo": []}, {"category": "Cleaning & Household", "sub_category_name": "Bins & Bathroom Ware", "product_name": "Sumo Plastic Clip / Cloth clip", "product_brand": "Mr. Boss", "combo": []}, {"category": "Cleaning & Household", "sub_category_name": "Bins & Bathroom Ware", "product_name": "Bucket - Plastic", "product_brand": "Milton", "combo": []}, {"category": "Cleaning & Household", "sub_category_name": "Bins & Bathroom Ware", "product_name": "Coral Cloth Plastic Clip", "product_brand": "Mr. Boss", "combo": []}, {"category": "Cleaning & Household", "sub_category_name": "Bins & Bathroom Ware", "product_name": "Opal Plastic Clip / Cloth clip", "product_brand": "Mr. Boss", "combo": []}, {"category": "Cleaning & Household", "sub_category_name": "Bins & Bathroom Ware", "product_name": "Plastic Tub - Assorted Colour, Modern", "product_brand": "Nakoda", "combo": []}, {"category": "Cleaning & Household", "sub_category_name": "Bins & Bathroom Ware", "product_name": "Dove Plastic Soap Case - Assorted Colour", "product_brand": "Nakoda", "combo": []}, {"category": "Cleaning & Household", "sub_category_name": "Bins & Bathroom Ware", "product_name": "Petal Plastic Cloth Clip", "product_brand": "Mr. Boss", "combo": []}, {"category": "Cleaning & Household", "sub_category_name": "Bins & Bathroom Ware", "product_name": "Power Plastic Clip / Cloth Clip", "product_brand": "Mr. Boss", "combo": []}, {"category": "Cleaning & Household", "sub_category_name": "Bins & Bathroom Ware", "product_name": "Opal Pearl Plastic Clip/ Cloth clip", "product_brand": "Mr. Boss", "combo": []}, {"category": "Cleaning & Household", "sub_category_name": "Bins & Bathroom Ware", "product_name": "Tub - Assorted Colour, Modern", "product_brand": "Nakoda", "combo": []}, {"category": "Cleaning & Household", "sub_category_name": "Bins & Bathroom Ware", "product_name": "Pedal Plastic Dustbin / Garbage Bin - Small, Round, Printed, Multicolour", "product_brand": "Princeware", "combo": []}, {"category": "Cleaning & Household", "sub_category_name": "Bins & Bathroom Ware", "product_name": "Plastic Pedal Dustbin / Garbage Bin - Assorted Colour", "product_brand": "Joyo", "combo": [["15 L", "299.00"], ["6 L", "149.00"], ["10 L", "199.00"]]}, {"category": "Cleaning & Household", "sub_category_name": "Bins & Bathroom Ware", "product_name": "Marvel Plastic Clip/ Cloth clip", "product_brand": "Mr. Boss", "combo": []}, {"category": "Cleaning & Household", "sub_category_name": "Bins & Bathroom Ware", "product_name": "Popular Plastic Strip Bucket - Pink", "product_brand": "BB Home", "combo": [["17 lt", "69.00"], ["20 lt", "99.00"]]}, {"category": "Cleaning & Household", "sub_category_name": "Bins & Bathroom Ware", "product_name": "Premium Plastic Bucket - Red", "product_brand": "BB Home", "combo": []}, {"category": "Cleaning & Household", "sub_category_name": "Bins & Bathroom Ware", "product_name": "Premium Plastic Cloth Clips/Cloth clips - Assorted Colour With Rope", "product_brand": "Swastik", "combo": []}, {"category": "Cleaning & Household", "sub_category_name": "Bins & Bathroom Ware", "product_name": "Frosty Plastic Bucket - Pink", "product_brand": "BB Home", "combo": []}, {"category": "Cleaning & Household", "sub_category_name": "Bins & Bathroom Ware", "product_name": "2-In-1 Plastic Soap Case - Big, Assorted Colour", "product_brand": "Nakoda", "combo": []}, {"category": "Cleaning & Household", "sub_category_name": "Bins & Bathroom Ware", "product_name": "Dune Plastic Basket 444 With Lid", "product_brand": "Nakoda", "combo": [["1 pc", "169.00"], ["1 pc", "169.00"]]}, {"category": "Cleaning & Household", "sub_category_name": "Bins & Bathroom Ware", "product_name": "Premium Plastic Rope - Assorted Colour", "product_brand": "Swastik", "combo": []}, {"category": "Cleaning & Household", "sub_category_name": "Bins & Bathroom Ware", "product_name": "Popular Plastic Bathing Mug - Blue", "product_brand": "BB Home", "combo": [["1 lt", "12.00"], ["1.5 lt", "19.00"]]}, {"category": "Cleaning & Household", "sub_category_name": "Bins & Bathroom Ware", "product_name": "Excel Plastic Laundry Basket - Medium", "product_brand": "Nakoda", "combo": []}, {"category": "Cleaning & Household", "sub_category_name": "Bins & Bathroom Ware", "product_name": "Solo Bathroom Stool Plastic / Patla Assorted", "product_brand": "Joyo", "combo": []}, {"category": "Cleaning & Household", "sub_category_name": "Bins & Bathroom Ware", "product_name": "Excel Plastic Laundry Basket - Large", "product_brand": "Nakoda", "combo": []}, {"category": "Cleaning & Household", "sub_category_name": "Bins & Bathroom Ware", "product_name": "Dyna Plastic Bathroom Stool/Patla - Plain, Assorted Colour", "product_brand": "Aristo", "combo": []}, {"category": "Cleaning & Household", "sub_category_name": "Bins & Bathroom Ware", "product_name": "Plastic Cloth Rope - Assorted", "product_brand": "Gebi", "combo": []}, {"category": "Cleaning & Household", "sub_category_name": "Bins & Bathroom Ware", "product_name": "Premium High Quality Dustbin /Wastebin/Paperbin - Green", "product_brand": "BB Home", "combo": []}, {"category": "Cleaning & Household", "sub_category_name": "Bins & Bathroom Ware", "product_name": "Plastic Cloth Rope - Assorted", "product_brand": "Gebi", "combo": []}, {"category": "Cleaning & Household", "sub_category_name": "Bins & Bathroom Ware", "product_name": "Open Plastic Dustbin / Garbage Bin With Lid - Assorted Colour", "product_brand": "Aristo", "combo": []}, {"category": "Cleaning & Household", "sub_category_name": "Bins & Bathroom Ware", "product_name": "Pedal Plastic Dustbin / Garbage Bin - Printed, Assorted", "product_brand": "Joyo", "combo": [["15 L", "349.00"], ["7 L", "149.00"], ["10 L", "239.00"]]}, {"category": "Cleaning & Household", "sub_category_name": "Bins & Bathroom Ware", "product_name": "Ace Premium Plastic Hanger /Cloth Hanger - Assorted Colour", "product_brand": "Swastik", "combo": []}, {"category": "Cleaning & Household", "sub_category_name": "Bins & Bathroom Ware", "product_name": "Kitchen Multiutility Plastic Tray - Blue, Maharaja", "product_brand": "Princeware", "combo": []}, {"category": "Cleaning & Household", "sub_category_name": "Bins & Bathroom Ware", "product_name": "Dustbin - Clean Up", "product_brand": "Milton", "combo": []}, {"category": "Cleaning & Household", "sub_category_name": "Bins & Bathroom Ware", "product_name": "Premium High Quality Dustbin /Wastebin/Paperbin - Light Purple", "product_brand": "BB Home", "combo": []}, {"category": "Cleaning & Household", "sub_category_name": "Bins & Bathroom Ware", "product_name": "Soap Case - Printed, Multicolour, Frosty Wave", "product_brand": "Princeware", "combo": []}, {"category": "Cleaning & Household", "sub_category_name": "Bins & Bathroom Ware", "product_name": "Plastic Pedal Dustbin / Garbage Bin For Wet & Dry Waste - Assorted Colour", "product_brand": "Nakoda", "combo": []}, {"category": "Cleaning & Household", "sub_category_name": "Bins & Bathroom Ware", "product_name": "Marvel Plastic Bathroom Stool /Patla - Printed, Assorted Colour", "product_brand": "Aristo", "combo": []}, {"category": "Cleaning & Household", "sub_category_name": "Bins & Bathroom Ware", "product_name": "Nebula Masala Box/Spice Container Round - Assorted Colour", "product_brand": "Nakoda", "combo": []}, {"category": "Cleaning & Household", "sub_category_name": "Bins & Bathroom Ware", "product_name": "Square Laundry Plastic Basket With Lid - Assorted Colour", "product_brand": "Nakoda", "combo": []}, {"category": "Cleaning & Household", "sub_category_name": "Bins & Bathroom Ware", "product_name": "Apollo Plastic Jalli Dustbin / Garbage Bin - Assorted Colour", "product_brand": "Aristo", "combo": []}, {"category": "Cleaning & Household", "sub_category_name": "Bins & Bathroom Ware", "product_name": "Bucket", "product_brand": "Milton", "combo": []}, {"category": "Cleaning & Household", "sub_category_name": "Bins & Bathroom Ware", "product_name": "Misty Fruit & Vegetable Plastic Basket - Assorted Colour", "product_brand": "Aristo", "combo": []}, {"category": "Cleaning & Household", "sub_category_name": "Bins & Bathroom Ware", "product_name": "Creta Plastic Laundry Basket - Assorted Colour", "product_brand": "Aristo", "combo": []}, {"category": "Cleaning & Household", "sub_category_name": "Bins & Bathroom Ware", "product_name": "Excel Plastic Laundry Basket - Small, Without Lid, Assorted Colour", "product_brand": "Nakoda", "combo": []}, {"category": "Cleaning & Household", "sub_category_name": "Bins & Bathroom Ware", "product_name": "Worktop - Multi-Purpose", "product_brand": "Milton", "combo": []}, {"category": "Cleaning & Household", "sub_category_name": "Bins & Bathroom Ware", "product_name": "Mug - Plastic, Pebble", "product_brand": "Milton", "combo": []}, {"category": "Cleaning & Household", "sub_category_name": "Bins & Bathroom Ware", "product_name": "Paradise Plastic Laundry Basket With Lid - Assorted Colour", "product_brand": "Nakoda", "combo": []}, {"category": "Cleaning & Household", "sub_category_name": "Bins & Bathroom Ware", "product_name": "Dune 333 Fruit Plastic Basket - Multi Colour", "product_brand": "Nakoda", "combo": []}, {"category": "Cleaning & Household", "sub_category_name": "Bins & Bathroom Ware", "product_name": "Pixel Plastic Round Tub - Plastic, Assorted Colour", "product_brand": "Nakoda", "combo": []}, {"category": "Cleaning & Household", "sub_category_name": "Bins & Bathroom Ware", "product_name": "Open Plastic Dustbin / Garbage Bin - Ringo", "product_brand": "Nakoda", "combo": []}, {"category": "Cleaning & Household", "sub_category_name": "Bins & Bathroom Ware", "product_name": "Aries Plastic Basket 333", "product_brand": "Nakoda", "combo": [["1 pc", "299.00"], ["1 pc", "99.00"], ["1 pc", "199.00"]]}, {"category": "Cleaning & Household", "sub_category_name": "Bins & Bathroom Ware", "product_name": "Vento Plastic Swing Dustbin / Garbage Bin - Assorted Colour", "product_brand": "Aristo", "combo": []}, {"category": "Cleaning & Household", "sub_category_name": "Bins & Bathroom Ware", "product_name": "Orio Fruit & Vegetable Plastic Basket - Assorted Colour", "product_brand": "Aristo", "combo": []}, {"category": "Cleaning & Household", "sub_category_name": "Bins & Bathroom Ware", "product_name": "Modern Square Plastic Pedal Dustbin / Garbage Bin - Assorted Colour", "product_brand": "Nakoda", "combo": []}, {"category": "Cleaning & Household", "sub_category_name": "Bins & Bathroom Ware", "product_name": "Pixel Plastic Designer Bucket - Assorted Colour", "product_brand": "Nakoda", "combo": []}, {"category": "Cleaning & Household", "sub_category_name": "Bins & Bathroom Ware", "product_name": "Bucket - Plastic, Pebble", "product_brand": "Milton", "combo": []}, {"category": "Cleaning & Household", "sub_category_name": "Bins & Bathroom Ware", "product_name": "Nebula Multi Utility Vowel Plastic Roti Basket With Lid -Assorted Colour", "product_brand": "Nakoda", "combo": []}, {"category": "Cleaning & Household", "sub_category_name": "Bins & Bathroom Ware", "product_name": "Dyna Plastic Bathroom Stool/Patla - Printed, Assorted Colour", "product_brand": "Aristo", "combo": []}, {"category": "Cleaning & Household", "sub_category_name": "Bins & Bathroom Ware", "product_name": "Bucket - Plastic, Pebble", "product_brand": "Milton", "combo": []}, {"category": "Cleaning & Household", "sub_category_name": "Bins & Bathroom Ware", "product_name": "Titan Plastic Square Masala Box - Assorted Colour", "product_brand": "Nakoda", "combo": []}, {"category": "Cleaning & Household", "sub_category_name": "Bins & Bathroom Ware", "product_name": "Kitchen Multiutility Plastic Tray No. 2 - Mango Yellow, L1662-LT", "product_brand": "Princeware", "combo": []}, {"category": "Cleaning & Household", "sub_category_name": "Bins & Bathroom Ware", "product_name": "Phoenix Fruit & Vegetable Plastic Basket - Assorted Colour", "product_brand": "Aristo", "combo": []}, {"category": "Cleaning & Household", "sub_category_name": "Bins & Bathroom Ware", "product_name": "Galaxy Plastic Cloth Hanger", "product_brand": "Mr. Boss", "combo": []}, {"category": "Cleaning & Household", "sub_category_name": "Bins & Bathroom Ware", "product_name": "Pedal Plastic Dustbin / Garbage Bin - Small, Yellow, Bon Bon, 12071-Y", "product_brand": "Ratan", "combo": []}, {"category": "Cleaning & Household", "sub_category_name": "Bins & Bathroom Ware", "product_name": "Amisha Plastic Basket", "product_brand": "Nakoda", "combo": []}, {"category": "Cleaning & Household", "sub_category_name": "Bins & Bathroom Ware", "product_name": "Royce Premium High Quality Pedal Plastic Dustbin / Garbage Bin - Green", "product_brand": "MVS", "combo": [["6 L", "169.00"], ["11 L", "229.00"]]}, {"category": "Cleaning & Household", "sub_category_name": "Bins & Bathroom Ware", "product_name": "Comfort Bathroom Stool Plastic/Patla - Plain, Small, Assorted", "product_brand": "Joyo", "combo": []}, {"category": "Cleaning & Household", "sub_category_name": "Bins & Bathroom Ware", "product_name": "Better Home Bucket - Assorted", "product_brand": "Joyo", "combo": []}, {"category": "Cleaning & Household", "sub_category_name": "Bins & Bathroom Ware", "product_name": "Royce Premium High Quality Pedal Plastic Dustbin / Garbage Bin - Blue", "product_brand": "MVS", "combo": [["11 L", "229.00"], ["6 L", "169.00"]]}, {"category": "Cleaning & Household", "sub_category_name": "Bins & Bathroom Ware", "product_name": "Kitchen Multiutility Plastic Tray No. 2 - Pink, L1662-LT", "product_brand": "Princeware", "combo": []}, {"category": "Cleaning & Household", "sub_category_name": "Bins & Bathroom Ware", "product_name": "Titan Multi Utility Plastic Basket Square - With Lid, Assorted Colour", "product_brand": "Nakoda", "combo": []}, {"category": "Cleaning & Household", "sub_category_name": "Bins & Bathroom Ware", "product_name": "Maharaja Plastic Basket With Lid - Small", "product_brand": "Nakoda", "combo": []}, {"category": "Cleaning & Household", "sub_category_name": "Bins & Bathroom Ware", "product_name": "Modern Pedal Square Plastic Dustbin / Garbage Bin - Assorted Colour", "product_brand": "Nakoda", "combo": []}, {"category": "Cleaning & Household", "sub_category_name": "Bins & Bathroom Ware", "product_name": "Pixel Bathroom Stool Plastic / Patla - Small, Assorted Colour", "product_brand": "Nakoda", "combo": []}, {"category": "Cleaning & Household", "sub_category_name": "Bins & Bathroom Ware", "product_name": "Pedal Plastic Dustbin / Garbage Bin with Lid - Orange Colour", "product_brand": "Princeware", "combo": []}, {"category": "Cleaning & Household", "sub_category_name": "Bins & Bathroom Ware", "product_name": "Phoenix Fruit & Vegetable Plastic Basket - Assorted Colour", "product_brand": "Aristo", "combo": []}, {"category": "Cleaning & Household", "sub_category_name": "Bins & Bathroom Ware", "product_name": "Solitaire Multipurpose Plastic Basket 333 Without Lid - Assorted Colour", "product_brand": "Aristo", "combo": []}, {"category": "Cleaning & Household", "sub_category_name": "Bins & Bathroom Ware", "product_name": "Solitaire Multipurpose Plastic Basket 335 With Lid - Assorted Colour", "product_brand": "Aristo", "combo": []}, {"category": "Cleaning & Household", "sub_category_name": "Bins & Bathroom Ware", "product_name": "Plastic Dustbin / Garbage Bin - Small, Multicolour, Deluxe", "product_brand": "Princeware", "combo": []}, {"category": "Cleaning & Household", "sub_category_name": "Bins & Bathroom Ware", "product_name": "Kitchen Multiutility Plastic Tray No. 1 - Blue", "product_brand": "Princeware", "combo": []}, {"category": "Cleaning & Household", "sub_category_name": "Bins & Bathroom Ware", "product_name": "Hexagon Pedal Printed Plastic Dustbin / Garbage Bin with Lid - Assorted Colour, Wave Garbage", "product_brand": "Princeware", "combo": []}, {"category": "Cleaning & Household", "sub_category_name": "Bins & Bathroom Ware", "product_name": "Multipurpose Plastic Oil Can & Dispenser - Assorted Colour", "product_brand": "Aristo", "combo": []}, {"category": "Cleaning & Household", "sub_category_name": "Bins & Bathroom Ware", "product_name": "Plastic Basket With Lid - Round, Silky, 222", "product_brand": "Nakoda", "combo": []}, {"category": "Cleaning & Household", "sub_category_name": "Bins & Bathroom Ware", "product_name": "Kiwi Plastic Basket 222 With Lid", "product_brand": "Nakoda", "combo": [["1 pc", "65.00"], ["1 pc", "89.00"]]}, {"category": "Cleaning & Household", "sub_category_name": "Bins & Bathroom Ware", "product_name": "Solitaire Multipurpose Plastic Basket 113 With Lid - Assorted Colour", "product_brand": "Aristo", "combo": []}, {"category": "Cleaning & Household", "sub_category_name": "Bins & Bathroom Ware", "product_name": "Open Plastic Dustbin / Garbage Bin - Ringo", "product_brand": "Nakoda", "combo": []}, {"category": "Cleaning & Household", "sub_category_name": "Bins & Bathroom Ware", "product_name": "Grace Carry Multipurpose Plastic Basket - Assorted Colour", "product_brand": "Aristo", "combo": []}, {"category": "Cleaning & Household", "sub_category_name": "Bins & Bathroom Ware", "product_name": "Classic Swing Plastic Dustbin / Garbage Bin - Brown", "product_brand": "Cello", "combo": []}, {"category": "Cleaning & Household", "sub_category_name": "Bins & Bathroom Ware", "product_name": "Virgo Multipurpose Plastic Basket - Assorted Colour", "product_brand": "Aristo", "combo": []}, {"category": "Cleaning & Household", "sub_category_name": "Bins & Bathroom Ware", "product_name": "Plastic Dustbin/Basket - Purple, PL BB 618 1", "product_brand": "Sunty", "combo": []}, {"category": "Cleaning & Household", "sub_category_name": "Bins & Bathroom Ware", "product_name": "Orio Fruit & Vegetable Plastic Basket - Assorted Colour", "product_brand": "Aristo", "combo": []}, {"category": "Cleaning & Household", "sub_category_name": "Bins & Bathroom Ware", "product_name": "Premium Plastic Rope - Assorted Colour", "product_brand": "Swastik", "combo": []}, {"category": "Cleaning & Household", "sub_category_name": "Bins & Bathroom Ware", "product_name": "Desktop Waste Bin - Plastic, Pink, BB 616 3", "product_brand": "DP", "combo": []}, {"category": "Cleaning & Household", "sub_category_name": "Bins & Bathroom Ware", "product_name": "Plastic Desk Dustbin - White, BB616", "product_brand": "Qiaofeng", "combo": []}, {"category": "Cleaning & Household", "sub_category_name": "Bins & Bathroom Ware", "product_name": "Swachh Plastic Printed Pedal Dustbin / Garbage Bin - Assorted Colour", "product_brand": "Nakoda", "combo": []}, {"category": "Cleaning & Household", "sub_category_name": "Bins & Bathroom Ware", "product_name": "Pedal Plastic Dustbin / Garbage Bin with Lid - Pink Colour", "product_brand": "Princeware", "combo": []}, {"category": "Cleaning & Household", "sub_category_name": "Bins & Bathroom Ware", "product_name": "Plastic Soap Box Diamond Cut - Blue", "product_brand": "All Time", "combo": []}, {"category": "Cleaning & Household", "sub_category_name": "Bins & Bathroom Ware", "product_name": "Solitaire Multi-Purpose Plastic Basket 334 With Lid - Assorted Colour", "product_brand": "Aristo", "combo": []}, {"category": "Cleaning & Household", "sub_category_name": "Bins & Bathroom Ware", "product_name": "Kitchen Multiutility Plastic Tray - Pink, Maharaja", "product_brand": "Princeware", "combo": []}, {"category": "Cleaning & Household", "sub_category_name": "Bins & Bathroom Ware", "product_name": "Multi-Utility Transparent Plastic Basket/Tray - Small", "product_brand": "Nakoda", "combo": []}, {"category": "Cleaning & Household", "sub_category_name": "Bins & Bathroom Ware", "product_name": "Multipurpose Plastic Oil Can & Dispenser - Assorted Colour", "product_brand": "Aristo", "combo": []}, {"category": "Cleaning & Household", "sub_category_name": "Bins & Bathroom Ware", "product_name": "Comfort Bathroom Stool Plastic/Patla - Plain, Big, Assorted", "product_brand": "Joyo", "combo": []}, {"category": "Cleaning & Household", "sub_category_name": "Bins & Bathroom Ware", "product_name": "Swachh Printed Pedal Plastic Dustbin / Garbage Bin - Assorted Colour", "product_brand": "Nakoda", "combo": []}, {"category": "Cleaning & Household", "sub_category_name": "Bins & Bathroom Ware", "product_name": "Multi Utility Plastic Basket - Black, Royal, 24010 A4 - Bl", "product_brand": "Ratan", "combo": []}, {"category": "Cleaning & Household", "sub_category_name": "Bins & Bathroom Ware", "product_name": "Multi Utility Plastic Basket - Desert Rose, Royal, 24010 A4 - DR", "product_brand": "Ratan", "combo": []}, {"category": "Cleaning & Household", "sub_category_name": "Bins & Bathroom Ware", "product_name": "Maharaja Plastic Basket With Lid - Medium", "product_brand": "Nakoda", "combo": []}, {"category": "Cleaning & Household", "sub_category_name": "Bins & Bathroom Ware", "product_name": "Plastic Basket - Small, Royal", "product_brand": "Nakoda", "combo": []}, {"category": "Cleaning & Household", "sub_category_name": "Bins & Bathroom Ware", "product_name": "Flower Utility Plastic Basket Medium - Blue", "product_brand": "Nayasa", "combo": []}, {"category": "Cleaning & Household", "sub_category_name": "Bins & Bathroom Ware", "product_name": "Pedal Plastic Dustbin / Garbage Bin - Mini, Round, Pink", "product_brand": "Princeware", "combo": []}, {"category": "Cleaning & Household", "sub_category_name": "Bins & Bathroom Ware", "product_name": "Swift Plastic Hanger / Cloth Hanger", "product_brand": "Mr. Boss", "combo": []}, {"category": "Cleaning & Household", "sub_category_name": "Bins & Bathroom Ware", "product_name": "Bathroom Stool Plastic / Patla No. 1 - Yellow, L8303-LT", "product_brand": "Princeware", "combo": []}, {"category": "Cleaning & Household", "sub_category_name": "Bins & Bathroom Ware", "product_name": "Premium Plastic Rope - Assorted Colour", "product_brand": "Swastik", "combo": []}, {"category": "Cleaning & Household", "sub_category_name": "Bins & Bathroom Ware", "product_name": "Desktop Waste Bin - Plastic, Pink, BB 616 3", "product_brand": "DP", "combo": []}, {"category": "Cleaning & Household", "sub_category_name": "Bins & Bathroom Ware", "product_name": "Plastic Desk Dustbin - White, BB616", "product_brand": "Qiaofeng", "combo": []}, {"category": "Cleaning & Household", "sub_category_name": "Bins & Bathroom Ware", "product_name": "Swachh Plastic Printed Pedal Dustbin / Garbage Bin - Assorted Colour", "product_brand": "Nakoda", "combo": []}, {"category": "Cleaning & Household", "sub_category_name": "Bins & Bathroom Ware", "product_name": "Pedal Plastic Dustbin / Garbage Bin with Lid - Pink Colour", "product_brand": "Princeware", "combo": []}, {"category": "Cleaning & Household", "sub_category_name": "Bins & Bathroom Ware", "product_name": "Plastic Soap Box Diamond Cut - Blue", "product_brand": "All Time", "combo": []}, {"category": "Cleaning & Household", "sub_category_name": "Bins & Bathroom Ware", "product_name": "Solitaire Multi-Purpose Plastic Basket 334 With Lid - Assorted Colour", "product_brand": "Aristo", "combo": []}, {"category": "Cleaning & Household", "sub_category_name": "Bins & Bathroom Ware", "product_name": "Kitchen Multiutility Plastic Tray - Pink, Maharaja", "product_brand": "Princeware", "combo": []}, {"category": "Cleaning & Household", "sub_category_name": "Bins & Bathroom Ware", "product_name": "Multi-Utility Transparent Plastic Basket/Tray - Small", "product_brand": "Nakoda", "combo": []}, {"category": "Cleaning & Household", "sub_category_name": "Bins & Bathroom Ware", "product_name": "Multipurpose Plastic Oil Can & Dispenser - Assorted Colour", "product_brand": "Aristo", "combo": []}, {"category": "Cleaning & Household", "sub_category_name": "Bins & Bathroom Ware", "product_name": "Comfort Bathroom Stool Plastic/Patla - Plain, Big, Assorted", "product_brand": "Joyo", "combo": []}, {"category": "Cleaning & Household", "sub_category_name": "Bins & Bathroom Ware", "product_name": "Swachh Printed Pedal Plastic Dustbin / Garbage Bin - Assorted Colour", "product_brand": "Nakoda", "combo": []}, {"category": "Cleaning & Household", "sub_category_name": "Bins & Bathroom Ware", "product_name": "Multi Utility Plastic Basket - Black, Royal, 24010 A4 - Bl", "product_brand": "Ratan", "combo": []}, {"category": "Cleaning & Household", "sub_category_name": "Bins & Bathroom Ware", "product_name": "Multi Utility Plastic Basket - Desert Rose, Royal, 24010 A4 - DR", "product_brand": "Ratan", "combo": []}, {"category": "Cleaning & Household", "sub_category_name": "Bins & Bathroom Ware", "product_name": "Maharaja Plastic Basket With Lid - Medium", "product_brand": "Nakoda", "combo": []}, {"category": "Cleaning & Household", "sub_category_name": "Bins & Bathroom Ware", "product_name": "Plastic Basket - Small, Royal", "product_brand": "Nakoda", "combo": []}, {"category": "Cleaning & Household", "sub_category_name": "Bins & Bathroom Ware", "product_name": "Flower Utility Plastic Basket Medium - Blue", "product_brand": "Nayasa", "combo": []}, {"category": "Cleaning & Household", "sub_category_name": "Bins & Bathroom Ware", "product_name": "Pedal Plastic Dustbin / Garbage Bin - Mini, Round, Pink", "product_brand": "Princeware", "combo": []}, {"category": "Cleaning & Household", "sub_category_name": "Bins & Bathroom Ware", "product_name": "Swift Plastic Hanger / Cloth Hanger", "product_brand": "Mr. Boss", "combo": []}, {"category": "Cleaning & Household", "sub_category_name": "Bins & Bathroom Ware", "product_name": "Bathroom Stool Plastic / Patla No. 1 - Yellow, L8303-LT", "product_brand": "Princeware", "combo": []}, {"category": "Cleaning & Household", "sub_category_name": "Bins & Bathroom Ware", "product_name": "Premium Plastic Rope - Assorted Colour", "product_brand": "Swastik", "combo": []}, {"category": "Cleaning & Household", "sub_category_name": "Bins & Bathroom Ware", "product_name": "Desktop Waste Bin - Plastic, Pink, BB 616 3", "product_brand": "DP", "combo": []}, {"category": "Cleaning & Household", "sub_category_name": "Bins & Bathroom Ware", "product_name": "Plastic Desk Dustbin - White, BB616", "product_brand": "Qiaofeng", "combo": []}, {"category": "Cleaning & Household", "sub_category_name": "Bins & Bathroom Ware", "product_name": "Swachh Plastic Printed Pedal Dustbin / Garbage Bin - Assorted Colour", "product_brand": "Nakoda", "combo": []}, {"category": "Cleaning & Household", "sub_category_name": "Bins & Bathroom Ware", "product_name": "Pedal Plastic Dustbin / Garbage Bin with Lid - Pink Colour", "product_brand": "Princeware", "combo": []}, {"category": "Cleaning & Household", "sub_category_name": "Bins & Bathroom Ware", "product_name": "Plastic Soap Box Diamond Cut - Blue", "product_brand": "All Time", "combo": []}, {"category": "Cleaning & Household", "sub_category_name": "Bins & Bathroom Ware", "product_name": "Solitaire Multi-Purpose Plastic Basket 334 With Lid - Assorted Colour", "product_brand": "Aristo", "combo": []}, {"category": "Cleaning & Household", "sub_category_name": "Bins & Bathroom Ware", "product_name": "Kitchen Multiutility Plastic Tray - Pink, Maharaja", "product_brand": "Princeware", "combo": []}, {"category": "Cleaning & Household", "sub_category_name": "Bins & Bathroom Ware", "product_name": "Multi-Utility Transparent Plastic Basket/Tray - Small", "product_brand": "Nakoda", "combo": []}, {"category": "Cleaning & Household", "sub_category_name": "Bins & Bathroom Ware", "product_name": "Multipurpose Plastic Oil Can & Dispenser - Assorted Colour", "product_brand": "Aristo", "combo": []}, {"category": "Cleaning & Household", "sub_category_name": "Bins & Bathroom Ware", "product_name": "Comfort Bathroom Stool Plastic/Patla - Plain, Big, Assorted", "product_brand": "Joyo", "combo": []}, {"category": "Cleaning & Household", "sub_category_name": "Bins & Bathroom Ware", "product_name": "Swachh Printed Pedal Plastic Dustbin / Garbage Bin - Assorted Colour", "product_brand": "Nakoda", "combo": []}, {"category": "Cleaning & Household", "sub_category_name": "Bins & Bathroom Ware", "product_name": "Multi Utility Plastic Basket - Black, Royal, 24010 A4 - Bl", "product_brand": "Ratan", "combo": []}, {"category": "Cleaning & Household", "sub_category_name": "Bins & Bathroom Ware", "product_name": "Multi Utility Plastic Basket - Desert Rose, Royal, 24010 A4 - DR", "product_brand": "Ratan", "combo": []}, {"category": "Cleaning & Household", "sub_category_name": "Bins & Bathroom Ware", "product_name": "Maharaja Plastic Basket With Lid - Medium", "product_brand": "Nakoda", "combo": []}, {"category": "Cleaning & Household", "sub_category_name": "Bins & Bathroom Ware", "product_name": "Plastic Basket - Small, Royal", "product_brand": "Nakoda", "combo": []}, {"category": "Cleaning & Household", "sub_category_name": "Bins & Bathroom Ware", "product_name": "Flower Utility Plastic Basket Medium - Blue", "product_brand": "Nayasa", "combo": []}, {"category": "Cleaning & Household", "sub_category_name": "Bins & Bathroom Ware", "product_name": "Pedal Plastic Dustbin / Garbage Bin - Mini, Round, Pink", "product_brand": "Princeware", "combo": []}, {"category": "Cleaning & Household", "sub_category_name": "Bins & Bathroom Ware", "product_name": "Swift Plastic Hanger / Cloth Hanger", "product_brand": "Mr. Boss", "combo": []}, {"category": "Cleaning & Household", "sub_category_name": "Bins & Bathroom Ware", "product_name": "Bathroom Stool Plastic / Patla No. 1 - Yellow, L8303-LT", "product_brand": "Princeware", "combo": []}, {"category": "Cleaning & Household", "sub_category_name": "Bins & Bathroom Ware", "product_name": "Ocean Fruit Plastic Basket - Big, Chocolate", "product_brand": "Nayasa", "combo": []}, {"category": "Cleaning & Household", "sub_category_name": "Bins & Bathroom Ware", "product_name": "Dune Plastic Basket 222 With Lid", "product_brand": "Nakoda", "combo": []}, {"category": "Cleaning & Household", "sub_category_name": "Bins & Bathroom Ware", "product_name": "Multi Utility Plastic Basket - Small, Black, Royal", "product_brand": "Ratan", "combo": []}, {"category": "Cleaning & Household", "sub_category_name": "Bins & Bathroom Ware", "product_name": "Washing Net Bag - For Socks/Stocking", "product_brand": "NSH", "combo": []}, {"category": "Cleaning & Household", "sub_category_name": "Bins & Bathroom Ware", "product_name": "Kitchen Multiutility Plastic Tray No. 1 - Pink", "product_brand": "Princeware", "combo": []}, {"category": "Cleaning & Household", "sub_category_name": "Bins & Bathroom Ware", "product_name": "Coral Plastic Cloth Clip", "product_brand": "Mr. Boss", "combo": []}, {"category": "Cleaning & Household", "sub_category_name": "Bins & Bathroom Ware", "product_name": "Sink Drainer - Plastic", "product_brand": "Kvg", "combo": []}, {"category": "Cleaning & Household", "sub_category_name": "Bins & Bathroom Ware", "product_name": "Plastic Spray Bottle - Assorted Colour, 1 L", "product_brand": "Aristo", "combo": []}, {"category": "Cleaning & Household", "sub_category_name": "Bins & Bathroom Ware", "product_name": "Kitchen Multiutility Plastic Tray No. 1 - Mango Yellow", "product_brand": "Princeware", "combo": []}, {"category": "Cleaning & Household", "sub_category_name": "Bins & Bathroom Ware", "product_name": "Bathroom Stool Plastic / Patla No. 1 - Blue, L8303-LT", "product_brand": "Princeware", "combo": []}, {"category": "Cleaning & Household", "sub_category_name": "Bins & Bathroom Ware", "product_name": "Bathroom Stool Plastic / Patla wave - Small, Multicolour, L8345-P", "product_brand": "Princeware", "combo": []}, {"category": "Cleaning & Household", "sub_category_name": "Bins & Bathroom Ware", "product_name": "Lock-It Food Bag Seal Clip", "product_brand": "Mr. Boss", "combo": []}, {"category": "Cleaning & Household", "sub_category_name": "Bins & Bathroom Ware", "product_name": "Premium Plastic Bucket - Green", "product_brand": "BB Home", "combo": []}, {"category": "Cleaning & Household", "sub_category_name": "Bins & Bathroom Ware", "product_name": "Premium Plastic Bucket - Green", "product_brand": "BB Home", "combo": []}, {"category": "Cleaning & Household", "sub_category_name": "Bins & Bathroom Ware", "product_name": "Plastic Desktop Waste-Dustbin - Pink, BB 615 3", "product_brand": "DP", "combo": []}, {"category": "Cleaning & Household", "sub_category_name": "Bins & Bathroom Ware", "product_name": "Plastic Dustbin/Storage Basket - Multiutility, Green, BB 681 2", "product_brand": "DP", "combo": []}, {"category": "Cleaning & Household", "sub_category_name": "Bins & Bathroom Ware", "product_name": "Plastic Dustbin/Basket - Purple, PL BB 619 1", "product_brand": "Sunty", "combo": []}, {"category": "Cleaning & Household", "sub_category_name": "Bins & Bathroom Ware", "product_name": "Plastic Dustbin/Basket - Pink, PK BB 619 3", "product_brand": "Sunty", "combo": []}, {"category": "Cleaning & Household", "sub_category_name": "Bins & Bathroom Ware", "product_name": "Plastic Dustbin - Blue, BB 619 2", "product_brand": "Sunty", "combo": []}, {"category": "Cleaning & Household", "sub_category_name": "Bins & Bathroom Ware", "product_name": "Dustbin/Basket - Plastic, Green, Gr BB 617 1", "product_brand": "Sunty", "combo": []}, {"category": "Cleaning & Household", "sub_category_name": "Bins & Bathroom Ware", "product_name": "Premium Plastic Rope - Assorted Colour", "product_brand": "Swastik", "combo": []}, {"category": "Cleaning & Household", "sub_category_name": "Bins & Bathroom Ware", "product_name": "Desktop Waste Bin - Plastic, Pink, BB 616 3", "product_brand": "DP", "combo": []}, {"category": "Cleaning & Household", "sub_category_name": "Bins & Bathroom Ware", "product_name": "Plastic Desk Dustbin - White, BB616", "product_brand": "Qiaofeng", "combo": []}, {"category": "Cleaning & Household", "sub_category_name": "Bins & Bathroom Ware", "product_name": "Swachh Plastic Printed Pedal Dustbin / Garbage Bin - Assorted Colour", "product_brand": "Nakoda", "combo": []}, {"category": "Cleaning & Household", "sub_category_name": "Bins & Bathroom Ware", "product_name": "Pedal Plastic Dustbin / Garbage Bin with Lid - Pink Colour", "product_brand": "Princeware", "combo": []}, {"category": "Cleaning & Household", "sub_category_name": "Bins & Bathroom Ware", "product_name": "Plastic Soap Box Diamond Cut - Blue", "product_brand": "All Time", "combo": []}, {"category": "Cleaning & Household", "sub_category_name": "Bins & Bathroom Ware", "product_name": "Solitaire Multi-Purpose Plastic Basket 334 With Lid - Assorted Colour", "product_brand": "Aristo", "combo": []}, {"category": "Cleaning & Household", "sub_category_name": "Bins & Bathroom Ware", "product_name": "Kitchen Multiutility Plastic Tray - Pink, Maharaja", "product_brand": "Princeware", "combo": []}, {"category": "Cleaning & Household", "sub_category_name": "Bins & Bathroom Ware", "product_name": "Multi-Utility Transparent Plastic Basket/Tray - Small", "product_brand": "Nakoda", "combo": []}, {"category": "Cleaning & Household", "sub_category_name": "Bins & Bathroom Ware", "product_name": "Multipurpose Plastic Oil Can & Dispenser - Assorted Colour", "product_brand": "Aristo", "combo": []}, {"category": "Cleaning & Household", "sub_category_name": "Bins & Bathroom Ware", "product_name": "Comfort Bathroom Stool Plastic/Patla - Plain, Big, Assorted", "product_brand": "Joyo", "combo": []}, {"category": "Cleaning & Household", "sub_category_name": "Bins & Bathroom Ware", "product_name": "Swachh Printed Pedal Plastic Dustbin / Garbage Bin - Assorted Colour", "product_brand": "Nakoda", "combo": []}, {"category": "Cleaning & Household", "sub_category_name": "Bins & Bathroom Ware", "product_name": "Multi Utility Plastic Basket - Black, Royal, 24010 A4 - Bl", "product_brand": "Ratan", "combo": []}, {"category": "Cleaning & Household", "sub_category_name": "Bins & Bathroom Ware", "product_name": "Multi Utility Plastic Basket - Desert Rose, Royal, 24010 A4 - DR", "product_brand": "Ratan", "combo": []}, {"category": "Cleaning & Household", "sub_category_name": "Bins & Bathroom Ware", "product_name": "Maharaja Plastic Basket With Lid - Medium", "product_brand": "Nakoda", "combo": []}, {"category": "Cleaning & Household", "sub_category_name": "Bins & Bathroom Ware", "product_name": "Plastic Basket - Small, Royal", "product_brand": "Nakoda", "combo": []}, {"category": "Cleaning & Household", "sub_category_name": "Bins & Bathroom Ware", "product_name": "Flower Utility Plastic Basket Medium - Blue", "product_brand": "Nayasa", "combo": []}, {"category": "Cleaning & Household", "sub_category_name": "Bins & Bathroom Ware", "product_name": "Pedal Plastic Dustbin / Garbage Bin - Mini, Round, Pink", "product_brand": "Princeware", "combo": []}, {"category": "Cleaning & Household", "sub_category_name": "Bins & Bathroom Ware", "product_name": "Swift Plastic Hanger / Cloth Hanger", "product_brand": "Mr. Boss", "combo": []}, {"category": "Cleaning & Household", "sub_category_name": "Bins & Bathroom Ware", "product_name": "Bathroom Stool Plastic / Patla No. 1 - Yellow, L8303-LT", "product_brand": "Princeware", "combo": []}, {"category": "Cleaning & Household", "sub_category_name": "Bins & Bathroom Ware", "product_name": "Premium Plastic Rope - Assorted Colour", "product_brand": "Swastik", "combo": []}, {"category": "Cleaning & Household", "sub_category_name": "Bins & Bathroom Ware", "product_name": "Desktop Waste Bin - Plastic, Pink, BB 616 3", "product_brand": "DP", "combo": []}, {"category": "Cleaning & Household", "sub_category_name": "Bins & Bathroom Ware", "product_name": "Plastic Desk Dustbin - White, BB616", "product_brand": "Qiaofeng", "combo": []}, {"category": "Cleaning & Household", "sub_category_name": "Bins & Bathroom Ware", "product_name": "Swachh Plastic Printed Pedal Dustbin / Garbage Bin - Assorted Colour", "product_brand": "Nakoda", "combo": []}, {"category": "Cleaning & Household", "sub_category_name": "Bins & Bathroom Ware", "product_name": "Pedal Plastic Dustbin / Garbage Bin with Lid - Pink Colour", "product_brand": "Princeware", "combo": []}, {"category": "Cleaning & Household", "sub_category_name": "Bins & Bathroom Ware", "product_name": "Plastic Soap Box Diamond Cut - Blue", "product_brand": "All Time", "combo": []}, {"category": "Cleaning & Household", "sub_category_name": "Bins & Bathroom Ware", "product_name": "Solitaire Multi-Purpose Plastic Basket 334 With Lid - Assorted Colour", "product_brand": "Aristo", "combo": []}, {"category": "Cleaning & Household", "sub_category_name": "Bins & Bathroom Ware", "product_name": "Kitchen Multiutility Plastic Tray - Pink, Maharaja", "product_brand": "Princeware", "combo": []}, {"category": "Cleaning & Household", "sub_category_name": "Bins & Bathroom Ware", "product_name": "Multi-Utility Transparent Plastic Basket/Tray - Small", "product_brand": "Nakoda", "combo": []}, {"category": "Cleaning & Household", "sub_category_name": "Bins & Bathroom Ware", "product_name": "Multipurpose Plastic Oil Can & Dispenser - Assorted Colour", "product_brand": "Aristo", "combo": []}, {"category": "Cleaning & Household", "sub_category_name": "Bins & Bathroom Ware", "product_name": "Comfort Bathroom Stool Plastic/Patla - Plain, Big, Assorted", "product_brand": "Joyo", "combo": []}, {"category": "Cleaning & Household", "sub_category_name": "Bins & Bathroom Ware", "product_name": "Swachh Printed Pedal Plastic Dustbin / Garbage Bin - Assorted Colour", "product_brand": "Nakoda", "combo": []}, {"category": "Cleaning & Household", "sub_category_name": "Bins & Bathroom Ware", "product_name": "Multi Utility Plastic Basket - Black, Royal, 24010 A4 - Bl", "product_brand": "Ratan", "combo": []}, {"category": "Cleaning & Household", "sub_category_name": "Bins & Bathroom Ware", "product_name": "Multi Utility Plastic Basket - Desert Rose, Royal, 24010 A4 - DR", "product_brand": "Ratan", "combo": []}, {"category": "Cleaning & Household", "sub_category_name": "Bins & Bathroom Ware", "product_name": "Maharaja Plastic Basket With Lid - Medium", "product_brand": "Nakoda", "combo": []}, {"category": "Cleaning & Household", "sub_category_name": "Bins & Bathroom Ware", "product_name": "Plastic Basket - Small, Royal", "product_brand": "Nakoda", "combo": []}, {"category": "Cleaning & Household", "sub_category_name": "Bins & Bathroom Ware", "product_name": "Flower Utility Plastic Basket Medium - Blue", "product_brand": "Nayasa", "combo": []}, {"category": "Cleaning & Household", "sub_category_name": "Bins & Bathroom Ware", "product_name": "Pedal Plastic Dustbin / Garbage Bin - Mini, Round, Pink", "product_brand": "Princeware", "combo": []}, {"category": "Cleaning & Household", "sub_category_name": "Bins & Bathroom Ware", "product_name": "Swift Plastic Hanger / Cloth Hanger", "product_brand": "Mr. Boss", "combo": []}, {"category": "Cleaning & Household", "sub_category_name": "Bins & Bathroom Ware", "product_name": "Bathroom Stool Plastic / Patla No. 1 - Yellow, L8303-LT", "product_brand": "Princeware", "combo": []}, {"category": "Cleaning & Household", "sub_category_name": "Bins & Bathroom Ware", "product_name": "Premium Plastic Rope - Assorted Colour", "product_brand": "Swastik", "combo": []}, {"category": "Cleaning & Household", "sub_category_name": "Bins & Bathroom Ware", "product_name": "Desktop Waste Bin - Plastic, Pink, BB 616 3", "product_brand": "DP", "combo": []}, {"category": "Cleaning & Household", "sub_category_name": "Bins & Bathroom Ware", "product_name": "Plastic Desk Dustbin - White, BB616", "product_brand": "Qiaofeng", "combo": []}, {"category": "Cleaning & Household", "sub_category_name": "Bins & Bathroom Ware", "product_name": "Swachh Plastic Printed Pedal Dustbin / Garbage Bin - Assorted Colour", "product_brand": "Nakoda", "combo": []}, {"category": "Cleaning & Household", "sub_category_name": "Bins & Bathroom Ware", "product_name": "Pedal Plastic Dustbin / Garbage Bin with Lid - Pink Colour", "product_brand": "Princeware", "combo": []}, {"category": "Cleaning & Household", "sub_category_name": "Bins & Bathroom Ware", "product_name": "Plastic Soap Box Diamond Cut - Blue", "product_brand": "All Time", "combo": []}, {"category": "Cleaning & Household", "sub_category_name": "Bins & Bathroom Ware", "product_name": "Solitaire Multi-Purpose Plastic Basket 334 With Lid - Assorted Colour", "product_brand": "Aristo", "combo": []}, {"category": "Cleaning & Household", "sub_category_name": "Bins & Bathroom Ware", "product_name": "Kitchen Multiutility Plastic Tray - Pink, Maharaja", "product_brand": "Princeware", "combo": []}, {"category": "Cleaning & Household", "sub_category_name": "Bins & Bathroom Ware", "product_name": "Multi-Utility Transparent Plastic Basket/Tray - Small", "product_brand": "Nakoda", "combo": []}, {"category": "Cleaning & Household", "sub_category_name": "Bins & Bathroom Ware", "product_name": "Multipurpose Plastic Oil Can & Dispenser - Assorted Colour", "product_brand": "Aristo", "combo": []}, {"category": "Cleaning & Household", "sub_category_name": "Bins & Bathroom Ware", "product_name": "Comfort Bathroom Stool Plastic/Patla - Plain, Big, Assorted", "product_brand": "Joyo", "combo": []}, {"category": "Cleaning & Household", "sub_category_name": "Bins & Bathroom Ware", "product_name": "Swachh Printed Pedal Plastic Dustbin / Garbage Bin - Assorted Colour", "product_brand": "Nakoda", "combo": []}, {"category": "Cleaning & Household", "sub_category_name": "Bins & Bathroom Ware", "product_name": "Multi Utility Plastic Basket - Black, Royal, 24010 A4 - Bl", "product_brand": "Ratan", "combo": []}, {"category": "Cleaning & Household", "sub_category_name": "Bins & Bathroom Ware", "product_name": "Multi Utility Plastic Basket - Desert Rose, Royal, 24010 A4 - DR", "product_brand": "Ratan", "combo": []}, {"category": "Cleaning & Household", "sub_category_name": "Bins & Bathroom Ware", "product_name": "Maharaja Plastic Basket With Lid - Medium", "product_brand": "Nakoda", "combo": []}, {"category": "Cleaning & Household", "sub_category_name": "Bins & Bathroom Ware", "product_name": "Plastic Basket - Small, Royal", "product_brand": "Nakoda", "combo": []}, {"category": "Cleaning & Household", "sub_category_name": "Bins & Bathroom Ware", "product_name": "Flower Utility Plastic Basket Medium - Blue", "product_brand": "Nayasa", "combo": []}, {"category": "Cleaning & Household", "sub_category_name": "Bins & Bathroom Ware", "product_name": "Pedal Plastic Dustbin / Garbage Bin - Mini, Round, Pink", "product_brand": "Princeware", "combo": []}, {"category": "Cleaning & Household", "sub_category_name": "Bins & Bathroom Ware", "product_name": "Swift Plastic Hanger / Cloth Hanger", "product_brand": "Mr. Boss", "combo": []}, {"category": "Cleaning & Household", "sub_category_name": "Bins & Bathroom Ware", "product_name": "Bathroom Stool Plastic / Patla No. 1 - Yellow, L8303-LT", "product_brand": "Princeware", "combo": []}, {"category": "Cleaning & Household", "sub_category_name": "Bins & Bathroom Ware", "product_name": "Premium Plastic Rope - Assorted Colour", "product_brand": "Swastik", "combo": []}, {"category": "Cleaning & Household", "sub_category_name": "Bins & Bathroom Ware", "product_name": "Desktop Waste Bin - Plastic, Pink, BB 616 3", "product_brand": "DP", "combo": []}, {"category": "Cleaning & Household", "sub_category_name": "Bins & Bathroom Ware", "product_name": "Plastic Desk Dustbin - White, BB616", "product_brand": "Qiaofeng", "combo": []}, {"category": "Cleaning & Household", "sub_category_name": "Bins & Bathroom Ware", "product_name": "Swachh Plastic Printed Pedal Dustbin / Garbage Bin - Assorted Colour", "product_brand": "Nakoda", "combo": []}, {"category": "Cleaning & Household", "sub_category_name": "Bins & Bathroom Ware", "product_name": "Pedal Plastic Dustbin / Garbage Bin with Lid - Pink Colour", "product_brand": "Princeware", "combo": []}, {"category": "Cleaning & Household", "sub_category_name": "Bins & Bathroom Ware", "product_name": "Plastic Soap Box Diamond Cut - Blue", "product_brand": "All Time", "combo": []}, {"category": "Cleaning & Household", "sub_category_name": "Bins & Bathroom Ware", "product_name": "Solitaire Multi-Purpose Plastic Basket 334 With Lid - Assorted Colour", "product_brand": "Aristo", "combo": []}, {"category": "Cleaning & Household", "sub_category_name": "Bins & Bathroom Ware", "product_name": "Kitchen Multiutility Plastic Tray - Pink, Maharaja", "product_brand": "Princeware", "combo": []}, {"category": "Cleaning & Household", "sub_category_name": "Bins & Bathroom Ware", "product_name": "Multi-Utility Transparent Plastic Basket/Tray - Small", "product_brand": "Nakoda", "combo": []}, {"category": "Cleaning & Household", "sub_category_name": "Bins & Bathroom Ware", "product_name": "Multipurpose Plastic Oil Can & Dispenser - Assorted Colour", "product_brand": "Aristo", "combo": []}, {"category": "Cleaning & Household", "sub_category_name": "Bins & Bathroom Ware", "product_name": "Comfort Bathroom Stool Plastic/Patla - Plain, Big, Assorted", "product_brand": "Joyo", "combo": []}, {"category": "Cleaning & Household", "sub_category_name": "Bins & Bathroom Ware", "product_name": "Swachh Printed Pedal Plastic Dustbin / Garbage Bin - Assorted Colour", "product_brand": "Nakoda", "combo": []}, {"category": "Cleaning & Household", "sub_category_name": "Bins & Bathroom Ware", "product_name": "Multi Utility Plastic Basket - Black, Royal, 24010 A4 - Bl", "product_brand": "Ratan", "combo": []}, {"category": "Cleaning & Household", "sub_category_name": "Bins & Bathroom Ware", "product_name": "Multi Utility Plastic Basket - Desert Rose, Royal, 24010 A4 - DR", "product_brand": "Ratan", "combo": []}, {"category": "Cleaning & Household", "sub_category_name": "Bins & Bathroom Ware", "product_name": "Maharaja Plastic Basket With Lid - Medium", "product_brand": "Nakoda", "combo": []}, {"category": "Cleaning & Household", "sub_category_name": "Bins & Bathroom Ware", "product_name": "Plastic Basket - Small, Royal", "product_brand": "Nakoda", "combo": []}, {"category": "Cleaning & Household", "sub_category_name": "Bins & Bathroom Ware", "product_name": "Flower Utility Plastic Basket Medium - Blue", "product_brand": "Nayasa", "combo": []}, {"category": "Cleaning & Household", "sub_category_name": "Bins & Bathroom Ware", "product_name": "Pedal Plastic Dustbin / Garbage Bin - Mini, Round, Pink", "product_brand": "Princeware", "combo": []}, {"category": "Cleaning & Household", "sub_category_name": "Bins & Bathroom Ware", "product_name": "Swift Plastic Hanger / Cloth Hanger", "product_brand": "Mr. Boss", "combo": []}, {"category": "Cleaning & Household", "sub_category_name": "Bins & Bathroom Ware", "product_name": "Bathroom Stool Plastic / Patla No. 1 - Yellow, L8303-LT", "product_brand": "Princeware", "combo": []}, {"category": "Cleaning & Household", "sub_category_name": "Bins & Bathroom Ware", "product_name": "Dustbin - Utility", "product_brand": "Milton", "combo": []}, {"category": "Cleaning & Household", "sub_category_name": "Bins & Bathroom Ware", "product_name": "Plastic Dustbin/Garbage Bin - Black With Polka Dots, Bon Bon, 12081P-M-B", "product_brand": "Ratan", "combo": []}, {"category": "Cleaning & Household", "sub_category_name": "Bins & Bathroom Ware", "product_name": "Plastic Dustbin/Garbage Bin - Green With Polka Dots, Bon Bon, 12081P-M-B", "product_brand": "Ratan", "combo": []}, {"category": "Cleaning & Household", "sub_category_name": "Bins & Bathroom Ware", "product_name": "Plastic Printed Bucket - Assorted Colour", "product_brand": "SKI", "combo": []}, {"category": "Cleaning & Household", "sub_category_name": "Bins & Bathroom Ware", "product_name": "Plastics Hanger /Cloth Hanger 033 - Turquoise", "product_brand": "All Time", "combo": []}, {"category": "Cleaning & Household", "sub_category_name": "Bins & Bathroom Ware", "product_name": "Lotus Plastic Clip/ Cloth clip", "product_brand": "Mr. Boss", "combo": []}, {"category": "Cleaning & Household", "sub_category_name": "Bins & Bathroom Ware", "product_name": "All Time Plastic Hanger / Cloth Hanger 022 - Assorted Colour", "product_brand": "All Time", "combo": []}, {"category": "Cleaning & Household", "sub_category_name": "Bins & Bathroom Ware", "product_name": "Pearl Plastic Cloth Clip", "product_brand": "Mr. Boss", "combo": []}, {"category": "Cleaning & Household", "sub_category_name": "Bins & Bathroom Ware", "product_name": "Plastic Pedal Dustbin / Garbage Bin - Small, Silver, Bon Bon, 12071-S", "product_brand": "Ratan", "combo": []}, {"category": "Cleaning & Household", "sub_category_name": "Bins & Bathroom Ware", "product_name": "Stainless Steel Dustbin / Garbage Bin - Perforated", "product_brand": "Jai Veer", "combo": []}, {"category": "Cleaning & Household", "sub_category_name": "Bins & Bathroom Ware", "product_name": "Stainless Steel Dustbin / Garbage Bin - Perforated", "product_brand": "Jai Veer", "combo": []}, {"category": "Cleaning & Household", "sub_category_name": "Bins & Bathroom Ware", "product_name": "Stainless Steel Dustbin / Garbage Bin Pedal", "product_brand": "Jai Veer", "combo": []}, {"category": "Cleaning & Household", "sub_category_name": "Bins & Bathroom Ware", "product_name": "Stainless Steel Pedal Dustbin / Garbage Bin - Perforated", "product_brand": "Jai Veer", "combo": []}, {"category": "Cleaning & Household", "sub_category_name": "Bins & Bathroom Ware", "product_name": "Classic Plastic Dustbin / Garbage Bin - Beige", "product_brand": "Cello", "combo": []}, {"category": "Cleaning & Household", "sub_category_name": "Bins & Bathroom Ware", "product_name": "Java Plastic Dustbin / Garbage Bin With Inner Bucket - Matt Brown", "product_brand": "Polyset", "combo": []}, {"category": "Cleaning & Household", "sub_category_name": "Bins & Bathroom Ware", "product_name": "Evergreen Detachable Plastic Pedal Dustbin / Garbage Bin - Assorted Colour", "product_brand": "Aristo", "combo": []}, {"category": "Cleaning & Household", "sub_category_name": "Bins & Bathroom Ware", "product_name": "Splash Detachable Plastic Pedal Dustbin / Garbage Bin - Assorted Colour", "product_brand": "Aristo", "combo": []}, {"category": "Cleaning & Household", "sub_category_name": "Bins & Bathroom Ware", "product_name": "Lenovo Plastic Dish Drainer Rack - Assorted Colour", "product_brand": "Aristo", "combo": []}, {"category": "Cleaning & Household", "sub_category_name": "Bins & Bathroom Ware", "product_name": "Grace Multipurpose Plastic Carry Basket - Assorted Colour", "product_brand": "Aristo", "combo": []}, {"category": "Cleaning & Household", "sub_category_name": "Bins & Bathroom Ware", "product_name": "Insulated Ice Chiller Box - Assorted Colour", "product_brand": "Aristo", "combo": []}, {"category": "Cleaning & Household", "sub_category_name": "Bins & Bathroom Ware", "product_name": "Dustbin - Utility", "product_brand": "Milton", "combo": []}, {"category": "Cleaning & Household", "sub_category_name": "Bins & Bathroom Ware", "product_name": "Plastic Dustbin/Garbage Bin - Black With Polka Dots, Bon Bon, 12081P-M-B", "product_brand": "Ratan", "combo": []}, {"category": "Cleaning & Household", "sub_category_name": "Bins & Bathroom Ware", "product_name": "Plastic Dustbin/Garbage Bin - Green With Polka Dots, Bon Bon, 12081P-M-B", "product_brand": "Ratan", "combo": []}, {"category": "Cleaning & Household", "sub_category_name": "Bins & Bathroom Ware", "product_name": "Plastic Printed Bucket - Assorted Colour", "product_brand": "SKI", "combo": []}, {"category": "Cleaning & Household", "sub_category_name": "Bins & Bathroom Ware", "product_name": "Plastics Hanger /Cloth Hanger 033 - Turquoise", "product_brand": "All Time", "combo": []}, {"category": "Cleaning & Household", "sub_category_name": "Bins & Bathroom Ware", "product_name": "Lotus Plastic Clip/ Cloth clip", "product_brand": "Mr. Boss", "combo": []}, {"category": "Cleaning & Household", "sub_category_name": "Bins & Bathroom Ware", "product_name": "All Time Plastic Hanger / Cloth Hanger 022 - Assorted Colour", "product_brand": "All Time", "combo": []}, {"category": "Cleaning & Household", "sub_category_name": "Bins & Bathroom Ware", "product_name": "Pearl Plastic Cloth Clip", "product_brand": "Mr. Boss", "combo": []}, {"category": "Cleaning & Household", "sub_category_name": "Bins & Bathroom Ware", "product_name": "Plastic Pedal Dustbin / Garbage Bin - Small, Silver, Bon Bon, 12071-S", "product_brand": "Ratan", "combo": []}, {"category": "Cleaning & Household", "sub_category_name": "Bins & Bathroom Ware", "product_name": "Stainless Steel Dustbin / Garbage Bin - Perforated", "product_brand": "Jai Veer", "combo": []}, {"category": "Cleaning & Household", "sub_category_name": "Bins & Bathroom Ware", "product_name": "Stainless Steel Dustbin / Garbage Bin - Perforated", "product_brand": "Jai Veer", "combo": []}, {"category": "Cleaning & Household", "sub_category_name": "Bins & Bathroom Ware", "product_name": "Stainless Steel Dustbin / Garbage Bin Pedal", "product_brand": "Jai Veer", "combo": []}, {"category": "Cleaning & Household", "sub_category_name": "Bins & Bathroom Ware", "product_name": "Stainless Steel Pedal Dustbin / Garbage Bin - Perforated", "product_brand": "Jai Veer", "combo": []}, {"category": "Cleaning & Household", "sub_category_name": "Bins & Bathroom Ware", "product_name": "Classic Plastic Dustbin / Garbage Bin - Beige", "product_brand": "Cello", "combo": []}, {"category": "Cleaning & Household", "sub_category_name": "Bins & Bathroom Ware", "product_name": "Java Plastic Dustbin / Garbage Bin With Inner Bucket - Matt Brown", "product_brand": "Polyset", "combo": []}, {"category": "Cleaning & Household", "sub_category_name": "Bins & Bathroom Ware", "product_name": "Evergreen Detachable Plastic Pedal Dustbin / Garbage Bin - Assorted Colour", "product_brand": "Aristo", "combo": []}, {"category": "Cleaning & Household", "sub_category_name": "Bins & Bathroom Ware", "product_name": "Splash Detachable Plastic Pedal Dustbin / Garbage Bin - Assorted Colour", "product_brand": "Aristo", "combo": []}, {"category": "Cleaning & Household", "sub_category_name": "Bins & Bathroom Ware", "product_name": "Lenovo Plastic Dish Drainer Rack - Assorted Colour", "product_brand": "Aristo", "combo": []}, {"category": "Cleaning & Household", "sub_category_name": "Bins & Bathroom Ware", "product_name": "Grace Multipurpose Plastic Carry Basket - Assorted Colour", "product_brand": "Aristo", "combo": []}, {"category": "Cleaning & Household", "sub_category_name": "Bins & Bathroom Ware", "product_name": "Insulated Ice Chiller Box - Assorted Colour", "product_brand": "Aristo", "combo": []}, {"category": "Cleaning & Household", "sub_category_name": "Bins & Bathroom Ware", "product_name": "Dustbin - Utility", "product_brand": "Milton", "combo": []}, {"category": "Cleaning & Household", "sub_category_name": "Bins & Bathroom Ware", "product_name": "Plastic Dustbin/Garbage Bin - Black With Polka Dots, Bon Bon, 12081P-M-B", "product_brand": "Ratan", "combo": []}, {"category": "Cleaning & Household", "sub_category_name": "Bins & Bathroom Ware", "product_name": "Plastic Dustbin/Garbage Bin - Green With Polka Dots, Bon Bon, 12081P-M-B", "product_brand": "Ratan", "combo": []}, {"category": "Cleaning & Household", "sub_category_name": "Bins & Bathroom Ware", "product_name": "Plastic Printed Bucket - Assorted Colour", "product_brand": "SKI", "combo": []}, {"category": "Cleaning & Household", "sub_category_name": "Bins & Bathroom Ware", "product_name": "Plastics Hanger /Cloth Hanger 033 - Turquoise", "product_brand": "All Time", "combo": []}, {"category": "Cleaning & Household", "sub_category_name": "Bins & Bathroom Ware", "product_name": "Lotus Plastic Clip/ Cloth clip", "product_brand": "Mr. Boss", "combo": []}, {"category": "Cleaning & Household", "sub_category_name": "Bins & Bathroom Ware", "product_name": "All Time Plastic Hanger / Cloth Hanger 022 - Assorted Colour", "product_brand": "All Time", "combo": []}, {"category": "Cleaning & Household", "sub_category_name": "Bins & Bathroom Ware", "product_name": "Pearl Plastic Cloth Clip", "product_brand": "Mr. Boss", "combo": []}, {"category": "Cleaning & Household", "sub_category_name": "Bins & Bathroom Ware", "product_name": "Plastic Pedal Dustbin / Garbage Bin - Small, Silver, Bon Bon, 12071-S", "product_brand": "Ratan", "combo": []}, {"category": "Cleaning & Household", "sub_category_name": "Bins & Bathroom Ware", "product_name": "Stainless Steel Dustbin / Garbage Bin - Perforated", "product_brand": "Jai Veer", "combo": []}, {"category": "Cleaning & Household", "sub_category_name": "Bins & Bathroom Ware", "product_name": "Stainless Steel Dustbin / Garbage Bin - Perforated", "product_brand": "Jai Veer", "combo": []}, {"category": "Cleaning & Household", "sub_category_name": "Bins & Bathroom Ware", "product_name": "Stainless Steel Dustbin / Garbage Bin Pedal", "product_brand": "Jai Veer", "combo": []}, {"category": "Cleaning & Household", "sub_category_name": "Bins & Bathroom Ware", "product_name": "Stainless Steel Pedal Dustbin / Garbage Bin - Perforated", "product_brand": "Jai Veer", "combo": []}, {"category": "Cleaning & Household", "sub_category_name": "Bins & Bathroom Ware", "product_name": "Classic Plastic Dustbin / Garbage Bin - Beige", "product_brand": "Cello", "combo": []}, {"category": "Cleaning & Household", "sub_category_name": "Bins & Bathroom Ware", "product_name": "Java Plastic Dustbin / Garbage Bin With Inner Bucket - Matt Brown", "product_brand": "Polyset", "combo": []}, {"category": "Cleaning & Household", "sub_category_name": "Bins & Bathroom Ware", "product_name": "Evergreen Detachable Plastic Pedal Dustbin / Garbage Bin - Assorted Colour", "product_brand": "Aristo", "combo": []}, {"category": "Cleaning & Household", "sub_category_name": "Bins & Bathroom Ware", "product_name": "Splash Detachable Plastic Pedal Dustbin / Garbage Bin - Assorted Colour", "product_brand": "Aristo", "combo": []}, {"category": "Cleaning & Household", "sub_category_name": "Bins & Bathroom Ware", "product_name": "Lenovo Plastic Dish Drainer Rack - Assorted Colour", "product_brand": "Aristo", "combo": []}, {"category": "Cleaning & Household", "sub_category_name": "Bins & Bathroom Ware", "product_name": "Grace Multipurpose Plastic Carry Basket - Assorted Colour", "product_brand": "Aristo", "combo": []}, {"category": "Cleaning & Household", "sub_category_name": "Bins & Bathroom Ware", "product_name": "Insulated Ice Chiller Box - Assorted Colour", "product_brand": "Aristo", "combo": []}, {"category": "Cleaning & Household", "sub_category_name": "Bins & Bathroom Ware", "product_name": "Cosmos Premium Plastic Soap Dish - Assorted Colour", "product_brand": "Swastik", "combo": []}, {"category": "Cleaning & Household", "sub_category_name": "Bins & Bathroom Ware", "product_name": "Gold Premium Plastic Cloth Clips - Assorted Colour", "product_brand": "Swastik", "combo": []}, {"category": "Cleaning & Household", "sub_category_name": "Bins & Bathroom Ware", "product_name": "Plastic Bucket With Handle - Light Blue, Frosty, Alto, 10640LB", "product_brand": "Ratan", "combo": []}, {"category": "Cleaning & Household", "sub_category_name": "Bins & Bathroom Ware", "product_name": "Plastic 110 Tuff Stool Silver", "product_brand": "Ratan", "combo": []}, {"category": "Cleaning & Household", "sub_category_name": "Bins & Bathroom Ware", "product_name": "Plastic Dustbin / Garbage Bin - Big, Multicolour, Deluxe", "product_brand": "Princeware", "combo": []}, {"category": "Cleaning & Household", "sub_category_name": "Bins & Bathroom Ware", "product_name": "Jali Office Plastic Dustbin / Garbage Bin - Red", "product_brand": "Cello", "combo": []}, {"category": "Cleaning & Household", "sub_category_name": "Bins & Bathroom Ware", "product_name": "Fruit & Vegetable Plastic Basket/Colander/Strainer - Large, Yellow, Deluxe, 13230PB", "product_brand": "Ratan", "combo": []}, {"category": "Cleaning & Household", "sub_category_name": "Bins & Bathroom Ware", "product_name": "Plastic Dustbin / Garbage Bin swing with Lid - Grey Colour", "product_brand": "Princeware", "combo": []}, {"category": "Cleaning & Household", "sub_category_name": "Bins & Bathroom Ware", "product_name": "Classic Plastic Dustbin / Garbage Bin - Black", "product_brand": "Cello", "combo": []}, {"category": "Cleaning & Household", "sub_category_name": "Bins & Bathroom Ware", "product_name": "Classic Plastic Dustbin / Garbage Bin - Brown", "product_brand": "Cello", "combo": [["12 L", "599.00"], ["6 L", "449.00"]]}, {"category": "Cleaning & Household", "sub_category_name": "Bins & Bathroom Ware", "product_name": "Plastic Frosty Bathroom Stool - Blue", "product_brand": "All Time", "combo": []}, {"category": "Cleaning & Household", "sub_category_name": "Bins & Bathroom Ware", "product_name": "Java Plastic Dustbin / Garbage Bin With Inner Bucket - Matt Brown", "product_brand": "Polyset", "combo": []}, {"category": "Cleaning & Household", "sub_category_name": "Bins & Bathroom Ware", "product_name": "Stainless Steel Pedal Dustbin / Garbage Bin - Perforated", "product_brand": "Jai Veer", "combo": []}, {"category": "Cleaning & Household", "sub_category_name": "Bins & Bathroom Ware", "product_name": "Open Square Dustbin / Garbage Bin Bucket - Blue Colour", "product_brand": "Princeware", "combo": []}, {"category": "Cleaning & Household", "sub_category_name": "Bins & Bathroom Ware", "product_name": "Princeware Plastic Dustbin / Garbage Bin without Lid - Grey Colour", "product_brand": "Princeware", "combo": []}, {"category": "Cleaning & Household", "sub_category_name": "Bins & Bathroom Ware", "product_name": "Plastic Dustbin / Garbage Bin without Lid - Blue Colour", "product_brand": "Princeware", "combo": []}, {"category": "Cleaning & Household", "sub_category_name": "Bins & Bathroom Ware", "product_name": "Plastic Pedal Dustbin / Garbage Bin - Mini, Round, Blue", "product_brand": "Princeware", "combo": []}, {"category": "Cleaning & Household", "sub_category_name": "Bins & Bathroom Ware", "product_name": "Plastic Dustbin/Garbage Bin - Green With Black, Polka Dots, Bon Bon, 12081P-M-B", "product_brand": "Ratan", "combo": []}, {"category": "Cleaning & Household", "sub_category_name": "Bins & Bathroom Ware", "product_name": "Bathing/Cleaning Bucket - Mango Yellow, New Frosty", "product_brand": "Princeware", "combo": []}, {"category": "Cleaning & Household", "sub_category_name": "Bins & Bathroom Ware", "product_name": "Stainless Steel Dustbin / Garbage Bin - Perforated", "product_brand": "Jai Veer", "combo": []}, {"category": "Cleaning & Household", "sub_category_name": "Bins & Bathroom Ware", "product_name": "Dustbin - Utility", "product_brand": "Milton", "combo": []}, {"category": "Cleaning & Household", "sub_category_name": "Bins & Bathroom Ware", "product_name": "Plastic Dustbin/Garbage Bin - Black With Polka Dots, Bon Bon, 12081P-M-B", "product_brand": "Ratan", "combo": []}, {"category": "Cleaning & Household", "sub_category_name": "Bins & Bathroom Ware", "product_name": "Plastic Dustbin/Garbage Bin - Green With Polka Dots, Bon Bon, 12081P-M-B", "product_brand": "Ratan", "combo": []}, {"category": "Cleaning & Household", "sub_category_name": "Bins & Bathroom Ware", "product_name": "Plastic Printed Bucket - Assorted Colour", "product_brand": "SKI", "combo": []}, {"category": "Cleaning & Household", "sub_category_name": "Bins & Bathroom Ware", "product_name": "Plastics Hanger /Cloth Hanger 033 - Turquoise", "product_brand": "All Time", "combo": []}, {"category": "Cleaning & Household", "sub_category_name": "Bins & Bathroom Ware", "product_name": "Lotus Plastic Clip/ Cloth clip", "product_brand": "Mr. Boss", "combo": []}, {"category": "Cleaning & Household", "sub_category_name": "Bins & Bathroom Ware", "product_name": "All Time Plastic Hanger / Cloth Hanger 022 - Assorted Colour", "product_brand": "All Time", "combo": []}, {"category": "Cleaning & Household", "sub_category_name": "Bins & Bathroom Ware", "product_name": "Pearl Plastic Cloth Clip", "product_brand": "Mr. Boss", "combo": []}, {"category": "Cleaning & Household", "sub_category_name": "Bins & Bathroom Ware", "product_name": "Plastic Pedal Dustbin / Garbage Bin - Small, Silver, Bon Bon, 12071-S", "product_brand": "Ratan", "combo": []}, {"category": "Cleaning & Household", "sub_category_name": "Bins & Bathroom Ware", "product_name": "Stainless Steel Dustbin / Garbage Bin - Perforated", "product_brand": "Jai Veer", "combo": []}, {"category": "Cleaning & Household", "sub_category_name": "Bins & Bathroom Ware", "product_name": "Stainless Steel Dustbin / Garbage Bin - Perforated", "product_brand": "Jai Veer", "combo": []}, {"category": "Cleaning & Household", "sub_category_name": "Bins & Bathroom Ware", "product_name": "Stainless Steel Dustbin / Garbage Bin Pedal", "product_brand": "Jai Veer", "combo": []}, {"category": "Cleaning & Household", "sub_category_name": "Bins & Bathroom Ware", "product_name": "Stainless Steel Pedal Dustbin / Garbage Bin - Perforated", "product_brand": "Jai Veer", "combo": []}, {"category": "Cleaning & Household", "sub_category_name": "Bins & Bathroom Ware", "product_name": "Classic Plastic Dustbin / Garbage Bin - Beige", "product_brand": "Cello", "combo": []}, {"category": "Cleaning & Household", "sub_category_name": "Bins & Bathroom Ware", "product_name": "Java Plastic Dustbin / Garbage Bin With Inner Bucket - Matt Brown", "product_brand": "Polyset", "combo": []}, {"category": "Cleaning & Household", "sub_category_name": "Bins & Bathroom Ware", "product_name": "Evergreen Detachable Plastic Pedal Dustbin / Garbage Bin - Assorted Colour", "product_brand": "Aristo", "combo": []}, {"category": "Cleaning & Household", "sub_category_name": "Bins & Bathroom Ware", "product_name": "Splash Detachable Plastic Pedal Dustbin / Garbage Bin - Assorted Colour", "product_brand": "Aristo", "combo": []}, {"category": "Cleaning & Household", "sub_category_name": "Bins & Bathroom Ware", "product_name": "Lenovo Plastic Dish Drainer Rack - Assorted Colour", "product_brand": "Aristo", "combo": []}, {"category": "Cleaning & Household", "sub_category_name": "Bins & Bathroom Ware", "product_name": "Grace Multipurpose Plastic Carry Basket - Assorted Colour", "product_brand": "Aristo", "combo": []}, {"category": "Cleaning & Household", "sub_category_name": "Bins & Bathroom Ware", "product_name": "Insulated Ice Chiller Box - Assorted Colour", "product_brand": "Aristo", "combo": []}, {"category": "Cleaning & Household", "sub_category_name": "Bins & Bathroom Ware", "product_name": "Dustbin - Utility", "product_brand": "Milton", "combo": []}, {"category": "Cleaning & Household", "sub_category_name": "Bins & Bathroom Ware", "product_name": "Plastic Dustbin/Garbage Bin - Black With Polka Dots, Bon Bon, 12081P-M-B", "product_brand": "Ratan", "combo": []}, {"category": "Cleaning & Household", "sub_category_name": "Bins & Bathroom Ware", "product_name": "Plastic Dustbin/Garbage Bin - Green With Polka Dots, Bon Bon, 12081P-M-B", "product_brand": "Ratan", "combo": []}, {"category": "Cleaning & Household", "sub_category_name": "Bins & Bathroom Ware", "product_name": "Plastic Printed Bucket - Assorted Colour", "product_brand": "SKI", "combo": []}, {"category": "Cleaning & Household", "sub_category_name": "Bins & Bathroom Ware", "product_name": "Plastics Hanger /Cloth Hanger 033 - Turquoise", "product_brand": "All Time", "combo": []}, {"category": "Cleaning & Household", "sub_category_name": "Bins & Bathroom Ware", "product_name": "Lotus Plastic Clip/ Cloth clip", "product_brand": "Mr. Boss", "combo": []}, {"category": "Cleaning & Household", "sub_category_name": "Bins & Bathroom Ware", "product_name": "All Time Plastic Hanger / Cloth Hanger 022 - Assorted Colour", "product_brand": "All Time", "combo": []}, {"category": "Cleaning & Household", "sub_category_name": "Bins & Bathroom Ware", "product_name": "Pearl Plastic Cloth Clip", "product_brand": "Mr. Boss", "combo": []}, {"category": "Cleaning & Household", "sub_category_name": "Bins & Bathroom Ware", "product_name": "Plastic Pedal Dustbin / Garbage Bin - Small, Silver, Bon Bon, 12071-S", "product_brand": "Ratan", "combo": []}, {"category": "Cleaning & Household", "sub_category_name": "Bins & Bathroom Ware", "product_name": "Stainless Steel Dustbin / Garbage Bin - Perforated", "product_brand": "Jai Veer", "combo": []}, {"category": "Cleaning & Household", "sub_category_name": "Bins & Bathroom Ware", "product_name": "Stainless Steel Dustbin / Garbage Bin - Perforated", "product_brand": "Jai Veer", "combo": []}, {"category": "Cleaning & Household", "sub_category_name": "Bins & Bathroom Ware", "product_name": "Stainless Steel Dustbin / Garbage Bin Pedal", "product_brand": "Jai Veer", "combo": []}, {"category": "Cleaning & Household", "sub_category_name": "Bins & Bathroom Ware", "product_name": "Stainless Steel Pedal Dustbin / Garbage Bin - Perforated", "product_brand": "Jai Veer", "combo": []}, {"category": "Cleaning & Household", "sub_category_name": "Bins & Bathroom Ware", "product_name": "Classic Plastic Dustbin / Garbage Bin - Beige", "product_brand": "Cello", "combo": []}, {"category": "Cleaning & Household", "sub_category_name": "Bins & Bathroom Ware", "product_name": "Java Plastic Dustbin / Garbage Bin With Inner Bucket - Matt Brown", "product_brand": "Polyset", "combo": []}, {"category": "Cleaning & Household", "sub_category_name": "Bins & Bathroom Ware", "product_name": "Evergreen Detachable Plastic Pedal Dustbin / Garbage Bin - Assorted Colour", "product_brand": "Aristo", "combo": []}, {"category": "Cleaning & Household", "sub_category_name": "Bins & Bathroom Ware", "product_name": "Splash Detachable Plastic Pedal Dustbin / Garbage Bin - Assorted Colour", "product_brand": "Aristo", "combo": []}, {"category": "Cleaning & Household", "sub_category_name": "Bins & Bathroom Ware", "product_name": "Lenovo Plastic Dish Drainer Rack - Assorted Colour", "product_brand": "Aristo", "combo": []}, {"category": "Cleaning & Household", "sub_category_name": "Bins & Bathroom Ware", "product_name": "Grace Multipurpose Plastic Carry Basket - Assorted Colour", "product_brand": "Aristo", "combo": []}, {"category": "Cleaning & Household", "sub_category_name": "Bins & Bathroom Ware", "product_name": "Insulated Ice Chiller Box - Assorted Colour", "product_brand": "Aristo", "combo": []}, {"category": "Cleaning & Household", "sub_category_name": "Bins & Bathroom Ware", "product_name": "Dustbin - Utility", "product_brand": "Milton", "combo": []}, {"category": "Cleaning & Household", "sub_category_name": "Bins & Bathroom Ware", "product_name": "Plastic Dustbin/Garbage Bin - Black With Polka Dots, Bon Bon, 12081P-M-B", "product_brand": "Ratan", "combo": []}, {"category": "Cleaning & Household", "sub_category_name": "Bins & Bathroom Ware", "product_name": "Plastic Dustbin/Garbage Bin - Green With Polka Dots, Bon Bon, 12081P-M-B", "product_brand": "Ratan", "combo": []}, {"category": "Cleaning & Household", "sub_category_name": "Bins & Bathroom Ware", "product_name": "Plastic Printed Bucket - Assorted Colour", "product_brand": "SKI", "combo": []}, {"category": "Cleaning & Household", "sub_category_name": "Bins & Bathroom Ware", "product_name": "Plastics Hanger /Cloth Hanger 033 - Turquoise", "product_brand": "All Time", "combo": []}, {"category": "Cleaning & Household", "sub_category_name": "Bins & Bathroom Ware", "product_name": "Lotus Plastic Clip/ Cloth clip", "product_brand": "Mr. Boss", "combo": []}, {"category": "Cleaning & Household", "sub_category_name": "Bins & Bathroom Ware", "product_name": "All Time Plastic Hanger / Cloth Hanger 022 - Assorted Colour", "product_brand": "All Time", "combo": []}, {"category": "Cleaning & Household", "sub_category_name": "Bins & Bathroom Ware", "product_name": "Pearl Plastic Cloth Clip", "product_brand": "Mr. Boss", "combo": []}, {"category": "Cleaning & Household", "sub_category_name": "Bins & Bathroom Ware", "product_name": "Plastic Pedal Dustbin / Garbage Bin - Small, Silver, Bon Bon, 12071-S", "product_brand": "Ratan", "combo": []}, {"category": "Cleaning & Household", "sub_category_name": "Bins & Bathroom Ware", "product_name": "Stainless Steel Dustbin / Garbage Bin - Perforated", "product_brand": "Jai Veer", "combo": []}, {"category": "Cleaning & Household", "sub_category_name": "Bins & Bathroom Ware", "product_name": "Stainless Steel Dustbin / Garbage Bin - Perforated", "product_brand": "Jai Veer", "combo": []}, {"category": "Cleaning & Household", "sub_category_name": "Bins & Bathroom Ware", "product_name": "Stainless Steel Dustbin / Garbage Bin Pedal", "product_brand": "Jai Veer", "combo": []}, {"category": "Cleaning & Household", "sub_category_name": "Bins & Bathroom Ware", "product_name": "Stainless Steel Pedal Dustbin / Garbage Bin - Perforated", "product_brand": "Jai Veer", "combo": []}, {"category": "Cleaning & Household", "sub_category_name": "Bins & Bathroom Ware", "product_name": "Classic Plastic Dustbin / Garbage Bin - Beige", "product_brand": "Cello", "combo": []}, {"category": "Cleaning & Household", "sub_category_name": "Bins & Bathroom Ware", "product_name": "Java Plastic Dustbin / Garbage Bin With Inner Bucket - Matt Brown", "product_brand": "Polyset", "combo": []}, {"category": "Cleaning & Household", "sub_category_name": "Bins & Bathroom Ware", "product_name": "Evergreen Detachable Plastic Pedal Dustbin / Garbage Bin - Assorted Colour", "product_brand": "Aristo", "combo": []}, {"category": "Cleaning & Household", "sub_category_name": "Bins & Bathroom Ware", "product_name": "Splash Detachable Plastic Pedal Dustbin / Garbage Bin - Assorted Colour", "product_brand": "Aristo", "combo": []}, {"category": "Cleaning & Household", "sub_category_name": "Bins & Bathroom Ware", "product_name": "Lenovo Plastic Dish Drainer Rack - Assorted Colour", "product_brand": "Aristo", "combo": []}, {"category": "Cleaning & Household", "sub_category_name": "Bins & Bathroom Ware", "product_name": "Grace Multipurpose Plastic Carry Basket - Assorted Colour", "product_brand": "Aristo", "combo": []}, {"category": "Cleaning & Household", "sub_category_name": "Bins & Bathroom Ware", "product_name": "Insulated Ice Chiller Box - Assorted Colour", "product_brand": "Aristo", "combo": []}]