[{"category": "Eggs, Meat & Fish", "sub_category_name": "Sausages, Bacon & Salami", "product_name": "Norwegian Salmon Portions Skin Off", "product_brand": "Cambay Tiger", "combo": []}, {"category": "Eggs, Meat & Fish", "sub_category_name": "Sausages, Bacon & Salami", "product_name": "Chicken - Nuggets", "product_brand": "Meatzza", "combo": []}, {"category": "Eggs, Meat & Fish", "sub_category_name": "Sausages, Bacon & Salami", "product_name": "Chicken - Seek Kabab", "product_brand": "Meatzza", "combo": [["250 g", "170.00"], ["1 kg", "550.00"], ["500 g", "325.00"]]}, {"category": "Eggs, Meat & Fish", "sub_category_name": "Sausages, Bacon & Salami", "product_name": "Chicken - Sausage", "product_brand": "Meatzza", "combo": [["250 g", "170.00"], ["500 g", "300.00"]]}, {"category": "Eggs, Meat & Fish", "sub_category_name": "Sausages, Bacon & Salami", "product_name": "Chicken - Cocktail Pepper Sausages", "product_brand": "Zorabian", "combo": []}, {"category": "Eggs, Meat & Fish", "sub_category_name": "Sausages, Bacon & Salami", "product_name": "Chicken - Cheese N Onion Sausages", "product_brand": "Zorabian", "combo": []}, {"category": "Eggs, Meat & Fish", "sub_category_name": "Sausages, Bacon & Salami", "product_name": "Chicken - Meatball", "product_brand": "Meatzza", "combo": [["500 g", "325.00"], ["200 g", "150.00"]]}, {"category": "Eggs, Meat & Fish", "sub_category_name": "Sausages, Bacon & Salami", "product_name": "Sausage - Chicken Cocktail", "product_brand": "Elicious", "combo": []}, {"category": "Eggs, Meat & Fish", "sub_category_name": "Sausages, Bacon & Salami", "product_name": "Chicken - Salami, Spicy", "product_brand": "SFP", "combo": []}, {"category": "Eggs, Meat & Fish", "sub_category_name": "Sausages, Bacon & Salami", "product_name": "Chicken - Sausages, Spicy", "product_brand": "SFP", "combo": []}, {"category": "Eggs, Meat & Fish", "sub_category_name": "Sausages, Bacon & Salami", "product_name": "Pork Chorizo Sausages", "product_brand": "La Carne", "combo": []}, {"category": "Eggs, Meat & Fish", "sub_category_name": "Sausages, Bacon & Salami", "product_name": "Chicken Tikka Sausage", "product_brand": "La Carne", "combo": []}, {"category": "Eggs, Meat & Fish", "sub_category_name": "Sausages, Bacon & Salami", "product_name": "Frozen Chicken - Sausage", "product_brand": "Punjab Maratha", "combo": []}, {"category": "Eggs, Meat & Fish", "sub_category_name": "Sausages, Bacon & Salami", "product_name": "Chicken Sausages - Cheese & Pepper", "product_brand": "SFP", "combo": []}, {"category": "Eggs, Meat & Fish", "sub_category_name": "Sausages, Bacon & Salami", "product_name": "Chicken Parsley Sausage", "product_brand": "La Carne", "combo": []}, {"category": "Eggs, Meat & Fish", "sub_category_name": "Sausages, Bacon & Salami", "product_name": "Pork Premium Bacon", "product_brand": "La Carne", "combo": []}, {"category": "Eggs, Meat & Fish", "sub_category_name": "Sausages, Bacon & Salami", "product_name": "Chicken Premium Ham", "product_brand": "La Carne", "combo": []}, {"category": "Eggs, Meat & Fish", "sub_category_name": "Sausages, Bacon & Salami", "product_name": "Chicken - Sausages", "product_brand": "Zorabian", "combo": []}, {"category": "Eggs, Meat & Fish", "sub_category_name": "Sausages, Bacon & Salami", "product_name": "Chicken Sausages - Masala", "product_brand": "Carnivore", "combo": []}, {"category": "Eggs, Meat & Fish", "sub_category_name": "Sausages, Bacon & Salami", "product_name": "Chicken Bell Pepper Salami", "product_brand": "La Carne", "combo": []}, {"category": "Eggs, Meat & Fish", "sub_category_name": "Sausages, Bacon & Salami", "product_name": "Pork Streaky Bacon - Heat & Serve", "product_brand": "Buffet", "combo": []}, {"category": "Eggs, Meat & Fish", "sub_category_name": "Sausages, Bacon & Salami", "product_name": "Chicken Burger Patty", "product_brand": "Meatzza", "combo": []}, {"category": "Eggs, Meat & Fish", "sub_category_name": "Sausages, Bacon & Salami", "product_name": "Frozen Chicken - Salami", "product_brand": "Punjab Maratha", "combo": []}, {"category": "Eggs, Meat & Fish", "sub_category_name": "Sausages, Bacon & Salami", "product_name": "Pork Classic Salami", "product_brand": "La Carne", "combo": []}, {"category": "Eggs, Meat & Fish", "sub_category_name": "Sausages, Bacon & Salami", "product_name": "DVC - Medium", "product_brand": "Cambay Tiger", "combo": [["300 g", "360.00"], ["600 g", "695.00"]]}, {"category": "Eggs, Meat & Fish", "sub_category_name": "Sausages, Bacon & Salami", "product_name": "Chicken - Salami Masala Slice", "product_brand": "Meatzza", "combo": [["500 g", "275.00"], ["250 g", "150.00"]]}, {"category": "Eggs, Meat & Fish", "sub_category_name": "Sausages, Bacon & Salami", "product_name": "Pork Premium Bacon Bits", "product_brand": "La Carne", "combo": []}, {"category": "Eggs, Meat & Fish", "sub_category_name": "Sausages, Bacon & Salami", "product_name": "Bacon - Pork, Prime", "product_brand": "Quickee'S", "combo": []}, {"category": "Eggs, Meat & Fish", "sub_category_name": "Sausages, Bacon & Salami", "product_name": "Pepperoni - Chicken", "product_brand": "Quickee'S", "combo": []}, {"category": "Eggs, Meat & Fish", "sub_category_name": "Sausages, Bacon & Salami", "product_name": "Chicken - Spicy Salami", "product_brand": "Zorabian", "combo": []}, {"category": "Eggs, Meat & Fish", "sub_category_name": "Sausages, Bacon & Salami", "product_name": "Chicken Sausages - Cheese & Onion", "product_brand": "SFP", "combo": []}, {"category": "Eggs, Meat & Fish", "sub_category_name": "Sausages, Bacon & Salami", "product_name": "Chicken - Popcorn", "product_brand": "Meatzza", "combo": []}, {"category": "Eggs, Meat & Fish", "sub_category_name": "Sausages, Bacon & Salami", "product_name": "Chicken Sausages - Regular", "product_brand": "Carnivore", "combo": []}, {"category": "Eggs, Meat & Fish", "sub_category_name": "Sausages, Bacon & Salami", "product_name": "Chicken - Salami Plain Sliced", "product_brand": "Meatzza", "combo": [["250 g", "150.00"], ["500 g", "275.00"]]}, {"category": "Eggs, Meat & Fish", "sub_category_name": "Sausages, Bacon & Salami", "product_name": "Chicken - Finger", "product_brand": "Meatzza", "combo": []}, {"category": "Eggs, Meat & Fish", "sub_category_name": "Sausages, Bacon & Salami", "product_name": "Chicken Sausage - Heat & Serve", "product_brand": "Buffet", "combo": [["150 g", "110.00"], ["400 g", "250.75"]]}, {"category": "Eggs, Meat & Fish", "sub_category_name": "Sausages, Bacon & Salami", "product_name": "Pork Premium Ham", "product_brand": "La Carne", "combo": []}, {"category": "Eggs, Meat & Fish", "sub_category_name": "Sausages, Bacon & Salami", "product_name": "Chicken Sausages - Smoked Franks", "product_brand": "SFP", "combo": []}, {"category": "Eggs, Meat & Fish", "sub_category_name": "Sausages, Bacon & Salami", "product_name": "Chicken - Spicy Sausages", "product_brand": "Zorabian", "combo": []}, {"category": "Eggs, Meat & Fish", "sub_category_name": "Sausages, Bacon & Salami", "product_name": "Smoked Back Bacon", "product_brand": "Meatzza", "combo": []}, {"category": "Eggs, Meat & Fish", "sub_category_name": "Sausages, Bacon & Salami", "product_name": "Pepperoni - Pork", "product_brand": "Quickee'S", "combo": []}, {"category": "Eggs, Meat & Fish", "sub_category_name": "Sausages, Bacon & Salami", "product_name": "Chicken Jalapeno Cheese Nuggets", "product_brand": "Meatzza", "combo": []}, {"category": "Eggs, Meat & Fish", "sub_category_name": "Sausages, Bacon & Salami", "product_name": "Bacon - Pork, Streaky", "product_brand": "Quickee'S", "combo": []}, {"category": "Eggs, Meat & Fish", "sub_category_name": "Sausages, Bacon & Salami", "product_name": "Pork Cocktail Sausage", "product_brand": "La Carne", "combo": []}, {"category": "Eggs, Meat & Fish", "sub_category_name": "Sausages, Bacon & Salami", "product_name": "Chicken Smoky Pepper Strips", "product_brand": "Meatzza", "combo": []}, {"category": "Eggs, Meat & Fish", "sub_category_name": "Sausages, Bacon & Salami", "product_name": "Pork - Momos, Original", "product_brand": "Prasuma", "combo": [["24 pcs", "395.00"], ["10 pcs", "225.00"]]}, {"category": "Eggs, Meat & Fish", "sub_category_name": "Sausages, Bacon & Salami", "product_name": "Chicken - Salami", "product_brand": "Zorabian", "combo": []}, {"category": "Eggs, Meat & Fish", "sub_category_name": "Sausages, Bacon & Salami", "product_name": "Chicken - Jumbo Hot Dog", "product_brand": "Meatzza", "combo": []}, {"category": "Eggs, Meat & Fish", "sub_category_name": "Sausages, Bacon & Salami", "product_name": "Chicken Breakfast Sausage", "product_brand": "La Carne", "combo": []}, {"category": "Eggs, Meat & Fish", "sub_category_name": "Sausages, Bacon & Salami", "product_name": "Sausage - Pork, English", "product_brand": "Quickee'S", "combo": []}, {"category": "Eggs, Meat & Fish", "sub_category_name": "Sausages, Bacon & Salami", "product_name": "Pork Nuremburg Sausage", "product_brand": "La Carne", "combo": []}, {"category": "Eggs, Meat & Fish", "sub_category_name": "Sausages, Bacon & Salami", "product_name": "Sausage - Pork, Goan", "product_brand": "Quickee'S", "combo": []}, {"category": "Eggs, Meat & Fish", "sub_category_name": "Sausages, Bacon & Salami", "product_name": "Chicken Tandoori Tikka", "product_brand": "La Carne", "combo": []}, {"category": "Eggs, Meat & Fish", "sub_category_name": "Sausages, Bacon & Salami", "product_name": "Tikka - Chicken, Tandoori", "product_brand": "Quickee'S", "combo": []}, {"category": "Eggs, Meat & Fish", "sub_category_name": "Sausages, Bacon & Salami", "product_name": "Chicken - Frankfurters", "product_brand": "Carnivore", "combo": []}, {"category": "Eggs, Meat & Fish", "sub_category_name": "Sausages, Bacon & Salami", "product_name": "Sausage - Chicken, Jalapeno Garlic", "product_brand": "Quickee'S", "combo": []}, {"category": "Eggs, Meat & Fish", "sub_category_name": "Sausages, Bacon & Salami", "product_name": "Ham - Pork", "product_brand": "Quickee'S", "combo": []}, {"category": "Eggs, Meat & Fish", "sub_category_name": "Sausages, Bacon & Salami", "product_name": "Tikka - Chicken, Haryali", "product_brand": "Quickee'S", "combo": []}, {"category": "Eggs, Meat & Fish", "sub_category_name": "Sausages, Bacon & Salami", "product_name": "Chilli Basil Basa Fish", "product_brand": "Cambay Tiger", "combo": []}, {"category": "Eggs, Meat & Fish", "sub_category_name": "Sausages, Bacon & Salami", "product_name": "Pork - Frankfurters Sausages", "product_brand": "ALF-FARMS", "combo": []}, {"category": "Eggs, Meat & Fish", "sub_category_name": "Sausages, Bacon & Salami", "product_name": "Italian - Sausages Chicken", "product_brand": "Yummiez", "combo": []}, {"category": "Eggs, Meat & Fish", "sub_category_name": "Sausages, Bacon & Salami", "product_name": "Chicken Cocktail Sausage", "product_brand": "La Carne", "combo": []}, {"category": "Eggs, Meat & Fish", "sub_category_name": "Sausages, Bacon & Salami", "product_name": "Pork Back Bacon - Heat & Serve", "product_brand": "Buffet", "combo": [["400 g", "610.00"], ["150 g", "240.00"]]}, {"category": "Eggs, Meat & Fish", "sub_category_name": "Sausages, Bacon & Salami", "product_name": "Chicken Classic Salami", "product_brand": "La Carne", "combo": []}, {"category": "Eggs, Meat & Fish", "sub_category_name": "Sausages, Bacon & Salami", "product_name": "Basa Chunks", "product_brand": "Cambay Tiger", "combo": [["250 g", "205.00"], ["400 g", "300.00"]]}, {"category": "Eggs, Meat & Fish", "sub_category_name": "Sausages, Bacon & Salami", "product_name": "Ham - Pork, Luncheon", "product_brand": "Quickee'S", "combo": []}, {"category": "Eggs, Meat & Fish", "sub_category_name": "Sausages, Bacon & Salami", "product_name": "Frankfurter - Pork", "product_brand": "Quickee'S", "combo": []}, {"category": "Eggs, Meat & Fish", "sub_category_name": "Sausages, Bacon & Salami", "product_name": "Chicken Burger Patty", "product_brand": "Smackers", "combo": []}, {"category": "Eggs, Meat & Fish", "sub_category_name": "Sausages, Bacon & Salami", "product_name": "Chicken Cheese Pepper Salami", "product_brand": "Monsa", "combo": []}, {"category": "Eggs, Meat & Fish", "sub_category_name": "Sausages, Bacon & Salami", "product_name": "Chicken Nuggets", "product_brand": "Smackers", "combo": []}, {"category": "Eggs, Meat & Fish", "sub_category_name": "Sausages, Bacon & Salami", "product_name": "Frankfurter - Chicken", "product_brand": "Delicious", "combo": []}, {"category": "Eggs, Meat & Fish", "sub_category_name": "Sausages, Bacon & Salami", "product_name": "Salami - Chicken, Spicy", "product_brand": "Quickee'S", "combo": []}, {"category": "Eggs, Meat & Fish", "sub_category_name": "Sausages, Bacon & Salami", "product_name": "Sausage - Chicken", "product_brand": "Quickee'S", "combo": []}, {"category": "Eggs, Meat & Fish", "sub_category_name": "Sausages, Bacon & Salami", "product_name": "Pork - Streaky Bacon", "product_brand": "sumeru", "combo": []}, {"category": "Eggs, Meat & Fish", "sub_category_name": "Sausages, Bacon & Salami", "product_name": "Sausage - Pork, Cocktail", "product_brand": "Quickee'S", "combo": []}, {"category": "Eggs, Meat & Fish", "sub_category_name": "Sausages, Bacon & Salami", "product_name": "Sausage - Chicken, Cheese & Onion", "product_brand": "Quickee'S", "combo": []}, {"category": "Eggs, Meat & Fish", "sub_category_name": "Sausages, Bacon & Salami", "product_name": "Pork - Back Bacon", "product_brand": "sumeru", "combo": [["150 g", "255.00"], ["500 g", "655.50"]]}, {"category": "Eggs, Meat & Fish", "sub_category_name": "Sausages, Bacon & Salami", "product_name": "Sausage - Pork, Super Bacon", "product_brand": "Quickee'S", "combo": []}, {"category": "Eggs, Meat & Fish", "sub_category_name": "Sausages, Bacon & Salami", "product_name": "Ham - Chicken", "product_brand": "Quickee'S", "combo": []}, {"category": "Eggs, Meat & Fish", "sub_category_name": "Sausages, Bacon & Salami", "product_name": "Chicken Cocktail Sausage - Garlic & Herbs (Heat & Serve)", "product_brand": "Buffet", "combo": []}, {"category": "Eggs, Meat & Fish", "sub_category_name": "Sausages, Bacon & Salami", "product_name": "Chicken Popcorn", "product_brand": "Smackers", "combo": []}, {"category": "Eggs, Meat & Fish", "sub_category_name": "Sausages, Bacon & Salami", "product_name": "Cocktail Sausages", "product_brand": "Dak", "combo": []}, {"category": "Eggs, Meat & Fish", "sub_category_name": "Sausages, Bacon & Salami", "product_name": "Kabab - Chicken, Cheesy Minty", "product_brand": "Quickee'S", "combo": []}, {"category": "Eggs, Meat & Fish", "sub_category_name": "Sausages, Bacon & Salami", "product_name": "Pepper Chicken Garlic Sausage", "product_brand": "Monsa", "combo": []}, {"category": "Eggs, Meat & Fish", "sub_category_name": "Sausages, Bacon & Salami", "product_name": "Pork Frankfurter - Heat & Serve", "product_brand": "Buffet", "combo": []}, {"category": "Eggs, Meat & Fish", "sub_category_name": "Sausages, Bacon & Salami", "product_name": "Pork Salami - Ready To Serve", "product_brand": "Buffet", "combo": []}, {"category": "Eggs, Meat & Fish", "sub_category_name": "Sausages, Bacon & Salami", "product_name": "Chicken Cheesy Pocket", "product_brand": "Smackers", "combo": []}, {"category": "Eggs, Meat & Fish", "sub_category_name": "Sausages, Bacon & Salami", "product_name": "Cheese Chicken Garlic Sausage", "product_brand": "Monsa", "combo": []}, {"category": "Eggs, Meat & Fish", "sub_category_name": "Sausages, Bacon & Salami", "product_name": "Sausage - Chicken, Cocktail", "product_brand": "Quickee'S", "combo": []}, {"category": "Eggs, Meat & Fish", "sub_category_name": "Sausages, Bacon & Salami", "product_name": "Pork - Oxford Sausages", "product_brand": "ALF-FARMS", "combo": []}, {"category": "Eggs, Meat & Fish", "sub_category_name": "Sausages, Bacon & Salami", "product_name": "Chicken Schnitzel", "product_brand": "Smackers", "combo": []}, {"category": "Eggs, Meat & Fish", "sub_category_name": "Sausages, Bacon & Salami", "product_name": "Goat Meat Smoked Sausage Moroccoan", "product_brand": "Chevon", "combo": []}, {"category": "Eggs, Meat & Fish", "sub_category_name": "Sausages, Bacon & Salami", "product_name": "Chicken Cheese Sausages", "product_brand": "La Carne", "combo": []}, {"category": "Eggs, Meat & Fish", "sub_category_name": "Sausages, Bacon & Salami", "product_name": "Kabab - Chicken, Reshmi", "product_brand": "Quickee'S", "combo": []}, {"category": "Eggs, Meat & Fish", "sub_category_name": "Sausages, Bacon & Salami", "product_name": "Chicken Zing - Hot", "product_brand": "Blue Flame", "combo": []}, {"category": "Eggs, Meat & Fish", "sub_category_name": "Sausages, Bacon & Salami", "product_name": "Pork - Cocktail Sausages", "product_brand": "ALF-FARMS", "combo": []}, {"category": "Eggs, Meat & Fish", "sub_category_name": "Sausages, Bacon & Salami", "product_name": "Sausage - Pork", "product_brand": "Quickee'S", "combo": []}, {"category": "Eggs, Meat & Fish", "sub_category_name": "Sausages, Bacon & Salami", "product_name": "Chicken - Spring Roll", "product_brand": "Blue Flame", "combo": []}, {"category": "Eggs, Meat & Fish", "sub_category_name": "Sausages, Bacon & Salami", "product_name": "Chicken Ham", "product_brand": "ALF-FARMS", "combo": []}, {"category": "Eggs, Meat & Fish", "sub_category_name": "Sausages, Bacon & Salami", "product_name": "Chicken - Momos, Spicy", "product_brand": "Prasuma", "combo": []}, {"category": "Eggs, Meat & Fish", "sub_category_name": "Sausages, Bacon & Salami", "product_name": "Chicken Cheese n Onion Sausage", "product_brand": "Monsa", "combo": []}, {"category": "Eggs, Meat & Fish", "sub_category_name": "Sausages, Bacon & Salami", "product_name": "Chicken Cocktail Sausage", "product_brand": "ALF-FARMS", "combo": []}, {"category": "Eggs, Meat & Fish", "sub_category_name": "Sausages, Bacon & Salami", "product_name": "DVC - Small", "product_brand": "Cambay Tiger", "combo": []}, {"category": "Eggs, Meat & Fish", "sub_category_name": "Sausages, Bacon & Salami", "product_name": "Surmai Medium", "product_brand": "Cambay Tiger", "combo": []}, {"category": "Eggs, Meat & Fish", "sub_category_name": "Sausages, Bacon & Salami", "product_name": "Plain Chicken Ham", "product_brand": "Monsa", "combo": []}, {"category": "Eggs, Meat & Fish", "sub_category_name": "Sausages, Bacon & Salami", "product_name": "Chilly Chicken Garlic Sausage", "product_brand": "Monsa", "combo": []}, {"category": "Eggs, Meat & Fish", "sub_category_name": "Sausages, Bacon & Salami", "product_name": "Fiery Chicken Cocktail Sausage", "product_brand": "Monsa", "combo": []}, {"category": "Eggs, Meat & Fish", "sub_category_name": "Sausages, Bacon & Salami", "product_name": "Chicken Plain Salami", "product_brand": "Monsa", "combo": []}, {"category": "Eggs, Meat & Fish", "sub_category_name": "Sausages, Bacon & Salami", "product_name": "Chicken Mexican Salami", "product_brand": "Monsa", "combo": []}, {"category": "Eggs, Meat & Fish", "sub_category_name": "Sausages, Bacon & Salami", "product_name": "Lamb Loin Chop - New Zealand", "product_brand": "Pure South", "combo": []}, {"category": "Eggs, Meat & Fish", "sub_category_name": "Sausages, Bacon & Salami", "product_name": "Pork - Loin Slice", "product_brand": "Prasuma", "combo": []}, {"category": "Eggs, Meat & Fish", "sub_category_name": "Sausages, Bacon & Salami", "product_name": "Pork - Prime Ham", "product_brand": "Prasuma", "combo": []}, {"category": "Eggs, Meat & Fish", "sub_category_name": "Sausages, Bacon & Salami", "product_name": "Bacon - Prime", "product_brand": "Prasuma", "combo": []}, {"category": "Eggs, Meat & Fish", "sub_category_name": "Sausages, Bacon & Salami", "product_name": "Chicken - Momos, Original", "product_brand": "Prasuma", "combo": []}, {"category": "Eggs, Meat & Fish", "sub_category_name": "Sausages, Bacon & Salami", "product_name": "Pork Frankfurters", "product_brand": "sumeru", "combo": []}, {"category": "Eggs, Meat & Fish", "sub_category_name": "Sausages, Bacon & Salami", "product_name": "Breaded Chicken Burgers", "product_brand": "Blue Flame", "combo": []}, {"category": "Eggs, Meat & Fish", "sub_category_name": "Sausages, Bacon & Salami", "product_name": "Chicken Zing - Cool", "product_brand": "Blue Flame", "combo": []}, {"category": "Eggs, Meat & Fish", "sub_category_name": "Sausages, Bacon & Salami", "product_name": "Chicken Bacon", "product_brand": "Punjab Maratha", "combo": []}, {"category": "Eggs, Meat & Fish", "sub_category_name": "Sausages, Bacon & Salami", "product_name": "Goat Meat Italian Herb & Cheese Cocktail Sausage", "product_brand": "Chevon", "combo": []}, {"category": "Eggs, Meat & Fish", "sub_category_name": "Sausages, Bacon & Salami", "product_name": "Pork - Bacon Skin Less", "product_brand": "ALF-FARMS", "combo": []}, {"category": "Eggs, Meat & Fish", "sub_category_name": "Sausages, Bacon & Salami", "product_name": "Sausages - Bracks Ghost Chilli Chicken", "product_brand": "ALF-FARMS", "combo": []}, {"category": "Eggs, Meat & Fish", "sub_category_name": "Sausages, Bacon & Salami", "product_name": "Chicken Cheese Paprika", "product_brand": "ALF-FARMS", "combo": []}, {"category": "Eggs, Meat & Fish", "sub_category_name": "Sausages, Bacon & Salami", "product_name": "Chicken Franks", "product_brand": "ALF-FARMS", "combo": []}, {"category": "Eggs, Meat & Fish", "sub_category_name": "Sausages, Bacon & Salami", "product_name": "Chicken Coppata Salami", "product_brand": "ALF-FARMS", "combo": []}, {"category": "Eggs, Meat & Fish", "sub_category_name": "Sausages, Bacon & Salami", "product_name": "Chicken Chili Salami", "product_brand": "ALF-FARMS", "combo": []}, {"category": "Eggs, Meat & Fish", "sub_category_name": "Sausages, Bacon & Salami", "product_name": "Chicken Cheese Corn Sausage", "product_brand": "Punjab Maratha", "combo": []}, {"category": "Eggs, Meat & Fish", "sub_category_name": "Sausages, Bacon & Salami", "product_name": "Chicken Black Pepper Salami", "product_brand": "Monsa", "combo": []}, {"category": "Eggs, Meat & Fish", "sub_category_name": "Sausages, Bacon & Salami", "product_name": "Pork - Breakfast Sausage", "product_brand": "Prasuma", "combo": []}, {"category": "Eggs, Meat & Fish", "sub_category_name": "Sausages, Bacon & Salami", "product_name": "Unbreaded Chicken Samosa", "product_brand": "Monsa", "combo": []}, {"category": "Eggs, Meat & Fish", "sub_category_name": "Sausages, Bacon & Salami", "product_name": "Chicken Chorizo Sausage", "product_brand": "La Carne", "combo": []}, {"category": "Eggs, Meat & Fish", "sub_category_name": "Sausages, Bacon & Salami", "product_name": "Pork - Dinner Franks", "product_brand": "ALF-FARMS", "combo": []}, {"category": "Eggs, Meat & Fish", "sub_category_name": "Sausages, Bacon & Salami", "product_name": "Pork - Salami", "product_brand": "ALF-FARMS", "combo": []}, {"category": "Eggs, Meat & Fish", "sub_category_name": "Sausages, Bacon & Salami", "product_name": "Chicken Malai Tikka", "product_brand": "La Carne", "combo": []}, {"category": "Eggs, Meat & Fish", "sub_category_name": "Sausages, Bacon & Salami", "product_name": "Pork Garlic Sausage", "product_brand": "Goldi Finest", "combo": []}, {"category": "Eggs, Meat & Fish", "sub_category_name": "Sausages, Bacon & Salami", "product_name": "Chicken Fingers", "product_brand": "Smackers", "combo": []}, {"category": "Eggs, Meat & Fish", "sub_category_name": "Sausages, Bacon & Salami", "product_name": "Chicken Tenders Spicy", "product_brand": "Smackers", "combo": []}, {"category": "Eggs, Meat & Fish", "sub_category_name": "Sausages, Bacon & Salami", "product_name": "Frankfurter - Chicken", "product_brand": "Quickee'S", "combo": []}, {"category": "Eggs, Meat & Fish", "sub_category_name": "Sausages, Bacon & Salami", "product_name": "Salami - Chicken, Plain", "product_brand": "Quickee'S", "combo": []}, {"category": "Eggs, Meat & Fish", "sub_category_name": "Sausages, Bacon & Salami", "product_name": "Breast - Chicken, Smoked", "product_brand": "Quickee'S", "combo": []}, {"category": "Eggs, Meat & Fish", "sub_category_name": "Sausages, Bacon & Salami", "product_name": "Chicken Spicy Breast Strips", "product_brand": "Meatzza", "combo": []}, {"category": "Eggs, Meat & Fish", "sub_category_name": "Sausages, Bacon & Salami", "product_name": "Sausages - Bracks Ghost Chilli Chicken", "product_brand": "ALF-FARMS", "combo": []}, {"category": "Eggs, Meat & Fish", "sub_category_name": "Sausages, Bacon & Salami", "product_name": "Chicken Cheese Paprika", "product_brand": "ALF-FARMS", "combo": []}, {"category": "Eggs, Meat & Fish", "sub_category_name": "Sausages, Bacon & Salami", "product_name": "Chicken Franks", "product_brand": "ALF-FARMS", "combo": []}, {"category": "Eggs, Meat & Fish", "sub_category_name": "Sausages, Bacon & Salami", "product_name": "Chicken Coppata Salami", "product_brand": "ALF-FARMS", "combo": []}, {"category": "Eggs, Meat & Fish", "sub_category_name": "Sausages, Bacon & Salami", "product_name": "Chicken Chili Salami", "product_brand": "ALF-FARMS", "combo": []}, {"category": "Eggs, Meat & Fish", "sub_category_name": "Sausages, Bacon & Salami", "product_name": "Chicken Cheese Corn Sausage", "product_brand": "Punjab Maratha", "combo": []}, {"category": "Eggs, Meat & Fish", "sub_category_name": "Sausages, Bacon & Salami", "product_name": "Chicken Black Pepper Salami", "product_brand": "Monsa", "combo": []}, {"category": "Eggs, Meat & Fish", "sub_category_name": "Sausages, Bacon & Salami", "product_name": "Pork - Breakfast Sausage", "product_brand": "Prasuma", "combo": []}, {"category": "Eggs, Meat & Fish", "sub_category_name": "Sausages, Bacon & Salami", "product_name": "Unbreaded Chicken Samosa", "product_brand": "Monsa", "combo": []}, {"category": "Eggs, Meat & Fish", "sub_category_name": "Sausages, Bacon & Salami", "product_name": "Chicken Chorizo Sausage", "product_brand": "La Carne", "combo": []}, {"category": "Eggs, Meat & Fish", "sub_category_name": "Sausages, Bacon & Salami", "product_name": "Pork - Dinner Franks", "product_brand": "ALF-FARMS", "combo": []}, {"category": "Eggs, Meat & Fish", "sub_category_name": "Sausages, Bacon & Salami", "product_name": "Pork - Salami", "product_brand": "ALF-FARMS", "combo": []}, {"category": "Eggs, Meat & Fish", "sub_category_name": "Sausages, Bacon & Salami", "product_name": "Chicken Malai Tikka", "product_brand": "La Carne", "combo": []}, {"category": "Eggs, Meat & Fish", "sub_category_name": "Sausages, Bacon & Salami", "product_name": "Pork Garlic Sausage", "product_brand": "Goldi Finest", "combo": []}, {"category": "Eggs, Meat & Fish", "sub_category_name": "Sausages, Bacon & Salami", "product_name": "Chicken Fingers", "product_brand": "Smackers", "combo": []}, {"category": "Eggs, Meat & Fish", "sub_category_name": "Sausages, Bacon & Salami", "product_name": "Chicken Tenders Spicy", "product_brand": "Smackers", "combo": []}, {"category": "Eggs, Meat & Fish", "sub_category_name": "Sausages, Bacon & Salami", "product_name": "Frankfurter - Chicken", "product_brand": "Quickee'S", "combo": []}, {"category": "Eggs, Meat & Fish", "sub_category_name": "Sausages, Bacon & Salami", "product_name": "Salami - Chicken, Plain", "product_brand": "Quickee'S", "combo": []}, {"category": "Eggs, Meat & Fish", "sub_category_name": "Sausages, Bacon & Salami", "product_name": "Breast - Chicken, Smoked", "product_brand": "Quickee'S", "combo": []}, {"category": "Eggs, Meat & Fish", "sub_category_name": "Sausages, Bacon & Salami", "product_name": "Chicken Spicy Breast Strips", "product_brand": "Meatzza", "combo": []}, {"category": "Eggs, Meat & Fish", "sub_category_name": "Sausages, Bacon & Salami", "product_name": "Sausages - Bracks Ghost Chilli Chicken", "product_brand": "ALF-FARMS", "combo": []}, {"category": "Eggs, Meat & Fish", "sub_category_name": "Sausages, Bacon & Salami", "product_name": "Chicken Cheese Paprika", "product_brand": "ALF-FARMS", "combo": []}, {"category": "Eggs, Meat & Fish", "sub_category_name": "Sausages, Bacon & Salami", "product_name": "Chicken Franks", "product_brand": "ALF-FARMS", "combo": []}, {"category": "Eggs, Meat & Fish", "sub_category_name": "Sausages, Bacon & Salami", "product_name": "Chicken Coppata Salami", "product_brand": "ALF-FARMS", "combo": []}, {"category": "Eggs, Meat & Fish", "sub_category_name": "Sausages, Bacon & Salami", "product_name": "Chicken Chili Salami", "product_brand": "ALF-FARMS", "combo": []}, {"category": "Eggs, Meat & Fish", "sub_category_name": "Sausages, Bacon & Salami", "product_name": "Chicken Cheese Corn Sausage", "product_brand": "Punjab Maratha", "combo": []}, {"category": "Eggs, Meat & Fish", "sub_category_name": "Sausages, Bacon & Salami", "product_name": "Chicken Black Pepper Salami", "product_brand": "Monsa", "combo": []}, {"category": "Eggs, Meat & Fish", "sub_category_name": "Sausages, Bacon & Salami", "product_name": "Pork - Breakfast Sausage", "product_brand": "Prasuma", "combo": []}, {"category": "Eggs, Meat & Fish", "sub_category_name": "Sausages, Bacon & Salami", "product_name": "Unbreaded Chicken Samosa", "product_brand": "Monsa", "combo": []}, {"category": "Eggs, Meat & Fish", "sub_category_name": "Sausages, Bacon & Salami", "product_name": "Chicken Chorizo Sausage", "product_brand": "La Carne", "combo": []}, {"category": "Eggs, Meat & Fish", "sub_category_name": "Sausages, Bacon & Salami", "product_name": "Pork - Dinner Franks", "product_brand": "ALF-FARMS", "combo": []}, {"category": "Eggs, Meat & Fish", "sub_category_name": "Sausages, Bacon & Salami", "product_name": "Pork - Salami", "product_brand": "ALF-FARMS", "combo": []}, {"category": "Eggs, Meat & Fish", "sub_category_name": "Sausages, Bacon & Salami", "product_name": "Chicken Malai Tikka", "product_brand": "La Carne", "combo": []}, {"category": "Eggs, Meat & Fish", "sub_category_name": "Sausages, Bacon & Salami", "product_name": "Pork Garlic Sausage", "product_brand": "Goldi Finest", "combo": []}, {"category": "Eggs, Meat & Fish", "sub_category_name": "Sausages, Bacon & Salami", "product_name": "Chicken Fingers", "product_brand": "Smackers", "combo": []}, {"category": "Eggs, Meat & Fish", "sub_category_name": "Sausages, Bacon & Salami", "product_name": "Chicken Tenders Spicy", "product_brand": "Smackers", "combo": []}, {"category": "Eggs, Meat & Fish", "sub_category_name": "Sausages, Bacon & Salami", "product_name": "Frankfurter - Chicken", "product_brand": "Quickee'S", "combo": []}, {"category": "Eggs, Meat & Fish", "sub_category_name": "Sausages, Bacon & Salami", "product_name": "Salami - Chicken, Plain", "product_brand": "Quickee'S", "combo": []}, {"category": "Eggs, Meat & Fish", "sub_category_name": "Sausages, Bacon & Salami", "product_name": "Breast - Chicken, Smoked", "product_brand": "Quickee'S", "combo": []}, {"category": "Eggs, Meat & Fish", "sub_category_name": "Sausages, Bacon & Salami", "product_name": "Chicken Spicy Breast Strips", "product_brand": "Meatzza", "combo": []}, {"category": "Eggs, Meat & Fish", "sub_category_name": "Sausages, Bacon & Salami", "product_name": "Sausages - Bracks Ghost Chilli Chicken", "product_brand": "ALF-FARMS", "combo": []}, {"category": "Eggs, Meat & Fish", "sub_category_name": "Sausages, Bacon & Salami", "product_name": "Chicken Cheese Paprika", "product_brand": "ALF-FARMS", "combo": []}, {"category": "Eggs, Meat & Fish", "sub_category_name": "Sausages, Bacon & Salami", "product_name": "Chicken Franks", "product_brand": "ALF-FARMS", "combo": []}, {"category": "Eggs, Meat & Fish", "sub_category_name": "Sausages, Bacon & Salami", "product_name": "Chicken Coppata Salami", "product_brand": "ALF-FARMS", "combo": []}, {"category": "Eggs, Meat & Fish", "sub_category_name": "Sausages, Bacon & Salami", "product_name": "Chicken Chili Salami", "product_brand": "ALF-FARMS", "combo": []}, {"category": "Eggs, Meat & Fish", "sub_category_name": "Sausages, Bacon & Salami", "product_name": "Chicken Cheese Corn Sausage", "product_brand": "Punjab Maratha", "combo": []}, {"category": "Eggs, Meat & Fish", "sub_category_name": "Sausages, Bacon & Salami", "product_name": "Chicken Black Pepper Salami", "product_brand": "Monsa", "combo": []}, {"category": "Eggs, Meat & Fish", "sub_category_name": "Sausages, Bacon & Salami", "product_name": "Pork - Breakfast Sausage", "product_brand": "Prasuma", "combo": []}, {"category": "Eggs, Meat & Fish", "sub_category_name": "Sausages, Bacon & Salami", "product_name": "Unbreaded Chicken Samosa", "product_brand": "Monsa", "combo": []}, {"category": "Eggs, Meat & Fish", "sub_category_name": "Sausages, Bacon & Salami", "product_name": "Chicken Chorizo Sausage", "product_brand": "La Carne", "combo": []}, {"category": "Eggs, Meat & Fish", "sub_category_name": "Sausages, Bacon & Salami", "product_name": "Pork - Dinner Franks", "product_brand": "ALF-FARMS", "combo": []}, {"category": "Eggs, Meat & Fish", "sub_category_name": "Sausages, Bacon & Salami", "product_name": "Pork - Salami", "product_brand": "ALF-FARMS", "combo": []}, {"category": "Eggs, Meat & Fish", "sub_category_name": "Sausages, Bacon & Salami", "product_name": "Chicken Malai Tikka", "product_brand": "La Carne", "combo": []}, {"category": "Eggs, Meat & Fish", "sub_category_name": "Sausages, Bacon & Salami", "product_name": "Pork Garlic Sausage", "product_brand": "Goldi Finest", "combo": []}, {"category": "Eggs, Meat & Fish", "sub_category_name": "Sausages, Bacon & Salami", "product_name": "Chicken Fingers", "product_brand": "Smackers", "combo": []}, {"category": "Eggs, Meat & Fish", "sub_category_name": "Sausages, Bacon & Salami", "product_name": "Chicken Tenders Spicy", "product_brand": "Smackers", "combo": []}, {"category": "Eggs, Meat & Fish", "sub_category_name": "Sausages, Bacon & Salami", "product_name": "Frankfurter - Chicken", "product_brand": "Quickee'S", "combo": []}, {"category": "Eggs, Meat & Fish", "sub_category_name": "Sausages, Bacon & Salami", "product_name": "Salami - Chicken, Plain", "product_brand": "Quickee'S", "combo": []}, {"category": "Eggs, Meat & Fish", "sub_category_name": "Sausages, Bacon & Salami", "product_name": "Breast - Chicken, Smoked", "product_brand": "Quickee'S", "combo": []}, {"category": "Eggs, Meat & Fish", "sub_category_name": "Sausages, Bacon & Salami", "product_name": "Chicken Spicy Breast Strips", "product_brand": "Meatzza", "combo": []}, {"category": "Eggs, Meat & Fish", "sub_category_name": "Sausages, Bacon & Salami", "product_name": "Sausages - Bracks Ghost Chilli Chicken", "product_brand": "ALF-FARMS", "combo": []}, {"category": "Eggs, Meat & Fish", "sub_category_name": "Sausages, Bacon & Salami", "product_name": "Chicken Cheese Paprika", "product_brand": "ALF-FARMS", "combo": []}, {"category": "Eggs, Meat & Fish", "sub_category_name": "Sausages, Bacon & Salami", "product_name": "Chicken Franks", "product_brand": "ALF-FARMS", "combo": []}, {"category": "Eggs, Meat & Fish", "sub_category_name": "Sausages, Bacon & Salami", "product_name": "Chicken Coppata Salami", "product_brand": "ALF-FARMS", "combo": []}, {"category": "Eggs, Meat & Fish", "sub_category_name": "Sausages, Bacon & Salami", "product_name": "Chicken Chili Salami", "product_brand": "ALF-FARMS", "combo": []}, {"category": "Eggs, Meat & Fish", "sub_category_name": "Sausages, Bacon & Salami", "product_name": "Chicken Cheese Corn Sausage", "product_brand": "Punjab Maratha", "combo": []}, {"category": "Eggs, Meat & Fish", "sub_category_name": "Sausages, Bacon & Salami", "product_name": "Chicken Black Pepper Salami", "product_brand": "Monsa", "combo": []}, {"category": "Eggs, Meat & Fish", "sub_category_name": "Sausages, Bacon & Salami", "product_name": "Pork - Breakfast Sausage", "product_brand": "Prasuma", "combo": []}, {"category": "Eggs, Meat & Fish", "sub_category_name": "Sausages, Bacon & Salami", "product_name": "Unbreaded Chicken Samosa", "product_brand": "Monsa", "combo": []}, {"category": "Eggs, Meat & Fish", "sub_category_name": "Sausages, Bacon & Salami", "product_name": "Chicken Chorizo Sausage", "product_brand": "La Carne", "combo": []}, {"category": "Eggs, Meat & Fish", "sub_category_name": "Sausages, Bacon & Salami", "product_name": "Pork - Dinner Franks", "product_brand": "ALF-FARMS", "combo": []}, {"category": "Eggs, Meat & Fish", "sub_category_name": "Sausages, Bacon & Salami", "product_name": "Pork - Salami", "product_brand": "ALF-FARMS", "combo": []}, {"category": "Eggs, Meat & Fish", "sub_category_name": "Sausages, Bacon & Salami", "product_name": "Chicken Malai Tikka", "product_brand": "La Carne", "combo": []}, {"category": "Eggs, Meat & Fish", "sub_category_name": "Sausages, Bacon & Salami", "product_name": "Pork Garlic Sausage", "product_brand": "Goldi Finest", "combo": []}, {"category": "Eggs, Meat & Fish", "sub_category_name": "Sausages, Bacon & Salami", "product_name": "Chicken Fingers", "product_brand": "Smackers", "combo": []}, {"category": "Eggs, Meat & Fish", "sub_category_name": "Sausages, Bacon & Salami", "product_name": "Chicken Tenders Spicy", "product_brand": "Smackers", "combo": []}, {"category": "Eggs, Meat & Fish", "sub_category_name": "Sausages, Bacon & Salami", "product_name": "Frankfurter - Chicken", "product_brand": "Quickee'S", "combo": []}, {"category": "Eggs, Meat & Fish", "sub_category_name": "Sausages, Bacon & Salami", "product_name": "Salami - Chicken, Plain", "product_brand": "Quickee'S", "combo": []}, {"category": "Eggs, Meat & Fish", "sub_category_name": "Sausages, Bacon & Salami", "product_name": "Breast - Chicken, Smoked", "product_brand": "Quickee'S", "combo": []}, {"category": "Eggs, Meat & Fish", "sub_category_name": "Sausages, Bacon & Salami", "product_name": "Chicken Spicy Breast Strips", "product_brand": "Meatzza", "combo": []}, {"category": "Eggs, Meat & Fish", "sub_category_name": "Sausages, Bacon & Salami", "product_name": "Sausages - Bracks Ghost Chilli Chicken", "product_brand": "ALF-FARMS", "combo": []}, {"category": "Eggs, Meat & Fish", "sub_category_name": "Sausages, Bacon & Salami", "product_name": "Chicken Cheese Paprika", "product_brand": "ALF-FARMS", "combo": []}, {"category": "Eggs, Meat & Fish", "sub_category_name": "Sausages, Bacon & Salami", "product_name": "Chicken Franks", "product_brand": "ALF-FARMS", "combo": []}, {"category": "Eggs, Meat & Fish", "sub_category_name": "Sausages, Bacon & Salami", "product_name": "Chicken Coppata Salami", "product_brand": "ALF-FARMS", "combo": []}, {"category": "Eggs, Meat & Fish", "sub_category_name": "Sausages, Bacon & Salami", "product_name": "Chicken Chili Salami", "product_brand": "ALF-FARMS", "combo": []}, {"category": "Eggs, Meat & Fish", "sub_category_name": "Sausages, Bacon & Salami", "product_name": "Chicken Cheese Corn Sausage", "product_brand": "Punjab Maratha", "combo": []}, {"category": "Eggs, Meat & Fish", "sub_category_name": "Sausages, Bacon & Salami", "product_name": "Chicken Black Pepper Salami", "product_brand": "Monsa", "combo": []}, {"category": "Eggs, Meat & Fish", "sub_category_name": "Sausages, Bacon & Salami", "product_name": "Pork - Breakfast Sausage", "product_brand": "Prasuma", "combo": []}, {"category": "Eggs, Meat & Fish", "sub_category_name": "Sausages, Bacon & Salami", "product_name": "Unbreaded Chicken Samosa", "product_brand": "Monsa", "combo": []}, {"category": "Eggs, Meat & Fish", "sub_category_name": "Sausages, Bacon & Salami", "product_name": "Chicken Chorizo Sausage", "product_brand": "La Carne", "combo": []}, {"category": "Eggs, Meat & Fish", "sub_category_name": "Sausages, Bacon & Salami", "product_name": "Pork - Dinner Franks", "product_brand": "ALF-FARMS", "combo": []}, {"category": "Eggs, Meat & Fish", "sub_category_name": "Sausages, Bacon & Salami", "product_name": "Pork - Salami", "product_brand": "ALF-FARMS", "combo": []}, {"category": "Eggs, Meat & Fish", "sub_category_name": "Sausages, Bacon & Salami", "product_name": "Chicken Malai Tikka", "product_brand": "La Carne", "combo": []}, {"category": "Eggs, Meat & Fish", "sub_category_name": "Sausages, Bacon & Salami", "product_name": "Pork Garlic Sausage", "product_brand": "Goldi Finest", "combo": []}, {"category": "Eggs, Meat & Fish", "sub_category_name": "Sausages, Bacon & Salami", "product_name": "Chicken Fingers", "product_brand": "Smackers", "combo": []}, {"category": "Eggs, Meat & Fish", "sub_category_name": "Sausages, Bacon & Salami", "product_name": "Chicken Tenders Spicy", "product_brand": "Smackers", "combo": []}, {"category": "Eggs, Meat & Fish", "sub_category_name": "Sausages, Bacon & Salami", "product_name": "Frankfurter - Chicken", "product_brand": "Quickee'S", "combo": []}, {"category": "Eggs, Meat & Fish", "sub_category_name": "Sausages, Bacon & Salami", "product_name": "Salami - Chicken, Plain", "product_brand": "Quickee'S", "combo": []}, {"category": "Eggs, Meat & Fish", "sub_category_name": "Sausages, Bacon & Salami", "product_name": "Breast - Chicken, Smoked", "product_brand": "Quickee'S", "combo": []}, {"category": "Eggs, Meat & Fish", "sub_category_name": "Sausages, Bacon & Salami", "product_name": "Chicken Spicy Breast Strips", "product_brand": "Meatzza", "combo": []}]