[{"category": "Kitchen, Garden & Pets", "sub_category_name": "Appliances & Electricals", "product_name": "Ultra-Alkaline Battery AA", "product_brand": "Duracell", "combo": [["8 pcs", "282.24"], ["6 pcs", "241.92"], ["4 pcs", "153.60"], ["2 pcs", "80.64"]]}, {"category": "Kitchen, Garden & Pets", "sub_category_name": "Appliances & Electricals", "product_name": "Ultra-Alkaline Battery AAA", "product_brand": "Duracell", "combo": [["6 pcs", "241.92"], ["2 pcs", "80.64"], ["4 pcs", "153.60"]]}, {"category": "Kitchen, Garden & Pets", "sub_category_name": "Appliances & Electricals", "product_name": "LED Bulb - 9 Watt", "product_brand": "Eveready", "combo": []}, {"category": "Kitchen, Garden & Pets", "sub_category_name": "Appliances & Electricals", "product_name": "Battery AAA 4UT Hi-Top", "product_brand": "Nippo", "combo": []}, {"category": "Kitchen, Garden & Pets", "sub_category_name": "Appliances & Electricals", "product_name": "Carbon Zinc Battery Red HD AAA 1012", "product_brand": "Eveready", "combo": []}, {"category": "Kitchen, Garden & Pets", "sub_category_name": "Appliances & Electricals", "product_name": "Carbon Zinc Battery - Gold Plus, AA", "product_brand": "Panasonic", "combo": [["20 pcs", "209.00"], ["10 pcs", "95.00"]]}, {"category": "Kitchen, Garden & Pets", "sub_category_name": "Appliances & Electricals", "product_name": "Carbon Zinc Battery Red AAA 1012", "product_brand": "Eveready", "combo": []}, {"category": "Kitchen, Garden & Pets", "sub_category_name": "Appliances & Electricals", "product_name": "Battery AA 3UT Hi Top", "product_brand": "Nippo", "combo": []}, {"category": "Kitchen, Garden & Pets", "sub_category_name": "Appliances & Electricals", "product_name": "Lithium Battery Ultimate AA", "product_brand": "Energizer", "combo": []}, {"category": "Kitchen, Garden & Pets", "sub_category_name": "Appliances & Electricals", "product_name": "Alkaline Battery E96/AAAA", "product_brand": "Energizer", "combo": []}, {"category": "Kitchen, Garden & Pets", "sub_category_name": "Appliances & Electricals", "product_name": "Alkaline Battery Power AA - Long Lasting Power", "product_brand": "Energizer", "combo": []}, {"category": "Kitchen, Garden & Pets", "sub_category_name": "Appliances & Electricals", "product_name": "Alkaline Battery Max AAA (8+4 Free)", "product_brand": "Energizer", "combo": []}, {"category": "Kitchen, Garden & Pets", "sub_category_name": "Appliances & Electricals", "product_name": "LED Bulb - 18 Watt, Cool Daylight, Stellar Bright Base B22", "product_brand": "Philips", "combo": []}, {"category": "Kitchen, Garden & Pets", "sub_category_name": "Appliances & Electricals", "product_name": "LED Bulb - 21 Watt, Cool Daylight, Stellar Bright Base B22", "product_brand": "Philips", "combo": []}, {"category": "Kitchen, Garden & Pets", "sub_category_name": "Appliances & Electricals", "product_name": "LED Batten - 20 Watt, Slimline Next", "product_brand": "Philips", "combo": []}, {"category": "Kitchen, Garden & Pets", "sub_category_name": "Appliances & Electricals", "product_name": "Alkaline Battery Max AA (8+4 Free)", "product_brand": "Energizer", "combo": []}, {"category": "Kitchen, Garden & Pets", "sub_category_name": "Appliances & Electricals", "product_name": "LED Lamp - 20 Watt, Cool Daylight, T-Bulb/Beamer Base B22", "product_brand": "Philips", "combo": []}, {"category": "Kitchen, Garden & Pets", "sub_category_name": "Appliances & Electricals", "product_name": "Rechargeable Emergency Inverter Bulb - 12 Watt, Cool Daylight, B22", "product_brand": "Philips", "combo": []}, {"category": "Kitchen, Garden & Pets", "sub_category_name": "Appliances & Electricals", "product_name": "LED Bulb - 16 Watt, Cool Daylight, Stellar Bright Base B22", "product_brand": "Philips", "combo": []}, {"category": "Kitchen, Garden & Pets", "sub_category_name": "Appliances & Electricals", "product_name": "USB Universal Wall/Travel Charger Adapator - White", "product_brand": "Milltec", "combo": []}, {"category": "Kitchen, Garden & Pets", "sub_category_name": "Appliances & Electricals", "product_name": "4 Socket Power Strip/Cord With 2.5 Metre Wire - White-Grey", "product_brand": "Syska", "combo": []}, {"category": "Kitchen, Garden & Pets", "sub_category_name": "Appliances & Electricals", "product_name": "Universal Multiplug Home/Travel Adapter With Built In Dual USB Charger Port - White", "product_brand": "Spartan", "combo": []}, {"category": "Kitchen, Garden & Pets", "sub_category_name": "Appliances & Electricals", "product_name": "Ultra Gold Battery AAA", "product_brand": "Victor", "combo": []}, {"category": "Kitchen, Garden & Pets", "sub_category_name": "Appliances & Electricals", "product_name": "Gold Power Battery AA", "product_brand": "Victor", "combo": []}, {"category": "Kitchen, Garden & Pets", "sub_category_name": "Appliances & Electricals", "product_name": "LED Bulb - 10 Watt, Cool Day Light, Ace Saver Base B22", "product_brand": "Philips", "combo": []}, {"category": "Kitchen, Garden & Pets", "sub_category_name": "Appliances & Electricals", "product_name": "Alkaline Battery Max AA", "product_brand": "Energizer", "combo": []}, {"category": "Kitchen, Garden & Pets", "sub_category_name": "Appliances & Electricals", "product_name": "Alkaline Battery Max AA (4+2 Free)", "product_brand": "Energizer", "combo": []}, {"category": "Kitchen, Garden & Pets", "sub_category_name": "Appliances & Electricals", "product_name": "Alkaline Battery Max AAA", "product_brand": "Energizer", "combo": []}, {"category": "Kitchen, Garden & Pets", "sub_category_name": "Appliances & Electricals", "product_name": "Alkaline Battery Max AAA (4+2 Free)", "product_brand": "Energizer", "combo": []}, {"category": "Kitchen, Garden & Pets", "sub_category_name": "Appliances & Electricals", "product_name": "Lithium Battery Ultimate AAA", "product_brand": "Energizer", "combo": []}, {"category": "Kitchen, Garden & Pets", "sub_category_name": "Appliances & Electricals", "product_name": "Alkaline Battery Max 9V", "product_brand": "Energizer", "combo": []}, {"category": "Kitchen, Garden & Pets", "sub_category_name": "Appliances & Electricals", "product_name": "USB String Fairy Lights 3M 30 LED For Decoration - Multicolour", "product_brand": "Mansaa", "combo": []}, {"category": "Kitchen, Garden & Pets", "sub_category_name": "Appliances & Electricals", "product_name": "Alkaline Battery Max D", "product_brand": "Energizer", "combo": []}, {"category": "Kitchen, Garden & Pets", "sub_category_name": "Appliances & Electricals", "product_name": "LED T-Bulb 10 Watt Lumispread - Cool Daylight White, B22", "product_brand": "Syska", "combo": []}, {"category": "Kitchen, Garden & Pets", "sub_category_name": "Appliances & Electricals", "product_name": "Alkaline Battery Power AAA - Long Lasting Power", "product_brand": "Energizer", "combo": []}, {"category": "Kitchen, Garden & Pets", "sub_category_name": "Appliances & Electricals", "product_name": "USB String Fairy Lights 10M 100 LED With Adaptor For Decoration - Multicolour", "product_brand": "Mansaa", "combo": []}, {"category": "Kitchen, Garden & Pets", "sub_category_name": "Appliances & Electricals", "product_name": "USB String Fairy Lights 3M 30 LED Heart Bead Gold Chain For Decoration", "product_brand": "Mansaa", "combo": []}, {"category": "Kitchen, Garden & Pets", "sub_category_name": "Appliances & Electricals", "product_name": "D Size Battery - Heavy Duty, 1050 R20", "product_brand": "Eveready", "combo": []}, {"category": "Kitchen, Garden & Pets", "sub_category_name": "Appliances & Electricals", "product_name": "Battery AAA Gold 15V 4DG", "product_brand": "Nippo", "combo": []}, {"category": "Kitchen, Garden & Pets", "sub_category_name": "Appliances & Electricals", "product_name": "LED T-Bulb - 8 Watt, Cool Daylight, B22", "product_brand": "Philips", "combo": []}, {"category": "Kitchen, Garden & Pets", "sub_category_name": "Appliances & Electricals", "product_name": "Coin Battery - Lithium", "product_brand": "Panasonic", "combo": []}, {"category": "Kitchen, Garden & Pets", "sub_category_name": "Appliances & Electricals", "product_name": "Rechargeable Emergency Inverter Bulb - 9W, Cool Daylight, B22 (EMB-9W)", "product_brand": "Syska", "combo": []}, {"category": "Kitchen, Garden & Pets", "sub_category_name": "Appliances & Electricals", "product_name": "Anti Mosquito Racquet - Rechargeable Insect Killer Bat With LED Light", "product_brand": "HIT", "combo": []}, {"category": "Kitchen, Garden & Pets", "sub_category_name": "Appliances & Electricals", "product_name": "Battery Carbon Zinc AA 1005 Gold", "product_brand": "Eveready", "combo": []}, {"category": "Kitchen, Garden & Pets", "sub_category_name": "Appliances & Electricals", "product_name": "Combo - LED Bulb 9W + 9W", "product_brand": "Eveready", "combo": []}, {"category": "Kitchen, Garden & Pets", "sub_category_name": "Appliances & Electricals", "product_name": "LED Bulb - 14 Watt", "product_brand": "Eveready", "combo": []}, {"category": "Kitchen, Garden & Pets", "sub_category_name": "Appliances & Electricals", "product_name": "Garnet LED Bulb -12 Watt, White, Cool Day, B22", "product_brand": "Wipro", "combo": []}, {"category": "Kitchen, Garden & Pets", "sub_category_name": "Appliances & Electricals", "product_name": "4 Socket Power Strip/Cord With 2 Meter Wire 1079", "product_brand": "Milltec", "combo": []}, {"category": "Kitchen, Garden & Pets", "sub_category_name": "Appliances & Electricals", "product_name": "Spike Guard - with 2.5 metre wire, SG01", "product_brand": "Eveready", "combo": []}, {"category": "Kitchen, Garden & Pets", "sub_category_name": "Appliances & Electricals", "product_name": "LED Bulb - 0.5 Watt, White, Deco Mini Base B22", "product_brand": "Philips", "combo": []}, {"category": "Kitchen, Garden & Pets", "sub_category_name": "Appliances & Electricals", "product_name": "Clippy 2 Pin Extension Box With 5 Meter Wire 1086", "product_brand": "Milltec", "combo": []}, {"category": "Kitchen, Garden & Pets", "sub_category_name": "Appliances & Electricals", "product_name": "Inverter LED Emergency Bulb - 9 Watt, Cool White, B22", "product_brand": "C&S Electric", "combo": []}, {"category": "Kitchen, Garden & Pets", "sub_category_name": "Appliances & Electricals", "product_name": "Garnet LED T-Bulb - 10 Watt, White, Cool Day, B22 3D", "product_brand": "Wipro", "combo": []}, {"category": "Kitchen, Garden & Pets", "sub_category_name": "Appliances & Electricals", "product_name": "Rechargeable Ultraled Torch DL92", "product_brand": "Eveready", "combo": []}, {"category": "Kitchen, Garden & Pets", "sub_category_name": "Appliances & Electricals", "product_name": "LED Bulb - 12 Watt", "product_brand": "Eveready", "combo": []}, {"category": "Kitchen, Garden & Pets", "sub_category_name": "Appliances & Electricals", "product_name": "LED Bulb - 3 Watt, Cool White, B22", "product_brand": "C&S Electric", "combo": []}, {"category": "Kitchen, Garden & Pets", "sub_category_name": "Appliances & Electricals", "product_name": "LED Bulb - 9 Watt, Cool Daylight, B22 Base", "product_brand": "AGARO", "combo": []}, {"category": "Kitchen, Garden & Pets", "sub_category_name": "Appliances & Electricals", "product_name": "LED Bulb - 15 W, Cool Daylight, B22 Base", "product_brand": "Nippo", "combo": []}, {"category": "Kitchen, Garden & Pets", "sub_category_name": "Appliances & Electricals", "product_name": "Eneloop Rechargeable Battery AAA", "product_brand": "Panasonic", "combo": []}, {"category": "Kitchen, Garden & Pets", "sub_category_name": "Appliances & Electricals", "product_name": "LED Bulb - Deco 0.5 Watt, Assorted color", "product_brand": "Eveready", "combo": []}, {"category": "Kitchen, Garden & Pets", "sub_category_name": "Appliances & Electricals", "product_name": "LED Bulb - 7 Watt, Cool Daylight, B22 Base", "product_brand": "AGARO", "combo": []}, {"category": "Kitchen, Garden & Pets", "sub_category_name": "Appliances & Electricals", "product_name": "LED Bulb - 0.5 Watt, Green, Deco Mini Base B22", "product_brand": "Philips", "combo": []}, {"category": "Kitchen, Garden & Pets", "sub_category_name": "Appliances & Electricals", "product_name": "LED Bulb - 0.5-Watt, Blue, Deco Mini Base B22", "product_brand": "Philips", "combo": []}, {"category": "Kitchen, Garden & Pets", "sub_category_name": "Appliances & Electricals", "product_name": "Alkaline AA BP4 Ultima 2115", "product_brand": "Eveready", "combo": []}, {"category": "Kitchen, Garden & Pets", "sub_category_name": "Appliances & Electricals", "product_name": "Ultra Alkaline Battery 9V AAA", "product_brand": "Duracell", "combo": [["1 pc", "264.00"], ["2 pcs", "460.80"]]}, {"category": "Kitchen, Garden & Pets", "sub_category_name": "Appliances & Electricals", "product_name": "Rechargeable AAA Battery BP2 600 Nimh", "product_brand": "Eveready", "combo": []}, {"category": "Kitchen, Garden & Pets", "sub_category_name": "Appliances & Electricals", "product_name": "LED Bulb - 9 W, Cool Daylight, B22 Base", "product_brand": "Nippo", "combo": []}, {"category": "Kitchen, Garden & Pets", "sub_category_name": "Appliances & Electricals", "product_name": "LED Bulb - 0.5 Watt,Yellow, B22", "product_brand": "C&S Electric", "combo": []}, {"category": "Kitchen, Garden & Pets", "sub_category_name": "Appliances & Electricals", "product_name": "LED Bulb - 12 Watt, Cool Daylight, B22 Base", "product_brand": "AGARO", "combo": []}, {"category": "Kitchen, Garden & Pets", "sub_category_name": "Appliances & Electricals", "product_name": "Rechargeable AA Battery BP2 700 Nimh", "product_brand": "Eveready", "combo": []}, {"category": "Kitchen, Garden & Pets", "sub_category_name": "Appliances & Electricals", "product_name": "LED Bulb - 4 Watt, Cool Daylight, Ace Saver Base B22", "product_brand": "Philips", "combo": []}, {"category": "Kitchen, Garden & Pets", "sub_category_name": "Appliances & Electricals", "product_name": "LED Bulb - 0.5 Watt, Green, B22", "product_brand": "C&S Electric", "combo": []}, {"category": "Kitchen, Garden & Pets", "sub_category_name": "Appliances & Electricals", "product_name": "LED Bulb - 0.5 Watt, Blue, B22", "product_brand": "C&S Electric", "combo": []}, {"category": "Kitchen, Garden & Pets", "sub_category_name": "Appliances & Electricals", "product_name": "Ultra Alkaline C Battery", "product_brand": "Duracell", "combo": []}, {"category": "Kitchen, Garden & Pets", "sub_category_name": "Appliances & Electricals", "product_name": "Rechargeable BP 2-AA & 2-AAA Combo, 1000 Series with Charger", "product_brand": "Eveready", "combo": []}, {"category": "Kitchen, Garden & Pets", "sub_category_name": "Appliances & Electricals", "product_name": "Copper String LED Light 5 M With Adapter For Decoration - Multicolour", "product_brand": "Lexton", "combo": []}, {"category": "Kitchen, Garden & Pets", "sub_category_name": "Appliances & Electricals", "product_name": "Tejas LED Bulb - 9 Watt, White, Cool Day, B22", "product_brand": "Wipro", "combo": []}, {"category": "Kitchen, Garden & Pets", "sub_category_name": "Appliances & Electricals", "product_name": "Carbon Zinc Metal Battery - AA", "product_brand": "Panasonic", "combo": []}, {"category": "Kitchen, Garden & Pets", "sub_category_name": "Appliances & Electricals", "product_name": "LED Bulb - 12 W, Cool Daylight, B22 Base", "product_brand": "Nippo", "combo": []}, {"category": "Kitchen, Garden & Pets", "sub_category_name": "Appliances & Electricals", "product_name": "Lexton String Led Light With Adapter 10 mt + Ferrero Rocher - Chocolate 24 pcs", "product_brand": "bb Combo", "combo": []}, {"category": "Kitchen, Garden & Pets", "sub_category_name": "Appliances & Electricals", "product_name": "Eneloop Rechargeable Battery AA", "product_brand": "Panasonic", "combo": []}, {"category": "Kitchen, Garden & Pets", "sub_category_name": "Appliances & Electricals", "product_name": "LED Bulb - 0.5-Watt, Orange, Deco Mini Base B22", "product_brand": "Philips", "combo": []}, {"category": "Kitchen, Garden & Pets", "sub_category_name": "Appliances & Electricals", "product_name": "Alkaline Battery - D, Duralock Technology", "product_brand": "Duracell", "combo": []}, {"category": "Kitchen, Garden & Pets", "sub_category_name": "Appliances & Electricals", "product_name": "Garnet LED Bulb - 18 Watt, White, Cool Day, B22", "product_brand": "Wipro", "combo": []}, {"category": "Kitchen, Garden & Pets", "sub_category_name": "Appliances & Electricals", "product_name": "LED Lamp/T-Bulb - 14 Watt, Cool Daylight White, B22 Base", "product_brand": "Philips", "combo": []}, {"category": "Kitchen, Garden & Pets", "sub_category_name": "Appliances & Electricals", "product_name": "Alkaline Battery AAA-1B6", "product_brand": "Panasonic", "combo": []}, {"category": "Kitchen, Garden & Pets", "sub_category_name": "Appliances & Electricals", "product_name": "Alkaline Battery AA-1B6", "product_brand": "Panasonic", "combo": []}, {"category": "Kitchen, Garden & Pets", "sub_category_name": "Appliances & Electricals", "product_name": "5 Meter Flexible Wire Link 1089", "product_brand": "Milltec", "combo": []}, {"category": "Kitchen, Garden & Pets", "sub_category_name": "Appliances & Electricals", "product_name": "Deco Mini Base B22 0.5-Watt LED Bulb - Red", "product_brand": "Philips", "combo": []}, {"category": "Kitchen, Garden & Pets", "sub_category_name": "Appliances & Electricals", "product_name": "LED Bulb - 0.5 Watt, Cool Daylight White, B22", "product_brand": "C&S Electric", "combo": []}, {"category": "Kitchen, Garden & Pets", "sub_category_name": "Appliances & Electricals", "product_name": "10A. Classic Multi-Plug 1069", "product_brand": "Milltec", "combo": []}, {"category": "Kitchen, Garden & Pets", "sub_category_name": "Appliances & Electricals", "product_name": "2 Pin Twist 5 Meter Extention Box 1084", "product_brand": "Milltec", "combo": []}, {"category": "Kitchen, Garden & Pets", "sub_category_name": "Appliances & Electricals", "product_name": "Clippy 2 Pin Extension Box With 10 Meter Wire 1088", "product_brand": "Milltec", "combo": []}, {"category": "Kitchen, Garden & Pets", "sub_category_name": "Appliances & Electricals", "product_name": "Icon LED Night Lamp 1118", "product_brand": "Milltec", "combo": []}, {"category": "Kitchen, Garden & Pets", "sub_category_name": "Appliances & Electricals", "product_name": "Divine - Riddhi-Siddhi Glow LED Lamp 1114", "product_brand": "Milltec", "combo": []}, {"category": "Kitchen, Garden & Pets", "sub_category_name": "Appliances & Electricals", "product_name": "LED Bulb - 12 Watt, Cool White, B22", "product_brand": "C&S Electric", "combo": []}, {"category": "Kitchen, Garden & Pets", "sub_category_name": "Appliances & Electricals", "product_name": "LED Bulb - 15 Watt, Cool White, B22", "product_brand": "C&S Electric", "combo": []}, {"category": "Kitchen, Garden & Pets", "sub_category_name": "Appliances & Electricals", "product_name": "Copper String LED Light 10 M & 100 LEDS With Adapter For Decoration - White", "product_brand": "Lexton", "combo": []}, {"category": "Kitchen, Garden & Pets", "sub_category_name": "Appliances & Electricals", "product_name": "Copper String Led Light 10 M & 100 LEDs With Adapter For Decoration - Warm White", "product_brand": "Lexton", "combo": []}, {"category": "Kitchen, Garden & Pets", "sub_category_name": "Appliances & Electricals", "product_name": "Copper String Light 10 M & 100 LEDs With Adaptor For Decoration - Multicolour", "product_brand": "Lexton", "combo": []}, {"category": "Kitchen, Garden & Pets", "sub_category_name": "Appliances & Electricals", "product_name": "Rechargeable Mini Mosquito Bat - Lithium Ion", "product_brand": "Nippo", "combo": []}, {"category": "Kitchen, Garden & Pets", "sub_category_name": "Appliances & Electricals", "product_name": "Torch - Led, Splendor, Rechargeable", "product_brand": "Nippo", "combo": []}, {"category": "Kitchen, Garden & Pets", "sub_category_name": "Appliances & Electricals", "product_name": "LED Bulb - 7 W, Cool Daylight, B22 Base", "product_brand": "Nippo", "combo": []}, {"category": "Kitchen, Garden & Pets", "sub_category_name": "Appliances & Electricals", "product_name": "Rechargeable Emergency Inverter Bulb - 9 Watt, Cool Daylight, B22", "product_brand": "Philips", "combo": []}, {"category": "Kitchen, Garden & Pets", "sub_category_name": "Appliances & Electricals", "product_name": "LED T-Bulb - 18 Watt, Cool Daylight, B22", "product_brand": "Philips", "combo": []}, {"category": "Kitchen, Garden & Pets", "sub_category_name": "Appliances & Electricals", "product_name": "Evo - 3 Pin Universal Multi-travel Plug 1071", "product_brand": "Milltec", "combo": []}, {"category": "Kitchen, Garden & Pets", "sub_category_name": "Appliances & Electricals", "product_name": "Mosquito Bat - Rechargeable Terminator 2, Lithium Ion Battery", "product_brand": "Nippo", "combo": []}, {"category": "Kitchen, Garden & Pets", "sub_category_name": "Appliances & Electricals", "product_name": "Safelite LED Bulb - 0.5 Watt, Yellow, Cool Day, B22", "product_brand": "Wipro", "combo": []}, {"category": "Kitchen, Garden & Pets", "sub_category_name": "Appliances & Electricals", "product_name": "LED Bulb - 9 Watt, Cool Daylight White, B22", "product_brand": "C&S Electric", "combo": []}, {"category": "Kitchen, Garden & Pets", "sub_category_name": "Appliances & Electricals", "product_name": "Air LED Desk Light 61013 - 5 Watt, Black", "product_brand": "Philips", "combo": []}, {"category": "Kitchen, Garden & Pets", "sub_category_name": "Appliances & Electricals", "product_name": "Garnet LED White Bulb - 14 Watt, Cool Day, B22", "product_brand": "Wipro", "combo": []}, {"category": "Kitchen, Garden & Pets", "sub_category_name": "Appliances & Electricals", "product_name": "Copper String Led Light 5 M With Adapter For Decoration - Warm White", "product_brand": "Lexton", "combo": []}, {"category": "Kitchen, Garden & Pets", "sub_category_name": "Appliances & Electricals", "product_name": "Tejas LED Bulb - 5 Watt, White, Cool Day, B22", "product_brand": "Wipro", "combo": []}, {"category": "Kitchen, Garden & Pets", "sub_category_name": "Appliances & Electricals", "product_name": "Safelite LED Bulb - 0.5 Watt, White, Cool Day, B22", "product_brand": "Wipro", "combo": []}, {"category": "Kitchen, Garden & Pets", "sub_category_name": "Appliances & Electricals", "product_name": "Garnet White LED Bulb - Cool Day, B22, 9 watt", "product_brand": "Wipro", "combo": []}, {"category": "Kitchen, Garden & Pets", "sub_category_name": "Appliances & Electricals", "product_name": "Tejas LED Bulb - 7 Watt, White, Cool Day, B22", "product_brand": "Wipro", "combo": []}, {"category": "Kitchen, Garden & Pets", "sub_category_name": "Appliances & Electricals", "product_name": "Battery AA Gold 15V 3DG", "product_brand": "Nippo", "combo": []}, {"category": "Kitchen, Garden & Pets", "sub_category_name": "Appliances & Electricals", "product_name": "3 Pin Extension Box With 4 Meter Wire - White-Grey (PW-0301-O)", "product_brand": "Syska", "combo": []}, {"category": "Kitchen, Garden & Pets", "sub_category_name": "Appliances & Electricals", "product_name": "Carbon Zinc Battery Red HD AA 1015", "product_brand": "Eveready", "combo": []}, {"category": "Kitchen, Garden & Pets", "sub_category_name": "Appliances & Electricals", "product_name": "Carbon Zinc Battery Red AA 1015", "product_brand": "Eveready", "combo": []}]