[{"category": "Kitchen, Garden & Pets", "sub_category_name": "Crockery & Cutlery", "product_name": "Beer Mug/Juice Mug", "product_brand": "Glass Ideas", "combo": [["350 ml", "59.00"], ["2x300 ml", "118.00"]]}, {"category": "Kitchen, Garden & Pets", "sub_category_name": "Crockery & Cutlery", "product_name": "Select Glass Mixing Bowl With lid - Oven & Microwave Safe, IYBPL020317", "product_brand": "Borosil", "combo": []}, {"category": "Kitchen, Garden & Pets", "sub_category_name": "Crockery & Cutlery", "product_name": "Chai/Fine Ceramic Floral Printed Tea/Coffee Mugs", "product_brand": "Claycraft", "combo": []}, {"category": "Kitchen, Garden & Pets", "sub_category_name": "Crockery & Cutlery", "product_name": "Glassware Amphio Tumbler Set - Clear", "product_brand": "Cello", "combo": []}, {"category": "Kitchen, Garden & Pets", "sub_category_name": "Crockery & Cutlery", "product_name": "Glass Tango Jug With Lid", "product_brand": "Iveo", "combo": []}, {"category": "Kitchen, Garden & Pets", "sub_category_name": "Crockery & Cutlery", "product_name": "Glass Athena Tumbler", "product_brand": "Iveo", "combo": []}, {"category": "Kitchen, Garden & Pets", "sub_category_name": "Crockery & Cutlery", "product_name": "Glass Athena Whisky Glass", "product_brand": "Iveo", "combo": []}, {"category": "Kitchen, Garden & Pets", "sub_category_name": "Crockery & Cutlery", "product_name": "Venezia White Wine Glass Set", "product_brand": "Krosno", "combo": []}, {"category": "Kitchen, Garden & Pets", "sub_category_name": "Crockery & Cutlery", "product_name": "Pure Serveware Set", "product_brand": "Krosno", "combo": []}, {"category": "Kitchen, Garden & Pets", "sub_category_name": "Crockery & Cutlery", "product_name": "Mixology Beer/Water Glass Set", "product_brand": "Krosno", "combo": []}, {"category": "Kitchen, Garden & Pets", "sub_category_name": "Crockery & Cutlery", "product_name": "Beer Mug KTZB07/5811", "product_brand": "Yujing", "combo": []}, {"category": "Kitchen, Garden & Pets", "sub_category_name": "Crockery & Cutlery", "product_name": "Candy Jar - Perth", "product_brand": "Hi-Luxe", "combo": []}, {"category": "Kitchen, Garden & Pets", "sub_category_name": "Crockery & Cutlery", "product_name": "Candy Jar - Cambridge", "product_brand": "Hi-Luxe", "combo": []}, {"category": "Kitchen, Garden & Pets", "sub_category_name": "Crockery & Cutlery", "product_name": "Ice Cream Bowl", "product_brand": "Deli", "combo": []}, {"category": "Kitchen, Garden & Pets", "sub_category_name": "Crockery & Cutlery", "product_name": "Mason Jar Multi-Colour Single H19-7 With Straw & Gift Box", "product_brand": "Soham", "combo": []}, {"category": "Kitchen, Garden & Pets", "sub_category_name": "Crockery & Cutlery", "product_name": "Borosilicate Round Glass Food Storage Container With Air Vent Lid", "product_brand": "Claycraft", "combo": []}, {"category": "Kitchen, Garden & Pets", "sub_category_name": "Crockery & Cutlery", "product_name": "Borosilicate Round Glass Food Storage Container With Air Vent Lid", "product_brand": "Claycraft", "combo": []}, {"category": "Kitchen, Garden & Pets", "sub_category_name": "Crockery & Cutlery", "product_name": "Chai/Borosilicate Glass - Caraffe", "product_brand": "Iveo", "combo": []}, {"category": "Kitchen, Garden & Pets", "sub_category_name": "Crockery & Cutlery", "product_name": "100% Melamine Quadra Chutney Bowl - Black, Green & Yellow", "product_brand": "Iveo", "combo": []}, {"category": "Kitchen, Garden & Pets", "sub_category_name": "Crockery & Cutlery", "product_name": "100% Melamine Tumbler Set - Yellow", "product_brand": "Iveo", "combo": []}, {"category": "Kitchen, Garden & Pets", "sub_category_name": "Crockery & Cutlery", "product_name": "100% Melamine 750 ml Mixing Bowl With Anti Skid Grip - Yellow", "product_brand": "Iveo", "combo": []}, {"category": "Kitchen, Garden & Pets", "sub_category_name": "Crockery & Cutlery", "product_name": "Whisky Glass/Juice Tumbler Set", "product_brand": "Iveo", "combo": []}, {"category": "Kitchen, Garden & Pets", "sub_category_name": "Crockery & Cutlery", "product_name": "Cutlery Set Stainless Steel With Free Butter Knife - Red", "product_brand": "Ritu", "combo": []}, {"category": "Kitchen, Garden & Pets", "sub_category_name": "Crockery & Cutlery", "product_name": "100% Melamine Veg Bowl STS Set", "product_brand": "Iveo", "combo": []}, {"category": "Kitchen, Garden & Pets", "sub_category_name": "Crockery & Cutlery", "product_name": "Scarlett Bliss Dinner Set - White", "product_brand": "Cello", "combo": []}, {"category": "Kitchen, Garden & Pets", "sub_category_name": "Crockery & Cutlery", "product_name": "Glassware Bern Jug Set - Clear", "product_brand": "Cello", "combo": []}, {"category": "Kitchen, Garden & Pets", "sub_category_name": "Crockery & Cutlery", "product_name": "Red Rose Fantasy 11 Inch Dinner Plate - White", "product_brand": "Cello", "combo": []}, {"category": "Kitchen, Garden & Pets", "sub_category_name": "Crockery & Cutlery", "product_name": "Jin Snack Bowl Set", "product_brand": "Craftel", "combo": []}, {"category": "Kitchen, Garden & Pets", "sub_category_name": "Crockery & Cutlery", "product_name": "Zian Snack Bowl Set", "product_brand": "Craftel", "combo": []}, {"category": "Kitchen, Garden & Pets", "sub_category_name": "Crockery & Cutlery", "product_name": "Large Bowl - Violet", "product_brand": "Craftel", "combo": []}, {"category": "Kitchen, Garden & Pets", "sub_category_name": "Crockery & Cutlery", "product_name": "Daisy Diamond Bowl - 6 Inch Carry Pack Box", "product_brand": "Glass Ideas", "combo": []}, {"category": "Kitchen, Garden & Pets", "sub_category_name": "Crockery & Cutlery", "product_name": "Chai/Cup & Saucer Set - Princess, Lush Greens", "product_brand": "LaOpala", "combo": []}, {"category": "Kitchen, Garden & Pets", "sub_category_name": "Crockery & Cutlery", "product_name": "Shot Glass Set", "product_brand": "Deli", "combo": []}, {"category": "Kitchen, Garden & Pets", "sub_category_name": "Crockery & Cutlery", "product_name": "Bue Eve Silk Series Opalware Dinner Set - White", "product_brand": "Larah by Borosil", "combo": []}, {"category": "Kitchen, Garden & Pets", "sub_category_name": "Crockery & Cutlery", "product_name": "Mixing Bowl - Glass", "product_brand": "LaOpala", "combo": []}, {"category": "Kitchen, Garden & Pets", "sub_category_name": "Crockery & Cutlery", "product_name": "Cigratte Ash Tray Round", "product_brand": "Yujing", "combo": []}, {"category": "Kitchen, Garden & Pets", "sub_category_name": "Crockery & Cutlery", "product_name": "Dazzle Secret Garden Dinner Set - White", "product_brand": "Cello", "combo": []}, {"category": "Kitchen, Garden & Pets", "sub_category_name": "Crockery & Cutlery", "product_name": "Dazzle Livid Lilac Dinner Set - White", "product_brand": "Cello", "combo": []}, {"category": "Kitchen, Garden & Pets", "sub_category_name": "Crockery & Cutlery", "product_name": "Dinner Plate Plain - 11 Inch", "product_brand": "Cello", "combo": []}, {"category": "Kitchen, Garden & Pets", "sub_category_name": "Crockery & Cutlery", "product_name": "Pink Lilac Dinner Set - White", "product_brand": "Cello", "combo": []}, {"category": "Kitchen, Garden & Pets", "sub_category_name": "Crockery & Cutlery", "product_name": "100% Melamine Idli/Pasta Plate - Yellow", "product_brand": "Iveo", "combo": []}, {"category": "Kitchen, Garden & Pets", "sub_category_name": "Crockery & Cutlery", "product_name": "100% Melamine Idli/Pasta Plate - Green", "product_brand": "Iveo", "combo": []}, {"category": "Kitchen, Garden & Pets", "sub_category_name": "Crockery & Cutlery", "product_name": "100% Melamine Full Plate 10.5\" - Red", "product_brand": "Iveo", "combo": []}, {"category": "Kitchen, Garden & Pets", "sub_category_name": "Crockery & Cutlery", "product_name": "Mixing Bowl With Lid - Metro", "product_brand": "Borosil", "combo": []}, {"category": "Kitchen, Garden & Pets", "sub_category_name": "Crockery & Cutlery", "product_name": "Green Leaves Silk Series Opalware Dinner Set - White", "product_brand": "Larah by Borosil", "combo": []}, {"category": "Kitchen, Garden & Pets", "sub_category_name": "Crockery & Cutlery", "product_name": "Glass Tovo Tumbler", "product_brand": "Iveo", "combo": []}, {"category": "Kitchen, Garden & Pets", "sub_category_name": "Crockery & Cutlery", "product_name": "100% Melamine Full Plate 10.5\" - Yellow", "product_brand": "Iveo", "combo": []}, {"category": "Kitchen, Garden & Pets", "sub_category_name": "Crockery & Cutlery", "product_name": "100% Melamine Noodle/Salad Bowl - Pink", "product_brand": "Iveo", "combo": []}, {"category": "Kitchen, Garden & Pets", "sub_category_name": "Crockery & Cutlery", "product_name": "100% Melamine Soup Spoon Set - Red", "product_brand": "Iveo", "combo": []}, {"category": "Kitchen, Garden & Pets", "sub_category_name": "Crockery & Cutlery", "product_name": "100% Melamine Veg Bowl Set - Red", "product_brand": "Iveo", "combo": []}, {"category": "Kitchen, Garden & Pets", "sub_category_name": "Crockery & Cutlery", "product_name": "100% Melamine Full Plate 10.5\" - Green", "product_brand": "Iveo", "combo": []}, {"category": "Kitchen, Garden & Pets", "sub_category_name": "Crockery & Cutlery", "product_name": "100% Melamine Idli/Pasta Plate - Red", "product_brand": "Iveo", "combo": []}, {"category": "Kitchen, Garden & Pets", "sub_category_name": "Crockery & Cutlery", "product_name": "Master Tumbler", "product_brand": "Iveo", "combo": []}, {"category": "Kitchen, Garden & Pets", "sub_category_name": "Crockery & Cutlery", "product_name": "Viber Snack Plates Set", "product_brand": "Craftel", "combo": []}, {"category": "Kitchen, Garden & Pets", "sub_category_name": "Crockery & Cutlery", "product_name": "Beer Mug Shangrilla", "product_brand": "Hi-Luxe", "combo": []}, {"category": "Kitchen, Garden & Pets", "sub_category_name": "Crockery & Cutlery", "product_name": "Shot Glass Set", "product_brand": "Yujing", "combo": []}, {"category": "Kitchen, Garden & Pets", "sub_category_name": "Crockery & Cutlery", "product_name": "Whisky Glass/Juice Tumbler Set", "product_brand": "Iveo", "combo": []}, {"category": "Kitchen, Garden & Pets", "sub_category_name": "Crockery & Cutlery", "product_name": "Whisky Glass/Juice Tumbler Set", "product_brand": "Iveo", "combo": []}, {"category": "Kitchen, Garden & Pets", "sub_category_name": "Crockery & Cutlery", "product_name": "Water Glass/Juice Tumbler Set", "product_brand": "Iveo", "combo": []}, {"category": "Kitchen, Garden & Pets", "sub_category_name": "Crockery & Cutlery", "product_name": "Chai/Mimosa Cup Set - White", "product_brand": "Larah by Borosil", "combo": []}, {"category": "Kitchen, Garden & Pets", "sub_category_name": "Crockery & Cutlery", "product_name": "Water/Juice Glass Pilsner", "product_brand": "Iveo", "combo": []}, {"category": "Kitchen, Garden & Pets", "sub_category_name": "Crockery & Cutlery", "product_name": "Chai/Bonechina Mug - Milk, Happiness Is Wonderful Friends", "product_brand": "Claycraft", "combo": []}, {"category": "Kitchen, Garden & Pets", "sub_category_name": "Crockery & Cutlery", "product_name": "Bonechina Milk Mug - Happiness Is Inner Peace", "product_brand": "Claycraft", "combo": []}, {"category": "Kitchen, Garden & Pets", "sub_category_name": "Crockery & Cutlery", "product_name": "Carafe With Strainer In Lid - IH11KF12212", "product_brand": "Borosil", "combo": []}, {"category": "Kitchen, Garden & Pets", "sub_category_name": "Crockery & Cutlery", "product_name": "Steel Fork set - Fruit, Monde", "product_brand": "Anjali", "combo": []}, {"category": "Kitchen, Garden & Pets", "sub_category_name": "Crockery & Cutlery", "product_name": "Chai/Opalware Coffee Cup Set - Radiant Curves", "product_brand": "LaOpala", "combo": []}, {"category": "Kitchen, Garden & Pets", "sub_category_name": "Crockery & Cutlery", "product_name": "Mixing Bowl", "product_brand": "Cello", "combo": []}, {"category": "Kitchen, Garden & Pets", "sub_category_name": "Crockery & Cutlery", "product_name": "Whiskey Glass", "product_brand": "Gupta Glass Ideas", "combo": []}, {"category": "Kitchen, Garden & Pets", "sub_category_name": "Crockery & Cutlery", "product_name": "Borosilicate Glass Casserole - Microwave Safe", "product_brand": "Iveo", "combo": [["1 L", "389.00"], ["1.5 L", "489.00"]]}, {"category": "Kitchen, Garden & Pets", "sub_category_name": "Crockery & Cutlery", "product_name": "Borosilicate Select Glass Mixing Bowl With Blue Lid - Oven Microwave Safe", "product_brand": "Borosil", "combo": []}, {"category": "Kitchen, Garden & Pets", "sub_category_name": "Crockery & Cutlery", "product_name": "Borosilicate Glass Baking/Mixing Bowl", "product_brand": "Pyrex", "combo": []}, {"category": "Kitchen, Garden & Pets", "sub_category_name": "Crockery & Cutlery", "product_name": "Chai/Bone China Tea/Coffee Cups - Polka Dots, Multicolour", "product_brand": "Claycraft", "combo": []}, {"category": "Kitchen, Garden & Pets", "sub_category_name": "Crockery & Cutlery", "product_name": "Borosilicate Basics Glass Mixing Bowl - Oven & Microwave Safe", "product_brand": "Borosil", "combo": []}, {"category": "Kitchen, Garden & Pets", "sub_category_name": "Crockery & Cutlery", "product_name": "Multi Utility Storage Glass Bowl With Lid", "product_brand": "Glass Ideas", "combo": []}, {"category": "Kitchen, Garden & Pets", "sub_category_name": "Crockery & Cutlery", "product_name": "Snow Food Storage Container With White Lid", "product_brand": "Pasabahce", "combo": []}, {"category": "Kitchen, Garden & Pets", "sub_category_name": "Crockery & Cutlery", "product_name": "Barrel Whisky/Juice Glass Tumbler", "product_brand": "BB Home", "combo": []}, {"category": "Kitchen, Garden & Pets", "sub_category_name": "Crockery & Cutlery", "product_name": "Laopala Opalware Dinner Set WL Dainty Swirls", "product_brand": "LaOpala", "combo": []}, {"category": "Kitchen, Garden & Pets", "sub_category_name": "Crockery & Cutlery", "product_name": "Borosilicate Glass Rectangular Tray - Microwave Safe", "product_brand": "Iveo", "combo": [["1 L", "329.00"], ["1.8 L", "419.00"]]}, {"category": "Kitchen, Garden & Pets", "sub_category_name": "Crockery & Cutlery", "product_name": "Octa Whisky/Juice Glass Tumbler", "product_brand": "BB Home", "combo": []}, {"category": "Kitchen, Garden & Pets", "sub_category_name": "Crockery & Cutlery", "product_name": "Neptune Water/Juice Glass Tumbler", "product_brand": "BB Home", "combo": []}, {"category": "Kitchen, Garden & Pets", "sub_category_name": "Crockery & Cutlery", "product_name": "Glass Mixing Bowl - Oven & Microwave Safe, IH22MB09225", "product_brand": "Borosil", "combo": [["2.5 L", "499.00"], ["1.3 L", "339.00"], ["500 ml", "259.00"]]}, {"category": "Kitchen, Garden & Pets", "sub_category_name": "Crockery & Cutlery", "product_name": "Opalware Dinner Set - Dazzle, Blue Swirl", "product_brand": "Cello", "combo": []}, {"category": "Kitchen, Garden & Pets", "sub_category_name": "Crockery & Cutlery", "product_name": "Chai/Bone China Tea/Coffee Cups - Green & Grey Leaf", "product_brand": "Claycraft", "combo": []}, {"category": "Kitchen, Garden & Pets", "sub_category_name": "Crockery & Cutlery", "product_name": "Chai/100% Melamine Glory Coffee Mug Set - Red", "product_brand": "Iveo", "combo": []}, {"category": "Kitchen, Garden & Pets", "sub_category_name": "Crockery & Cutlery", "product_name": "Steel Spoon set - Tea, Monde", "product_brand": "Anjali", "combo": []}, {"category": "Kitchen, Garden & Pets", "sub_category_name": "Crockery & Cutlery", "product_name": "Square Dish With Handle - IH22DH16180", "product_brand": "Borosil", "combo": []}, {"category": "Kitchen, Garden & Pets", "sub_category_name": "Crockery & Cutlery", "product_name": "Borosilicate Select Glass Mixing Bowl With Lid - Oven & Microwave Safe", "product_brand": "Borosil", "combo": []}, {"category": "Kitchen, Garden & Pets", "sub_category_name": "Crockery & Cutlery", "product_name": "Chai/Opalware Cup & Saucer Set - Princess, Radiant Curves", "product_brand": "LaOpala", "combo": []}, {"category": "Kitchen, Garden & Pets", "sub_category_name": "Crockery & Cutlery", "product_name": "Opalware Melody Eros Dinner Set", "product_brand": "LaOpala", "combo": []}, {"category": "Kitchen, Garden & Pets", "sub_category_name": "Crockery & Cutlery", "product_name": "Snacks Glass Jar Round Modular Design - Yellow", "product_brand": "Yera", "combo": []}, {"category": "Kitchen, Garden & Pets", "sub_category_name": "Crockery & Cutlery", "product_name": "Chai/100% Melamine Water/Juice Tumbler - Red", "product_brand": "Iveo", "combo": []}, {"category": "Kitchen, Garden & Pets", "sub_category_name": "Crockery & Cutlery", "product_name": "Bonechina Milk Mug - Happiness Is Family Get Together", "product_brand": "Claycraft", "combo": []}, {"category": "Kitchen, Garden & Pets", "sub_category_name": "Crockery & Cutlery", "product_name": "Chai/Bonechina Coffee Mug - Multicolour, Dual Tone", "product_brand": "Claycraft", "combo": []}, {"category": "Kitchen, Garden & Pets", "sub_category_name": "Crockery & Cutlery", "product_name": "Glass Casserole - Oven & Microwave Safe Serving Bowl With Glass Lid, IH22CA13701", "product_brand": "Borosil", "combo": [["2.5 L", "849.00"], ["1.75 L", "789.00"]]}, {"category": "Kitchen, Garden & Pets", "sub_category_name": "Crockery & Cutlery", "product_name": "Borosilicate Glass Baking Easy Grab", "product_brand": "Pyrex", "combo": []}, {"category": "Kitchen, Garden & Pets", "sub_category_name": "Crockery & Cutlery", "product_name": "Glass & Spoon Stand - Deluxe, Plastic", "product_brand": "Anjali", "combo": []}, {"category": "Kitchen, Garden & Pets", "sub_category_name": "Crockery & Cutlery", "product_name": "Gradient Blue Whisky/Juice Glass Tumbler", "product_brand": "BB Home", "combo": []}, {"category": "Kitchen, Garden & Pets", "sub_category_name": "Crockery & Cutlery", "product_name": "Glass Snack Bowl Set", "product_brand": "Iveo", "combo": []}, {"category": "Kitchen, Garden & Pets", "sub_category_name": "Crockery & Cutlery", "product_name": "Bonechina Milk Mug - Red, Blue & Black, Stripes", "product_brand": "Claycraft", "combo": []}, {"category": "Kitchen, Garden & Pets", "sub_category_name": "Crockery & Cutlery", "product_name": "Opera Whisky/Juice Glass Tumbler", "product_brand": "BB Home", "combo": []}, {"category": "Kitchen, Garden & Pets", "sub_category_name": "Crockery & Cutlery", "product_name": "Storage Bowl With Lid", "product_brand": "Gupta Glass Ideas", "combo": []}, {"category": "Kitchen, Garden & Pets", "sub_category_name": "Crockery & Cutlery", "product_name": "Borosilicate Tempered Glass Cook N Serve Sqaure Dish - With Handle", "product_brand": "LaOpala", "combo": []}, {"category": "Kitchen, Garden & Pets", "sub_category_name": "Crockery & Cutlery", "product_name": "Plastic Mixing Bowl With Lid - Assorted", "product_brand": "All Time", "combo": []}, {"category": "Kitchen, Garden & Pets", "sub_category_name": "Crockery & Cutlery", "product_name": "Cross Water/Juice Glass Tumbler", "product_brand": "BB Home", "combo": []}, {"category": "Kitchen, Garden & Pets", "sub_category_name": "Crockery & Cutlery", "product_name": "Steel Spoon Set - Desert, Monde Small", "product_brand": "Anjali", "combo": []}, {"category": "Kitchen, Garden & Pets", "sub_category_name": "Crockery & Cutlery", "product_name": "Neptune Water/Juice Glass Tumbler", "product_brand": "BB Home", "combo": []}, {"category": "Kitchen, Garden & Pets", "sub_category_name": "Crockery & Cutlery", "product_name": "Opalware Full Plate - Scarlet Blooms", "product_brand": "LaOpala", "combo": []}, {"category": "Kitchen, Garden & Pets", "sub_category_name": "Crockery & Cutlery", "product_name": "Borosilicate Mixing Bowl Set Without Lid", "product_brand": "Treo", "combo": []}, {"category": "Kitchen, Garden & Pets", "sub_category_name": "Crockery & Cutlery", "product_name": "Melamine 2 Pcs Snack Set With Tray - Sapphire", "product_brand": "Superware", "combo": []}, {"category": "Kitchen, Garden & Pets", "sub_category_name": "Crockery & Cutlery", "product_name": "100% Melamine Dinner Plate Set - Black", "product_brand": "Iveo", "combo": []}, {"category": "Kitchen, Garden & Pets", "sub_category_name": "Crockery & Cutlery", "product_name": "Opalware Pudding Set - Radiant Curves", "product_brand": "LaOpala", "combo": []}, {"category": "Kitchen, Garden & Pets", "sub_category_name": "Crockery & Cutlery", "product_name": "Chai/Opalware Coffee Cup & Saucer Set - Regular, Radiant Curves", "product_brand": "LaOpala", "combo": []}, {"category": "Kitchen, Garden & Pets", "sub_category_name": "Crockery & Cutlery", "product_name": "Glass Set - Whiskey, Camilo", "product_brand": "Soogo", "combo": []}, {"category": "Kitchen, Garden & Pets", "sub_category_name": "Crockery & Cutlery", "product_name": "Tall Glass Tumbler Set - Alpine", "product_brand": "Glass Ideas", "combo": []}, {"category": "Kitchen, Garden & Pets", "sub_category_name": "Crockery & Cutlery", "product_name": "Borosilicate Tempered Glass Cook N Serve Oval Baking Dish", "product_brand": "LaOpala", "combo": []}, {"category": "Kitchen, Garden & Pets", "sub_category_name": "Crockery & Cutlery", "product_name": "Borosilicate Tempered Glass Cook N Serve Flan Dish - Flute Design", "product_brand": "LaOpala", "combo": []}, {"category": "Kitchen, Garden & Pets", "sub_category_name": "Crockery & Cutlery", "product_name": "Glass Elegant Whisky/Juice Glass Set", "product_brand": "Iveo", "combo": [["310 ml", "389.00"], ["225 ml", "339.00"]]}, {"category": "Kitchen, Garden & Pets", "sub_category_name": "Crockery & Cutlery", "product_name": "Fiesta Serving Bowl With Serving Spoon - Assorted Colour", "product_brand": "Nakoda", "combo": []}, {"category": "Kitchen, Garden & Pets", "sub_category_name": "Crockery & Cutlery", "product_name": "Chai/100% Melamine Water/Juice Tumbler - Black", "product_brand": "Iveo", "combo": []}, {"category": "Kitchen, Garden & Pets", "sub_category_name": "Crockery & Cutlery", "product_name": "Vision Glasses Galaxy Set - BN430120034", "product_brand": "Borosil", "combo": []}, {"category": "Kitchen, Garden & Pets", "sub_category_name": "Crockery & Cutlery", "product_name": "Glass Tumbler Set - Cascata", "product_brand": "Glass Ideas", "combo": []}, {"category": "Kitchen, Garden & Pets", "sub_category_name": "Crockery & Cutlery", "product_name": "Chai/Opalware Coffee Mug Set - Scarlet Blooms", "product_brand": "LaOpala", "combo": []}, {"category": "Kitchen, Garden & Pets", "sub_category_name": "Crockery & Cutlery", "product_name": "Venus Beer Mug", "product_brand": "Ziva", "combo": []}, {"category": "Kitchen, Garden & Pets", "sub_category_name": "Crockery & Cutlery", "product_name": "Chai/Bonechina Coffee Mug Set - Peter-MW-J050", "product_brand": "Claycraft", "combo": []}, {"category": "Kitchen, Garden & Pets", "sub_category_name": "Crockery & Cutlery", "product_name": "Chai/Bonechina Coffee Mug Set - Master-MW-J051", "product_brand": "Claycraft", "combo": []}, {"category": "Kitchen, Garden & Pets", "sub_category_name": "Crockery & Cutlery", "product_name": "Glass Bowl With Assorted Lid Set - Freezowarm", "product_brand": "Yera", "combo": []}, {"category": "Kitchen, Garden & Pets", "sub_category_name": "Crockery & Cutlery", "product_name": "Novara Old Fashion Whisky Juice Glass", "product_brand": "Ziva", "combo": []}, {"category": "Kitchen, Garden & Pets", "sub_category_name": "Crockery & Cutlery", "product_name": "Stainless Steel Glitter Dinner Spoon", "product_brand": "Neelam", "combo": []}, {"category": "Kitchen, Garden & Pets", "sub_category_name": "Crockery & Cutlery", "product_name": "Novara Long Drink Water Juice Glass", "product_brand": "Ziva", "combo": []}, {"category": "Kitchen, Garden & Pets", "sub_category_name": "Crockery & Cutlery", "product_name": "Chai/Bonechina Tea/Coffee Mug - Director Hamilton Series, DIR HN-2", "product_brand": "BP Bharat", "combo": []}, {"category": "Kitchen, Garden & Pets", "sub_category_name": "Crockery & Cutlery", "product_name": "Chai/Opalware Cup Set - Regular, English Lavender", "product_brand": "LaOpala", "combo": []}, {"category": "Kitchen, Garden & Pets", "sub_category_name": "Crockery & Cutlery", "product_name": "Sylvana Shot Glass Tumbler", "product_brand": "Pasabahce", "combo": []}, {"category": "Kitchen, Garden & Pets", "sub_category_name": "Crockery & Cutlery", "product_name": "Stainless Steel Desert Fork - Sunday Sapphire", "product_brand": "Anjali", "combo": []}, {"category": "Kitchen, Garden & Pets", "sub_category_name": "Crockery & Cutlery", "product_name": "Crystal Glass Tumbler Set - Classico", "product_brand": "Glass Ideas", "combo": []}, {"category": "Kitchen, Garden & Pets", "sub_category_name": "Crockery & Cutlery", "product_name": "Glass Bowl Set - Sweety", "product_brand": "Glass Ideas", "combo": []}, {"category": "Kitchen, Garden & Pets", "sub_category_name": "Crockery & Cutlery", "product_name": "Cadila Old Fashion Whisky Juice Glass", "product_brand": "Ziva", "combo": []}, {"category": "Kitchen, Garden & Pets", "sub_category_name": "Crockery & Cutlery", "product_name": "Borosilicate Tempered Glass Cook N Serve Casserole - With Lid", "product_brand": "LaOpala", "combo": []}, {"category": "Kitchen, Garden & Pets", "sub_category_name": "Crockery & Cutlery", "product_name": "100% Melamine 3D Soup Bowl Set - Blue", "product_brand": "Iveo", "combo": []}, {"category": "Kitchen, Garden & Pets", "sub_category_name": "Crockery & Cutlery", "product_name": "Glass Water/Juice Tumbler - Maxima", "product_brand": "Iveo", "combo": []}, {"category": "Kitchen, Garden & Pets", "sub_category_name": "Crockery & Cutlery", "product_name": "Glass Pearl Milk Mug - Black", "product_brand": "Iveo", "combo": []}, {"category": "Kitchen, Garden & Pets", "sub_category_name": "Crockery & Cutlery", "product_name": "Glass Tumbler Set - Cascata", "product_brand": "Glass Ideas", "combo": []}, {"category": "Kitchen, Garden & Pets", "sub_category_name": "Crockery & Cutlery", "product_name": "Chai/Opalware Coffee Mug Set - Scarlet Blooms", "product_brand": "LaOpala", "combo": []}, {"category": "Kitchen, Garden & Pets", "sub_category_name": "Crockery & Cutlery", "product_name": "Venus Beer Mug", "product_brand": "Ziva", "combo": []}, {"category": "Kitchen, Garden & Pets", "sub_category_name": "Crockery & Cutlery", "product_name": "Chai/Bonechina Coffee Mug Set - Peter-MW-J050", "product_brand": "Claycraft", "combo": []}, {"category": "Kitchen, Garden & Pets", "sub_category_name": "Crockery & Cutlery", "product_name": "Chai/Bonechina Coffee Mug Set - Master-MW-J051", "product_brand": "Claycraft", "combo": []}, {"category": "Kitchen, Garden & Pets", "sub_category_name": "Crockery & Cutlery", "product_name": "Glass Bowl With Assorted Lid Set - Freezowarm", "product_brand": "Yera", "combo": []}, {"category": "Kitchen, Garden & Pets", "sub_category_name": "Crockery & Cutlery", "product_name": "Novara Old Fashion Whisky Juice Glass", "product_brand": "Ziva", "combo": []}, {"category": "Kitchen, Garden & Pets", "sub_category_name": "Crockery & Cutlery", "product_name": "Stainless Steel Glitter Dinner Spoon", "product_brand": "Neelam", "combo": []}, {"category": "Kitchen, Garden & Pets", "sub_category_name": "Crockery & Cutlery", "product_name": "Novara Long Drink Water Juice Glass", "product_brand": "Ziva", "combo": []}, {"category": "Kitchen, Garden & Pets", "sub_category_name": "Crockery & Cutlery", "product_name": "Chai/Bonechina Tea/Coffee Mug - Director Hamilton Series, DIR HN-2", "product_brand": "BP Bharat", "combo": []}, {"category": "Kitchen, Garden & Pets", "sub_category_name": "Crockery & Cutlery", "product_name": "Chai/Opalware Cup Set - Regular, English Lavender", "product_brand": "LaOpala", "combo": []}, {"category": "Kitchen, Garden & Pets", "sub_category_name": "Crockery & Cutlery", "product_name": "Sylvana Shot Glass Tumbler", "product_brand": "Pasabahce", "combo": []}, {"category": "Kitchen, Garden & Pets", "sub_category_name": "Crockery & Cutlery", "product_name": "Stainless Steel Desert Fork - Sunday Sapphire", "product_brand": "Anjali", "combo": []}, {"category": "Kitchen, Garden & Pets", "sub_category_name": "Crockery & Cutlery", "product_name": "Crystal Glass Tumbler Set - Classico", "product_brand": "Glass Ideas", "combo": []}, {"category": "Kitchen, Garden & Pets", "sub_category_name": "Crockery & Cutlery", "product_name": "Glass Bowl Set - Sweety", "product_brand": "Glass Ideas", "combo": []}, {"category": "Kitchen, Garden & Pets", "sub_category_name": "Crockery & Cutlery", "product_name": "Cadila Old Fashion Whisky Juice Glass", "product_brand": "Ziva", "combo": []}, {"category": "Kitchen, Garden & Pets", "sub_category_name": "Crockery & Cutlery", "product_name": "Borosilicate Tempered Glass Cook N Serve Casserole - With Lid", "product_brand": "LaOpala", "combo": []}, {"category": "Kitchen, Garden & Pets", "sub_category_name": "Crockery & Cutlery", "product_name": "100% Melamine 3D Soup Bowl Set - Blue", "product_brand": "Iveo", "combo": []}, {"category": "Kitchen, Garden & Pets", "sub_category_name": "Crockery & Cutlery", "product_name": "Glass Water/Juice Tumbler - Maxima", "product_brand": "Iveo", "combo": []}, {"category": "Kitchen, Garden & Pets", "sub_category_name": "Crockery & Cutlery", "product_name": "Glass Pearl Milk Mug - Black", "product_brand": "Iveo", "combo": []}, {"category": "Kitchen, Garden & Pets", "sub_category_name": "Crockery & Cutlery", "product_name": "Glass Latte Milk Mug - Blue", "product_brand": "Iveo", "combo": []}, {"category": "Kitchen, Garden & Pets", "sub_category_name": "Crockery & Cutlery", "product_name": "Glass Pride Coffee Cup & Saucer Set - Black", "product_brand": "Iveo", "combo": []}, {"category": "Kitchen, Garden & Pets", "sub_category_name": "Crockery & Cutlery", "product_name": "Glass Beer/Juice Mug", "product_brand": "Iveo", "combo": []}, {"category": "Kitchen, Garden & Pets", "sub_category_name": "Crockery & Cutlery", "product_name": "Glass Awesome Beer/Juice Mug", "product_brand": "Iveo", "combo": []}, {"category": "Kitchen, Garden & Pets", "sub_category_name": "Crockery & Cutlery", "product_name": "Dessert Knife Set - Flair", "product_brand": "Montavo", "combo": []}, {"category": "Kitchen, Garden & Pets", "sub_category_name": "Crockery & Cutlery", "product_name": "Dessert Spoon Set - Orchid", "product_brand": "Montavo", "combo": []}, {"category": "Kitchen, Garden & Pets", "sub_category_name": "Crockery & Cutlery", "product_name": "Stainless Steel Iconic Master Soup", "product_brand": "Neelam", "combo": []}, {"category": "Kitchen, Garden & Pets", "sub_category_name": "Crockery & Cutlery", "product_name": "Stainless Steel Iconic Dinner Fork", "product_brand": "Neelam", "combo": []}, {"category": "Kitchen, Garden & Pets", "sub_category_name": "Crockery & Cutlery", "product_name": "Stainless Steel Iconic Table Spoon", "product_brand": "Neelam", "combo": []}, {"category": "Kitchen, Garden & Pets", "sub_category_name": "Crockery & Cutlery", "product_name": "Stainless Steel Crest Coffee Spoon", "product_brand": "Neelam", "combo": []}, {"category": "Kitchen, Garden & Pets", "sub_category_name": "Crockery & Cutlery", "product_name": "Stainless Steel Crest Tea Spoon", "product_brand": "Neelam", "combo": []}, {"category": "Kitchen, Garden & Pets", "sub_category_name": "Crockery & Cutlery", "product_name": "Stainless Steel Crest Master Spoon", "product_brand": "Neelam", "combo": []}, {"category": "Kitchen, Garden & Pets", "sub_category_name": "Crockery & Cutlery", "product_name": "Stainless Steel Crest Master Fork", "product_brand": "Neelam", "combo": []}, {"category": "Kitchen, Garden & Pets", "sub_category_name": "Crockery & Cutlery", "product_name": "Stainless Steel Crest Master Soup Spoon", "product_brand": "Neelam", "combo": []}, {"category": "Kitchen, Garden & Pets", "sub_category_name": "Crockery & Cutlery", "product_name": "Stainless Steel Crest Dinner Spoon", "product_brand": "Neelam", "combo": []}, {"category": "Kitchen, Garden & Pets", "sub_category_name": "Crockery & Cutlery", "product_name": "Stainless Steel Crest Dinner Fork", "product_brand": "Neelam", "combo": []}, {"category": "Kitchen, Garden & Pets", "sub_category_name": "Crockery & Cutlery", "product_name": "Stainless Steel Crest Dinner Knife", "product_brand": "Neelam", "combo": []}, {"category": "Kitchen, Garden & Pets", "sub_category_name": "Crockery & Cutlery", "product_name": "Stainless Steel Classic Master Soup Spoon", "product_brand": "Neelam", "combo": []}, {"category": "Kitchen, Garden & Pets", "sub_category_name": "Crockery & Cutlery", "product_name": "Stainless Steel Classic Dinner Spoon", "product_brand": "Neelam", "combo": []}, {"category": "Kitchen, Garden & Pets", "sub_category_name": "Crockery & Cutlery", "product_name": "Stainless Steel Classic Tablespoon", "product_brand": "Neelam", "combo": []}, {"category": "Kitchen, Garden & Pets", "sub_category_name": "Crockery & Cutlery", "product_name": "Glass Tumbler Set - Cascata", "product_brand": "Glass Ideas", "combo": []}, {"category": "Kitchen, Garden & Pets", "sub_category_name": "Crockery & Cutlery", "product_name": "Chai/Opalware Coffee Mug Set - Scarlet Blooms", "product_brand": "LaOpala", "combo": []}, {"category": "Kitchen, Garden & Pets", "sub_category_name": "Crockery & Cutlery", "product_name": "Venus Beer Mug", "product_brand": "Ziva", "combo": []}, {"category": "Kitchen, Garden & Pets", "sub_category_name": "Crockery & Cutlery", "product_name": "Chai/Bonechina Coffee Mug Set - Peter-MW-J050", "product_brand": "Claycraft", "combo": []}, {"category": "Kitchen, Garden & Pets", "sub_category_name": "Crockery & Cutlery", "product_name": "Chai/Bonechina Coffee Mug Set - Master-MW-J051", "product_brand": "Claycraft", "combo": []}, {"category": "Kitchen, Garden & Pets", "sub_category_name": "Crockery & Cutlery", "product_name": "Glass Bowl With Assorted Lid Set - Freezowarm", "product_brand": "Yera", "combo": []}, {"category": "Kitchen, Garden & Pets", "sub_category_name": "Crockery & Cutlery", "product_name": "Novara Old Fashion Whisky Juice Glass", "product_brand": "Ziva", "combo": []}, {"category": "Kitchen, Garden & Pets", "sub_category_name": "Crockery & Cutlery", "product_name": "Stainless Steel Glitter Dinner Spoon", "product_brand": "Neelam", "combo": []}, {"category": "Kitchen, Garden & Pets", "sub_category_name": "Crockery & Cutlery", "product_name": "Novara Long Drink Water Juice Glass", "product_brand": "Ziva", "combo": []}, {"category": "Kitchen, Garden & Pets", "sub_category_name": "Crockery & Cutlery", "product_name": "Chai/Bonechina Tea/Coffee Mug - Director Hamilton Series, DIR HN-2", "product_brand": "BP Bharat", "combo": []}, {"category": "Kitchen, Garden & Pets", "sub_category_name": "Crockery & Cutlery", "product_name": "Chai/Opalware Cup Set - Regular, English Lavender", "product_brand": "LaOpala", "combo": []}, {"category": "Kitchen, Garden & Pets", "sub_category_name": "Crockery & Cutlery", "product_name": "Sylvana Shot Glass Tumbler", "product_brand": "Pasabahce", "combo": []}, {"category": "Kitchen, Garden & Pets", "sub_category_name": "Crockery & Cutlery", "product_name": "Stainless Steel Desert Fork - Sunday Sapphire", "product_brand": "Anjali", "combo": []}, {"category": "Kitchen, Garden & Pets", "sub_category_name": "Crockery & Cutlery", "product_name": "Crystal Glass Tumbler Set - Classico", "product_brand": "Glass Ideas", "combo": []}, {"category": "Kitchen, Garden & Pets", "sub_category_name": "Crockery & Cutlery", "product_name": "Glass Bowl Set - Sweety", "product_brand": "Glass Ideas", "combo": []}, {"category": "Kitchen, Garden & Pets", "sub_category_name": "Crockery & Cutlery", "product_name": "Cadila Old Fashion Whisky Juice Glass", "product_brand": "Ziva", "combo": []}, {"category": "Kitchen, Garden & Pets", "sub_category_name": "Crockery & Cutlery", "product_name": "Borosilicate Tempered Glass Cook N Serve Casserole - With Lid", "product_brand": "LaOpala", "combo": []}, {"category": "Kitchen, Garden & Pets", "sub_category_name": "Crockery & Cutlery", "product_name": "100% Melamine 3D Soup Bowl Set - Blue", "product_brand": "Iveo", "combo": []}, {"category": "Kitchen, Garden & Pets", "sub_category_name": "Crockery & Cutlery", "product_name": "Glass Water/Juice Tumbler - Maxima", "product_brand": "Iveo", "combo": []}, {"category": "Kitchen, Garden & Pets", "sub_category_name": "Crockery & Cutlery", "product_name": "Glass Pearl Milk Mug - Black", "product_brand": "Iveo", "combo": []}, {"category": "Kitchen, Garden & Pets", "sub_category_name": "Crockery & Cutlery", "product_name": "Glass Tumbler Set - Cascata", "product_brand": "Glass Ideas", "combo": []}, {"category": "Kitchen, Garden & Pets", "sub_category_name": "Crockery & Cutlery", "product_name": "Chai/Opalware Coffee Mug Set - Scarlet Blooms", "product_brand": "LaOpala", "combo": []}, {"category": "Kitchen, Garden & Pets", "sub_category_name": "Crockery & Cutlery", "product_name": "Venus Beer Mug", "product_brand": "Ziva", "combo": []}, {"category": "Kitchen, Garden & Pets", "sub_category_name": "Crockery & Cutlery", "product_name": "Chai/Bonechina Coffee Mug Set - Peter-MW-J050", "product_brand": "Claycraft", "combo": []}, {"category": "Kitchen, Garden & Pets", "sub_category_name": "Crockery & Cutlery", "product_name": "Chai/Bonechina Coffee Mug Set - Master-MW-J051", "product_brand": "Claycraft", "combo": []}, {"category": "Kitchen, Garden & Pets", "sub_category_name": "Crockery & Cutlery", "product_name": "Glass Bowl With Assorted Lid Set - Freezowarm", "product_brand": "Yera", "combo": []}, {"category": "Kitchen, Garden & Pets", "sub_category_name": "Crockery & Cutlery", "product_name": "Novara Old Fashion Whisky Juice Glass", "product_brand": "Ziva", "combo": []}, {"category": "Kitchen, Garden & Pets", "sub_category_name": "Crockery & Cutlery", "product_name": "Stainless Steel Glitter Dinner Spoon", "product_brand": "Neelam", "combo": []}, {"category": "Kitchen, Garden & Pets", "sub_category_name": "Crockery & Cutlery", "product_name": "Novara Long Drink Water Juice Glass", "product_brand": "Ziva", "combo": []}, {"category": "Kitchen, Garden & Pets", "sub_category_name": "Crockery & Cutlery", "product_name": "Chai/Bonechina Tea/Coffee Mug - Director Hamilton Series, DIR HN-2", "product_brand": "BP Bharat", "combo": []}, {"category": "Kitchen, Garden & Pets", "sub_category_name": "Crockery & Cutlery", "product_name": "Chai/Opalware Cup Set - Regular, English Lavender", "product_brand": "LaOpala", "combo": []}, {"category": "Kitchen, Garden & Pets", "sub_category_name": "Crockery & Cutlery", "product_name": "Sylvana Shot Glass Tumbler", "product_brand": "Pasabahce", "combo": []}, {"category": "Kitchen, Garden & Pets", "sub_category_name": "Crockery & Cutlery", "product_name": "Stainless Steel Desert Fork - Sunday Sapphire", "product_brand": "Anjali", "combo": []}, {"category": "Kitchen, Garden & Pets", "sub_category_name": "Crockery & Cutlery", "product_name": "Crystal Glass Tumbler Set - Classico", "product_brand": "Glass Ideas", "combo": []}, {"category": "Kitchen, Garden & Pets", "sub_category_name": "Crockery & Cutlery", "product_name": "Glass Bowl Set - Sweety", "product_brand": "Glass Ideas", "combo": []}, {"category": "Kitchen, Garden & Pets", "sub_category_name": "Crockery & Cutlery", "product_name": "Cadila Old Fashion Whisky Juice Glass", "product_brand": "Ziva", "combo": []}, {"category": "Kitchen, Garden & Pets", "sub_category_name": "Crockery & Cutlery", "product_name": "Borosilicate Tempered Glass Cook N Serve Casserole - With Lid", "product_brand": "LaOpala", "combo": []}, {"category": "Kitchen, Garden & Pets", "sub_category_name": "Crockery & Cutlery", "product_name": "100% Melamine 3D Soup Bowl Set - Blue", "product_brand": "Iveo", "combo": []}, {"category": "Kitchen, Garden & Pets", "sub_category_name": "Crockery & Cutlery", "product_name": "Glass Water/Juice Tumbler - Maxima", "product_brand": "Iveo", "combo": []}, {"category": "Kitchen, Garden & Pets", "sub_category_name": "Crockery & Cutlery", "product_name": "Glass Pearl Milk Mug - Black", "product_brand": "Iveo", "combo": []}, {"category": "Kitchen, Garden & Pets", "sub_category_name": "Crockery & Cutlery", "product_name": "Glass Tumbler Set - Cascata", "product_brand": "Glass Ideas", "combo": []}, {"category": "Kitchen, Garden & Pets", "sub_category_name": "Crockery & Cutlery", "product_name": "Chai/Opalware Coffee Mug Set - Scarlet Blooms", "product_brand": "LaOpala", "combo": []}, {"category": "Kitchen, Garden & Pets", "sub_category_name": "Crockery & Cutlery", "product_name": "Venus Beer Mug", "product_brand": "Ziva", "combo": []}, {"category": "Kitchen, Garden & Pets", "sub_category_name": "Crockery & Cutlery", "product_name": "Chai/Bonechina Coffee Mug Set - Peter-MW-J050", "product_brand": "Claycraft", "combo": []}, {"category": "Kitchen, Garden & Pets", "sub_category_name": "Crockery & Cutlery", "product_name": "Chai/Bonechina Coffee Mug Set - Master-MW-J051", "product_brand": "Claycraft", "combo": []}, {"category": "Kitchen, Garden & Pets", "sub_category_name": "Crockery & Cutlery", "product_name": "Glass Bowl With Assorted Lid Set - Freezowarm", "product_brand": "Yera", "combo": []}, {"category": "Kitchen, Garden & Pets", "sub_category_name": "Crockery & Cutlery", "product_name": "Novara Old Fashion Whisky Juice Glass", "product_brand": "Ziva", "combo": []}, {"category": "Kitchen, Garden & Pets", "sub_category_name": "Crockery & Cutlery", "product_name": "Stainless Steel Glitter Dinner Spoon", "product_brand": "Neelam", "combo": []}, {"category": "Kitchen, Garden & Pets", "sub_category_name": "Crockery & Cutlery", "product_name": "Novara Long Drink Water Juice Glass", "product_brand": "Ziva", "combo": []}, {"category": "Kitchen, Garden & Pets", "sub_category_name": "Crockery & Cutlery", "product_name": "Chai/Bonechina Tea/Coffee Mug - Director Hamilton Series, DIR HN-2", "product_brand": "BP Bharat", "combo": []}, {"category": "Kitchen, Garden & Pets", "sub_category_name": "Crockery & Cutlery", "product_name": "Chai/Opalware Cup Set - Regular, English Lavender", "product_brand": "LaOpala", "combo": []}, {"category": "Kitchen, Garden & Pets", "sub_category_name": "Crockery & Cutlery", "product_name": "Sylvana Shot Glass Tumbler", "product_brand": "Pasabahce", "combo": []}, {"category": "Kitchen, Garden & Pets", "sub_category_name": "Crockery & Cutlery", "product_name": "Stainless Steel Desert Fork - Sunday Sapphire", "product_brand": "Anjali", "combo": []}, {"category": "Kitchen, Garden & Pets", "sub_category_name": "Crockery & Cutlery", "product_name": "Crystal Glass Tumbler Set - Classico", "product_brand": "Glass Ideas", "combo": []}, {"category": "Kitchen, Garden & Pets", "sub_category_name": "Crockery & Cutlery", "product_name": "Glass Bowl Set - Sweety", "product_brand": "Glass Ideas", "combo": []}, {"category": "Kitchen, Garden & Pets", "sub_category_name": "Crockery & Cutlery", "product_name": "Cadila Old Fashion Whisky Juice Glass", "product_brand": "Ziva", "combo": []}, {"category": "Kitchen, Garden & Pets", "sub_category_name": "Crockery & Cutlery", "product_name": "Borosilicate Tempered Glass Cook N Serve Casserole - With Lid", "product_brand": "LaOpala", "combo": []}, {"category": "Kitchen, Garden & Pets", "sub_category_name": "Crockery & Cutlery", "product_name": "100% Melamine 3D Soup Bowl Set - Blue", "product_brand": "Iveo", "combo": []}, {"category": "Kitchen, Garden & Pets", "sub_category_name": "Crockery & Cutlery", "product_name": "Glass Water/Juice Tumbler - Maxima", "product_brand": "Iveo", "combo": []}, {"category": "Kitchen, Garden & Pets", "sub_category_name": "Crockery & Cutlery", "product_name": "Glass Pearl Milk Mug - Black", "product_brand": "Iveo", "combo": []}, {"category": "Kitchen, Garden & Pets", "sub_category_name": "Crockery & Cutlery", "product_name": "Glass Tumbler Set - Cascata", "product_brand": "Glass Ideas", "combo": []}, {"category": "Kitchen, Garden & Pets", "sub_category_name": "Crockery & Cutlery", "product_name": "Chai/Opalware Coffee Mug Set - Scarlet Blooms", "product_brand": "LaOpala", "combo": []}, {"category": "Kitchen, Garden & Pets", "sub_category_name": "Crockery & Cutlery", "product_name": "Venus Beer Mug", "product_brand": "Ziva", "combo": []}, {"category": "Kitchen, Garden & Pets", "sub_category_name": "Crockery & Cutlery", "product_name": "Chai/Bonechina Coffee Mug Set - Peter-MW-J050", "product_brand": "Claycraft", "combo": []}, {"category": "Kitchen, Garden & Pets", "sub_category_name": "Crockery & Cutlery", "product_name": "Chai/Bonechina Coffee Mug Set - Master-MW-J051", "product_brand": "Claycraft", "combo": []}, {"category": "Kitchen, Garden & Pets", "sub_category_name": "Crockery & Cutlery", "product_name": "Glass Bowl With Assorted Lid Set - Freezowarm", "product_brand": "Yera", "combo": []}, {"category": "Kitchen, Garden & Pets", "sub_category_name": "Crockery & Cutlery", "product_name": "Novara Old Fashion Whisky Juice Glass", "product_brand": "Ziva", "combo": []}, {"category": "Kitchen, Garden & Pets", "sub_category_name": "Crockery & Cutlery", "product_name": "Stainless Steel Glitter Dinner Spoon", "product_brand": "Neelam", "combo": []}, {"category": "Kitchen, Garden & Pets", "sub_category_name": "Crockery & Cutlery", "product_name": "Novara Long Drink Water Juice Glass", "product_brand": "Ziva", "combo": []}, {"category": "Kitchen, Garden & Pets", "sub_category_name": "Crockery & Cutlery", "product_name": "Chai/Bonechina Tea/Coffee Mug - Director Hamilton Series, DIR HN-2", "product_brand": "BP Bharat", "combo": []}, {"category": "Kitchen, Garden & Pets", "sub_category_name": "Crockery & Cutlery", "product_name": "Chai/Opalware Cup Set - Regular, English Lavender", "product_brand": "LaOpala", "combo": []}, {"category": "Kitchen, Garden & Pets", "sub_category_name": "Crockery & Cutlery", "product_name": "Sylvana Shot Glass Tumbler", "product_brand": "Pasabahce", "combo": []}, {"category": "Kitchen, Garden & Pets", "sub_category_name": "Crockery & Cutlery", "product_name": "Stainless Steel Desert Fork - Sunday Sapphire", "product_brand": "Anjali", "combo": []}, {"category": "Kitchen, Garden & Pets", "sub_category_name": "Crockery & Cutlery", "product_name": "Crystal Glass Tumbler Set - Classico", "product_brand": "Glass Ideas", "combo": []}, {"category": "Kitchen, Garden & Pets", "sub_category_name": "Crockery & Cutlery", "product_name": "Glass Bowl Set - Sweety", "product_brand": "Glass Ideas", "combo": []}, {"category": "Kitchen, Garden & Pets", "sub_category_name": "Crockery & Cutlery", "product_name": "Cadila Old Fashion Whisky Juice Glass", "product_brand": "Ziva", "combo": []}, {"category": "Kitchen, Garden & Pets", "sub_category_name": "Crockery & Cutlery", "product_name": "Borosilicate Tempered Glass Cook N Serve Casserole - With Lid", "product_brand": "LaOpala", "combo": []}, {"category": "Kitchen, Garden & Pets", "sub_category_name": "Crockery & Cutlery", "product_name": "100% Melamine 3D Soup Bowl Set - Blue", "product_brand": "Iveo", "combo": []}, {"category": "Kitchen, Garden & Pets", "sub_category_name": "Crockery & Cutlery", "product_name": "Glass Water/Juice Tumbler - Maxima", "product_brand": "Iveo", "combo": []}, {"category": "Kitchen, Garden & Pets", "sub_category_name": "Crockery & Cutlery", "product_name": "Glass Pearl Milk Mug - Black", "product_brand": "Iveo", "combo": []}, {"category": "Kitchen, Garden & Pets", "sub_category_name": "Crockery & Cutlery", "product_name": "Borosilicate Glass Round Casserole With Lid - Bakeware Casserole", "product_brand": "Treo", "combo": []}, {"category": "Kitchen, Garden & Pets", "sub_category_name": "Crockery & Cutlery", "product_name": "Glass Square Store Fresh Storage Container", "product_brand": "Treo", "combo": []}, {"category": "Kitchen, Garden & Pets", "sub_category_name": "Crockery & Cutlery", "product_name": "100% Melamine Soup Bowl With Spoon Set - Green", "product_brand": "Iveo", "combo": []}, {"category": "Kitchen, Garden & Pets", "sub_category_name": "Crockery & Cutlery", "product_name": "100% Melamine Waves Nappy/Serving Bowl Set - Black", "product_brand": "Iveo", "combo": []}, {"category": "Kitchen, Garden & Pets", "sub_category_name": "Crockery & Cutlery", "product_name": "Borosilicate Tempered Glass Mixing Bowl", "product_brand": "LaOpala", "combo": []}, {"category": "Kitchen, Garden & Pets", "sub_category_name": "Crockery & Cutlery", "product_name": "Opalware Dinner Set -Camber Black", "product_brand": "Cello", "combo": []}, {"category": "Kitchen, Garden & Pets", "sub_category_name": "Crockery & Cutlery", "product_name": "100% Melamine Noodle Bowl - Red", "product_brand": "Iveo", "combo": []}, {"category": "Kitchen, Garden & Pets", "sub_category_name": "Crockery & Cutlery", "product_name": "Glass Tough Beer Mug", "product_brand": "Iveo", "combo": []}, {"category": "Kitchen, Garden & Pets", "sub_category_name": "Crockery & Cutlery", "product_name": "Measuring Cup", "product_brand": "Pyrex", "combo": []}, {"category": "Kitchen, Garden & Pets", "sub_category_name": "Crockery & Cutlery", "product_name": "Stainless Steel ClaStainless Steelic Tea Spoon", "product_brand": "Neelam", "combo": []}, {"category": "Kitchen, Garden & Pets", "sub_category_name": "Crockery & Cutlery", "product_name": "Microwavable Plastic Soup Bowls - Yellow", "product_brand": "Laplast", "combo": []}, {"category": "Kitchen, Garden & Pets", "sub_category_name": "Crockery & Cutlery", "product_name": "Tall Glass Tumbler Set - Aquarius", "product_brand": "Glass Ideas", "combo": []}, {"category": "Kitchen, Garden & Pets", "sub_category_name": "Crockery & Cutlery", "product_name": "100% Melamine Noodle Bowl - Green", "product_brand": "Iveo", "combo": []}, {"category": "Kitchen, Garden & Pets", "sub_category_name": "Crockery & Cutlery", "product_name": "100% Melamine Quadra Serving Bowl - Small, Black", "product_brand": "Iveo", "combo": []}, {"category": "Kitchen, Garden & Pets", "sub_category_name": "Crockery & Cutlery", "product_name": "Water Glass Set - Ivory Hi Ball", "product_brand": "Ocean", "combo": []}, {"category": "Kitchen, Garden & Pets", "sub_category_name": "Crockery & Cutlery", "product_name": "Juice/Water Glass - Centro Beverages", "product_brand": "Ocean", "combo": []}, {"category": "Kitchen, Garden & Pets", "sub_category_name": "Crockery & Cutlery", "product_name": "Shot Glass - Ring", "product_brand": "Lyra", "combo": []}, {"category": "Kitchen, Garden & Pets", "sub_category_name": "Crockery & Cutlery", "product_name": "Whisky Glass - Truva DOF", "product_brand": "Lyra", "combo": []}, {"category": "Kitchen, Garden & Pets", "sub_category_name": "Crockery & Cutlery", "product_name": "Glass Set - Salsa Flute Champagne", "product_brand": "Ocean", "combo": []}, {"category": "Kitchen, Garden & Pets", "sub_category_name": "Crockery & Cutlery", "product_name": "Beer/Whisky Glass - Celebration Beer & Whisky", "product_brand": "Ocean", "combo": []}, {"category": "Kitchen, Garden & Pets", "sub_category_name": "Crockery & Cutlery", "product_name": "Borosilicate Glass Round Casserole With Lid - Bakeware Casserole", "product_brand": "Treo", "combo": []}, {"category": "Kitchen, Garden & Pets", "sub_category_name": "Crockery & Cutlery", "product_name": "Glass Square Store Fresh Storage Container", "product_brand": "Treo", "combo": []}, {"category": "Kitchen, Garden & Pets", "sub_category_name": "Crockery & Cutlery", "product_name": "100% Melamine Soup Bowl With Spoon Set - Green", "product_brand": "Iveo", "combo": []}, {"category": "Kitchen, Garden & Pets", "sub_category_name": "Crockery & Cutlery", "product_name": "100% Melamine Waves Nappy/Serving Bowl Set - Black", "product_brand": "Iveo", "combo": []}, {"category": "Kitchen, Garden & Pets", "sub_category_name": "Crockery & Cutlery", "product_name": "Borosilicate Tempered Glass Mixing Bowl", "product_brand": "LaOpala", "combo": []}, {"category": "Kitchen, Garden & Pets", "sub_category_name": "Crockery & Cutlery", "product_name": "Opalware Dinner Set -Camber Black", "product_brand": "Cello", "combo": []}, {"category": "Kitchen, Garden & Pets", "sub_category_name": "Crockery & Cutlery", "product_name": "100% Melamine Noodle Bowl - Red", "product_brand": "Iveo", "combo": []}, {"category": "Kitchen, Garden & Pets", "sub_category_name": "Crockery & Cutlery", "product_name": "Glass Tough Beer Mug", "product_brand": "Iveo", "combo": []}, {"category": "Kitchen, Garden & Pets", "sub_category_name": "Crockery & Cutlery", "product_name": "Measuring Cup", "product_brand": "Pyrex", "combo": []}, {"category": "Kitchen, Garden & Pets", "sub_category_name": "Crockery & Cutlery", "product_name": "Stainless Steel ClaStainless Steelic Tea Spoon", "product_brand": "Neelam", "combo": []}, {"category": "Kitchen, Garden & Pets", "sub_category_name": "Crockery & Cutlery", "product_name": "Microwavable Plastic Soup Bowls - Yellow", "product_brand": "Laplast", "combo": []}, {"category": "Kitchen, Garden & Pets", "sub_category_name": "Crockery & Cutlery", "product_name": "Tall Glass Tumbler Set - Aquarius", "product_brand": "Glass Ideas", "combo": []}, {"category": "Kitchen, Garden & Pets", "sub_category_name": "Crockery & Cutlery", "product_name": "100% Melamine Noodle Bowl - Green", "product_brand": "Iveo", "combo": []}, {"category": "Kitchen, Garden & Pets", "sub_category_name": "Crockery & Cutlery", "product_name": "100% Melamine Quadra Serving Bowl - Small, Black", "product_brand": "Iveo", "combo": []}, {"category": "Kitchen, Garden & Pets", "sub_category_name": "Crockery & Cutlery", "product_name": "Water Glass Set - Ivory Hi Ball", "product_brand": "Ocean", "combo": []}, {"category": "Kitchen, Garden & Pets", "sub_category_name": "Crockery & Cutlery", "product_name": "Juice/Water Glass - Centro Beverages", "product_brand": "Ocean", "combo": []}, {"category": "Kitchen, Garden & Pets", "sub_category_name": "Crockery & Cutlery", "product_name": "Shot Glass - Ring", "product_brand": "Lyra", "combo": []}, {"category": "Kitchen, Garden & Pets", "sub_category_name": "Crockery & Cutlery", "product_name": "Whisky Glass - Truva DOF", "product_brand": "Lyra", "combo": []}, {"category": "Kitchen, Garden & Pets", "sub_category_name": "Crockery & Cutlery", "product_name": "Glass Set - Salsa Flute Champagne", "product_brand": "Ocean", "combo": []}, {"category": "Kitchen, Garden & Pets", "sub_category_name": "Crockery & Cutlery", "product_name": "Beer/Whisky Glass - Celebration Beer & Whisky", "product_brand": "Ocean", "combo": []}, {"category": "Kitchen, Garden & Pets", "sub_category_name": "Crockery & Cutlery", "product_name": "Juice Glass - Karat, 52886", "product_brand": "Pasabahce", "combo": []}, {"category": "Kitchen, Garden & Pets", "sub_category_name": "Crockery & Cutlery", "product_name": "Chai/Bone China Tea/Coffee Cups - Contour Design", "product_brand": "Claycraft", "combo": []}, {"category": "Kitchen, Garden & Pets", "sub_category_name": "Crockery & Cutlery", "product_name": "Chai/Bone China Tea/Coffee Cups - Wave Pattern", "product_brand": "Claycraft", "combo": []}, {"category": "Kitchen, Garden & Pets", "sub_category_name": "Crockery & Cutlery", "product_name": "Water Juice Glass Set - Salsa Hi Ball", "product_brand": "Ocean", "combo": []}, {"category": "Kitchen, Garden & Pets", "sub_category_name": "Crockery & Cutlery", "product_name": "Shot Glass - Plaza Shot", "product_brand": "Ocean", "combo": []}, {"category": "Kitchen, Garden & Pets", "sub_category_name": "Crockery & Cutlery", "product_name": "Whisky Glass Lune Dof Everyday", "product_brand": "Lyra", "combo": []}, {"category": "Kitchen, Garden & Pets", "sub_category_name": "Crockery & Cutlery", "product_name": "Istanbul Juice/Whisky Glass Tumbler", "product_brand": "Pasabahce", "combo": []}, {"category": "Kitchen, Garden & Pets", "sub_category_name": "Crockery & Cutlery", "product_name": "Ophelia Whisky Glass Tumbler", "product_brand": "Pasabahce", "combo": []}, {"category": "Kitchen, Garden & Pets", "sub_category_name": "Crockery & Cutlery", "product_name": "Twist Shot Glass Tumbler", "product_brand": "Pasabahce", "combo": []}, {"category": "Kitchen, Garden & Pets", "sub_category_name": "Crockery & Cutlery", "product_name": "Chai/Tea/ Coffee Bone China Microwave Series Small Mug Set - Diamond", "product_brand": "BP Bharat", "combo": []}, {"category": "Kitchen, Garden & Pets", "sub_category_name": "Crockery & Cutlery", "product_name": "Shot Glass", "product_brand": "Lyra", "combo": []}, {"category": "Kitchen, Garden & Pets", "sub_category_name": "Crockery & Cutlery", "product_name": "Penguen Tea/Coffee Mug - Evergreen", "product_brand": "Pasabahce", "combo": []}, {"category": "Kitchen, Garden & Pets", "sub_category_name": "Crockery & Cutlery", "product_name": "Chai/Bone China Tea/Coffee Cups - Blue & Silver Print", "product_brand": "Claycraft", "combo": []}, {"category": "Kitchen, Garden & Pets", "sub_category_name": "Crockery & Cutlery", "product_name": "Stainless Steel Crest Table Spoon", "product_brand": "Neelam", "combo": []}, {"category": "Kitchen, Garden & Pets", "sub_category_name": "Crockery & Cutlery", "product_name": "Stainless Steel Classic Master Fork", "product_brand": "Neelam", "combo": []}, {"category": "Kitchen, Garden & Pets", "sub_category_name": "Crockery & Cutlery", "product_name": "Stainless Steel Glitter Master Spoon", "product_brand": "Neelam", "combo": []}, {"category": "Kitchen, Garden & Pets", "sub_category_name": "Crockery & Cutlery", "product_name": "Salt & Pepper Set - Stainless Steel Lid, BB1533", "product_brand": "DP", "combo": []}, {"category": "Kitchen, Garden & Pets", "sub_category_name": "Crockery & Cutlery", "product_name": "Chai/Bone China Tea/Coffee Cups - Purple Flower & Stripe Pattern", "product_brand": "Claycraft", "combo": []}, {"category": "Kitchen, Garden & Pets", "sub_category_name": "Crockery & Cutlery", "product_name": "Veg Bowl - Country Cottage, ES", "product_brand": "Corelle", "combo": []}, {"category": "Kitchen, Garden & Pets", "sub_category_name": "Crockery & Cutlery", "product_name": "Opalware Dinner Set - Aqua Leaves", "product_brand": "Cello", "combo": []}, {"category": "Kitchen, Garden & Pets", "sub_category_name": "Crockery & Cutlery", "product_name": "Borosilicate Glass Round Casserole With Lid - Bakeware Casserole", "product_brand": "Treo", "combo": []}, {"category": "Kitchen, Garden & Pets", "sub_category_name": "Crockery & Cutlery", "product_name": "Glass Square Store Fresh Storage Container", "product_brand": "Treo", "combo": []}, {"category": "Kitchen, Garden & Pets", "sub_category_name": "Crockery & Cutlery", "product_name": "100% Melamine Soup Bowl With Spoon Set - Green", "product_brand": "Iveo", "combo": []}, {"category": "Kitchen, Garden & Pets", "sub_category_name": "Crockery & Cutlery", "product_name": "100% Melamine Waves Nappy/Serving Bowl Set - Black", "product_brand": "Iveo", "combo": []}, {"category": "Kitchen, Garden & Pets", "sub_category_name": "Crockery & Cutlery", "product_name": "Borosilicate Tempered Glass Mixing Bowl", "product_brand": "LaOpala", "combo": []}, {"category": "Kitchen, Garden & Pets", "sub_category_name": "Crockery & Cutlery", "product_name": "Opalware Dinner Set -Camber Black", "product_brand": "Cello", "combo": []}, {"category": "Kitchen, Garden & Pets", "sub_category_name": "Crockery & Cutlery", "product_name": "100% Melamine Noodle Bowl - Red", "product_brand": "Iveo", "combo": []}, {"category": "Kitchen, Garden & Pets", "sub_category_name": "Crockery & Cutlery", "product_name": "Glass Tough Beer Mug", "product_brand": "Iveo", "combo": []}, {"category": "Kitchen, Garden & Pets", "sub_category_name": "Crockery & Cutlery", "product_name": "Measuring Cup", "product_brand": "Pyrex", "combo": []}, {"category": "Kitchen, Garden & Pets", "sub_category_name": "Crockery & Cutlery", "product_name": "Stainless Steel ClaStainless Steelic Tea Spoon", "product_brand": "Neelam", "combo": []}, {"category": "Kitchen, Garden & Pets", "sub_category_name": "Crockery & Cutlery", "product_name": "Microwavable Plastic Soup Bowls - Yellow", "product_brand": "Laplast", "combo": []}, {"category": "Kitchen, Garden & Pets", "sub_category_name": "Crockery & Cutlery", "product_name": "Tall Glass Tumbler Set - Aquarius", "product_brand": "Glass Ideas", "combo": []}, {"category": "Kitchen, Garden & Pets", "sub_category_name": "Crockery & Cutlery", "product_name": "100% Melamine Noodle Bowl - Green", "product_brand": "Iveo", "combo": []}, {"category": "Kitchen, Garden & Pets", "sub_category_name": "Crockery & Cutlery", "product_name": "100% Melamine Quadra Serving Bowl - Small, Black", "product_brand": "Iveo", "combo": []}, {"category": "Kitchen, Garden & Pets", "sub_category_name": "Crockery & Cutlery", "product_name": "Water Glass Set - Ivory Hi Ball", "product_brand": "Ocean", "combo": []}, {"category": "Kitchen, Garden & Pets", "sub_category_name": "Crockery & Cutlery", "product_name": "Juice/Water Glass - Centro Beverages", "product_brand": "Ocean", "combo": []}, {"category": "Kitchen, Garden & Pets", "sub_category_name": "Crockery & Cutlery", "product_name": "Shot Glass - Ring", "product_brand": "Lyra", "combo": []}, {"category": "Kitchen, Garden & Pets", "sub_category_name": "Crockery & Cutlery", "product_name": "Whisky Glass - Truva DOF", "product_brand": "Lyra", "combo": []}, {"category": "Kitchen, Garden & Pets", "sub_category_name": "Crockery & Cutlery", "product_name": "Glass Set - Salsa Flute Champagne", "product_brand": "Ocean", "combo": []}, {"category": "Kitchen, Garden & Pets", "sub_category_name": "Crockery & Cutlery", "product_name": "Beer/Whisky Glass - Celebration Beer & Whisky", "product_brand": "Ocean", "combo": []}, {"category": "Kitchen, Garden & Pets", "sub_category_name": "Crockery & Cutlery", "product_name": "Borosilicate Glass Round Casserole With Lid - Bakeware Casserole", "product_brand": "Treo", "combo": []}, {"category": "Kitchen, Garden & Pets", "sub_category_name": "Crockery & Cutlery", "product_name": "Glass Square Store Fresh Storage Container", "product_brand": "Treo", "combo": []}, {"category": "Kitchen, Garden & Pets", "sub_category_name": "Crockery & Cutlery", "product_name": "100% Melamine Soup Bowl With Spoon Set - Green", "product_brand": "Iveo", "combo": []}, {"category": "Kitchen, Garden & Pets", "sub_category_name": "Crockery & Cutlery", "product_name": "100% Melamine Waves Nappy/Serving Bowl Set - Black", "product_brand": "Iveo", "combo": []}, {"category": "Kitchen, Garden & Pets", "sub_category_name": "Crockery & Cutlery", "product_name": "Borosilicate Tempered Glass Mixing Bowl", "product_brand": "LaOpala", "combo": []}, {"category": "Kitchen, Garden & Pets", "sub_category_name": "Crockery & Cutlery", "product_name": "Opalware Dinner Set -Camber Black", "product_brand": "Cello", "combo": []}, {"category": "Kitchen, Garden & Pets", "sub_category_name": "Crockery & Cutlery", "product_name": "100% Melamine Noodle Bowl - Red", "product_brand": "Iveo", "combo": []}, {"category": "Kitchen, Garden & Pets", "sub_category_name": "Crockery & Cutlery", "product_name": "Glass Tough Beer Mug", "product_brand": "Iveo", "combo": []}, {"category": "Kitchen, Garden & Pets", "sub_category_name": "Crockery & Cutlery", "product_name": "Measuring Cup", "product_brand": "Pyrex", "combo": []}, {"category": "Kitchen, Garden & Pets", "sub_category_name": "Crockery & Cutlery", "product_name": "Stainless Steel ClaStainless Steelic Tea Spoon", "product_brand": "Neelam", "combo": []}, {"category": "Kitchen, Garden & Pets", "sub_category_name": "Crockery & Cutlery", "product_name": "Microwavable Plastic Soup Bowls - Yellow", "product_brand": "Laplast", "combo": []}, {"category": "Kitchen, Garden & Pets", "sub_category_name": "Crockery & Cutlery", "product_name": "Tall Glass Tumbler Set - Aquarius", "product_brand": "Glass Ideas", "combo": []}, {"category": "Kitchen, Garden & Pets", "sub_category_name": "Crockery & Cutlery", "product_name": "100% Melamine Noodle Bowl - Green", "product_brand": "Iveo", "combo": []}, {"category": "Kitchen, Garden & Pets", "sub_category_name": "Crockery & Cutlery", "product_name": "100% Melamine Quadra Serving Bowl - Small, Black", "product_brand": "Iveo", "combo": []}, {"category": "Kitchen, Garden & Pets", "sub_category_name": "Crockery & Cutlery", "product_name": "Water Glass Set - Ivory Hi Ball", "product_brand": "Ocean", "combo": []}, {"category": "Kitchen, Garden & Pets", "sub_category_name": "Crockery & Cutlery", "product_name": "Juice/Water Glass - Centro Beverages", "product_brand": "Ocean", "combo": []}, {"category": "Kitchen, Garden & Pets", "sub_category_name": "Crockery & Cutlery", "product_name": "Shot Glass - Ring", "product_brand": "Lyra", "combo": []}, {"category": "Kitchen, Garden & Pets", "sub_category_name": "Crockery & Cutlery", "product_name": "Whisky Glass - Truva DOF", "product_brand": "Lyra", "combo": []}, {"category": "Kitchen, Garden & Pets", "sub_category_name": "Crockery & Cutlery", "product_name": "Glass Set - Salsa Flute Champagne", "product_brand": "Ocean", "combo": []}, {"category": "Kitchen, Garden & Pets", "sub_category_name": "Crockery & Cutlery", "product_name": "Beer/Whisky Glass - Celebration Beer & Whisky", "product_brand": "Ocean", "combo": []}, {"category": "Kitchen, Garden & Pets", "sub_category_name": "Crockery & Cutlery", "product_name": "Borosilicate Glass Round Casserole With Lid - Bakeware Casserole", "product_brand": "Treo", "combo": []}, {"category": "Kitchen, Garden & Pets", "sub_category_name": "Crockery & Cutlery", "product_name": "Glass Square Store Fresh Storage Container", "product_brand": "Treo", "combo": []}, {"category": "Kitchen, Garden & Pets", "sub_category_name": "Crockery & Cutlery", "product_name": "100% Melamine Soup Bowl With Spoon Set - Green", "product_brand": "Iveo", "combo": []}, {"category": "Kitchen, Garden & Pets", "sub_category_name": "Crockery & Cutlery", "product_name": "100% Melamine Waves Nappy/Serving Bowl Set - Black", "product_brand": "Iveo", "combo": []}, {"category": "Kitchen, Garden & Pets", "sub_category_name": "Crockery & Cutlery", "product_name": "Borosilicate Tempered Glass Mixing Bowl", "product_brand": "LaOpala", "combo": []}, {"category": "Kitchen, Garden & Pets", "sub_category_name": "Crockery & Cutlery", "product_name": "Opalware Dinner Set -Camber Black", "product_brand": "Cello", "combo": []}, {"category": "Kitchen, Garden & Pets", "sub_category_name": "Crockery & Cutlery", "product_name": "100% Melamine Noodle Bowl - Red", "product_brand": "Iveo", "combo": []}, {"category": "Kitchen, Garden & Pets", "sub_category_name": "Crockery & Cutlery", "product_name": "Glass Tough Beer Mug", "product_brand": "Iveo", "combo": []}, {"category": "Kitchen, Garden & Pets", "sub_category_name": "Crockery & Cutlery", "product_name": "Measuring Cup", "product_brand": "Pyrex", "combo": []}, {"category": "Kitchen, Garden & Pets", "sub_category_name": "Crockery & Cutlery", "product_name": "Stainless Steel ClaStainless Steelic Tea Spoon", "product_brand": "Neelam", "combo": []}, {"category": "Kitchen, Garden & Pets", "sub_category_name": "Crockery & Cutlery", "product_name": "Microwavable Plastic Soup Bowls - Yellow", "product_brand": "Laplast", "combo": []}, {"category": "Kitchen, Garden & Pets", "sub_category_name": "Crockery & Cutlery", "product_name": "Tall Glass Tumbler Set - Aquarius", "product_brand": "Glass Ideas", "combo": []}, {"category": "Kitchen, Garden & Pets", "sub_category_name": "Crockery & Cutlery", "product_name": "100% Melamine Noodle Bowl - Green", "product_brand": "Iveo", "combo": []}, {"category": "Kitchen, Garden & Pets", "sub_category_name": "Crockery & Cutlery", "product_name": "100% Melamine Quadra Serving Bowl - Small, Black", "product_brand": "Iveo", "combo": []}, {"category": "Kitchen, Garden & Pets", "sub_category_name": "Crockery & Cutlery", "product_name": "Water Glass Set - Ivory Hi Ball", "product_brand": "Ocean", "combo": []}, {"category": "Kitchen, Garden & Pets", "sub_category_name": "Crockery & Cutlery", "product_name": "Juice/Water Glass - Centro Beverages", "product_brand": "Ocean", "combo": []}, {"category": "Kitchen, Garden & Pets", "sub_category_name": "Crockery & Cutlery", "product_name": "Shot Glass - Ring", "product_brand": "Lyra", "combo": []}, {"category": "Kitchen, Garden & Pets", "sub_category_name": "Crockery & Cutlery", "product_name": "Whisky Glass - Truva DOF", "product_brand": "Lyra", "combo": []}, {"category": "Kitchen, Garden & Pets", "sub_category_name": "Crockery & Cutlery", "product_name": "Glass Set - Salsa Flute Champagne", "product_brand": "Ocean", "combo": []}, {"category": "Kitchen, Garden & Pets", "sub_category_name": "Crockery & Cutlery", "product_name": "Beer/Whisky Glass - Celebration Beer & Whisky", "product_brand": "Ocean", "combo": []}, {"category": "Kitchen, Garden & Pets", "sub_category_name": "Crockery & Cutlery", "product_name": "Round Glass Bakeware Coffee/Tea Pot With Strainer", "product_brand": "Treo", "combo": []}, {"category": "Kitchen, Garden & Pets", "sub_category_name": "Crockery & Cutlery", "product_name": "Valse Whisky Glass Tumbler", "product_brand": "Pasabahce", "combo": []}, {"category": "Kitchen, Garden & Pets", "sub_category_name": "Crockery & Cutlery", "product_name": "Melamine 2 Pcs Snack Set With Tray - Copper", "product_brand": "Superware", "combo": []}, {"category": "Kitchen, Garden & Pets", "sub_category_name": "Crockery & Cutlery", "product_name": "Melamine 2 Pcs Snack Set With Tray - Emerald", "product_brand": "Superware", "combo": []}, {"category": "Kitchen, Garden & Pets", "sub_category_name": "Crockery & Cutlery", "product_name": "Gradient Water/Juice Glass Tumbler", "product_brand": "BB Home", "combo": []}, {"category": "Kitchen, Garden & Pets", "sub_category_name": "Crockery & Cutlery", "product_name": "Gradient Whisky/Juice Glass Tumbler", "product_brand": "BB Home", "combo": []}, {"category": "Kitchen, Garden & Pets", "sub_category_name": "Crockery & Cutlery", "product_name": "Cross Whisky/Juice Glass Tumbler", "product_brand": "BB Home", "combo": []}, {"category": "Kitchen, Garden & Pets", "sub_category_name": "Crockery & Cutlery", "product_name": "Jupiter Whisky/Juice Glass Tumbler", "product_brand": "BB Home", "combo": []}, {"category": "Kitchen, Garden & Pets", "sub_category_name": "Crockery & Cutlery", "product_name": "Jupiter Water/Juice Glass Tumbler", "product_brand": "BB Home", "combo": []}, {"category": "Kitchen, Garden & Pets", "sub_category_name": "Crockery & Cutlery", "product_name": "Pluto Water/Juice Glass Tumble", "product_brand": "BB Home", "combo": []}, {"category": "Kitchen, Garden & Pets", "sub_category_name": "Crockery & Cutlery", "product_name": "Chai/Bonechina Tumbler - Multicolour", "product_brand": "Claycraft", "combo": []}, {"category": "Kitchen, Garden & Pets", "sub_category_name": "Crockery & Cutlery", "product_name": "Water & Juice Glass - Long Pure", "product_brand": "Krosno - Europe", "combo": []}, {"category": "Kitchen, Garden & Pets", "sub_category_name": "Crockery & Cutlery", "product_name": "Chai/100% Melamine Smart Coffee Cup Set - Black", "product_brand": "Iveo", "combo": []}, {"category": "Kitchen, Garden & Pets", "sub_category_name": "Crockery & Cutlery", "product_name": "Glass Cafe Milk/Coffee Mug - Blue", "product_brand": "Iveo", "combo": []}, {"category": "Kitchen, Garden & Pets", "sub_category_name": "Crockery & Cutlery", "product_name": "Opalware Pudding Set - Scarlet Blooms", "product_brand": "LaOpala", "combo": []}, {"category": "Kitchen, Garden & Pets", "sub_category_name": "Crockery & Cutlery", "product_name": "Sylvana Whisky Glass Tumbler", "product_brand": "Pasabahce", "combo": []}, {"category": "Kitchen, Garden & Pets", "sub_category_name": "Crockery & Cutlery", "product_name": "Shot Glass - Dance", "product_brand": "Pasabahce", "combo": []}, {"category": "Kitchen, Garden & Pets", "sub_category_name": "Crockery & Cutlery", "product_name": "Bistro Shot Glass/Stemware", "product_brand": "Pasabahce", "combo": []}, {"category": "Kitchen, Garden & Pets", "sub_category_name": "Crockery & Cutlery", "product_name": "Casserole - With Microwavable Lid, Round, Borosilicate", "product_brand": "Treo", "combo": []}, {"category": "Kitchen, Garden & Pets", "sub_category_name": "Crockery & Cutlery", "product_name": "Casserole - With Microwavable Lid, Round, Borosilicate", "product_brand": "Treo", "combo": []}, {"category": "Kitchen, Garden & Pets", "sub_category_name": "Crockery & Cutlery", "product_name": "Round Glass Bakeware Coffee/Tea Pot With Strainer", "product_brand": "Treo", "combo": []}, {"category": "Kitchen, Garden & Pets", "sub_category_name": "Crockery & Cutlery", "product_name": "Valse Whisky Glass Tumbler", "product_brand": "Pasabahce", "combo": []}, {"category": "Kitchen, Garden & Pets", "sub_category_name": "Crockery & Cutlery", "product_name": "Melamine 2 Pcs Snack Set With Tray - Copper", "product_brand": "Superware", "combo": []}, {"category": "Kitchen, Garden & Pets", "sub_category_name": "Crockery & Cutlery", "product_name": "Melamine 2 Pcs Snack Set With Tray - Emerald", "product_brand": "Superware", "combo": []}, {"category": "Kitchen, Garden & Pets", "sub_category_name": "Crockery & Cutlery", "product_name": "Gradient Water/Juice Glass Tumbler", "product_brand": "BB Home", "combo": []}, {"category": "Kitchen, Garden & Pets", "sub_category_name": "Crockery & Cutlery", "product_name": "Gradient Whisky/Juice Glass Tumbler", "product_brand": "BB Home", "combo": []}, {"category": "Kitchen, Garden & Pets", "sub_category_name": "Crockery & Cutlery", "product_name": "Cross Whisky/Juice Glass Tumbler", "product_brand": "BB Home", "combo": []}, {"category": "Kitchen, Garden & Pets", "sub_category_name": "Crockery & Cutlery", "product_name": "Jupiter Whisky/Juice Glass Tumbler", "product_brand": "BB Home", "combo": []}, {"category": "Kitchen, Garden & Pets", "sub_category_name": "Crockery & Cutlery", "product_name": "Jupiter Water/Juice Glass Tumbler", "product_brand": "BB Home", "combo": []}, {"category": "Kitchen, Garden & Pets", "sub_category_name": "Crockery & Cutlery", "product_name": "Pluto Water/Juice Glass Tumble", "product_brand": "BB Home", "combo": []}, {"category": "Kitchen, Garden & Pets", "sub_category_name": "Crockery & Cutlery", "product_name": "Chai/Bonechina Tumbler - Multicolour", "product_brand": "Claycraft", "combo": []}, {"category": "Kitchen, Garden & Pets", "sub_category_name": "Crockery & Cutlery", "product_name": "Water & Juice Glass - Long Pure", "product_brand": "Krosno - Europe", "combo": []}, {"category": "Kitchen, Garden & Pets", "sub_category_name": "Crockery & Cutlery", "product_name": "Chai/100% Melamine Smart Coffee Cup Set - Black", "product_brand": "Iveo", "combo": []}, {"category": "Kitchen, Garden & Pets", "sub_category_name": "Crockery & Cutlery", "product_name": "Glass Cafe Milk/Coffee Mug - Blue", "product_brand": "Iveo", "combo": []}, {"category": "Kitchen, Garden & Pets", "sub_category_name": "Crockery & Cutlery", "product_name": "Opalware Pudding Set - Scarlet Blooms", "product_brand": "LaOpala", "combo": []}, {"category": "Kitchen, Garden & Pets", "sub_category_name": "Crockery & Cutlery", "product_name": "Sylvana Whisky Glass Tumbler", "product_brand": "Pasabahce", "combo": []}, {"category": "Kitchen, Garden & Pets", "sub_category_name": "Crockery & Cutlery", "product_name": "Shot Glass - Dance", "product_brand": "Pasabahce", "combo": []}, {"category": "Kitchen, Garden & Pets", "sub_category_name": "Crockery & Cutlery", "product_name": "Bistro Shot Glass/Stemware", "product_brand": "Pasabahce", "combo": []}, {"category": "Kitchen, Garden & Pets", "sub_category_name": "Crockery & Cutlery", "product_name": "Casserole - With Microwavable Lid, Round, Borosilicate", "product_brand": "Treo", "combo": []}, {"category": "Kitchen, Garden & Pets", "sub_category_name": "Crockery & Cutlery", "product_name": "Casserole - With Microwavable Lid, Round, Borosilicate", "product_brand": "Treo", "combo": []}, {"category": "Kitchen, Garden & Pets", "sub_category_name": "Crockery & Cutlery", "product_name": "Round Glass Bakeware Coffee/Tea Pot With Strainer", "product_brand": "Treo", "combo": []}, {"category": "Kitchen, Garden & Pets", "sub_category_name": "Crockery & Cutlery", "product_name": "Valse Whisky Glass Tumbler", "product_brand": "Pasabahce", "combo": []}, {"category": "Kitchen, Garden & Pets", "sub_category_name": "Crockery & Cutlery", "product_name": "Melamine 2 Pcs Snack Set With Tray - Copper", "product_brand": "Superware", "combo": []}, {"category": "Kitchen, Garden & Pets", "sub_category_name": "Crockery & Cutlery", "product_name": "Melamine 2 Pcs Snack Set With Tray - Emerald", "product_brand": "Superware", "combo": []}, {"category": "Kitchen, Garden & Pets", "sub_category_name": "Crockery & Cutlery", "product_name": "Gradient Water/Juice Glass Tumbler", "product_brand": "BB Home", "combo": []}, {"category": "Kitchen, Garden & Pets", "sub_category_name": "Crockery & Cutlery", "product_name": "Gradient Whisky/Juice Glass Tumbler", "product_brand": "BB Home", "combo": []}, {"category": "Kitchen, Garden & Pets", "sub_category_name": "Crockery & Cutlery", "product_name": "Cross Whisky/Juice Glass Tumbler", "product_brand": "BB Home", "combo": []}, {"category": "Kitchen, Garden & Pets", "sub_category_name": "Crockery & Cutlery", "product_name": "Jupiter Whisky/Juice Glass Tumbler", "product_brand": "BB Home", "combo": []}, {"category": "Kitchen, Garden & Pets", "sub_category_name": "Crockery & Cutlery", "product_name": "Jupiter Water/Juice Glass Tumbler", "product_brand": "BB Home", "combo": []}, {"category": "Kitchen, Garden & Pets", "sub_category_name": "Crockery & Cutlery", "product_name": "Pluto Water/Juice Glass Tumble", "product_brand": "BB Home", "combo": []}, {"category": "Kitchen, Garden & Pets", "sub_category_name": "Crockery & Cutlery", "product_name": "Chai/Bonechina Tumbler - Multicolour", "product_brand": "Claycraft", "combo": []}, {"category": "Kitchen, Garden & Pets", "sub_category_name": "Crockery & Cutlery", "product_name": "Water & Juice Glass - Long Pure", "product_brand": "Krosno - Europe", "combo": []}, {"category": "Kitchen, Garden & Pets", "sub_category_name": "Crockery & Cutlery", "product_name": "Chai/100% Melamine Smart Coffee Cup Set - Black", "product_brand": "Iveo", "combo": []}, {"category": "Kitchen, Garden & Pets", "sub_category_name": "Crockery & Cutlery", "product_name": "Glass Cafe Milk/Coffee Mug - Blue", "product_brand": "Iveo", "combo": []}, {"category": "Kitchen, Garden & Pets", "sub_category_name": "Crockery & Cutlery", "product_name": "Opalware Pudding Set - Scarlet Blooms", "product_brand": "LaOpala", "combo": []}, {"category": "Kitchen, Garden & Pets", "sub_category_name": "Crockery & Cutlery", "product_name": "Sylvana Whisky Glass Tumbler", "product_brand": "Pasabahce", "combo": []}, {"category": "Kitchen, Garden & Pets", "sub_category_name": "Crockery & Cutlery", "product_name": "Shot Glass - Dance", "product_brand": "Pasabahce", "combo": []}, {"category": "Kitchen, Garden & Pets", "sub_category_name": "Crockery & Cutlery", "product_name": "Bistro Shot Glass/Stemware", "product_brand": "Pasabahce", "combo": []}, {"category": "Kitchen, Garden & Pets", "sub_category_name": "Crockery & Cutlery", "product_name": "Casserole - With Microwavable Lid, Round, Borosilicate", "product_brand": "Treo", "combo": []}, {"category": "Kitchen, Garden & Pets", "sub_category_name": "Crockery & Cutlery", "product_name": "Casserole - With Microwavable Lid, Round, Borosilicate", "product_brand": "Treo", "combo": []}, {"category": "Kitchen, Garden & Pets", "sub_category_name": "Crockery & Cutlery", "product_name": "Round Glass Bakeware Coffee/Tea Pot With Strainer", "product_brand": "Treo", "combo": []}, {"category": "Kitchen, Garden & Pets", "sub_category_name": "Crockery & Cutlery", "product_name": "Valse Whisky Glass Tumbler", "product_brand": "Pasabahce", "combo": []}, {"category": "Kitchen, Garden & Pets", "sub_category_name": "Crockery & Cutlery", "product_name": "Melamine 2 Pcs Snack Set With Tray - Copper", "product_brand": "Superware", "combo": []}, {"category": "Kitchen, Garden & Pets", "sub_category_name": "Crockery & Cutlery", "product_name": "Melamine 2 Pcs Snack Set With Tray - Emerald", "product_brand": "Superware", "combo": []}, {"category": "Kitchen, Garden & Pets", "sub_category_name": "Crockery & Cutlery", "product_name": "Gradient Water/Juice Glass Tumbler", "product_brand": "BB Home", "combo": []}, {"category": "Kitchen, Garden & Pets", "sub_category_name": "Crockery & Cutlery", "product_name": "Gradient Whisky/Juice Glass Tumbler", "product_brand": "BB Home", "combo": []}, {"category": "Kitchen, Garden & Pets", "sub_category_name": "Crockery & Cutlery", "product_name": "Cross Whisky/Juice Glass Tumbler", "product_brand": "BB Home", "combo": []}, {"category": "Kitchen, Garden & Pets", "sub_category_name": "Crockery & Cutlery", "product_name": "Jupiter Whisky/Juice Glass Tumbler", "product_brand": "BB Home", "combo": []}, {"category": "Kitchen, Garden & Pets", "sub_category_name": "Crockery & Cutlery", "product_name": "Jupiter Water/Juice Glass Tumbler", "product_brand": "BB Home", "combo": []}, {"category": "Kitchen, Garden & Pets", "sub_category_name": "Crockery & Cutlery", "product_name": "Pluto Water/Juice Glass Tumble", "product_brand": "BB Home", "combo": []}, {"category": "Kitchen, Garden & Pets", "sub_category_name": "Crockery & Cutlery", "product_name": "Chai/Bonechina Tumbler - Multicolour", "product_brand": "Claycraft", "combo": []}, {"category": "Kitchen, Garden & Pets", "sub_category_name": "Crockery & Cutlery", "product_name": "Water & Juice Glass - Long Pure", "product_brand": "Krosno - Europe", "combo": []}, {"category": "Kitchen, Garden & Pets", "sub_category_name": "Crockery & Cutlery", "product_name": "Chai/100% Melamine Smart Coffee Cup Set - Black", "product_brand": "Iveo", "combo": []}, {"category": "Kitchen, Garden & Pets", "sub_category_name": "Crockery & Cutlery", "product_name": "Glass Cafe Milk/Coffee Mug - Blue", "product_brand": "Iveo", "combo": []}, {"category": "Kitchen, Garden & Pets", "sub_category_name": "Crockery & Cutlery", "product_name": "Opalware Pudding Set - Scarlet Blooms", "product_brand": "LaOpala", "combo": []}, {"category": "Kitchen, Garden & Pets", "sub_category_name": "Crockery & Cutlery", "product_name": "Sylvana Whisky Glass Tumbler", "product_brand": "Pasabahce", "combo": []}, {"category": "Kitchen, Garden & Pets", "sub_category_name": "Crockery & Cutlery", "product_name": "Shot Glass - Dance", "product_brand": "Pasabahce", "combo": []}, {"category": "Kitchen, Garden & Pets", "sub_category_name": "Crockery & Cutlery", "product_name": "Bistro Shot Glass/Stemware", "product_brand": "Pasabahce", "combo": []}, {"category": "Kitchen, Garden & Pets", "sub_category_name": "Crockery & Cutlery", "product_name": "Casserole - With Microwavable Lid, Round, Borosilicate", "product_brand": "Treo", "combo": []}, {"category": "Kitchen, Garden & Pets", "sub_category_name": "Crockery & Cutlery", "product_name": "Casserole - With Microwavable Lid, Round, Borosilicate", "product_brand": "Treo", "combo": []}, {"category": "Kitchen, Garden & Pets", "sub_category_name": "Crockery & Cutlery", "product_name": "Opalware Dazzle Dinner Set - Scarlet Bliss", "product_brand": "Cello", "combo": []}, {"category": "Kitchen, Garden & Pets", "sub_category_name": "Crockery & Cutlery", "product_name": "Stainless Steel Iconic Master Spoon", "product_brand": "Neelam", "combo": []}, {"category": "Kitchen, Garden & Pets", "sub_category_name": "Crockery & Cutlery", "product_name": "Stainless Steel Iconic Master Fork", "product_brand": "Neelam", "combo": []}, {"category": "Kitchen, Garden & Pets", "sub_category_name": "Crockery & Cutlery", "product_name": "Stainless Steel Iconic Dinner Knife", "product_brand": "Neelam", "combo": []}, {"category": "Kitchen, Garden & Pets", "sub_category_name": "Crockery & Cutlery", "product_name": "Stainless Steel Classic Coffee Spoon", "product_brand": "Neelam", "combo": []}, {"category": "Kitchen, Garden & Pets", "sub_category_name": "Crockery & Cutlery", "product_name": "Stainless Steel Glitter Dinner Fork", "product_brand": "Neelam", "combo": []}, {"category": "Kitchen, Garden & Pets", "sub_category_name": "Crockery & Cutlery", "product_name": "Stainless Steel Glitter Table Spoon", "product_brand": "Neelam", "combo": []}, {"category": "Kitchen, Garden & Pets", "sub_category_name": "Crockery & Cutlery", "product_name": "Stainless Steel Stencil Master Soup Spoon", "product_brand": "Neelam", "combo": []}, {"category": "Kitchen, Garden & Pets", "sub_category_name": "Crockery & Cutlery", "product_name": "Antalya Juicewater Glass Tumbler", "product_brand": "Pasabahce", "combo": []}, {"category": "Kitchen, Garden & Pets", "sub_category_name": "Crockery & Cutlery", "product_name": "Glass Tumbler Manhattan Long Drink", "product_brand": "Treo", "combo": []}, {"category": "Kitchen, Garden & Pets", "sub_category_name": "Crockery & Cutlery", "product_name": "Amphio Glass Tumbler Set", "product_brand": "Cello", "combo": []}, {"category": "Kitchen, Garden & Pets", "sub_category_name": "Crockery & Cutlery", "product_name": "Toughened Glass Microwavable Mixing/Serving Bowl", "product_brand": "Iveo", "combo": []}, {"category": "Kitchen, Garden & Pets", "sub_category_name": "Crockery & Cutlery", "product_name": "100% Melamine Dinner Set Black", "product_brand": "Iveo", "combo": []}, {"category": "Kitchen, Garden & Pets", "sub_category_name": "Crockery & Cutlery", "product_name": "Opalware Melody Dinner Set - Golden Fiesta", "product_brand": "LaOpala", "combo": []}, {"category": "Kitchen, Garden & Pets", "sub_category_name": "Crockery & Cutlery", "product_name": "Opalware Imperial Dinner Set - Amazon Creeper", "product_brand": "Cello", "combo": []}, {"category": "Kitchen, Garden & Pets", "sub_category_name": "Crockery & Cutlery", "product_name": "Glass - D Ziner Lyon", "product_brand": "Treo", "combo": []}, {"category": "Kitchen, Garden & Pets", "sub_category_name": "Crockery & Cutlery", "product_name": "Chai/Opalware Coffee Cup & Saucer Set - Regular, Silken Charms", "product_brand": "LaOpala", "combo": []}, {"category": "Kitchen, Garden & Pets", "sub_category_name": "Crockery & Cutlery", "product_name": "Chai/Opalware Coffee Cup & Saucer Set - Regular, Scarlet Blooms", "product_brand": "LaOpala", "combo": []}, {"category": "Kitchen, Garden & Pets", "sub_category_name": "Crockery & Cutlery", "product_name": "Borosil Square Dish with Handle - IH22DH12216", "product_brand": "Borosil", "combo": []}, {"category": "Kitchen, Garden & Pets", "sub_category_name": "Crockery & Cutlery", "product_name": "Opalware Soup Set - English Lavender", "product_brand": "LaOpala", "combo": []}, {"category": "Kitchen, Garden & Pets", "sub_category_name": "Crockery & Cutlery", "product_name": "Luna Glass Whisky/Juice/water Glass Tumbler", "product_brand": "Pasabahce", "combo": []}, {"category": "Kitchen, Garden & Pets", "sub_category_name": "Crockery & Cutlery", "product_name": "Casablanca Juice/Water/Whisky Glass Tumbler - Medium", "product_brand": "Pasabahce", "combo": []}, {"category": "Kitchen, Garden & Pets", "sub_category_name": "Crockery & Cutlery", "product_name": "Opalware Soup Bowl Set - English Lavender", "product_brand": "LaOpala", "combo": []}, {"category": "Kitchen, Garden & Pets", "sub_category_name": "Crockery & Cutlery", "product_name": "Tea Spoon - Super Pack", "product_brand": "Ritu", "combo": []}, {"category": "Kitchen, Garden & Pets", "sub_category_name": "Crockery & Cutlery", "product_name": "Dessert Spoon - Super Pack", "product_brand": "Ritu", "combo": []}, {"category": "Kitchen, Garden & Pets", "sub_category_name": "Crockery & Cutlery", "product_name": "Opalware Dinner Set - Neelkamal", "product_brand": "Cello", "combo": []}, {"category": "Kitchen, Garden & Pets", "sub_category_name": "Crockery & Cutlery", "product_name": "Rectangular Dish - Transparent, ICY22RD0116", "product_brand": "Borosil", "combo": []}, {"category": "Kitchen, Garden & Pets", "sub_category_name": "Crockery & Cutlery", "product_name": "Glass Bowl With Pink Lid Set - Freezowarm", "product_brand": "Yera", "combo": []}, {"category": "Kitchen, Garden & Pets", "sub_category_name": "Crockery & Cutlery", "product_name": "Pantry/Cookie/Snacks Glass Jar With Blue Lid", "product_brand": "Yera", "combo": []}, {"category": "Kitchen, Garden & Pets", "sub_category_name": "Crockery & Cutlery", "product_name": "Pantry/Cookie/Snacks Glass Jar With Blue Lid", "product_brand": "Yera", "combo": []}, {"category": "Kitchen, Garden & Pets", "sub_category_name": "Crockery & Cutlery", "product_name": "Pantry/Cookie/Snacks Glass Jar With Blue Lid", "product_brand": "Yera", "combo": []}, {"category": "Kitchen, Garden & Pets", "sub_category_name": "Crockery & Cutlery", "product_name": "Pantry/Cookie/Snacks Round Glass Jar With Blue Lid", "product_brand": "Yera", "combo": []}, {"category": "Kitchen, Garden & Pets", "sub_category_name": "Crockery & Cutlery", "product_name": "Pantry/Cookie/Snacks Glass Jar With Blue Lid", "product_brand": "Yera", "combo": []}, {"category": "Kitchen, Garden & Pets", "sub_category_name": "Crockery & Cutlery", "product_name": "Water/Juice Glass", "product_brand": "Yera", "combo": []}, {"category": "Kitchen, Garden & Pets", "sub_category_name": "Crockery & Cutlery", "product_name": "Borosilicate Glass Baking Oblong", "product_brand": "Pyrex", "combo": []}, {"category": "Kitchen, Garden & Pets", "sub_category_name": "Crockery & Cutlery", "product_name": "Munich Cool Transparent Glass Beer Mug", "product_brand": "Treo", "combo": []}, {"category": "Kitchen, Garden & Pets", "sub_category_name": "Crockery & Cutlery", "product_name": "Ice Cream Dessert Bowl - Destina", "product_brand": "Lyra", "combo": []}, {"category": "Kitchen, Garden & Pets", "sub_category_name": "Crockery & Cutlery", "product_name": "Bowl Set - California", "product_brand": "Hi-Luxe", "combo": []}, {"category": "Kitchen, Garden & Pets", "sub_category_name": "Crockery & Cutlery", "product_name": "Steel Spoon - Small, Premium Excel Series, BBCL06", "product_brand": "BB Home", "combo": []}]