[{"category": "Bakery, Cakes & Dairy", "sub_category_name": "Ice Creams & Desserts", "product_name": "Belgium Chocolate Cheesecake", "product_brand": "The Finishing Touch", "combo": []}, {"category": "Bakery, Cakes & Dairy", "sub_category_name": "Ice Creams & Desserts", "product_name": "Tiramisu", "product_brand": "The Finishing Touch", "combo": []}, {"category": "Bakery, Cakes & Dairy", "sub_category_name": "Ice Creams & Desserts", "product_name": "Raspberry Dark Chocolate Ice Cream Cake", "product_brand": "Havmor", "combo": []}, {"category": "Bakery, Cakes & Dairy", "sub_category_name": "Ice Creams & Desserts", "product_name": "Strawberry Cheese Ice Cream Cake", "product_brand": "Havmor", "combo": []}, {"category": "Bakery, Cakes & Dairy", "sub_category_name": "Ice Creams & Desserts", "product_name": "Zulubar Hazeltella Candy", "product_brand": "Havmor", "combo": []}, {"category": "Bakery, Cakes & Dairy", "sub_category_name": "Ice Creams & Desserts", "product_name": "Zulubar Candy", "product_brand": "Havmor", "combo": []}, {"category": "Bakery, Cakes & Dairy", "sub_category_name": "Ice Creams & Desserts", "product_name": "Triple Chocolate Blockbuster", "product_brand": "Havmor", "combo": []}, {"category": "Bakery, Cakes & Dairy", "sub_category_name": "Ice Creams & Desserts", "product_name": "Mango Magic Blockbuster", "product_brand": "Havmor", "combo": []}, {"category": "Bakery, Cakes & Dairy", "sub_category_name": "Ice Creams & Desserts", "product_name": "Choco Truffle Blockbuster", "product_brand": "Havmor", "combo": []}, {"category": "Bakery, Cakes & Dairy", "sub_category_name": "Ice Creams & Desserts", "product_name": "Cookie Cream Blockbuster", "product_brand": "Havmor", "combo": []}, {"category": "Bakery, Cakes & Dairy", "sub_category_name": "Ice Creams & Desserts", "product_name": "Toffee Ice Cream", "product_brand": "Havmor", "combo": []}, {"category": "Bakery, Cakes & Dairy", "sub_category_name": "Ice Creams & Desserts", "product_name": "Choco Browie Cone", "product_brand": "Havmor", "combo": []}, {"category": "Bakery, Cakes & Dairy", "sub_category_name": "Ice Creams & Desserts", "product_name": "Butter Scotch Cone", "product_brand": "Havmor", "combo": []}, {"category": "Bakery, Cakes & Dairy", "sub_category_name": "Ice Creams & Desserts", "product_name": "Choco Brownie Double Sundae", "product_brand": "Havmor", "combo": []}, {"category": "Bakery, Cakes & Dairy", "sub_category_name": "Ice Creams & Desserts", "product_name": "Sandwich Ice Cream", "product_brand": "Havmor", "combo": []}, {"category": "Bakery, Cakes & Dairy", "sub_category_name": "Ice Creams & Desserts", "product_name": "Hazelnut Rocher Ice Cream Cake", "product_brand": "Havmor", "combo": []}, {"category": "Bakery, Cakes & Dairy", "sub_category_name": "Ice Creams & Desserts", "product_name": "Dark Chocolate Cone", "product_brand": "Havmor", "combo": []}, {"category": "Bakery, Cakes & Dairy", "sub_category_name": "Ice Creams & Desserts", "product_name": "Real Ice Cream - Vanilla Magic", "product_brand": "Amul", "combo": []}, {"category": "Bakery, Cakes & Dairy", "sub_category_name": "Ice Creams & Desserts", "product_name": "Real Ice Cream - Roasted Almond", "product_brand": "Amul", "combo": []}, {"category": "Bakery, Cakes & Dairy", "sub_category_name": "Ice Creams & Desserts", "product_name": "Real Ice Cream - Choco Chips", "product_brand": "Amul", "combo": []}, {"category": "Bakery, Cakes & Dairy", "sub_category_name": "Ice Creams & Desserts", "product_name": "Frozen Dessert - Dark Divine Chocolate Sensation", "product_brand": "kwality walls", "combo": []}, {"category": "Bakery, Cakes & Dairy", "sub_category_name": "Ice Creams & Desserts", "product_name": "Frozen Dessert - Creme Delights Mango", "product_brand": "kwality walls", "combo": []}, {"category": "Bakery, Cakes & Dairy", "sub_category_name": "Ice Creams & Desserts", "product_name": "Real Ice Cream - Rajbhog", "product_brand": "Amul", "combo": []}, {"category": "Bakery, Cakes & Dairy", "sub_category_name": "Ice Creams & Desserts", "product_name": "Ice Cream - Choco Almond 'N' Kesar Badam", "product_brand": "Amul", "combo": []}, {"category": "Bakery, Cakes & Dairy", "sub_category_name": "Ice Creams & Desserts", "product_name": "Frozen Dessert - Oreo & Creme", "product_brand": "kwality walls", "combo": []}, {"category": "Bakery, Cakes & Dairy", "sub_category_name": "Ice Creams & Desserts", "product_name": "Frozen Dessert - Crunchy Butterscotch", "product_brand": "kwality walls", "combo": []}, {"category": "Bakery, Cakes & Dairy", "sub_category_name": "Ice Creams & Desserts", "product_name": "Real Ice Cream - Moroccan Dry Fruit", "product_brand": "Amul", "combo": []}, {"category": "Bakery, Cakes & Dairy", "sub_category_name": "Ice Creams & Desserts", "product_name": "Ice Cream - King Alphonso", "product_brand": "Amul", "combo": []}, {"category": "Bakery, Cakes & Dairy", "sub_category_name": "Ice Creams & Desserts", "product_name": "Frozen Dessert - Creme Caramel", "product_brand": "kwality walls", "combo": []}, {"category": "Bakery, Cakes & Dairy", "sub_category_name": "Ice Creams & Desserts", "product_name": "Natural Ice Cream - Madagascar", "product_brand": "NIC", "combo": []}, {"category": "Bakery, Cakes & Dairy", "sub_category_name": "Ice Creams & Desserts", "product_name": "Real Ice Cream - Chocolate Brownie", "product_brand": "Amul", "combo": []}, {"category": "Bakery, Cakes & Dairy", "sub_category_name": "Ice Creams & Desserts", "product_name": "Natural Ice Cream - Mango", "product_brand": "NIC", "combo": []}, {"category": "Bakery, Cakes & Dairy", "sub_category_name": "Ice Creams & Desserts", "product_name": "Natural Ice Cream - Cookies & Cream", "product_brand": "NIC", "combo": []}, {"category": "Bakery, Cakes & Dairy", "sub_category_name": "Ice Creams & Desserts", "product_name": "Dry Fruit Malai Ice Cream", "product_brand": "Havmor", "combo": []}, {"category": "Bakery, Cakes & Dairy", "sub_category_name": "Ice Creams & Desserts", "product_name": "Ice Cream Cake - Golden Fantasy", "product_brand": "Havmor", "combo": []}, {"category": "Bakery, Cakes & Dairy", "sub_category_name": "Ice Creams & Desserts", "product_name": "Natural Ice Cream - Chocochip", "product_brand": "NIC", "combo": []}, {"category": "Bakery, Cakes & Dairy", "sub_category_name": "Ice Creams & Desserts", "product_name": "Signature Kesar Malti Ice Cream", "product_brand": "Havmor", "combo": []}, {"category": "Bakery, Cakes & Dairy", "sub_category_name": "Ice Creams & Desserts", "product_name": "Natural Ice Cream - Anjeer", "product_brand": "NIC", "combo": []}, {"category": "Bakery, Cakes & Dairy", "sub_category_name": "Ice Creams & Desserts", "product_name": "Malai Kulfi", "product_brand": "Cream Pot", "combo": []}, {"category": "Bakery, Cakes & Dairy", "sub_category_name": "Ice Creams & Desserts", "product_name": "Real Ice Cream - Strawberry Real Magic", "product_brand": "Amul", "combo": []}, {"category": "Bakery, Cakes & Dairy", "sub_category_name": "Ice Creams & Desserts", "product_name": "Frozen Dessert - Shameless Vanilla", "product_brand": "kwality walls", "combo": []}, {"category": "Bakery, Cakes & Dairy", "sub_category_name": "Ice Creams & Desserts", "product_name": "Real Ice Cream - Fruit 'n' Nut Fantasy", "product_brand": "Amul", "combo": []}, {"category": "Bakery, Cakes & Dairy", "sub_category_name": "Ice Creams & Desserts", "product_name": "Kulfi", "product_brand": "Havmor", "combo": []}, {"category": "Bakery, Cakes & Dairy", "sub_category_name": "Ice Creams & Desserts", "product_name": "Real Ice Cream - Chocolate Magic", "product_brand": "Amul", "combo": []}, {"category": "Bakery, Cakes & Dairy", "sub_category_name": "Ice Creams & Desserts", "product_name": "Ice Cream Cake - Chocolate", "product_brand": "Havmor", "combo": []}, {"category": "Bakery, Cakes & Dairy", "sub_category_name": "Ice Creams & Desserts", "product_name": "Dry Fruit Matka Kulfi", "product_brand": "Cream Pot", "combo": []}, {"category": "Bakery, Cakes & Dairy", "sub_category_name": "Ice Creams & Desserts", "product_name": "Ice Cream Cake - Black Forest", "product_brand": "Havmor", "combo": []}, {"category": "Bakery, Cakes & Dairy", "sub_category_name": "Ice Creams & Desserts", "product_name": "Signature Nutty Belgian Dark Chocolate Ice Cream", "product_brand": "Havmor", "combo": []}, {"category": "Bakery, Cakes & Dairy", "sub_category_name": "Ice Creams & Desserts", "product_name": "Choco Brownie Ice cream", "product_brand": "Havmor", "combo": []}, {"category": "Bakery, Cakes & Dairy", "sub_category_name": "Ice Creams & Desserts", "product_name": "Natural Ice Cream - Apricot", "product_brand": "NIC", "combo": []}, {"category": "Bakery, Cakes & Dairy", "sub_category_name": "Ice Creams & Desserts", "product_name": "Real Ice Cream - Butterscotch Bliss", "product_brand": "Amul", "combo": []}, {"category": "Bakery, Cakes & Dairy", "sub_category_name": "Ice Creams & Desserts", "product_name": "Ice Cream Cake - Butterscotch Cookie", "product_brand": "Havmor", "combo": []}, {"category": "Bakery, Cakes & Dairy", "sub_category_name": "Ice Creams & Desserts", "product_name": "Natural Ice Cream - Alphonso Mango", "product_brand": "NIC", "combo": []}, {"category": "Bakery, Cakes & Dairy", "sub_category_name": "Ice Creams & Desserts", "product_name": "Ice Cream Cake - Italian Cassata", "product_brand": "Havmor", "combo": []}, {"category": "Bakery, Cakes & Dairy", "sub_category_name": "Ice Creams & Desserts", "product_name": "Natural Ice Cream - Sugarless Roasted Almond", "product_brand": "NIC", "combo": []}, {"category": "Bakery, Cakes & Dairy", "sub_category_name": "Ice Creams & Desserts", "product_name": "Natural Ice Cream - Yummy Chocochips", "product_brand": "NIC", "combo": []}, {"category": "Bakery, Cakes & Dairy", "sub_category_name": "Ice Creams & Desserts", "product_name": "Natural Ice Cream - Tendor Coconut", "product_brand": "NIC", "combo": []}, {"category": "Bakery, Cakes & Dairy", "sub_category_name": "Ice Creams & Desserts", "product_name": "Signature Nutty Belgian Dark Chocolate Ice Cream", "product_brand": "Havmor", "combo": []}, {"category": "Bakery, Cakes & Dairy", "sub_category_name": "Ice Creams & Desserts", "product_name": "Butterscotch Gold Ice Cream", "product_brand": "Amul", "combo": [["1 L", "225.00"], ["2x1 L", "450.00"]]}, {"category": "Bakery, Cakes & Dairy", "sub_category_name": "Ice Creams & Desserts", "product_name": "Signature Kesar Malti Ice Cream", "product_brand": "Havmor", "combo": []}, {"category": "Bakery, Cakes & Dairy", "sub_category_name": "Ice Creams & Desserts", "product_name": "Natural Ice Cream - Mixed Berries", "product_brand": "NIC", "combo": []}, {"category": "Bakery, Cakes & Dairy", "sub_category_name": "Ice Creams & Desserts", "product_name": "Frozen Dessert - Fruit & Nut", "product_brand": "kwality walls", "combo": []}, {"category": "Bakery, Cakes & Dairy", "sub_category_name": "Ice Creams & Desserts", "product_name": "Tender Coconut Tub - Frozen Dessert", "product_brand": "kwality walls", "combo": []}, {"category": "Bakery, Cakes & Dairy", "sub_category_name": "Ice Creams & Desserts", "product_name": "Ice Cream - Rich Caramel", "product_brand": "Amul", "combo": []}, {"category": "Bakery, Cakes & Dairy", "sub_category_name": "Ice Creams & Desserts", "product_name": "King Alphonso Gold Ice Cream", "product_brand": "Amul", "combo": [["2x1 L", "450.00"], ["1 L", "225.00"]]}, {"category": "Bakery, Cakes & Dairy", "sub_category_name": "Ice Creams & Desserts", "product_name": "Ice Cream - Choco Caramel", "product_brand": "Amul", "combo": []}, {"category": "Bakery, Cakes & Dairy", "sub_category_name": "Ice Creams & Desserts", "product_name": "Ice Cream - Caramel Cookies", "product_brand": "Amul", "combo": []}, {"category": "Bakery, Cakes & Dairy", "sub_category_name": "Ice Creams & Desserts", "product_name": "Ice Cream - Rich Almond Fudge", "product_brand": "Amul", "combo": []}, {"category": "Bakery, Cakes & Dairy", "sub_category_name": "Ice Creams & Desserts", "product_name": "Fruit N Nut Fantasy Ice Cream", "product_brand": "Amul", "combo": []}, {"category": "Bakery, Cakes & Dairy", "sub_category_name": "Ice Creams & Desserts", "product_name": "Shalimar Ice Cream", "product_brand": "Amul", "combo": []}, {"category": "Bakery, Cakes & Dairy", "sub_category_name": "Ice Creams & Desserts", "product_name": "Natural Ice Cream - Sitaphal", "product_brand": "NIC", "combo": []}, {"category": "Bakery, Cakes & Dairy", "sub_category_name": "Ice Creams & Desserts", "product_name": "Orange Salsa Gold Ice Cream", "product_brand": "Amul", "combo": [["1 L", "225.00"], ["2x1 L", "450.00"]]}, {"category": "Bakery, Cakes & Dairy", "sub_category_name": "Ice Creams & Desserts", "product_name": "Cookies N Cream Gold Ice Cream", "product_brand": "Amul", "combo": [["2x1 L", "450.00"], ["1 L", "225.00"]]}, {"category": "Bakery, Cakes & Dairy", "sub_category_name": "Ice Creams & Desserts", "product_name": "Rajbhog Ice Cream", "product_brand": "Amul", "combo": []}, {"category": "Bakery, Cakes & Dairy", "sub_category_name": "Ice Creams & Desserts", "product_name": "Chocolate Brownie Ice Cream", "product_brand": "Amul", "combo": []}, {"category": "Bakery, Cakes & Dairy", "sub_category_name": "Ice Creams & Desserts", "product_name": "Ice Cream - Cookies n Cream", "product_brand": "Baskin Robbins", "combo": []}, {"category": "Bakery, Cakes & Dairy", "sub_category_name": "Ice Creams & Desserts", "product_name": "Ice Cream - Cookies & Cream", "product_brand": "London Dairy", "combo": []}, {"category": "Bakery, Cakes & Dairy", "sub_category_name": "Ice Creams & Desserts", "product_name": "Premium Ice Cream - Tiramisu", "product_brand": "London Dairy", "combo": [["500 ml", "400.00"], ["125 ml", "125.00"], ["1 L", "750.00"]]}, {"category": "Bakery, Cakes & Dairy", "sub_category_name": "Ice Creams & Desserts", "product_name": "Ice Cream - Mississippi Mud", "product_brand": "Baskin Robbins", "combo": []}, {"category": "Bakery, Cakes & Dairy", "sub_category_name": "Ice Creams & Desserts", "product_name": "Ice Cream - Praline And Cream", "product_brand": "London Dairy", "combo": []}, {"category": "Bakery, Cakes & Dairy", "sub_category_name": "Ice Creams & Desserts", "product_name": "Ice Cream - Praline And Cream", "product_brand": "London Dairy", "combo": []}, {"category": "Bakery, Cakes & Dairy", "sub_category_name": "Ice Creams & Desserts", "product_name": "Ice Cream - Vanilla Lite", "product_brand": "London Dairy", "combo": []}, {"category": "Bakery, Cakes & Dairy", "sub_category_name": "Ice Creams & Desserts", "product_name": "Ice Cream - Natural Strawberry", "product_brand": "London Dairy", "combo": []}, {"category": "Bakery, Cakes & Dairy", "sub_category_name": "Ice Creams & Desserts", "product_name": "Ice Cream - Vanilla, Premium", "product_brand": "London Dairy", "combo": [["1 L", "750.00"], ["500 ml", "400.00"]]}, {"category": "Bakery, Cakes & Dairy", "sub_category_name": "Ice Creams & Desserts", "product_name": "Ice Cream - Natural Strawberry, Family Pack", "product_brand": "London Dairy", "combo": []}, {"category": "Bakery, Cakes & Dairy", "sub_category_name": "Ice Creams & Desserts", "product_name": "Vegan French Vanilla Ice Cream", "product_brand": "Papacream", "combo": []}, {"category": "Bakery, Cakes & Dairy", "sub_category_name": "Ice Creams & Desserts", "product_name": "Ice Cream - Almond Praline", "product_brand": "Baskin Robbins", "combo": []}, {"category": "Bakery, Cakes & Dairy", "sub_category_name": "Ice Creams & Desserts", "product_name": "Alphanso Mango Ice Cream", "product_brand": "Baskin Robbins", "combo": []}, {"category": "Bakery, Cakes & Dairy", "sub_category_name": "Ice Creams & Desserts", "product_name": "Ice Cream - Chocolate Lite", "product_brand": "London Dairy", "combo": []}, {"category": "Bakery, Cakes & Dairy", "sub_category_name": "Ice Creams & Desserts", "product_name": "Ice Cream - Cookies & Cream Sticks", "product_brand": "Haagen-Dazs", "combo": []}, {"category": "Bakery, Cakes & Dairy", "sub_category_name": "Ice Creams & Desserts", "product_name": "Stick - Chocolate Choc Almond", "product_brand": "Haagen-Dazs", "combo": []}, {"category": "Bakery, Cakes & Dairy", "sub_category_name": "Ice Creams & Desserts", "product_name": "Ice Cream - Black Currant", "product_brand": "Baskin Robbins", "combo": []}, {"category": "Bakery, Cakes & Dairy", "sub_category_name": "Ice Creams & Desserts", "product_name": "Ice Cream - Caramel Biscuit", "product_brand": "London Dairy", "combo": []}, {"category": "Bakery, Cakes & Dairy", "sub_category_name": "Ice Creams & Desserts", "product_name": "Ice Cream - Mango Sorbet", "product_brand": "London Dairy", "combo": []}, {"category": "Bakery, Cakes & Dairy", "sub_category_name": "Ice Creams & Desserts", "product_name": "Ice Cream - Double Chocolate", "product_brand": "London Dairy", "combo": []}, {"category": "Bakery, Cakes & Dairy", "sub_category_name": "Ice Creams & Desserts", "product_name": "Ice Cream - Strawberry", "product_brand": "Haagen-Dazs", "combo": []}, {"category": "Bakery, Cakes & Dairy", "sub_category_name": "Ice Creams & Desserts", "product_name": "Ice Cream - Honey Nut Crunch", "product_brand": "Baskin Robbins", "combo": []}, {"category": "Bakery, Cakes & Dairy", "sub_category_name": "Ice Creams & Desserts", "product_name": "Vegan Peanut Butter Jelly Ice Cream", "product_brand": "Papacream", "combo": []}, {"category": "Bakery, Cakes & Dairy", "sub_category_name": "Ice Creams & Desserts", "product_name": "Ice Cream - Chocolate Brownie Delight, Family Pack", "product_brand": "London Dairy", "combo": []}, {"category": "Bakery, Cakes & Dairy", "sub_category_name": "Ice Creams & Desserts", "product_name": "Ice Cream Bar - Dulce De Leche", "product_brand": "Baskin Robbins", "combo": []}, {"category": "Bakery, Cakes & Dairy", "sub_category_name": "Ice Creams & Desserts", "product_name": "Surprise Bar - Cotton Candy", "product_brand": "Baskin Robbins", "combo": []}, {"category": "Bakery, Cakes & Dairy", "sub_category_name": "Ice Creams & Desserts", "product_name": "Ice Cream Sundae - Fudge", "product_brand": "Baskin Robbins", "combo": []}, {"category": "Bakery, Cakes & Dairy", "sub_category_name": "Ice Creams & Desserts", "product_name": "Ice Cream - Double Chocolate, Family Pack", "product_brand": "London Dairy", "combo": []}, {"category": "Bakery, Cakes & Dairy", "sub_category_name": "Ice Creams & Desserts", "product_name": "Ice Cream Bar - Almonds n Caramel", "product_brand": "Baskin Robbins", "combo": []}, {"category": "Bakery, Cakes & Dairy", "sub_category_name": "Ice Creams & Desserts", "product_name": "Vegan Mango Ice Cream", "product_brand": "Papacream", "combo": []}, {"category": "Bakery, Cakes & Dairy", "sub_category_name": "Ice Creams & Desserts", "product_name": "Ice Cream - Berrys & Cream, Stick", "product_brand": "London Dairy", "combo": []}, {"category": "Bakery, Cakes & Dairy", "sub_category_name": "Ice Creams & Desserts", "product_name": "Ice Cream - Chocolate Almond Lite", "product_brand": "London Dairy", "combo": []}, {"category": "Bakery, Cakes & Dairy", "sub_category_name": "Ice Creams & Desserts", "product_name": "Vegan Chocolate Ice Cream", "product_brand": "Papacream", "combo": []}, {"category": "Bakery, Cakes & Dairy", "sub_category_name": "Ice Creams & Desserts", "product_name": "Ice Cream - Chocolate Lite, Family Pack", "product_brand": "London Dairy", "combo": []}, {"category": "Bakery, Cakes & Dairy", "sub_category_name": "Ice Creams & Desserts", "product_name": "Ice Cream - Cookies & Cream, Family Pack", "product_brand": "London Dairy", "combo": []}, {"category": "Bakery, Cakes & Dairy", "sub_category_name": "Ice Creams & Desserts", "product_name": "Ice Cream - Belgian Chocolate, Stick", "product_brand": "London Dairy", "combo": []}, {"category": "Bakery, Cakes & Dairy", "sub_category_name": "Ice Creams & Desserts", "product_name": "Vegan Chocofudgy cake Ice Cream", "product_brand": "Papacream", "combo": []}, {"category": "Bakery, Cakes & Dairy", "sub_category_name": "Ice Creams & Desserts", "product_name": "Ice Cream Bar - Cookies n Cream", "product_brand": "Baskin Robbins", "combo": []}, {"category": "Bakery, Cakes & Dairy", "sub_category_name": "Ice Creams & Desserts", "product_name": "Ice Cream Sundae - Fruit Overload", "product_brand": "Baskin Robbins", "combo": []}, {"category": "Bakery, Cakes & Dairy", "sub_category_name": "Ice Creams & Desserts", "product_name": "Ice Cream - Chocolate Almond, Stick", "product_brand": "London Dairy", "combo": []}, {"category": "Bakery, Cakes & Dairy", "sub_category_name": "Ice Creams & Desserts", "product_name": "Ice Cream - Blueberries & Cream", "product_brand": "Haagen-Dazs", "combo": []}, {"category": "Bakery, Cakes & Dairy", "sub_category_name": "Ice Creams & Desserts", "product_name": "Ice Cream - Three Cheers Chocolate", "product_brand": "Baskin Robbins", "combo": []}, {"category": "Bakery, Cakes & Dairy", "sub_category_name": "Ice Creams & Desserts", "product_name": "Ice Cream Bar - Chocolate Vanilla", "product_brand": "Baskin Robbins", "combo": []}, {"category": "Bakery, Cakes & Dairy", "sub_category_name": "Ice Creams & Desserts", "product_name": "Ice Cream - Cookies & Cream", "product_brand": "Haagen-Dazs", "combo": []}, {"category": "Bakery, Cakes & Dairy", "sub_category_name": "Ice Creams & Desserts", "product_name": "Ice Cream - Dark Chocolate & Almonds", "product_brand": "Haagen-Dazs", "combo": []}]