[{"category": "Beauty & Hygiene", "sub_category_name": "Feminine Hygiene", "product_name": "Sanitary Pads - Extra Large Plus, Clean, Ultra", "product_brand": "Whisper", "combo": [["44 pcs", "303.05"], ["50 pcs", "369.26"]]}, {"category": "Beauty & Hygiene", "sub_category_name": "Feminine Hygiene", "product_name": "Sanitary Pads - Extra Large Plus, Ultra Clean", "product_brand": "Whisper", "combo": []}, {"category": "Beauty & Hygiene", "sub_category_name": "Feminine Hygiene", "product_name": "Sanitary Pads - XL Plus Wings, Ultra", "product_brand": "Whisper", "combo": []}, {"category": "Beauty & Hygiene", "sub_category_name": "Feminine Hygiene", "product_name": "Sanitary Pads - XL Plus, Clean, Ultra 44 pcs + XXXL Wings, Ultra Nights 10 pcs", "product_brand": "Whisper", "combo": []}, {"category": "Beauty & Hygiene", "sub_category_name": "Feminine Hygiene", "product_name": "Whisper Sanitary Pads XL Plus Clean Ultra44pcs+Gillette Venus Razor For Women1pc", "product_brand": "bb Combo", "combo": []}, {"category": "Beauty & Hygiene", "sub_category_name": "Feminine Hygiene", "product_name": "Ultra Soft Air Fresh Sanitary Pads - XL", "product_brand": "Whisper", "combo": [["50 pcs", "339.00"], ["7 pcs", "66.00"], ["15 pcs", "140.00"], ["30 pcs", "260.00"]]}, {"category": "Beauty & Hygiene", "sub_category_name": "Feminine Hygiene", "product_name": "Sanitary Pads - XL, Ultra Soft 50 pcs + XXXL Wings, Ultra Nights 10 pcs", "product_brand": "Whisper", "combo": []}, {"category": "Beauty & Hygiene", "sub_category_name": "Feminine Hygiene", "product_name": "Sanitary Pads - Secure Xl Cottony Soft, with Wings", "product_brand": "STAYFREE", "combo": [["6 pads", "33.48"], ["20 Pads", "107.00"], ["2x20 Pads", "214.00"]]}, {"category": "Beauty & Hygiene", "sub_category_name": "Feminine Hygiene", "product_name": "Dry-Max All Night Ultra-Thin Sanitary Pads With Wings - XL", "product_brand": "STAYFREE", "combo": [["7 Pads", "90.00"], ["2x28 Pads", "584.00"], ["3x28 Pads", "876.00"], ["14 Pads", "172.00"], ["28 Pads", "292.00"]]}, {"category": "Beauty & Hygiene", "sub_category_name": "Feminine Hygiene", "product_name": "Choice Sanitary Napkins - Ultra XL", "product_brand": "Whisper", "combo": []}, {"category": "Beauty & Hygiene", "sub_category_name": "Feminine Hygiene", "product_name": "Secure XL Cottony Soft 2x20pcs+Dry-Max All Night Ultra-Thin XL 7pcs (with Wings)", "product_brand": "STAYFREE", "combo": []}, {"category": "Beauty & Hygiene", "sub_category_name": "Feminine Hygiene", "product_name": "Secure XL Cottony Soft 20pcs+ Dry-Max All Night Ultra-Dry XL 14pcs (With Wings)", "product_brand": "STAYFREE", "combo": []}, {"category": "Beauty & Hygiene", "sub_category_name": "Feminine Hygiene", "product_name": "Sanitary Pads - XL, Ultra Soft 50 pcs + Daily Liners - Clean & Fresh 20s Pack", "product_brand": "Whisper", "combo": []}, {"category": "Beauty & Hygiene", "sub_category_name": "Feminine Hygiene", "product_name": "Ultra Nights Sanitary Pads - XXXL Wings", "product_brand": "Whisper", "combo": [["10 pcs", "237.50"], ["4 pcs", "105.00"], ["3 Pads", "78.00"]]}, {"category": "Beauty & Hygiene", "sub_category_name": "Feminine Hygiene", "product_name": "Secure Cottony Soft Sanitary Pads With Wings", "product_brand": "STAYFREE", "combo": [["7 Pads", "30.00"], ["2x20 Pads", "133.38"], ["20 Pads", "66.69"]]}, {"category": "Beauty & Hygiene", "sub_category_name": "Feminine Hygiene", "product_name": "In-Shower Hair Removal Cream For Men & Women - Normal Skin", "product_brand": "Veet", "combo": []}, {"category": "Beauty & Hygiene", "sub_category_name": "Feminine Hygiene", "product_name": "Intimate Wipes for Women - Rich in Aloe & Tea Tree Oil", "product_brand": "KeepSafe by Marico", "combo": []}, {"category": "Beauty & Hygiene", "sub_category_name": "Feminine Hygiene", "product_name": "Intimate Wash for Women - Rich in Aloe & Tea Tree Oil", "product_brand": "KeepSafe by Marico", "combo": []}, {"category": "Beauty & Hygiene", "sub_category_name": "Feminine Hygiene", "product_name": "Simply - Hair Removal Razor For Women, 3 Blades", "product_brand": "Gillette Venus", "combo": []}, {"category": "Beauty & Hygiene", "sub_category_name": "Feminine Hygiene", "product_name": "Sanitary Pads - XL Wings, Ultra Clean", "product_brand": "Whisper", "combo": [["7 Pads", "80.00"], ["30 pcs", "275.00"], ["15 pcs", "149.00"]]}, {"category": "Beauty & Hygiene", "sub_category_name": "Feminine Hygiene", "product_name": "Ultra Soft Air Fresh Sanitary Pads - XL Plus", "product_brand": "Whisper", "combo": [["15 pcs", "175.00"], ["30 pcs", "249.05"]]}, {"category": "Beauty & Hygiene", "sub_category_name": "Feminine Hygiene", "product_name": "Secure- Cottony XL, 40pcs Save Rs.10 + Secure XL Cottony Soft With Wings 20pcs", "product_brand": "STAYFREE", "combo": []}, {"category": "Beauty & Hygiene", "sub_category_name": "Feminine Hygiene", "product_name": "Hair Removal Waxing Strips Kit - Sensitive Skin", "product_brand": "Veet", "combo": []}, {"category": "Beauty & Hygiene", "sub_category_name": "Feminine Hygiene", "product_name": "Aloe Vera Razor Blades For Women", "product_brand": "Gillette Venus", "combo": [["2 pcs", "220.18"], ["4 pcs", "497.00"]]}, {"category": "Beauty & Hygiene", "sub_category_name": "Feminine Hygiene", "product_name": "Plus Expert Intimate Hygiene", "product_brand": "Vwash", "combo": [["200 ml", "270.00"], ["100 ml", "180.00"]]}, {"category": "Beauty & Hygiene", "sub_category_name": "Feminine Hygiene", "product_name": "Hair Removal Razor For Women", "product_brand": "Gillette Venus", "combo": []}, {"category": "Beauty & Hygiene", "sub_category_name": "Feminine Hygiene", "product_name": "Sanitary Pads - Secure Cottony Soft 20Pads + Secure Xl Ultra-Thin 6pads", "product_brand": "STAYFREE", "combo": []}, {"category": "Beauty & Hygiene", "sub_category_name": "Feminine Hygiene", "product_name": "Sanitary Pads - Choice Ultra Wings Extra Large", "product_brand": "Whisper", "combo": [["2x20 pcs", "220.00"], ["20 pcs", "110.00"]]}, {"category": "Beauty & Hygiene", "sub_category_name": "Feminine Hygiene", "product_name": "Dry Max All Nights - Super Saver Pack", "product_brand": "STAYFREE", "combo": [["3x42 Pads", "890.91"], ["42 Pads", "296.97"]]}, {"category": "Beauty & Hygiene", "sub_category_name": "Feminine Hygiene", "product_name": "Sanitary Pads - Choice Wings", "product_brand": "Whisper", "combo": []}, {"category": "Beauty & Hygiene", "sub_category_name": "Feminine Hygiene", "product_name": "Hair Removal Razor For Women 1 pc + Aloe Vera Razor Blades For Women 2 pcs", "product_brand": "Gillette Venus", "combo": []}, {"category": "Beauty & Hygiene", "sub_category_name": "Feminine Hygiene", "product_name": "Venus - Hair Removal Razor, For Women 1 pc + Razor Blades For Women 4 pcs", "product_brand": "Gillette", "combo": []}, {"category": "Beauty & Hygiene", "sub_category_name": "Feminine Hygiene", "product_name": "Hair Removal Cream For Normal Skin", "product_brand": "Veet", "combo": [["3x32 g", "202.50"], ["32 g", "67.50"]]}, {"category": "Beauty & Hygiene", "sub_category_name": "Feminine Hygiene", "product_name": "Sanitary Pads - Advanced All Nights Soft Ultra-Thin XL, With Wings", "product_brand": "STAYFREE", "combo": [["7 Pads", "90.00"], ["3x7 Pads", "270.00"]]}, {"category": "Beauty & Hygiene", "sub_category_name": "Feminine Hygiene", "product_name": "Hair Removal Waxing Strips Kit - Normal Skin", "product_brand": "Veet", "combo": []}, {"category": "Beauty & Hygiene", "sub_category_name": "Feminine Hygiene", "product_name": "Breeze - Hair Removal Razor For Women", "product_brand": "Gillette Venus", "combo": [["1 pc", "308.75"], ["2 pcs", "335.26"]]}, {"category": "Beauty & Hygiene", "sub_category_name": "Feminine Hygiene", "product_name": "Hair Removal Cream - Normal Skin", "product_brand": "Veet", "combo": [["2x100 g", "299.20"], ["50 g", "118.75"], ["100 g", "176.00"]]}, {"category": "Beauty & Hygiene", "sub_category_name": "Feminine Hygiene", "product_name": "Sanitary Pads - Maxi Fit Regular", "product_brand": "Whisper", "combo": [["15 Pads", "143.00"], ["8 Pads", "80.00"]]}, {"category": "Beauty & Hygiene", "sub_category_name": "Feminine Hygiene", "product_name": "Hair Removal Razor 1pc+Aloe Vera Razor Blades 2pcs+Shave Gel-Sensitive Skin 195g", "product_brand": "Gillette Venus", "combo": []}, {"category": "Beauty & Hygiene", "sub_category_name": "Feminine Hygiene", "product_name": "Ultra Overnight Sanitary Pads - Extra Large Wings", "product_brand": "Whisper", "combo": []}, {"category": "Beauty & Hygiene", "sub_category_name": "Feminine Hygiene", "product_name": "Tampons for Heavy Flow", "product_brand": "Ob", "combo": [["20 pcs", "207.00"], ["10 pcs", "117.00"]]}, {"category": "Beauty & Hygiene", "sub_category_name": "Feminine Hygiene", "product_name": "Venus Hair Removal Razor For Women 1 pc + Venus Breeze - Razor Blades 2 pcs", "product_brand": "Gillette Venus", "combo": []}, {"category": "Beauty & Hygiene", "sub_category_name": "Feminine Hygiene", "product_name": "Daily Liners - Clean & Fresh", "product_brand": "Whisper", "combo": []}, {"category": "Beauty & Hygiene", "sub_category_name": "Feminine Hygiene", "product_name": "Hair Removal Cream For Dry Skin", "product_brand": "Veet", "combo": [["50 g", "118.75"], ["3x32 g", "202.50"], ["32 g", "67.50"]]}, {"category": "Beauty & Hygiene", "sub_category_name": "Feminine Hygiene", "product_name": "Sanitary Pads - Secure Xl Ultra-Thin, with Wings", "product_brand": "STAYFREE", "combo": [["6 pads", "40.00"], ["10 pads", "66.00"], ["4x10 pads", "264.00"]]}, {"category": "Beauty & Hygiene", "sub_category_name": "Feminine Hygiene", "product_name": "Hair Removal Razor For Women 1 pc + Shave Gel - Sensitive Skin 195 g", "product_brand": "Gillette Venus", "combo": []}, {"category": "Beauty & Hygiene", "sub_category_name": "Feminine Hygiene", "product_name": "Advanced Soft Ultra-Thin Sanitary Pads With Wings - X-Large", "product_brand": "STAYFREE", "combo": [["14 Pads", "175.00"], ["28 Pads", "330.00"]]}, {"category": "Beauty & Hygiene", "sub_category_name": "Feminine Hygiene", "product_name": "Secure Cottony XL Sanitary Napkins", "product_brand": "STAYFREE", "combo": [["40 Pads", "206.80"], ["3x40 Pads", "620.40"]]}, {"category": "Beauty & Hygiene", "sub_category_name": "Feminine Hygiene", "product_name": "Sanitary Pads - Dry-Max Ultra-Dry, with Wings", "product_brand": "STAYFREE", "combo": [["8 Pads", "90.00"], ["16 Pads", "175.00"]]}, {"category": "Beauty & Hygiene", "sub_category_name": "Feminine Hygiene", "product_name": "Daily Liners - Clean & Fresh", "product_brand": "Whisper", "combo": []}, {"category": "Beauty & Hygiene", "sub_category_name": "Feminine Hygiene", "product_name": "Hair Removal Cream - Sensitive Skin", "product_brand": "Veet", "combo": [["100 g", "198.00"], ["2x100 g", "336.60"]]}, {"category": "Beauty & Hygiene", "sub_category_name": "Feminine Hygiene", "product_name": "Venus Breeze Razor For Women 1 pc + Venus Shave Gel Sensitive Skin 195 g", "product_brand": "Gillette Venus", "combo": []}, {"category": "Beauty & Hygiene", "sub_category_name": "Feminine Hygiene", "product_name": "Hair Removal Waxing Strips Kit - Sensitive Skin", "product_brand": "Veet", "combo": []}, {"category": "Beauty & Hygiene", "sub_category_name": "Feminine Hygiene", "product_name": "Hair Removal Cream - Suprem Essence", "product_brand": "Veet", "combo": []}, {"category": "Beauty & Hygiene", "sub_category_name": "Feminine Hygiene", "product_name": "Green Apple Wax", "product_brand": "Rica", "combo": []}, {"category": "Beauty & Hygiene", "sub_category_name": "Feminine Hygiene", "product_name": "Simply Venus Hair Removal For Women", "product_brand": "Gillette Venus", "combo": []}, {"category": "Beauty & Hygiene", "sub_category_name": "Feminine Hygiene", "product_name": "Hair Removal Waxing Strips Kit - Dry Skin", "product_brand": "Veet", "combo": []}, {"category": "Beauty & Hygiene", "sub_category_name": "Feminine Hygiene", "product_name": "Choice Sanitary Napkins - Xl, Ultra with Wings", "product_brand": "Whisper", "combo": []}, {"category": "Beauty & Hygiene", "sub_category_name": "Feminine Hygiene", "product_name": "Sanitary Pads - Choice Wings Regular", "product_brand": "Whisper", "combo": []}, {"category": "Beauty & Hygiene", "sub_category_name": "Feminine Hygiene", "product_name": "Sanitary Pads - Secure Xl Dry Cover, with Wings", "product_brand": "STAYFREE", "combo": []}, {"category": "Beauty & Hygiene", "sub_category_name": "Feminine Hygiene", "product_name": "Sanitary Pads - Secure Dry Cover, with Wings", "product_brand": "STAYFREE", "combo": []}, {"category": "Beauty & Hygiene", "sub_category_name": "Feminine Hygiene", "product_name": "Hair Removal Cream For Sensitive Skin", "product_brand": "Veet", "combo": [["32 g", "67.50"], ["3x32 g", "202.50"]]}, {"category": "Beauty & Hygiene", "sub_category_name": "Feminine Hygiene", "product_name": "Fairness Naturals Hair Removal Cream Fair & Soft- All Skin Types (Get 50% Extra)", "product_brand": "Fem", "combo": [["40 g", "65.00"], ["2x40 g", "130.00"]]}, {"category": "Beauty & Hygiene", "sub_category_name": "Feminine Hygiene", "product_name": "Hair Removal Cream - Sensitive Skin", "product_brand": "Veet", "combo": []}, {"category": "Beauty & Hygiene", "sub_category_name": "Feminine Hygiene", "product_name": "Ultra Night Sanitary Pads - XL Plus", "product_brand": "Whisper", "combo": []}, {"category": "Beauty & Hygiene", "sub_category_name": "Feminine Hygiene", "product_name": "Sanitary Pads - Xls Protection", "product_brand": "Carefree", "combo": []}, {"category": "Beauty & Hygiene", "sub_category_name": "Feminine Hygiene", "product_name": "All Natural Sanitary Pads - XL", "product_brand": "Carmesi", "combo": [["30 pcs", "559.20"], ["10 pcs", "199.20"]]}, {"category": "Beauty & Hygiene", "sub_category_name": "Feminine Hygiene", "product_name": "Dabur Almond Hair Oil 500ml+Veet Hair Removal Cream-Sensitive Skin 50g", "product_brand": "bb Combo", "combo": []}, {"category": "Beauty & Hygiene", "sub_category_name": "Feminine Hygiene", "product_name": "Dry Comfort Sanitary Napkin - Extra Long, Super Saver", "product_brand": "Niine", "combo": []}, {"category": "Beauty & Hygiene", "sub_category_name": "Feminine Hygiene", "product_name": "Hair Vanish - Sensitive", "product_brand": "Wow Skin Science", "combo": []}, {"category": "Beauty & Hygiene", "sub_category_name": "Feminine Hygiene", "product_name": "All Natural Sanitary Pads - Regular", "product_brand": "Carmesi", "combo": [["30 pcs", "559.20"], ["10 pcs", "199.20"]]}, {"category": "Beauty & Hygiene", "sub_category_name": "Feminine Hygiene", "product_name": "Fairness Naturals Hair Removal Cream Fair & Soft - Oily Skin (Get 50% Extra)", "product_brand": "Fem", "combo": [["40 g", "58.50"], ["2x40 g", "117.00"]]}, {"category": "Beauty & Hygiene", "sub_category_name": "Feminine Hygiene", "product_name": "Liposoluble Wax - Strawberry", "product_brand": "Jeva", "combo": []}, {"category": "Beauty & Hygiene", "sub_category_name": "Feminine Hygiene", "product_name": "Fairness Naturals Fair & Soft Hair Removal Cream- Sensitive Skin (Get 50% Extra)", "product_brand": "Fem", "combo": [["40 g", "58.50"], ["2x40 g", "117.00"]]}, {"category": "Beauty & Hygiene", "sub_category_name": "Feminine Hygiene", "product_name": "Sanitary Napkins - Extra Long 275 mm, Ultra Thin", "product_brand": "Niine", "combo": []}, {"category": "Beauty & Hygiene", "sub_category_name": "Feminine Hygiene", "product_name": "Hair Removal Cream Nikhaar", "product_brand": "Veet", "combo": []}, {"category": "Beauty & Hygiene", "sub_category_name": "Feminine Hygiene", "product_name": "Daily Intimate Foam Wash", "product_brand": "Clean And Dry", "combo": []}, {"category": "Beauty & Hygiene", "sub_category_name": "Feminine Hygiene", "product_name": "Reusable Menstrual Cup with Silicone - Large 1pc + Intimate Wet Wipes 10pc", "product_brand": "Sirona", "combo": []}, {"category": "Beauty & Hygiene", "sub_category_name": "Feminine Hygiene", "product_name": "Shave Gel - Sensitive Skin", "product_brand": "Gillette Venus", "combo": []}, {"category": "Beauty & Hygiene", "sub_category_name": "Feminine Hygiene", "product_name": "Naturally Soft Sanitary Napkin - Extra Long, 275 mm", "product_brand": "Niine", "combo": []}, {"category": "Beauty & Hygiene", "sub_category_name": "Feminine Hygiene", "product_name": "Sanitary Pads - Maxi Nights XL Wings", "product_brand": "Whisper", "combo": [["15 Pads", "182.00"], ["7 Pads", "88.00"]]}, {"category": "Beauty & Hygiene", "sub_category_name": "Feminine Hygiene", "product_name": "Sanitary & Diapers Disposal Bag", "product_brand": "Sirona", "combo": []}, {"category": "Beauty & Hygiene", "sub_category_name": "Feminine Hygiene", "product_name": "Dry Comfort Sanitary Napkin - Regular", "product_brand": "Niine", "combo": []}, {"category": "Beauty & Hygiene", "sub_category_name": "Feminine Hygiene", "product_name": "Naturally Soft Sanitary Napkin - Regular, 230 mm", "product_brand": "Niine", "combo": []}, {"category": "Beauty & Hygiene", "sub_category_name": "Feminine Hygiene", "product_name": "Intimate Cleaner - 100% Natural", "product_brand": "Carmesi", "combo": []}, {"category": "Beauty & Hygiene", "sub_category_name": "Feminine Hygiene", "product_name": "Natural Intimate wash", "product_brand": "Everteen", "combo": []}, {"category": "Beauty & Hygiene", "sub_category_name": "Feminine Hygiene", "product_name": "Fairness Naturals Hair Removal Cream Fair & Soft - Sandal, Dry Skin", "product_brand": "Fem", "combo": []}, {"category": "Beauty & Hygiene", "sub_category_name": "Feminine Hygiene", "product_name": "Bikini Line Hair Remover Creme", "product_brand": "Everteen", "combo": []}, {"category": "Beauty & Hygiene", "sub_category_name": "Feminine Hygiene", "product_name": "Natural Intimate Hygiene Wipes", "product_brand": "Everteen", "combo": []}, {"category": "Beauty & Hygiene", "sub_category_name": "Feminine Hygiene", "product_name": "Urination Device - Pee-On-The-Go, For Female", "product_brand": "PINQ", "combo": []}, {"category": "Beauty & Hygiene", "sub_category_name": "Feminine Hygiene", "product_name": "Soft Touch Hair Remover", "product_brand": "Natures Essence", "combo": [["50 g", "63.75"], ["2x50 g", "127.50"]]}, {"category": "Beauty & Hygiene", "sub_category_name": "Feminine Hygiene", "product_name": "Antiseptics - Intimate Wash", "product_brand": "Richfeel", "combo": []}, {"category": "Beauty & Hygiene", "sub_category_name": "Feminine Hygiene", "product_name": "Skin Whitening Hair Remover Cream", "product_brand": "Astaberry", "combo": [["60 g", "67.50"], ["2x60 g", "128.25"]]}, {"category": "Beauty & Hygiene", "sub_category_name": "Feminine Hygiene", "product_name": "Diamond Hair Remover - For Dry Skin", "product_brand": "Astaberry", "combo": [["60 g", "67.50"], ["2x60 g", "128.25"]]}, {"category": "Beauty & Hygiene", "sub_category_name": "Feminine Hygiene", "product_name": "Enchanting Rose Hair Remover Cream", "product_brand": "Astaberry", "combo": [["2x60 g", "128.25"], ["60 g", "67.50"]]}, {"category": "Beauty & Hygiene", "sub_category_name": "Feminine Hygiene", "product_name": "Gold Hair Remover", "product_brand": "Astaberry", "combo": [["60 g", "67.50"], ["2x60 g", "128.25"]]}, {"category": "Beauty & Hygiene", "sub_category_name": "Feminine Hygiene", "product_name": "Papaya Hair Remover - For Sensitive Skin", "product_brand": "Astaberry", "combo": [["2x60 g", "128.25"], ["60 g", "67.50"]]}, {"category": "Beauty & Hygiene", "sub_category_name": "Feminine Hygiene", "product_name": "Ultra Overnight Sanitary Pads - XL Plus Wings", "product_brand": "Whisper", "combo": []}, {"category": "Beauty & Hygiene", "sub_category_name": "Feminine Hygiene", "product_name": "Sanitary Pads - Extra Large Wings, Ultra", "product_brand": "Whisper", "combo": []}, {"category": "Beauty & Hygiene", "sub_category_name": "Feminine Hygiene", "product_name": "Fairness Naturals Fair & Soft Hair Removal Cream Rose - Sensitive Skin", "product_brand": "Fem", "combo": []}, {"category": "Beauty & Hygiene", "sub_category_name": "Feminine Hygiene", "product_name": "Cotton Milk Pre-Waxing Gel", "product_brand": "Rica", "combo": []}, {"category": "Beauty & Hygiene", "sub_category_name": "Feminine Hygiene", "product_name": "Golden Wax", "product_brand": "Rica", "combo": []}, {"category": "Beauty & Hygiene", "sub_category_name": "Feminine Hygiene", "product_name": "White Chocolate Wax", "product_brand": "Rica", "combo": []}, {"category": "Beauty & Hygiene", "sub_category_name": "Feminine Hygiene", "product_name": "Coconut Wax", "product_brand": "Rica", "combo": []}, {"category": "Beauty & Hygiene", "sub_category_name": "Feminine Hygiene", "product_name": "Hair Vanish - For Women", "product_brand": "Wow Skin Science", "combo": []}, {"category": "Beauty & Hygiene", "sub_category_name": "Feminine Hygiene", "product_name": "Intimate Wet Wipes", "product_brand": "Sirona", "combo": []}, {"category": "Beauty & Hygiene", "sub_category_name": "Feminine Hygiene", "product_name": "All Natural Panty Liners", "product_brand": "Carmesi", "combo": []}, {"category": "Beauty & Hygiene", "sub_category_name": "Feminine Hygiene", "product_name": "Menthol After Waxing Lotion", "product_brand": "Rica", "combo": []}, {"category": "Beauty & Hygiene", "sub_category_name": "Feminine Hygiene", "product_name": "Milk Wax", "product_brand": "Rica", "combo": []}, {"category": "Beauty & Hygiene", "sub_category_name": "Feminine Hygiene", "product_name": "Dark Chocolate Wax", "product_brand": "Rica", "combo": []}, {"category": "Beauty & Hygiene", "sub_category_name": "Feminine Hygiene", "product_name": "Almond Wax", "product_brand": "Rica", "combo": []}, {"category": "Beauty & Hygiene", "sub_category_name": "Feminine Hygiene", "product_name": "Titanium Wax", "product_brand": "Rica", "combo": []}, {"category": "Beauty & Hygiene", "sub_category_name": "Feminine Hygiene", "product_name": "Brazilian Wax", "product_brand": "Rica", "combo": []}, {"category": "Beauty & Hygiene", "sub_category_name": "Feminine Hygiene", "product_name": "Aloevera Wax", "product_brand": "Rica", "combo": []}, {"category": "Beauty & Hygiene", "sub_category_name": "Feminine Hygiene", "product_name": "Pre-Waxing Gel - Aloevera", "product_brand": "Jeva", "combo": []}, {"category": "Beauty & Hygiene", "sub_category_name": "Feminine Hygiene", "product_name": "Pre-Waxing Gel - Lavender", "product_brand": "Jeva", "combo": []}, {"category": "Beauty & Hygiene", "sub_category_name": "Feminine Hygiene", "product_name": "Eco Friendly Washing Granules - Chemical Free", "product_brand": "Agastya", "combo": []}, {"category": "Beauty & Hygiene", "sub_category_name": "Feminine Hygiene", "product_name": "Sanitary & Diapers Disposal Bag", "product_brand": "Sirona", "combo": []}, {"category": "Beauty & Hygiene", "sub_category_name": "Feminine Hygiene", "product_name": "Anti-Darkening Hair Removing Cream - Sandal", "product_brand": "Fem", "combo": []}, {"category": "Beauty & Hygiene", "sub_category_name": "Feminine Hygiene", "product_name": "Regimen Kit - 1 Razor + 2 Refills + 1 Satin Care Sensitive Skin Gel", "product_brand": "Gillette Venus", "combo": []}, {"category": "Beauty & Hygiene", "sub_category_name": "Feminine Hygiene", "product_name": "Avocado After Waxing Lotion", "product_brand": "Rica", "combo": []}, {"category": "Beauty & Hygiene", "sub_category_name": "Feminine Hygiene", "product_name": "Lemon After Waxing Lotion", "product_brand": "Rica", "combo": []}, {"category": "Beauty & Hygiene", "sub_category_name": "Feminine Hygiene", "product_name": "Fairness Naturals Hair Removal Cream Fair & Soft Turmeric - Oily Skin", "product_brand": "Fem", "combo": []}, {"category": "Beauty & Hygiene", "sub_category_name": "Feminine Hygiene", "product_name": "Fairness Naturals Hair Removal Cream Fair & Soft Gold - All Skin Types", "product_brand": "Fem", "combo": []}, {"category": "Beauty & Hygiene", "sub_category_name": "Feminine Hygiene", "product_name": "Fairness Naturals Hair Removal Cream Fair & Soft Sandal - Dry Skin", "product_brand": "Fem", "combo": []}, {"category": "Beauty & Hygiene", "sub_category_name": "Feminine Hygiene", "product_name": "Vaginal Tightening Gel", "product_brand": "Everteen", "combo": []}, {"category": "Beauty & Hygiene", "sub_category_name": "Feminine Hygiene", "product_name": "Rose After Waxing Lotion", "product_brand": "Rica", "combo": []}, {"category": "Beauty & Hygiene", "sub_category_name": "Feminine Hygiene", "product_name": "Aloevera After Waxing Lotion", "product_brand": "Rica", "combo": []}, {"category": "Beauty & Hygiene", "sub_category_name": "Feminine Hygiene", "product_name": "Argan Oil Wax", "product_brand": "Rica", "combo": []}, {"category": "Beauty & Hygiene", "sub_category_name": "Feminine Hygiene", "product_name": "SE5-511 Leg Mn Whiteturqu Wbox Legepilat", "product_brand": "Braun", "combo": []}, {"category": "Beauty & Hygiene", "sub_category_name": "Feminine Hygiene", "product_name": "Secure Ultra-Thin Sanitary Pads", "product_brand": "STAYFREE", "combo": []}, {"category": "Beauty & Hygiene", "sub_category_name": "Feminine Hygiene", "product_name": "Sanitary & Diapers Disposal Bag", "product_brand": "Sirona", "combo": []}, {"category": "Beauty & Hygiene", "sub_category_name": "Feminine Hygiene", "product_name": "Baby Diapers & Sanitary Disposal Bag", "product_brand": "Bodyguard", "combo": []}, {"category": "Beauty & Hygiene", "sub_category_name": "Feminine Hygiene", "product_name": "PeeBuddy - Disposable, Portable Female Urination Device for Women", "product_brand": "First Step Projects", "combo": []}, {"category": "Beauty & Hygiene", "sub_category_name": "Feminine Hygiene", "product_name": "Premium Applicator Tampons - Regular Flow", "product_brand": "Sirona", "combo": []}, {"category": "Beauty & Hygiene", "sub_category_name": "Feminine Hygiene", "product_name": "Premium Applicator Tampons Super Plus - Heavy Flow", "product_brand": "Sirona", "combo": []}, {"category": "Beauty & Hygiene", "sub_category_name": "Feminine Hygiene", "product_name": "Reusable Menstrual Cup With Medical Grade Silicone - Medium, FDA Approved", "product_brand": "Sirona", "combo": []}, {"category": "Beauty & Hygiene", "sub_category_name": "Feminine Hygiene", "product_name": "Reusable Menstrual Cup With Medical Grade Silicone - Large, FDA Approved", "product_brand": "Sirona", "combo": []}, {"category": "Beauty & Hygiene", "sub_category_name": "Feminine Hygiene", "product_name": "Premium Digital Tampon - Heavy Flow, FDA Approved", "product_brand": "Sirona", "combo": []}, {"category": "Beauty & Hygiene", "sub_category_name": "Feminine Hygiene", "product_name": "Portable Female Urination Device For Women - Disposable", "product_brand": "Peebuddy", "combo": []}, {"category": "Beauty & Hygiene", "sub_category_name": "Feminine Hygiene", "product_name": "Avocado After Waxing Lotion", "product_brand": "Rica", "combo": []}, {"category": "Beauty & Hygiene", "sub_category_name": "Feminine Hygiene", "product_name": "Lemon After Waxing Lotion", "product_brand": "Rica", "combo": []}, {"category": "Beauty & Hygiene", "sub_category_name": "Feminine Hygiene", "product_name": "Fairness Naturals Hair Removal Cream Fair & Soft Turmeric - Oily Skin", "product_brand": "Fem", "combo": []}, {"category": "Beauty & Hygiene", "sub_category_name": "Feminine Hygiene", "product_name": "Fairness Naturals Hair Removal Cream Fair & Soft Gold - All Skin Types", "product_brand": "Fem", "combo": []}, {"category": "Beauty & Hygiene", "sub_category_name": "Feminine Hygiene", "product_name": "Fairness Naturals Hair Removal Cream Fair & Soft Sandal - Dry Skin", "product_brand": "Fem", "combo": []}, {"category": "Beauty & Hygiene", "sub_category_name": "Feminine Hygiene", "product_name": "Vaginal Tightening Gel", "product_brand": "Everteen", "combo": []}, {"category": "Beauty & Hygiene", "sub_category_name": "Feminine Hygiene", "product_name": "Rose After Waxing Lotion", "product_brand": "Rica", "combo": []}, {"category": "Beauty & Hygiene", "sub_category_name": "Feminine Hygiene", "product_name": "Aloevera After Waxing Lotion", "product_brand": "Rica", "combo": []}, {"category": "Beauty & Hygiene", "sub_category_name": "Feminine Hygiene", "product_name": "Argan Oil Wax", "product_brand": "Rica", "combo": []}, {"category": "Beauty & Hygiene", "sub_category_name": "Feminine Hygiene", "product_name": "SE5-511 Leg Mn Whiteturqu Wbox Legepilat", "product_brand": "Braun", "combo": []}, {"category": "Beauty & Hygiene", "sub_category_name": "Feminine Hygiene", "product_name": "Secure Ultra-Thin Sanitary Pads", "product_brand": "STAYFREE", "combo": []}, {"category": "Beauty & Hygiene", "sub_category_name": "Feminine Hygiene", "product_name": "Sanitary & Diapers Disposal Bag", "product_brand": "Sirona", "combo": []}, {"category": "Beauty & Hygiene", "sub_category_name": "Feminine Hygiene", "product_name": "Baby Diapers & Sanitary Disposal Bag", "product_brand": "Bodyguard", "combo": []}, {"category": "Beauty & Hygiene", "sub_category_name": "Feminine Hygiene", "product_name": "PeeBuddy - Disposable, Portable Female Urination Device for Women", "product_brand": "First Step Projects", "combo": []}, {"category": "Beauty & Hygiene", "sub_category_name": "Feminine Hygiene", "product_name": "Premium Applicator Tampons - Regular Flow", "product_brand": "Sirona", "combo": []}, {"category": "Beauty & Hygiene", "sub_category_name": "Feminine Hygiene", "product_name": "Premium Applicator Tampons Super Plus - Heavy Flow", "product_brand": "Sirona", "combo": []}, {"category": "Beauty & Hygiene", "sub_category_name": "Feminine Hygiene", "product_name": "Reusable Menstrual Cup With Medical Grade Silicone - Medium, FDA Approved", "product_brand": "Sirona", "combo": []}, {"category": "Beauty & Hygiene", "sub_category_name": "Feminine Hygiene", "product_name": "Reusable Menstrual Cup With Medical Grade Silicone - Large, FDA Approved", "product_brand": "Sirona", "combo": []}, {"category": "Beauty & Hygiene", "sub_category_name": "Feminine Hygiene", "product_name": "Premium Digital Tampon - Heavy Flow, FDA Approved", "product_brand": "Sirona", "combo": []}, {"category": "Beauty & Hygiene", "sub_category_name": "Feminine Hygiene", "product_name": "Portable Female Urination Device For Women - Disposable", "product_brand": "Peebuddy", "combo": []}, {"category": "Beauty & Hygiene", "sub_category_name": "Feminine Hygiene", "product_name": "Avocado After Waxing Lotion", "product_brand": "Rica", "combo": []}, {"category": "Beauty & Hygiene", "sub_category_name": "Feminine Hygiene", "product_name": "Lemon After Waxing Lotion", "product_brand": "Rica", "combo": []}, {"category": "Beauty & Hygiene", "sub_category_name": "Feminine Hygiene", "product_name": "Fairness Naturals Hair Removal Cream Fair & Soft Turmeric - Oily Skin", "product_brand": "Fem", "combo": []}, {"category": "Beauty & Hygiene", "sub_category_name": "Feminine Hygiene", "product_name": "Fairness Naturals Hair Removal Cream Fair & Soft Gold - All Skin Types", "product_brand": "Fem", "combo": []}, {"category": "Beauty & Hygiene", "sub_category_name": "Feminine Hygiene", "product_name": "Fairness Naturals Hair Removal Cream Fair & Soft Sandal - Dry Skin", "product_brand": "Fem", "combo": []}, {"category": "Beauty & Hygiene", "sub_category_name": "Feminine Hygiene", "product_name": "Vaginal Tightening Gel", "product_brand": "Everteen", "combo": []}, {"category": "Beauty & Hygiene", "sub_category_name": "Feminine Hygiene", "product_name": "Rose After Waxing Lotion", "product_brand": "Rica", "combo": []}, {"category": "Beauty & Hygiene", "sub_category_name": "Feminine Hygiene", "product_name": "Aloevera After Waxing Lotion", "product_brand": "Rica", "combo": []}, {"category": "Beauty & Hygiene", "sub_category_name": "Feminine Hygiene", "product_name": "Argan Oil Wax", "product_brand": "Rica", "combo": []}, {"category": "Beauty & Hygiene", "sub_category_name": "Feminine Hygiene", "product_name": "SE5-511 Leg Mn Whiteturqu Wbox Legepilat", "product_brand": "Braun", "combo": []}, {"category": "Beauty & Hygiene", "sub_category_name": "Feminine Hygiene", "product_name": "Secure Ultra-Thin Sanitary Pads", "product_brand": "STAYFREE", "combo": []}, {"category": "Beauty & Hygiene", "sub_category_name": "Feminine Hygiene", "product_name": "Sanitary & Diapers Disposal Bag", "product_brand": "Sirona", "combo": []}, {"category": "Beauty & Hygiene", "sub_category_name": "Feminine Hygiene", "product_name": "Baby Diapers & Sanitary Disposal Bag", "product_brand": "Bodyguard", "combo": []}, {"category": "Beauty & Hygiene", "sub_category_name": "Feminine Hygiene", "product_name": "PeeBuddy - Disposable, Portable Female Urination Device for Women", "product_brand": "First Step Projects", "combo": []}, {"category": "Beauty & Hygiene", "sub_category_name": "Feminine Hygiene", "product_name": "Premium Applicator Tampons - Regular Flow", "product_brand": "Sirona", "combo": []}, {"category": "Beauty & Hygiene", "sub_category_name": "Feminine Hygiene", "product_name": "Premium Applicator Tampons Super Plus - Heavy Flow", "product_brand": "Sirona", "combo": []}, {"category": "Beauty & Hygiene", "sub_category_name": "Feminine Hygiene", "product_name": "Reusable Menstrual Cup With Medical Grade Silicone - Medium, FDA Approved", "product_brand": "Sirona", "combo": []}, {"category": "Beauty & Hygiene", "sub_category_name": "Feminine Hygiene", "product_name": "Reusable Menstrual Cup With Medical Grade Silicone - Large, FDA Approved", "product_brand": "Sirona", "combo": []}, {"category": "Beauty & Hygiene", "sub_category_name": "Feminine Hygiene", "product_name": "Premium Digital Tampon - Heavy Flow, FDA Approved", "product_brand": "Sirona", "combo": []}, {"category": "Beauty & Hygiene", "sub_category_name": "Feminine Hygiene", "product_name": "Portable Female Urination Device For Women - Disposable", "product_brand": "Peebuddy", "combo": []}, {"category": "Beauty & Hygiene", "sub_category_name": "Feminine Hygiene", "product_name": "Avocado After Waxing Lotion", "product_brand": "Rica", "combo": []}, {"category": "Beauty & Hygiene", "sub_category_name": "Feminine Hygiene", "product_name": "Lemon After Waxing Lotion", "product_brand": "Rica", "combo": []}, {"category": "Beauty & Hygiene", "sub_category_name": "Feminine Hygiene", "product_name": "Fairness Naturals Hair Removal Cream Fair & Soft Turmeric - Oily Skin", "product_brand": "Fem", "combo": []}, {"category": "Beauty & Hygiene", "sub_category_name": "Feminine Hygiene", "product_name": "Fairness Naturals Hair Removal Cream Fair & Soft Gold - All Skin Types", "product_brand": "Fem", "combo": []}, {"category": "Beauty & Hygiene", "sub_category_name": "Feminine Hygiene", "product_name": "Fairness Naturals Hair Removal Cream Fair & Soft Sandal - Dry Skin", "product_brand": "Fem", "combo": []}, {"category": "Beauty & Hygiene", "sub_category_name": "Feminine Hygiene", "product_name": "Vaginal Tightening Gel", "product_brand": "Everteen", "combo": []}, {"category": "Beauty & Hygiene", "sub_category_name": "Feminine Hygiene", "product_name": "Rose After Waxing Lotion", "product_brand": "Rica", "combo": []}, {"category": "Beauty & Hygiene", "sub_category_name": "Feminine Hygiene", "product_name": "Aloevera After Waxing Lotion", "product_brand": "Rica", "combo": []}, {"category": "Beauty & Hygiene", "sub_category_name": "Feminine Hygiene", "product_name": "Argan Oil Wax", "product_brand": "Rica", "combo": []}, {"category": "Beauty & Hygiene", "sub_category_name": "Feminine Hygiene", "product_name": "SE5-511 Leg Mn Whiteturqu Wbox Legepilat", "product_brand": "Braun", "combo": []}, {"category": "Beauty & Hygiene", "sub_category_name": "Feminine Hygiene", "product_name": "Secure Ultra-Thin Sanitary Pads", "product_brand": "STAYFREE", "combo": []}, {"category": "Beauty & Hygiene", "sub_category_name": "Feminine Hygiene", "product_name": "Sanitary & Diapers Disposal Bag", "product_brand": "Sirona", "combo": []}, {"category": "Beauty & Hygiene", "sub_category_name": "Feminine Hygiene", "product_name": "Baby Diapers & Sanitary Disposal Bag", "product_brand": "Bodyguard", "combo": []}, {"category": "Beauty & Hygiene", "sub_category_name": "Feminine Hygiene", "product_name": "PeeBuddy - Disposable, Portable Female Urination Device for Women", "product_brand": "First Step Projects", "combo": []}, {"category": "Beauty & Hygiene", "sub_category_name": "Feminine Hygiene", "product_name": "Premium Applicator Tampons - Regular Flow", "product_brand": "Sirona", "combo": []}, {"category": "Beauty & Hygiene", "sub_category_name": "Feminine Hygiene", "product_name": "Premium Applicator Tampons Super Plus - Heavy Flow", "product_brand": "Sirona", "combo": []}, {"category": "Beauty & Hygiene", "sub_category_name": "Feminine Hygiene", "product_name": "Reusable Menstrual Cup With Medical Grade Silicone - Medium, FDA Approved", "product_brand": "Sirona", "combo": []}, {"category": "Beauty & Hygiene", "sub_category_name": "Feminine Hygiene", "product_name": "Reusable Menstrual Cup With Medical Grade Silicone - Large, FDA Approved", "product_brand": "Sirona", "combo": []}, {"category": "Beauty & Hygiene", "sub_category_name": "Feminine Hygiene", "product_name": "Premium Digital Tampon - Heavy Flow, FDA Approved", "product_brand": "Sirona", "combo": []}, {"category": "Beauty & Hygiene", "sub_category_name": "Feminine Hygiene", "product_name": "Portable Female Urination Device For Women - Disposable", "product_brand": "Peebuddy", "combo": []}]