[{"category": "Kitchen, Garden & Pets", "sub_category_name": "Kitchen Accessories", "product_name": "Kitchen Knife Set Stainless Steel", "product_brand": "BB Home", "combo": []}, {"category": "Kitchen, Garden & Pets", "sub_category_name": "Kitchen Accessories", "product_name": "Kitchen Knife Set - Classic With Wooden Block", "product_brand": "BB Home", "combo": []}, {"category": "Kitchen, Garden & Pets", "sub_category_name": "Kitchen Accessories", "product_name": "Utility Set - Knife, Lighter, Peeler, Vibgyor, Green", "product_brand": "Anjali", "combo": []}, {"category": "Kitchen, Garden & Pets", "sub_category_name": "Kitchen Accessories", "product_name": "Vegetable-Fruit Easy Chopper With Lassi Blade", "product_brand": "Anjali", "combo": []}, {"category": "Kitchen, Garden & Pets", "sub_category_name": "Kitchen Accessories", "product_name": "Premium Stainless Steel Fruit Knife - Small, BBPK01", "product_brand": "BB Home", "combo": []}, {"category": "Kitchen, Garden & Pets", "sub_category_name": "Kitchen Accessories", "product_name": "Premium Stainless Steel Serrated Kitchen Knife - Large, Multipurpose BBPK03", "product_brand": "BB Home", "combo": []}, {"category": "Kitchen, Garden & Pets", "sub_category_name": "Kitchen Accessories", "product_name": "Plastic Apple Cutter- Red", "product_brand": "Ritu", "combo": []}, {"category": "Kitchen, Garden & Pets", "sub_category_name": "Kitchen Accessories", "product_name": "Stainless Steel Tomato Knife - 8 Inch, Silver", "product_brand": "Ritu", "combo": []}, {"category": "Kitchen, Garden & Pets", "sub_category_name": "Kitchen Accessories", "product_name": "Stainless Steel Multipurpose Knife - Red", "product_brand": "Ritu", "combo": []}, {"category": "Kitchen, Garden & Pets", "sub_category_name": "Kitchen Accessories", "product_name": "Heat Resistant Kitchen Mats", "product_brand": "Ritu", "combo": []}, {"category": "Kitchen, Garden & Pets", "sub_category_name": "Kitchen Accessories", "product_name": "Onion Grater - Stainless Steel", "product_brand": "Ritu", "combo": []}, {"category": "Kitchen, Garden & Pets", "sub_category_name": "Kitchen Accessories", "product_name": "Snack Maker Unbreakable With 21 Blades - Assorted Colour", "product_brand": "Ritu", "combo": []}, {"category": "Kitchen, Garden & Pets", "sub_category_name": "Kitchen Accessories", "product_name": "Stainless Steel Deluxe Mixer", "product_brand": "Ritu", "combo": []}, {"category": "Kitchen, Garden & Pets", "sub_category_name": "Kitchen Accessories", "product_name": "Vegetable & Fruit Peeler - Assorted Colour", "product_brand": "Ritu", "combo": []}, {"category": "Kitchen, Garden & Pets", "sub_category_name": "Kitchen Accessories", "product_name": "Vegetable & Fruit Juicer - Jumbo, Blue", "product_brand": "Ritu", "combo": []}, {"category": "Kitchen, Garden & Pets", "sub_category_name": "Kitchen Accessories", "product_name": "Auto Rotate Slicer - Assorted Colour", "product_brand": "Ritu", "combo": []}, {"category": "Kitchen, Garden & Pets", "sub_category_name": "Kitchen Accessories", "product_name": "Cutting-Chopping Board - Plastic, White", "product_brand": "Ritu", "combo": []}, {"category": "Kitchen, Garden & Pets", "sub_category_name": "Kitchen Accessories", "product_name": "Plastic Cylinder Trolley - Assorted Colour", "product_brand": "Ritu", "combo": []}, {"category": "Kitchen, Garden & Pets", "sub_category_name": "Kitchen Accessories", "product_name": "Plastic Vegetable Cut & Wash - Brown", "product_brand": "Ritu", "combo": []}, {"category": "Kitchen, Garden & Pets", "sub_category_name": "Kitchen Accessories", "product_name": "Stainless Steel Multipurpose Segregated Knife - Red", "product_brand": "Ritu", "combo": []}, {"category": "Kitchen, Garden & Pets", "sub_category_name": "Kitchen Accessories", "product_name": "Fruit & Vegetable Juicer With Steel Handle", "product_brand": "Ritu", "combo": []}, {"category": "Kitchen, Garden & Pets", "sub_category_name": "Kitchen Accessories", "product_name": "Stainless Steel Gas Light", "product_brand": "Ritu", "combo": []}, {"category": "Kitchen, Garden & Pets", "sub_category_name": "Kitchen Accessories", "product_name": "Vegetable/Fruit String Chopper - Assorted Colour", "product_brand": "Ritu", "combo": []}, {"category": "Kitchen, Garden & Pets", "sub_category_name": "Kitchen Accessories", "product_name": "Plastic Gas Stove Legs - Anti Slip, Assorted Colour", "product_brand": "Ritu", "combo": []}, {"category": "Kitchen, Garden & Pets", "sub_category_name": "Kitchen Accessories", "product_name": "Stainless Steel Fruit Knife - 9 Inch, Silver", "product_brand": "Ritu", "combo": []}, {"category": "Kitchen, Garden & Pets", "sub_category_name": "Kitchen Accessories", "product_name": "Plastic Cylinder Trolley Hexa - Red", "product_brand": "Ritu", "combo": []}, {"category": "Kitchen, Garden & Pets", "sub_category_name": "Kitchen Accessories", "product_name": "Stainless Steel Multipurpose Cook Knife - Red", "product_brand": "Ritu", "combo": []}, {"category": "Kitchen, Garden & Pets", "sub_category_name": "Kitchen Accessories", "product_name": "Utility Set With Wall Stand - Lighter+Knife+Peeler+Grater+Strainer, Silver", "product_brand": "Ritu", "combo": []}, {"category": "Kitchen, Garden & Pets", "sub_category_name": "Kitchen Accessories", "product_name": "Stainless Steel Stick Knife - 9 Inch, Silver", "product_brand": "Ritu", "combo": []}, {"category": "Kitchen, Garden & Pets", "sub_category_name": "Kitchen Accessories", "product_name": "Premium Stainless Steel Vegetable Knife - BBPK05", "product_brand": "BB Home", "combo": []}, {"category": "Kitchen, Garden & Pets", "sub_category_name": "Kitchen Accessories", "product_name": "Vegetable & Fruit Cutter Dicer 12-In-1 - Green", "product_brand": "Anjali", "combo": []}, {"category": "Kitchen, Garden & Pets", "sub_category_name": "Kitchen Accessories", "product_name": "Utility Set - Lighter, Strainer & Knife, Green", "product_brand": "Anjali", "combo": []}, {"category": "Kitchen, Garden & Pets", "sub_category_name": "Kitchen Accessories", "product_name": "Utility Set - Knife, Lighter, Peeler, Vibgyor-Black", "product_brand": "Anjali", "combo": []}, {"category": "Kitchen, Garden & Pets", "sub_category_name": "Kitchen Accessories", "product_name": "Stainless Steel Serving Tools - Ladle, Oval, Basting, Rice With Stripes", "product_brand": "Ramson", "combo": []}, {"category": "Kitchen, Garden & Pets", "sub_category_name": "Kitchen Accessories", "product_name": "Premium Stainless Steel Kitchen Knife - Large, Multipurpose, BBPK02", "product_brand": "BB Home", "combo": []}, {"category": "Kitchen, Garden & Pets", "sub_category_name": "Kitchen Accessories", "product_name": "Premium Stainless Steel Serrated Vegetable Knife - Large, BBPK04", "product_brand": "BB Home", "combo": []}, {"category": "Kitchen, Garden & Pets", "sub_category_name": "Kitchen Accessories", "product_name": "Kitchen Tools Set With Holder Made Of Bamboo Wood - Spatula, Ladle, Turner", "product_brand": "Bamboooz", "combo": []}, {"category": "Kitchen, Garden & Pets", "sub_category_name": "Kitchen Accessories", "product_name": "Knives & Peeler Combo - Cut, Peel & Slice, Value Pack", "product_brand": "Crystal", "combo": []}, {"category": "Kitchen, Garden & Pets", "sub_category_name": "Kitchen Accessories", "product_name": "Vegetable-Fruit String Chopper/Cutter - PVC 7.0 (43054)", "product_brand": "Prestige", "combo": []}, {"category": "Kitchen, Garden & Pets", "sub_category_name": "Kitchen Accessories", "product_name": "Power Free Blender - Green & Grey", "product_brand": "Anjali", "combo": []}, {"category": "Kitchen, Garden & Pets", "sub_category_name": "Kitchen Accessories", "product_name": "Chopping-Cutting Board - Vibgyor, Green", "product_brand": "Anjali", "combo": []}, {"category": "Kitchen, Garden & Pets", "sub_category_name": "Kitchen Accessories", "product_name": "Royal Peeler", "product_brand": "Anjali", "combo": []}, {"category": "Kitchen, Garden & Pets", "sub_category_name": "Kitchen Accessories", "product_name": "Pointed Knife with Plastic Handle - Stainless Steel", "product_brand": "Xishifeng", "combo": []}, {"category": "Kitchen, Garden & Pets", "sub_category_name": "Kitchen Accessories", "product_name": "Cylinder Trolley Round - Super Gas, Plastic", "product_brand": "Anjali", "combo": []}, {"category": "Kitchen, Garden & Pets", "sub_category_name": "Kitchen Accessories", "product_name": "Plastic Dual/Twin Turbo Dori Chopper With Stainless Steel Blade", "product_brand": "Crystal", "combo": []}, {"category": "Kitchen, Garden & Pets", "sub_category_name": "Kitchen Accessories", "product_name": "Slotted Turner - Nylon, Silicon Handle, Green", "product_brand": "H&B", "combo": []}, {"category": "Kitchen, Garden & Pets", "sub_category_name": "Kitchen Accessories", "product_name": "Gas Lighter - Stainless Steel Slimline, Multicolour", "product_brand": "Crystal", "combo": []}, {"category": "Kitchen, Garden & Pets", "sub_category_name": "Kitchen Accessories", "product_name": "Chopping Board With Handle - Bamboo Wood, BH 100", "product_brand": "BB Home", "combo": []}, {"category": "Kitchen, Garden & Pets", "sub_category_name": "Kitchen Accessories", "product_name": "Nirosta Softgrip Scissor (22cm)", "product_brand": "Fackelmann", "combo": []}, {"category": "Kitchen, Garden & Pets", "sub_category_name": "Kitchen Accessories", "product_name": "Stainless Steel Kitchen Tools - Turner + Skimmer + Ladle, Hammered", "product_brand": "BB Home", "combo": []}, {"category": "Kitchen, Garden & Pets", "sub_category_name": "Kitchen Accessories", "product_name": "Knife Set With Peeler - Assorted", "product_brand": "Triones", "combo": []}, {"category": "Kitchen, Garden & Pets", "sub_category_name": "Kitchen Accessories", "product_name": "Lemon Squeezer - Large", "product_brand": "Anjali", "combo": []}, {"category": "Kitchen, Garden & Pets", "sub_category_name": "Kitchen Accessories", "product_name": "Table Ring - Trivet Square, Stainless Steel", "product_brand": "Kvg", "combo": []}, {"category": "Kitchen, Garden & Pets", "sub_category_name": "Kitchen Accessories", "product_name": "Spoon Stand - Big, Stainless Steel", "product_brand": "Kvg", "combo": []}, {"category": "Kitchen, Garden & Pets", "sub_category_name": "Kitchen Accessories", "product_name": "Table Ring - Trivet Round, Dia-15.5 cm", "product_brand": "Kvg", "combo": []}, {"category": "Kitchen, Garden & Pets", "sub_category_name": "Kitchen Accessories", "product_name": "Plastic Beaute Strainer - Decorative, Assorted Colour 1 pc 17 cm", "product_brand": "All Time", "combo": []}, {"category": "Kitchen, Garden & Pets", "sub_category_name": "Kitchen Accessories", "product_name": "Chopping/Cutting Plastic Board - Fruits Design, Assorted, BB1406-2", "product_brand": "DP", "combo": []}, {"category": "Kitchen, Garden & Pets", "sub_category_name": "Kitchen Accessories", "product_name": "Silicone Roller Pin - Pink BB 152 PK", "product_brand": "DP", "combo": []}, {"category": "Kitchen, Garden & Pets", "sub_category_name": "Kitchen Accessories", "product_name": "Skimmer/Deep Fry Spoon - Nylon Wooden, Pink, Bb-1155_2", "product_brand": "Casasunco", "combo": []}, {"category": "Kitchen, Garden & Pets", "sub_category_name": "Kitchen Accessories", "product_name": "Apple Cutter - Aristo", "product_brand": "Anjali", "combo": []}, {"category": "Kitchen, Garden & Pets", "sub_category_name": "Kitchen Accessories", "product_name": "Lemon Squeezer - Stainless Steel", "product_brand": "Anjali", "combo": []}, {"category": "Kitchen, Garden & Pets", "sub_category_name": "Kitchen Accessories", "product_name": "Slotted/Frying/Cooking Spoon - Nylon & Wooden, Blue, Bb-1152", "product_brand": "Casasunco", "combo": []}, {"category": "Kitchen, Garden & Pets", "sub_category_name": "Kitchen Accessories", "product_name": "Stainless Steel Multipurpose Fruit Basket - With Cover, 20 cm", "product_brand": "Elephant", "combo": []}, {"category": "Kitchen, Garden & Pets", "sub_category_name": "Kitchen Accessories", "product_name": "Gas Trolley - Plastic, Round", "product_brand": "Anjali", "combo": []}, {"category": "Kitchen, Garden & Pets", "sub_category_name": "Kitchen Accessories", "product_name": "Stainless Steel Frying Ladle - No. 11, Silvera", "product_brand": "Anjali", "combo": []}, {"category": "Kitchen, Garden & Pets", "sub_category_name": "Kitchen Accessories", "product_name": "Spice Rack 3-in-1", "product_brand": "Triones", "combo": []}, {"category": "Kitchen, Garden & Pets", "sub_category_name": "Kitchen Accessories", "product_name": "Silicone Roller Pin -Blue BB 152 PL", "product_brand": "DP", "combo": []}, {"category": "Kitchen, Garden & Pets", "sub_category_name": "Kitchen Accessories", "product_name": "Coconut Scraper - Padmini Vacuum Base", "product_brand": "Anjali", "combo": []}, {"category": "Kitchen, Garden & Pets", "sub_category_name": "Kitchen Accessories", "product_name": "Nicer Dicer Vegetable & Fruit Cutter 12-In-1", "product_brand": "Triones", "combo": []}, {"category": "Kitchen, Garden & Pets", "sub_category_name": "Kitchen Accessories", "product_name": "French Fry Cutter - With Free Comb & Container", "product_brand": "Ritu", "combo": []}, {"category": "Kitchen, Garden & Pets", "sub_category_name": "Kitchen Accessories", "product_name": "Stainless Steel Curry Ladle - No. 9, Silvera", "product_brand": "Anjali", "combo": []}, {"category": "Kitchen, Garden & Pets", "sub_category_name": "Kitchen Accessories", "product_name": "Slotted Turner - Nylon, Silicon Handle, Red", "product_brand": "H&B", "combo": []}, {"category": "Kitchen, Garden & Pets", "sub_category_name": "Kitchen Accessories", "product_name": "Silicone Roller Pin - Purple BB 152 PL", "product_brand": "DP", "combo": []}, {"category": "Kitchen, Garden & Pets", "sub_category_name": "Kitchen Accessories", "product_name": "Stainless Steel Noodle Server - No. 13, Silvera", "product_brand": "Anjali", "combo": []}, {"category": "Kitchen, Garden & Pets", "sub_category_name": "Kitchen Accessories", "product_name": "Chopping/Cutting Board - Chop n Roll", "product_brand": "Anjali", "combo": []}, {"category": "Kitchen, Garden & Pets", "sub_category_name": "Kitchen Accessories", "product_name": "Plastic Soup Strainer - Assorted Colour 1 pc 21 cm", "product_brand": "All Time", "combo": []}, {"category": "Kitchen, Garden & Pets", "sub_category_name": "Kitchen Accessories", "product_name": "Coconut Scraper - Stainless Steel, Multicolor", "product_brand": "Crystal", "combo": []}, {"category": "Kitchen, Garden & Pets", "sub_category_name": "Kitchen Accessories", "product_name": "Sprout Maker With 3 Container", "product_brand": "Anjali", "combo": []}, {"category": "Kitchen, Garden & Pets", "sub_category_name": "Kitchen Accessories", "product_name": "Nozzle Cleaning Brush Set - Bottle, Oil Can", "product_brand": "Kvg", "combo": []}, {"category": "Kitchen, Garden & Pets", "sub_category_name": "Kitchen Accessories", "product_name": "Skimmer", "product_brand": "Crystal", "combo": []}, {"category": "Kitchen, Garden & Pets", "sub_category_name": "Kitchen Accessories", "product_name": "Stainless Steel Slotted Serving Spoon - No. 11, Silvera", "product_brand": "Anjali", "combo": []}, {"category": "Kitchen, Garden & Pets", "sub_category_name": "Kitchen Accessories", "product_name": "Stainless Steel Serving Spoon - No. 9, Silvera", "product_brand": "Anjali", "combo": []}, {"category": "Kitchen, Garden & Pets", "sub_category_name": "Kitchen Accessories", "product_name": "Peeler - 4 In 1", "product_brand": "Anjali", "combo": []}, {"category": "Kitchen, Garden & Pets", "sub_category_name": "Kitchen Accessories", "product_name": "Opener - Three Way, Can Bottle Punch", "product_brand": "KM", "combo": []}, {"category": "Kitchen, Garden & Pets", "sub_category_name": "Kitchen Accessories", "product_name": "Tomato Knife - Super", "product_brand": "Anjali", "combo": []}, {"category": "Kitchen, Garden & Pets", "sub_category_name": "Kitchen Accessories", "product_name": "Juicer, Multi Purpose", "product_brand": "Anjali", "combo": []}, {"category": "Kitchen, Garden & Pets", "sub_category_name": "Kitchen Accessories", "product_name": "All Time Plastic Decor Strainer - Assorted Colour", "product_brand": "All Time", "combo": []}, {"category": "Kitchen, Garden & Pets", "sub_category_name": "Kitchen Accessories", "product_name": "All Time Plastic Tea Strainer - Assorted Colour", "product_brand": "All Time", "combo": []}, {"category": "Kitchen, Garden & Pets", "sub_category_name": "Kitchen Accessories", "product_name": "Gas Lighter-Stainless Steel Aristo - Assorted Colour", "product_brand": "Crystal", "combo": []}, {"category": "Kitchen, Garden & Pets", "sub_category_name": "Kitchen Accessories", "product_name": "Can Opener", "product_brand": "Fackelmann", "combo": []}, {"category": "Kitchen, Garden & Pets", "sub_category_name": "Kitchen Accessories", "product_name": "Stainless Steel - Tea Infuser with holder (15cm)", "product_brand": "Fackelmann", "combo": []}, {"category": "Kitchen, Garden & Pets", "sub_category_name": "Kitchen Accessories", "product_name": "Veg & Multi Cutter", "product_brand": "Ritu", "combo": []}, {"category": "Kitchen, Garden & Pets", "sub_category_name": "Kitchen Accessories", "product_name": "Polpat - Plastic, Medium", "product_brand": "Ritu", "combo": []}, {"category": "Kitchen, Garden & Pets", "sub_category_name": "Kitchen Accessories", "product_name": "Softgrip Scissor (19.5cm)", "product_brand": "Fackelmann", "combo": []}, {"category": "Kitchen, Garden & Pets", "sub_category_name": "Kitchen Accessories", "product_name": "Slim Gas Lighter", "product_brand": "Fackelmann", "combo": []}, {"category": "Kitchen, Garden & Pets", "sub_category_name": "Kitchen Accessories", "product_name": "Silicone Spoon - Red BB 119", "product_brand": "H&B", "combo": []}, {"category": "Kitchen, Garden & Pets", "sub_category_name": "Kitchen Accessories", "product_name": "Nylon Spoons For Non Stick Cookware", "product_brand": "JLT", "combo": []}, {"category": "Kitchen, Garden & Pets", "sub_category_name": "Kitchen Accessories", "product_name": "Dicer Plus", "product_brand": "Crystal", "combo": []}, {"category": "Kitchen, Garden & Pets", "sub_category_name": "Kitchen Accessories", "product_name": "Bamboo Wood Skewer/Picker Barbeque Disposable Stick - 12 Inch", "product_brand": "Bamboooz", "combo": []}, {"category": "Kitchen, Garden & Pets", "sub_category_name": "Kitchen Accessories", "product_name": "Bamboo Wood Reusable/Disposable Drinking Straw", "product_brand": "Bamboooz", "combo": []}, {"category": "Kitchen, Garden & Pets", "sub_category_name": "Kitchen Accessories", "product_name": "Bamboo Wood Square Bread/Fruit/Flower Basket - 8x8 Inch", "product_brand": "Bamboooz", "combo": []}, {"category": "Kitchen, Garden & Pets", "sub_category_name": "Kitchen Accessories", "product_name": "Bamboo Wood Chakla/Rolling Board - 10 Inch", "product_brand": "Bamboooz", "combo": []}, {"category": "Kitchen, Garden & Pets", "sub_category_name": "Kitchen Accessories", "product_name": "Xpress Handy Juicer 2-In-1 - Multicolour", "product_brand": "Crystal", "combo": []}, {"category": "Kitchen, Garden & Pets", "sub_category_name": "Kitchen Accessories", "product_name": "Vegetable-Fruit Mini Chopper - Xpress Pull n Chop, Assorted Colour", "product_brand": "Crystal", "combo": []}, {"category": "Kitchen, Garden & Pets", "sub_category_name": "Kitchen Accessories", "product_name": "Stainless Steel Cutlery Holder - Sunflower Design, Size 4", "product_brand": "Swastik Steel", "combo": []}, {"category": "Kitchen, Garden & Pets", "sub_category_name": "Kitchen Accessories", "product_name": "Spice Rack 4-n-1 - Oval", "product_brand": "Triones", "combo": []}, {"category": "Kitchen, Garden & Pets", "sub_category_name": "Kitchen Accessories", "product_name": "Multipurpose Fruit-Storage Basket", "product_brand": "Triones", "combo": []}, {"category": "Kitchen, Garden & Pets", "sub_category_name": "Kitchen Accessories", "product_name": "Vegetable Cutter With Peeler 2-in-1", "product_brand": "Triones", "combo": []}, {"category": "Kitchen, Garden & Pets", "sub_category_name": "Kitchen Accessories", "product_name": "Plastic Egg Cracker/York Separator", "product_brand": "Triones", "combo": []}, {"category": "Kitchen, Garden & Pets", "sub_category_name": "Kitchen Accessories", "product_name": "Stainless Steel Pizza Cutter - Red, BB 117", "product_brand": "H&B", "combo": []}, {"category": "Kitchen, Garden & Pets", "sub_category_name": "Kitchen Accessories", "product_name": "Wooden Chopping Board - Big, Brown", "product_brand": "Kvg", "combo": []}, {"category": "Kitchen, Garden & Pets", "sub_category_name": "Kitchen Accessories", "product_name": "Belan/Roti Rolling Pin - Rose Wood, Marathi No.2, Brown", "product_brand": "Kvg", "combo": []}, {"category": "Kitchen, Garden & Pets", "sub_category_name": "Kitchen Accessories", "product_name": "Pot Holder - Tong, Silicon, Heat Resistant, BB162 Orange", "product_brand": "Cook4U", "combo": []}, {"category": "Kitchen, Garden & Pets", "sub_category_name": "Kitchen Accessories", "product_name": "Fruit Corer - Silicon Handle, Red", "product_brand": "H&B", "combo": []}, {"category": "Kitchen, Garden & Pets", "sub_category_name": "Kitchen Accessories", "product_name": "Potato Masher - Nylon, Silicon Handle, Green", "product_brand": "H&B", "combo": []}, {"category": "Kitchen, Garden & Pets", "sub_category_name": "Kitchen Accessories", "product_name": "Multi Jar/Can Opener - Plastic", "product_brand": "NSH", "combo": []}, {"category": "Kitchen, Garden & Pets", "sub_category_name": "Kitchen Accessories", "product_name": "Knife - Easy Chopping", "product_brand": "Cartini by Godrej", "combo": []}, {"category": "Kitchen, Garden & Pets", "sub_category_name": "Kitchen Accessories", "product_name": "Knife - Tomato Cutting", "product_brand": "Cartini by Godrej", "combo": []}, {"category": "Kitchen, Garden & Pets", "sub_category_name": "Kitchen Accessories", "product_name": "S.S.Lovely Gas Lighter-Patent Design Regd.", "product_brand": "Ritu", "combo": []}, {"category": "Kitchen, Garden & Pets", "sub_category_name": "Kitchen Accessories", "product_name": "Knife - Slicing", "product_brand": "Cartini by Godrej", "combo": []}, {"category": "Kitchen, Garden & Pets", "sub_category_name": "Kitchen Accessories", "product_name": "Stainless Steel Serving Spoon - No. 13, Silvera", "product_brand": "Anjali", "combo": []}, {"category": "Kitchen, Garden & Pets", "sub_category_name": "Kitchen Accessories", "product_name": "Gas Jali - Stainless Steel", "product_brand": "Kvg", "combo": []}, {"category": "Kitchen, Garden & Pets", "sub_category_name": "Kitchen Accessories", "product_name": "Handwashing Brush", "product_brand": "Fackelmann", "combo": []}, {"category": "Kitchen, Garden & Pets", "sub_category_name": "Kitchen Accessories", "product_name": "Veg Peeler - Horizontal", "product_brand": "Fackelmann", "combo": []}, {"category": "Kitchen, Garden & Pets", "sub_category_name": "Kitchen Accessories", "product_name": "Plastic Beaute Strainer - Decorative, Assorted Colour 1 pc 15 cm", "product_brand": "All Time", "combo": []}, {"category": "Kitchen, Garden & Pets", "sub_category_name": "Kitchen Accessories", "product_name": "knife - Vegetable Cutting", "product_brand": "Cartini by Godrej", "combo": []}, {"category": "Kitchen, Garden & Pets", "sub_category_name": "Kitchen Accessories", "product_name": "Wooden Spoon Stand - Double, Rosewood, Brown", "product_brand": "Kvg", "combo": []}, {"category": "Kitchen, Garden & Pets", "sub_category_name": "Kitchen Accessories", "product_name": "Stainless Steel Soup/Juice Strainer - King, 23 cm", "product_brand": "Elephant", "combo": []}, {"category": "Kitchen, Garden & Pets", "sub_category_name": "Kitchen Accessories", "product_name": "Fruit Juicer", "product_brand": "Crystal", "combo": []}, {"category": "Kitchen, Garden & Pets", "sub_category_name": "Kitchen Accessories", "product_name": "Stainless Steel Cook's Carving Knife With Steel Gray Handle", "product_brand": "Cartini by Godrej", "combo": []}, {"category": "Kitchen, Garden & Pets", "sub_category_name": "Kitchen Accessories", "product_name": "Stainless Steel Essential Kitchen Butcher's Knife", "product_brand": "Cartini by Godrej", "combo": []}, {"category": "Kitchen, Garden & Pets", "sub_category_name": "Kitchen Accessories", "product_name": "Stainless Steel Easy Chopping Knife With Green Handle", "product_brand": "Cartini by Godrej", "combo": []}, {"category": "Kitchen, Garden & Pets", "sub_category_name": "Kitchen Accessories", "product_name": "Slotted/Frying/Cooking Spoon - Nylon & Wooden, Pink, Bb-1152_1", "product_brand": "Casasunco", "combo": []}, {"category": "Kitchen, Garden & Pets", "sub_category_name": "Kitchen Accessories", "product_name": "Stainless Steel Soup/Juice Strainer - Classic, 20 cm", "product_brand": "Elephant", "combo": []}, {"category": "Kitchen, Garden & Pets", "sub_category_name": "Kitchen Accessories", "product_name": "Stainless Steel Net Cover - 20 cm", "product_brand": "Elephant", "combo": []}, {"category": "Kitchen, Garden & Pets", "sub_category_name": "Kitchen Accessories", "product_name": "Stainless Steel Net Cover - 25 cm", "product_brand": "Elephant", "combo": []}, {"category": "Kitchen, Garden & Pets", "sub_category_name": "Kitchen Accessories", "product_name": "Stainless Steel Net Cover - 28 cm", "product_brand": "Elephant", "combo": []}, {"category": "Kitchen, Garden & Pets", "sub_category_name": "Kitchen Accessories", "product_name": "Stainless Steel Colander/Basket/Strainer - 23 cm", "product_brand": "Elephant", "combo": []}, {"category": "Kitchen, Garden & Pets", "sub_category_name": "Kitchen Accessories", "product_name": "Stainless Steel Dish Cover - Mesh, 23 cm", "product_brand": "Elephant", "combo": []}, {"category": "Kitchen, Garden & Pets", "sub_category_name": "Kitchen Accessories", "product_name": "Pointed Knife 10 cm 3 Rivet Handle", "product_brand": "Ritu", "combo": []}, {"category": "Kitchen, Garden & Pets", "sub_category_name": "Kitchen Accessories", "product_name": "Stainless Steel Serving Spoon - No. 13, Silvera", "product_brand": "Anjali", "combo": []}, {"category": "Kitchen, Garden & Pets", "sub_category_name": "Kitchen Accessories", "product_name": "Gas Jali - Stainless Steel", "product_brand": "Kvg", "combo": []}, {"category": "Kitchen, Garden & Pets", "sub_category_name": "Kitchen Accessories", "product_name": "Handwashing Brush", "product_brand": "Fackelmann", "combo": []}, {"category": "Kitchen, Garden & Pets", "sub_category_name": "Kitchen Accessories", "product_name": "Veg Peeler - Horizontal", "product_brand": "Fackelmann", "combo": []}, {"category": "Kitchen, Garden & Pets", "sub_category_name": "Kitchen Accessories", "product_name": "Plastic Beaute Strainer - Decorative, Assorted Colour 1 pc 15 cm", "product_brand": "All Time", "combo": []}, {"category": "Kitchen, Garden & Pets", "sub_category_name": "Kitchen Accessories", "product_name": "knife - Vegetable Cutting", "product_brand": "Cartini by Godrej", "combo": []}, {"category": "Kitchen, Garden & Pets", "sub_category_name": "Kitchen Accessories", "product_name": "Wooden Spoon Stand - Double, Rosewood, Brown", "product_brand": "Kvg", "combo": []}, {"category": "Kitchen, Garden & Pets", "sub_category_name": "Kitchen Accessories", "product_name": "Stainless Steel Soup/Juice Strainer - King, 23 cm", "product_brand": "Elephant", "combo": []}, {"category": "Kitchen, Garden & Pets", "sub_category_name": "Kitchen Accessories", "product_name": "Fruit Juicer", "product_brand": "Crystal", "combo": []}, {"category": "Kitchen, Garden & Pets", "sub_category_name": "Kitchen Accessories", "product_name": "Stainless Steel Cook's Carving Knife With Steel Gray Handle", "product_brand": "Cartini by Godrej", "combo": []}, {"category": "Kitchen, Garden & Pets", "sub_category_name": "Kitchen Accessories", "product_name": "Stainless Steel Essential Kitchen Butcher's Knife", "product_brand": "Cartini by Godrej", "combo": []}, {"category": "Kitchen, Garden & Pets", "sub_category_name": "Kitchen Accessories", "product_name": "Stainless Steel Easy Chopping Knife With Green Handle", "product_brand": "Cartini by Godrej", "combo": []}, {"category": "Kitchen, Garden & Pets", "sub_category_name": "Kitchen Accessories", "product_name": "Slotted/Frying/Cooking Spoon - Nylon & Wooden, Pink, Bb-1152_1", "product_brand": "Casasunco", "combo": []}, {"category": "Kitchen, Garden & Pets", "sub_category_name": "Kitchen Accessories", "product_name": "Stainless Steel Soup/Juice Strainer - Classic, 20 cm", "product_brand": "Elephant", "combo": []}, {"category": "Kitchen, Garden & Pets", "sub_category_name": "Kitchen Accessories", "product_name": "Stainless Steel Net Cover - 20 cm", "product_brand": "Elephant", "combo": []}, {"category": "Kitchen, Garden & Pets", "sub_category_name": "Kitchen Accessories", "product_name": "Stainless Steel Net Cover - 25 cm", "product_brand": "Elephant", "combo": []}, {"category": "Kitchen, Garden & Pets", "sub_category_name": "Kitchen Accessories", "product_name": "Stainless Steel Net Cover - 28 cm", "product_brand": "Elephant", "combo": []}, {"category": "Kitchen, Garden & Pets", "sub_category_name": "Kitchen Accessories", "product_name": "Stainless Steel Colander/Basket/Strainer - 23 cm", "product_brand": "Elephant", "combo": []}, {"category": "Kitchen, Garden & Pets", "sub_category_name": "Kitchen Accessories", "product_name": "Stainless Steel Dish Cover - Mesh, 23 cm", "product_brand": "Elephant", "combo": []}, {"category": "Kitchen, Garden & Pets", "sub_category_name": "Kitchen Accessories", "product_name": "Pointed Knife 10 cm 3 Rivet Handle", "product_brand": "Ritu", "combo": []}, {"category": "Kitchen, Garden & Pets", "sub_category_name": "Kitchen Accessories", "product_name": "Stainless Steel Serving Spoon - No. 13, Silvera", "product_brand": "Anjali", "combo": []}, {"category": "Kitchen, Garden & Pets", "sub_category_name": "Kitchen Accessories", "product_name": "Gas Jali - Stainless Steel", "product_brand": "Kvg", "combo": []}, {"category": "Kitchen, Garden & Pets", "sub_category_name": "Kitchen Accessories", "product_name": "Handwashing Brush", "product_brand": "Fackelmann", "combo": []}, {"category": "Kitchen, Garden & Pets", "sub_category_name": "Kitchen Accessories", "product_name": "Veg Peeler - Horizontal", "product_brand": "Fackelmann", "combo": []}, {"category": "Kitchen, Garden & Pets", "sub_category_name": "Kitchen Accessories", "product_name": "Plastic Beaute Strainer - Decorative, Assorted Colour 1 pc 15 cm", "product_brand": "All Time", "combo": []}, {"category": "Kitchen, Garden & Pets", "sub_category_name": "Kitchen Accessories", "product_name": "knife - Vegetable Cutting", "product_brand": "Cartini by Godrej", "combo": []}, {"category": "Kitchen, Garden & Pets", "sub_category_name": "Kitchen Accessories", "product_name": "Wooden Spoon Stand - Double, Rosewood, Brown", "product_brand": "Kvg", "combo": []}, {"category": "Kitchen, Garden & Pets", "sub_category_name": "Kitchen Accessories", "product_name": "Stainless Steel Soup/Juice Strainer - King, 23 cm", "product_brand": "Elephant", "combo": []}, {"category": "Kitchen, Garden & Pets", "sub_category_name": "Kitchen Accessories", "product_name": "Fruit Juicer", "product_brand": "Crystal", "combo": []}, {"category": "Kitchen, Garden & Pets", "sub_category_name": "Kitchen Accessories", "product_name": "Stainless Steel Cook's Carving Knife With Steel Gray Handle", "product_brand": "Cartini by Godrej", "combo": []}, {"category": "Kitchen, Garden & Pets", "sub_category_name": "Kitchen Accessories", "product_name": "Stainless Steel Essential Kitchen Butcher's Knife", "product_brand": "Cartini by Godrej", "combo": []}, {"category": "Kitchen, Garden & Pets", "sub_category_name": "Kitchen Accessories", "product_name": "Stainless Steel Easy Chopping Knife With Green Handle", "product_brand": "Cartini by Godrej", "combo": []}, {"category": "Kitchen, Garden & Pets", "sub_category_name": "Kitchen Accessories", "product_name": "Slotted/Frying/Cooking Spoon - Nylon & Wooden, Pink, Bb-1152_1", "product_brand": "Casasunco", "combo": []}, {"category": "Kitchen, Garden & Pets", "sub_category_name": "Kitchen Accessories", "product_name": "Stainless Steel Soup/Juice Strainer - Classic, 20 cm", "product_brand": "Elephant", "combo": []}, {"category": "Kitchen, Garden & Pets", "sub_category_name": "Kitchen Accessories", "product_name": "Stainless Steel Net Cover - 20 cm", "product_brand": "Elephant", "combo": []}, {"category": "Kitchen, Garden & Pets", "sub_category_name": "Kitchen Accessories", "product_name": "Stainless Steel Net Cover - 25 cm", "product_brand": "Elephant", "combo": []}, {"category": "Kitchen, Garden & Pets", "sub_category_name": "Kitchen Accessories", "product_name": "Stainless Steel Net Cover - 28 cm", "product_brand": "Elephant", "combo": []}, {"category": "Kitchen, Garden & Pets", "sub_category_name": "Kitchen Accessories", "product_name": "Stainless Steel Colander/Basket/Strainer - 23 cm", "product_brand": "Elephant", "combo": []}, {"category": "Kitchen, Garden & Pets", "sub_category_name": "Kitchen Accessories", "product_name": "Stainless Steel Dish Cover - Mesh, 23 cm", "product_brand": "Elephant", "combo": []}, {"category": "Kitchen, Garden & Pets", "sub_category_name": "Kitchen Accessories", "product_name": "Pointed Knife 10 cm 3 Rivet Handle", "product_brand": "Ritu", "combo": []}, {"category": "Kitchen, Garden & Pets", "sub_category_name": "Kitchen Accessories", "product_name": "Chopping Board No.3 Wooden Colour", "product_brand": "Ritu", "combo": []}, {"category": "Kitchen, Garden & Pets", "sub_category_name": "Kitchen Accessories", "product_name": "Vegetable/Fruit Cutting & Chopping Board - 2-In-1, Double-Sided, Antibacterial Bamboo, With Premium Silicone, Green", "product_brand": "Home Puff", "combo": []}, {"category": "Kitchen, Garden & Pets", "sub_category_name": "Kitchen Accessories", "product_name": "Leaf Tea Infuser Stainless Steel Strainer Filter With Drip Tray", "product_brand": "TGL Co.", "combo": []}, {"category": "Kitchen, Garden & Pets", "sub_category_name": "Kitchen Accessories", "product_name": "Roti-Chapatti Chimta - Stainless Steel, Size-No. 2", "product_brand": "Kvg", "combo": []}, {"category": "Kitchen, Garden & Pets", "sub_category_name": "Kitchen Accessories", "product_name": "Chopping Board With Handle - Bamboo Wood, BH 102", "product_brand": "BB Home", "combo": []}, {"category": "Kitchen, Garden & Pets", "sub_category_name": "Kitchen Accessories", "product_name": "Steel Skimmer - Medium, Classic Diana Series, BBST34", "product_brand": "BB Home", "combo": []}, {"category": "Kitchen, Garden & Pets", "sub_category_name": "Kitchen Accessories", "product_name": "Chopping Board With Handle - Bamboo Wood, BH 103", "product_brand": "BB Home", "combo": []}, {"category": "Kitchen, Garden & Pets", "sub_category_name": "Kitchen Accessories", "product_name": "Bamboo Wood Chopping/Cutting Board - Medium, 8x11 Inch", "product_brand": "Bamboooz", "combo": []}, {"category": "Kitchen, Garden & Pets", "sub_category_name": "Kitchen Accessories", "product_name": "Nova Wooden Serving Tray - Medium, Brown", "product_brand": "Kvg", "combo": []}, {"category": "Kitchen, Garden & Pets", "sub_category_name": "Kitchen Accessories", "product_name": "Stainless Steel Whisk/Beater - 30 cm", "product_brand": "Elephant", "combo": []}, {"category": "Kitchen, Garden & Pets", "sub_category_name": "Kitchen Accessories", "product_name": "Steel Dal/Gravy Laddle - Big, Premium Gem Series, BBKT20", "product_brand": "BB Home", "combo": []}, {"category": "Kitchen, Garden & Pets", "sub_category_name": "Kitchen Accessories", "product_name": "Steel Skimmer - Big, Premium Gem Series, BBKT21", "product_brand": "BB Home", "combo": []}, {"category": "Kitchen, Garden & Pets", "sub_category_name": "Kitchen Accessories", "product_name": "Steel Dal/Gravy Basting Spoon - Big, Premium Gem Series, BBKT22", "product_brand": "BB Home", "combo": []}, {"category": "Kitchen, Garden & Pets", "sub_category_name": "Kitchen Accessories", "product_name": "Steel Turner Spatula - Big, Premium Gem Series, BBKT23", "product_brand": "BB Home", "combo": []}, {"category": "Kitchen, Garden & Pets", "sub_category_name": "Kitchen Accessories", "product_name": "Steel Skimmer - Medium, Premium Gem Series, BBST25", "product_brand": "BB Home", "combo": []}, {"category": "Kitchen, Garden & Pets", "sub_category_name": "Kitchen Accessories", "product_name": "Steel Dal/Gravy Basting Spoon - Medium, Premium Gem Series, BBST27", "product_brand": "BB Home", "combo": []}, {"category": "Kitchen, Garden & Pets", "sub_category_name": "Kitchen Accessories", "product_name": "Steel Rice Serving Spoon - Medium, Premium Gem Series, BBST28", "product_brand": "BB Home", "combo": []}, {"category": "Kitchen, Garden & Pets", "sub_category_name": "Kitchen Accessories", "product_name": "Steel Dal/Gravy Laddle - Big, Classic Diana Series, BBKT29", "product_brand": "BB Home", "combo": []}, {"category": "Kitchen, Garden & Pets", "sub_category_name": "Kitchen Accessories", "product_name": "Steel Skimmer - Big, Classic Diana Series, BBKT30", "product_brand": "BB Home", "combo": []}, {"category": "Kitchen, Garden & Pets", "sub_category_name": "Kitchen Accessories", "product_name": "Steel Dal/Gravy Basting Spoon - Big, Classic Diana Series, BBKT31", "product_brand": "BB Home", "combo": []}, {"category": "Kitchen, Garden & Pets", "sub_category_name": "Kitchen Accessories", "product_name": "Stainless Steel Serving Spoon - No. 13, Silvera", "product_brand": "Anjali", "combo": []}, {"category": "Kitchen, Garden & Pets", "sub_category_name": "Kitchen Accessories", "product_name": "Gas Jali - Stainless Steel", "product_brand": "Kvg", "combo": []}, {"category": "Kitchen, Garden & Pets", "sub_category_name": "Kitchen Accessories", "product_name": "Handwashing Brush", "product_brand": "Fackelmann", "combo": []}, {"category": "Kitchen, Garden & Pets", "sub_category_name": "Kitchen Accessories", "product_name": "Veg Peeler - Horizontal", "product_brand": "Fackelmann", "combo": []}, {"category": "Kitchen, Garden & Pets", "sub_category_name": "Kitchen Accessories", "product_name": "Plastic Beaute Strainer - Decorative, Assorted Colour 1 pc 15 cm", "product_brand": "All Time", "combo": []}, {"category": "Kitchen, Garden & Pets", "sub_category_name": "Kitchen Accessories", "product_name": "knife - Vegetable Cutting", "product_brand": "Cartini by Godrej", "combo": []}, {"category": "Kitchen, Garden & Pets", "sub_category_name": "Kitchen Accessories", "product_name": "Wooden Spoon Stand - Double, Rosewood, Brown", "product_brand": "Kvg", "combo": []}, {"category": "Kitchen, Garden & Pets", "sub_category_name": "Kitchen Accessories", "product_name": "Stainless Steel Soup/Juice Strainer - King, 23 cm", "product_brand": "Elephant", "combo": []}, {"category": "Kitchen, Garden & Pets", "sub_category_name": "Kitchen Accessories", "product_name": "Fruit Juicer", "product_brand": "Crystal", "combo": []}, {"category": "Kitchen, Garden & Pets", "sub_category_name": "Kitchen Accessories", "product_name": "Stainless Steel Cook's Carving Knife With Steel Gray Handle", "product_brand": "Cartini by Godrej", "combo": []}, {"category": "Kitchen, Garden & Pets", "sub_category_name": "Kitchen Accessories", "product_name": "Stainless Steel Essential Kitchen Butcher's Knife", "product_brand": "Cartini by Godrej", "combo": []}, {"category": "Kitchen, Garden & Pets", "sub_category_name": "Kitchen Accessories", "product_name": "Stainless Steel Easy Chopping Knife With Green Handle", "product_brand": "Cartini by Godrej", "combo": []}, {"category": "Kitchen, Garden & Pets", "sub_category_name": "Kitchen Accessories", "product_name": "Slotted/Frying/Cooking Spoon - Nylon & Wooden, Pink, Bb-1152_1", "product_brand": "Casasunco", "combo": []}, {"category": "Kitchen, Garden & Pets", "sub_category_name": "Kitchen Accessories", "product_name": "Stainless Steel Soup/Juice Strainer - Classic, 20 cm", "product_brand": "Elephant", "combo": []}, {"category": "Kitchen, Garden & Pets", "sub_category_name": "Kitchen Accessories", "product_name": "Stainless Steel Net Cover - 20 cm", "product_brand": "Elephant", "combo": []}, {"category": "Kitchen, Garden & Pets", "sub_category_name": "Kitchen Accessories", "product_name": "Stainless Steel Net Cover - 25 cm", "product_brand": "Elephant", "combo": []}, {"category": "Kitchen, Garden & Pets", "sub_category_name": "Kitchen Accessories", "product_name": "Stainless Steel Net Cover - 28 cm", "product_brand": "Elephant", "combo": []}, {"category": "Kitchen, Garden & Pets", "sub_category_name": "Kitchen Accessories", "product_name": "Stainless Steel Colander/Basket/Strainer - 23 cm", "product_brand": "Elephant", "combo": []}, {"category": "Kitchen, Garden & Pets", "sub_category_name": "Kitchen Accessories", "product_name": "Stainless Steel Dish Cover - Mesh, 23 cm", "product_brand": "Elephant", "combo": []}, {"category": "Kitchen, Garden & Pets", "sub_category_name": "Kitchen Accessories", "product_name": "Pointed Knife 10 cm 3 Rivet Handle", "product_brand": "Ritu", "combo": []}, {"category": "Kitchen, Garden & Pets", "sub_category_name": "Kitchen Accessories", "product_name": "Stainless Steel Serving Spoon - No. 13, Silvera", "product_brand": "Anjali", "combo": []}, {"category": "Kitchen, Garden & Pets", "sub_category_name": "Kitchen Accessories", "product_name": "Gas Jali - Stainless Steel", "product_brand": "Kvg", "combo": []}, {"category": "Kitchen, Garden & Pets", "sub_category_name": "Kitchen Accessories", "product_name": "Handwashing Brush", "product_brand": "Fackelmann", "combo": []}, {"category": "Kitchen, Garden & Pets", "sub_category_name": "Kitchen Accessories", "product_name": "Veg Peeler - Horizontal", "product_brand": "Fackelmann", "combo": []}, {"category": "Kitchen, Garden & Pets", "sub_category_name": "Kitchen Accessories", "product_name": "Plastic Beaute Strainer - Decorative, Assorted Colour 1 pc 15 cm", "product_brand": "All Time", "combo": []}, {"category": "Kitchen, Garden & Pets", "sub_category_name": "Kitchen Accessories", "product_name": "knife - Vegetable Cutting", "product_brand": "Cartini by Godrej", "combo": []}, {"category": "Kitchen, Garden & Pets", "sub_category_name": "Kitchen Accessories", "product_name": "Wooden Spoon Stand - Double, Rosewood, Brown", "product_brand": "Kvg", "combo": []}, {"category": "Kitchen, Garden & Pets", "sub_category_name": "Kitchen Accessories", "product_name": "Stainless Steel Soup/Juice Strainer - King, 23 cm", "product_brand": "Elephant", "combo": []}, {"category": "Kitchen, Garden & Pets", "sub_category_name": "Kitchen Accessories", "product_name": "Fruit Juicer", "product_brand": "Crystal", "combo": []}, {"category": "Kitchen, Garden & Pets", "sub_category_name": "Kitchen Accessories", "product_name": "Stainless Steel Cook's Carving Knife With Steel Gray Handle", "product_brand": "Cartini by Godrej", "combo": []}, {"category": "Kitchen, Garden & Pets", "sub_category_name": "Kitchen Accessories", "product_name": "Stainless Steel Essential Kitchen Butcher's Knife", "product_brand": "Cartini by Godrej", "combo": []}, {"category": "Kitchen, Garden & Pets", "sub_category_name": "Kitchen Accessories", "product_name": "Stainless Steel Easy Chopping Knife With Green Handle", "product_brand": "Cartini by Godrej", "combo": []}, {"category": "Kitchen, Garden & Pets", "sub_category_name": "Kitchen Accessories", "product_name": "Slotted/Frying/Cooking Spoon - Nylon & Wooden, Pink, Bb-1152_1", "product_brand": "Casasunco", "combo": []}, {"category": "Kitchen, Garden & Pets", "sub_category_name": "Kitchen Accessories", "product_name": "Stainless Steel Soup/Juice Strainer - Classic, 20 cm", "product_brand": "Elephant", "combo": []}, {"category": "Kitchen, Garden & Pets", "sub_category_name": "Kitchen Accessories", "product_name": "Stainless Steel Net Cover - 20 cm", "product_brand": "Elephant", "combo": []}, {"category": "Kitchen, Garden & Pets", "sub_category_name": "Kitchen Accessories", "product_name": "Stainless Steel Net Cover - 25 cm", "product_brand": "Elephant", "combo": []}, {"category": "Kitchen, Garden & Pets", "sub_category_name": "Kitchen Accessories", "product_name": "Stainless Steel Net Cover - 28 cm", "product_brand": "Elephant", "combo": []}, {"category": "Kitchen, Garden & Pets", "sub_category_name": "Kitchen Accessories", "product_name": "Stainless Steel Colander/Basket/Strainer - 23 cm", "product_brand": "Elephant", "combo": []}, {"category": "Kitchen, Garden & Pets", "sub_category_name": "Kitchen Accessories", "product_name": "Stainless Steel Dish Cover - Mesh, 23 cm", "product_brand": "Elephant", "combo": []}, {"category": "Kitchen, Garden & Pets", "sub_category_name": "Kitchen Accessories", "product_name": "Pointed Knife 10 cm 3 Rivet Handle", "product_brand": "Ritu", "combo": []}, {"category": "Kitchen, Garden & Pets", "sub_category_name": "Kitchen Accessories", "product_name": "Fruit & Vegetables Hand Juicer", "product_brand": "Triones", "combo": []}, {"category": "Kitchen, Garden & Pets", "sub_category_name": "Kitchen Accessories", "product_name": "Universal Knife - Fantastiqe", "product_brand": "Anjali", "combo": []}, {"category": "Kitchen, Garden & Pets", "sub_category_name": "Kitchen Accessories", "product_name": "Stainless Steel with White PVC Handle - Solid Spoon", "product_brand": "Fackelmann", "combo": []}, {"category": "Kitchen, Garden & Pets", "sub_category_name": "Kitchen Accessories", "product_name": "Egg Yolk Separator - Plastic & Silicone, Blue, Bb-1168", "product_brand": "Casasunco", "combo": []}, {"category": "Kitchen, Garden & Pets", "sub_category_name": "Kitchen Accessories", "product_name": "Veg Knife - Swift", "product_brand": "Anjali", "combo": []}, {"category": "Kitchen, Garden & Pets", "sub_category_name": "Kitchen Accessories", "product_name": "Knife Set -2 Knife & 1 Peeler Set", "product_brand": "Ritu", "combo": []}, {"category": "Kitchen, Garden & Pets", "sub_category_name": "Kitchen Accessories", "product_name": "Stainless Steel Tea Strainer - Conical, 9 cm", "product_brand": "Elephant", "combo": []}, {"category": "Kitchen, Garden & Pets", "sub_category_name": "Kitchen Accessories", "product_name": "Stainless Steel Dish Cover - Mesh, 25 cm", "product_brand": "Elephant", "combo": []}, {"category": "Kitchen, Garden & Pets", "sub_category_name": "Kitchen Accessories", "product_name": "Bamboo Wood Chopping/Cutting Board - Small, 6x10 Inch", "product_brand": "Bamboooz", "combo": []}, {"category": "Kitchen, Garden & Pets", "sub_category_name": "Kitchen Accessories", "product_name": "Juice Strainer - Stainless Steel, Size No.6", "product_brand": "Kvg", "combo": []}, {"category": "Kitchen, Garden & Pets", "sub_category_name": "Kitchen Accessories", "product_name": "Stainless Steel Multipurpose Fruit Basket - With Cover, 23 cm", "product_brand": "Elephant", "combo": []}, {"category": "Kitchen, Garden & Pets", "sub_category_name": "Kitchen Accessories", "product_name": "Cutting/Chopping/Peeling Board No.2 - Blue", "product_brand": "Princeware", "combo": []}, {"category": "Kitchen, Garden & Pets", "sub_category_name": "Kitchen Accessories", "product_name": "Cutting/Chopping/Peeling Board No.2 - Green", "product_brand": "Princeware", "combo": []}, {"category": "Kitchen, Garden & Pets", "sub_category_name": "Kitchen Accessories", "product_name": "Stainless Steel Slotted Serving Spoon - No. 13, Silvera", "product_brand": "Anjali", "combo": []}, {"category": "Kitchen, Garden & Pets", "sub_category_name": "Kitchen Accessories", "product_name": "Stainless Steel Serving Spoon - No. 11, Silvera", "product_brand": "Anjali", "combo": []}, {"category": "Kitchen, Garden & Pets", "sub_category_name": "Kitchen Accessories", "product_name": "Stainless Steel Frying Ladle - No. 9, Silvera", "product_brand": "Anjali", "combo": []}, {"category": "Kitchen, Garden & Pets", "sub_category_name": "Kitchen Accessories", "product_name": "Veg Knife - Super", "product_brand": "Anjali", "combo": []}, {"category": "Kitchen, Garden & Pets", "sub_category_name": "Kitchen Accessories", "product_name": "Truedge Knife Set With Wooden Block (99579)", "product_brand": "Prestige", "combo": []}, {"category": "Kitchen, Garden & Pets", "sub_category_name": "Kitchen Accessories", "product_name": "Medium Strainer - Stainless Steel with Plastic Handle, Multicolour", "product_brand": "Crystal", "combo": []}, {"category": "Kitchen, Garden & Pets", "sub_category_name": "Kitchen Accessories", "product_name": "Stainless Steel Gas Lighter With Knife-Red PGL03 (99592)", "product_brand": "Prestige", "combo": []}, {"category": "Kitchen, Garden & Pets", "sub_category_name": "Kitchen Accessories", "product_name": "Fruit & Vegetables Hand Juicer", "product_brand": "Triones", "combo": []}, {"category": "Kitchen, Garden & Pets", "sub_category_name": "Kitchen Accessories", "product_name": "Universal Knife - Fantastiqe", "product_brand": "Anjali", "combo": []}, {"category": "Kitchen, Garden & Pets", "sub_category_name": "Kitchen Accessories", "product_name": "Stainless Steel with White PVC Handle - Solid Spoon", "product_brand": "Fackelmann", "combo": []}, {"category": "Kitchen, Garden & Pets", "sub_category_name": "Kitchen Accessories", "product_name": "Egg Yolk Separator - Plastic & Silicone, Blue, Bb-1168", "product_brand": "Casasunco", "combo": []}, {"category": "Kitchen, Garden & Pets", "sub_category_name": "Kitchen Accessories", "product_name": "Veg Knife - Swift", "product_brand": "Anjali", "combo": []}, {"category": "Kitchen, Garden & Pets", "sub_category_name": "Kitchen Accessories", "product_name": "Knife Set -2 Knife & 1 Peeler Set", "product_brand": "Ritu", "combo": []}, {"category": "Kitchen, Garden & Pets", "sub_category_name": "Kitchen Accessories", "product_name": "Stainless Steel Tea Strainer - Conical, 9 cm", "product_brand": "Elephant", "combo": []}, {"category": "Kitchen, Garden & Pets", "sub_category_name": "Kitchen Accessories", "product_name": "Stainless Steel Dish Cover - Mesh, 25 cm", "product_brand": "Elephant", "combo": []}, {"category": "Kitchen, Garden & Pets", "sub_category_name": "Kitchen Accessories", "product_name": "Bamboo Wood Chopping/Cutting Board - Small, 6x10 Inch", "product_brand": "Bamboooz", "combo": []}, {"category": "Kitchen, Garden & Pets", "sub_category_name": "Kitchen Accessories", "product_name": "Juice Strainer - Stainless Steel, Size No.6", "product_brand": "Kvg", "combo": []}, {"category": "Kitchen, Garden & Pets", "sub_category_name": "Kitchen Accessories", "product_name": "Stainless Steel Multipurpose Fruit Basket - With Cover, 23 cm", "product_brand": "Elephant", "combo": []}, {"category": "Kitchen, Garden & Pets", "sub_category_name": "Kitchen Accessories", "product_name": "Cutting/Chopping/Peeling Board No.2 - Blue", "product_brand": "Princeware", "combo": []}, {"category": "Kitchen, Garden & Pets", "sub_category_name": "Kitchen Accessories", "product_name": "Cutting/Chopping/Peeling Board No.2 - Green", "product_brand": "Princeware", "combo": []}, {"category": "Kitchen, Garden & Pets", "sub_category_name": "Kitchen Accessories", "product_name": "Stainless Steel Slotted Serving Spoon - No. 13, Silvera", "product_brand": "Anjali", "combo": []}, {"category": "Kitchen, Garden & Pets", "sub_category_name": "Kitchen Accessories", "product_name": "Stainless Steel Serving Spoon - No. 11, Silvera", "product_brand": "Anjali", "combo": []}, {"category": "Kitchen, Garden & Pets", "sub_category_name": "Kitchen Accessories", "product_name": "Stainless Steel Frying Ladle - No. 9, Silvera", "product_brand": "Anjali", "combo": []}, {"category": "Kitchen, Garden & Pets", "sub_category_name": "Kitchen Accessories", "product_name": "Veg Knife - Super", "product_brand": "Anjali", "combo": []}, {"category": "Kitchen, Garden & Pets", "sub_category_name": "Kitchen Accessories", "product_name": "Truedge Knife Set With Wooden Block (99579)", "product_brand": "Prestige", "combo": []}, {"category": "Kitchen, Garden & Pets", "sub_category_name": "Kitchen Accessories", "product_name": "Medium Strainer - Stainless Steel with Plastic Handle, Multicolour", "product_brand": "Crystal", "combo": []}, {"category": "Kitchen, Garden & Pets", "sub_category_name": "Kitchen Accessories", "product_name": "Stainless Steel Gas Lighter With Knife-Red PGL03 (99592)", "product_brand": "Prestige", "combo": []}, {"category": "Kitchen, Garden & Pets", "sub_category_name": "Kitchen Accessories", "product_name": "Fruit & Vegetables Hand Juicer", "product_brand": "Triones", "combo": []}, {"category": "Kitchen, Garden & Pets", "sub_category_name": "Kitchen Accessories", "product_name": "Universal Knife - Fantastiqe", "product_brand": "Anjali", "combo": []}, {"category": "Kitchen, Garden & Pets", "sub_category_name": "Kitchen Accessories", "product_name": "Stainless Steel with White PVC Handle - Solid Spoon", "product_brand": "Fackelmann", "combo": []}, {"category": "Kitchen, Garden & Pets", "sub_category_name": "Kitchen Accessories", "product_name": "Egg Yolk Separator - Plastic & Silicone, Blue, Bb-1168", "product_brand": "Casasunco", "combo": []}, {"category": "Kitchen, Garden & Pets", "sub_category_name": "Kitchen Accessories", "product_name": "Veg Knife - Swift", "product_brand": "Anjali", "combo": []}, {"category": "Kitchen, Garden & Pets", "sub_category_name": "Kitchen Accessories", "product_name": "Knife Set -2 Knife & 1 Peeler Set", "product_brand": "Ritu", "combo": []}, {"category": "Kitchen, Garden & Pets", "sub_category_name": "Kitchen Accessories", "product_name": "Stainless Steel Tea Strainer - Conical, 9 cm", "product_brand": "Elephant", "combo": []}, {"category": "Kitchen, Garden & Pets", "sub_category_name": "Kitchen Accessories", "product_name": "Stainless Steel Dish Cover - Mesh, 25 cm", "product_brand": "Elephant", "combo": []}, {"category": "Kitchen, Garden & Pets", "sub_category_name": "Kitchen Accessories", "product_name": "Bamboo Wood Chopping/Cutting Board - Small, 6x10 Inch", "product_brand": "Bamboooz", "combo": []}, {"category": "Kitchen, Garden & Pets", "sub_category_name": "Kitchen Accessories", "product_name": "Juice Strainer - Stainless Steel, Size No.6", "product_brand": "Kvg", "combo": []}, {"category": "Kitchen, Garden & Pets", "sub_category_name": "Kitchen Accessories", "product_name": "Stainless Steel Multipurpose Fruit Basket - With Cover, 23 cm", "product_brand": "Elephant", "combo": []}, {"category": "Kitchen, Garden & Pets", "sub_category_name": "Kitchen Accessories", "product_name": "Cutting/Chopping/Peeling Board No.2 - Blue", "product_brand": "Princeware", "combo": []}, {"category": "Kitchen, Garden & Pets", "sub_category_name": "Kitchen Accessories", "product_name": "Cutting/Chopping/Peeling Board No.2 - Green", "product_brand": "Princeware", "combo": []}, {"category": "Kitchen, Garden & Pets", "sub_category_name": "Kitchen Accessories", "product_name": "Stainless Steel Slotted Serving Spoon - No. 13, Silvera", "product_brand": "Anjali", "combo": []}, {"category": "Kitchen, Garden & Pets", "sub_category_name": "Kitchen Accessories", "product_name": "Stainless Steel Serving Spoon - No. 11, Silvera", "product_brand": "Anjali", "combo": []}, {"category": "Kitchen, Garden & Pets", "sub_category_name": "Kitchen Accessories", "product_name": "Stainless Steel Frying Ladle - No. 9, Silvera", "product_brand": "Anjali", "combo": []}, {"category": "Kitchen, Garden & Pets", "sub_category_name": "Kitchen Accessories", "product_name": "Veg Knife - Super", "product_brand": "Anjali", "combo": []}, {"category": "Kitchen, Garden & Pets", "sub_category_name": "Kitchen Accessories", "product_name": "Truedge Knife Set With Wooden Block (99579)", "product_brand": "Prestige", "combo": []}, {"category": "Kitchen, Garden & Pets", "sub_category_name": "Kitchen Accessories", "product_name": "Medium Strainer - Stainless Steel with Plastic Handle, Multicolour", "product_brand": "Crystal", "combo": []}, {"category": "Kitchen, Garden & Pets", "sub_category_name": "Kitchen Accessories", "product_name": "Stainless Steel Gas Lighter With Knife-Red PGL03 (99592)", "product_brand": "Prestige", "combo": []}, {"category": "Kitchen, Garden & Pets", "sub_category_name": "Kitchen Accessories", "product_name": "Grater - with Peeler, Stainless Steel", "product_brand": "Kvg", "combo": []}, {"category": "Kitchen, Garden & Pets", "sub_category_name": "Kitchen Accessories", "product_name": "Stainless Steel Knife - Prima Streak, , Assorted", "product_brand": "Kvg", "combo": []}, {"category": "Kitchen, Garden & Pets", "sub_category_name": "Kitchen Accessories", "product_name": "Knife - Gripper, Stainless Steel", "product_brand": "Kvg", "combo": []}, {"category": "Kitchen, Garden & Pets", "sub_category_name": "Kitchen Accessories", "product_name": "Gripper Knife & Peeler Set - Stainless Steel", "product_brand": "Kvg", "combo": []}, {"category": "Kitchen, Garden & Pets", "sub_category_name": "Kitchen Accessories", "product_name": "Peeler - Nova, Stainless Steel", "product_brand": "Kvg", "combo": []}, {"category": "Kitchen, Garden & Pets", "sub_category_name": "Kitchen Accessories", "product_name": "Coconut Scraper - Wooden Handle", "product_brand": "Kvg", "combo": []}, {"category": "Kitchen, Garden & Pets", "sub_category_name": "Kitchen Accessories", "product_name": "Potato Smasher - Wooden Handle", "product_brand": "Kvg", "combo": []}, {"category": "Kitchen, Garden & Pets", "sub_category_name": "Kitchen Accessories", "product_name": "Spoon Stand - Small, Stainless Steel", "product_brand": "Kvg", "combo": []}, {"category": "Kitchen, Garden & Pets", "sub_category_name": "Kitchen Accessories", "product_name": "Spice Rack Set - Rolling", "product_brand": "Ritu", "combo": []}, {"category": "Kitchen, Garden & Pets", "sub_category_name": "Kitchen Accessories", "product_name": "Coconut Scraper - Sleek", "product_brand": "Anjali", "combo": []}, {"category": "Kitchen, Garden & Pets", "sub_category_name": "Kitchen Accessories", "product_name": "Peeler & Knife Set - Super", "product_brand": "Anjali", "combo": []}, {"category": "Kitchen, Garden & Pets", "sub_category_name": "Kitchen Accessories", "product_name": "Arcada White PVC Handle - Sieve (7cm)", "product_brand": "Fackelmann", "combo": []}, {"category": "Kitchen, Garden & Pets", "sub_category_name": "Kitchen Accessories", "product_name": "Grater - Universal", "product_brand": "Fackelmann", "combo": []}, {"category": "Kitchen, Garden & Pets", "sub_category_name": "Kitchen Accessories", "product_name": "Ice Tong", "product_brand": "Fackelmann", "combo": []}, {"category": "Kitchen, Garden & Pets", "sub_category_name": "Kitchen Accessories", "product_name": "Nirsota PVC Handle - Breakfast Knife Black", "product_brand": "Fackelmann", "combo": []}, {"category": "Kitchen, Garden & Pets", "sub_category_name": "Kitchen Accessories", "product_name": "Nylon with White PVC Handle - Slotted Turner", "product_brand": "Fackelmann", "combo": []}, {"category": "Kitchen, Garden & Pets", "sub_category_name": "Kitchen Accessories", "product_name": "PVC Handle Meat Chopping Knife - Black (32cm)", "product_brand": "Fackelmann", "combo": []}, {"category": "Kitchen, Garden & Pets", "sub_category_name": "Kitchen Accessories", "product_name": "Strainer White PVC Handle - 20cm", "product_brand": "Fackelmann", "combo": [["1 pc", "179.00"], ["1 pc", "329.00"]]}, {"category": "Kitchen, Garden & Pets", "sub_category_name": "Kitchen Accessories", "product_name": "Sprout Maker - Square, Medium", "product_brand": "Ritu", "combo": []}, {"category": "Kitchen, Garden & Pets", "sub_category_name": "Kitchen Accessories", "product_name": "Salt & Papper Shaker Set - With Stand", "product_brand": "Ritu", "combo": []}, {"category": "Kitchen, Garden & Pets", "sub_category_name": "Kitchen Accessories", "product_name": "Fruit & Vegetables Hand Juicer", "product_brand": "Triones", "combo": []}, {"category": "Kitchen, Garden & Pets", "sub_category_name": "Kitchen Accessories", "product_name": "Universal Knife - Fantastiqe", "product_brand": "Anjali", "combo": []}, {"category": "Kitchen, Garden & Pets", "sub_category_name": "Kitchen Accessories", "product_name": "Stainless Steel with White PVC Handle - Solid Spoon", "product_brand": "Fackelmann", "combo": []}, {"category": "Kitchen, Garden & Pets", "sub_category_name": "Kitchen Accessories", "product_name": "Egg Yolk Separator - Plastic & Silicone, Blue, Bb-1168", "product_brand": "Casasunco", "combo": []}, {"category": "Kitchen, Garden & Pets", "sub_category_name": "Kitchen Accessories", "product_name": "Veg Knife - Swift", "product_brand": "Anjali", "combo": []}, {"category": "Kitchen, Garden & Pets", "sub_category_name": "Kitchen Accessories", "product_name": "Knife Set -2 Knife & 1 Peeler Set", "product_brand": "Ritu", "combo": []}, {"category": "Kitchen, Garden & Pets", "sub_category_name": "Kitchen Accessories", "product_name": "Stainless Steel Tea Strainer - Conical, 9 cm", "product_brand": "Elephant", "combo": []}, {"category": "Kitchen, Garden & Pets", "sub_category_name": "Kitchen Accessories", "product_name": "Stainless Steel Dish Cover - Mesh, 25 cm", "product_brand": "Elephant", "combo": []}, {"category": "Kitchen, Garden & Pets", "sub_category_name": "Kitchen Accessories", "product_name": "Bamboo Wood Chopping/Cutting Board - Small, 6x10 Inch", "product_brand": "Bamboooz", "combo": []}, {"category": "Kitchen, Garden & Pets", "sub_category_name": "Kitchen Accessories", "product_name": "Juice Strainer - Stainless Steel, Size No.6", "product_brand": "Kvg", "combo": []}, {"category": "Kitchen, Garden & Pets", "sub_category_name": "Kitchen Accessories", "product_name": "Stainless Steel Multipurpose Fruit Basket - With Cover, 23 cm", "product_brand": "Elephant", "combo": []}, {"category": "Kitchen, Garden & Pets", "sub_category_name": "Kitchen Accessories", "product_name": "Cutting/Chopping/Peeling Board No.2 - Blue", "product_brand": "Princeware", "combo": []}, {"category": "Kitchen, Garden & Pets", "sub_category_name": "Kitchen Accessories", "product_name": "Cutting/Chopping/Peeling Board No.2 - Green", "product_brand": "Princeware", "combo": []}, {"category": "Kitchen, Garden & Pets", "sub_category_name": "Kitchen Accessories", "product_name": "Stainless Steel Slotted Serving Spoon - No. 13, Silvera", "product_brand": "Anjali", "combo": []}, {"category": "Kitchen, Garden & Pets", "sub_category_name": "Kitchen Accessories", "product_name": "Stainless Steel Serving Spoon - No. 11, Silvera", "product_brand": "Anjali", "combo": []}, {"category": "Kitchen, Garden & Pets", "sub_category_name": "Kitchen Accessories", "product_name": "Stainless Steel Frying Ladle - No. 9, Silvera", "product_brand": "Anjali", "combo": []}, {"category": "Kitchen, Garden & Pets", "sub_category_name": "Kitchen Accessories", "product_name": "Veg Knife - Super", "product_brand": "Anjali", "combo": []}, {"category": "Kitchen, Garden & Pets", "sub_category_name": "Kitchen Accessories", "product_name": "Truedge Knife Set With Wooden Block (99579)", "product_brand": "Prestige", "combo": []}, {"category": "Kitchen, Garden & Pets", "sub_category_name": "Kitchen Accessories", "product_name": "Medium Strainer - Stainless Steel with Plastic Handle, Multicolour", "product_brand": "Crystal", "combo": []}, {"category": "Kitchen, Garden & Pets", "sub_category_name": "Kitchen Accessories", "product_name": "Stainless Steel Gas Lighter With Knife-Red PGL03 (99592)", "product_brand": "Prestige", "combo": []}, {"category": "Kitchen, Garden & Pets", "sub_category_name": "Kitchen Accessories", "product_name": "Fruit & Vegetables Hand Juicer", "product_brand": "Triones", "combo": []}, {"category": "Kitchen, Garden & Pets", "sub_category_name": "Kitchen Accessories", "product_name": "Universal Knife - Fantastiqe", "product_brand": "Anjali", "combo": []}, {"category": "Kitchen, Garden & Pets", "sub_category_name": "Kitchen Accessories", "product_name": "Stainless Steel with White PVC Handle - Solid Spoon", "product_brand": "Fackelmann", "combo": []}, {"category": "Kitchen, Garden & Pets", "sub_category_name": "Kitchen Accessories", "product_name": "Egg Yolk Separator - Plastic & Silicone, Blue, Bb-1168", "product_brand": "Casasunco", "combo": []}, {"category": "Kitchen, Garden & Pets", "sub_category_name": "Kitchen Accessories", "product_name": "Veg Knife - Swift", "product_brand": "Anjali", "combo": []}, {"category": "Kitchen, Garden & Pets", "sub_category_name": "Kitchen Accessories", "product_name": "Knife Set -2 Knife & 1 Peeler Set", "product_brand": "Ritu", "combo": []}, {"category": "Kitchen, Garden & Pets", "sub_category_name": "Kitchen Accessories", "product_name": "Stainless Steel Tea Strainer - Conical, 9 cm", "product_brand": "Elephant", "combo": []}, {"category": "Kitchen, Garden & Pets", "sub_category_name": "Kitchen Accessories", "product_name": "Stainless Steel Dish Cover - Mesh, 25 cm", "product_brand": "Elephant", "combo": []}, {"category": "Kitchen, Garden & Pets", "sub_category_name": "Kitchen Accessories", "product_name": "Bamboo Wood Chopping/Cutting Board - Small, 6x10 Inch", "product_brand": "Bamboooz", "combo": []}, {"category": "Kitchen, Garden & Pets", "sub_category_name": "Kitchen Accessories", "product_name": "Juice Strainer - Stainless Steel, Size No.6", "product_brand": "Kvg", "combo": []}, {"category": "Kitchen, Garden & Pets", "sub_category_name": "Kitchen Accessories", "product_name": "Stainless Steel Multipurpose Fruit Basket - With Cover, 23 cm", "product_brand": "Elephant", "combo": []}, {"category": "Kitchen, Garden & Pets", "sub_category_name": "Kitchen Accessories", "product_name": "Cutting/Chopping/Peeling Board No.2 - Blue", "product_brand": "Princeware", "combo": []}, {"category": "Kitchen, Garden & Pets", "sub_category_name": "Kitchen Accessories", "product_name": "Cutting/Chopping/Peeling Board No.2 - Green", "product_brand": "Princeware", "combo": []}, {"category": "Kitchen, Garden & Pets", "sub_category_name": "Kitchen Accessories", "product_name": "Stainless Steel Slotted Serving Spoon - No. 13, Silvera", "product_brand": "Anjali", "combo": []}, {"category": "Kitchen, Garden & Pets", "sub_category_name": "Kitchen Accessories", "product_name": "Stainless Steel Serving Spoon - No. 11, Silvera", "product_brand": "Anjali", "combo": []}, {"category": "Kitchen, Garden & Pets", "sub_category_name": "Kitchen Accessories", "product_name": "Stainless Steel Frying Ladle - No. 9, Silvera", "product_brand": "Anjali", "combo": []}, {"category": "Kitchen, Garden & Pets", "sub_category_name": "Kitchen Accessories", "product_name": "Veg Knife - Super", "product_brand": "Anjali", "combo": []}, {"category": "Kitchen, Garden & Pets", "sub_category_name": "Kitchen Accessories", "product_name": "Truedge Knife Set With Wooden Block (99579)", "product_brand": "Prestige", "combo": []}, {"category": "Kitchen, Garden & Pets", "sub_category_name": "Kitchen Accessories", "product_name": "Medium Strainer - Stainless Steel with Plastic Handle, Multicolour", "product_brand": "Crystal", "combo": []}, {"category": "Kitchen, Garden & Pets", "sub_category_name": "Kitchen Accessories", "product_name": "Stainless Steel Gas Lighter With Knife-Red PGL03 (99592)", "product_brand": "Prestige", "combo": []}, {"category": "Kitchen, Garden & Pets", "sub_category_name": "Kitchen Accessories", "product_name": "Fruit & Vegetables Hand Juicer", "product_brand": "Triones", "combo": []}, {"category": "Kitchen, Garden & Pets", "sub_category_name": "Kitchen Accessories", "product_name": "Universal Knife - Fantastiqe", "product_brand": "Anjali", "combo": []}, {"category": "Kitchen, Garden & Pets", "sub_category_name": "Kitchen Accessories", "product_name": "Stainless Steel with White PVC Handle - Solid Spoon", "product_brand": "Fackelmann", "combo": []}, {"category": "Kitchen, Garden & Pets", "sub_category_name": "Kitchen Accessories", "product_name": "Egg Yolk Separator - Plastic & Silicone, Blue, Bb-1168", "product_brand": "Casasunco", "combo": []}, {"category": "Kitchen, Garden & Pets", "sub_category_name": "Kitchen Accessories", "product_name": "Veg Knife - Swift", "product_brand": "Anjali", "combo": []}, {"category": "Kitchen, Garden & Pets", "sub_category_name": "Kitchen Accessories", "product_name": "Knife Set -2 Knife & 1 Peeler Set", "product_brand": "Ritu", "combo": []}, {"category": "Kitchen, Garden & Pets", "sub_category_name": "Kitchen Accessories", "product_name": "Stainless Steel Tea Strainer - Conical, 9 cm", "product_brand": "Elephant", "combo": []}, {"category": "Kitchen, Garden & Pets", "sub_category_name": "Kitchen Accessories", "product_name": "Stainless Steel Dish Cover - Mesh, 25 cm", "product_brand": "Elephant", "combo": []}, {"category": "Kitchen, Garden & Pets", "sub_category_name": "Kitchen Accessories", "product_name": "Bamboo Wood Chopping/Cutting Board - Small, 6x10 Inch", "product_brand": "Bamboooz", "combo": []}, {"category": "Kitchen, Garden & Pets", "sub_category_name": "Kitchen Accessories", "product_name": "Juice Strainer - Stainless Steel, Size No.6", "product_brand": "Kvg", "combo": []}, {"category": "Kitchen, Garden & Pets", "sub_category_name": "Kitchen Accessories", "product_name": "Stainless Steel Multipurpose Fruit Basket - With Cover, 23 cm", "product_brand": "Elephant", "combo": []}, {"category": "Kitchen, Garden & Pets", "sub_category_name": "Kitchen Accessories", "product_name": "Cutting/Chopping/Peeling Board No.2 - Blue", "product_brand": "Princeware", "combo": []}, {"category": "Kitchen, Garden & Pets", "sub_category_name": "Kitchen Accessories", "product_name": "Cutting/Chopping/Peeling Board No.2 - Green", "product_brand": "Princeware", "combo": []}, {"category": "Kitchen, Garden & Pets", "sub_category_name": "Kitchen Accessories", "product_name": "Stainless Steel Slotted Serving Spoon - No. 13, Silvera", "product_brand": "Anjali", "combo": []}, {"category": "Kitchen, Garden & Pets", "sub_category_name": "Kitchen Accessories", "product_name": "Stainless Steel Serving Spoon - No. 11, Silvera", "product_brand": "Anjali", "combo": []}, {"category": "Kitchen, Garden & Pets", "sub_category_name": "Kitchen Accessories", "product_name": "Stainless Steel Frying Ladle - No. 9, Silvera", "product_brand": "Anjali", "combo": []}, {"category": "Kitchen, Garden & Pets", "sub_category_name": "Kitchen Accessories", "product_name": "Veg Knife - Super", "product_brand": "Anjali", "combo": []}, {"category": "Kitchen, Garden & Pets", "sub_category_name": "Kitchen Accessories", "product_name": "Truedge Knife Set With Wooden Block (99579)", "product_brand": "Prestige", "combo": []}, {"category": "Kitchen, Garden & Pets", "sub_category_name": "Kitchen Accessories", "product_name": "Medium Strainer - Stainless Steel with Plastic Handle, Multicolour", "product_brand": "Crystal", "combo": []}, {"category": "Kitchen, Garden & Pets", "sub_category_name": "Kitchen Accessories", "product_name": "Stainless Steel Gas Lighter With Knife-Red PGL03 (99592)", "product_brand": "Prestige", "combo": []}, {"category": "Kitchen, Garden & Pets", "sub_category_name": "Kitchen Accessories", "product_name": "Fruit & Vegetables Hand Juicer", "product_brand": "Triones", "combo": []}, {"category": "Kitchen, Garden & Pets", "sub_category_name": "Kitchen Accessories", "product_name": "Universal Knife - Fantastiqe", "product_brand": "Anjali", "combo": []}, {"category": "Kitchen, Garden & Pets", "sub_category_name": "Kitchen Accessories", "product_name": "Stainless Steel with White PVC Handle - Solid Spoon", "product_brand": "Fackelmann", "combo": []}, {"category": "Kitchen, Garden & Pets", "sub_category_name": "Kitchen Accessories", "product_name": "Egg Yolk Separator - Plastic & Silicone, Blue, Bb-1168", "product_brand": "Casasunco", "combo": []}, {"category": "Kitchen, Garden & Pets", "sub_category_name": "Kitchen Accessories", "product_name": "Veg Knife - Swift", "product_brand": "Anjali", "combo": []}, {"category": "Kitchen, Garden & Pets", "sub_category_name": "Kitchen Accessories", "product_name": "Knife Set -2 Knife & 1 Peeler Set", "product_brand": "Ritu", "combo": []}, {"category": "Kitchen, Garden & Pets", "sub_category_name": "Kitchen Accessories", "product_name": "Stainless Steel Tea Strainer - Conical, 9 cm", "product_brand": "Elephant", "combo": []}, {"category": "Kitchen, Garden & Pets", "sub_category_name": "Kitchen Accessories", "product_name": "Stainless Steel Dish Cover - Mesh, 25 cm", "product_brand": "Elephant", "combo": []}, {"category": "Kitchen, Garden & Pets", "sub_category_name": "Kitchen Accessories", "product_name": "Bamboo Wood Chopping/Cutting Board - Small, 6x10 Inch", "product_brand": "Bamboooz", "combo": []}, {"category": "Kitchen, Garden & Pets", "sub_category_name": "Kitchen Accessories", "product_name": "Juice Strainer - Stainless Steel, Size No.6", "product_brand": "Kvg", "combo": []}, {"category": "Kitchen, Garden & Pets", "sub_category_name": "Kitchen Accessories", "product_name": "Stainless Steel Multipurpose Fruit Basket - With Cover, 23 cm", "product_brand": "Elephant", "combo": []}, {"category": "Kitchen, Garden & Pets", "sub_category_name": "Kitchen Accessories", "product_name": "Cutting/Chopping/Peeling Board No.2 - Blue", "product_brand": "Princeware", "combo": []}, {"category": "Kitchen, Garden & Pets", "sub_category_name": "Kitchen Accessories", "product_name": "Cutting/Chopping/Peeling Board No.2 - Green", "product_brand": "Princeware", "combo": []}, {"category": "Kitchen, Garden & Pets", "sub_category_name": "Kitchen Accessories", "product_name": "Stainless Steel Slotted Serving Spoon - No. 13, Silvera", "product_brand": "Anjali", "combo": []}, {"category": "Kitchen, Garden & Pets", "sub_category_name": "Kitchen Accessories", "product_name": "Stainless Steel Serving Spoon - No. 11, Silvera", "product_brand": "Anjali", "combo": []}, {"category": "Kitchen, Garden & Pets", "sub_category_name": "Kitchen Accessories", "product_name": "Stainless Steel Frying Ladle - No. 9, Silvera", "product_brand": "Anjali", "combo": []}, {"category": "Kitchen, Garden & Pets", "sub_category_name": "Kitchen Accessories", "product_name": "Veg Knife - Super", "product_brand": "Anjali", "combo": []}, {"category": "Kitchen, Garden & Pets", "sub_category_name": "Kitchen Accessories", "product_name": "Truedge Knife Set With Wooden Block (99579)", "product_brand": "Prestige", "combo": []}, {"category": "Kitchen, Garden & Pets", "sub_category_name": "Kitchen Accessories", "product_name": "Medium Strainer - Stainless Steel with Plastic Handle, Multicolour", "product_brand": "Crystal", "combo": []}, {"category": "Kitchen, Garden & Pets", "sub_category_name": "Kitchen Accessories", "product_name": "Stainless Steel Gas Lighter With Knife-Red PGL03 (99592)", "product_brand": "Prestige", "combo": []}, {"category": "Kitchen, Garden & Pets", "sub_category_name": "Kitchen Accessories", "product_name": "Fruit & Vegetables Hand Juicer", "product_brand": "Triones", "combo": []}, {"category": "Kitchen, Garden & Pets", "sub_category_name": "Kitchen Accessories", "product_name": "Universal Knife - Fantastiqe", "product_brand": "Anjali", "combo": []}, {"category": "Kitchen, Garden & Pets", "sub_category_name": "Kitchen Accessories", "product_name": "Stainless Steel with White PVC Handle - Solid Spoon", "product_brand": "Fackelmann", "combo": []}, {"category": "Kitchen, Garden & Pets", "sub_category_name": "Kitchen Accessories", "product_name": "Egg Yolk Separator - Plastic & Silicone, Blue, Bb-1168", "product_brand": "Casasunco", "combo": []}, {"category": "Kitchen, Garden & Pets", "sub_category_name": "Kitchen Accessories", "product_name": "Veg Knife - Swift", "product_brand": "Anjali", "combo": []}, {"category": "Kitchen, Garden & Pets", "sub_category_name": "Kitchen Accessories", "product_name": "Knife Set -2 Knife & 1 Peeler Set", "product_brand": "Ritu", "combo": []}, {"category": "Kitchen, Garden & Pets", "sub_category_name": "Kitchen Accessories", "product_name": "Stainless Steel Tea Strainer - Conical, 9 cm", "product_brand": "Elephant", "combo": []}, {"category": "Kitchen, Garden & Pets", "sub_category_name": "Kitchen Accessories", "product_name": "Stainless Steel Dish Cover - Mesh, 25 cm", "product_brand": "Elephant", "combo": []}, {"category": "Kitchen, Garden & Pets", "sub_category_name": "Kitchen Accessories", "product_name": "Bamboo Wood Chopping/Cutting Board - Small, 6x10 Inch", "product_brand": "Bamboooz", "combo": []}, {"category": "Kitchen, Garden & Pets", "sub_category_name": "Kitchen Accessories", "product_name": "Juice Strainer - Stainless Steel, Size No.6", "product_brand": "Kvg", "combo": []}, {"category": "Kitchen, Garden & Pets", "sub_category_name": "Kitchen Accessories", "product_name": "Stainless Steel Multipurpose Fruit Basket - With Cover, 23 cm", "product_brand": "Elephant", "combo": []}, {"category": "Kitchen, Garden & Pets", "sub_category_name": "Kitchen Accessories", "product_name": "Cutting/Chopping/Peeling Board No.2 - Blue", "product_brand": "Princeware", "combo": []}, {"category": "Kitchen, Garden & Pets", "sub_category_name": "Kitchen Accessories", "product_name": "Cutting/Chopping/Peeling Board No.2 - Green", "product_brand": "Princeware", "combo": []}, {"category": "Kitchen, Garden & Pets", "sub_category_name": "Kitchen Accessories", "product_name": "Stainless Steel Slotted Serving Spoon - No. 13, Silvera", "product_brand": "Anjali", "combo": []}, {"category": "Kitchen, Garden & Pets", "sub_category_name": "Kitchen Accessories", "product_name": "Stainless Steel Serving Spoon - No. 11, Silvera", "product_brand": "Anjali", "combo": []}, {"category": "Kitchen, Garden & Pets", "sub_category_name": "Kitchen Accessories", "product_name": "Stainless Steel Frying Ladle - No. 9, Silvera", "product_brand": "Anjali", "combo": []}, {"category": "Kitchen, Garden & Pets", "sub_category_name": "Kitchen Accessories", "product_name": "Veg Knife - Super", "product_brand": "Anjali", "combo": []}, {"category": "Kitchen, Garden & Pets", "sub_category_name": "Kitchen Accessories", "product_name": "Truedge Knife Set With Wooden Block (99579)", "product_brand": "Prestige", "combo": []}, {"category": "Kitchen, Garden & Pets", "sub_category_name": "Kitchen Accessories", "product_name": "Medium Strainer - Stainless Steel with Plastic Handle, Multicolour", "product_brand": "Crystal", "combo": []}, {"category": "Kitchen, Garden & Pets", "sub_category_name": "Kitchen Accessories", "product_name": "Stainless Steel Gas Lighter With Knife-Red PGL03 (99592)", "product_brand": "Prestige", "combo": []}, {"category": "Kitchen, Garden & Pets", "sub_category_name": "Kitchen Accessories", "product_name": "Fruit & Vegetables Hand Juicer", "product_brand": "Triones", "combo": []}, {"category": "Kitchen, Garden & Pets", "sub_category_name": "Kitchen Accessories", "product_name": "Universal Knife - Fantastiqe", "product_brand": "Anjali", "combo": []}, {"category": "Kitchen, Garden & Pets", "sub_category_name": "Kitchen Accessories", "product_name": "Stainless Steel with White PVC Handle - Solid Spoon", "product_brand": "Fackelmann", "combo": []}, {"category": "Kitchen, Garden & Pets", "sub_category_name": "Kitchen Accessories", "product_name": "Egg Yolk Separator - Plastic & Silicone, Blue, Bb-1168", "product_brand": "Casasunco", "combo": []}, {"category": "Kitchen, Garden & Pets", "sub_category_name": "Kitchen Accessories", "product_name": "Veg Knife - Swift", "product_brand": "Anjali", "combo": []}, {"category": "Kitchen, Garden & Pets", "sub_category_name": "Kitchen Accessories", "product_name": "Knife Set -2 Knife & 1 Peeler Set", "product_brand": "Ritu", "combo": []}, {"category": "Kitchen, Garden & Pets", "sub_category_name": "Kitchen Accessories", "product_name": "Stainless Steel Tea Strainer - Conical, 9 cm", "product_brand": "Elephant", "combo": []}, {"category": "Kitchen, Garden & Pets", "sub_category_name": "Kitchen Accessories", "product_name": "Stainless Steel Dish Cover - Mesh, 25 cm", "product_brand": "Elephant", "combo": []}, {"category": "Kitchen, Garden & Pets", "sub_category_name": "Kitchen Accessories", "product_name": "Bamboo Wood Chopping/Cutting Board - Small, 6x10 Inch", "product_brand": "Bamboooz", "combo": []}, {"category": "Kitchen, Garden & Pets", "sub_category_name": "Kitchen Accessories", "product_name": "Juice Strainer - Stainless Steel, Size No.6", "product_brand": "Kvg", "combo": []}, {"category": "Kitchen, Garden & Pets", "sub_category_name": "Kitchen Accessories", "product_name": "Stainless Steel Multipurpose Fruit Basket - With Cover, 23 cm", "product_brand": "Elephant", "combo": []}, {"category": "Kitchen, Garden & Pets", "sub_category_name": "Kitchen Accessories", "product_name": "Cutting/Chopping/Peeling Board No.2 - Blue", "product_brand": "Princeware", "combo": []}, {"category": "Kitchen, Garden & Pets", "sub_category_name": "Kitchen Accessories", "product_name": "Cutting/Chopping/Peeling Board No.2 - Green", "product_brand": "Princeware", "combo": []}, {"category": "Kitchen, Garden & Pets", "sub_category_name": "Kitchen Accessories", "product_name": "Stainless Steel Slotted Serving Spoon - No. 13, Silvera", "product_brand": "Anjali", "combo": []}, {"category": "Kitchen, Garden & Pets", "sub_category_name": "Kitchen Accessories", "product_name": "Stainless Steel Serving Spoon - No. 11, Silvera", "product_brand": "Anjali", "combo": []}, {"category": "Kitchen, Garden & Pets", "sub_category_name": "Kitchen Accessories", "product_name": "Stainless Steel Frying Ladle - No. 9, Silvera", "product_brand": "Anjali", "combo": []}, {"category": "Kitchen, Garden & Pets", "sub_category_name": "Kitchen Accessories", "product_name": "Veg Knife - Super", "product_brand": "Anjali", "combo": []}, {"category": "Kitchen, Garden & Pets", "sub_category_name": "Kitchen Accessories", "product_name": "Truedge Knife Set With Wooden Block (99579)", "product_brand": "Prestige", "combo": []}, {"category": "Kitchen, Garden & Pets", "sub_category_name": "Kitchen Accessories", "product_name": "Medium Strainer - Stainless Steel with Plastic Handle, Multicolour", "product_brand": "Crystal", "combo": []}, {"category": "Kitchen, Garden & Pets", "sub_category_name": "Kitchen Accessories", "product_name": "Stainless Steel Gas Lighter With Knife-Red PGL03 (99592)", "product_brand": "Prestige", "combo": []}, {"category": "Kitchen, Garden & Pets", "sub_category_name": "Kitchen Accessories", "product_name": "Fruit & Vegetables Hand Juicer", "product_brand": "Triones", "combo": []}, {"category": "Kitchen, Garden & Pets", "sub_category_name": "Kitchen Accessories", "product_name": "Universal Knife - Fantastiqe", "product_brand": "Anjali", "combo": []}, {"category": "Kitchen, Garden & Pets", "sub_category_name": "Kitchen Accessories", "product_name": "Stainless Steel with White PVC Handle - Solid Spoon", "product_brand": "Fackelmann", "combo": []}, {"category": "Kitchen, Garden & Pets", "sub_category_name": "Kitchen Accessories", "product_name": "Egg Yolk Separator - Plastic & Silicone, Blue, Bb-1168", "product_brand": "Casasunco", "combo": []}, {"category": "Kitchen, Garden & Pets", "sub_category_name": "Kitchen Accessories", "product_name": "Veg Knife - Swift", "product_brand": "Anjali", "combo": []}, {"category": "Kitchen, Garden & Pets", "sub_category_name": "Kitchen Accessories", "product_name": "Knife Set -2 Knife & 1 Peeler Set", "product_brand": "Ritu", "combo": []}, {"category": "Kitchen, Garden & Pets", "sub_category_name": "Kitchen Accessories", "product_name": "Stainless Steel Tea Strainer - Conical, 9 cm", "product_brand": "Elephant", "combo": []}, {"category": "Kitchen, Garden & Pets", "sub_category_name": "Kitchen Accessories", "product_name": "Stainless Steel Dish Cover - Mesh, 25 cm", "product_brand": "Elephant", "combo": []}, {"category": "Kitchen, Garden & Pets", "sub_category_name": "Kitchen Accessories", "product_name": "Bamboo Wood Chopping/Cutting Board - Small, 6x10 Inch", "product_brand": "Bamboooz", "combo": []}, {"category": "Kitchen, Garden & Pets", "sub_category_name": "Kitchen Accessories", "product_name": "Juice Strainer - Stainless Steel, Size No.6", "product_brand": "Kvg", "combo": []}, {"category": "Kitchen, Garden & Pets", "sub_category_name": "Kitchen Accessories", "product_name": "Stainless Steel Multipurpose Fruit Basket - With Cover, 23 cm", "product_brand": "Elephant", "combo": []}, {"category": "Kitchen, Garden & Pets", "sub_category_name": "Kitchen Accessories", "product_name": "Cutting/Chopping/Peeling Board No.2 - Blue", "product_brand": "Princeware", "combo": []}, {"category": "Kitchen, Garden & Pets", "sub_category_name": "Kitchen Accessories", "product_name": "Cutting/Chopping/Peeling Board No.2 - Green", "product_brand": "Princeware", "combo": []}, {"category": "Kitchen, Garden & Pets", "sub_category_name": "Kitchen Accessories", "product_name": "Stainless Steel Slotted Serving Spoon - No. 13, Silvera", "product_brand": "Anjali", "combo": []}, {"category": "Kitchen, Garden & Pets", "sub_category_name": "Kitchen Accessories", "product_name": "Stainless Steel Serving Spoon - No. 11, Silvera", "product_brand": "Anjali", "combo": []}, {"category": "Kitchen, Garden & Pets", "sub_category_name": "Kitchen Accessories", "product_name": "Stainless Steel Frying Ladle - No. 9, Silvera", "product_brand": "Anjali", "combo": []}, {"category": "Kitchen, Garden & Pets", "sub_category_name": "Kitchen Accessories", "product_name": "Veg Knife - Super", "product_brand": "Anjali", "combo": []}, {"category": "Kitchen, Garden & Pets", "sub_category_name": "Kitchen Accessories", "product_name": "Truedge Knife Set With Wooden Block (99579)", "product_brand": "Prestige", "combo": []}, {"category": "Kitchen, Garden & Pets", "sub_category_name": "Kitchen Accessories", "product_name": "Medium Strainer - Stainless Steel with Plastic Handle, Multicolour", "product_brand": "Crystal", "combo": []}, {"category": "Kitchen, Garden & Pets", "sub_category_name": "Kitchen Accessories", "product_name": "Stainless Steel Gas Lighter With Knife-Red PGL03 (99592)", "product_brand": "Prestige", "combo": []}, {"category": "Kitchen, Garden & Pets", "sub_category_name": "Kitchen Accessories", "product_name": "Fruit & Vegetables Hand Juicer", "product_brand": "Triones", "combo": []}, {"category": "Kitchen, Garden & Pets", "sub_category_name": "Kitchen Accessories", "product_name": "Universal Knife - Fantastiqe", "product_brand": "Anjali", "combo": []}, {"category": "Kitchen, Garden & Pets", "sub_category_name": "Kitchen Accessories", "product_name": "Stainless Steel with White PVC Handle - Solid Spoon", "product_brand": "Fackelmann", "combo": []}, {"category": "Kitchen, Garden & Pets", "sub_category_name": "Kitchen Accessories", "product_name": "Egg Yolk Separator - Plastic & Silicone, Blue, Bb-1168", "product_brand": "Casasunco", "combo": []}, {"category": "Kitchen, Garden & Pets", "sub_category_name": "Kitchen Accessories", "product_name": "Veg Knife - Swift", "product_brand": "Anjali", "combo": []}, {"category": "Kitchen, Garden & Pets", "sub_category_name": "Kitchen Accessories", "product_name": "Knife Set -2 Knife & 1 Peeler Set", "product_brand": "Ritu", "combo": []}, {"category": "Kitchen, Garden & Pets", "sub_category_name": "Kitchen Accessories", "product_name": "Stainless Steel Tea Strainer - Conical, 9 cm", "product_brand": "Elephant", "combo": []}, {"category": "Kitchen, Garden & Pets", "sub_category_name": "Kitchen Accessories", "product_name": "Stainless Steel Dish Cover - Mesh, 25 cm", "product_brand": "Elephant", "combo": []}, {"category": "Kitchen, Garden & Pets", "sub_category_name": "Kitchen Accessories", "product_name": "Bamboo Wood Chopping/Cutting Board - Small, 6x10 Inch", "product_brand": "Bamboooz", "combo": []}, {"category": "Kitchen, Garden & Pets", "sub_category_name": "Kitchen Accessories", "product_name": "Juice Strainer - Stainless Steel, Size No.6", "product_brand": "Kvg", "combo": []}, {"category": "Kitchen, Garden & Pets", "sub_category_name": "Kitchen Accessories", "product_name": "Stainless Steel Multipurpose Fruit Basket - With Cover, 23 cm", "product_brand": "Elephant", "combo": []}, {"category": "Kitchen, Garden & Pets", "sub_category_name": "Kitchen Accessories", "product_name": "Cutting/Chopping/Peeling Board No.2 - Blue", "product_brand": "Princeware", "combo": []}, {"category": "Kitchen, Garden & Pets", "sub_category_name": "Kitchen Accessories", "product_name": "Cutting/Chopping/Peeling Board No.2 - Green", "product_brand": "Princeware", "combo": []}, {"category": "Kitchen, Garden & Pets", "sub_category_name": "Kitchen Accessories", "product_name": "Stainless Steel Slotted Serving Spoon - No. 13, Silvera", "product_brand": "Anjali", "combo": []}, {"category": "Kitchen, Garden & Pets", "sub_category_name": "Kitchen Accessories", "product_name": "Stainless Steel Serving Spoon - No. 11, Silvera", "product_brand": "Anjali", "combo": []}, {"category": "Kitchen, Garden & Pets", "sub_category_name": "Kitchen Accessories", "product_name": "Stainless Steel Frying Ladle - No. 9, Silvera", "product_brand": "Anjali", "combo": []}, {"category": "Kitchen, Garden & Pets", "sub_category_name": "Kitchen Accessories", "product_name": "Veg Knife - Super", "product_brand": "Anjali", "combo": []}, {"category": "Kitchen, Garden & Pets", "sub_category_name": "Kitchen Accessories", "product_name": "Truedge Knife Set With Wooden Block (99579)", "product_brand": "Prestige", "combo": []}, {"category": "Kitchen, Garden & Pets", "sub_category_name": "Kitchen Accessories", "product_name": "Medium Strainer - Stainless Steel with Plastic Handle, Multicolour", "product_brand": "Crystal", "combo": []}, {"category": "Kitchen, Garden & Pets", "sub_category_name": "Kitchen Accessories", "product_name": "Stainless Steel Gas Lighter With Knife-Red PGL03 (99592)", "product_brand": "Prestige", "combo": []}, {"category": "Kitchen, Garden & Pets", "sub_category_name": "Kitchen Accessories", "product_name": "Knife Laser - Star", "product_brand": "Ritu", "combo": []}, {"category": "Kitchen, Garden & Pets", "sub_category_name": "Kitchen Accessories", "product_name": "Knife Plain - Star", "product_brand": "Ritu", "combo": []}, {"category": "Kitchen, Garden & Pets", "sub_category_name": "Kitchen Accessories", "product_name": "Stainless Steel Gas Lighter With Knife-Red PGL03 (99592)", "product_brand": "Prestige", "combo": []}, {"category": "Kitchen, Garden & Pets", "sub_category_name": "Kitchen Accessories", "product_name": "Multipurpose Knife - 8 Inch Sleek Serrated Edge", "product_brand": "Crystal", "combo": []}, {"category": "Kitchen, Garden & Pets", "sub_category_name": "Kitchen Accessories", "product_name": "Veg Knife - Super", "product_brand": "Anjali", "combo": []}, {"category": "Kitchen, Garden & Pets", "sub_category_name": "Kitchen Accessories", "product_name": "Plastic Soup Strainer - Assorted Colour 1 pc 14.5 cm", "product_brand": "All Time", "combo": []}, {"category": "Kitchen, Garden & Pets", "sub_category_name": "Kitchen Accessories", "product_name": "All Time Plastic Soup Strainer - Assorted Colour", "product_brand": "All Time", "combo": []}, {"category": "Kitchen, Garden & Pets", "sub_category_name": "Kitchen Accessories", "product_name": "Coconut Braker - Big", "product_brand": "Kvg", "combo": []}, {"category": "Kitchen, Garden & Pets", "sub_category_name": "Kitchen Accessories", "product_name": "Gas Lighter Gripper - Stainless Steel", "product_brand": "Kvg", "combo": []}, {"category": "Kitchen, Garden & Pets", "sub_category_name": "Kitchen Accessories", "product_name": "Pizza Cutter - Royal", "product_brand": "Anjali", "combo": []}, {"category": "Kitchen, Garden & Pets", "sub_category_name": "Kitchen Accessories", "product_name": "Opener - Bottle Can, Silicon Handle, Red", "product_brand": "H&B", "combo": []}, {"category": "Kitchen, Garden & Pets", "sub_category_name": "Kitchen Accessories", "product_name": "Opener - Bottle Can, Silicon Handle, Purple", "product_brand": "H&B", "combo": []}, {"category": "Kitchen, Garden & Pets", "sub_category_name": "Kitchen Accessories", "product_name": "Bamboo Solid - Turner (30x 6cm)", "product_brand": "Fackelmann", "combo": []}, {"category": "Kitchen, Garden & Pets", "sub_category_name": "Kitchen Accessories", "product_name": "Premium Chopping/Cutting Board Versa - Green, 10 mm Thick", "product_brand": "Anjali", "combo": []}, {"category": "Kitchen, Garden & Pets", "sub_category_name": "Kitchen Accessories", "product_name": "Knife Set - Stainless Steel,Assorted", "product_brand": "Pigeon", "combo": []}, {"category": "Kitchen, Garden & Pets", "sub_category_name": "Kitchen Accessories", "product_name": "Bamboo Wood Chopping/Cutting Board - Large, 9x13 Inch", "product_brand": "Bamboooz", "combo": []}, {"category": "Kitchen, Garden & Pets", "sub_category_name": "Kitchen Accessories", "product_name": "Knife - Dicing", "product_brand": "Cartini by Godrej", "combo": []}, {"category": "Kitchen, Garden & Pets", "sub_category_name": "Kitchen Accessories", "product_name": "Blender - Power Free", "product_brand": "Anjali", "combo": []}, {"category": "Kitchen, Garden & Pets", "sub_category_name": "Kitchen Accessories", "product_name": "Slotted Turner - Nylon, Silicon Handle, Blue", "product_brand": "H&B", "combo": []}]