[{"category": "Beverages", "sub_category_name": "Water", "product_name": "Mineral Water", "product_brand": "Bisleri", "combo": [["2x5 L", "140.00"], ["5 L", "70.00"]]}, {"category": "Beverages", "sub_category_name": "Water", "product_name": "Mineral Water", "product_brand": "Bisleri", "combo": [["2x1 L", "40.00"], ["2x2 L", "60.00"], ["24x500 ml", "240.00"], ["2 L", "30.00"], ["1 L", "20.00"], ["500 ml", "10.00"]]}, {"category": "Beverages", "sub_category_name": "Water", "product_name": "Mineral Water", "product_brand": "Bisleri", "combo": []}, {"category": "Beverages", "sub_category_name": "Water", "product_name": "Drinking Water With Added Minerals", "product_brand": "Kinley", "combo": [["500 ml", "10.00"], ["2x1 L", "37.08"], ["1 L", "18.54"], ["12x1 L", "222.48"]]}, {"category": "Beverages", "sub_category_name": "Water", "product_name": "Packaged Drinking Water", "product_brand": "Aquafina", "combo": []}, {"category": "Beverages", "sub_category_name": "Water", "product_name": "Packaged Drinking Water", "product_brand": "Aquafina", "combo": [["6x1 L", "120.00"], ["24x500 ml", "240.00"], ["500 ml", "10.00"], ["1 L", "20.00"], ["2x1 L", "40.00"]]}, {"category": "Beverages", "sub_category_name": "Water", "product_name": "Mineral-Water", "product_brand": "Bisleri", "combo": []}, {"category": "Beverages", "sub_category_name": "Water", "product_name": "Natural Mineral Water", "product_brand": "Himalayan", "combo": []}, {"category": "Beverages", "sub_category_name": "Water", "product_name": "Mineral Water", "product_brand": "Bisleri", "combo": []}, {"category": "Beverages", "sub_category_name": "Water", "product_name": "Natural Mountain Water - Vedica", "product_brand": "Bisleri", "combo": [["6x1 L", "360.00"], ["500 ml", "40.00"], ["1 L", "60.00"]]}, {"category": "Beverages", "sub_category_name": "Water", "product_name": "Packaged Drinking Water", "product_brand": "Aquafina", "combo": []}, {"category": "Beverages", "sub_category_name": "Water", "product_name": "Mineral Water", "product_brand": "Bisleri", "combo": []}, {"category": "Beverages", "sub_category_name": "Water", "product_name": "Natural Mineral Water - Imported", "product_brand": "Evian", "combo": []}]