[{"category": "Snacks & Branded Foods", "sub_category_name": "Biscuits & Cookies", "product_name": "Premium Wafer Bites - Orange", "product_brand": "Tasties", "combo": [["100 g", "49.00"], ["2x100 g", "90.00"]]}, {"category": "Snacks & Branded Foods", "sub_category_name": "Biscuits & Cookies", "product_name": "Premium Wafer Bites - Dark Choco", "product_brand": "Tasties", "combo": [["100 g", "49.00"], ["2x100 g", "90.00"]]}, {"category": "Snacks & Branded Foods", "sub_category_name": "Biscuits & Cookies", "product_name": "Premium Wafer Bites - Strawberry", "product_brand": "Tasties", "combo": [["100 g", "49.00"], ["2x100 g", "90.00"]]}, {"category": "Snacks & Branded Foods", "sub_category_name": "Biscuits & Cookies", "product_name": "Premium Wafer Bites - Tiramisu", "product_brand": "Tasties", "combo": [["100 g", "49.00"], ["2x100 g", "90.00"]]}, {"category": "Snacks & Branded Foods", "sub_category_name": "Biscuits & Cookies", "product_name": "Premium Wafer Bites - Hazelnut", "product_brand": "Tasties", "combo": [["100 g", "49.00"], ["2x100 g", "90.00"]]}, {"category": "Snacks & Branded Foods", "sub_category_name": "Biscuits & Cookies", "product_name": "Bake Rusk Toast", "product_brand": "Britannia", "combo": [["200 g", "21.38"], ["72 g", "10.00"], ["6x63 g", "60.00"], ["12x63 g", "120.00"]]}, {"category": "Snacks & Branded Foods", "sub_category_name": "Biscuits & Cookies", "product_name": "Dark Cookie Cream", "product_brand": "Mcvities", "combo": [["50 g", "10.00"], ["120 g", "30.00"]]}, {"category": "Snacks & Branded Foods", "sub_category_name": "Biscuits & Cookies", "product_name": "5 Grain Cracker", "product_brand": "Mcvities", "combo": [["49.1 g", "10.00"], ["120 g", "25.00"]]}, {"category": "Snacks & Branded Foods", "sub_category_name": "Biscuits & Cookies", "product_name": "Double Delight - Badam Pista & Fruit", "product_brand": "Karachi Bakery", "combo": []}, {"category": "Snacks & Branded Foods", "sub_category_name": "Biscuits & Cookies", "product_name": "Double Delight - Chocolate, Cashew & Fruits Biscuits", "product_brand": "Karachi Bakery", "combo": []}, {"category": "Snacks & Branded Foods", "sub_category_name": "Biscuits & Cookies", "product_name": "Biscuits - Fruit Premium", "product_brand": "Karachi Bakery", "combo": []}, {"category": "Snacks & Branded Foods", "sub_category_name": "Biscuits & Cookies", "product_name": "Oatmeal Digestive Cookies", "product_brand": "Unibic", "combo": []}, {"category": "Snacks & Branded Foods", "sub_category_name": "Biscuits & Cookies", "product_name": "Diwali Gift Box: 12 Assorted Cookies with Chocolate & Dryfruits", "product_brand": "Open Secret", "combo": []}, {"category": "Snacks & Branded Foods", "sub_category_name": "Biscuits & Cookies", "product_name": "White Choco Cashew Nutty Cookies - 6 Cookies, Family Pack", "product_brand": "Open Secret", "combo": []}, {"category": "Snacks & Branded Foods", "sub_category_name": "Biscuits & Cookies", "product_name": "Choco Pie - Chocolate Coated Soft Biscuit", "product_brand": "Orion", "combo": [["6x20 pcs", "1529.94"], ["12 pcs", "127.50"], ["20 pcs", "285.00"], ["6 pcs", "68.00"]]}, {"category": "Snacks & Branded Foods", "sub_category_name": "Biscuits & Cookies", "product_name": "Triple Delight Fruit - Cashew & Osmania", "product_brand": "Karachi Bakery", "combo": []}, {"category": "Snacks & Branded Foods", "sub_category_name": "Biscuits & Cookies", "product_name": "Cashew Badam Cookies", "product_brand": "Unibic", "combo": []}, {"category": "Snacks & Branded Foods", "sub_category_name": "Biscuits & Cookies", "product_name": "Chocobakes Choc Layered Cakes Pack", "product_brand": "Cadbury", "combo": []}, {"category": "Snacks & Branded Foods", "sub_category_name": "Biscuits & Cookies", "product_name": "Little Hearts Biscuits", "product_brand": "Britannia", "combo": []}, {"category": "Snacks & Branded Foods", "sub_category_name": "Biscuits & Cookies", "product_name": "Single Choco Chip Cookies", "product_brand": "Theobroma", "combo": []}, {"category": "Snacks & Branded Foods", "sub_category_name": "Biscuits & Cookies", "product_name": "Milk Cookies", "product_brand": "Unibic", "combo": []}, {"category": "Snacks & Branded Foods", "sub_category_name": "Biscuits & Cookies", "product_name": "Tiger Krunch Biscuits", "product_brand": "Britannia", "combo": [["32 g", "5.00"], ["80 g", "10.00"], ["400 g", "51.50"]]}, {"category": "Snacks & Branded Foods", "sub_category_name": "Biscuits & Cookies", "product_name": "Cadbury Chocobakes Choc Layered Cakes Pack", "product_brand": "Cadbury", "combo": []}, {"category": "Snacks & Branded Foods", "sub_category_name": "Biscuits & Cookies", "product_name": "Peanut Butter Nutty Cookies - 6 Cookies, Family Pack", "product_brand": "Open Secret", "combo": []}, {"category": "Snacks & Branded Foods", "sub_category_name": "Biscuits & Cookies", "product_name": "Choco Pie - Chocolate Coated Soft Biscuit, Festive Gift Pack", "product_brand": "Orion", "combo": [["6x12 pcs", "1019.96"], ["12 pcs", "190.00"], ["3x12 pcs", "541.50"]]}, {"category": "Snacks & Branded Foods", "sub_category_name": "Biscuits & Cookies", "product_name": "Nan Khatai With Desi Ghee", "product_brand": "MISHT", "combo": []}, {"category": "Snacks & Branded Foods", "sub_category_name": "Biscuits & Cookies", "product_name": "Atta Cookies With Desi Ghee", "product_brand": "MISHT", "combo": []}, {"category": "Snacks & Branded Foods", "sub_category_name": "Biscuits & Cookies", "product_name": "Chia Seeds Cookies", "product_brand": "MISHT", "combo": []}, {"category": "Snacks & Branded Foods", "sub_category_name": "Biscuits & Cookies", "product_name": "Nutty Cookies Gift Box: Choco Almond+White Choco Cashew+Peanut Butter", "product_brand": "Open Secret", "combo": []}, {"category": "Snacks & Branded Foods", "sub_category_name": "Biscuits & Cookies", "product_name": "Nuts & Berries Cookies", "product_brand": "MISHT", "combo": []}, {"category": "Snacks & Branded Foods", "sub_category_name": "Biscuits & Cookies", "product_name": "Premium Bake Rusk", "product_brand": "Britannia", "combo": [["273 g", "30.25"], ["2x273 g", "60.50"]]}, {"category": "Snacks & Branded Foods", "sub_category_name": "Biscuits & Cookies", "product_name": "Gluco Biscuits - Parle-G", "product_brand": "Parle", "combo": [["50 g", "5.00"], ["12x130 g", "111.60"], ["6x130 g", "55.80"], ["130 g", "9.30"], ["800 g", "56.00"], ["250 g", "17.10"]]}, {"category": "Snacks & Branded Foods", "sub_category_name": "Biscuits & Cookies", "product_name": "Good Day Cashew Cookies", "product_brand": "Britannia", "combo": [["60 g", "9.30"], ["6x60 g", "55.80"]]}, {"category": "Snacks & Branded Foods", "sub_category_name": "Biscuits & Cookies", "product_name": "Biscuits - Marie Gold", "product_brand": "Britannia", "combo": [["43 g", "5.00"], ["83 g", "10.00"], ["250 g", "30.00"], ["6x83 g", "60.00"], ["2x250 g", "60.00"]]}, {"category": "Snacks & Branded Foods", "sub_category_name": "Biscuits & Cookies", "product_name": "Nutri Choice Hi Fibre Digestive Biscuits", "product_brand": "Britannia", "combo": [["6x50 g", "60.00"], ["12x50 g", "120.00"], ["250 g", "55.00"], ["50 g + 8 g Free", "10.00"], ["4x100 g", "68.40"], ["2x250 g", "110.00"], ["2x100 g", "34.20"], ["100 g", "17.10"]]}, {"category": "Snacks & Branded Foods", "sub_category_name": "Biscuits & Cookies", "product_name": "Biscuits - Little Hearts", "product_brand": "Britannia", "combo": [["34.5 g", "10.00"], ["4x34.5 g", "40.00"], ["6x34.5 g", "60.00"]]}, {"category": "Snacks & Branded Foods", "sub_category_name": "Biscuits & Cookies", "product_name": "Good Day Cashew Cookies", "product_brand": "Britannia", "combo": [["60 g", "9.30"], ["6x60 g", "55.80"]]}, {"category": "Snacks & Branded Foods", "sub_category_name": "Biscuits & Cookies", "product_name": "Bourbon Cream Biscuit - Chocolate Flavor", "product_brand": "Britannia", "combo": [["60 g", "8.84"], ["12x60 g", "106.08"], ["150 g", "22.80"], ["120 g", "20.00"], ["6x60 g", "53.04"], ["2x150 g", "45.60"]]}, {"category": "Snacks & Branded Foods", "sub_category_name": "Biscuits & Cookies", "product_name": "Nice Time - Sugar Showered Coconut Biscuits", "product_brand": "Britannia", "combo": [["6x73 g", "60.00"], ["12x73 g", "120.00"], ["3x150 g", "75.00"], ["6x150 g", "150.00"], ["2x150 g", "50.00"], ["73 g", "10.00"], ["150 g", "25.00"]]}, {"category": "Snacks & Branded Foods", "sub_category_name": "Biscuits & Cookies", "product_name": "Biscuits - Monaco Salted Snack", "product_brand": "Parle", "combo": [["6x66.7 g", "60.00"], ["66.7 g", "10.00"]]}, {"category": "Snacks & Branded Foods", "sub_category_name": "Biscuits & Cookies", "product_name": "Hide & Seek Chocolate", "product_brand": "Parle", "combo": [["120 g", "25.65"], ["2x120 g", "51.30"], ["33 g", "10.00"]]}, {"category": "Snacks & Branded Foods", "sub_category_name": "Biscuits & Cookies", "product_name": "Treat - Jim Jam Biscuits", "product_brand": "Britannia", "combo": [["100 g", "25.00"], ["150 g", "35.00"], ["2x150 g", "70.00"], ["25 g", "5.00"], ["20x100 g", "500.00"], ["12x100 g", "300.00"], ["3x100 g", "75.00"]]}, {"category": "Snacks & Branded Foods", "sub_category_name": "Biscuits & Cookies", "product_name": "Oreo Biscuit - Vanilla Creme", "product_brand": "Cadbury", "combo": [["120 g", "27.00"], ["46.3 g", "10.00"], ["3x120 g", "81.00"]]}, {"category": "Snacks & Branded Foods", "sub_category_name": "Biscuits & Cookies", "product_name": "Nutri Choice - Simply Lite Biscuits", "product_brand": "Britannia", "combo": [["100 g", "15.00"], ["6x100 g", "90.00"], ["3x100 g", "45.00"]]}, {"category": "Snacks & Branded Foods", "sub_category_name": "Biscuits & Cookies", "product_name": "50-50 Maska Chaska Salted Biscuits", "product_brand": "Britannia", "combo": [["50 g", "10.00"], ["6x50 g", "60.00"]]}, {"category": "Snacks & Branded Foods", "sub_category_name": "Biscuits & Cookies", "product_name": "Bourbon Cream Biscuit - Chocolate Flavor 150gm + Treat Orange Biscuits 150gm", "product_brand": "Britannia", "combo": []}, {"category": "Snacks & Branded Foods", "sub_category_name": "Biscuits & Cookies", "product_name": "Dark Fantasy - Choco Fills, 75 gm + Dark Fantasy - Choco Fills, 300 gm", "product_brand": "Sunfeast", "combo": []}, {"category": "Snacks & Branded Foods", "sub_category_name": "Biscuits & Cookies", "product_name": "Dark Fantasy Biscuits - Cookies - Choco Fills", "product_brand": "Sunfeast", "combo": [["300 g", "80.00"], ["3x75 g", "81.22"], ["75 g", "28.50"], ["4x75 g", "114.00"], ["3x300 g", "240.00"]]}, {"category": "Snacks & Branded Foods", "sub_category_name": "Biscuits & Cookies", "product_name": "Vita Marie Gold Biscuits", "product_brand": "Britannia", "combo": [["2x150 g", "37.20"], ["6x75 g", "60.00"], ["300 g", "34.20"], ["75 g", "10.00"], ["150 g", "18.60"], ["3x150 g", "55.80"], ["6x150 g", "111.60"]]}, {"category": "Snacks & Branded Foods", "sub_category_name": "Biscuits & Cookies", "product_name": "Treat Jim Jam Biscuits 150gm + Treat Orange Biscuits 150gm", "product_brand": "Britannia", "combo": []}, {"category": "Snacks & Branded Foods", "sub_category_name": "Biscuits & Cookies", "product_name": "Biscuits - Gluco Gold", "product_brand": "Parle", "combo": [["12x112.5 g", "120.00"], ["2x200 g", "50.00"], ["100 g", "10.00"], ["200 g", "25.00"], ["6x112.5 g", "60.00"]]}, {"category": "Snacks & Branded Foods", "sub_category_name": "Biscuits & Cookies", "product_name": "Oreo Vanilla Creme Biscuits 120gm + Bournvita Pro Health Chocolate Cookies 120gm", "product_brand": "bb Combo", "combo": []}, {"category": "Snacks & Branded Foods", "sub_category_name": "Biscuits & Cookies", "product_name": "Monaco Crispy Light Salted - Snack Classic Regular", "product_brand": "Parle", "combo": []}, {"category": "Snacks & Branded Foods", "sub_category_name": "Biscuits & Cookies", "product_name": "Bournvita Pro Health Chocolate Cookies 120 gm + Lays Potato Chips 52 gm", "product_brand": "bb Combo", "combo": []}, {"category": "Snacks & Branded Foods", "sub_category_name": "Biscuits & Cookies", "product_name": "Monaco Cheesling", "product_brand": "Parle", "combo": [["300 g", "79.00"], ["150 g", "51.00"]]}, {"category": "Snacks & Branded Foods", "sub_category_name": "Biscuits & Cookies", "product_name": "Creme Biscuits - Vanilla 120G + Choco 120G + Strawberry 120G", "product_brand": "Oreo", "combo": []}, {"category": "Snacks & Branded Foods", "sub_category_name": "Biscuits & Cookies", "product_name": "Biscuits - Little Hearts", "product_brand": "Britannia", "combo": [["18 g", "5.00"], ["10x18 g", "50.00"]]}, {"category": "Snacks & Branded Foods", "sub_category_name": "Biscuits & Cookies", "product_name": "Choco Creme Biscuits", "product_brand": "Oreo", "combo": [["5x50 g", "50.00"], ["120 g", "27.00"], ["46.3 g", "10.00"], ["3x120 g", "81.00"]]}, {"category": "Snacks & Branded Foods", "sub_category_name": "Biscuits & Cookies", "product_name": "Pro Health Chocolate Cookies", "product_brand": "Bournvita", "combo": [["2x120 g", "60.00"], ["47.9 g", "9.58"], ["120 g", "30.00"], ["3x120 g", "90.00"], ["4x46.5 g", "38.32"]]}, {"category": "Snacks & Branded Foods", "sub_category_name": "Biscuits & Cookies", "product_name": "Marie Light - Original Biscuits", "product_brand": "Sunfeast", "combo": [["3x200 g", "50.22"], ["200 g", "18.60"], ["2x200 g", "53.01"]]}, {"category": "Snacks & Branded Foods", "sub_category_name": "Biscuits & Cookies", "product_name": "Nutri Choice Digestive Zero Biscuits", "product_brand": "Britannia", "combo": [["100 g", "25.00"], ["6x100 g", "150.00"], ["3x100 g", "75.00"]]}, {"category": "Snacks & Branded Foods", "sub_category_name": "Biscuits & Cookies", "product_name": "Milk Bikis Biscuits", "product_brand": "Britannia", "combo": [["200 g", "18.60"], ["40.5 g", "5.00"], ["3x200 g", "55.80"], ["6x200 g", "111.60"]]}, {"category": "Snacks & Branded Foods", "sub_category_name": "Biscuits & Cookies", "product_name": "Milk Bikis Milk Cream Biscuits", "product_brand": "Britannia", "combo": []}, {"category": "Snacks & Branded Foods", "sub_category_name": "Biscuits & Cookies", "product_name": "Good Day Chocochip Cookies", "product_brand": "Britannia", "combo": [["56 g", "10.00"], ["2x120 g", "60.00"], ["100 g", "30.00"], ["6x44 g", "60.00"]]}, {"category": "Snacks & Branded Foods", "sub_category_name": "Biscuits & Cookies", "product_name": "Nice - Sugar Sprinkled Biscuits", "product_brand": "Sunfeast", "combo": [["150 g", "25.00"], ["3x150 g", "75.00"]]}, {"category": "Snacks & Branded Foods", "sub_category_name": "Biscuits & Cookies", "product_name": "Good Day - Nuts Cookie", "product_brand": "Britannia", "combo": [["60 g", "10.00"], ["6x58 g", "60.00"], ["12x58 g", "120.00"]]}, {"category": "Snacks & Branded Foods", "sub_category_name": "Biscuits & Cookies", "product_name": "Krack Jack", "product_brand": "Parle", "combo": [["6x75.60 g", "55.80"], ["75.60 g", "9.30"]]}, {"category": "Snacks & Branded Foods", "sub_category_name": "Biscuits & Cookies", "product_name": "Digestive Biscuits", "product_brand": "Mcvities", "combo": [["100 g", "20.00"], ["3x100 g", "60.00"], ["150 g", "35.00"], ["2x150 g", "70.00"]]}, {"category": "Snacks & Branded Foods", "sub_category_name": "Biscuits & Cookies", "product_name": "Munch Chocolate Coated Crunchy Wafer - Share Pack", "product_brand": "Nestle", "combo": []}, {"category": "Snacks & Branded Foods", "sub_category_name": "Biscuits & Cookies", "product_name": "Choco - Pie", "product_brand": "Lotte", "combo": [["28 g", "200.00"], ["300 g", "93.34"], ["168 g", "65.00"]]}, {"category": "Snacks & Branded Foods", "sub_category_name": "Biscuits & Cookies", "product_name": "Farmlite Biscuit - Oats & Raisins", "product_brand": "Sunfeast", "combo": [["150 g", "50.00"], ["3x150 g", "135.00"], ["2x150 g", "100.00"]]}, {"category": "Snacks & Branded Foods", "sub_category_name": "Biscuits & Cookies", "product_name": "Krackjack Original - Sweet & Salty Crackers Biscuits", "product_brand": "Parle", "combo": []}, {"category": "Snacks & Branded Foods", "sub_category_name": "Biscuits & Cookies", "product_name": "50-50 Sweet & Salty Biscuits", "product_brand": "Britannia", "combo": [["76 g", "10.00"], ["6x76 g", "60.00"]]}, {"category": "Snacks & Branded Foods", "sub_category_name": "Biscuits & Cookies", "product_name": "Cookies - Fruit & Nut", "product_brand": "Unibic", "combo": [["75 g", "22.50"], ["2x75 g", "45.00"], ["4x75 g", "90.00"]]}, {"category": "Snacks & Branded Foods", "sub_category_name": "Biscuits & Cookies", "product_name": "Cookies - Assorted Pack", "product_brand": "Unibic", "combo": []}, {"category": "Snacks & Branded Foods", "sub_category_name": "Biscuits & Cookies", "product_name": "Hide & Seek Caffe Mocha Cookies", "product_brand": "Parle", "combo": [["2x120 g", "45.00"], ["120 g", "22.50"]]}, {"category": "Snacks & Branded Foods", "sub_category_name": "Biscuits & Cookies", "product_name": "Nutri Choice Oats Cookies", "product_brand": "Britannia", "combo": [["2x150 g", "130.00"], ["150 g", "65.00"]]}, {"category": "Snacks & Branded Foods", "sub_category_name": "Biscuits & Cookies", "product_name": "Cookies - Pista Badam", "product_brand": "Unibic", "combo": []}, {"category": "Snacks & Branded Foods", "sub_category_name": "Biscuits & Cookies", "product_name": "Dipped Cookie", "product_brand": "Cadbury Oreo", "combo": [["3x50 g", "60.00"], ["2x50 g", "40.00"], ["50 g", "20.00"]]}, {"category": "Snacks & Branded Foods", "sub_category_name": "Biscuits & Cookies", "product_name": "Choco Chip Cookies", "product_brand": "Unibic", "combo": []}, {"category": "Snacks & Branded Foods", "sub_category_name": "Biscuits & Cookies", "product_name": "Oreo - Creme Biscuit, Vanilla, Family Pack, 300 g, Pack of 3", "product_brand": "Cadbury", "combo": [["300 g", "75.00"], ["2x300 g", "150.00"]]}, {"category": "Snacks & Branded Foods", "sub_category_name": "Biscuits & Cookies", "product_name": "Bounce Biscuits - Orange Creme Cookies", "product_brand": "Sunfeast", "combo": []}, {"category": "Snacks & Branded Foods", "sub_category_name": "Biscuits & Cookies", "product_name": "Moms Magic Cookies - Rich Butter Biscuits", "product_brand": "Sunfeast", "combo": [["75 g", "7.50"], ["150 g", "15.00"], ["3x75 g", "21.38"]]}, {"category": "Snacks & Branded Foods", "sub_category_name": "Biscuits & Cookies", "product_name": "Creme Biscuit - Strawberry", "product_brand": "Cadbury Oreo", "combo": [["46.3 g", "10.00"], ["120 g", "30.00"], ["5x50 g", "50.00"], ["3x120 g", "90.00"]]}, {"category": "Snacks & Branded Foods", "sub_category_name": "Biscuits & Cookies", "product_name": "Chocolate Biscuit, Pro Health Vitamins, 250 g, Pack of 9", "product_brand": "Bournvita", "combo": [["250 g", "54.00"], ["3x250 g", "162.00"]]}, {"category": "Snacks & Branded Foods", "sub_category_name": "Biscuits & Cookies", "product_name": "Treat Orange Cream Biscuits", "product_brand": "Britannia", "combo": [["6x60 g", "60.00"], ["150 g", "30.00"], ["3x150 g", "90.00"], ["12x60 g", "120.00"], ["60 g", "10.00"]]}, {"category": "Snacks & Branded Foods", "sub_category_name": "Biscuits & Cookies", "product_name": "Marie Light Biscuits-Rich Taste", "product_brand": "Sunfeast", "combo": []}, {"category": "Snacks & Branded Foods", "sub_category_name": "Biscuits & Cookies", "product_name": "Cookies - Hide N Seek Milano", "product_brand": "Parle", "combo": [["75 g", "22.50"], ["6x75 g", "135.00"]]}, {"category": "Snacks & Branded Foods", "sub_category_name": "Biscuits & Cookies", "product_name": "Milk Bikis Milk Cream Biscuits", "product_brand": "Britannia", "combo": [["3x100 g", "60.00"], ["100 g", "20.00"]]}, {"category": "Snacks & Branded Foods", "sub_category_name": "Biscuits & Cookies", "product_name": "Coconut Crunchy Cookies With Real Coconut", "product_brand": "Parle", "combo": [["5x108 g", "50.00"], ["108 g", "10.00"]]}, {"category": "Snacks & Branded Foods", "sub_category_name": "Biscuits & Cookies", "product_name": "Marie Biscuits - Whole wheat", "product_brand": "Mcvities", "combo": [["200 g", "35.00"], ["100 g", "15.00"], ["2x200 g", "70.00"]]}, {"category": "Snacks & Branded Foods", "sub_category_name": "Biscuits & Cookies", "product_name": "Hide & Seek Choco Rolls", "product_brand": "Parle", "combo": [["2x75 g", "48.00"], ["120 g", "37.50"], ["2x120 g", "75.00"], ["75 g", "24.00"]]}, {"category": "Snacks & Branded Foods", "sub_category_name": "Biscuits & Cookies", "product_name": "Dipped Cookie", "product_brand": "Cadbury Oreo", "combo": [["150 g", "61.75"], ["2x150 g", "111.15"]]}, {"category": "Snacks & Branded Foods", "sub_category_name": "Biscuits & Cookies", "product_name": "Marie Biscuits", "product_brand": "Parle", "combo": []}, {"category": "Snacks & Branded Foods", "sub_category_name": "Biscuits & Cookies", "product_name": "Cookies - Honey Oatmeal", "product_brand": "Unibic", "combo": [["75 g", "22.50"], ["2x75 g", "45.00"], ["4x75 g", "90.00"]]}, {"category": "Snacks & Branded Foods", "sub_category_name": "Biscuits & Cookies", "product_name": "Farmlite Biscuit - Oats & Almonds 150g + Farmlite Biscuit - Oats & Raisins 150g", "product_brand": "Sunfeast", "combo": []}, {"category": "Snacks & Branded Foods", "sub_category_name": "Biscuits & Cookies", "product_name": "Treat Burst Choco Fills Cookies", "product_brand": "Britannia", "combo": [["60 g", "15.00"], ["120 g", "30.00"]]}, {"category": "Snacks & Branded Foods", "sub_category_name": "Biscuits & Cookies", "product_name": "Milano Center Filled Choco", "product_brand": "Parle", "combo": [["75 g", "28.00"], ["3x75 g", "84.00"]]}, {"category": "Snacks & Branded Foods", "sub_category_name": "Biscuits & Cookies", "product_name": "Happy Happy Choco-Chip Cookies", "product_brand": "Parle", "combo": []}, {"category": "Snacks & Branded Foods", "sub_category_name": "Biscuits & Cookies", "product_name": "Jeera Cookies", "product_brand": "Tasties", "combo": [["75 g", "22.50"], ["4x75 g", "79.00"]]}, {"category": "Snacks & Branded Foods", "sub_category_name": "Biscuits & Cookies", "product_name": "Honey Oats Cookies", "product_brand": "Tasties", "combo": [["4x75 g", "99.00"], ["75 g", "27.00"]]}, {"category": "Snacks & Branded Foods", "sub_category_name": "Biscuits & Cookies", "product_name": "Kitkat 2 Finger Chocolate Covered Wafer Bar", "product_brand": "Nestle", "combo": []}, {"category": "Snacks & Branded Foods", "sub_category_name": "Biscuits & Cookies", "product_name": "Moms Magic - Cashew & Almond", "product_brand": "Sunfeast", "combo": []}, {"category": "Snacks & Branded Foods", "sub_category_name": "Biscuits & Cookies", "product_name": "Cookies - Oatmeal (Sugar Free)", "product_brand": "Unibic", "combo": [["3x75 g", "108.00"], ["75 g", "36.00"]]}, {"category": "Snacks & Branded Foods", "sub_category_name": "Biscuits & Cookies", "product_name": "Cookies - Chocolate Chip", "product_brand": "Unibic", "combo": [["2x75 g", "40.00"], ["150 g", "40.00"], ["3x150 g", "120.00"], ["3x75 g", "60.00"], ["75 g", "20.00"]]}, {"category": "Snacks & Branded Foods", "sub_category_name": "Biscuits & Cookies", "product_name": "Glucose Biscuits", "product_brand": "Sunfeast", "combo": [["128 g", "10.00"], ["4x128 g", "40.00"], ["5x128 g", "45.00"]]}, {"category": "Snacks & Branded Foods", "sub_category_name": "Biscuits & Cookies", "product_name": "Chocobakes Choc Filled Cookies", "product_brand": "Cadbury", "combo": [["150 g", "57.00"], ["2x150 g", "102.60"]]}, {"category": "Snacks & Branded Foods", "sub_category_name": "Biscuits & Cookies", "product_name": "Wafer Biscuits - Chocolate Flavor", "product_brand": "Pickwick", "combo": []}, {"category": "Snacks & Branded Foods", "sub_category_name": "Biscuits & Cookies", "product_name": "Milano Centre Filled Mixed Berries", "product_brand": "Parle", "combo": [["3x75 g", "84.00"], ["75 g", "28.00"]]}, {"category": "Snacks & Branded Foods", "sub_category_name": "Biscuits & Cookies", "product_name": "Marie Light Oats Biscuits", "product_brand": "Sunfeast", "combo": [["120 g", "15.00"], ["3x120 g", "42.75"]]}, {"category": "Snacks & Branded Foods", "sub_category_name": "Biscuits & Cookies", "product_name": "Treat - Crazy Pineapple Cream Biscuits", "product_brand": "Britannia", "combo": [["12x64 g", "120.00"], ["60 g", "10.00"], ["6x64 g", "60.00"]]}, {"category": "Snacks & Branded Foods", "sub_category_name": "Biscuits & Cookies", "product_name": "Treat - Funky Choco Biscuits", "product_brand": "Britannia", "combo": [["4x60 g", "40.00"], ["60 g", "10.00"], ["6x60 g", "60.00"], ["12x60 g", "120.00"]]}, {"category": "Snacks & Branded Foods", "sub_category_name": "Biscuits & Cookies", "product_name": "Sugar Free Butter Cookies", "product_brand": "Unibic", "combo": [["3x75 g", "108.00"], ["75 g", "36.00"]]}, {"category": "Snacks & Branded Foods", "sub_category_name": "Biscuits & Cookies", "product_name": "Digestive Biscuits", "product_brand": "Mcvities", "combo": []}, {"category": "Snacks & Branded Foods", "sub_category_name": "Biscuits & Cookies", "product_name": "Treat Strawberry Cream Biscuits", "product_brand": "Britannia", "combo": [["12x60 g", "120.00"], ["5x60 g", "50.00"], ["60 g", "10.00"]]}, {"category": "Snacks & Branded Foods", "sub_category_name": "Biscuits & Cookies", "product_name": "Krackjack Biscuits", "product_brand": "Parle", "combo": []}, {"category": "Snacks & Branded Foods", "sub_category_name": "Biscuits & Cookies", "product_name": "Jim Jam Cream Biscuits", "product_brand": "Britannia", "combo": []}, {"category": "Snacks & Branded Foods", "sub_category_name": "Biscuits & Cookies", "product_name": "KitKat 4 Finger Wafer Bar", "product_brand": "Nestle", "combo": []}, {"category": "Snacks & Branded Foods", "sub_category_name": "Biscuits & Cookies", "product_name": "Tiger Glucose Biscuits", "product_brand": "Britannia", "combo": [["4x124 g", "40.00"], ["50 g", "5.00"], ["136 g", "10.00"]]}, {"category": "Snacks & Branded Foods", "sub_category_name": "Biscuits & Cookies", "product_name": "Chocobakes Choc Filled Cookies", "product_brand": "Cadbury", "combo": [["3x75 g", "90.00"], ["75 g", "30.00"]]}, {"category": "Snacks & Branded Foods", "sub_category_name": "Biscuits & Cookies", "product_name": "Cookies - Daily Digestive Oatmeal", "product_brand": "Unibic", "combo": [["3x150 g", "150.00"], ["150 g", "50.00"]]}, {"category": "Snacks & Branded Foods", "sub_category_name": "Biscuits & Cookies", "product_name": "Munch Nuts Chocolate Coated Crunchy Wafer Bar", "product_brand": "Nestle", "combo": []}, {"category": "Snacks & Branded Foods", "sub_category_name": "Biscuits & Cookies", "product_name": "Farmlite Digestive - All Good", "product_brand": "Sunfeast", "combo": [["4x100 g", "91.01"], ["5x100 g", "110.17"], ["100 g", "23.95"]]}, {"category": "Snacks & Branded Foods", "sub_category_name": "Biscuits & Cookies", "product_name": "Banana Oats Biscuits", "product_brand": "Bournvita", "combo": []}, {"category": "Snacks & Branded Foods", "sub_category_name": "Biscuits & Cookies", "product_name": "Dark Fantasy Yumfills Pie", "product_brand": "Sunfeast", "combo": []}, {"category": "Snacks & Branded Foods", "sub_category_name": "Biscuits & Cookies", "product_name": "Choco Almond Nutty Cookies - Box of 2 Cookies", "product_brand": "Open Secret", "combo": []}, {"category": "Snacks & Branded Foods", "sub_category_name": "Biscuits & Cookies", "product_name": "50-50 Maska Chaska Salted Biscuits", "product_brand": "Britannia", "combo": []}, {"category": "Snacks & Branded Foods", "sub_category_name": "Biscuits & Cookies", "product_name": "Farmlite Biscuit - Oats And Chocolate", "product_brand": "Sunfeast", "combo": [["2x150 g", "85.50"], ["150 g", "47.50"]]}, {"category": "Snacks & Branded Foods", "sub_category_name": "Biscuits & Cookies", "product_name": "Happy Happy Choco-Chip Cookies", "product_brand": "Parle", "combo": [["75 g", "10.00"], ["6x75 g", "60.00"]]}, {"category": "Snacks & Branded Foods", "sub_category_name": "Biscuits & Cookies", "product_name": "Wafer Biscuits - Chocolate Flavor", "product_brand": "Pickwick", "combo": [["100 g", "50.00"], ["150 g", "67.05"]]}, {"category": "Snacks & Branded Foods", "sub_category_name": "Biscuits & Cookies", "product_name": "Coconut Cookies", "product_brand": "Tasties", "combo": [["4x75 g", "99.00"], ["75 g", "27.00"]]}, {"category": "Snacks & Branded Foods", "sub_category_name": "Biscuits & Cookies", "product_name": "Digestive Biscuits", "product_brand": "Mcvities", "combo": []}, {"category": "Snacks & Branded Foods", "sub_category_name": "Biscuits & Cookies", "product_name": "20-20 Butter Cookies", "product_brand": "Parle", "combo": [["45 g", "5.00"], ["90 g", "10.00"]]}, {"category": "Snacks & Branded Foods", "sub_category_name": "Biscuits & Cookies", "product_name": "Wafer Biscuits - Pineapple Flavor", "product_brand": "Pickwick", "combo": [["100 g", "50.00"], ["150 g", "70.00"]]}, {"category": "Snacks & Branded Foods", "sub_category_name": "Biscuits & Cookies", "product_name": "Farmlite Biscuit - Oats & Almonds", "product_brand": "Sunfeast", "combo": [["150 g", "50.00"], ["3x150 g", "127.50"], ["2x150 g", "90.00"]]}, {"category": "Snacks & Branded Foods", "sub_category_name": "Biscuits & Cookies", "product_name": "Sweet & Salty Cookies", "product_brand": "Tasties", "combo": []}, {"category": "Snacks & Branded Foods", "sub_category_name": "Biscuits & Cookies", "product_name": "Nutri Choice Oats Orange Cookies", "product_brand": "Britannia", "combo": []}, {"category": "Snacks & Branded Foods", "sub_category_name": "Biscuits & Cookies", "product_name": "Wafer Biscuits - Strawberry Flavor", "product_brand": "Pickwick", "combo": [["150 g", "70.00"], ["100 g", "50.00"]]}, {"category": "Snacks & Branded Foods", "sub_category_name": "Biscuits & Cookies", "product_name": "Fruit & Grains Cookies", "product_brand": "Tasties", "combo": []}, {"category": "Snacks & Branded Foods", "sub_category_name": "Biscuits & Cookies", "product_name": "Moms Magic Cookies - Cashew & Almond Biscuits", "product_brand": "Sunfeast", "combo": []}, {"category": "Snacks & Branded Foods", "sub_category_name": "Biscuits & Cookies", "product_name": "Cookies - Daily Digestive Oatmeal", "product_brand": "Unibic", "combo": [["3x150 g", "150.00"], ["150 g", "50.00"]]}, {"category": "Snacks & Branded Foods", "sub_category_name": "Biscuits & Cookies", "product_name": "Munch Nuts Chocolate Coated Crunchy Wafer Bar", "product_brand": "Nestle", "combo": []}, {"category": "Snacks & Branded Foods", "sub_category_name": "Biscuits & Cookies", "product_name": "Farmlite Digestive - All Good", "product_brand": "Sunfeast", "combo": [["4x100 g", "91.01"], ["5x100 g", "110.17"], ["100 g", "23.95"]]}, {"category": "Snacks & Branded Foods", "sub_category_name": "Biscuits & Cookies", "product_name": "Banana Oats Biscuits", "product_brand": "Bournvita", "combo": []}, {"category": "Snacks & Branded Foods", "sub_category_name": "Biscuits & Cookies", "product_name": "Dark Fantasy Yumfills Pie", "product_brand": "Sunfeast", "combo": []}, {"category": "Snacks & Branded Foods", "sub_category_name": "Biscuits & Cookies", "product_name": "Choco Almond Nutty Cookies - Box of 2 Cookies", "product_brand": "Open Secret", "combo": []}, {"category": "Snacks & Branded Foods", "sub_category_name": "Biscuits & Cookies", "product_name": "50-50 Maska Chaska Salted Biscuits", "product_brand": "Britannia", "combo": []}, {"category": "Snacks & Branded Foods", "sub_category_name": "Biscuits & Cookies", "product_name": "Farmlite Biscuit - Oats And Chocolate", "product_brand": "Sunfeast", "combo": [["2x150 g", "85.50"], ["150 g", "47.50"]]}, {"category": "Snacks & Branded Foods", "sub_category_name": "Biscuits & Cookies", "product_name": "Happy Happy Choco-Chip Cookies", "product_brand": "Parle", "combo": [["75 g", "10.00"], ["6x75 g", "60.00"]]}, {"category": "Snacks & Branded Foods", "sub_category_name": "Biscuits & Cookies", "product_name": "Wafer Biscuits - Chocolate Flavor", "product_brand": "Pickwick", "combo": [["100 g", "50.00"], ["150 g", "67.05"]]}, {"category": "Snacks & Branded Foods", "sub_category_name": "Biscuits & Cookies", "product_name": "Coconut Cookies", "product_brand": "Tasties", "combo": [["4x75 g", "99.00"], ["75 g", "27.00"]]}, {"category": "Snacks & Branded Foods", "sub_category_name": "Biscuits & Cookies", "product_name": "Digestive Biscuits", "product_brand": "Mcvities", "combo": []}, {"category": "Snacks & Branded Foods", "sub_category_name": "Biscuits & Cookies", "product_name": "20-20 Butter Cookies", "product_brand": "Parle", "combo": [["45 g", "5.00"], ["90 g", "10.00"]]}, {"category": "Snacks & Branded Foods", "sub_category_name": "Biscuits & Cookies", "product_name": "Wafer Biscuits - Pineapple Flavor", "product_brand": "Pickwick", "combo": [["100 g", "50.00"], ["150 g", "70.00"]]}, {"category": "Snacks & Branded Foods", "sub_category_name": "Biscuits & Cookies", "product_name": "Farmlite Biscuit - Oats & Almonds", "product_brand": "Sunfeast", "combo": [["150 g", "50.00"], ["3x150 g", "127.50"], ["2x150 g", "90.00"]]}, {"category": "Snacks & Branded Foods", "sub_category_name": "Biscuits & Cookies", "product_name": "Sweet & Salty Cookies", "product_brand": "Tasties", "combo": []}, {"category": "Snacks & Branded Foods", "sub_category_name": "Biscuits & Cookies", "product_name": "Nutri Choice Oats Orange Cookies", "product_brand": "Britannia", "combo": []}, {"category": "Snacks & Branded Foods", "sub_category_name": "Biscuits & Cookies", "product_name": "Wafer Biscuits - Strawberry Flavor", "product_brand": "Pickwick", "combo": [["150 g", "70.00"], ["100 g", "50.00"]]}, {"category": "Snacks & Branded Foods", "sub_category_name": "Biscuits & Cookies", "product_name": "Fruit & Grains Cookies", "product_brand": "Tasties", "combo": []}, {"category": "Snacks & Branded Foods", "sub_category_name": "Biscuits & Cookies", "product_name": "Moms Magic Cookies - Cashew & Almond Biscuits", "product_brand": "Sunfeast", "combo": []}, {"category": "Snacks & Branded Foods", "sub_category_name": "Biscuits & Cookies", "product_name": "Cookies - Daily Digestive Oatmeal", "product_brand": "Unibic", "combo": [["3x150 g", "150.00"], ["150 g", "50.00"]]}, {"category": "Snacks & Branded Foods", "sub_category_name": "Biscuits & Cookies", "product_name": "Munch Nuts Chocolate Coated Crunchy Wafer Bar", "product_brand": "Nestle", "combo": []}, {"category": "Snacks & Branded Foods", "sub_category_name": "Biscuits & Cookies", "product_name": "Farmlite Digestive - All Good", "product_brand": "Sunfeast", "combo": [["4x100 g", "91.01"], ["5x100 g", "110.17"], ["100 g", "23.95"]]}, {"category": "Snacks & Branded Foods", "sub_category_name": "Biscuits & Cookies", "product_name": "Banana Oats Biscuits", "product_brand": "Bournvita", "combo": []}, {"category": "Snacks & Branded Foods", "sub_category_name": "Biscuits & Cookies", "product_name": "Dark Fantasy Yumfills Pie", "product_brand": "Sunfeast", "combo": []}, {"category": "Snacks & Branded Foods", "sub_category_name": "Biscuits & Cookies", "product_name": "Choco Almond Nutty Cookies - Box of 2 Cookies", "product_brand": "Open Secret", "combo": []}, {"category": "Snacks & Branded Foods", "sub_category_name": "Biscuits & Cookies", "product_name": "50-50 Maska Chaska Salted Biscuits", "product_brand": "Britannia", "combo": []}, {"category": "Snacks & Branded Foods", "sub_category_name": "Biscuits & Cookies", "product_name": "Farmlite Biscuit - Oats And Chocolate", "product_brand": "Sunfeast", "combo": [["2x150 g", "85.50"], ["150 g", "47.50"]]}, {"category": "Snacks & Branded Foods", "sub_category_name": "Biscuits & Cookies", "product_name": "Happy Happy Choco-Chip Cookies", "product_brand": "Parle", "combo": [["75 g", "10.00"], ["6x75 g", "60.00"]]}, {"category": "Snacks & Branded Foods", "sub_category_name": "Biscuits & Cookies", "product_name": "Wafer Biscuits - Chocolate Flavor", "product_brand": "Pickwick", "combo": [["100 g", "50.00"], ["150 g", "67.05"]]}, {"category": "Snacks & Branded Foods", "sub_category_name": "Biscuits & Cookies", "product_name": "Coconut Cookies", "product_brand": "Tasties", "combo": [["4x75 g", "99.00"], ["75 g", "27.00"]]}, {"category": "Snacks & Branded Foods", "sub_category_name": "Biscuits & Cookies", "product_name": "Digestive Biscuits", "product_brand": "Mcvities", "combo": []}, {"category": "Snacks & Branded Foods", "sub_category_name": "Biscuits & Cookies", "product_name": "20-20 Butter Cookies", "product_brand": "Parle", "combo": [["45 g", "5.00"], ["90 g", "10.00"]]}, {"category": "Snacks & Branded Foods", "sub_category_name": "Biscuits & Cookies", "product_name": "Wafer Biscuits - Pineapple Flavor", "product_brand": "Pickwick", "combo": [["100 g", "50.00"], ["150 g", "70.00"]]}, {"category": "Snacks & Branded Foods", "sub_category_name": "Biscuits & Cookies", "product_name": "Farmlite Biscuit - Oats & Almonds", "product_brand": "Sunfeast", "combo": [["150 g", "50.00"], ["3x150 g", "127.50"], ["2x150 g", "90.00"]]}, {"category": "Snacks & Branded Foods", "sub_category_name": "Biscuits & Cookies", "product_name": "Sweet & Salty Cookies", "product_brand": "Tasties", "combo": []}, {"category": "Snacks & Branded Foods", "sub_category_name": "Biscuits & Cookies", "product_name": "Nutri Choice Oats Orange Cookies", "product_brand": "Britannia", "combo": []}, {"category": "Snacks & Branded Foods", "sub_category_name": "Biscuits & Cookies", "product_name": "Wafer Biscuits - Strawberry Flavor", "product_brand": "Pickwick", "combo": [["150 g", "70.00"], ["100 g", "50.00"]]}, {"category": "Snacks & Branded Foods", "sub_category_name": "Biscuits & Cookies", "product_name": "Fruit & Grains Cookies", "product_brand": "Tasties", "combo": []}, {"category": "Snacks & Branded Foods", "sub_category_name": "Biscuits & Cookies", "product_name": "Moms Magic Cookies - Cashew & Almond Biscuits", "product_brand": "Sunfeast", "combo": []}, {"category": "Snacks & Branded Foods", "sub_category_name": "Biscuits & Cookies", "product_name": "Cookies - Daily Digestive Oatmeal", "product_brand": "Unibic", "combo": [["3x150 g", "150.00"], ["150 g", "50.00"]]}, {"category": "Snacks & Branded Foods", "sub_category_name": "Biscuits & Cookies", "product_name": "Munch Nuts Chocolate Coated Crunchy Wafer Bar", "product_brand": "Nestle", "combo": []}, {"category": "Snacks & Branded Foods", "sub_category_name": "Biscuits & Cookies", "product_name": "Farmlite Digestive - All Good", "product_brand": "Sunfeast", "combo": [["4x100 g", "91.01"], ["5x100 g", "110.17"], ["100 g", "23.95"]]}, {"category": "Snacks & Branded Foods", "sub_category_name": "Biscuits & Cookies", "product_name": "Banana Oats Biscuits", "product_brand": "Bournvita", "combo": []}, {"category": "Snacks & Branded Foods", "sub_category_name": "Biscuits & Cookies", "product_name": "Dark Fantasy Yumfills Pie", "product_brand": "Sunfeast", "combo": []}, {"category": "Snacks & Branded Foods", "sub_category_name": "Biscuits & Cookies", "product_name": "Choco Almond Nutty Cookies - Box of 2 Cookies", "product_brand": "Open Secret", "combo": []}, {"category": "Snacks & Branded Foods", "sub_category_name": "Biscuits & Cookies", "product_name": "50-50 Maska Chaska Salted Biscuits", "product_brand": "Britannia", "combo": []}, {"category": "Snacks & Branded Foods", "sub_category_name": "Biscuits & Cookies", "product_name": "Farmlite Biscuit - Oats And Chocolate", "product_brand": "Sunfeast", "combo": [["2x150 g", "85.50"], ["150 g", "47.50"]]}, {"category": "Snacks & Branded Foods", "sub_category_name": "Biscuits & Cookies", "product_name": "Happy Happy Choco-Chip Cookies", "product_brand": "Parle", "combo": [["75 g", "10.00"], ["6x75 g", "60.00"]]}, {"category": "Snacks & Branded Foods", "sub_category_name": "Biscuits & Cookies", "product_name": "Wafer Biscuits - Chocolate Flavor", "product_brand": "Pickwick", "combo": [["100 g", "50.00"], ["150 g", "67.05"]]}, {"category": "Snacks & Branded Foods", "sub_category_name": "Biscuits & Cookies", "product_name": "Coconut Cookies", "product_brand": "Tasties", "combo": [["4x75 g", "99.00"], ["75 g", "27.00"]]}, {"category": "Snacks & Branded Foods", "sub_category_name": "Biscuits & Cookies", "product_name": "Digestive Biscuits", "product_brand": "Mcvities", "combo": []}, {"category": "Snacks & Branded Foods", "sub_category_name": "Biscuits & Cookies", "product_name": "20-20 Butter Cookies", "product_brand": "Parle", "combo": [["45 g", "5.00"], ["90 g", "10.00"]]}, {"category": "Snacks & Branded Foods", "sub_category_name": "Biscuits & Cookies", "product_name": "Wafer Biscuits - Pineapple Flavor", "product_brand": "Pickwick", "combo": [["100 g", "50.00"], ["150 g", "70.00"]]}, {"category": "Snacks & Branded Foods", "sub_category_name": "Biscuits & Cookies", "product_name": "Farmlite Biscuit - Oats & Almonds", "product_brand": "Sunfeast", "combo": [["150 g", "50.00"], ["3x150 g", "127.50"], ["2x150 g", "90.00"]]}, {"category": "Snacks & Branded Foods", "sub_category_name": "Biscuits & Cookies", "product_name": "Sweet & Salty Cookies", "product_brand": "Tasties", "combo": []}, {"category": "Snacks & Branded Foods", "sub_category_name": "Biscuits & Cookies", "product_name": "Nutri Choice Oats Orange Cookies", "product_brand": "Britannia", "combo": []}, {"category": "Snacks & Branded Foods", "sub_category_name": "Biscuits & Cookies", "product_name": "Wafer Biscuits - Strawberry Flavor", "product_brand": "Pickwick", "combo": [["150 g", "70.00"], ["100 g", "50.00"]]}, {"category": "Snacks & Branded Foods", "sub_category_name": "Biscuits & Cookies", "product_name": "Fruit & Grains Cookies", "product_brand": "Tasties", "combo": []}, {"category": "Snacks & Branded Foods", "sub_category_name": "Biscuits & Cookies", "product_name": "Moms Magic Cookies - Cashew & Almond Biscuits", "product_brand": "Sunfeast", "combo": []}, {"category": "Snacks & Branded Foods", "sub_category_name": "Biscuits & Cookies", "product_name": "Cookies - Orange Milk", "product_brand": "Unibic", "combo": []}, {"category": "Snacks & Branded Foods", "sub_category_name": "Biscuits & Cookies", "product_name": "Cookies - Choconut", "product_brand": "Unibic", "combo": [["150 g", "50.00"], ["4x75 g", "90.00"], ["2x75 g", "45.00"], ["75 g", "22.50"]]}, {"category": "Snacks & Branded Foods", "sub_category_name": "Biscuits & Cookies", "product_name": "Farmlite Digestive High Fibre Biscuits", "product_brand": "Sunfeast", "combo": []}, {"category": "Snacks & Branded Foods", "sub_category_name": "Biscuits & Cookies", "product_name": "Hide & Seek - Chocolate", "product_brand": "Parle", "combo": [["2x200 g", "96.00"], ["200 g", "48.00"]]}, {"category": "Snacks & Branded Foods", "sub_category_name": "Biscuits & Cookies", "product_name": "Wafer Biscuits - Orange Flavor", "product_brand": "Pickwick", "combo": [["150 g", "70.00"], ["100 g", "50.00"]]}, {"category": "Snacks & Branded Foods", "sub_category_name": "Biscuits & Cookies", "product_name": "Chocochip Cookies", "product_brand": "Tasties", "combo": [["75 g", "25.50"], ["4x75 g", "93.50"]]}, {"category": "Snacks & Branded Foods", "sub_category_name": "Biscuits & Cookies", "product_name": "Veda Marie Light Biscuits", "product_brand": "Sunfeast", "combo": []}, {"category": "Snacks & Branded Foods", "sub_category_name": "Biscuits & Cookies", "product_name": "Marie Light Biscuits-Rich Taste", "product_brand": "Sunfeast", "combo": [["6x85 g", "54.00"], ["81 g", "10.00"]]}, {"category": "Snacks & Branded Foods", "sub_category_name": "Biscuits & Cookies", "product_name": "Bourbon Delight", "product_brand": "Mcvities", "combo": []}, {"category": "Snacks & Branded Foods", "sub_category_name": "Biscuits & Cookies", "product_name": "Butter Cookies", "product_brand": "Tasties", "combo": [["4x75 g", "93.50"], ["75 g", "25.50"]]}, {"category": "Snacks & Branded Foods", "sub_category_name": "Biscuits & Cookies", "product_name": "Mom's Magic Cookies - Cashew & Almond", "product_brand": "Sunfeast", "combo": []}, {"category": "Snacks & Branded Foods", "sub_category_name": "Biscuits & Cookies", "product_name": "Biscuits Combo - Marie Biscuit", "product_brand": "Britannia", "combo": []}, {"category": "Snacks & Branded Foods", "sub_category_name": "Biscuits & Cookies", "product_name": "Butter Cashew Cookies", "product_brand": "Tasties", "combo": [["75 g", "27.00"], ["4x75 g", "99.00"]]}, {"category": "Snacks & Branded Foods", "sub_category_name": "Biscuits & Cookies", "product_name": "Fab Bourbon", "product_brand": "Parle", "combo": [["150 g", "24.00"], ["60 g", "10.00"], ["3x60 g", "30.00"]]}, {"category": "Snacks & Branded Foods", "sub_category_name": "Biscuits & Cookies", "product_name": "Wafer Rolls - Vanilla Flavor", "product_brand": "Pickwick", "combo": []}, {"category": "Snacks & Branded Foods", "sub_category_name": "Biscuits & Cookies", "product_name": "Fruit & Nuts Cookies", "product_brand": "Tasties", "combo": [["75 g", "25.50"], ["4x75 g", "93.50"]]}, {"category": "Snacks & Branded Foods", "sub_category_name": "Biscuits & Cookies", "product_name": "Banana Oats Biscuits", "product_brand": "Bournvita", "combo": []}, {"category": "Snacks & Branded Foods", "sub_category_name": "Biscuits & Cookies", "product_name": "Pure Magic - Chocolush", "product_brand": "Britannia", "combo": [["75 g", "28.74"], ["3x75 g", "86.22"]]}, {"category": "Snacks & Branded Foods", "sub_category_name": "Biscuits & Cookies", "product_name": "Multigrain Cookies", "product_brand": "Tasties", "combo": [["75 g", "27.00"], ["4x75 g", "99.00"]]}, {"category": "Snacks & Branded Foods", "sub_category_name": "Biscuits & Cookies", "product_name": "Cream Roll", "product_brand": "BakeLite", "combo": [["5 pcs", "50.00"], ["10 pcs", "120.00"]]}, {"category": "Snacks & Branded Foods", "sub_category_name": "Biscuits & Cookies", "product_name": "Cookies - Daily Digestive Oatmeal", "product_brand": "Unibic", "combo": [["3x150 g", "150.00"], ["150 g", "50.00"]]}, {"category": "Snacks & Branded Foods", "sub_category_name": "Biscuits & Cookies", "product_name": "Munch Nuts Chocolate Coated Crunchy Wafer Bar", "product_brand": "Nestle", "combo": []}, {"category": "Snacks & Branded Foods", "sub_category_name": "Biscuits & Cookies", "product_name": "Farmlite Digestive - All Good", "product_brand": "Sunfeast", "combo": [["4x100 g", "91.01"], ["5x100 g", "110.17"], ["100 g", "23.95"]]}, {"category": "Snacks & Branded Foods", "sub_category_name": "Biscuits & Cookies", "product_name": "Banana Oats Biscuits", "product_brand": "Bournvita", "combo": []}, {"category": "Snacks & Branded Foods", "sub_category_name": "Biscuits & Cookies", "product_name": "Dark Fantasy Yumfills Pie", "product_brand": "Sunfeast", "combo": []}, {"category": "Snacks & Branded Foods", "sub_category_name": "Biscuits & Cookies", "product_name": "Choco Almond Nutty Cookies - Box of 2 Cookies", "product_brand": "Open Secret", "combo": []}, {"category": "Snacks & Branded Foods", "sub_category_name": "Biscuits & Cookies", "product_name": "50-50 Maska Chaska Salted Biscuits", "product_brand": "Britannia", "combo": []}, {"category": "Snacks & Branded Foods", "sub_category_name": "Biscuits & Cookies", "product_name": "Farmlite Biscuit - Oats And Chocolate", "product_brand": "Sunfeast", "combo": [["2x150 g", "85.50"], ["150 g", "47.50"]]}, {"category": "Snacks & Branded Foods", "sub_category_name": "Biscuits & Cookies", "product_name": "Happy Happy Choco-Chip Cookies", "product_brand": "Parle", "combo": [["75 g", "10.00"], ["6x75 g", "60.00"]]}, {"category": "Snacks & Branded Foods", "sub_category_name": "Biscuits & Cookies", "product_name": "Wafer Biscuits - Chocolate Flavor", "product_brand": "Pickwick", "combo": [["100 g", "50.00"], ["150 g", "67.05"]]}, {"category": "Snacks & Branded Foods", "sub_category_name": "Biscuits & Cookies", "product_name": "Coconut Cookies", "product_brand": "Tasties", "combo": [["4x75 g", "99.00"], ["75 g", "27.00"]]}, {"category": "Snacks & Branded Foods", "sub_category_name": "Biscuits & Cookies", "product_name": "Digestive Biscuits", "product_brand": "Mcvities", "combo": []}, {"category": "Snacks & Branded Foods", "sub_category_name": "Biscuits & Cookies", "product_name": "20-20 Butter Cookies", "product_brand": "Parle", "combo": [["45 g", "5.00"], ["90 g", "10.00"]]}, {"category": "Snacks & Branded Foods", "sub_category_name": "Biscuits & Cookies", "product_name": "Wafer Biscuits - Pineapple Flavor", "product_brand": "Pickwick", "combo": [["100 g", "50.00"], ["150 g", "70.00"]]}, {"category": "Snacks & Branded Foods", "sub_category_name": "Biscuits & Cookies", "product_name": "Farmlite Biscuit - Oats & Almonds", "product_brand": "Sunfeast", "combo": [["150 g", "50.00"], ["3x150 g", "127.50"], ["2x150 g", "90.00"]]}, {"category": "Snacks & Branded Foods", "sub_category_name": "Biscuits & Cookies", "product_name": "Sweet & Salty Cookies", "product_brand": "Tasties", "combo": []}, {"category": "Snacks & Branded Foods", "sub_category_name": "Biscuits & Cookies", "product_name": "Nutri Choice Oats Orange Cookies", "product_brand": "Britannia", "combo": []}, {"category": "Snacks & Branded Foods", "sub_category_name": "Biscuits & Cookies", "product_name": "Wafer Biscuits - Strawberry Flavor", "product_brand": "Pickwick", "combo": [["150 g", "70.00"], ["100 g", "50.00"]]}, {"category": "Snacks & Branded Foods", "sub_category_name": "Biscuits & Cookies", "product_name": "Fruit & Grains Cookies", "product_brand": "Tasties", "combo": []}, {"category": "Snacks & Branded Foods", "sub_category_name": "Biscuits & Cookies", "product_name": "Moms Magic Cookies - Cashew & Almond Biscuits", "product_brand": "Sunfeast", "combo": []}, {"category": "Snacks & Branded Foods", "sub_category_name": "Biscuits & Cookies", "product_name": "Cookies - Daily Digestive Oatmeal", "product_brand": "Unibic", "combo": [["3x150 g", "150.00"], ["150 g", "50.00"]]}, {"category": "Snacks & Branded Foods", "sub_category_name": "Biscuits & Cookies", "product_name": "Munch Nuts Chocolate Coated Crunchy Wafer Bar", "product_brand": "Nestle", "combo": []}, {"category": "Snacks & Branded Foods", "sub_category_name": "Biscuits & Cookies", "product_name": "Farmlite Digestive - All Good", "product_brand": "Sunfeast", "combo": [["4x100 g", "91.01"], ["5x100 g", "110.17"], ["100 g", "23.95"]]}, {"category": "Snacks & Branded Foods", "sub_category_name": "Biscuits & Cookies", "product_name": "Banana Oats Biscuits", "product_brand": "Bournvita", "combo": []}, {"category": "Snacks & Branded Foods", "sub_category_name": "Biscuits & Cookies", "product_name": "Dark Fantasy Yumfills Pie", "product_brand": "Sunfeast", "combo": []}, {"category": "Snacks & Branded Foods", "sub_category_name": "Biscuits & Cookies", "product_name": "Choco Almond Nutty Cookies - Box of 2 Cookies", "product_brand": "Open Secret", "combo": []}, {"category": "Snacks & Branded Foods", "sub_category_name": "Biscuits & Cookies", "product_name": "50-50 Maska Chaska Salted Biscuits", "product_brand": "Britannia", "combo": []}, {"category": "Snacks & Branded Foods", "sub_category_name": "Biscuits & Cookies", "product_name": "Farmlite Biscuit - Oats And Chocolate", "product_brand": "Sunfeast", "combo": [["2x150 g", "85.50"], ["150 g", "47.50"]]}, {"category": "Snacks & Branded Foods", "sub_category_name": "Biscuits & Cookies", "product_name": "Happy Happy Choco-Chip Cookies", "product_brand": "Parle", "combo": [["75 g", "10.00"], ["6x75 g", "60.00"]]}, {"category": "Snacks & Branded Foods", "sub_category_name": "Biscuits & Cookies", "product_name": "Wafer Biscuits - Chocolate Flavor", "product_brand": "Pickwick", "combo": [["100 g", "50.00"], ["150 g", "67.05"]]}, {"category": "Snacks & Branded Foods", "sub_category_name": "Biscuits & Cookies", "product_name": "Coconut Cookies", "product_brand": "Tasties", "combo": [["4x75 g", "99.00"], ["75 g", "27.00"]]}, {"category": "Snacks & Branded Foods", "sub_category_name": "Biscuits & Cookies", "product_name": "Digestive Biscuits", "product_brand": "Mcvities", "combo": []}, {"category": "Snacks & Branded Foods", "sub_category_name": "Biscuits & Cookies", "product_name": "20-20 Butter Cookies", "product_brand": "Parle", "combo": [["45 g", "5.00"], ["90 g", "10.00"]]}, {"category": "Snacks & Branded Foods", "sub_category_name": "Biscuits & Cookies", "product_name": "Wafer Biscuits - Pineapple Flavor", "product_brand": "Pickwick", "combo": [["100 g", "50.00"], ["150 g", "70.00"]]}, {"category": "Snacks & Branded Foods", "sub_category_name": "Biscuits & Cookies", "product_name": "Farmlite Biscuit - Oats & Almonds", "product_brand": "Sunfeast", "combo": [["150 g", "50.00"], ["3x150 g", "127.50"], ["2x150 g", "90.00"]]}, {"category": "Snacks & Branded Foods", "sub_category_name": "Biscuits & Cookies", "product_name": "Sweet & Salty Cookies", "product_brand": "Tasties", "combo": []}, {"category": "Snacks & Branded Foods", "sub_category_name": "Biscuits & Cookies", "product_name": "Nutri Choice Oats Orange Cookies", "product_brand": "Britannia", "combo": []}, {"category": "Snacks & Branded Foods", "sub_category_name": "Biscuits & Cookies", "product_name": "Wafer Biscuits - Strawberry Flavor", "product_brand": "Pickwick", "combo": [["150 g", "70.00"], ["100 g", "50.00"]]}, {"category": "Snacks & Branded Foods", "sub_category_name": "Biscuits & Cookies", "product_name": "Fruit & Grains Cookies", "product_brand": "Tasties", "combo": []}, {"category": "Snacks & Branded Foods", "sub_category_name": "Biscuits & Cookies", "product_name": "Moms Magic Cookies - Cashew & Almond Biscuits", "product_brand": "Sunfeast", "combo": []}, {"category": "Snacks & Branded Foods", "sub_category_name": "Biscuits & Cookies", "product_name": "Platina - Nutricrunch Digestive Marie", "product_brand": "Parle", "combo": []}, {"category": "Snacks & Branded Foods", "sub_category_name": "Biscuits & Cookies", "product_name": "Cookies - Fruit", "product_brand": "Mcvities", "combo": []}, {"category": "Snacks & Branded Foods", "sub_category_name": "Biscuits & Cookies", "product_name": "Chocolate Biscuits - Cream 4 Fun", "product_brand": "Dukes", "combo": []}, {"category": "Snacks & Branded Foods", "sub_category_name": "Biscuits & Cookies", "product_name": "20-20 Nice Biscuits", "product_brand": "Parle", "combo": []}, {"category": "Snacks & Branded Foods", "sub_category_name": "Biscuits & Cookies", "product_name": "Krackjack Biscuits - Butter Masala", "product_brand": "Parle", "combo": []}, {"category": "Snacks & Branded Foods", "sub_category_name": "Biscuits & Cookies", "product_name": "Monaco Biscuits - Jeffs Jeera", "product_brand": "Parle", "combo": []}, {"category": "Snacks & Branded Foods", "sub_category_name": "Biscuits & Cookies", "product_name": "Chips - Tangy Tomato", "product_brand": "Parle", "combo": [["85 g", "20.10"], ["4x85 g", "80.40"]]}, {"category": "Snacks & Branded Foods", "sub_category_name": "Biscuits & Cookies", "product_name": "Platina - Nutricrunch Digestive", "product_brand": "Parle", "combo": []}, {"category": "Snacks & Branded Foods", "sub_category_name": "Biscuits & Cookies", "product_name": "Green Pista", "product_brand": "Karachi Bakery", "combo": []}, {"category": "Snacks & Branded Foods", "sub_category_name": "Biscuits & Cookies", "product_name": "Cookies - Kaju Pista", "product_brand": "Bikaji", "combo": []}, {"category": "Snacks & Branded Foods", "sub_category_name": "Biscuits & Cookies", "product_name": "Cookies - Kesar Pista", "product_brand": "Bikaji", "combo": []}, {"category": "Snacks & Branded Foods", "sub_category_name": "Biscuits & Cookies", "product_name": "Treat Stars - Creme & White Choco Duo Cream Biscuits", "product_brand": "Britannia", "combo": []}, {"category": "Snacks & Branded Foods", "sub_category_name": "Biscuits & Cookies", "product_name": "Cookies - Shrewberry", "product_brand": "BakeLite", "combo": []}, {"category": "Snacks & Branded Foods", "sub_category_name": "Biscuits & Cookies", "product_name": "Nutrition Energy Bar 40 g + Open Secret Choco Almond Nutty Cookies 25 g", "product_brand": "GoodDiet", "combo": []}, {"category": "Snacks & Branded Foods", "sub_category_name": "Biscuits & Cookies", "product_name": "Treat Wafers - Vanilla", "product_brand": "Britannia", "combo": []}, {"category": "Snacks & Branded Foods", "sub_category_name": "Biscuits & Cookies", "product_name": "Biscotti-Almond 150 g + Open Secret Choco Almond Nutty Cookies 25 g", "product_brand": "GoodDiet", "combo": []}, {"category": "Snacks & Branded Foods", "sub_category_name": "Biscuits & Cookies", "product_name": "Biscotti-Double Dark Chocolate 150g + Open Secret Choco Almond Nutty Cookies 25g", "product_brand": "GoodDiet", "combo": []}, {"category": "Snacks & Branded Foods", "sub_category_name": "Biscuits & Cookies", "product_name": "Hide & Seek - Vanilla Creme", "product_brand": "Parle", "combo": []}, {"category": "Snacks & Branded Foods", "sub_category_name": "Biscuits & Cookies", "product_name": "Good Day Cookies - Rich Butter", "product_brand": "Britannia", "combo": []}, {"category": "Snacks & Branded Foods", "sub_category_name": "Biscuits & Cookies", "product_name": "Good Day Cookies - Rich Butter", "product_brand": "Britannia", "combo": []}, {"category": "Snacks & Branded Foods", "sub_category_name": "Biscuits & Cookies", "product_name": "Platina - Nutricrunch Digestive Marie", "product_brand": "Parle", "combo": []}, {"category": "Snacks & Branded Foods", "sub_category_name": "Biscuits & Cookies", "product_name": "Cookies - Fruit", "product_brand": "Mcvities", "combo": []}, {"category": "Snacks & Branded Foods", "sub_category_name": "Biscuits & Cookies", "product_name": "Chocolate Biscuits - Cream 4 Fun", "product_brand": "Dukes", "combo": []}, {"category": "Snacks & Branded Foods", "sub_category_name": "Biscuits & Cookies", "product_name": "20-20 Nice Biscuits", "product_brand": "Parle", "combo": []}, {"category": "Snacks & Branded Foods", "sub_category_name": "Biscuits & Cookies", "product_name": "Krackjack Biscuits - Butter Masala", "product_brand": "Parle", "combo": []}, {"category": "Snacks & Branded Foods", "sub_category_name": "Biscuits & Cookies", "product_name": "Monaco Biscuits - Jeffs Jeera", "product_brand": "Parle", "combo": []}, {"category": "Snacks & Branded Foods", "sub_category_name": "Biscuits & Cookies", "product_name": "Chips - Tangy Tomato", "product_brand": "Parle", "combo": [["85 g", "20.10"], ["4x85 g", "80.40"]]}, {"category": "Snacks & Branded Foods", "sub_category_name": "Biscuits & Cookies", "product_name": "Platina - Nutricrunch Digestive", "product_brand": "Parle", "combo": []}, {"category": "Snacks & Branded Foods", "sub_category_name": "Biscuits & Cookies", "product_name": "Green Pista", "product_brand": "Karachi Bakery", "combo": []}, {"category": "Snacks & Branded Foods", "sub_category_name": "Biscuits & Cookies", "product_name": "Cookies - Kaju Pista", "product_brand": "Bikaji", "combo": []}, {"category": "Snacks & Branded Foods", "sub_category_name": "Biscuits & Cookies", "product_name": "Cookies - Kesar Pista", "product_brand": "Bikaji", "combo": []}, {"category": "Snacks & Branded Foods", "sub_category_name": "Biscuits & Cookies", "product_name": "Treat Stars - Creme & White Choco Duo Cream Biscuits", "product_brand": "Britannia", "combo": []}, {"category": "Snacks & Branded Foods", "sub_category_name": "Biscuits & Cookies", "product_name": "Cookies - Shrewberry", "product_brand": "BakeLite", "combo": []}, {"category": "Snacks & Branded Foods", "sub_category_name": "Biscuits & Cookies", "product_name": "Nutrition Energy Bar 40 g + Open Secret Choco Almond Nutty Cookies 25 g", "product_brand": "GoodDiet", "combo": []}, {"category": "Snacks & Branded Foods", "sub_category_name": "Biscuits & Cookies", "product_name": "Treat Wafers - Vanilla", "product_brand": "Britannia", "combo": []}, {"category": "Snacks & Branded Foods", "sub_category_name": "Biscuits & Cookies", "product_name": "Biscotti-Almond 150 g + Open Secret Choco Almond Nutty Cookies 25 g", "product_brand": "GoodDiet", "combo": []}, {"category": "Snacks & Branded Foods", "sub_category_name": "Biscuits & Cookies", "product_name": "Biscotti-Double Dark Chocolate 150g + Open Secret Choco Almond Nutty Cookies 25g", "product_brand": "GoodDiet", "combo": []}, {"category": "Snacks & Branded Foods", "sub_category_name": "Biscuits & Cookies", "product_name": "Hide & Seek - Vanilla Creme", "product_brand": "Parle", "combo": []}, {"category": "Snacks & Branded Foods", "sub_category_name": "Biscuits & Cookies", "product_name": "Good Day Cookies - Rich Butter", "product_brand": "Britannia", "combo": []}, {"category": "Snacks & Branded Foods", "sub_category_name": "Biscuits & Cookies", "product_name": "Good Day Cookies - Rich Butter", "product_brand": "Britannia", "combo": []}, {"category": "Snacks & Branded Foods", "sub_category_name": "Biscuits & Cookies", "product_name": "Platina - Nutricrunch Digestive Marie", "product_brand": "Parle", "combo": []}, {"category": "Snacks & Branded Foods", "sub_category_name": "Biscuits & Cookies", "product_name": "Cookies - Fruit", "product_brand": "Mcvities", "combo": []}, {"category": "Snacks & Branded Foods", "sub_category_name": "Biscuits & Cookies", "product_name": "Chocolate Biscuits - Cream 4 Fun", "product_brand": "Dukes", "combo": []}, {"category": "Snacks & Branded Foods", "sub_category_name": "Biscuits & Cookies", "product_name": "20-20 Nice Biscuits", "product_brand": "Parle", "combo": []}, {"category": "Snacks & Branded Foods", "sub_category_name": "Biscuits & Cookies", "product_name": "Krackjack Biscuits - Butter Masala", "product_brand": "Parle", "combo": []}, {"category": "Snacks & Branded Foods", "sub_category_name": "Biscuits & Cookies", "product_name": "Monaco Biscuits - Jeffs Jeera", "product_brand": "Parle", "combo": []}, {"category": "Snacks & Branded Foods", "sub_category_name": "Biscuits & Cookies", "product_name": "Chips - Tangy Tomato", "product_brand": "Parle", "combo": [["85 g", "20.10"], ["4x85 g", "80.40"]]}, {"category": "Snacks & Branded Foods", "sub_category_name": "Biscuits & Cookies", "product_name": "Platina - Nutricrunch Digestive", "product_brand": "Parle", "combo": []}, {"category": "Snacks & Branded Foods", "sub_category_name": "Biscuits & Cookies", "product_name": "Green Pista", "product_brand": "Karachi Bakery", "combo": []}, {"category": "Snacks & Branded Foods", "sub_category_name": "Biscuits & Cookies", "product_name": "Cookies - Kaju Pista", "product_brand": "Bikaji", "combo": []}, {"category": "Snacks & Branded Foods", "sub_category_name": "Biscuits & Cookies", "product_name": "Cookies - Kesar Pista", "product_brand": "Bikaji", "combo": []}, {"category": "Snacks & Branded Foods", "sub_category_name": "Biscuits & Cookies", "product_name": "Treat Stars - Creme & White Choco Duo Cream Biscuits", "product_brand": "Britannia", "combo": []}, {"category": "Snacks & Branded Foods", "sub_category_name": "Biscuits & Cookies", "product_name": "Cookies - Shrewberry", "product_brand": "BakeLite", "combo": []}, {"category": "Snacks & Branded Foods", "sub_category_name": "Biscuits & Cookies", "product_name": "Nutrition Energy Bar 40 g + Open Secret Choco Almond Nutty Cookies 25 g", "product_brand": "GoodDiet", "combo": []}, {"category": "Snacks & Branded Foods", "sub_category_name": "Biscuits & Cookies", "product_name": "Treat Wafers - Vanilla", "product_brand": "Britannia", "combo": []}, {"category": "Snacks & Branded Foods", "sub_category_name": "Biscuits & Cookies", "product_name": "Biscotti-Almond 150 g + Open Secret Choco Almond Nutty Cookies 25 g", "product_brand": "GoodDiet", "combo": []}, {"category": "Snacks & Branded Foods", "sub_category_name": "Biscuits & Cookies", "product_name": "Biscotti-Double Dark Chocolate 150g + Open Secret Choco Almond Nutty Cookies 25g", "product_brand": "GoodDiet", "combo": []}, {"category": "Snacks & Branded Foods", "sub_category_name": "Biscuits & Cookies", "product_name": "Hide & Seek - Vanilla Creme", "product_brand": "Parle", "combo": []}, {"category": "Snacks & Branded Foods", "sub_category_name": "Biscuits & Cookies", "product_name": "Good Day Cookies - Rich Butter", "product_brand": "Britannia", "combo": []}, {"category": "Snacks & Branded Foods", "sub_category_name": "Biscuits & Cookies", "product_name": "Good Day Cookies - Rich Butter", "product_brand": "Britannia", "combo": []}, {"category": "Snacks & Branded Foods", "sub_category_name": "Biscuits & Cookies", "product_name": "Ginger Cookies", "product_brand": "Mcvities", "combo": []}, {"category": "Snacks & Branded Foods", "sub_category_name": "Biscuits & Cookies", "product_name": "Cookies - Ginger", "product_brand": "Mcvities", "combo": []}, {"category": "Snacks & Branded Foods", "sub_category_name": "Biscuits & Cookies", "product_name": "Oat Cookies", "product_brand": "Mcvities", "combo": []}, {"category": "Snacks & Branded Foods", "sub_category_name": "Biscuits & Cookies", "product_name": "Truffel - Hazelnut", "product_brand": "Dukes", "combo": [["3x135 g", "362.35"], ["6x135 g", "595.03"], ["135 g", "135.00"]]}, {"category": "Snacks & Branded Foods", "sub_category_name": "Biscuits & Cookies", "product_name": "Cookie Empire - Gourmet Assorted Cookies", "product_brand": "Dukes", "combo": [["6x400 g", "1260.00"], ["400 g", "210.00"], ["3x400 g", "563.66"]]}, {"category": "Snacks & Branded Foods", "sub_category_name": "Biscuits & Cookies", "product_name": "Nutty Cookies - Choco Almond + White Choco Cashew (2 Cookies Per Box)", "product_brand": "Open Secret", "combo": []}, {"category": "Snacks & Branded Foods", "sub_category_name": "Biscuits & Cookies", "product_name": "Nibbles - Cheese", "product_brand": "Dukes", "combo": []}, {"category": "Snacks & Branded Foods", "sub_category_name": "Biscuits & Cookies", "product_name": "Oreo - Choco Creme Biscuit, Family Pack", "product_brand": "Cadbury", "combo": []}, {"category": "Snacks & Branded Foods", "sub_category_name": "Biscuits & Cookies", "product_name": "Wafers - Waffy (Pineapple Flavor)", "product_brand": "Dukes", "combo": []}, {"category": "Snacks & Branded Foods", "sub_category_name": "Biscuits & Cookies", "product_name": "Good Day Butter Cookies", "product_brand": "Britannia", "combo": [["3x150 g", "60.00"], ["6x150 g", "120.00"], ["150 g", "20.00"]]}, {"category": "Snacks & Branded Foods", "sub_category_name": "Biscuits & Cookies", "product_name": "Bounce Biscuits - Pineapple Creme Cookies", "product_brand": "Sunfeast", "combo": []}, {"category": "Snacks & Branded Foods", "sub_category_name": "Biscuits & Cookies", "product_name": "50 50 Time Pass Biscuits - Simply Salted", "product_brand": "Britannia", "combo": [["6x78 g", "60.00"], ["78 g", "10.00"]]}, {"category": "Snacks & Branded Foods", "sub_category_name": "Biscuits & Cookies", "product_name": "Creams - Hide & Seek Creme Orange", "product_brand": "Parle", "combo": []}, {"category": "Snacks & Branded Foods", "sub_category_name": "Biscuits & Cookies", "product_name": "Sandwich Biscuits Fab - Jam In Fruit Flavour", "product_brand": "Parle", "combo": []}, {"category": "Snacks & Branded Foods", "sub_category_name": "Biscuits & Cookies", "product_name": "Nibbles - Jeera", "product_brand": "Dukes", "combo": []}, {"category": "Snacks & Branded Foods", "sub_category_name": "Biscuits & Cookies", "product_name": "Bourbon Combo", "product_brand": "Dukes", "combo": []}, {"category": "Snacks & Branded Foods", "sub_category_name": "Biscuits & Cookies", "product_name": "Nice Sugar Sprinkled Coconut Biscuits Combo", "product_brand": "Dukes", "combo": []}, {"category": "Snacks & Branded Foods", "sub_category_name": "Biscuits & Cookies", "product_name": "ATC Cr\u00e8me 4 Fun Combi", "product_brand": "Dukes", "combo": []}, {"category": "Snacks & Branded Foods", "sub_category_name": "Biscuits & Cookies", "product_name": "Fruit & Nut Cookies", "product_brand": "Unibic", "combo": []}, {"category": "Snacks & Branded Foods", "sub_category_name": "Biscuits & Cookies", "product_name": "Bourbon - The Original Biscuits", "product_brand": "Britannia", "combo": [["120 g", "20.00"], ["3x120 g", "60.00"]]}, {"category": "Snacks & Branded Foods", "sub_category_name": "Biscuits & Cookies", "product_name": "Platina - Nutricrunch Digestive Marie", "product_brand": "Parle", "combo": []}, {"category": "Snacks & Branded Foods", "sub_category_name": "Biscuits & Cookies", "product_name": "Cookies - Fruit", "product_brand": "Mcvities", "combo": []}, {"category": "Snacks & Branded Foods", "sub_category_name": "Biscuits & Cookies", "product_name": "Chocolate Biscuits - Cream 4 Fun", "product_brand": "Dukes", "combo": []}, {"category": "Snacks & Branded Foods", "sub_category_name": "Biscuits & Cookies", "product_name": "20-20 Nice Biscuits", "product_brand": "Parle", "combo": []}, {"category": "Snacks & Branded Foods", "sub_category_name": "Biscuits & Cookies", "product_name": "Krackjack Biscuits - Butter Masala", "product_brand": "Parle", "combo": []}, {"category": "Snacks & Branded Foods", "sub_category_name": "Biscuits & Cookies", "product_name": "Monaco Biscuits - Jeffs Jeera", "product_brand": "Parle", "combo": []}, {"category": "Snacks & Branded Foods", "sub_category_name": "Biscuits & Cookies", "product_name": "Chips - Tangy Tomato", "product_brand": "Parle", "combo": [["85 g", "20.10"], ["4x85 g", "80.40"]]}, {"category": "Snacks & Branded Foods", "sub_category_name": "Biscuits & Cookies", "product_name": "Platina - Nutricrunch Digestive", "product_brand": "Parle", "combo": []}, {"category": "Snacks & Branded Foods", "sub_category_name": "Biscuits & Cookies", "product_name": "Green Pista", "product_brand": "Karachi Bakery", "combo": []}, {"category": "Snacks & Branded Foods", "sub_category_name": "Biscuits & Cookies", "product_name": "Cookies - Kaju Pista", "product_brand": "Bikaji", "combo": []}, {"category": "Snacks & Branded Foods", "sub_category_name": "Biscuits & Cookies", "product_name": "Cookies - Kesar Pista", "product_brand": "Bikaji", "combo": []}, {"category": "Snacks & Branded Foods", "sub_category_name": "Biscuits & Cookies", "product_name": "Treat Stars - Creme & White Choco Duo Cream Biscuits", "product_brand": "Britannia", "combo": []}, {"category": "Snacks & Branded Foods", "sub_category_name": "Biscuits & Cookies", "product_name": "Cookies - Shrewberry", "product_brand": "BakeLite", "combo": []}, {"category": "Snacks & Branded Foods", "sub_category_name": "Biscuits & Cookies", "product_name": "Nutrition Energy Bar 40 g + Open Secret Choco Almond Nutty Cookies 25 g", "product_brand": "GoodDiet", "combo": []}, {"category": "Snacks & Branded Foods", "sub_category_name": "Biscuits & Cookies", "product_name": "Treat Wafers - Vanilla", "product_brand": "Britannia", "combo": []}, {"category": "Snacks & Branded Foods", "sub_category_name": "Biscuits & Cookies", "product_name": "Biscotti-Almond 150 g + Open Secret Choco Almond Nutty Cookies 25 g", "product_brand": "GoodDiet", "combo": []}, {"category": "Snacks & Branded Foods", "sub_category_name": "Biscuits & Cookies", "product_name": "Biscotti-Double Dark Chocolate 150g + Open Secret Choco Almond Nutty Cookies 25g", "product_brand": "GoodDiet", "combo": []}, {"category": "Snacks & Branded Foods", "sub_category_name": "Biscuits & Cookies", "product_name": "Hide & Seek - Vanilla Creme", "product_brand": "Parle", "combo": []}, {"category": "Snacks & Branded Foods", "sub_category_name": "Biscuits & Cookies", "product_name": "Good Day Cookies - Rich Butter", "product_brand": "Britannia", "combo": []}, {"category": "Snacks & Branded Foods", "sub_category_name": "Biscuits & Cookies", "product_name": "Good Day Cookies - Rich Butter", "product_brand": "Britannia", "combo": []}, {"category": "Snacks & Branded Foods", "sub_category_name": "Biscuits & Cookies", "product_name": "Butter Cookies Silver Collection", "product_brand": "Sapphire", "combo": []}, {"category": "Snacks & Branded Foods", "sub_category_name": "Biscuits & Cookies", "product_name": "Milk Rusk", "product_brand": "Tasties", "combo": [["2x200 g", "93.10"], ["200 g", "49.00"]]}, {"category": "Snacks & Branded Foods", "sub_category_name": "Biscuits & Cookies", "product_name": "Wafers - Hazelnut Cream", "product_brand": "Nutro", "combo": []}, {"category": "Snacks & Branded Foods", "sub_category_name": "Biscuits & Cookies", "product_name": "Millet Pleasure Cookies - Choco Melts", "product_brand": "Flat Tummies", "combo": []}, {"category": "Snacks & Branded Foods", "sub_category_name": "Biscuits & Cookies", "product_name": "Wafers - Vanilla Cream", "product_brand": "Nutro", "combo": []}, {"category": "Snacks & Branded Foods", "sub_category_name": "Biscuits & Cookies", "product_name": "Cookies - Peanut Butter, Eggless", "product_brand": "Fresho Signature", "combo": []}, {"category": "Snacks & Branded Foods", "sub_category_name": "Biscuits & Cookies", "product_name": "Dip Biscuit - Creamy Vanilla Flavoured", "product_brand": "Yan Yan", "combo": [["4x50 g", "320.00"], ["50 g", "80.00"], ["2x50 g", "160.00"]]}, {"category": "Snacks & Branded Foods", "sub_category_name": "Biscuits & Cookies", "product_name": "Bite Size Wafer - Cocoa & Milk", "product_brand": "Loacker", "combo": []}, {"category": "Snacks & Branded Foods", "sub_category_name": "Biscuits & Cookies", "product_name": "Cookies - with Hazelnnut", "product_brand": "Grisbi", "combo": []}, {"category": "Snacks & Branded Foods", "sub_category_name": "Biscuits & Cookies", "product_name": "Dip Biscuit - Creamy Chocolate Flavored", "product_brand": "Yan Yan", "combo": [["50 g", "80.00"], ["2x50 g", "160.00"], ["4x50 g", "320.00"], ["6x50 g", "480.00"], ["2x50 g", "160.00"], ["4x50 g", "320.00"]]}, {"category": "Snacks & Branded Foods", "sub_category_name": "Biscuits & Cookies", "product_name": "Coconut Rice Crisps Cookies", "product_brand": "Fresho Signature", "combo": []}, {"category": "Snacks & Branded Foods", "sub_category_name": "Biscuits & Cookies", "product_name": "Wafer Cube - Milk", "product_brand": "Jacker", "combo": []}, {"category": "Snacks & Branded Foods", "sub_category_name": "Biscuits & Cookies", "product_name": "Gluten Free Choco Chip Cookies", "product_brand": "Schar", "combo": []}, {"category": "Snacks & Branded Foods", "sub_category_name": "Biscuits & Cookies", "product_name": "Quadratini Wafer Cookies - Tiramisu", "product_brand": "Loacker", "combo": []}, {"category": "Snacks & Branded Foods", "sub_category_name": "Biscuits & Cookies", "product_name": "Wafer Cookies - Cappuccino Bite Size", "product_brand": "Loacker", "combo": []}, {"category": "Snacks & Branded Foods", "sub_category_name": "Biscuits & Cookies", "product_name": "Rusk - Suji & Elaichi", "product_brand": "Tasties", "combo": [["200 g", "49.00"], ["2x200 g", "93.10"]]}, {"category": "Snacks & Branded Foods", "sub_category_name": "Biscuits & Cookies", "product_name": "Biscotti - Chocolate Cashew", "product_brand": "Fresho Signature", "combo": []}, {"category": "Snacks & Branded Foods", "sub_category_name": "Biscuits & Cookies", "product_name": "Cookies - Honey & Oats, Chewy", "product_brand": "Fresho Signature", "combo": []}, {"category": "Snacks & Branded Foods", "sub_category_name": "Biscuits & Cookies", "product_name": "Quadratini Wafer - Vanilla", "product_brand": "Loacker", "combo": []}, {"category": "Snacks & Branded Foods", "sub_category_name": "Biscuits & Cookies", "product_name": "Topfer Cream Filled Waffer Cubes - Coffee Roma", "product_brand": "Frontier", "combo": []}, {"category": "Snacks & Branded Foods", "sub_category_name": "Biscuits & Cookies", "product_name": "Butter Cookies Silver Collection", "product_brand": "Sapphire", "combo": []}, {"category": "Snacks & Branded Foods", "sub_category_name": "Biscuits & Cookies", "product_name": "Milk Rusk", "product_brand": "Tasties", "combo": [["2x200 g", "93.10"], ["200 g", "49.00"]]}, {"category": "Snacks & Branded Foods", "sub_category_name": "Biscuits & Cookies", "product_name": "Wafers - Hazelnut Cream", "product_brand": "Nutro", "combo": []}, {"category": "Snacks & Branded Foods", "sub_category_name": "Biscuits & Cookies", "product_name": "Millet Pleasure Cookies - Choco Melts", "product_brand": "Flat Tummies", "combo": []}, {"category": "Snacks & Branded Foods", "sub_category_name": "Biscuits & Cookies", "product_name": "Wafers - Vanilla Cream", "product_brand": "Nutro", "combo": []}, {"category": "Snacks & Branded Foods", "sub_category_name": "Biscuits & Cookies", "product_name": "Cookies - Peanut Butter, Eggless", "product_brand": "Fresho Signature", "combo": []}, {"category": "Snacks & Branded Foods", "sub_category_name": "Biscuits & Cookies", "product_name": "Dip Biscuit - Creamy Vanilla Flavoured", "product_brand": "Yan Yan", "combo": [["4x50 g", "320.00"], ["50 g", "80.00"], ["2x50 g", "160.00"]]}, {"category": "Snacks & Branded Foods", "sub_category_name": "Biscuits & Cookies", "product_name": "Bite Size Wafer - Cocoa & Milk", "product_brand": "Loacker", "combo": []}, {"category": "Snacks & Branded Foods", "sub_category_name": "Biscuits & Cookies", "product_name": "Cookies - with Hazelnnut", "product_brand": "Grisbi", "combo": []}, {"category": "Snacks & Branded Foods", "sub_category_name": "Biscuits & Cookies", "product_name": "Dip Biscuit - Creamy Chocolate Flavored", "product_brand": "Yan Yan", "combo": [["50 g", "80.00"], ["2x50 g", "160.00"], ["4x50 g", "320.00"], ["6x50 g", "480.00"], ["2x50 g", "160.00"], ["4x50 g", "320.00"]]}, {"category": "Snacks & Branded Foods", "sub_category_name": "Biscuits & Cookies", "product_name": "Coconut Rice Crisps Cookies", "product_brand": "Fresho Signature", "combo": []}, {"category": "Snacks & Branded Foods", "sub_category_name": "Biscuits & Cookies", "product_name": "Wafer Cube - Milk", "product_brand": "Jacker", "combo": []}, {"category": "Snacks & Branded Foods", "sub_category_name": "Biscuits & Cookies", "product_name": "Gluten Free Choco Chip Cookies", "product_brand": "Schar", "combo": []}, {"category": "Snacks & Branded Foods", "sub_category_name": "Biscuits & Cookies", "product_name": "Quadratini Wafer Cookies - Tiramisu", "product_brand": "Loacker", "combo": []}, {"category": "Snacks & Branded Foods", "sub_category_name": "Biscuits & Cookies", "product_name": "Wafer Cookies - Cappuccino Bite Size", "product_brand": "Loacker", "combo": []}, {"category": "Snacks & Branded Foods", "sub_category_name": "Biscuits & Cookies", "product_name": "Rusk - Suji & Elaichi", "product_brand": "Tasties", "combo": [["200 g", "49.00"], ["2x200 g", "93.10"]]}, {"category": "Snacks & Branded Foods", "sub_category_name": "Biscuits & Cookies", "product_name": "Biscotti - Chocolate Cashew", "product_brand": "Fresho Signature", "combo": []}, {"category": "Snacks & Branded Foods", "sub_category_name": "Biscuits & Cookies", "product_name": "Cookies - Honey & Oats, Chewy", "product_brand": "Fresho Signature", "combo": []}, {"category": "Snacks & Branded Foods", "sub_category_name": "Biscuits & Cookies", "product_name": "Quadratini Wafer - Vanilla", "product_brand": "Loacker", "combo": []}, {"category": "Snacks & Branded Foods", "sub_category_name": "Biscuits & Cookies", "product_name": "Topfer Cream Filled Waffer Cubes - Coffee Roma", "product_brand": "Frontier", "combo": []}, {"category": "Snacks & Branded Foods", "sub_category_name": "Biscuits & Cookies", "product_name": "Butter Cookies Silver Collection", "product_brand": "Sapphire", "combo": []}, {"category": "Snacks & Branded Foods", "sub_category_name": "Biscuits & Cookies", "product_name": "Milk Rusk", "product_brand": "Tasties", "combo": [["2x200 g", "93.10"], ["200 g", "49.00"]]}, {"category": "Snacks & Branded Foods", "sub_category_name": "Biscuits & Cookies", "product_name": "Wafers - Hazelnut Cream", "product_brand": "Nutro", "combo": []}, {"category": "Snacks & Branded Foods", "sub_category_name": "Biscuits & Cookies", "product_name": "Millet Pleasure Cookies - Choco Melts", "product_brand": "Flat Tummies", "combo": []}, {"category": "Snacks & Branded Foods", "sub_category_name": "Biscuits & Cookies", "product_name": "Wafers - Vanilla Cream", "product_brand": "Nutro", "combo": []}, {"category": "Snacks & Branded Foods", "sub_category_name": "Biscuits & Cookies", "product_name": "Cookies - Peanut Butter, Eggless", "product_brand": "Fresho Signature", "combo": []}, {"category": "Snacks & Branded Foods", "sub_category_name": "Biscuits & Cookies", "product_name": "Dip Biscuit - Creamy Vanilla Flavoured", "product_brand": "Yan Yan", "combo": [["4x50 g", "320.00"], ["50 g", "80.00"], ["2x50 g", "160.00"]]}, {"category": "Snacks & Branded Foods", "sub_category_name": "Biscuits & Cookies", "product_name": "Bite Size Wafer - Cocoa & Milk", "product_brand": "Loacker", "combo": []}, {"category": "Snacks & Branded Foods", "sub_category_name": "Biscuits & Cookies", "product_name": "Cookies - with Hazelnnut", "product_brand": "Grisbi", "combo": []}, {"category": "Snacks & Branded Foods", "sub_category_name": "Biscuits & Cookies", "product_name": "Dip Biscuit - Creamy Chocolate Flavored", "product_brand": "Yan Yan", "combo": [["50 g", "80.00"], ["2x50 g", "160.00"], ["4x50 g", "320.00"], ["6x50 g", "480.00"], ["2x50 g", "160.00"], ["4x50 g", "320.00"]]}, {"category": "Snacks & Branded Foods", "sub_category_name": "Biscuits & Cookies", "product_name": "Coconut Rice Crisps Cookies", "product_brand": "Fresho Signature", "combo": []}, {"category": "Snacks & Branded Foods", "sub_category_name": "Biscuits & Cookies", "product_name": "Wafer Cube - Milk", "product_brand": "Jacker", "combo": []}, {"category": "Snacks & Branded Foods", "sub_category_name": "Biscuits & Cookies", "product_name": "Gluten Free Choco Chip Cookies", "product_brand": "Schar", "combo": []}, {"category": "Snacks & Branded Foods", "sub_category_name": "Biscuits & Cookies", "product_name": "Quadratini Wafer Cookies - Tiramisu", "product_brand": "Loacker", "combo": []}, {"category": "Snacks & Branded Foods", "sub_category_name": "Biscuits & Cookies", "product_name": "Wafer Cookies - Cappuccino Bite Size", "product_brand": "Loacker", "combo": []}, {"category": "Snacks & Branded Foods", "sub_category_name": "Biscuits & Cookies", "product_name": "Rusk - Suji & Elaichi", "product_brand": "Tasties", "combo": [["200 g", "49.00"], ["2x200 g", "93.10"]]}, {"category": "Snacks & Branded Foods", "sub_category_name": "Biscuits & Cookies", "product_name": "Biscotti - Chocolate Cashew", "product_brand": "Fresho Signature", "combo": []}, {"category": "Snacks & Branded Foods", "sub_category_name": "Biscuits & Cookies", "product_name": "Cookies - Honey & Oats, Chewy", "product_brand": "Fresho Signature", "combo": []}, {"category": "Snacks & Branded Foods", "sub_category_name": "Biscuits & Cookies", "product_name": "Quadratini Wafer - Vanilla", "product_brand": "Loacker", "combo": []}, {"category": "Snacks & Branded Foods", "sub_category_name": "Biscuits & Cookies", "product_name": "Topfer Cream Filled Waffer Cubes - Coffee Roma", "product_brand": "Frontier", "combo": []}, {"category": "Snacks & Branded Foods", "sub_category_name": "Biscuits & Cookies", "product_name": "Crunchy & Creame Wafer Biscuit - Orange", "product_brand": "Harveys", "combo": []}, {"category": "Snacks & Branded Foods", "sub_category_name": "Biscuits & Cookies", "product_name": "Rusk - Ragi", "product_brand": "Tasties", "combo": [["2x200 g", "93.10"], ["200 g", "49.00"]]}, {"category": "Snacks & Branded Foods", "sub_category_name": "Biscuits & Cookies", "product_name": "Sugar Free Oatmeal Crackers - Oat Bran", "product_brand": "IKO", "combo": []}, {"category": "Snacks & Branded Foods", "sub_category_name": "Biscuits & Cookies", "product_name": "Assorted Eggless Cookies", "product_brand": "Fresho Signature", "combo": []}, {"category": "Snacks & Branded Foods", "sub_category_name": "Biscuits & Cookies", "product_name": "Dip Biscuit - Creamy Strawberry Flavoured", "product_brand": "Yan Yan", "combo": [["50 g", "80.00"], ["2x50 g", "160.00"], ["4x50 g", "320.00"], ["6x50 g", "480.00"]]}, {"category": "Snacks & Branded Foods", "sub_category_name": "Biscuits & Cookies", "product_name": "Wafer Cookies - QuadraTini (Cappuccino)", "product_brand": "Loacker", "combo": []}, {"category": "Snacks & Branded Foods", "sub_category_name": "Biscuits & Cookies", "product_name": "Wafer - Minis, Assorted", "product_brand": "Loacker", "combo": []}, {"category": "Snacks & Branded Foods", "sub_category_name": "Biscuits & Cookies", "product_name": "Millet Pleasure Cookies - Coffee Melts", "product_brand": "Flat Tummies", "combo": []}, {"category": "Snacks & Branded Foods", "sub_category_name": "Biscuits & Cookies", "product_name": "Traditional butter cookies - Cardamom, Crunchy", "product_brand": "Fresho Signature", "combo": []}, {"category": "Snacks & Branded Foods", "sub_category_name": "Biscuits & Cookies", "product_name": "Biscotti - Almond", "product_brand": "Fresho Signature", "combo": []}, {"category": "Snacks & Branded Foods", "sub_category_name": "Biscuits & Cookies", "product_name": "Cookies - Oatmeal, Crunchy", "product_brand": "Fresho Signature", "combo": []}, {"category": "Snacks & Branded Foods", "sub_category_name": "Biscuits & Cookies", "product_name": "Cookies - Chocochip, Crunchy", "product_brand": "Fresho Signature", "combo": []}, {"category": "Snacks & Branded Foods", "sub_category_name": "Biscuits & Cookies", "product_name": "Biscuits - Moon", "product_brand": "Tasties", "combo": [["200 g", "75.00"], ["2x200 g", "142.50"]]}, {"category": "Snacks & Branded Foods", "sub_category_name": "Biscuits & Cookies", "product_name": "English Short Bread - Vanilla", "product_brand": "Fresho Signature", "combo": []}, {"category": "Snacks & Branded Foods", "sub_category_name": "Biscuits & Cookies", "product_name": "Walker Toffee N Pecan 150G", "product_brand": "Walkers", "combo": []}, {"category": "Snacks & Branded Foods", "sub_category_name": "Biscuits & Cookies", "product_name": "Biscuits - Cashew Nut", "product_brand": "Tasties", "combo": [["200 g", "75.00"], ["2x200 g", "142.50"], ["4x200 g", "300.00"]]}, {"category": "Snacks & Branded Foods", "sub_category_name": "Biscuits & Cookies", "product_name": "Biscuits - Badam Pista", "product_brand": "Tasties", "combo": [["4x200 g", "340.00"], ["2x200 g", "161.50"], ["200 g", "85.00"]]}, {"category": "Snacks & Branded Foods", "sub_category_name": "Biscuits & Cookies", "product_name": "Gluten Free Crackers", "product_brand": "Schar", "combo": []}, {"category": "Snacks & Branded Foods", "sub_category_name": "Biscuits & Cookies", "product_name": "Cookies - Dark Chocochip, Chewy", "product_brand": "Fresho Signature", "combo": []}, {"category": "Snacks & Branded Foods", "sub_category_name": "Biscuits & Cookies", "product_name": "Hello Panda Biscuits - With Chocolate Flavor Filling", "product_brand": "Meiji", "combo": []}]