[{"category": "Kitchen, Garden & Pets", "sub_category_name": "Flask & Casserole", "product_name": "New Imperial 1500 Casserole - Aqua Green", "product_brand": "Milton", "combo": []}, {"category": "Kitchen, Garden & Pets", "sub_category_name": "Flask & Casserole", "product_name": "New Imperial 2500 Casserole - Purple", "product_brand": "Milton", "combo": []}, {"category": "Kitchen, Garden & Pets", "sub_category_name": "Flask & Casserole", "product_name": "Cafe Insulated Plastic Flask With Inner Steel - Brown Colour", "product_brand": "Princeware", "combo": []}, {"category": "Kitchen, Garden & Pets", "sub_category_name": "Flask & Casserole", "product_name": "New Orchid 1000 Casserole - Blue", "product_brand": "Milton", "combo": []}, {"category": "Kitchen, Garden & Pets", "sub_category_name": "Flask & Casserole", "product_name": "New Marvel Jr Inner Steel Casserole Gift Set - Peach", "product_brand": "Milton", "combo": []}, {"category": "Kitchen, Garden & Pets", "sub_category_name": "Flask & Casserole", "product_name": "New Marvel 2500 Inner Steel Casserole - White", "product_brand": "Milton", "combo": []}, {"category": "Kitchen, Garden & Pets", "sub_category_name": "Flask & Casserole", "product_name": "New Marvel Jr Inner Steel Casserole Gift Set - Pink", "product_brand": "Milton", "combo": []}, {"category": "Kitchen, Garden & Pets", "sub_category_name": "Flask & Casserole", "product_name": "New Marvel Jr Inner Steel Casserole Gift Set - White", "product_brand": "Milton", "combo": []}, {"category": "Kitchen, Garden & Pets", "sub_category_name": "Flask & Casserole", "product_name": "New Imperial 2500 Casserole - Aqua Green", "product_brand": "Milton", "combo": []}, {"category": "Kitchen, Garden & Pets", "sub_category_name": "Flask & Casserole", "product_name": "New Orchid 1500 Casserole - Dark-Brown", "product_brand": "Milton", "combo": []}, {"category": "Kitchen, Garden & Pets", "sub_category_name": "Flask & Casserole", "product_name": "New Orchid 2000 Casserole - Blue", "product_brand": "Milton", "combo": []}, {"category": "Kitchen, Garden & Pets", "sub_category_name": "Flask & Casserole", "product_name": "New Orchid 1500 Casserole - Pink", "product_brand": "Milton", "combo": []}, {"category": "Kitchen, Garden & Pets", "sub_category_name": "Flask & Casserole", "product_name": "New Marvel 1000 Inner Steel Casserole - Brown", "product_brand": "Milton", "combo": []}, {"category": "Kitchen, Garden & Pets", "sub_category_name": "Flask & Casserole", "product_name": "New Marvel 1500 Inner Steel Casserole - Pink", "product_brand": "Milton", "combo": []}, {"category": "Kitchen, Garden & Pets", "sub_category_name": "Flask & Casserole", "product_name": "New Imperial 1000 Casserole - Aqua Green", "product_brand": "Milton", "combo": []}, {"category": "Kitchen, Garden & Pets", "sub_category_name": "Flask & Casserole", "product_name": "New Orchid 1000 Casserole - Dark-Brown", "product_brand": "Milton", "combo": []}, {"category": "Kitchen, Garden & Pets", "sub_category_name": "Flask & Casserole", "product_name": "New Orchid 2000 Casserole - Pink", "product_brand": "Milton", "combo": []}, {"category": "Kitchen, Garden & Pets", "sub_category_name": "Flask & Casserole", "product_name": "New Orchid 2500 Casserole - Dark-Brown", "product_brand": "Milton", "combo": []}, {"category": "Kitchen, Garden & Pets", "sub_category_name": "Flask & Casserole", "product_name": "New Orchid 2500 Casserole - Pink", "product_brand": "Milton", "combo": []}, {"category": "Kitchen, Garden & Pets", "sub_category_name": "Flask & Casserole", "product_name": "New Marvel 1500 Inner Steel Casserole - Peach", "product_brand": "Milton", "combo": []}, {"category": "Kitchen, Garden & Pets", "sub_category_name": "Flask & Casserole", "product_name": "New Marvel 1000 Inner Steel Casserole - Pink", "product_brand": "Milton", "combo": []}, {"category": "Kitchen, Garden & Pets", "sub_category_name": "Flask & Casserole", "product_name": "New Marvel 2500 Inner Steel Casserole - Pink", "product_brand": "Milton", "combo": []}, {"category": "Kitchen, Garden & Pets", "sub_category_name": "Flask & Casserole", "product_name": "New Imperial 1000 Casserole - Purple", "product_brand": "Milton", "combo": []}, {"category": "Kitchen, Garden & Pets", "sub_category_name": "Flask & Casserole", "product_name": "New Orchid Jr. Casserole Gift Set - Blue", "product_brand": "Milton", "combo": []}, {"category": "Kitchen, Garden & Pets", "sub_category_name": "Flask & Casserole", "product_name": "New Orchid Jr. Casserole Gift Set - Dark-Brown", "product_brand": "Milton", "combo": []}, {"category": "Kitchen, Garden & Pets", "sub_category_name": "Flask & Casserole", "product_name": "New Orchid Jr. Casserole Gift Set - Pink", "product_brand": "Milton", "combo": []}, {"category": "Kitchen, Garden & Pets", "sub_category_name": "Flask & Casserole", "product_name": "New Imperial Jr. Casserole Gift Set - Aqua Green", "product_brand": "Milton", "combo": []}, {"category": "Kitchen, Garden & Pets", "sub_category_name": "Flask & Casserole", "product_name": "New Marvel 1000 Inner Steel Casserole - White", "product_brand": "Milton", "combo": []}, {"category": "Kitchen, Garden & Pets", "sub_category_name": "Flask & Casserole", "product_name": "New Marvel 1000 Inner Steel Casserole - Peach", "product_brand": "Milton", "combo": []}, {"category": "Kitchen, Garden & Pets", "sub_category_name": "Flask & Casserole", "product_name": "Solaris Plastic Insulated Roti/Chapati/Hotbox With Inner Steel Casserole - Pink", "product_brand": "Cello", "combo": []}, {"category": "Kitchen, Garden & Pets", "sub_category_name": "Flask & Casserole", "product_name": "Solaris Plastic Insulated Roti/Chapati/Hotbox With Inner Steel Casserole - Orange", "product_brand": "Cello", "combo": []}, {"category": "Kitchen, Garden & Pets", "sub_category_name": "Flask & Casserole", "product_name": "Bright Star Insulated Roti/Chapati/Hot Box With Steel Casserole & Lid", "product_brand": "Asian", "combo": []}, {"category": "Kitchen, Garden & Pets", "sub_category_name": "Flask & Casserole", "product_name": "Insulated Chapati Casserole - Medium", "product_brand": "NanoNine", "combo": [["2.5 L", "599.00"], ["1.25 L", "479.00"]]}, {"category": "Kitchen, Garden & Pets", "sub_category_name": "Flask & Casserole", "product_name": "Carafe - Thermosteel, Insulated, Hot & Cold, Silver, Classic", "product_brand": "Milton", "combo": []}, {"category": "Kitchen, Garden & Pets", "sub_category_name": "Flask & Casserole", "product_name": "Asian Venus Casserole - Blue", "product_brand": "Asian", "combo": []}, {"category": "Kitchen, Garden & Pets", "sub_category_name": "Flask & Casserole", "product_name": "Insulated Casserole - Hot Pot", "product_brand": "NanoNine", "combo": []}, {"category": "Kitchen, Garden & Pets", "sub_category_name": "Flask & Casserole", "product_name": "Casserole - Cosmos, Orange", "product_brand": "Asian", "combo": []}, {"category": "Kitchen, Garden & Pets", "sub_category_name": "Flask & Casserole", "product_name": "S.S. Insulated Tea Pot/Flask", "product_brand": "NanoNine", "combo": [["700 ml", "379.00"], ["1 L", "399.00"]]}, {"category": "Kitchen, Garden & Pets", "sub_category_name": "Flask & Casserole", "product_name": "Jr Casserole Gift Set - Insulated, Plastic, Red, Buffet", "product_brand": "Milton", "combo": []}, {"category": "Kitchen, Garden & Pets", "sub_category_name": "Flask & Casserole", "product_name": "Casserole - Cosmos, Orange", "product_brand": "Asian", "combo": []}, {"category": "Kitchen, Garden & Pets", "sub_category_name": "Flask & Casserole", "product_name": "Insulated Plastic Casserole - Cosmos N Dlx, Green", "product_brand": "Asian", "combo": []}, {"category": "Kitchen, Garden & Pets", "sub_category_name": "Flask & Casserole", "product_name": "BPA Free Double Wall Novel Casserole Set - Purple", "product_brand": "Cello", "combo": []}, {"category": "Kitchen, Garden & Pets", "sub_category_name": "Flask & Casserole", "product_name": "Royale Hot Pot & Casserole - Assorted color", "product_brand": "Big Plastics", "combo": []}, {"category": "Kitchen, Garden & Pets", "sub_category_name": "Flask & Casserole", "product_name": "Pure Melamine Serving Casserole With Lid - Supermus", "product_brand": "Servewell", "combo": []}, {"category": "Kitchen, Garden & Pets", "sub_category_name": "Flask & Casserole", "product_name": "Pure Melamine Casserole With Lid - Golden Leaves", "product_brand": "Servewell", "combo": []}, {"category": "Kitchen, Garden & Pets", "sub_category_name": "Flask & Casserole", "product_name": "Pure Melamine Casserole With Lid - Leaf Glossary", "product_brand": "Servewell", "combo": []}, {"category": "Kitchen, Garden & Pets", "sub_category_name": "Flask & Casserole", "product_name": "Casserole - Blue, Panache", "product_brand": "Pinnacle", "combo": []}, {"category": "Kitchen, Garden & Pets", "sub_category_name": "Flask & Casserole", "product_name": "Jr Casserole - Insulated, Plastic, Gift Set, Blue, Imperial", "product_brand": "Milton", "combo": []}, {"category": "Kitchen, Garden & Pets", "sub_category_name": "Flask & Casserole", "product_name": "Casserolle Set - Parisa, Tricolour", "product_brand": "Pinnacle", "combo": []}, {"category": "Kitchen, Garden & Pets", "sub_category_name": "Flask & Casserole", "product_name": "Venus Casserole - Red", "product_brand": "Asian", "combo": []}, {"category": "Kitchen, Garden & Pets", "sub_category_name": "Flask & Casserole", "product_name": "Venus Casserole - Green", "product_brand": "Asian", "combo": []}, {"category": "Kitchen, Garden & Pets", "sub_category_name": "Flask & Casserole", "product_name": "Asian Cosmos Casserole - Green", "product_brand": "Asian", "combo": []}, {"category": "Kitchen, Garden & Pets", "sub_category_name": "Flask & Casserole", "product_name": "Solar Casserole Set With Handle - Blue", "product_brand": "Princeware", "combo": []}, {"category": "Kitchen, Garden & Pets", "sub_category_name": "Flask & Casserole", "product_name": "Prince Solar Casserole Set With Handle - Green", "product_brand": "Princeware", "combo": []}, {"category": "Kitchen, Garden & Pets", "sub_category_name": "Flask & Casserole", "product_name": "Arctic Steel Insulated Vacuum Flask", "product_brand": "BB Home", "combo": []}, {"category": "Kitchen, Garden & Pets", "sub_category_name": "Flask & Casserole", "product_name": "Arctic Steel Insulated Vacuum Flask", "product_brand": "BB Home", "combo": []}, {"category": "Kitchen, Garden & Pets", "sub_category_name": "Flask & Casserole", "product_name": "Pacific Steel Insulated Vacuum Flask", "product_brand": "BB Home", "combo": []}, {"category": "Kitchen, Garden & Pets", "sub_category_name": "Flask & Casserole", "product_name": "Pacific Steel Insulated Vacuum Flask", "product_brand": "BB Home", "combo": []}, {"category": "Kitchen, Garden & Pets", "sub_category_name": "Flask & Casserole", "product_name": "Solar Food Casserole Hot Case Plastic With Insulation No. 3 - With Handle, Blue L7123-PL", "product_brand": "Princeware", "combo": []}, {"category": "Kitchen, Garden & Pets", "sub_category_name": "Flask & Casserole", "product_name": "Buffet Casserole Gift Set Junior - Purple", "product_brand": "Milton", "combo": []}, {"category": "Kitchen, Garden & Pets", "sub_category_name": "Flask & Casserole", "product_name": "Insulated Hot Fresh Casserole - White", "product_brand": "Cello", "combo": []}, {"category": "Kitchen, Garden & Pets", "sub_category_name": "Flask & Casserole", "product_name": "Casserole - Cosmos, Green", "product_brand": "Asian", "combo": [["600 ml", "119.00"], ["1.5 L", "229.00"]]}, {"category": "Kitchen, Garden & Pets", "sub_category_name": "Flask & Casserole", "product_name": "Carafe - Thermosteel, Insulated, Hot & Cold, Silver", "product_brand": "Milton", "combo": [["1 L", "999.00"], ["600 ml", "779.00"]]}, {"category": "Kitchen, Garden & Pets", "sub_category_name": "Flask & Casserole", "product_name": "Microdelight Casserole - Blue Colour", "product_brand": "Princeware", "combo": []}, {"category": "Kitchen, Garden & Pets", "sub_category_name": "Flask & Casserole", "product_name": "Casserole - Cosmos, Orange", "product_brand": "Asian", "combo": [["1 L", "149.00"], ["600 ml", "129.00"]]}, {"category": "Kitchen, Garden & Pets", "sub_category_name": "Flask & Casserole", "product_name": "Casserole - Mop Red, Nova", "product_brand": "Cello", "combo": []}, {"category": "Kitchen, Garden & Pets", "sub_category_name": "Flask & Casserole", "product_name": "Water Flask - Insulated Thermosteel, Silver, Elfin", "product_brand": "Milton", "combo": [["750 ml", "699.00"], ["500 ml", "539.00"]]}, {"category": "Kitchen, Garden & Pets", "sub_category_name": "Flask & Casserole", "product_name": "Water Flask - Insulated Thermosteel, Red, Elfin", "product_brand": "Milton", "combo": []}, {"category": "Kitchen, Garden & Pets", "sub_category_name": "Flask & Casserole", "product_name": "Pluto Casserole Turquoise Blue Steel Lid", "product_brand": "Princeware", "combo": []}, {"category": "Kitchen, Garden & Pets", "sub_category_name": "Flask & Casserole", "product_name": "Jr Casserole - Insulated, Plastic, Gift Set, Red, Regalia", "product_brand": "Milton", "combo": []}, {"category": "Kitchen, Garden & Pets", "sub_category_name": "Flask & Casserole", "product_name": "Jr Casserole - Insulated, Plastic, Gift Set, White, Regalia", "product_brand": "Milton", "combo": []}, {"category": "Kitchen, Garden & Pets", "sub_category_name": "Flask & Casserole", "product_name": "Stainless Steel Flask", "product_brand": "DP", "combo": []}, {"category": "Kitchen, Garden & Pets", "sub_category_name": "Flask & Casserole", "product_name": "Water Flask - Stainless Steel, Scout Vacuum Insulated, Red", "product_brand": "Cello", "combo": []}, {"category": "Kitchen, Garden & Pets", "sub_category_name": "Flask & Casserole", "product_name": "Chef Casseroles Gift Set - White", "product_brand": "Cello", "combo": []}, {"category": "Kitchen, Garden & Pets", "sub_category_name": "Flask & Casserole", "product_name": "Insulated Bottle - Vacuum, Stainless Steel, Double Wall", "product_brand": "Big Plastics", "combo": []}, {"category": "Kitchen, Garden & Pets", "sub_category_name": "Flask & Casserole", "product_name": "S.S. Insulated Serving Pot - Apple", "product_brand": "NanoNine", "combo": []}, {"category": "Kitchen, Garden & Pets", "sub_category_name": "Flask & Casserole", "product_name": "Casserole - Red, Panache", "product_brand": "Pinnacle", "combo": []}, {"category": "Kitchen, Garden & Pets", "sub_category_name": "Flask & Casserole", "product_name": "Pacific Steel Insulated Vacuum Flask", "product_brand": "BB Home", "combo": []}, {"category": "Kitchen, Garden & Pets", "sub_category_name": "Flask & Casserole", "product_name": "Insulated Plastic Casserole - Cosmos N Dlx, Blue", "product_brand": "Asian", "combo": []}, {"category": "Kitchen, Garden & Pets", "sub_category_name": "Flask & Casserole", "product_name": "Insulated Plastic Casserole - Cosmos N Dlx, Orange", "product_brand": "Asian", "combo": []}, {"category": "Kitchen, Garden & Pets", "sub_category_name": "Flask & Casserole", "product_name": "Casserole - Cosmos, Green", "product_brand": "Asian", "combo": []}, {"category": "Kitchen, Garden & Pets", "sub_category_name": "Flask & Casserole", "product_name": "Arctic Steel Insulated Vacuum Flask", "product_brand": "BB Home", "combo": []}, {"category": "Kitchen, Garden & Pets", "sub_category_name": "Flask & Casserole", "product_name": "Pluto Casserole Golden Steel Lid", "product_brand": "Princeware", "combo": []}, {"category": "Kitchen, Garden & Pets", "sub_category_name": "Flask & Casserole", "product_name": "Proyc Vaccum Insulated Stainless Steel Bottle", "product_brand": "Big Plastics", "combo": []}, {"category": "Kitchen, Garden & Pets", "sub_category_name": "Flask & Casserole", "product_name": "Casserole - Mop Red, Nova", "product_brand": "Cello", "combo": []}, {"category": "Kitchen, Garden & Pets", "sub_category_name": "Flask & Casserole", "product_name": "Lifestyle Stainless Steel Flask", "product_brand": "Cello", "combo": [["1 L", "799.00"], ["500 ml", "579.00"]]}, {"category": "Kitchen, Garden & Pets", "sub_category_name": "Flask & Casserole", "product_name": "Solar Food Casserole Hot Case Plastic With Insulation No. 3 - With Handle, Pink L7123-PL", "product_brand": "Princeware", "combo": []}, {"category": "Kitchen, Garden & Pets", "sub_category_name": "Flask & Casserole", "product_name": "S.S. Insulated Casserole - Serving Gravy Pot, Small", "product_brand": "NanoNine", "combo": [["900 ml", "389.00"], ["1 L", "449.00"]]}, {"category": "Kitchen, Garden & Pets", "sub_category_name": "Flask & Casserole", "product_name": "New Imperial 1500 Casserole - Purple", "product_brand": "Milton", "combo": []}, {"category": "Kitchen, Garden & Pets", "sub_category_name": "Flask & Casserole", "product_name": "New Orchid 1500 Casserole - Blue", "product_brand": "Milton", "combo": []}, {"category": "Kitchen, Garden & Pets", "sub_category_name": "Flask & Casserole", "product_name": "New Marvel 1500 Inner Steel Casserole - Brown", "product_brand": "Milton", "combo": []}, {"category": "Kitchen, Garden & Pets", "sub_category_name": "Flask & Casserole", "product_name": "New Marvel 2500 Inner Steel Casserole - Brown", "product_brand": "Milton", "combo": []}, {"category": "Kitchen, Garden & Pets", "sub_category_name": "Flask & Casserole", "product_name": "New Marvel 2500 Inner Steel Casserole - Peach", "product_brand": "Milton", "combo": []}, {"category": "Kitchen, Garden & Pets", "sub_category_name": "Flask & Casserole", "product_name": "New Marvel Jr Inner Steel Casserole Gift Set - Brown", "product_brand": "Milton", "combo": []}, {"category": "Kitchen, Garden & Pets", "sub_category_name": "Flask & Casserole", "product_name": "New Marvel 1500 Inner Steel Casserole - White", "product_brand": "Milton", "combo": []}, {"category": "Kitchen, Garden & Pets", "sub_category_name": "Flask & Casserole", "product_name": "Bright Star Insulated Roti/Chapati/Hot Box Steel Casserole With Glass Lid", "product_brand": "Asian", "combo": []}, {"category": "Kitchen, Garden & Pets", "sub_category_name": "Flask & Casserole", "product_name": "Stainless Steel Vacuum Flask - Flip Top, BB-482", "product_brand": "BB Home", "combo": []}, {"category": "Kitchen, Garden & Pets", "sub_category_name": "Flask & Casserole", "product_name": "Solar Food Casserole Hot Case Plastic With Insulation - With Handle, Pink L7123-3PL", "product_brand": "Princeware", "combo": []}, {"category": "Kitchen, Garden & Pets", "sub_category_name": "Flask & Casserole", "product_name": "Water Flask - Insulated Thermosteel, Flip Lid , Silver", "product_brand": "Milton", "combo": []}, {"category": "Kitchen, Garden & Pets", "sub_category_name": "Flask & Casserole", "product_name": "Water Flask - Insulated Thermosteel, Flip Lid , Silver", "product_brand": "Milton", "combo": []}, {"category": "Kitchen, Garden & Pets", "sub_category_name": "Flask & Casserole", "product_name": "Chef Insulated Casserole - Blue", "product_brand": "Nayasa", "combo": []}, {"category": "Kitchen, Garden & Pets", "sub_category_name": "Flask & Casserole", "product_name": "Plastic Casserole Sonic - Orange", "product_brand": "Asian", "combo": []}, {"category": "Kitchen, Garden & Pets", "sub_category_name": "Flask & Casserole", "product_name": "Plastic Casserole Sonic - Green", "product_brand": "Asian", "combo": []}, {"category": "Kitchen, Garden & Pets", "sub_category_name": "Flask & Casserole", "product_name": "Plastic Casserole - Venus N DLX, Red", "product_brand": "Asian", "combo": []}]