[{"category": "Cleaning & Household", "sub_category_name": "Pooja Needs", "product_name": "Camphor Tablets", "product_brand": "Nirgun Bhakti", "combo": [["60 pcs", "99.00"], ["100 pcs", "165.00"]]}, {"category": "Cleaning & Household", "sub_category_name": "Pooja Needs", "product_name": "Incense Sticks - Sandlewood", "product_brand": "Nivaan", "combo": [["50 g", "40.00"], ["100 g", "80.00"]]}, {"category": "Cleaning & Household", "sub_category_name": "Pooja Needs", "product_name": "Oud - Incense Stick", "product_brand": "Apoorva", "combo": []}, {"category": "Cleaning & Household", "sub_category_name": "Pooja Needs", "product_name": "Forest Oud - Incense Stick", "product_brand": "Apoorva", "combo": []}, {"category": "Cleaning & Household", "sub_category_name": "Pooja Needs", "product_name": "Incense Sticks - Blosom", "product_brand": "Nivaan", "combo": [["50 g", "40.00"], ["100 g", "80.00"]]}, {"category": "Cleaning & Household", "sub_category_name": "Pooja Needs", "product_name": "Incense Sticks - Rose", "product_brand": "Nivaan", "combo": [["50 g", "40.00"], ["100 g", "80.00"]]}, {"category": "Cleaning & Household", "sub_category_name": "Pooja Needs", "product_name": "Incense Sticks - Pinapple", "product_brand": "Nivaan", "combo": [["50 g", "40.00"], ["100 g", "80.00"]]}, {"category": "Cleaning & Household", "sub_category_name": "Pooja Needs", "product_name": "Agarbatti Luxury - Pineapple", "product_brand": "Zed Black", "combo": []}, {"category": "Cleaning & Household", "sub_category_name": "Pooja Needs", "product_name": "Agarbatti Zipper - Regal 10-in-1", "product_brand": "Zed Black", "combo": []}, {"category": "Cleaning & Household", "sub_category_name": "Pooja Needs", "product_name": "Agarbatti Zipper - Parfum 1M", "product_brand": "Zed Black", "combo": []}, {"category": "Cleaning & Household", "sub_category_name": "Pooja Needs", "product_name": "Agarbatti ZB 3-in-1", "product_brand": "Zed Black", "combo": []}, {"category": "Cleaning & Household", "sub_category_name": "Pooja Needs", "product_name": "Dhoop Zipper - Manthan Guggal", "product_brand": "Zed Black", "combo": []}, {"category": "Cleaning & Household", "sub_category_name": "Pooja Needs", "product_name": "Dhoop Cone - Chandan", "product_brand": "Zed Black", "combo": []}, {"category": "Cleaning & Household", "sub_category_name": "Pooja Needs", "product_name": "Incense Sticks - Pearl", "product_brand": "Nivaan", "combo": []}, {"category": "Cleaning & Household", "sub_category_name": "Pooja Needs", "product_name": "Incense Sticks - Glory", "product_brand": "Nivaan", "combo": []}, {"category": "Cleaning & Household", "sub_category_name": "Pooja Needs", "product_name": "Incense Sticks - Tulsi", "product_brand": "Nivaan", "combo": [["50 g", "40.00"], ["100 g", "80.00"]]}, {"category": "Cleaning & Household", "sub_category_name": "Pooja Needs", "product_name": "Manglore Mallige - Incense Stick", "product_brand": "Apoorva", "combo": []}, {"category": "Cleaning & Household", "sub_category_name": "Pooja Needs", "product_name": "Krishna Leela - Incense Stick", "product_brand": "Apoorva", "combo": []}, {"category": "Cleaning & Household", "sub_category_name": "Pooja Needs", "product_name": "Incense Sticks - Royal Bouqet", "product_brand": "Nivaan", "combo": [["50 g", "40.00"], ["100 g", "80.00"]]}, {"category": "Cleaning & Household", "sub_category_name": "Pooja Needs", "product_name": "Incense Sticks - Strawberry", "product_brand": "Nivaan", "combo": [["50 g", "40.00"], ["100 g", "80.00"]]}, {"category": "Cleaning & Household", "sub_category_name": "Pooja Needs", "product_name": "Incense Sticks - Lichi", "product_brand": "Nivaan", "combo": []}, {"category": "Cleaning & Household", "sub_category_name": "Pooja Needs", "product_name": "Mishtideep Wax Diya - Matki, Assorted Color, ED42", "product_brand": "DP", "combo": []}, {"category": "Cleaning & Household", "sub_category_name": "Pooja Needs", "product_name": "Mud Diya - Trishul Design, Assorted Colour, ED121A", "product_brand": "DP", "combo": []}, {"category": "Cleaning & Household", "sub_category_name": "Pooja Needs", "product_name": "Wax Diya - Tulsi, Assorted Colour, ED135,", "product_brand": "DP", "combo": []}, {"category": "Cleaning & Household", "sub_category_name": "Pooja Needs", "product_name": "Mud Diya & T Light Set - Assorted Colour, ED138", "product_brand": "DP", "combo": []}, {"category": "Cleaning & Household", "sub_category_name": "Pooja Needs", "product_name": "Laxmi Ganesh Saraswati Idol - Brass", "product_brand": "Klassic", "combo": []}, {"category": "Cleaning & Household", "sub_category_name": "Pooja Needs", "product_name": "Ganesha Idol - Terracotta", "product_brand": "Klassic", "combo": []}, {"category": "Cleaning & Household", "sub_category_name": "Pooja Needs", "product_name": "Golden Finish Ganesha Idol - Brass", "product_brand": "Klassic", "combo": []}, {"category": "Cleaning & Household", "sub_category_name": "Pooja Needs", "product_name": "Stand With Ash Collector - Brass", "product_brand": "Klassic", "combo": []}, {"category": "Cleaning & Household", "sub_category_name": "Pooja Needs", "product_name": "Wooden Holy Book Stand", "product_brand": "Klassic", "combo": []}, {"category": "Cleaning & Household", "sub_category_name": "Pooja Needs", "product_name": "Brass Angle Deep - Plain, No.2", "product_brand": "Trm", "combo": []}, {"category": "Cleaning & Household", "sub_category_name": "Pooja Needs", "product_name": "Brass Lakshmi Deepam - Plain, No.1", "product_brand": "Trm", "combo": []}, {"category": "Cleaning & Household", "sub_category_name": "Pooja Needs", "product_name": "Brass Lakshmi Deepam - Plain, No.2", "product_brand": "Trm", "combo": []}, {"category": "Cleaning & Household", "sub_category_name": "Pooja Needs", "product_name": "Brass Kachua Stand Deepam - No.1", "product_brand": "Trm", "combo": []}, {"category": "Cleaning & Household", "sub_category_name": "Pooja Needs", "product_name": "Brass Kachua Stand Deepam - No.2", "product_brand": "Trm", "combo": []}, {"category": "Cleaning & Household", "sub_category_name": "Pooja Needs", "product_name": "Brass Angle Deep Stand - Plain, No.1", "product_brand": "Trm", "combo": []}, {"category": "Cleaning & Household", "sub_category_name": "Pooja Needs", "product_name": "Brass Agarbathi Stand - Plain", "product_brand": "Trm", "combo": []}, {"category": "Cleaning & Household", "sub_category_name": "Pooja Needs", "product_name": "Brass Ghanti/Bell - No.1", "product_brand": "Trm", "combo": []}, {"category": "Cleaning & Household", "sub_category_name": "Pooja Needs", "product_name": "Brass Ghanti/Bell - No.2", "product_brand": "Trm", "combo": []}, {"category": "Cleaning & Household", "sub_category_name": "Pooja Needs", "product_name": "Brass Deepa Matki - Round, No.1", "product_brand": "Trm", "combo": []}, {"category": "Cleaning & Household", "sub_category_name": "Pooja Needs", "product_name": "Brass Deepa Matki - Round, No.2", "product_brand": "Trm", "combo": []}, {"category": "Cleaning & Household", "sub_category_name": "Pooja Needs", "product_name": "Brass Deepa Matki - Round, No.3", "product_brand": "Trm", "combo": []}, {"category": "Cleaning & Household", "sub_category_name": "Pooja Needs", "product_name": "Latkan with Chain - Brass", "product_brand": "Frestol", "combo": []}, {"category": "Cleaning & Household", "sub_category_name": "Pooja Needs", "product_name": "Brass Dhoop Aarti With Wooden Handle, No.2", "product_brand": "Trm", "combo": []}, {"category": "Cleaning & Household", "sub_category_name": "Pooja Needs", "product_name": "Brass Angle Deep Stand - Plain, No.2", "product_brand": "Trm", "combo": []}, {"category": "Cleaning & Household", "sub_category_name": "Pooja Needs", "product_name": "Brass Angle Deep Stand - Plain, No.3", "product_brand": "Trm", "combo": []}, {"category": "Cleaning & Household", "sub_category_name": "Pooja Needs", "product_name": "Brass Kuber Deepam - No.1", "product_brand": "Trm", "combo": []}, {"category": "Cleaning & Household", "sub_category_name": "Pooja Needs", "product_name": "Brass Kuber Deepam - No.2", "product_brand": "Trm", "combo": []}, {"category": "Cleaning & Household", "sub_category_name": "Pooja Needs", "product_name": "Brass Kuber Deepam - No.3", "product_brand": "Trm", "combo": []}, {"category": "Cleaning & Household", "sub_category_name": "Pooja Needs", "product_name": "Brass Karpoor Arti - No.2", "product_brand": "Trm", "combo": []}, {"category": "Cleaning & Household", "sub_category_name": "Pooja Needs", "product_name": "Brass Nanda Stand Goblets - No.1", "product_brand": "Trm", "combo": []}, {"category": "Cleaning & Household", "sub_category_name": "Pooja Needs", "product_name": "Brass Agarbathi Stand - Lotus", "product_brand": "Trm", "combo": []}, {"category": "Cleaning & Household", "sub_category_name": "Pooja Needs", "product_name": "Brass Dhoop Aarti With Wooden Handle, No.1", "product_brand": "Trm", "combo": []}, {"category": "Cleaning & Household", "sub_category_name": "Pooja Needs", "product_name": "Agarbatti ZB 3-in-1", "product_brand": "Zed Black", "combo": []}, {"category": "Cleaning & Household", "sub_category_name": "Pooja Needs", "product_name": "Mud Diya - Assorted Colour, ED121B", "product_brand": "DP", "combo": []}, {"category": "Cleaning & Household", "sub_category_name": "Pooja Needs", "product_name": "Wax Diya - Designer, Assorted Colour, ED151", "product_brand": "DP", "combo": []}, {"category": "Cleaning & Household", "sub_category_name": "Pooja Needs", "product_name": "Wax Diya - Designer Matki, Assorted Colour, ED150", "product_brand": "DP", "combo": []}, {"category": "Cleaning & Household", "sub_category_name": "Pooja Needs", "product_name": "T Light - Assorted Colour", "product_brand": "DP", "combo": []}, {"category": "Cleaning & Household", "sub_category_name": "Pooja Needs", "product_name": "Wax Diya - Assorted Colour, ED124H", "product_brand": "DP", "combo": []}, {"category": "Cleaning & Household", "sub_category_name": "Pooja Needs", "product_name": "Mud Diya - Assorted Colour, ED121E", "product_brand": "DP", "combo": []}, {"category": "Cleaning & Household", "sub_category_name": "Pooja Needs", "product_name": "Wax Diya - Tulsi, Assorted Colour, ED136", "product_brand": "DP", "combo": []}, {"category": "Cleaning & Household", "sub_category_name": "Pooja Needs", "product_name": "Wax Diya - Assorted Colour, ED125", "product_brand": "DP", "combo": []}, {"category": "Cleaning & Household", "sub_category_name": "Pooja Needs", "product_name": "Wax Diya - Designer Matki, Assorted Colour, ED148", "product_brand": "DP", "combo": []}, {"category": "Cleaning & Household", "sub_category_name": "Pooja Needs", "product_name": "T Light Candles - Smokeless", "product_brand": "DP", "combo": []}, {"category": "Cleaning & Household", "sub_category_name": "Pooja Needs", "product_name": "T Light Candles - CD-82", "product_brand": "DP", "combo": []}, {"category": "Cleaning & Household", "sub_category_name": "Pooja Needs", "product_name": "Agarbatti - Sandal, Premium", "product_brand": "Zed Black", "combo": []}, {"category": "Cleaning & Household", "sub_category_name": "Pooja Needs", "product_name": "Dhoop Zipper - Manthan Chandan", "product_brand": "Zed Black", "combo": []}, {"category": "Cleaning & Household", "sub_category_name": "Pooja Needs", "product_name": "Mud Phool Handi Moti PK6 - Diya With Wax", "product_brand": "SBE", "combo": []}, {"category": "Cleaning & Household", "sub_category_name": "Pooja Needs", "product_name": "Mud Phool Handi Jarkan - Diya With Wax", "product_brand": "SBE", "combo": []}, {"category": "Cleaning & Household", "sub_category_name": "Pooja Needs", "product_name": "Tea Light Candle - White", "product_brand": "B Vishal", "combo": []}, {"category": "Cleaning & Household", "sub_category_name": "Pooja Needs", "product_name": "Mud Diya Bati - Designer", "product_brand": "SBE", "combo": []}, {"category": "Cleaning & Household", "sub_category_name": "Pooja Needs", "product_name": "Wax Diya - Designer Matki, Assorted Colour, ED10", "product_brand": "DP", "combo": []}, {"category": "Cleaning & Household", "sub_category_name": "Pooja Needs", "product_name": "Wax Diya - Designer Matki, Assorted Colour, ED149", "product_brand": "DP", "combo": []}, {"category": "Cleaning & Household", "sub_category_name": "Pooja Needs", "product_name": "Mud Cutting Golden Diya With Wax & Moti", "product_brand": "SBE", "combo": []}, {"category": "Cleaning & Household", "sub_category_name": "Pooja Needs", "product_name": "Wax Diya - Matki, Assorted Colour, ED133", "product_brand": "DP", "combo": []}, {"category": "Cleaning & Household", "sub_category_name": "Pooja Needs", "product_name": "Mud Diya - Assorted Colour, ED124G", "product_brand": "DP", "combo": []}, {"category": "Cleaning & Household", "sub_category_name": "Pooja Needs", "product_name": "Wax Diya - Designer Matki, Assorted Colour, ED132", "product_brand": "DP", "combo": []}, {"category": "Cleaning & Household", "sub_category_name": "Pooja Needs", "product_name": "Coloured Mud Handi With Crystal Moti - Diya With Wax, Assorted", "product_brand": "SBE", "combo": []}, {"category": "Cleaning & Household", "sub_category_name": "Pooja Needs", "product_name": "Wax Diya - Assorted Colour, ED127E", "product_brand": "DP", "combo": []}, {"category": "Cleaning & Household", "sub_category_name": "Pooja Needs", "product_name": "Mud Diya - Assorted Colour, ED121C", "product_brand": "DP", "combo": []}, {"category": "Cleaning & Household", "sub_category_name": "Pooja Needs", "product_name": "Mud Diya - Assorted Colour, ED122E", "product_brand": "DP", "combo": []}, {"category": "Cleaning & Household", "sub_category_name": "Pooja Needs", "product_name": "Wax Diya - Assorted Colour, ED124D", "product_brand": "DP", "combo": []}, {"category": "Cleaning & Household", "sub_category_name": "Pooja Needs", "product_name": "Mud Diya - Assorted Colour, ED121F", "product_brand": "DP", "combo": []}, {"category": "Cleaning & Household", "sub_category_name": "Pooja Needs", "product_name": "Tea Light Candle - White", "product_brand": "B Vishal", "combo": []}, {"category": "Cleaning & Household", "sub_category_name": "Pooja Needs", "product_name": "Three in One Agarbathis", "product_brand": "Cycle", "combo": [["280 g", "125.00"], ["55 g", "23.18"], ["110 g", "48.00"]]}, {"category": "Cleaning & Household", "sub_category_name": "Pooja Needs", "product_name": "Agarbathi Good Luck - Mogra Sticks", "product_brand": "Cycle", "combo": [["250 Sticks/300 gm", "100.00"], ["141 pcs/165 gm", "60.00"]]}, {"category": "Cleaning & Household", "sub_category_name": "Pooja Needs", "product_name": "Cotton Flower Batti", "product_brand": "Nirgun Bhakti", "combo": []}, {"category": "Cleaning & Household", "sub_category_name": "Pooja Needs", "product_name": "Cotton Long Batti - Lamp wicks", "product_brand": "Nirgun Bhakti", "combo": []}, {"category": "Cleaning & Household", "sub_category_name": "Pooja Needs", "product_name": "Agarbathi Good Luck - Champa Incense Sticks", "product_brand": "Cycle", "combo": [["141 Sticks/165 gm", "60.00"], ["250 g", "100.00"]]}, {"category": "Cleaning & Household", "sub_category_name": "Pooja Needs", "product_name": "Ghee Diya For Pooja", "product_brand": "Nirgun Bhakti", "combo": [["30 pcs", "130.00"], ["50 pcs", "200.00"]]}, {"category": "Cleaning & Household", "sub_category_name": "Pooja Needs", "product_name": "Oil - Pancha Deepam", "product_brand": "Oneness", "combo": []}, {"category": "Cleaning & Household", "sub_category_name": "Pooja Needs", "product_name": "Agarbatti - Anubhuti Masala", "product_brand": "Hem", "combo": []}, {"category": "Cleaning & Household", "sub_category_name": "Pooja Needs", "product_name": "Oil - Pancha Deepam", "product_brand": "Oneness", "combo": []}, {"category": "Cleaning & Household", "sub_category_name": "Pooja Needs", "product_name": "Ananth All in One Incense Sticks", "product_brand": "Mangaldeep", "combo": []}, {"category": "Cleaning & Household", "sub_category_name": "Pooja Needs", "product_name": "Agarbathi - Eco Incense Sticks", "product_brand": "Cycle", "combo": [["192 g", "100.00"], ["392 g", "200.00"]]}, {"category": "Cleaning & Household", "sub_category_name": "Pooja Needs", "product_name": "Agarbathi Good Luck - Kasturi Sticks", "product_brand": "Cycle", "combo": [["207 pcs/250 gm", "100.00"], ["142 Sticks/165 gm", "60.00"]]}, {"category": "Cleaning & Household", "sub_category_name": "Pooja Needs", "product_name": "Agarbathi Lia - Jasmine Incense Sticks", "product_brand": "Cycle", "combo": []}, {"category": "Cleaning & Household", "sub_category_name": "Pooja Needs", "product_name": "Agarbathi Good Luck - Rose Sticks", "product_brand": "Cycle", "combo": [["250 g", "100.00"], ["141 pcs/165 gm", "60.00"]]}, {"category": "Cleaning & Household", "sub_category_name": "Pooja Needs", "product_name": "Ghee Diya For Pooja - Mogra", "product_brand": "Nirgun Bhakti", "combo": [["30 pcs", "140.00"], ["50 pcs", "220.00"]]}, {"category": "Cleaning & Household", "sub_category_name": "Pooja Needs", "product_name": "Agarbathi - Three In One (Classic Fragrance)", "product_brand": "Cycle", "combo": []}, {"category": "Cleaning & Household", "sub_category_name": "Pooja Needs", "product_name": "Scented Pillar Candles", "product_brand": "Pahal", "combo": []}, {"category": "Cleaning & Household", "sub_category_name": "Pooja Needs", "product_name": "Ghee Diya For Pooja - Chandan", "product_brand": "Nirgun Bhakti", "combo": [["30 pcs", "140.00"], ["50 pcs", "220.00"]]}, {"category": "Cleaning & Household", "sub_category_name": "Pooja Needs", "product_name": "All in 1 Assorted pack of Cycle Pure Agarbathis", "product_brand": "Cycle", "combo": []}, {"category": "Cleaning & Household", "sub_category_name": "Pooja Needs", "product_name": "Agarbathi - Woods Regular Sticks", "product_brand": "Cycle", "combo": []}, {"category": "Cleaning & Household", "sub_category_name": "Pooja Needs", "product_name": "Agarbathi Lia - Prime Rose Incense Sticks", "product_brand": "Cycle", "combo": []}, {"category": "Cleaning & Household", "sub_category_name": "Pooja Needs", "product_name": "Agarbathi Good Luck - Kewda Sticks", "product_brand": "Cycle", "combo": []}, {"category": "Cleaning & Household", "sub_category_name": "Pooja Needs", "product_name": "Agarbathi - Yagna Natural Incense Sticks", "product_brand": "Cycle", "combo": []}, {"category": "Cleaning & Household", "sub_category_name": "Pooja Needs", "product_name": "Bansuri Agarbathi", "product_brand": "Cycle", "combo": []}, {"category": "Cleaning & Household", "sub_category_name": "Pooja Needs", "product_name": "Temple Diya Silver Tradition Agarbatti Sticks", "product_brand": "Mangaldeep", "combo": []}, {"category": "Cleaning & Household", "sub_category_name": "Pooja Needs", "product_name": "Agarbathi Lia - Naturegift Incense Sticks", "product_brand": "Cycle", "combo": []}, {"category": "Cleaning & Household", "sub_category_name": "Pooja Needs", "product_name": "Agarbathi Lia - Rainbow Incense Sticks", "product_brand": "Cycle", "combo": []}, {"category": "Cleaning & Household", "sub_category_name": "Pooja Needs", "product_name": "Precious Agarbatti - Intimate", "product_brand": "Hem", "combo": []}, {"category": "Cleaning & Household", "sub_category_name": "Pooja Needs", "product_name": "Naivedya Jumbo Sambrani", "product_brand": "Cycle", "combo": []}, {"category": "Cleaning & Household", "sub_category_name": "Pooja Needs", "product_name": "Temple Yagna Gold Tradition Agarbatti Sticks", "product_brand": "Mangaldeep", "combo": []}, {"category": "Cleaning & Household", "sub_category_name": "Pooja Needs", "product_name": "Cow Dung Cake", "product_brand": "Harshman", "combo": []}, {"category": "Cleaning & Household", "sub_category_name": "Pooja Needs", "product_name": "Agarbathi Lia - Samptrupti Incense Sticks", "product_brand": "Cycle", "combo": []}, {"category": "Cleaning & Household", "sub_category_name": "Pooja Needs", "product_name": "Hand Crafted Premium Incense", "product_brand": "Eco", "combo": []}, {"category": "Cleaning & Household", "sub_category_name": "Pooja Needs", "product_name": "Oil - Pancha Deepam", "product_brand": "Oneness", "combo": []}, {"category": "Cleaning & Household", "sub_category_name": "Pooja Needs", "product_name": "Lavender Agarbatti Sticks", "product_brand": "Mangaldeep", "combo": []}, {"category": "Cleaning & Household", "sub_category_name": "Pooja Needs", "product_name": "Lia Prime Rose Elegant & Delicate Exclusive Fragrance", "product_brand": "Cycle", "combo": []}, {"category": "Cleaning & Household", "sub_category_name": "Pooja Needs", "product_name": "New Brass Jali Jyot", "product_brand": "Frestol", "combo": []}, {"category": "Cleaning & Household", "sub_category_name": "Pooja Needs", "product_name": "Bell - Plain", "product_brand": "Nirgun Bhakti", "combo": []}, {"category": "Cleaning & Household", "sub_category_name": "Pooja Needs", "product_name": "Matchbox - Big", "product_brand": "Home Lite", "combo": []}, {"category": "Cleaning & Household", "sub_category_name": "Pooja Needs", "product_name": "Copper Pooja Thali", "product_brand": "Nirgun Bhakti", "combo": []}, {"category": "Cleaning & Household", "sub_category_name": "Pooja Needs", "product_name": "Lia Candanam Divine & Soothing Exclusive Fragrance", "product_brand": "Cycle", "combo": []}, {"category": "Cleaning & Household", "sub_category_name": "Pooja Needs", "product_name": "Round Diya - Large", "product_brand": "Nirgun Bhakti", "combo": []}, {"category": "Cleaning & Household", "sub_category_name": "Pooja Needs", "product_name": "Heritage Prayer Sticks", "product_brand": "Cycle", "combo": []}, {"category": "Cleaning & Household", "sub_category_name": "Pooja Needs", "product_name": "Sandalum", "product_brand": "Cycle", "combo": []}, {"category": "Cleaning & Household", "sub_category_name": "Pooja Needs", "product_name": "Morning Glory Incense Sticks", "product_brand": "Cycle", "combo": []}, {"category": "Cleaning & Household", "sub_category_name": "Pooja Needs", "product_name": "Agarbatti Stand", "product_brand": "Nirgun Bhakti", "combo": []}, {"category": "Cleaning & Household", "sub_category_name": "Pooja Needs", "product_name": "Pooja Agarbatti - Treya 3 in 1", "product_brand": "Mangaldeep", "combo": []}, {"category": "Cleaning & Household", "sub_category_name": "Pooja Needs", "product_name": "Incense Sticks - Rose", "product_brand": "Maya", "combo": []}, {"category": "Cleaning & Household", "sub_category_name": "Pooja Needs", "product_name": "Decorative Scented Candles - White, BB-1259-3 White", "product_brand": "DP", "combo": []}, {"category": "Cleaning & Household", "sub_category_name": "Pooja Needs", "product_name": "Gattu Agarbatti Stand", "product_brand": "Nirgun Bhakti", "combo": []}, {"category": "Cleaning & Household", "sub_category_name": "Pooja Needs", "product_name": "Woods Natural Incense", "product_brand": "Woods", "combo": []}, {"category": "Cleaning & Household", "sub_category_name": "Pooja Needs", "product_name": "Incense Sticks - Chardham", "product_brand": "Maya", "combo": []}, {"category": "Cleaning & Household", "sub_category_name": "Pooja Needs", "product_name": "Durga Shakti Agarbatti", "product_brand": "Maya", "combo": []}, {"category": "Cleaning & Household", "sub_category_name": "Pooja Needs", "product_name": "Round Diya - Small", "product_brand": "Nirgun Bhakti", "combo": []}, {"category": "Cleaning & Household", "sub_category_name": "Pooja Needs", "product_name": "Floating Candles - Sunflower", "product_brand": "Pahal", "combo": []}, {"category": "Cleaning & Household", "sub_category_name": "Pooja Needs", "product_name": "Mandir Bell With Wooden Stand - Red", "product_brand": "Frestol", "combo": []}, {"category": "Cleaning & Household", "sub_category_name": "Pooja Needs", "product_name": "New Brass Jali Jyot", "product_brand": "Frestol", "combo": []}, {"category": "Cleaning & Household", "sub_category_name": "Pooja Needs", "product_name": "Bell - Plain", "product_brand": "Nirgun Bhakti", "combo": []}, {"category": "Cleaning & Household", "sub_category_name": "Pooja Needs", "product_name": "Matchbox - Big", "product_brand": "Home Lite", "combo": []}, {"category": "Cleaning & Household", "sub_category_name": "Pooja Needs", "product_name": "Copper Pooja Thali", "product_brand": "Nirgun Bhakti", "combo": []}, {"category": "Cleaning & Household", "sub_category_name": "Pooja Needs", "product_name": "Lia Candanam Divine & Soothing Exclusive Fragrance", "product_brand": "Cycle", "combo": []}, {"category": "Cleaning & Household", "sub_category_name": "Pooja Needs", "product_name": "Round Diya - Large", "product_brand": "Nirgun Bhakti", "combo": []}, {"category": "Cleaning & Household", "sub_category_name": "Pooja Needs", "product_name": "Heritage Prayer Sticks", "product_brand": "Cycle", "combo": []}, {"category": "Cleaning & Household", "sub_category_name": "Pooja Needs", "product_name": "Sandalum", "product_brand": "Cycle", "combo": []}, {"category": "Cleaning & Household", "sub_category_name": "Pooja Needs", "product_name": "Morning Glory Incense Sticks", "product_brand": "Cycle", "combo": []}, {"category": "Cleaning & Household", "sub_category_name": "Pooja Needs", "product_name": "Agarbatti Stand", "product_brand": "Nirgun Bhakti", "combo": []}, {"category": "Cleaning & Household", "sub_category_name": "Pooja Needs", "product_name": "Pooja Agarbatti - Treya 3 in 1", "product_brand": "Mangaldeep", "combo": []}, {"category": "Cleaning & Household", "sub_category_name": "Pooja Needs", "product_name": "Incense Sticks - Rose", "product_brand": "Maya", "combo": []}, {"category": "Cleaning & Household", "sub_category_name": "Pooja Needs", "product_name": "Decorative Scented Candles - White, BB-1259-3 White", "product_brand": "DP", "combo": []}, {"category": "Cleaning & Household", "sub_category_name": "Pooja Needs", "product_name": "Gattu Agarbatti Stand", "product_brand": "Nirgun Bhakti", "combo": []}, {"category": "Cleaning & Household", "sub_category_name": "Pooja Needs", "product_name": "Woods Natural Incense", "product_brand": "Woods", "combo": []}, {"category": "Cleaning & Household", "sub_category_name": "Pooja Needs", "product_name": "Incense Sticks - Chardham", "product_brand": "Maya", "combo": []}, {"category": "Cleaning & Household", "sub_category_name": "Pooja Needs", "product_name": "Durga Shakti Agarbatti", "product_brand": "Maya", "combo": []}, {"category": "Cleaning & Household", "sub_category_name": "Pooja Needs", "product_name": "Round Diya - Small", "product_brand": "Nirgun Bhakti", "combo": []}, {"category": "Cleaning & Household", "sub_category_name": "Pooja Needs", "product_name": "Floating Candles - Sunflower", "product_brand": "Pahal", "combo": []}, {"category": "Cleaning & Household", "sub_category_name": "Pooja Needs", "product_name": "Mandir Bell With Wooden Stand - Red", "product_brand": "Frestol", "combo": []}, {"category": "Cleaning & Household", "sub_category_name": "Pooja Needs", "product_name": "New Brass Jali Jyot", "product_brand": "Frestol", "combo": []}, {"category": "Cleaning & Household", "sub_category_name": "Pooja Needs", "product_name": "Bell - Plain", "product_brand": "Nirgun Bhakti", "combo": []}, {"category": "Cleaning & Household", "sub_category_name": "Pooja Needs", "product_name": "Matchbox - Big", "product_brand": "Home Lite", "combo": []}, {"category": "Cleaning & Household", "sub_category_name": "Pooja Needs", "product_name": "Copper Pooja Thali", "product_brand": "Nirgun Bhakti", "combo": []}, {"category": "Cleaning & Household", "sub_category_name": "Pooja Needs", "product_name": "Lia Candanam Divine & Soothing Exclusive Fragrance", "product_brand": "Cycle", "combo": []}, {"category": "Cleaning & Household", "sub_category_name": "Pooja Needs", "product_name": "Round Diya - Large", "product_brand": "Nirgun Bhakti", "combo": []}, {"category": "Cleaning & Household", "sub_category_name": "Pooja Needs", "product_name": "Heritage Prayer Sticks", "product_brand": "Cycle", "combo": []}, {"category": "Cleaning & Household", "sub_category_name": "Pooja Needs", "product_name": "Sandalum", "product_brand": "Cycle", "combo": []}, {"category": "Cleaning & Household", "sub_category_name": "Pooja Needs", "product_name": "Morning Glory Incense Sticks", "product_brand": "Cycle", "combo": []}, {"category": "Cleaning & Household", "sub_category_name": "Pooja Needs", "product_name": "Agarbatti Stand", "product_brand": "Nirgun Bhakti", "combo": []}, {"category": "Cleaning & Household", "sub_category_name": "Pooja Needs", "product_name": "Pooja Agarbatti - Treya 3 in 1", "product_brand": "Mangaldeep", "combo": []}, {"category": "Cleaning & Household", "sub_category_name": "Pooja Needs", "product_name": "Incense Sticks - Rose", "product_brand": "Maya", "combo": []}, {"category": "Cleaning & Household", "sub_category_name": "Pooja Needs", "product_name": "Decorative Scented Candles - White, BB-1259-3 White", "product_brand": "DP", "combo": []}, {"category": "Cleaning & Household", "sub_category_name": "Pooja Needs", "product_name": "Gattu Agarbatti Stand", "product_brand": "Nirgun Bhakti", "combo": []}, {"category": "Cleaning & Household", "sub_category_name": "Pooja Needs", "product_name": "Woods Natural Incense", "product_brand": "Woods", "combo": []}, {"category": "Cleaning & Household", "sub_category_name": "Pooja Needs", "product_name": "Incense Sticks - Chardham", "product_brand": "Maya", "combo": []}, {"category": "Cleaning & Household", "sub_category_name": "Pooja Needs", "product_name": "Durga Shakti Agarbatti", "product_brand": "Maya", "combo": []}, {"category": "Cleaning & Household", "sub_category_name": "Pooja Needs", "product_name": "Round Diya - Small", "product_brand": "Nirgun Bhakti", "combo": []}, {"category": "Cleaning & Household", "sub_category_name": "Pooja Needs", "product_name": "Floating Candles - Sunflower", "product_brand": "Pahal", "combo": []}, {"category": "Cleaning & Household", "sub_category_name": "Pooja Needs", "product_name": "Mandir Bell With Wooden Stand - Red", "product_brand": "Frestol", "combo": []}, {"category": "Cleaning & Household", "sub_category_name": "Pooja Needs", "product_name": "Wax Diya - Assorted Colour, ED124E", "product_brand": "Diyaz", "combo": []}, {"category": "Cleaning & Household", "sub_category_name": "Pooja Needs", "product_name": "Panch Aarti - Small", "product_brand": "Nirgun Bhakti", "combo": []}, {"category": "Cleaning & Household", "sub_category_name": "Pooja Needs", "product_name": "Sindur Dabbi", "product_brand": "Nirgun Bhakti", "combo": []}, {"category": "Cleaning & Household", "sub_category_name": "Pooja Needs", "product_name": "Decorative Scented Candles - White Beaded, BB-1260-White", "product_brand": "DP", "combo": []}, {"category": "Cleaning & Household", "sub_category_name": "Pooja Needs", "product_name": "Lia Rainbow Vibran Active Exclusive Fragrance", "product_brand": "Cycle", "combo": []}, {"category": "Cleaning & Household", "sub_category_name": "Pooja Needs", "product_name": "Designer Jyot - Green", "product_brand": "Frestol", "combo": []}, {"category": "Cleaning & Household", "sub_category_name": "Pooja Needs", "product_name": "Kamal Diya - Decorative", "product_brand": "Nirgun Bhakti", "combo": []}, {"category": "Cleaning & Household", "sub_category_name": "Pooja Needs", "product_name": "Long Samai - Big", "product_brand": "Nirgun Bhakti", "combo": []}, {"category": "Cleaning & Household", "sub_category_name": "Pooja Needs", "product_name": "Bouquet Agarbatti Sticks", "product_brand": "Mangaldeep", "combo": []}, {"category": "Cleaning & Household", "sub_category_name": "Pooja Needs", "product_name": "Nanda Deep Brass Diya Oil Lamp Puja S11 - Golden", "product_brand": "HAZEL", "combo": [["1 pc", "179.00"], ["1 pc", "275.00"]]}, {"category": "Cleaning & Household", "sub_category_name": "Pooja Needs", "product_name": "Kuber Deep - Decorative", "product_brand": "Nirgun Bhakti", "combo": []}, {"category": "Cleaning & Household", "sub_category_name": "Pooja Needs", "product_name": "Floating Candles - Rose", "product_brand": "Pahal", "combo": []}, {"category": "Cleaning & Household", "sub_category_name": "Pooja Needs", "product_name": "Ghee Diya For Pooja - Gulab", "product_brand": "Nirgun Bhakti", "combo": [["30 pcs", "140.00"], ["50 pcs", "220.00"]]}, {"category": "Cleaning & Household", "sub_category_name": "Pooja Needs", "product_name": "Tealight Candles", "product_brand": "Nirgun Bhakti", "combo": [["50 pcs", "245.00"], ["100 pcs", "399.00"]]}, {"category": "Cleaning & Household", "sub_category_name": "Pooja Needs", "product_name": "Haldi For Pooja", "product_brand": "Nirgun Bhakti", "combo": []}, {"category": "Cleaning & Household", "sub_category_name": "Pooja Needs", "product_name": "Kumkum For Pooja", "product_brand": "Nirgun Bhakti", "combo": []}, {"category": "Cleaning & Household", "sub_category_name": "Pooja Needs", "product_name": "Ashtagandha For Pooja", "product_brand": "Nirgun Bhakti", "combo": []}, {"category": "Cleaning & Household", "sub_category_name": "Pooja Needs", "product_name": "Chowmukh Haldi & Kumkum Holder", "product_brand": "Nirgun Bhakti", "combo": []}, {"category": "Cleaning & Household", "sub_category_name": "Pooja Needs", "product_name": "Copper Panch Patra - Medium", "product_brand": "Nirgun Bhakti", "combo": []}, {"category": "Cleaning & Household", "sub_category_name": "Pooja Needs", "product_name": "Copper Kalash - Medium", "product_brand": "Nirgun Bhakti", "combo": []}, {"category": "Cleaning & Household", "sub_category_name": "Pooja Needs", "product_name": "New Brass Jali Jyot", "product_brand": "Frestol", "combo": []}, {"category": "Cleaning & Household", "sub_category_name": "Pooja Needs", "product_name": "Bell - Plain", "product_brand": "Nirgun Bhakti", "combo": []}, {"category": "Cleaning & Household", "sub_category_name": "Pooja Needs", "product_name": "Matchbox - Big", "product_brand": "Home Lite", "combo": []}, {"category": "Cleaning & Household", "sub_category_name": "Pooja Needs", "product_name": "Copper Pooja Thali", "product_brand": "Nirgun Bhakti", "combo": []}, {"category": "Cleaning & Household", "sub_category_name": "Pooja Needs", "product_name": "Lia Candanam Divine & Soothing Exclusive Fragrance", "product_brand": "Cycle", "combo": []}, {"category": "Cleaning & Household", "sub_category_name": "Pooja Needs", "product_name": "Round Diya - Large", "product_brand": "Nirgun Bhakti", "combo": []}, {"category": "Cleaning & Household", "sub_category_name": "Pooja Needs", "product_name": "Heritage Prayer Sticks", "product_brand": "Cycle", "combo": []}, {"category": "Cleaning & Household", "sub_category_name": "Pooja Needs", "product_name": "Sandalum", "product_brand": "Cycle", "combo": []}, {"category": "Cleaning & Household", "sub_category_name": "Pooja Needs", "product_name": "Morning Glory Incense Sticks", "product_brand": "Cycle", "combo": []}, {"category": "Cleaning & Household", "sub_category_name": "Pooja Needs", "product_name": "Agarbatti Stand", "product_brand": "Nirgun Bhakti", "combo": []}, {"category": "Cleaning & Household", "sub_category_name": "Pooja Needs", "product_name": "Pooja Agarbatti - Treya 3 in 1", "product_brand": "Mangaldeep", "combo": []}, {"category": "Cleaning & Household", "sub_category_name": "Pooja Needs", "product_name": "Incense Sticks - Rose", "product_brand": "Maya", "combo": []}, {"category": "Cleaning & Household", "sub_category_name": "Pooja Needs", "product_name": "Decorative Scented Candles - White, BB-1259-3 White", "product_brand": "DP", "combo": []}, {"category": "Cleaning & Household", "sub_category_name": "Pooja Needs", "product_name": "Gattu Agarbatti Stand", "product_brand": "Nirgun Bhakti", "combo": []}, {"category": "Cleaning & Household", "sub_category_name": "Pooja Needs", "product_name": "Woods Natural Incense", "product_brand": "Woods", "combo": []}, {"category": "Cleaning & Household", "sub_category_name": "Pooja Needs", "product_name": "Incense Sticks - Chardham", "product_brand": "Maya", "combo": []}, {"category": "Cleaning & Household", "sub_category_name": "Pooja Needs", "product_name": "Durga Shakti Agarbatti", "product_brand": "Maya", "combo": []}, {"category": "Cleaning & Household", "sub_category_name": "Pooja Needs", "product_name": "Round Diya - Small", "product_brand": "Nirgun Bhakti", "combo": []}, {"category": "Cleaning & Household", "sub_category_name": "Pooja Needs", "product_name": "Floating Candles - Sunflower", "product_brand": "Pahal", "combo": []}, {"category": "Cleaning & Household", "sub_category_name": "Pooja Needs", "product_name": "Mandir Bell With Wooden Stand - Red", "product_brand": "Frestol", "combo": []}, {"category": "Cleaning & Household", "sub_category_name": "Pooja Needs", "product_name": "New Brass Jali Jyot", "product_brand": "Frestol", "combo": []}, {"category": "Cleaning & Household", "sub_category_name": "Pooja Needs", "product_name": "Bell - Plain", "product_brand": "Nirgun Bhakti", "combo": []}, {"category": "Cleaning & Household", "sub_category_name": "Pooja Needs", "product_name": "Matchbox - Big", "product_brand": "Home Lite", "combo": []}, {"category": "Cleaning & Household", "sub_category_name": "Pooja Needs", "product_name": "Copper Pooja Thali", "product_brand": "Nirgun Bhakti", "combo": []}, {"category": "Cleaning & Household", "sub_category_name": "Pooja Needs", "product_name": "Lia Candanam Divine & Soothing Exclusive Fragrance", "product_brand": "Cycle", "combo": []}, {"category": "Cleaning & Household", "sub_category_name": "Pooja Needs", "product_name": "Round Diya - Large", "product_brand": "Nirgun Bhakti", "combo": []}, {"category": "Cleaning & Household", "sub_category_name": "Pooja Needs", "product_name": "Heritage Prayer Sticks", "product_brand": "Cycle", "combo": []}, {"category": "Cleaning & Household", "sub_category_name": "Pooja Needs", "product_name": "Sandalum", "product_brand": "Cycle", "combo": []}, {"category": "Cleaning & Household", "sub_category_name": "Pooja Needs", "product_name": "Morning Glory Incense Sticks", "product_brand": "Cycle", "combo": []}, {"category": "Cleaning & Household", "sub_category_name": "Pooja Needs", "product_name": "Agarbatti Stand", "product_brand": "Nirgun Bhakti", "combo": []}, {"category": "Cleaning & Household", "sub_category_name": "Pooja Needs", "product_name": "Pooja Agarbatti - Treya 3 in 1", "product_brand": "Mangaldeep", "combo": []}, {"category": "Cleaning & Household", "sub_category_name": "Pooja Needs", "product_name": "Incense Sticks - Rose", "product_brand": "Maya", "combo": []}, {"category": "Cleaning & Household", "sub_category_name": "Pooja Needs", "product_name": "Decorative Scented Candles - White, BB-1259-3 White", "product_brand": "DP", "combo": []}, {"category": "Cleaning & Household", "sub_category_name": "Pooja Needs", "product_name": "Gattu Agarbatti Stand", "product_brand": "Nirgun Bhakti", "combo": []}, {"category": "Cleaning & Household", "sub_category_name": "Pooja Needs", "product_name": "Woods Natural Incense", "product_brand": "Woods", "combo": []}, {"category": "Cleaning & Household", "sub_category_name": "Pooja Needs", "product_name": "Incense Sticks - Chardham", "product_brand": "Maya", "combo": []}, {"category": "Cleaning & Household", "sub_category_name": "Pooja Needs", "product_name": "Durga Shakti Agarbatti", "product_brand": "Maya", "combo": []}, {"category": "Cleaning & Household", "sub_category_name": "Pooja Needs", "product_name": "Round Diya - Small", "product_brand": "Nirgun Bhakti", "combo": []}, {"category": "Cleaning & Household", "sub_category_name": "Pooja Needs", "product_name": "Floating Candles - Sunflower", "product_brand": "Pahal", "combo": []}, {"category": "Cleaning & Household", "sub_category_name": "Pooja Needs", "product_name": "Mandir Bell With Wooden Stand - Red", "product_brand": "Frestol", "combo": []}, {"category": "Cleaning & Household", "sub_category_name": "Pooja Needs", "product_name": "New Brass Jali Jyot", "product_brand": "Frestol", "combo": []}, {"category": "Cleaning & Household", "sub_category_name": "Pooja Needs", "product_name": "Bell - Plain", "product_brand": "Nirgun Bhakti", "combo": []}, {"category": "Cleaning & Household", "sub_category_name": "Pooja Needs", "product_name": "Matchbox - Big", "product_brand": "Home Lite", "combo": []}, {"category": "Cleaning & Household", "sub_category_name": "Pooja Needs", "product_name": "Copper Pooja Thali", "product_brand": "Nirgun Bhakti", "combo": []}, {"category": "Cleaning & Household", "sub_category_name": "Pooja Needs", "product_name": "Lia Candanam Divine & Soothing Exclusive Fragrance", "product_brand": "Cycle", "combo": []}, {"category": "Cleaning & Household", "sub_category_name": "Pooja Needs", "product_name": "Round Diya - Large", "product_brand": "Nirgun Bhakti", "combo": []}, {"category": "Cleaning & Household", "sub_category_name": "Pooja Needs", "product_name": "Heritage Prayer Sticks", "product_brand": "Cycle", "combo": []}, {"category": "Cleaning & Household", "sub_category_name": "Pooja Needs", "product_name": "Sandalum", "product_brand": "Cycle", "combo": []}, {"category": "Cleaning & Household", "sub_category_name": "Pooja Needs", "product_name": "Morning Glory Incense Sticks", "product_brand": "Cycle", "combo": []}, {"category": "Cleaning & Household", "sub_category_name": "Pooja Needs", "product_name": "Agarbatti Stand", "product_brand": "Nirgun Bhakti", "combo": []}, {"category": "Cleaning & Household", "sub_category_name": "Pooja Needs", "product_name": "Pooja Agarbatti - Treya 3 in 1", "product_brand": "Mangaldeep", "combo": []}, {"category": "Cleaning & Household", "sub_category_name": "Pooja Needs", "product_name": "Incense Sticks - Rose", "product_brand": "Maya", "combo": []}, {"category": "Cleaning & Household", "sub_category_name": "Pooja Needs", "product_name": "Decorative Scented Candles - White, BB-1259-3 White", "product_brand": "DP", "combo": []}, {"category": "Cleaning & Household", "sub_category_name": "Pooja Needs", "product_name": "Gattu Agarbatti Stand", "product_brand": "Nirgun Bhakti", "combo": []}, {"category": "Cleaning & Household", "sub_category_name": "Pooja Needs", "product_name": "Woods Natural Incense", "product_brand": "Woods", "combo": []}, {"category": "Cleaning & Household", "sub_category_name": "Pooja Needs", "product_name": "Incense Sticks - Chardham", "product_brand": "Maya", "combo": []}, {"category": "Cleaning & Household", "sub_category_name": "Pooja Needs", "product_name": "Durga Shakti Agarbatti", "product_brand": "Maya", "combo": []}, {"category": "Cleaning & Household", "sub_category_name": "Pooja Needs", "product_name": "Round Diya - Small", "product_brand": "Nirgun Bhakti", "combo": []}, {"category": "Cleaning & Household", "sub_category_name": "Pooja Needs", "product_name": "Floating Candles - Sunflower", "product_brand": "Pahal", "combo": []}, {"category": "Cleaning & Household", "sub_category_name": "Pooja Needs", "product_name": "Mandir Bell With Wooden Stand - Red", "product_brand": "Frestol", "combo": []}, {"category": "Cleaning & Household", "sub_category_name": "Pooja Needs", "product_name": "New Brass Jali Jyot", "product_brand": "Frestol", "combo": []}, {"category": "Cleaning & Household", "sub_category_name": "Pooja Needs", "product_name": "Bell - Plain", "product_brand": "Nirgun Bhakti", "combo": []}, {"category": "Cleaning & Household", "sub_category_name": "Pooja Needs", "product_name": "Matchbox - Big", "product_brand": "Home Lite", "combo": []}, {"category": "Cleaning & Household", "sub_category_name": "Pooja Needs", "product_name": "Copper Pooja Thali", "product_brand": "Nirgun Bhakti", "combo": []}, {"category": "Cleaning & Household", "sub_category_name": "Pooja Needs", "product_name": "Lia Candanam Divine & Soothing Exclusive Fragrance", "product_brand": "Cycle", "combo": []}, {"category": "Cleaning & Household", "sub_category_name": "Pooja Needs", "product_name": "Round Diya - Large", "product_brand": "Nirgun Bhakti", "combo": []}, {"category": "Cleaning & Household", "sub_category_name": "Pooja Needs", "product_name": "Heritage Prayer Sticks", "product_brand": "Cycle", "combo": []}, {"category": "Cleaning & Household", "sub_category_name": "Pooja Needs", "product_name": "Sandalum", "product_brand": "Cycle", "combo": []}, {"category": "Cleaning & Household", "sub_category_name": "Pooja Needs", "product_name": "Morning Glory Incense Sticks", "product_brand": "Cycle", "combo": []}, {"category": "Cleaning & Household", "sub_category_name": "Pooja Needs", "product_name": "Agarbatti Stand", "product_brand": "Nirgun Bhakti", "combo": []}, {"category": "Cleaning & Household", "sub_category_name": "Pooja Needs", "product_name": "Pooja Agarbatti - Treya 3 in 1", "product_brand": "Mangaldeep", "combo": []}, {"category": "Cleaning & Household", "sub_category_name": "Pooja Needs", "product_name": "Incense Sticks - Rose", "product_brand": "Maya", "combo": []}, {"category": "Cleaning & Household", "sub_category_name": "Pooja Needs", "product_name": "Decorative Scented Candles - White, BB-1259-3 White", "product_brand": "DP", "combo": []}, {"category": "Cleaning & Household", "sub_category_name": "Pooja Needs", "product_name": "Gattu Agarbatti Stand", "product_brand": "Nirgun Bhakti", "combo": []}, {"category": "Cleaning & Household", "sub_category_name": "Pooja Needs", "product_name": "Woods Natural Incense", "product_brand": "Woods", "combo": []}, {"category": "Cleaning & Household", "sub_category_name": "Pooja Needs", "product_name": "Incense Sticks - Chardham", "product_brand": "Maya", "combo": []}, {"category": "Cleaning & Household", "sub_category_name": "Pooja Needs", "product_name": "Durga Shakti Agarbatti", "product_brand": "Maya", "combo": []}, {"category": "Cleaning & Household", "sub_category_name": "Pooja Needs", "product_name": "Round Diya - Small", "product_brand": "Nirgun Bhakti", "combo": []}, {"category": "Cleaning & Household", "sub_category_name": "Pooja Needs", "product_name": "Floating Candles - Sunflower", "product_brand": "Pahal", "combo": []}, {"category": "Cleaning & Household", "sub_category_name": "Pooja Needs", "product_name": "Mandir Bell With Wooden Stand - Red", "product_brand": "Frestol", "combo": []}, {"category": "Cleaning & Household", "sub_category_name": "Pooja Needs", "product_name": "Decorative Wax Round Candles - Pink, BB-1255-8", "product_brand": "DP", "combo": []}, {"category": "Cleaning & Household", "sub_category_name": "Pooja Needs", "product_name": "Decorative Wax Candles Scented - Pink, BB-1263- Rose", "product_brand": "DP", "combo": []}, {"category": "Cleaning & Household", "sub_category_name": "Pooja Needs", "product_name": "Decorative Wax Candles - Lavender, BB-1262-1", "product_brand": "DP", "combo": []}, {"category": "Cleaning & Household", "sub_category_name": "Pooja Needs", "product_name": "Decorative Wax Candles - Arancia, Bb-1262-3 Arancia", "product_brand": "DP", "combo": []}, {"category": "Cleaning & Household", "sub_category_name": "Pooja Needs", "product_name": "Decorative Wax Scented Candles - Red, BB-1262-6", "product_brand": "DP", "combo": []}, {"category": "Cleaning & Household", "sub_category_name": "Pooja Needs", "product_name": "Decorative Wax Scented Candles - White, BB-1262-4", "product_brand": "DP", "combo": []}, {"category": "Cleaning & Household", "sub_category_name": "Pooja Needs", "product_name": "Decorative Wax Candles Scented - White, Bb-1262-4 Rose", "product_brand": "DP", "combo": []}, {"category": "Cleaning & Household", "sub_category_name": "Pooja Needs", "product_name": "Diya & Batti", "product_brand": "Om Bhakti", "combo": []}, {"category": "Cleaning & Household", "sub_category_name": "Pooja Needs", "product_name": "Diya & Batti - Small", "product_brand": "Om Bhakti", "combo": []}, {"category": "Cleaning & Household", "sub_category_name": "Pooja Needs", "product_name": "Mud Wax Diya - Red", "product_brand": "SBE", "combo": []}, {"category": "Cleaning & Household", "sub_category_name": "Pooja Needs", "product_name": "Latkan", "product_brand": "SBE", "combo": []}, {"category": "Cleaning & Household", "sub_category_name": "Pooja Needs", "product_name": "Bhandhanwar/Toran/Door Hanging - Premium", "product_brand": "SBE", "combo": []}, {"category": "Cleaning & Household", "sub_category_name": "Pooja Needs", "product_name": "Diwali - Festival Kit", "product_brand": "Om Bhakti", "combo": []}, {"category": "Cleaning & Household", "sub_category_name": "Pooja Needs", "product_name": "Half Shankh Shaped Diwali Diyas - Dd139", "product_brand": "Unique Arts & Interiors", "combo": []}, {"category": "Cleaning & Household", "sub_category_name": "Pooja Needs", "product_name": "Multicolored Round Designer Diwali Diyas - Dd142", "product_brand": "Unique Arts & Interiors", "combo": []}, {"category": "Cleaning & Household", "sub_category_name": "Pooja Needs", "product_name": "Bhandhanwar/Toran/Door Hanging", "product_brand": "SBE", "combo": []}, {"category": "Cleaning & Household", "sub_category_name": "Pooja Needs", "product_name": "Unique Arts Unique Round Shaped Diwali Diyas", "product_brand": "Unique Arts & Interiors", "combo": []}, {"category": "Cleaning & Household", "sub_category_name": "Pooja Needs", "product_name": "Diwali Diya - Bow Top Design", "product_brand": "Unique Arts & Interiors", "combo": []}, {"category": "Cleaning & Household", "sub_category_name": "Pooja Needs", "product_name": "Unique Arts Akhand Shaped Designer Diwali Diyas", "product_brand": "Unique Arts & Interiors", "combo": []}, {"category": "Cleaning & Household", "sub_category_name": "Pooja Needs", "product_name": "Unique Arts Green Petals Shaped Diwali Diyas", "product_brand": "Unique Arts & Interiors", "combo": []}, {"category": "Cleaning & Household", "sub_category_name": "Pooja Needs", "product_name": "Decorative Wax Round Candles - Pink, BB-1255-8", "product_brand": "DP", "combo": []}, {"category": "Cleaning & Household", "sub_category_name": "Pooja Needs", "product_name": "Decorative Wax Candles Scented - Pink, BB-1263- Rose", "product_brand": "DP", "combo": []}, {"category": "Cleaning & Household", "sub_category_name": "Pooja Needs", "product_name": "Decorative Wax Candles - Lavender, BB-1262-1", "product_brand": "DP", "combo": []}, {"category": "Cleaning & Household", "sub_category_name": "Pooja Needs", "product_name": "Decorative Wax Candles - Arancia, Bb-1262-3 Arancia", "product_brand": "DP", "combo": []}, {"category": "Cleaning & Household", "sub_category_name": "Pooja Needs", "product_name": "Decorative Wax Scented Candles - Red, BB-1262-6", "product_brand": "DP", "combo": []}, {"category": "Cleaning & Household", "sub_category_name": "Pooja Needs", "product_name": "Decorative Wax Scented Candles - White, BB-1262-4", "product_brand": "DP", "combo": []}, {"category": "Cleaning & Household", "sub_category_name": "Pooja Needs", "product_name": "Decorative Wax Candles Scented - White, Bb-1262-4 Rose", "product_brand": "DP", "combo": []}, {"category": "Cleaning & Household", "sub_category_name": "Pooja Needs", "product_name": "Diya & Batti", "product_brand": "Om Bhakti", "combo": []}, {"category": "Cleaning & Household", "sub_category_name": "Pooja Needs", "product_name": "Diya & Batti - Small", "product_brand": "Om Bhakti", "combo": []}, {"category": "Cleaning & Household", "sub_category_name": "Pooja Needs", "product_name": "Mud Wax Diya - Red", "product_brand": "SBE", "combo": []}, {"category": "Cleaning & Household", "sub_category_name": "Pooja Needs", "product_name": "Latkan", "product_brand": "SBE", "combo": []}, {"category": "Cleaning & Household", "sub_category_name": "Pooja Needs", "product_name": "Bhandhanwar/Toran/Door Hanging - Premium", "product_brand": "SBE", "combo": []}, {"category": "Cleaning & Household", "sub_category_name": "Pooja Needs", "product_name": "Diwali - Festival Kit", "product_brand": "Om Bhakti", "combo": []}, {"category": "Cleaning & Household", "sub_category_name": "Pooja Needs", "product_name": "Half Shankh Shaped Diwali Diyas - Dd139", "product_brand": "Unique Arts & Interiors", "combo": []}, {"category": "Cleaning & Household", "sub_category_name": "Pooja Needs", "product_name": "Multicolored Round Designer Diwali Diyas - Dd142", "product_brand": "Unique Arts & Interiors", "combo": []}, {"category": "Cleaning & Household", "sub_category_name": "Pooja Needs", "product_name": "Bhandhanwar/Toran/Door Hanging", "product_brand": "SBE", "combo": []}, {"category": "Cleaning & Household", "sub_category_name": "Pooja Needs", "product_name": "Unique Arts Unique Round Shaped Diwali Diyas", "product_brand": "Unique Arts & Interiors", "combo": []}, {"category": "Cleaning & Household", "sub_category_name": "Pooja Needs", "product_name": "Diwali Diya - Bow Top Design", "product_brand": "Unique Arts & Interiors", "combo": []}, {"category": "Cleaning & Household", "sub_category_name": "Pooja Needs", "product_name": "Unique Arts Akhand Shaped Designer Diwali Diyas", "product_brand": "Unique Arts & Interiors", "combo": []}, {"category": "Cleaning & Household", "sub_category_name": "Pooja Needs", "product_name": "Unique Arts Green Petals Shaped Diwali Diyas", "product_brand": "Unique Arts & Interiors", "combo": []}, {"category": "Cleaning & Household", "sub_category_name": "Pooja Needs", "product_name": "Decorative Wax Round Candles - Pink, BB-1255-8", "product_brand": "DP", "combo": []}, {"category": "Cleaning & Household", "sub_category_name": "Pooja Needs", "product_name": "Decorative Wax Candles Scented - Pink, BB-1263- Rose", "product_brand": "DP", "combo": []}, {"category": "Cleaning & Household", "sub_category_name": "Pooja Needs", "product_name": "Decorative Wax Candles - Lavender, BB-1262-1", "product_brand": "DP", "combo": []}, {"category": "Cleaning & Household", "sub_category_name": "Pooja Needs", "product_name": "Decorative Wax Candles - Arancia, Bb-1262-3 Arancia", "product_brand": "DP", "combo": []}, {"category": "Cleaning & Household", "sub_category_name": "Pooja Needs", "product_name": "Decorative Wax Scented Candles - Red, BB-1262-6", "product_brand": "DP", "combo": []}, {"category": "Cleaning & Household", "sub_category_name": "Pooja Needs", "product_name": "Decorative Wax Scented Candles - White, BB-1262-4", "product_brand": "DP", "combo": []}, {"category": "Cleaning & Household", "sub_category_name": "Pooja Needs", "product_name": "Decorative Wax Candles Scented - White, Bb-1262-4 Rose", "product_brand": "DP", "combo": []}, {"category": "Cleaning & Household", "sub_category_name": "Pooja Needs", "product_name": "Diya & Batti", "product_brand": "Om Bhakti", "combo": []}, {"category": "Cleaning & Household", "sub_category_name": "Pooja Needs", "product_name": "Diya & Batti - Small", "product_brand": "Om Bhakti", "combo": []}, {"category": "Cleaning & Household", "sub_category_name": "Pooja Needs", "product_name": "Mud Wax Diya - Red", "product_brand": "SBE", "combo": []}, {"category": "Cleaning & Household", "sub_category_name": "Pooja Needs", "product_name": "Latkan", "product_brand": "SBE", "combo": []}, {"category": "Cleaning & Household", "sub_category_name": "Pooja Needs", "product_name": "Bhandhanwar/Toran/Door Hanging - Premium", "product_brand": "SBE", "combo": []}, {"category": "Cleaning & Household", "sub_category_name": "Pooja Needs", "product_name": "Diwali - Festival Kit", "product_brand": "Om Bhakti", "combo": []}, {"category": "Cleaning & Household", "sub_category_name": "Pooja Needs", "product_name": "Half Shankh Shaped Diwali Diyas - Dd139", "product_brand": "Unique Arts & Interiors", "combo": []}, {"category": "Cleaning & Household", "sub_category_name": "Pooja Needs", "product_name": "Multicolored Round Designer Diwali Diyas - Dd142", "product_brand": "Unique Arts & Interiors", "combo": []}, {"category": "Cleaning & Household", "sub_category_name": "Pooja Needs", "product_name": "Bhandhanwar/Toran/Door Hanging", "product_brand": "SBE", "combo": []}, {"category": "Cleaning & Household", "sub_category_name": "Pooja Needs", "product_name": "Unique Arts Unique Round Shaped Diwali Diyas", "product_brand": "Unique Arts & Interiors", "combo": []}, {"category": "Cleaning & Household", "sub_category_name": "Pooja Needs", "product_name": "Diwali Diya - Bow Top Design", "product_brand": "Unique Arts & Interiors", "combo": []}, {"category": "Cleaning & Household", "sub_category_name": "Pooja Needs", "product_name": "Unique Arts Akhand Shaped Designer Diwali Diyas", "product_brand": "Unique Arts & Interiors", "combo": []}, {"category": "Cleaning & Household", "sub_category_name": "Pooja Needs", "product_name": "Unique Arts Green Petals Shaped Diwali Diyas", "product_brand": "Unique Arts & Interiors", "combo": []}, {"category": "Cleaning & Household", "sub_category_name": "Pooja Needs", "product_name": "Unique Arts Red Round Flower Diwali Diyas", "product_brand": "Unique Arts & Interiors", "combo": []}, {"category": "Cleaning & Household", "sub_category_name": "Pooja Needs", "product_name": "Cotton Vastra Mala With Kumkum", "product_brand": "Nirgun Bhakti", "combo": []}, {"category": "Cleaning & Household", "sub_category_name": "Pooja Needs", "product_name": "Genda Phool/Mariegold Flower/Toran - Orange/Yellow", "product_brand": "SBE", "combo": []}, {"category": "Cleaning & Household", "sub_category_name": "Pooja Needs", "product_name": "Rangoli Powder - White", "product_brand": "Nirgun Bhakti", "combo": []}, {"category": "Cleaning & Household", "sub_category_name": "Pooja Needs", "product_name": "Rangoli Colour - Assorted", "product_brand": "Nirgun Bhakti", "combo": []}, {"category": "Cleaning & Household", "sub_category_name": "Pooja Needs", "product_name": "Wax Diya - Assorted Colour ED124B", "product_brand": "Diyaz", "combo": []}, {"category": "Cleaning & Household", "sub_category_name": "Pooja Needs", "product_name": "Mud Wax Diya - Assorted Colour", "product_brand": "SBE", "combo": []}, {"category": "Cleaning & Household", "sub_category_name": "Pooja Needs", "product_name": "Lo Smoke Incense Sticks - Breezy Lavender", "product_brand": "Mangaldeep", "combo": []}, {"category": "Cleaning & Household", "sub_category_name": "Pooja Needs", "product_name": "Agarbathi - Rahasyamai Incense Durva Sticks", "product_brand": "Cycle", "combo": []}, {"category": "Cleaning & Household", "sub_category_name": "Pooja Needs", "product_name": "Sadhvi Agarbatti Sticks", "product_brand": "Mangaldeep", "combo": []}, {"category": "Cleaning & Household", "sub_category_name": "Pooja Needs", "product_name": "Precious Agarbatti - Chandan", "product_brand": "Hem", "combo": []}, {"category": "Cleaning & Household", "sub_category_name": "Pooja Needs", "product_name": "Pooja Agarbatti - Treya 3 in 1", "product_brand": "Mangaldeep", "combo": []}, {"category": "Cleaning & Household", "sub_category_name": "Pooja Needs", "product_name": "Nanda Deep Brass Diya Oil Lamp Puja S7 - Golden", "product_brand": "HAZEL", "combo": []}, {"category": "Cleaning & Household", "sub_category_name": "Pooja Needs", "product_name": "Copper Damroo Panchpatra", "product_brand": "HAZEL", "combo": []}, {"category": "Cleaning & Household", "sub_category_name": "Pooja Needs", "product_name": "Peacock Brass Samay Diwali Puja Diya Oil Spll Samai S8", "product_brand": "HAZEL", "combo": []}, {"category": "Cleaning & Household", "sub_category_name": "Pooja Needs", "product_name": "Unique Arts Blue-Red Petals Diwali Diyas", "product_brand": "Unique Arts & Interiors", "combo": []}, {"category": "Cleaning & Household", "sub_category_name": "Pooja Needs", "product_name": "Diwali Diya - Fish Cut Design", "product_brand": "Unique Arts & Interiors", "combo": []}, {"category": "Cleaning & Household", "sub_category_name": "Pooja Needs", "product_name": "Mud Wax Diya/Shagun Ki Matki", "product_brand": "SBE", "combo": []}, {"category": "Cleaning & Household", "sub_category_name": "Pooja Needs", "product_name": "Nandadeep Diya", "product_brand": "Nirgun Bhakti", "combo": []}, {"category": "Cleaning & Household", "sub_category_name": "Pooja Needs", "product_name": "Om Pooja Thali", "product_brand": "Nirgun Bhakti", "combo": []}, {"category": "Cleaning & Household", "sub_category_name": "Pooja Needs", "product_name": "Decorative Wax Round Candles - Pink, BB-1255-8", "product_brand": "DP", "combo": []}, {"category": "Cleaning & Household", "sub_category_name": "Pooja Needs", "product_name": "Decorative Wax Candles Scented - Pink, BB-1263- Rose", "product_brand": "DP", "combo": []}, {"category": "Cleaning & Household", "sub_category_name": "Pooja Needs", "product_name": "Decorative Wax Candles - Lavender, BB-1262-1", "product_brand": "DP", "combo": []}, {"category": "Cleaning & Household", "sub_category_name": "Pooja Needs", "product_name": "Decorative Wax Candles - Arancia, Bb-1262-3 Arancia", "product_brand": "DP", "combo": []}, {"category": "Cleaning & Household", "sub_category_name": "Pooja Needs", "product_name": "Decorative Wax Scented Candles - Red, BB-1262-6", "product_brand": "DP", "combo": []}, {"category": "Cleaning & Household", "sub_category_name": "Pooja Needs", "product_name": "Decorative Wax Scented Candles - White, BB-1262-4", "product_brand": "DP", "combo": []}, {"category": "Cleaning & Household", "sub_category_name": "Pooja Needs", "product_name": "Decorative Wax Candles Scented - White, Bb-1262-4 Rose", "product_brand": "DP", "combo": []}, {"category": "Cleaning & Household", "sub_category_name": "Pooja Needs", "product_name": "Diya & Batti", "product_brand": "Om Bhakti", "combo": []}, {"category": "Cleaning & Household", "sub_category_name": "Pooja Needs", "product_name": "Diya & Batti - Small", "product_brand": "Om Bhakti", "combo": []}, {"category": "Cleaning & Household", "sub_category_name": "Pooja Needs", "product_name": "Mud Wax Diya - Red", "product_brand": "SBE", "combo": []}, {"category": "Cleaning & Household", "sub_category_name": "Pooja Needs", "product_name": "Latkan", "product_brand": "SBE", "combo": []}, {"category": "Cleaning & Household", "sub_category_name": "Pooja Needs", "product_name": "Bhandhanwar/Toran/Door Hanging - Premium", "product_brand": "SBE", "combo": []}, {"category": "Cleaning & Household", "sub_category_name": "Pooja Needs", "product_name": "Diwali - Festival Kit", "product_brand": "Om Bhakti", "combo": []}, {"category": "Cleaning & Household", "sub_category_name": "Pooja Needs", "product_name": "Half Shankh Shaped Diwali Diyas - Dd139", "product_brand": "Unique Arts & Interiors", "combo": []}, {"category": "Cleaning & Household", "sub_category_name": "Pooja Needs", "product_name": "Multicolored Round Designer Diwali Diyas - Dd142", "product_brand": "Unique Arts & Interiors", "combo": []}, {"category": "Cleaning & Household", "sub_category_name": "Pooja Needs", "product_name": "Bhandhanwar/Toran/Door Hanging", "product_brand": "SBE", "combo": []}, {"category": "Cleaning & Household", "sub_category_name": "Pooja Needs", "product_name": "Unique Arts Unique Round Shaped Diwali Diyas", "product_brand": "Unique Arts & Interiors", "combo": []}, {"category": "Cleaning & Household", "sub_category_name": "Pooja Needs", "product_name": "Diwali Diya - Bow Top Design", "product_brand": "Unique Arts & Interiors", "combo": []}, {"category": "Cleaning & Household", "sub_category_name": "Pooja Needs", "product_name": "Unique Arts Akhand Shaped Designer Diwali Diyas", "product_brand": "Unique Arts & Interiors", "combo": []}, {"category": "Cleaning & Household", "sub_category_name": "Pooja Needs", "product_name": "Unique Arts Green Petals Shaped Diwali Diyas", "product_brand": "Unique Arts & Interiors", "combo": []}, {"category": "Cleaning & Household", "sub_category_name": "Pooja Needs", "product_name": "Decorative Wax Round Candles - Pink, BB-1255-8", "product_brand": "DP", "combo": []}, {"category": "Cleaning & Household", "sub_category_name": "Pooja Needs", "product_name": "Decorative Wax Candles Scented - Pink, BB-1263- Rose", "product_brand": "DP", "combo": []}, {"category": "Cleaning & Household", "sub_category_name": "Pooja Needs", "product_name": "Decorative Wax Candles - Lavender, BB-1262-1", "product_brand": "DP", "combo": []}, {"category": "Cleaning & Household", "sub_category_name": "Pooja Needs", "product_name": "Decorative Wax Candles - Arancia, Bb-1262-3 Arancia", "product_brand": "DP", "combo": []}, {"category": "Cleaning & Household", "sub_category_name": "Pooja Needs", "product_name": "Decorative Wax Scented Candles - Red, BB-1262-6", "product_brand": "DP", "combo": []}, {"category": "Cleaning & Household", "sub_category_name": "Pooja Needs", "product_name": "Decorative Wax Scented Candles - White, BB-1262-4", "product_brand": "DP", "combo": []}, {"category": "Cleaning & Household", "sub_category_name": "Pooja Needs", "product_name": "Decorative Wax Candles Scented - White, Bb-1262-4 Rose", "product_brand": "DP", "combo": []}, {"category": "Cleaning & Household", "sub_category_name": "Pooja Needs", "product_name": "Diya & Batti", "product_brand": "Om Bhakti", "combo": []}, {"category": "Cleaning & Household", "sub_category_name": "Pooja Needs", "product_name": "Diya & Batti - Small", "product_brand": "Om Bhakti", "combo": []}, {"category": "Cleaning & Household", "sub_category_name": "Pooja Needs", "product_name": "Mud Wax Diya - Red", "product_brand": "SBE", "combo": []}, {"category": "Cleaning & Household", "sub_category_name": "Pooja Needs", "product_name": "Latkan", "product_brand": "SBE", "combo": []}, {"category": "Cleaning & Household", "sub_category_name": "Pooja Needs", "product_name": "Bhandhanwar/Toran/Door Hanging - Premium", "product_brand": "SBE", "combo": []}, {"category": "Cleaning & Household", "sub_category_name": "Pooja Needs", "product_name": "Diwali - Festival Kit", "product_brand": "Om Bhakti", "combo": []}, {"category": "Cleaning & Household", "sub_category_name": "Pooja Needs", "product_name": "Half Shankh Shaped Diwali Diyas - Dd139", "product_brand": "Unique Arts & Interiors", "combo": []}, {"category": "Cleaning & Household", "sub_category_name": "Pooja Needs", "product_name": "Multicolored Round Designer Diwali Diyas - Dd142", "product_brand": "Unique Arts & Interiors", "combo": []}, {"category": "Cleaning & Household", "sub_category_name": "Pooja Needs", "product_name": "Bhandhanwar/Toran/Door Hanging", "product_brand": "SBE", "combo": []}, {"category": "Cleaning & Household", "sub_category_name": "Pooja Needs", "product_name": "Unique Arts Unique Round Shaped Diwali Diyas", "product_brand": "Unique Arts & Interiors", "combo": []}, {"category": "Cleaning & Household", "sub_category_name": "Pooja Needs", "product_name": "Diwali Diya - Bow Top Design", "product_brand": "Unique Arts & Interiors", "combo": []}, {"category": "Cleaning & Household", "sub_category_name": "Pooja Needs", "product_name": "Unique Arts Akhand Shaped Designer Diwali Diyas", "product_brand": "Unique Arts & Interiors", "combo": []}, {"category": "Cleaning & Household", "sub_category_name": "Pooja Needs", "product_name": "Unique Arts Green Petals Shaped Diwali Diyas", "product_brand": "Unique Arts & Interiors", "combo": []}, {"category": "Cleaning & Household", "sub_category_name": "Pooja Needs", "product_name": "Decorative Wax Round Candles - Pink, BB-1255-8", "product_brand": "DP", "combo": []}, {"category": "Cleaning & Household", "sub_category_name": "Pooja Needs", "product_name": "Decorative Wax Candles Scented - Pink, BB-1263- Rose", "product_brand": "DP", "combo": []}, {"category": "Cleaning & Household", "sub_category_name": "Pooja Needs", "product_name": "Decorative Wax Candles - Lavender, BB-1262-1", "product_brand": "DP", "combo": []}, {"category": "Cleaning & Household", "sub_category_name": "Pooja Needs", "product_name": "Decorative Wax Candles - Arancia, Bb-1262-3 Arancia", "product_brand": "DP", "combo": []}, {"category": "Cleaning & Household", "sub_category_name": "Pooja Needs", "product_name": "Decorative Wax Scented Candles - Red, BB-1262-6", "product_brand": "DP", "combo": []}, {"category": "Cleaning & Household", "sub_category_name": "Pooja Needs", "product_name": "Decorative Wax Scented Candles - White, BB-1262-4", "product_brand": "DP", "combo": []}, {"category": "Cleaning & Household", "sub_category_name": "Pooja Needs", "product_name": "Decorative Wax Candles Scented - White, Bb-1262-4 Rose", "product_brand": "DP", "combo": []}, {"category": "Cleaning & Household", "sub_category_name": "Pooja Needs", "product_name": "Diya & Batti", "product_brand": "Om Bhakti", "combo": []}, {"category": "Cleaning & Household", "sub_category_name": "Pooja Needs", "product_name": "Diya & Batti - Small", "product_brand": "Om Bhakti", "combo": []}, {"category": "Cleaning & Household", "sub_category_name": "Pooja Needs", "product_name": "Mud Wax Diya - Red", "product_brand": "SBE", "combo": []}, {"category": "Cleaning & Household", "sub_category_name": "Pooja Needs", "product_name": "Latkan", "product_brand": "SBE", "combo": []}, {"category": "Cleaning & Household", "sub_category_name": "Pooja Needs", "product_name": "Bhandhanwar/Toran/Door Hanging - Premium", "product_brand": "SBE", "combo": []}, {"category": "Cleaning & Household", "sub_category_name": "Pooja Needs", "product_name": "Diwali - Festival Kit", "product_brand": "Om Bhakti", "combo": []}, {"category": "Cleaning & Household", "sub_category_name": "Pooja Needs", "product_name": "Half Shankh Shaped Diwali Diyas - Dd139", "product_brand": "Unique Arts & Interiors", "combo": []}, {"category": "Cleaning & Household", "sub_category_name": "Pooja Needs", "product_name": "Multicolored Round Designer Diwali Diyas - Dd142", "product_brand": "Unique Arts & Interiors", "combo": []}, {"category": "Cleaning & Household", "sub_category_name": "Pooja Needs", "product_name": "Bhandhanwar/Toran/Door Hanging", "product_brand": "SBE", "combo": []}, {"category": "Cleaning & Household", "sub_category_name": "Pooja Needs", "product_name": "Unique Arts Unique Round Shaped Diwali Diyas", "product_brand": "Unique Arts & Interiors", "combo": []}, {"category": "Cleaning & Household", "sub_category_name": "Pooja Needs", "product_name": "Diwali Diya - Bow Top Design", "product_brand": "Unique Arts & Interiors", "combo": []}, {"category": "Cleaning & Household", "sub_category_name": "Pooja Needs", "product_name": "Unique Arts Akhand Shaped Designer Diwali Diyas", "product_brand": "Unique Arts & Interiors", "combo": []}, {"category": "Cleaning & Household", "sub_category_name": "Pooja Needs", "product_name": "Unique Arts Green Petals Shaped Diwali Diyas", "product_brand": "Unique Arts & Interiors", "combo": []}, {"category": "Cleaning & Household", "sub_category_name": "Pooja Needs", "product_name": "Decorative Wax Round Candles - Pink, BB-1255-8", "product_brand": "DP", "combo": []}, {"category": "Cleaning & Household", "sub_category_name": "Pooja Needs", "product_name": "Decorative Wax Candles Scented - Pink, BB-1263- Rose", "product_brand": "DP", "combo": []}, {"category": "Cleaning & Household", "sub_category_name": "Pooja Needs", "product_name": "Decorative Wax Candles - Lavender, BB-1262-1", "product_brand": "DP", "combo": []}, {"category": "Cleaning & Household", "sub_category_name": "Pooja Needs", "product_name": "Decorative Wax Candles - Arancia, Bb-1262-3 Arancia", "product_brand": "DP", "combo": []}, {"category": "Cleaning & Household", "sub_category_name": "Pooja Needs", "product_name": "Decorative Wax Scented Candles - Red, BB-1262-6", "product_brand": "DP", "combo": []}, {"category": "Cleaning & Household", "sub_category_name": "Pooja Needs", "product_name": "Decorative Wax Scented Candles - White, BB-1262-4", "product_brand": "DP", "combo": []}, {"category": "Cleaning & Household", "sub_category_name": "Pooja Needs", "product_name": "Decorative Wax Candles Scented - White, Bb-1262-4 Rose", "product_brand": "DP", "combo": []}, {"category": "Cleaning & Household", "sub_category_name": "Pooja Needs", "product_name": "Diya & Batti", "product_brand": "Om Bhakti", "combo": []}, {"category": "Cleaning & Household", "sub_category_name": "Pooja Needs", "product_name": "Diya & Batti - Small", "product_brand": "Om Bhakti", "combo": []}, {"category": "Cleaning & Household", "sub_category_name": "Pooja Needs", "product_name": "Mud Wax Diya - Red", "product_brand": "SBE", "combo": []}, {"category": "Cleaning & Household", "sub_category_name": "Pooja Needs", "product_name": "Latkan", "product_brand": "SBE", "combo": []}, {"category": "Cleaning & Household", "sub_category_name": "Pooja Needs", "product_name": "Bhandhanwar/Toran/Door Hanging - Premium", "product_brand": "SBE", "combo": []}, {"category": "Cleaning & Household", "sub_category_name": "Pooja Needs", "product_name": "Diwali - Festival Kit", "product_brand": "Om Bhakti", "combo": []}, {"category": "Cleaning & Household", "sub_category_name": "Pooja Needs", "product_name": "Half Shankh Shaped Diwali Diyas - Dd139", "product_brand": "Unique Arts & Interiors", "combo": []}, {"category": "Cleaning & Household", "sub_category_name": "Pooja Needs", "product_name": "Multicolored Round Designer Diwali Diyas - Dd142", "product_brand": "Unique Arts & Interiors", "combo": []}, {"category": "Cleaning & Household", "sub_category_name": "Pooja Needs", "product_name": "Bhandhanwar/Toran/Door Hanging", "product_brand": "SBE", "combo": []}, {"category": "Cleaning & Household", "sub_category_name": "Pooja Needs", "product_name": "Unique Arts Unique Round Shaped Diwali Diyas", "product_brand": "Unique Arts & Interiors", "combo": []}, {"category": "Cleaning & Household", "sub_category_name": "Pooja Needs", "product_name": "Diwali Diya - Bow Top Design", "product_brand": "Unique Arts & Interiors", "combo": []}, {"category": "Cleaning & Household", "sub_category_name": "Pooja Needs", "product_name": "Unique Arts Akhand Shaped Designer Diwali Diyas", "product_brand": "Unique Arts & Interiors", "combo": []}, {"category": "Cleaning & Household", "sub_category_name": "Pooja Needs", "product_name": "Unique Arts Green Petals Shaped Diwali Diyas", "product_brand": "Unique Arts & Interiors", "combo": []}]