[{"category": "Gourmet & World Food", "sub_category_name": "Sauces, Spreads & Dips", "product_name": "Hazelnut Spread With Cocoa", "product_brand": "Nutella", "combo": [["750 g", "640.00"], ["350 g", "326.80"]]}, {"category": "Gourmet & World Food", "sub_category_name": "Sauces, Spreads & Dips", "product_name": "Happy Chef Pasta- Fusilli 500g + Sauce - Arrabiata 270g + Borges Olive Oil 1L", "product_brand": "bb Combo", "combo": []}, {"category": "Gourmet & World Food", "sub_category_name": "Sauces, Spreads & Dips", "product_name": "Hazelnut Spread With Cocoa", "product_brand": "Nutella", "combo": []}, {"category": "Gourmet & World Food", "sub_category_name": "Sauces, Spreads & Dips", "product_name": "Happy Chef Pasta- Penne Rigate 500g +Sauce - Arrabiata 270g +Borges Olive Oil 1L", "product_brand": "bb Combo", "combo": []}, {"category": "Gourmet & World Food", "sub_category_name": "Sauces, Spreads & Dips", "product_name": "Chocolate Hazelnut Spread", "product_brand": "Happy Chef", "combo": []}, {"category": "Gourmet & World Food", "sub_category_name": "Sauces, Spreads & Dips", "product_name": "Sriracha Sauce", "product_brand": "Bechef", "combo": []}, {"category": "Gourmet & World Food", "sub_category_name": "Sauces, Spreads & Dips", "product_name": "Sweet Chilli Sauce", "product_brand": "Bechef", "combo": []}, {"category": "Gourmet & World Food", "sub_category_name": "Sauces, Spreads & Dips", "product_name": "Kung Pao Sauce", "product_brand": "Bechef", "combo": []}, {"category": "Gourmet & World Food", "sub_category_name": "Sauces, Spreads & Dips", "product_name": "Black Pepper Sauce", "product_brand": "Bechef", "combo": []}, {"category": "Gourmet & World Food", "sub_category_name": "Sauces, Spreads & Dips", "product_name": "Burnt Garlic Sauce", "product_brand": "Bechef", "combo": []}, {"category": "Gourmet & World Food", "sub_category_name": "Sauces, Spreads & Dips", "product_name": "Teriyaki Sauce", "product_brand": "Bechef", "combo": []}, {"category": "Gourmet & World Food", "sub_category_name": "Sauces, Spreads & Dips", "product_name": "Mango Jalapeno Hot & Sweet Sauce", "product_brand": "Sprig", "combo": [["110 g", "349.00"], ["60 g", "99.00"]]}, {"category": "Gourmet & World Food", "sub_category_name": "Sauces, Spreads & Dips", "product_name": "Chipotle Adobado Mexican Chile Hot Sauce", "product_brand": "Sprig", "combo": []}, {"category": "Gourmet & World Food", "sub_category_name": "Sauces, Spreads & Dips", "product_name": "Pancake Syrup", "product_brand": "Abbies", "combo": []}, {"category": "Gourmet & World Food", "sub_category_name": "Sauces, Spreads & Dips", "product_name": "Fig Jam - Honey Mix With 85% Fig Pulp", "product_brand": "Pavitrak", "combo": []}, {"category": "Gourmet & World Food", "sub_category_name": "Sauces, Spreads & Dips", "product_name": "Fig Jam - Pure With 85% Fig Pulp", "product_brand": "Pavitrak", "combo": []}, {"category": "Gourmet & World Food", "sub_category_name": "Sauces, Spreads & Dips", "product_name": "Fig Jam - Cardamom With 85% Fig Pulp", "product_brand": "Pavitrak", "combo": []}, {"category": "Gourmet & World Food", "sub_category_name": "Sauces, Spreads & Dips", "product_name": "Fig Jam - Added Keshar With 85% Fig Pulp", "product_brand": "Pavitrak", "combo": []}, {"category": "Gourmet & World Food", "sub_category_name": "Sauces, Spreads & Dips", "product_name": "Disano Olive Oil Extra Virgin 500ml + Pasta Elbow 500G + Ragu Pasta Sauce 453G", "product_brand": "bb Combo", "combo": []}, {"category": "Gourmet & World Food", "sub_category_name": "Sauces, Spreads & Dips", "product_name": "All Natural Peanut Butter - Unsweetened, Crunchy", "product_brand": "Pintola", "combo": [["1 kg", "399.00"], ["350 g", "139.00"], ["2.5 kg", "10.00"]]}, {"category": "Gourmet & World Food", "sub_category_name": "Sauces, Spreads & Dips", "product_name": "San Remo Pasta 500G+Disano Olive Oil Extra Virgin 1L+Happy Chef Pasta Sauce 270G", "product_brand": "bb Combo", "combo": []}, {"category": "Gourmet & World Food", "sub_category_name": "Sauces, Spreads & Dips", "product_name": "All Natural Peanut Butter - Unsweetened, Creamy", "product_brand": "Pintola", "combo": [["350 g", "165.00"], ["2.5 kg", "833.00"], ["1 kg", "361.00"]]}, {"category": "Gourmet & World Food", "sub_category_name": "Sauces, Spreads & Dips", "product_name": "Unsweetened Peanut Butter -100% Natural, Creamy", "product_brand": "Disano", "combo": []}, {"category": "Gourmet & World Food", "sub_category_name": "Sauces, Spreads & Dips", "product_name": "Disano Pasta Fusilli 500G + Olive Oil Pure 500ml + Happy Chef Pasta Sauce 270G", "product_brand": "bb Combo", "combo": []}, {"category": "Gourmet & World Food", "sub_category_name": "Sauces, Spreads & Dips", "product_name": "Singapore Chilli Garlic Sauce", "product_brand": "Happy Chef", "combo": []}, {"category": "Gourmet & World Food", "sub_category_name": "Sauces, Spreads & Dips", "product_name": "Spicy Pasta Sauce", "product_brand": "Habanero", "combo": []}, {"category": "Gourmet & World Food", "sub_category_name": "Sauces, Spreads & Dips", "product_name": "Tortilla Chips - Jalapeno", "product_brand": "Tex Mex Salsalito", "combo": [["2x160 g", "180.00"], ["160 g", "90.00"]]}, {"category": "Gourmet & World Food", "sub_category_name": "Sauces, Spreads & Dips", "product_name": "All Natura Almond Butter - Unsweetened, Creamy", "product_brand": "Pintola", "combo": [["200 g", "399.00"], ["1kg", "1529.10"], ["350 g", "584.10"]]}, {"category": "Gourmet & World Food", "sub_category_name": "Sauces, Spreads & Dips", "product_name": "Chunky Orange Marmalade", "product_brand": "Happy Chef", "combo": []}, {"category": "Gourmet & World Food", "sub_category_name": "Sauces, Spreads & Dips", "product_name": "Syrup - Pancake", "product_brand": "American Garden", "combo": [["355 ml", "310.00"], ["709 ml", "435.00"], ["2x709 ml", "870.00"]]}, {"category": "Gourmet & World Food", "sub_category_name": "Sauces, Spreads & Dips", "product_name": "San Remo Pasta 500G + Disano Olive Oil Pure 1L +American Garden Pasta Sauce 397G", "product_brand": "bb Combo", "combo": []}, {"category": "Gourmet & World Food", "sub_category_name": "Sauces, Spreads & Dips", "product_name": "Thousand Island Eggless Dressing", "product_brand": "Happy Chef", "combo": []}, {"category": "Gourmet & World Food", "sub_category_name": "Sauces, Spreads & Dips", "product_name": "Chilli Oregano Sauce", "product_brand": "Veeba", "combo": []}, {"category": "Gourmet & World Food", "sub_category_name": "Sauces, Spreads & Dips", "product_name": "Cheesy Jalapeno Sauce", "product_brand": "Wingreens Farms", "combo": []}, {"category": "Gourmet & World Food", "sub_category_name": "Sauces, Spreads & Dips", "product_name": "Sriracha Sauce", "product_brand": "Happy Chef", "combo": []}, {"category": "Gourmet & World Food", "sub_category_name": "Sauces, Spreads & Dips", "product_name": "Arrabbiata Pasta Sauce With Bell Peppers", "product_brand": "Happy Chef", "combo": []}, {"category": "Gourmet & World Food", "sub_category_name": "Sauces, Spreads & Dips", "product_name": "Mayo - Italian Herb", "product_brand": "Wingreens Farms", "combo": [["130 g", "119.00"], ["450 g", "199.00"]]}, {"category": "Gourmet & World Food", "sub_category_name": "Sauces, Spreads & Dips", "product_name": "Del Monte Pasta 500g + Olive Oil Extra Virgin 1L + Happy Chef Pasta Sauce 270g", "product_brand": "bb Combo", "combo": []}, {"category": "Gourmet & World Food", "sub_category_name": "Sauces, Spreads & Dips", "product_name": "Fig & Orange Conserve", "product_brand": "Happy Chef", "combo": []}, {"category": "Gourmet & World Food", "sub_category_name": "Sauces, Spreads & Dips", "product_name": "Disano Pasta Spaghetti 500G+Olive Oil Extra Light 1L+HappyChef Pasta Sauce 270G", "product_brand": "bb Combo", "combo": []}, {"category": "Gourmet & World Food", "sub_category_name": "Sauces, Spreads & Dips", "product_name": "Peri Peri Ketchup", "product_brand": "Wingreens Farms", "combo": []}, {"category": "Gourmet & World Food", "sub_category_name": "Sauces, Spreads & Dips", "product_name": "Spicy Chipotle Mayonnaise Dip", "product_brand": "Happy Chef", "combo": []}, {"category": "Gourmet & World Food", "sub_category_name": "Sauces, Spreads & Dips", "product_name": "Organic Peanut Butter - Crunchy, Unsweetened, 100% Natural", "product_brand": "Pintola", "combo": [["350 g", "199.00"], ["1 kg", "499.00"]]}, {"category": "Gourmet & World Food", "sub_category_name": "Sauces, Spreads & Dips", "product_name": "All Natural Peanut Butter - Unsweetened, Extra Crunchy", "product_brand": "Pintola", "combo": [["350 g", "140.25"], ["1 kg", "361.25"]]}, {"category": "Gourmet & World Food", "sub_category_name": "Sauces, Spreads & Dips", "product_name": "Mayo - Garlic, Aioli", "product_brand": "Wingreens Farms", "combo": []}, {"category": "Gourmet & World Food", "sub_category_name": "Sauces, Spreads & Dips", "product_name": "Unsweetened Peanut Butter - 100% Natural, Crunchy", "product_brand": "Disano", "combo": []}, {"category": "Gourmet & World Food", "sub_category_name": "Sauces, Spreads & Dips", "product_name": "Orange Marmalade With No Added Sugar", "product_brand": "Happy Chef", "combo": []}, {"category": "Gourmet & World Food", "sub_category_name": "Sauces, Spreads & Dips", "product_name": "Hunan Chilli Sauce", "product_brand": "Happy Chef", "combo": []}, {"category": "Gourmet & World Food", "sub_category_name": "Sauces, Spreads & Dips", "product_name": "Tikka Mayonnaise Dip", "product_brand": "Happy Chef", "combo": []}, {"category": "Gourmet & World Food", "sub_category_name": "Sauces, Spreads & Dips", "product_name": "Peanut Butter - Creamy", "product_brand": "Happy Chef", "combo": [["340 g", "129.00"], ["1 Kg", "245.00"]]}, {"category": "Gourmet & World Food", "sub_category_name": "Sauces, Spreads & Dips", "product_name": "Thai Sweet Chilli Sauce With Lemongrass", "product_brand": "Happy Chef", "combo": []}, {"category": "Gourmet & World Food", "sub_category_name": "Sauces, Spreads & Dips", "product_name": "Chocolate Peanut Butter - Crunchy", "product_brand": "Pintola", "combo": [["1 kg", "425.00"], ["350 g", "157.25"]]}, {"category": "Gourmet & World Food", "sub_category_name": "Sauces, Spreads & Dips", "product_name": "Red Pepper Sauce", "product_brand": "Tabasco", "combo": [["60 ml", "199.00"], ["150 ml", "579.00"]]}, {"category": "Gourmet & World Food", "sub_category_name": "Sauces, Spreads & Dips", "product_name": "Classic Peanut Butter - Crunchy", "product_brand": "Pintola", "combo": [["1 kg", "349.00"], ["350 g", "131.75"], ["2.5 kg", "592.50"]]}, {"category": "Gourmet & World Food", "sub_category_name": "Sauces, Spreads & Dips", "product_name": "Chinese Secret Sauce", "product_brand": "Wingreens Farms", "combo": []}, {"category": "Gourmet & World Food", "sub_category_name": "Sauces, Spreads & Dips", "product_name": "Sauce - Peri Peri", "product_brand": "Habanero", "combo": [["65 g", "89.10"], ["200 g", "161.10"]]}, {"category": "Gourmet & World Food", "sub_category_name": "Sauces, Spreads & Dips", "product_name": "Trio Pack - 2 Red Pepper & 1 Green Pepper", "product_brand": "Tabasco", "combo": []}, {"category": "Gourmet & World Food", "sub_category_name": "Sauces, Spreads & Dips", "product_name": "Jamun Conserve", "product_brand": "Happy Chef", "combo": []}, {"category": "Gourmet & World Food", "sub_category_name": "Sauces, Spreads & Dips", "product_name": "Spicy Mexican Salsa Dip", "product_brand": "Happy Chef", "combo": []}, {"category": "Gourmet & World Food", "sub_category_name": "Sauces, Spreads & Dips", "product_name": "Cheesy Sauce", "product_brand": "Wingreens Farms", "combo": []}, {"category": "Gourmet & World Food", "sub_category_name": "Sauces, Spreads & Dips", "product_name": "Chowmein & Stir Fry Sauce Spout", "product_brand": "Wingreens Farms", "combo": []}, {"category": "Gourmet & World Food", "sub_category_name": "Sauces, Spreads & Dips", "product_name": "Hot Habanero Sauce", "product_brand": "Tabasco", "combo": []}, {"category": "Gourmet & World Food", "sub_category_name": "Sauces, Spreads & Dips", "product_name": "Japanese Teriyaki Sauce", "product_brand": "Happy Chef", "combo": []}, {"category": "Gourmet & World Food", "sub_category_name": "Sauces, Spreads & Dips", "product_name": "Tomato Ketchup", "product_brand": "Wingreens Farms", "combo": []}, {"category": "Gourmet & World Food", "sub_category_name": "Sauces, Spreads & Dips", "product_name": "Alphonso Mango Conserve", "product_brand": "Happy Chef", "combo": []}, {"category": "Gourmet & World Food", "sub_category_name": "Sauces, Spreads & Dips", "product_name": "Whole Grain Mustard Sauce", "product_brand": "Happy Chef", "combo": []}, {"category": "Gourmet & World Food", "sub_category_name": "Sauces, Spreads & Dips", "product_name": "Tandoori Sauce", "product_brand": "Wingreens Farms", "combo": []}, {"category": "Gourmet & World Food", "sub_category_name": "Sauces, Spreads & Dips", "product_name": "Sriracha Chilli Sauce", "product_brand": "Habanero", "combo": []}, {"category": "Gourmet & World Food", "sub_category_name": "Sauces, Spreads & Dips", "product_name": "Honey Mustard Sauce", "product_brand": "Wingreens Farms", "combo": []}, {"category": "Gourmet & World Food", "sub_category_name": "Sauces, Spreads & Dips", "product_name": "Hazelnut Cocoa Spread", "product_brand": "Pintola", "combo": [["200 g", "245.00"], ["350 g", "296.65"], ["1 kg", "764.15"]]}, {"category": "Gourmet & World Food", "sub_category_name": "Sauces, Spreads & Dips", "product_name": "Mexican Salsa Spout", "product_brand": "Wingreens Farms", "combo": []}, {"category": "Gourmet & World Food", "sub_category_name": "Sauces, Spreads & Dips", "product_name": "Sauce - Sweet Chilli with Lemongrass", "product_brand": "Pantai", "combo": []}, {"category": "Gourmet & World Food", "sub_category_name": "Sauces, Spreads & Dips", "product_name": "Organic Peanut Butter - Creamy, Unsweetened, 100% Natural", "product_brand": "Pintola", "combo": [["350 g", "199.00"], ["1 kg", "499.00"]]}, {"category": "Gourmet & World Food", "sub_category_name": "Sauces, Spreads & Dips", "product_name": "Classic Peanut Butter - Creamy", "product_brand": "Pintola", "combo": [["1 kg", "349.00"], ["350 g", "155.00"], ["2.5 kg", "553.00"]]}, {"category": "Gourmet & World Food", "sub_category_name": "Sauces, Spreads & Dips", "product_name": "Organic Peanut Butter - Choco Delight", "product_brand": "Jus Amazin", "combo": [["200 g", "230.00"], ["500 g", "450.00"], ["125 g", "150.00"]]}, {"category": "Gourmet & World Food", "sub_category_name": "Sauces, Spreads & Dips", "product_name": "Strawberry Conserve", "product_brand": "Happy Chef", "combo": []}, {"category": "Gourmet & World Food", "sub_category_name": "Sauces, Spreads & Dips", "product_name": "Mayo - Sriracha", "product_brand": "Wingreens Farms", "combo": []}, {"category": "Gourmet & World Food", "sub_category_name": "Sauces, Spreads & Dips", "product_name": "Almond Butter - Dark Chocolate, Vegan", "product_brand": "Jus Amazin", "combo": [["200 g", "475.00"], ["125 g", "350.00"]]}, {"category": "Gourmet & World Food", "sub_category_name": "Sauces, Spreads & Dips", "product_name": "Cheesy Chipotle Sauce", "product_brand": "Wingreens Farms", "combo": []}, {"category": "Gourmet & World Food", "sub_category_name": "Sauces, Spreads & Dips", "product_name": "Almond Butter - All Natural, Vegan", "product_brand": "Jus Amazin", "combo": []}, {"category": "Gourmet & World Food", "sub_category_name": "Sauces, Spreads & Dips", "product_name": "Peanut Butter - Creamy", "product_brand": "Skippy", "combo": [["340 g", "325.00"], ["462 g", "415.00"]]}, {"category": "Gourmet & World Food", "sub_category_name": "Sauces, Spreads & Dips", "product_name": "Chocolate Peanut Butter - Creamy", "product_brand": "Pintola", "combo": [["1 kg", "361.25"], ["350 g", "185.00"]]}, {"category": "Gourmet & World Food", "sub_category_name": "Sauces, Spreads & Dips", "product_name": "Marinade Sauce - Medium Peri Peri", "product_brand": "Nando's", "combo": []}, {"category": "Gourmet & World Food", "sub_category_name": "Sauces, Spreads & Dips", "product_name": "Peanut Butter - Crunchy", "product_brand": "Veeba", "combo": []}, {"category": "Gourmet & World Food", "sub_category_name": "Sauces, Spreads & Dips", "product_name": "Almond Butter- All Natural 125G+Peanut Butter-Sweet N Salty with Crunch 200G Jar", "product_brand": "Jus Amazin", "combo": []}, {"category": "Gourmet & World Food", "sub_category_name": "Sauces, Spreads & Dips", "product_name": "Almond Butter- All Natural 125G+Sweet N Salty, with Crunchy Flax Seeds 125G Jar", "product_brand": "Jus Amazin", "combo": []}, {"category": "Gourmet & World Food", "sub_category_name": "Sauces, Spreads & Dips", "product_name": "Peanut Butter - Crunchy", "product_brand": "Disano", "combo": []}, {"category": "Gourmet & World Food", "sub_category_name": "Sauces, Spreads & Dips", "product_name": "Sweet Chilli Garlic Sauce", "product_brand": "Wingreens Farms", "combo": []}, {"category": "Gourmet & World Food", "sub_category_name": "Sauces, Spreads & Dips", "product_name": "Peanut Butter - Crunchy", "product_brand": "Disano", "combo": []}, {"category": "Gourmet & World Food", "sub_category_name": "Sauces, Spreads & Dips", "product_name": "Mayo - Wasabi", "product_brand": "Wingreens Farms", "combo": []}, {"category": "Gourmet & World Food", "sub_category_name": "Sauces, Spreads & Dips", "product_name": "Almond Butter - All Natural 125 gm + Peanut Butter- Sweet n Salty, 125 gm Jar", "product_brand": "Jus Amazin", "combo": []}, {"category": "Gourmet & World Food", "sub_category_name": "Sauces, Spreads & Dips", "product_name": "Peanut Butter - Crunchy", "product_brand": "Happy Chef", "combo": [["340 g", "135.00"], ["1 Kg", "245.00"]]}, {"category": "Gourmet & World Food", "sub_category_name": "Sauces, Spreads & Dips", "product_name": "Almond Butter With Dark Chocolate & 51% Almonds - Crunchy", "product_brand": "Pintola", "combo": []}, {"category": "Gourmet & World Food", "sub_category_name": "Sauces, Spreads & Dips", "product_name": "Green Daredevil Chilli Sauce", "product_brand": "Wingreens Farms", "combo": []}, {"category": "Gourmet & World Food", "sub_category_name": "Sauces, Spreads & Dips", "product_name": "Salsa - Tomato", "product_brand": "Habanero", "combo": []}, {"category": "Gourmet & World Food", "sub_category_name": "Sauces, Spreads & Dips", "product_name": "Salad Dressing - Thousand Island", "product_brand": "Wingreens Farms", "combo": []}, {"category": "Gourmet & World Food", "sub_category_name": "Sauces, Spreads & Dips", "product_name": "Peanut Butter - Crunchy", "product_brand": "Abbies", "combo": [["510 g", "300.00"], ["340 g", "220.00"]]}, {"category": "Gourmet & World Food", "sub_category_name": "Sauces, Spreads & Dips", "product_name": "HappyChef Pasta Sauce Arrabiata 270G + Delmonte Pasta Spaghetti Whole Wheat 500G", "product_brand": "bb Combo", "combo": []}, {"category": "Gourmet & World Food", "sub_category_name": "Sauces, Spreads & Dips", "product_name": "Organic Peanut Butter - Unsweetened", "product_brand": "Jus Amazin", "combo": []}, {"category": "Gourmet & World Food", "sub_category_name": "Sauces, Spreads & Dips", "product_name": "Original Barbecue Sauce", "product_brand": "Abbies", "combo": []}, {"category": "Gourmet & World Food", "sub_category_name": "Sauces, Spreads & Dips", "product_name": "Jam - Diabetic, Raspberry, Danish", "product_brand": "Dana", "combo": []}, {"category": "Gourmet & World Food", "sub_category_name": "Sauces, Spreads & Dips", "product_name": "Schezwan Hot Sauce", "product_brand": "Happy Chef", "combo": []}, {"category": "Gourmet & World Food", "sub_category_name": "Sauces, Spreads & Dips", "product_name": "Dip - Cheesy Jalapeno", "product_brand": "Cornitos", "combo": []}, {"category": "Gourmet & World Food", "sub_category_name": "Sauces, Spreads & Dips", "product_name": "Sauce - Taco (Hot)", "product_brand": "Tex Mex Salsalito", "combo": []}, {"category": "Gourmet & World Food", "sub_category_name": "Sauces, Spreads & Dips", "product_name": "Fish Sauce", "product_brand": "Golden Prize", "combo": []}, {"category": "Gourmet & World Food", "sub_category_name": "Sauces, Spreads & Dips", "product_name": "Achaari Sauce", "product_brand": "Wingreens Farms", "combo": []}, {"category": "Gourmet & World Food", "sub_category_name": "Sauces, Spreads & Dips", "product_name": "Australian Honey - 100% Pure", "product_brand": "Capilano", "combo": []}, {"category": "Gourmet & World Food", "sub_category_name": "Sauces, Spreads & Dips", "product_name": "Peanut Butter - Creamy", "product_brand": "Disano", "combo": []}, {"category": "Gourmet & World Food", "sub_category_name": "Sauces, Spreads & Dips", "product_name": "Preserve - Blackberry", "product_brand": "Bonne Maman", "combo": []}, {"category": "Gourmet & World Food", "sub_category_name": "Sauces, Spreads & Dips", "product_name": "Alphonso Mango Conserve With No Added Sugar", "product_brand": "Happy Chef", "combo": []}, {"category": "Gourmet & World Food", "sub_category_name": "Sauces, Spreads & Dips", "product_name": "Hoisin Sauce", "product_brand": "Tai Hua", "combo": []}, {"category": "Gourmet & World Food", "sub_category_name": "Sauces, Spreads & Dips", "product_name": "Thai Sweet Chilli Sauce", "product_brand": "Happy Chef", "combo": []}, {"category": "Gourmet & World Food", "sub_category_name": "Sauces, Spreads & Dips", "product_name": "Sesame Hot Sauce", "product_brand": "Real Thai", "combo": []}, {"category": "Gourmet & World Food", "sub_category_name": "Sauces, Spreads & Dips", "product_name": "Almond Butter With Dark Chocolate & 51% Almonds - Crunchy", "product_brand": "Pintola", "combo": []}, {"category": "Gourmet & World Food", "sub_category_name": "Sauces, Spreads & Dips", "product_name": "Peanut Butter - Super Chunk", "product_brand": "Skippy", "combo": [["340 g", "325.00"], ["462 g", "415.00"]]}, {"category": "Gourmet & World Food", "sub_category_name": "Sauces, Spreads & Dips", "product_name": "Spreads - Blueberry", "product_brand": "Epigamia", "combo": []}, {"category": "Gourmet & World Food", "sub_category_name": "Sauces, Spreads & Dips", "product_name": "Red Pepper Sauce", "product_brand": "Tabasco", "combo": []}, {"category": "Gourmet & World Food", "sub_category_name": "Sauces, Spreads & Dips", "product_name": "Tropical Conserve", "product_brand": "Happy Chef", "combo": []}, {"category": "Gourmet & World Food", "sub_category_name": "Sauces, Spreads & Dips", "product_name": "Mustard - Yellow, American", "product_brand": "Abbies", "combo": [["255 g", "134.10"], ["397 g", "202.50"]]}, {"category": "Gourmet & World Food", "sub_category_name": "Sauces, Spreads & Dips", "product_name": "Sauce - Hoi Sin", "product_brand": "Pantai", "combo": []}, {"category": "Gourmet & World Food", "sub_category_name": "Sauces, Spreads & Dips", "product_name": "Sauce - Stir Fry", "product_brand": "Ongs", "combo": []}, {"category": "Gourmet & World Food", "sub_category_name": "Sauces, Spreads & Dips", "product_name": "Mexican Chutney", "product_brand": "OrientAsian", "combo": []}, {"category": "Gourmet & World Food", "sub_category_name": "Sauces, Spreads & Dips", "product_name": "Preserve - Apricot", "product_brand": "Bonne Maman", "combo": []}, {"category": "Gourmet & World Food", "sub_category_name": "Sauces, Spreads & Dips", "product_name": "Sauce - Mild Chilli", "product_brand": "Pantai", "combo": []}, {"category": "Gourmet & World Food", "sub_category_name": "Sauces, Spreads & Dips", "product_name": "Barbecue Sauce", "product_brand": "Habanero", "combo": []}, {"category": "Gourmet & World Food", "sub_category_name": "Sauces, Spreads & Dips", "product_name": "All Natural Cashew Butter - Unsweetened", "product_brand": "Pintola", "combo": [["200 g", "367.50"], ["350 g", "825.00"], ["1 kg", "1469.30"]]}, {"category": "Gourmet & World Food", "sub_category_name": "Sauces, Spreads & Dips", "product_name": "Peanut Butter - Smoothy", "product_brand": "Rostaa", "combo": []}, {"category": "Gourmet & World Food", "sub_category_name": "Sauces, Spreads & Dips", "product_name": "Organic Peanut Butter - All Natural, Unsweetened", "product_brand": "Jus Amazin", "combo": []}, {"category": "Gourmet & World Food", "sub_category_name": "Sauces, Spreads & Dips", "product_name": "Fruit Jam - Strawberry", "product_brand": "Chabaa", "combo": [["430 g", "199.00"], ["240 g", "145.00"]]}, {"category": "Gourmet & World Food", "sub_category_name": "Sauces, Spreads & Dips", "product_name": "Almond Butter With Dark Chocolate & 51% Almonds - Creamy", "product_brand": "Pintola", "combo": []}, {"category": "Gourmet & World Food", "sub_category_name": "Sauces, Spreads & Dips", "product_name": "Sauce - Fish", "product_brand": "Pantai", "combo": []}, {"category": "Gourmet & World Food", "sub_category_name": "Sauces, Spreads & Dips", "product_name": "Almond Butter - Sweet & Salty With Crunchy Flax Seeds, Vegan", "product_brand": "Jus Amazin", "combo": []}, {"category": "Gourmet & World Food", "sub_category_name": "Sauces, Spreads & Dips", "product_name": "All Natural Honey Peanut Butter - Creamy", "product_brand": "Pintola", "combo": [["350 g", "185.00"], ["1 kg", "359.20"]]}, {"category": "Gourmet & World Food", "sub_category_name": "Sauces, Spreads & Dips", "product_name": "Almond Butter - Unsweetened", "product_brand": "Jus Amazin", "combo": []}, {"category": "Gourmet & World Food", "sub_category_name": "Sauces, Spreads & Dips", "product_name": "Bombay Sandwich Spread", "product_brand": "Happy Chef", "combo": []}, {"category": "Gourmet & World Food", "sub_category_name": "Sauces, Spreads & Dips", "product_name": "Spicy Black Bean Sauce", "product_brand": "Woh Hup", "combo": []}, {"category": "Gourmet & World Food", "sub_category_name": "Sauces, Spreads & Dips", "product_name": "Salad Dressing- Garlic", "product_brand": "Remia", "combo": []}, {"category": "Gourmet & World Food", "sub_category_name": "Sauces, Spreads & Dips", "product_name": "Salad Dressing - Salad Cream", "product_brand": "Remia", "combo": []}, {"category": "Gourmet & World Food", "sub_category_name": "Sauces, Spreads & Dips", "product_name": "Momo Sauce", "product_brand": "OrientAsian", "combo": []}, {"category": "Gourmet & World Food", "sub_category_name": "Sauces, Spreads & Dips", "product_name": "Garlic Pepper Sauce", "product_brand": "Tabasco", "combo": []}, {"category": "Gourmet & World Food", "sub_category_name": "Sauces, Spreads & Dips", "product_name": "Sauce - Stir Fry", "product_brand": "Ongs", "combo": []}, {"category": "Gourmet & World Food", "sub_category_name": "Sauces, Spreads & Dips", "product_name": "Mexican Chutney", "product_brand": "OrientAsian", "combo": []}, {"category": "Gourmet & World Food", "sub_category_name": "Sauces, Spreads & Dips", "product_name": "Preserve - Apricot", "product_brand": "Bonne Maman", "combo": []}, {"category": "Gourmet & World Food", "sub_category_name": "Sauces, Spreads & Dips", "product_name": "Sauce - Mild Chilli", "product_brand": "Pantai", "combo": []}, {"category": "Gourmet & World Food", "sub_category_name": "Sauces, Spreads & Dips", "product_name": "Barbecue Sauce", "product_brand": "Habanero", "combo": []}, {"category": "Gourmet & World Food", "sub_category_name": "Sauces, Spreads & Dips", "product_name": "All Natural Cashew Butter - Unsweetened", "product_brand": "Pintola", "combo": [["200 g", "367.50"], ["350 g", "825.00"], ["1 kg", "1469.30"]]}, {"category": "Gourmet & World Food", "sub_category_name": "Sauces, Spreads & Dips", "product_name": "Peanut Butter - Smoothy", "product_brand": "Rostaa", "combo": []}, {"category": "Gourmet & World Food", "sub_category_name": "Sauces, Spreads & Dips", "product_name": "Organic Peanut Butter - All Natural, Unsweetened", "product_brand": "Jus Amazin", "combo": []}, {"category": "Gourmet & World Food", "sub_category_name": "Sauces, Spreads & Dips", "product_name": "Fruit Jam - Strawberry", "product_brand": "Chabaa", "combo": [["430 g", "199.00"], ["240 g", "145.00"]]}, {"category": "Gourmet & World Food", "sub_category_name": "Sauces, Spreads & Dips", "product_name": "Almond Butter With Dark Chocolate & 51% Almonds - Creamy", "product_brand": "Pintola", "combo": []}, {"category": "Gourmet & World Food", "sub_category_name": "Sauces, Spreads & Dips", "product_name": "Sauce - Fish", "product_brand": "Pantai", "combo": []}, {"category": "Gourmet & World Food", "sub_category_name": "Sauces, Spreads & Dips", "product_name": "Almond Butter - Sweet & Salty With Crunchy Flax Seeds, Vegan", "product_brand": "Jus Amazin", "combo": []}, {"category": "Gourmet & World Food", "sub_category_name": "Sauces, Spreads & Dips", "product_name": "All Natural Honey Peanut Butter - Creamy", "product_brand": "Pintola", "combo": [["350 g", "185.00"], ["1 kg", "359.20"]]}, {"category": "Gourmet & World Food", "sub_category_name": "Sauces, Spreads & Dips", "product_name": "Almond Butter - Unsweetened", "product_brand": "Jus Amazin", "combo": []}, {"category": "Gourmet & World Food", "sub_category_name": "Sauces, Spreads & Dips", "product_name": "Bombay Sandwich Spread", "product_brand": "Happy Chef", "combo": []}, {"category": "Gourmet & World Food", "sub_category_name": "Sauces, Spreads & Dips", "product_name": "Spicy Black Bean Sauce", "product_brand": "Woh Hup", "combo": []}, {"category": "Gourmet & World Food", "sub_category_name": "Sauces, Spreads & Dips", "product_name": "Salad Dressing- Garlic", "product_brand": "Remia", "combo": []}, {"category": "Gourmet & World Food", "sub_category_name": "Sauces, Spreads & Dips", "product_name": "Salad Dressing - Salad Cream", "product_brand": "Remia", "combo": []}, {"category": "Gourmet & World Food", "sub_category_name": "Sauces, Spreads & Dips", "product_name": "Momo Sauce", "product_brand": "OrientAsian", "combo": []}, {"category": "Gourmet & World Food", "sub_category_name": "Sauces, Spreads & Dips", "product_name": "Garlic Pepper Sauce", "product_brand": "Tabasco", "combo": []}, {"category": "Gourmet & World Food", "sub_category_name": "Sauces, Spreads & Dips", "product_name": "Spread - Raspberry, Diet", "product_brand": "La Vieja Fabrica", "combo": []}, {"category": "Gourmet & World Food", "sub_category_name": "Sauces, Spreads & Dips", "product_name": "Oyster Sauce", "product_brand": "Golden Prize", "combo": []}, {"category": "Gourmet & World Food", "sub_category_name": "Sauces, Spreads & Dips", "product_name": "Peanut Butter - Creamy", "product_brand": "Veeba", "combo": []}, {"category": "Gourmet & World Food", "sub_category_name": "Sauces, Spreads & Dips", "product_name": "Strawberry - Fruit Spread", "product_brand": "St. Dalfour", "combo": []}, {"category": "Gourmet & World Food", "sub_category_name": "Sauces, Spreads & Dips", "product_name": "Cashew Butter - Punchy Pepper, High Protein, Natural, Vegan", "product_brand": "Jus Amazin", "combo": []}, {"category": "Gourmet & World Food", "sub_category_name": "Sauces, Spreads & Dips", "product_name": "100% Pure Honey - Infused With Lemon", "product_brand": "NUTRIWISH", "combo": []}, {"category": "Gourmet & World Food", "sub_category_name": "Sauces, Spreads & Dips", "product_name": "100 % Pure Organic Honey - Infused With Ginger", "product_brand": "NUTRIWISH", "combo": []}, {"category": "Gourmet & World Food", "sub_category_name": "Sauces, Spreads & Dips", "product_name": "Barbeque Hot Sauce - Smokey & Delicious, 100% Vegan", "product_brand": "Urban Platter", "combo": []}, {"category": "Gourmet & World Food", "sub_category_name": "Sauces, Spreads & Dips", "product_name": "Peri Peri Sauce", "product_brand": "Veeba", "combo": []}, {"category": "Gourmet & World Food", "sub_category_name": "Sauces, Spreads & Dips", "product_name": "Pizza N Pasta Sauce", "product_brand": "Wingreens Farms", "combo": []}, {"category": "Gourmet & World Food", "sub_category_name": "Sauces, Spreads & Dips", "product_name": "Black Bean Sauce", "product_brand": "Tai Hua", "combo": []}, {"category": "Gourmet & World Food", "sub_category_name": "Sauces, Spreads & Dips", "product_name": "Almond Butter - With Flax Seeds, Vegan", "product_brand": "Jus Amazin", "combo": []}, {"category": "Gourmet & World Food", "sub_category_name": "Sauces, Spreads & Dips", "product_name": "Marmalade - Three Fruit (Orange, Grapefruit & lemon)", "product_brand": "Mackays", "combo": []}, {"category": "Gourmet & World Food", "sub_category_name": "Sauces, Spreads & Dips", "product_name": "All Natural Almond Butter - Unsweetened, Crunchy", "product_brand": "Pintola", "combo": [["200 g", "339.15"], ["1kg", "1189.30"], ["350 g", "649.00"]]}, {"category": "Gourmet & World Food", "sub_category_name": "Sauces, Spreads & Dips", "product_name": "Jam - Mixed Fruit, Preserve", "product_brand": "Dana", "combo": []}, {"category": "Gourmet & World Food", "sub_category_name": "Sauces, Spreads & Dips", "product_name": "Sauce - Original BBQ", "product_brand": "American Garden", "combo": [["510 ml", "285.00"], ["2x510 g", "570.00"]]}, {"category": "Gourmet & World Food", "sub_category_name": "Sauces, Spreads & Dips", "product_name": "Szechwan Original Sauce", "product_brand": "Happy Chef", "combo": []}, {"category": "Gourmet & World Food", "sub_category_name": "Sauces, Spreads & Dips", "product_name": "Fish Sauce", "product_brand": "Golden Prize", "combo": []}, {"category": "Gourmet & World Food", "sub_category_name": "Sauces, Spreads & Dips", "product_name": "Taco Hot Sauce", "product_brand": "Cantina Mexicana", "combo": []}, {"category": "Gourmet & World Food", "sub_category_name": "Sauces, Spreads & Dips", "product_name": "Tomato Jalapeno Sauce", "product_brand": "Neo", "combo": []}, {"category": "Gourmet & World Food", "sub_category_name": "Sauces, Spreads & Dips", "product_name": "All Natural Triyogam Butter - Almonds, Cashew, Walnut", "product_brand": "Pintola", "combo": []}, {"category": "Gourmet & World Food", "sub_category_name": "Sauces, Spreads & Dips", "product_name": "Plum Sauce", "product_brand": "Woh Hup", "combo": []}, {"category": "Gourmet & World Food", "sub_category_name": "Sauces, Spreads & Dips", "product_name": "Sambal Oelek", "product_brand": "Woh Hup", "combo": []}, {"category": "Gourmet & World Food", "sub_category_name": "Sauces, Spreads & Dips", "product_name": "Danish Diabetic Jam - Blackcurrant", "product_brand": "Dana", "combo": []}, {"category": "Gourmet & World Food", "sub_category_name": "Sauces, Spreads & Dips", "product_name": "Organic Peanut Butter - All Natural, Unsweetened", "product_brand": "Jus Amazin", "combo": []}, {"category": "Gourmet & World Food", "sub_category_name": "Sauces, Spreads & Dips", "product_name": "Preserve - Apricot", "product_brand": "Mackays", "combo": []}, {"category": "Gourmet & World Food", "sub_category_name": "Sauces, Spreads & Dips", "product_name": "Jam - Apricot", "product_brand": "Hero", "combo": []}, {"category": "Gourmet & World Food", "sub_category_name": "Sauces, Spreads & Dips", "product_name": "Preserve - Blackberry", "product_brand": "Hero", "combo": []}, {"category": "Gourmet & World Food", "sub_category_name": "Sauces, Spreads & Dips", "product_name": "Salsa - Tomato 270gm + Hot Sauce 75ml", "product_brand": "Habanero", "combo": []}, {"category": "Gourmet & World Food", "sub_category_name": "Sauces, Spreads & Dips", "product_name": "Thick Apricot - Fruit Spread", "product_brand": "St. Dalfour", "combo": []}, {"category": "Gourmet & World Food", "sub_category_name": "Sauces, Spreads & Dips", "product_name": "Spread - Rasberry", "product_brand": "La Vieja Fabrica", "combo": []}, {"category": "Gourmet & World Food", "sub_category_name": "Sauces, Spreads & Dips", "product_name": "Peri Peri Hot Sauce - Hot & Sour, 100% Vegan", "product_brand": "Urban Platter", "combo": []}, {"category": "Gourmet & World Food", "sub_category_name": "Sauces, Spreads & Dips", "product_name": "Peanut Butter - Creamy", "product_brand": "Abbies", "combo": [["510 g", "300.00"], ["340 g", "220.00"]]}, {"category": "Gourmet & World Food", "sub_category_name": "Sauces, Spreads & Dips", "product_name": "Kung Po Sauce", "product_brand": "Tai Hua", "combo": []}, {"category": "Gourmet & World Food", "sub_category_name": "Sauces, Spreads & Dips", "product_name": "Cashew Butter - Salted Caramel, High Protein, Natural, Vegan", "product_brand": "Jus Amazin", "combo": []}, {"category": "Gourmet & World Food", "sub_category_name": "Sauces, Spreads & Dips", "product_name": "Original Barbeque Sauce", "product_brand": "Habit", "combo": []}, {"category": "Gourmet & World Food", "sub_category_name": "Sauces, Spreads & Dips", "product_name": "Jalapeno Cheese Dip", "product_brand": "Wingreens Farms", "combo": []}, {"category": "Gourmet & World Food", "sub_category_name": "Sauces, Spreads & Dips", "product_name": "Dana Preserve - Apricot 340 gm Jar", "product_brand": "Dana", "combo": []}, {"category": "Gourmet & World Food", "sub_category_name": "Sauces, Spreads & Dips", "product_name": "Jam - Black Currant, Preserve", "product_brand": "Dana", "combo": []}, {"category": "Gourmet & World Food", "sub_category_name": "Sauces, Spreads & Dips", "product_name": "Eggless Mayonnaise Dip", "product_brand": "Happy Chef", "combo": []}, {"category": "Gourmet & World Food", "sub_category_name": "Sauces, Spreads & Dips", "product_name": "All Natural Triyogam Butter - Almonds, Cashew, Walnut", "product_brand": "Pintola", "combo": []}, {"category": "Gourmet & World Food", "sub_category_name": "Sauces, Spreads & Dips", "product_name": "Plum Sauce", "product_brand": "Woh Hup", "combo": []}, {"category": "Gourmet & World Food", "sub_category_name": "Sauces, Spreads & Dips", "product_name": "Sambal Oelek", "product_brand": "Woh Hup", "combo": []}, {"category": "Gourmet & World Food", "sub_category_name": "Sauces, Spreads & Dips", "product_name": "Danish Diabetic Jam - Blackcurrant", "product_brand": "Dana", "combo": []}, {"category": "Gourmet & World Food", "sub_category_name": "Sauces, Spreads & Dips", "product_name": "Organic Peanut Butter - All Natural, Unsweetened", "product_brand": "Jus Amazin", "combo": []}, {"category": "Gourmet & World Food", "sub_category_name": "Sauces, Spreads & Dips", "product_name": "Preserve - Apricot", "product_brand": "Mackays", "combo": []}, {"category": "Gourmet & World Food", "sub_category_name": "Sauces, Spreads & Dips", "product_name": "Jam - Apricot", "product_brand": "Hero", "combo": []}, {"category": "Gourmet & World Food", "sub_category_name": "Sauces, Spreads & Dips", "product_name": "Preserve - Blackberry", "product_brand": "Hero", "combo": []}, {"category": "Gourmet & World Food", "sub_category_name": "Sauces, Spreads & Dips", "product_name": "Salsa - Tomato 270gm + Hot Sauce 75ml", "product_brand": "Habanero", "combo": []}, {"category": "Gourmet & World Food", "sub_category_name": "Sauces, Spreads & Dips", "product_name": "Thick Apricot - Fruit Spread", "product_brand": "St. Dalfour", "combo": []}, {"category": "Gourmet & World Food", "sub_category_name": "Sauces, Spreads & Dips", "product_name": "Spread - Rasberry", "product_brand": "La Vieja Fabrica", "combo": []}, {"category": "Gourmet & World Food", "sub_category_name": "Sauces, Spreads & Dips", "product_name": "Peri Peri Hot Sauce - Hot & Sour, 100% Vegan", "product_brand": "Urban Platter", "combo": []}, {"category": "Gourmet & World Food", "sub_category_name": "Sauces, Spreads & Dips", "product_name": "Peanut Butter - Creamy", "product_brand": "Abbies", "combo": [["510 g", "300.00"], ["340 g", "220.00"]]}, {"category": "Gourmet & World Food", "sub_category_name": "Sauces, Spreads & Dips", "product_name": "Kung Po Sauce", "product_brand": "Tai Hua", "combo": []}, {"category": "Gourmet & World Food", "sub_category_name": "Sauces, Spreads & Dips", "product_name": "Cashew Butter - Salted Caramel, High Protein, Natural, Vegan", "product_brand": "Jus Amazin", "combo": []}, {"category": "Gourmet & World Food", "sub_category_name": "Sauces, Spreads & Dips", "product_name": "Original Barbeque Sauce", "product_brand": "Habit", "combo": []}, {"category": "Gourmet & World Food", "sub_category_name": "Sauces, Spreads & Dips", "product_name": "Jalapeno Cheese Dip", "product_brand": "Wingreens Farms", "combo": []}, {"category": "Gourmet & World Food", "sub_category_name": "Sauces, Spreads & Dips", "product_name": "Dana Preserve - Apricot 340 gm Jar", "product_brand": "Dana", "combo": []}, {"category": "Gourmet & World Food", "sub_category_name": "Sauces, Spreads & Dips", "product_name": "Jam - Black Currant, Preserve", "product_brand": "Dana", "combo": []}, {"category": "Gourmet & World Food", "sub_category_name": "Sauces, Spreads & Dips", "product_name": "Eggless Mayonnaise Dip", "product_brand": "Happy Chef", "combo": []}, {"category": "Gourmet & World Food", "sub_category_name": "Sauces, Spreads & Dips", "product_name": "All Natural Triyogam Butter - Almonds, Cashew, Walnut", "product_brand": "Pintola", "combo": []}, {"category": "Gourmet & World Food", "sub_category_name": "Sauces, Spreads & Dips", "product_name": "Plum Sauce", "product_brand": "Woh Hup", "combo": []}, {"category": "Gourmet & World Food", "sub_category_name": "Sauces, Spreads & Dips", "product_name": "Sambal Oelek", "product_brand": "Woh Hup", "combo": []}, {"category": "Gourmet & World Food", "sub_category_name": "Sauces, Spreads & Dips", "product_name": "Danish Diabetic Jam - Blackcurrant", "product_brand": "Dana", "combo": []}, {"category": "Gourmet & World Food", "sub_category_name": "Sauces, Spreads & Dips", "product_name": "Organic Peanut Butter - All Natural, Unsweetened", "product_brand": "Jus Amazin", "combo": []}, {"category": "Gourmet & World Food", "sub_category_name": "Sauces, Spreads & Dips", "product_name": "Preserve - Apricot", "product_brand": "Mackays", "combo": []}, {"category": "Gourmet & World Food", "sub_category_name": "Sauces, Spreads & Dips", "product_name": "Jam - Apricot", "product_brand": "Hero", "combo": []}, {"category": "Gourmet & World Food", "sub_category_name": "Sauces, Spreads & Dips", "product_name": "Preserve - Blackberry", "product_brand": "Hero", "combo": []}, {"category": "Gourmet & World Food", "sub_category_name": "Sauces, Spreads & Dips", "product_name": "Salsa - Tomato 270gm + Hot Sauce 75ml", "product_brand": "Habanero", "combo": []}, {"category": "Gourmet & World Food", "sub_category_name": "Sauces, Spreads & Dips", "product_name": "Thick Apricot - Fruit Spread", "product_brand": "St. Dalfour", "combo": []}, {"category": "Gourmet & World Food", "sub_category_name": "Sauces, Spreads & Dips", "product_name": "Spread - Rasberry", "product_brand": "La Vieja Fabrica", "combo": []}, {"category": "Gourmet & World Food", "sub_category_name": "Sauces, Spreads & Dips", "product_name": "Peri Peri Hot Sauce - Hot & Sour, 100% Vegan", "product_brand": "Urban Platter", "combo": []}, {"category": "Gourmet & World Food", "sub_category_name": "Sauces, Spreads & Dips", "product_name": "Peanut Butter - Creamy", "product_brand": "Abbies", "combo": [["510 g", "300.00"], ["340 g", "220.00"]]}, {"category": "Gourmet & World Food", "sub_category_name": "Sauces, Spreads & Dips", "product_name": "Kung Po Sauce", "product_brand": "Tai Hua", "combo": []}, {"category": "Gourmet & World Food", "sub_category_name": "Sauces, Spreads & Dips", "product_name": "Cashew Butter - Salted Caramel, High Protein, Natural, Vegan", "product_brand": "Jus Amazin", "combo": []}, {"category": "Gourmet & World Food", "sub_category_name": "Sauces, Spreads & Dips", "product_name": "Original Barbeque Sauce", "product_brand": "Habit", "combo": []}, {"category": "Gourmet & World Food", "sub_category_name": "Sauces, Spreads & Dips", "product_name": "Jalapeno Cheese Dip", "product_brand": "Wingreens Farms", "combo": []}, {"category": "Gourmet & World Food", "sub_category_name": "Sauces, Spreads & Dips", "product_name": "Dana Preserve - Apricot 340 gm Jar", "product_brand": "Dana", "combo": []}, {"category": "Gourmet & World Food", "sub_category_name": "Sauces, Spreads & Dips", "product_name": "Jam - Black Currant, Preserve", "product_brand": "Dana", "combo": []}, {"category": "Gourmet & World Food", "sub_category_name": "Sauces, Spreads & Dips", "product_name": "Eggless Mayonnaise Dip", "product_brand": "Happy Chef", "combo": []}, {"category": "Gourmet & World Food", "sub_category_name": "Sauces, Spreads & Dips", "product_name": "Honey With Ginger - 100 % Pure", "product_brand": "NUTRIWISH", "combo": []}, {"category": "Gourmet & World Food", "sub_category_name": "Sauces, Spreads & Dips", "product_name": "Honey With Litchi - 100 % Pure", "product_brand": "NUTRIWISH", "combo": []}, {"category": "Gourmet & World Food", "sub_category_name": "Sauces, Spreads & Dips", "product_name": "Mayo - Barbeque", "product_brand": "Wingreens Farms", "combo": []}, {"category": "Gourmet & World Food", "sub_category_name": "Sauces, Spreads & Dips", "product_name": "Dip - Salsa", "product_brand": "Tex Mex Salsalito", "combo": []}, {"category": "Gourmet & World Food", "sub_category_name": "Sauces, Spreads & Dips", "product_name": "Butter - Almond", "product_brand": "Nutty Yogi", "combo": []}, {"category": "Gourmet & World Food", "sub_category_name": "Sauces, Spreads & Dips", "product_name": "Butter - Chocolate Peanut", "product_brand": "Nutty Yogi", "combo": []}, {"category": "Gourmet & World Food", "sub_category_name": "Sauces, Spreads & Dips", "product_name": "Chutney - Rhododendron", "product_brand": "Nutty Yogi", "combo": []}, {"category": "Gourmet & World Food", "sub_category_name": "Sauces, Spreads & Dips", "product_name": "Honey - Cinnamon", "product_brand": "Nutty Yogi", "combo": []}, {"category": "Gourmet & World Food", "sub_category_name": "Sauces, Spreads & Dips", "product_name": "Butter - Peanut", "product_brand": "Nutty Yogi", "combo": []}, {"category": "Gourmet & World Food", "sub_category_name": "Sauces, Spreads & Dips", "product_name": "Almond Butter", "product_brand": "NUTRIWISH", "combo": []}, {"category": "Gourmet & World Food", "sub_category_name": "Sauces, Spreads & Dips", "product_name": "Cashew Nut Butter", "product_brand": "NUTRIWISH", "combo": []}, {"category": "Gourmet & World Food", "sub_category_name": "Sauces, Spreads & Dips", "product_name": "Hazelnut Butter", "product_brand": "NUTRIWISH", "combo": []}, {"category": "Gourmet & World Food", "sub_category_name": "Sauces, Spreads & Dips", "product_name": "Peanut Butter", "product_brand": "NUTRIWISH", "combo": []}, {"category": "Gourmet & World Food", "sub_category_name": "Sauces, Spreads & Dips", "product_name": "Walnut Butter", "product_brand": "NUTRIWISH", "combo": []}, {"category": "Gourmet & World Food", "sub_category_name": "Sauces, Spreads & Dips", "product_name": "Supernut Butter", "product_brand": "NUTRIWISH", "combo": []}, {"category": "Gourmet & World Food", "sub_category_name": "Sauces, Spreads & Dips", "product_name": "Momo Hot Sauce", "product_brand": "Happy Chef", "combo": []}, {"category": "Gourmet & World Food", "sub_category_name": "Sauces, Spreads & Dips", "product_name": "Arrabbiata Pasta Sauce With Black Olives", "product_brand": "Happy Chef", "combo": []}, {"category": "Gourmet & World Food", "sub_category_name": "Sauces, Spreads & Dips", "product_name": "All Natural Hummus - Spicy Sriracha", "product_brand": "All That Dips", "combo": []}, {"category": "Gourmet & World Food", "sub_category_name": "Sauces, Spreads & Dips", "product_name": "Ranch - Mint Herb", "product_brand": "All That Dips", "combo": []}, {"category": "Gourmet & World Food", "sub_category_name": "Sauces, Spreads & Dips", "product_name": "Yogurt Dip - Cilantro, Jalapeno", "product_brand": "All That Dips", "combo": []}, {"category": "Gourmet & World Food", "sub_category_name": "Sauces, Spreads & Dips", "product_name": "Very Cheesy Salsa - Salsa Con Queso", "product_brand": "All That Dips", "combo": []}, {"category": "Gourmet & World Food", "sub_category_name": "Sauces, Spreads & Dips", "product_name": "Very Cheesy Dip - Pepper Jack", "product_brand": "All That Dips", "combo": []}, {"category": "Gourmet & World Food", "sub_category_name": "Sauces, Spreads & Dips", "product_name": "Pizza Foundue Dip - Cheese", "product_brand": "All That Dips", "combo": []}, {"category": "Gourmet & World Food", "sub_category_name": "Sauces, Spreads & Dips", "product_name": "Yummy Dip - In & Out", "product_brand": "All That Dips", "combo": []}, {"category": "Gourmet & World Food", "sub_category_name": "Sauces, Spreads & Dips", "product_name": "Guacamole Dip - Classic", "product_brand": "All That Dips", "combo": []}, {"category": "Gourmet & World Food", "sub_category_name": "Sauces, Spreads & Dips", "product_name": "Spread - Peach", "product_brand": "La Vieja Fabrica", "combo": []}, {"category": "Gourmet & World Food", "sub_category_name": "Sauces, Spreads & Dips", "product_name": "Colour Extract - Spinach Green", "product_brand": "Sprig", "combo": []}, {"category": "Gourmet & World Food", "sub_category_name": "Sauces, Spreads & Dips", "product_name": "Peanut Butter - Crunchy", "product_brand": "Delight Nuts", "combo": []}, {"category": "Gourmet & World Food", "sub_category_name": "Sauces, Spreads & Dips", "product_name": "Certified Organic High Altitude Honey", "product_brand": "Nutriorg", "combo": []}, {"category": "Gourmet & World Food", "sub_category_name": "Sauces, Spreads & Dips", "product_name": "Fish Sauce", "product_brand": "Real Thai", "combo": []}, {"category": "Gourmet & World Food", "sub_category_name": "Sauces, Spreads & Dips", "product_name": "Sriracha Hot Chilli Sauce", "product_brand": "Real Thai", "combo": []}, {"category": "Gourmet & World Food", "sub_category_name": "Sauces, Spreads & Dips", "product_name": "Sweet Chilli Sauce", "product_brand": "Real Thai", "combo": []}, {"category": "Gourmet & World Food", "sub_category_name": "Sauces, Spreads & Dips", "product_name": "Colour Extract - Paprika Orange", "product_brand": "Sprig", "combo": []}, {"category": "Gourmet & World Food", "sub_category_name": "Sauces, Spreads & Dips", "product_name": "Colour Extract - Marigold Yellow", "product_brand": "Sprig", "combo": []}, {"category": "Gourmet & World Food", "sub_category_name": "Sauces, Spreads & Dips", "product_name": "Bhut Jolokia Sauce", "product_brand": "Sprig", "combo": []}, {"category": "Gourmet & World Food", "sub_category_name": "Sauces, Spreads & Dips", "product_name": "Sauce - Chipotle Adobado", "product_brand": "Sprig", "combo": []}, {"category": "Gourmet & World Food", "sub_category_name": "Sauces, Spreads & Dips", "product_name": "Peanut Butter - Creamy", "product_brand": "Veeba", "combo": []}, {"category": "Gourmet & World Food", "sub_category_name": "Sauces, Spreads & Dips", "product_name": "Eggless Mayonnaise Chef's Special", "product_brand": "Veeba", "combo": []}, {"category": "Gourmet & World Food", "sub_category_name": "Sauces, Spreads & Dips", "product_name": "Sriracha - Chilli Garlic Sauce", "product_brand": "Veeba", "combo": []}, {"category": "Gourmet & World Food", "sub_category_name": "Sauces, Spreads & Dips", "product_name": "Harissa - Chilli Cumin Dressing", "product_brand": "Veeba", "combo": []}, {"category": "Gourmet & World Food", "sub_category_name": "Sauces, Spreads & Dips", "product_name": "Spreads - Banana Caramel", "product_brand": "Epigamia", "combo": []}, {"category": "Gourmet & World Food", "sub_category_name": "Sauces, Spreads & Dips", "product_name": "Curd - Lime", "product_brand": "Mackays", "combo": []}, {"category": "Gourmet & World Food", "sub_category_name": "Sauces, Spreads & Dips", "product_name": "Preserve - Ginger", "product_brand": "Mackays", "combo": []}, {"category": "Gourmet & World Food", "sub_category_name": "Sauces, Spreads & Dips", "product_name": "Preserve - Blackcurrant (Scottish)", "product_brand": "Mackays", "combo": []}, {"category": "Gourmet & World Food", "sub_category_name": "Sauces, Spreads & Dips", "product_name": "Sweet Chilli Sauce", "product_brand": "Mae Pranom", "combo": []}, {"category": "Gourmet & World Food", "sub_category_name": "Sauces, Spreads & Dips", "product_name": "Cheesy Sauce", "product_brand": "Wingreens Farms", "combo": []}, {"category": "Gourmet & World Food", "sub_category_name": "Sauces, Spreads & Dips", "product_name": "Treacle Cane Syrup - Liquid", "product_brand": "Dhampur Green", "combo": []}, {"category": "Gourmet & World Food", "sub_category_name": "Sauces, Spreads & Dips", "product_name": "Golden Syrup", "product_brand": "Dhampur Green", "combo": []}, {"category": "Gourmet & World Food", "sub_category_name": "Sauces, Spreads & Dips", "product_name": "Light Soy Sauce - Reduced Salt", "product_brand": "Tai Hua", "combo": []}, {"category": "Gourmet & World Food", "sub_category_name": "Sauces, Spreads & Dips", "product_name": "Black Pepper Sauce", "product_brand": "Tai Hua", "combo": []}, {"category": "Gourmet & World Food", "sub_category_name": "Sauces, Spreads & Dips", "product_name": "Lemon Sauce", "product_brand": "Tai Hua", "combo": []}, {"category": "Gourmet & World Food", "sub_category_name": "Sauces, Spreads & Dips", "product_name": "Peking Duck Sauce", "product_brand": "Tai Hua", "combo": []}, {"category": "Gourmet & World Food", "sub_category_name": "Sauces, Spreads & Dips", "product_name": "Satay BBQ Sauce", "product_brand": "Tai Hua", "combo": []}, {"category": "Gourmet & World Food", "sub_category_name": "Sauces, Spreads & Dips", "product_name": "Organic Peanut Butter - With Crunchy Flax & Sunflower Seeds, Vegan", "product_brand": "Jus Amazin", "combo": []}, {"category": "Gourmet & World Food", "sub_category_name": "Sauces, Spreads & Dips", "product_name": "Spicy Black Pepper Sauce", "product_brand": "Happy Chef", "combo": []}, {"category": "Gourmet & World Food", "sub_category_name": "Sauces, Spreads & Dips", "product_name": "Vegetarian Oyster Sauce", "product_brand": "Happy Chef", "combo": []}, {"category": "Gourmet & World Food", "sub_category_name": "Sauces, Spreads & Dips", "product_name": "Hummus - Rosemary", "product_brand": "Wingreens Farms", "combo": []}, {"category": "Gourmet & World Food", "sub_category_name": "Sauces, Spreads & Dips", "product_name": "Basil Pesto", "product_brand": "Wingreens Farms", "combo": []}, {"category": "Gourmet & World Food", "sub_category_name": "Sauces, Spreads & Dips", "product_name": "Peanut Butter - Crunchy, Super", "product_brand": "Happilo", "combo": [["350 g", "119.25"], ["1 kg", "261.75"]]}, {"category": "Gourmet & World Food", "sub_category_name": "Sauces, Spreads & Dips", "product_name": "Super Peanut Butter - Creamy", "product_brand": "Happilo", "combo": [["1 kg", "261.75"], ["350 g", "119.25"]]}, {"category": "Gourmet & World Food", "sub_category_name": "Sauces, Spreads & Dips", "product_name": "Spreads - Banana Caramel", "product_brand": "Epigamia", "combo": []}, {"category": "Gourmet & World Food", "sub_category_name": "Sauces, Spreads & Dips", "product_name": "Curd - Lime", "product_brand": "Mackays", "combo": []}, {"category": "Gourmet & World Food", "sub_category_name": "Sauces, Spreads & Dips", "product_name": "Preserve - Ginger", "product_brand": "Mackays", "combo": []}, {"category": "Gourmet & World Food", "sub_category_name": "Sauces, Spreads & Dips", "product_name": "Preserve - Blackcurrant (Scottish)", "product_brand": "Mackays", "combo": []}, {"category": "Gourmet & World Food", "sub_category_name": "Sauces, Spreads & Dips", "product_name": "Sweet Chilli Sauce", "product_brand": "Mae Pranom", "combo": []}, {"category": "Gourmet & World Food", "sub_category_name": "Sauces, Spreads & Dips", "product_name": "Cheesy Sauce", "product_brand": "Wingreens Farms", "combo": []}, {"category": "Gourmet & World Food", "sub_category_name": "Sauces, Spreads & Dips", "product_name": "Treacle Cane Syrup - Liquid", "product_brand": "Dhampur Green", "combo": []}, {"category": "Gourmet & World Food", "sub_category_name": "Sauces, Spreads & Dips", "product_name": "Golden Syrup", "product_brand": "Dhampur Green", "combo": []}, {"category": "Gourmet & World Food", "sub_category_name": "Sauces, Spreads & Dips", "product_name": "Light Soy Sauce - Reduced Salt", "product_brand": "Tai Hua", "combo": []}, {"category": "Gourmet & World Food", "sub_category_name": "Sauces, Spreads & Dips", "product_name": "Black Pepper Sauce", "product_brand": "Tai Hua", "combo": []}, {"category": "Gourmet & World Food", "sub_category_name": "Sauces, Spreads & Dips", "product_name": "Lemon Sauce", "product_brand": "Tai Hua", "combo": []}, {"category": "Gourmet & World Food", "sub_category_name": "Sauces, Spreads & Dips", "product_name": "Peking Duck Sauce", "product_brand": "Tai Hua", "combo": []}, {"category": "Gourmet & World Food", "sub_category_name": "Sauces, Spreads & Dips", "product_name": "Satay BBQ Sauce", "product_brand": "Tai Hua", "combo": []}, {"category": "Gourmet & World Food", "sub_category_name": "Sauces, Spreads & Dips", "product_name": "Organic Peanut Butter - With Crunchy Flax & Sunflower Seeds, Vegan", "product_brand": "Jus Amazin", "combo": []}, {"category": "Gourmet & World Food", "sub_category_name": "Sauces, Spreads & Dips", "product_name": "Spicy Black Pepper Sauce", "product_brand": "Happy Chef", "combo": []}, {"category": "Gourmet & World Food", "sub_category_name": "Sauces, Spreads & Dips", "product_name": "Vegetarian Oyster Sauce", "product_brand": "Happy Chef", "combo": []}, {"category": "Gourmet & World Food", "sub_category_name": "Sauces, Spreads & Dips", "product_name": "Hummus - Rosemary", "product_brand": "Wingreens Farms", "combo": []}, {"category": "Gourmet & World Food", "sub_category_name": "Sauces, Spreads & Dips", "product_name": "Basil Pesto", "product_brand": "Wingreens Farms", "combo": []}, {"category": "Gourmet & World Food", "sub_category_name": "Sauces, Spreads & Dips", "product_name": "Peanut Butter - Crunchy, Super", "product_brand": "Happilo", "combo": [["350 g", "119.25"], ["1 kg", "261.75"]]}, {"category": "Gourmet & World Food", "sub_category_name": "Sauces, Spreads & Dips", "product_name": "Super Peanut Butter - Creamy", "product_brand": "Happilo", "combo": [["1 kg", "261.75"], ["350 g", "119.25"]]}, {"category": "Gourmet & World Food", "sub_category_name": "Sauces, Spreads & Dips", "product_name": "Peanut Butter - Crunchy, All Natural", "product_brand": "Happilo", "combo": []}, {"category": "Gourmet & World Food", "sub_category_name": "Sauces, Spreads & Dips", "product_name": "Peanut Butter - Creamy, All Natural", "product_brand": "Happilo", "combo": []}, {"category": "Gourmet & World Food", "sub_category_name": "Sauces, Spreads & Dips", "product_name": "Chocolate Peanut Butter - Crunchy, Super", "product_brand": "Happilo", "combo": []}, {"category": "Gourmet & World Food", "sub_category_name": "Sauces, Spreads & Dips", "product_name": "Chocolate Peanut Butter - Creamy, Super", "product_brand": "Happilo", "combo": []}, {"category": "Gourmet & World Food", "sub_category_name": "Sauces, Spreads & Dips", "product_name": "Peanut Butter With Whey Protein & Moringa", "product_brand": "NUTRIWISH", "combo": []}, {"category": "Gourmet & World Food", "sub_category_name": "Sauces, Spreads & Dips", "product_name": "Sauce - Black Bean Garlic", "product_brand": "Lee Kum Kee", "combo": []}, {"category": "Gourmet & World Food", "sub_category_name": "Sauces, Spreads & Dips", "product_name": "Sauce - Chili Garlic", "product_brand": "Lee Kum Kee", "combo": []}, {"category": "Gourmet & World Food", "sub_category_name": "Sauces, Spreads & Dips", "product_name": "Sauce - Soya (Dark)", "product_brand": "Lee Kum Kee", "combo": []}, {"category": "Gourmet & World Food", "sub_category_name": "Sauces, Spreads & Dips", "product_name": "Sauce - Plum", "product_brand": "Lee Kum Kee", "combo": []}, {"category": "Gourmet & World Food", "sub_category_name": "Sauces, Spreads & Dips", "product_name": "Sauce - Teriyaki", "product_brand": "Lee Kum Kee", "combo": []}, {"category": "Gourmet & World Food", "sub_category_name": "Sauces, Spreads & Dips", "product_name": "Sauce - Hoisin", "product_brand": "Ongs", "combo": []}, {"category": "Gourmet & World Food", "sub_category_name": "Sauces, Spreads & Dips", "product_name": "Sweet Chilli Sauce", "product_brand": "Real Thai", "combo": []}, {"category": "Gourmet & World Food", "sub_category_name": "Sauces, Spreads & Dips", "product_name": "Sriracha Hot Chilli Sauce", "product_brand": "Real Thai", "combo": []}, {"category": "Gourmet & World Food", "sub_category_name": "Sauces, Spreads & Dips", "product_name": "Spread - Strawberry, Diet", "product_brand": "La Vieja Fabrica", "combo": []}, {"category": "Gourmet & World Food", "sub_category_name": "Sauces, Spreads & Dips", "product_name": "Natural Litchi Honey", "product_brand": "Honey Twigs", "combo": []}, {"category": "Gourmet & World Food", "sub_category_name": "Sauces, Spreads & Dips", "product_name": "Natural Litchi Honey", "product_brand": "Honey Twigs", "combo": []}, {"category": "Gourmet & World Food", "sub_category_name": "Sauces, Spreads & Dips", "product_name": "Cinnamon Infused Honey", "product_brand": "Honey Twigs", "combo": []}, {"category": "Gourmet & World Food", "sub_category_name": "Sauces, Spreads & Dips", "product_name": "Cinnamon Infused Honey", "product_brand": "Honey Twigs", "combo": []}, {"category": "Gourmet & World Food", "sub_category_name": "Sauces, Spreads & Dips", "product_name": "Vanilla Infused Honey", "product_brand": "Honey Twigs", "combo": []}, {"category": "Gourmet & World Food", "sub_category_name": "Sauces, Spreads & Dips", "product_name": "Vanilla Infused Honey", "product_brand": "Honey Twigs", "combo": []}, {"category": "Gourmet & World Food", "sub_category_name": "Sauces, Spreads & Dips", "product_name": "Almond Butter With Dark Chocolate & 51% Almonds - Creamy", "product_brand": "Pintola", "combo": []}, {"category": "Gourmet & World Food", "sub_category_name": "Sauces, Spreads & Dips", "product_name": "Preserve - Apricot", "product_brand": "Bonne Maman", "combo": []}, {"category": "Gourmet & World Food", "sub_category_name": "Sauces, Spreads & Dips", "product_name": "Preserve - Peach", "product_brand": "Bonne Maman", "combo": []}, {"category": "Gourmet & World Food", "sub_category_name": "Sauces, Spreads & Dips", "product_name": "Arrabiata Pasta Sauce", "product_brand": "Happy Chef", "combo": []}, {"category": "Gourmet & World Food", "sub_category_name": "Sauces, Spreads & Dips", "product_name": "Spring Roll Sauce", "product_brand": "Real Thai", "combo": []}, {"category": "Gourmet & World Food", "sub_category_name": "Sauces, Spreads & Dips", "product_name": "Organic Cashew Butter - Unsweetened", "product_brand": "D-Alive", "combo": []}, {"category": "Gourmet & World Food", "sub_category_name": "Sauces, Spreads & Dips", "product_name": "Orange - Fruit Spread", "product_brand": "St. Dalfour", "combo": []}, {"category": "Gourmet & World Food", "sub_category_name": "Sauces, Spreads & Dips", "product_name": "Black Pepper Wok Sauce", "product_brand": "Real Thai", "combo": []}, {"category": "Gourmet & World Food", "sub_category_name": "Sauces, Spreads & Dips", "product_name": "Sauce - Dark Soya", "product_brand": "Raavi", "combo": []}, {"category": "Gourmet & World Food", "sub_category_name": "Sauces, Spreads & Dips", "product_name": "Real Cinnamon Imbued Honey", "product_brand": "Sprig", "combo": []}, {"category": "Gourmet & World Food", "sub_category_name": "Sauces, Spreads & Dips", "product_name": "Sriracha Chilli Sauce 185 g + Salsa - Spicy 270 g", "product_brand": "Habanero", "combo": []}, {"category": "Gourmet & World Food", "sub_category_name": "Sauces, Spreads & Dips", "product_name": "Sriracha Chilli Sauce 185 g + Salsa - Spicy 270 g + Spicy Pasta Sauce 385 g", "product_brand": "Habanero", "combo": []}, {"category": "Gourmet & World Food", "sub_category_name": "Sauces, Spreads & Dips", "product_name": "Penne Pasta - Premium Durum Wheat 500 g + Spicy Pasta Sauce 385 g", "product_brand": "Habanero", "combo": []}, {"category": "Gourmet & World Food", "sub_category_name": "Sauces, Spreads & Dips", "product_name": "Ginger Imbued Honey", "product_brand": "Sprig", "combo": []}, {"category": "Gourmet & World Food", "sub_category_name": "Sauces, Spreads & Dips", "product_name": "Bengal Mustard Kasundi Sauce - Vegan", "product_brand": "Urban Platter", "combo": []}, {"category": "Gourmet & World Food", "sub_category_name": "Sauces, Spreads & Dips", "product_name": "Jam - Diabetic, Strawberry, Sugar Free", "product_brand": "Dana", "combo": []}, {"category": "Gourmet & World Food", "sub_category_name": "Sauces, Spreads & Dips", "product_name": "Sauce - Garlic Peri Peri", "product_brand": "Nando's", "combo": []}, {"category": "Gourmet & World Food", "sub_category_name": "Sauces, Spreads & Dips", "product_name": "Sauce - Barbecue", "product_brand": "Pantai", "combo": []}, {"category": "Gourmet & World Food", "sub_category_name": "Sauces, Spreads & Dips", "product_name": "Marmalade - Orange, Lemon & Ginger", "product_brand": "Mackays", "combo": []}, {"category": "Gourmet & World Food", "sub_category_name": "Sauces, Spreads & Dips", "product_name": "Preserve - Blueberry & Blackcurrant", "product_brand": "Mackays", "combo": []}, {"category": "Gourmet & World Food", "sub_category_name": "Sauces, Spreads & Dips", "product_name": "Peanut Butter - Creamy, Sprouted, Stone Ground", "product_brand": "Dhatu Organics & Naturals", "combo": []}, {"category": "Gourmet & World Food", "sub_category_name": "Sauces, Spreads & Dips", "product_name": "Seed Butter - Sunflower, Creamy, Stone Ground", "product_brand": "Dhatu Organics & Naturals", "combo": []}, {"category": "Gourmet & World Food", "sub_category_name": "Sauces, Spreads & Dips", "product_name": "Almond Butter - Creamy, Stone Ground", "product_brand": "Dhatu Organics & Naturals", "combo": []}, {"category": "Gourmet & World Food", "sub_category_name": "Sauces, Spreads & Dips", "product_name": "Seed Butter - Pumpkin, Creamy, Stone Ground", "product_brand": "Dhatu Organics & Naturals", "combo": []}, {"category": "Gourmet & World Food", "sub_category_name": "Sauces, Spreads & Dips", "product_name": "Premium Light Soy Sauce", "product_brand": "Woh Hup", "combo": []}, {"category": "Gourmet & World Food", "sub_category_name": "Sauces, Spreads & Dips", "product_name": "Yellow Cocktail", "product_brand": "Quencha", "combo": []}, {"category": "Gourmet & World Food", "sub_category_name": "Sauces, Spreads & Dips", "product_name": "Unsweetened Creamy Peanut Butter", "product_brand": "Urban Platter", "combo": []}, {"category": "Gourmet & World Food", "sub_category_name": "Sauces, Spreads & Dips", "product_name": "Cashew Butter - Creamy, Stone Ground", "product_brand": "Dhatu Organics & Naturals", "combo": []}, {"category": "Gourmet & World Food", "sub_category_name": "Sauces, Spreads & Dips", "product_name": "Dip Mix - Cheese", "product_brand": "Tex Mex Salsalito", "combo": []}, {"category": "Gourmet & World Food", "sub_category_name": "Sauces, Spreads & Dips", "product_name": "Sauce - Teriyaki Ginger", "product_brand": "Sprig", "combo": []}, {"category": "Gourmet & World Food", "sub_category_name": "Sauces, Spreads & Dips", "product_name": "Sweet Chilli Sauce", "product_brand": "Real Thai", "combo": []}, {"category": "Gourmet & World Food", "sub_category_name": "Sauces, Spreads & Dips", "product_name": "Sriracha Extra Hot Chilli Sauce", "product_brand": "Real Thai", "combo": []}, {"category": "Gourmet & World Food", "sub_category_name": "Sauces, Spreads & Dips", "product_name": "Sriracha Extra Hot Chilli Sauce", "product_brand": "Real Thai", "combo": []}, {"category": "Gourmet & World Food", "sub_category_name": "Sauces, Spreads & Dips", "product_name": "Sriracha Hot Chilli Sauce", "product_brand": "Real Thai", "combo": []}, {"category": "Gourmet & World Food", "sub_category_name": "Sauces, Spreads & Dips", "product_name": "Sauce - Light Soya", "product_brand": "Raavi", "combo": []}, {"category": "Gourmet & World Food", "sub_category_name": "Sauces, Spreads & Dips", "product_name": "Sauce - Stir Fry", "product_brand": "Raavi", "combo": []}, {"category": "Gourmet & World Food", "sub_category_name": "Sauces, Spreads & Dips", "product_name": "Sauce - Teriyaki", "product_brand": "Raavi", "combo": []}, {"category": "Gourmet & World Food", "sub_category_name": "Sauces, Spreads & Dips", "product_name": "Hummus - Original Olive", "product_brand": "Wingreens Farms", "combo": []}, {"category": "Gourmet & World Food", "sub_category_name": "Sauces, Spreads & Dips", "product_name": "Hummus - Peri Peri", "product_brand": "Wingreens Farms", "combo": []}, {"category": "Gourmet & World Food", "sub_category_name": "Sauces, Spreads & Dips", "product_name": "Spicy Peanut Butter", "product_brand": "Wingreens Farms", "combo": []}, {"category": "Gourmet & World Food", "sub_category_name": "Sauces, Spreads & Dips", "product_name": "Chocolate Peanut Butter", "product_brand": "Wingreens Farms", "combo": []}, {"category": "Gourmet & World Food", "sub_category_name": "Sauces, Spreads & Dips", "product_name": "Green Jalapeno Sauce", "product_brand": "Neo", "combo": []}, {"category": "Gourmet & World Food", "sub_category_name": "Sauces, Spreads & Dips", "product_name": "Curd - Lemon", "product_brand": "Mackays", "combo": []}, {"category": "Gourmet & World Food", "sub_category_name": "Sauces, Spreads & Dips", "product_name": "Spread - Seville Orange, Diet", "product_brand": "La Vieja Fabrica", "combo": []}, {"category": "Gourmet & World Food", "sub_category_name": "Sauces, Spreads & Dips", "product_name": "Sauce- Plum", "product_brand": "Ongs", "combo": []}, {"category": "Gourmet & World Food", "sub_category_name": "Sauces, Spreads & Dips", "product_name": "Pasta Sauce - Mushroom & Green Pepper", "product_brand": "Ragu", "combo": []}, {"category": "Gourmet & World Food", "sub_category_name": "Sauces, Spreads & Dips", "product_name": "Jamun Conserve With No Added Sugar", "product_brand": "Happy Chef", "combo": []}, {"category": "Gourmet & World Food", "sub_category_name": "Sauces, Spreads & Dips", "product_name": "Preserve - Raspberry", "product_brand": "Dana", "combo": []}, {"category": "Gourmet & World Food", "sub_category_name": "Sauces, Spreads & Dips", "product_name": "Sauce - Hot Peri Peri", "product_brand": "Nando's", "combo": []}, {"category": "Gourmet & World Food", "sub_category_name": "Sauces, Spreads & Dips", "product_name": "Pasta Sauce - Super Chunky Mushroom Chunky", "product_brand": "Ragu", "combo": []}, {"category": "Gourmet & World Food", "sub_category_name": "Sauces, Spreads & Dips", "product_name": "Sauce - Medium Peri Peri", "product_brand": "Nando's", "combo": []}, {"category": "Gourmet & World Food", "sub_category_name": "Sauces, Spreads & Dips", "product_name": "Dana Diabetic Spread Jam - Mixed Fruit 315 gm Jar", "product_brand": "Dana", "combo": []}, {"category": "Gourmet & World Food", "sub_category_name": "Sauces, Spreads & Dips", "product_name": "Sauce - Light Soy", "product_brand": "Ongs", "combo": []}, {"category": "Gourmet & World Food", "sub_category_name": "Sauces, Spreads & Dips", "product_name": "Sauce - Black Bean Sauce", "product_brand": "Ongs", "combo": []}, {"category": "Gourmet & World Food", "sub_category_name": "Sauces, Spreads & Dips", "product_name": "Golden Curry Sauce Mix - Medium, Hot", "product_brand": "Sb", "combo": []}, {"category": "Gourmet & World Food", "sub_category_name": "Sauces, Spreads & Dips", "product_name": "Honey - Ginger Burst", "product_brand": "Kapiva Ayurveda", "combo": []}, {"category": "Gourmet & World Food", "sub_category_name": "Sauces, Spreads & Dips", "product_name": "Spicy Pasta Sauce 385 g + Hot Sauce 75 ml + Salsa - Tomato 270 g", "product_brand": "Habanero", "combo": []}, {"category": "Gourmet & World Food", "sub_category_name": "Sauces, Spreads & Dips", "product_name": "Spicy Pasta Sauce 385 g + Barbecue Sauce 250 g + Hot Sauce 75 ml", "product_brand": "Habanero", "combo": []}, {"category": "Gourmet & World Food", "sub_category_name": "Sauces, Spreads & Dips", "product_name": "PennePasta Premium Durum Wheat 500g + Jalapeno Pasta Sauce 385g + Hot Sauce 75ml", "product_brand": "Habanero", "combo": []}, {"category": "Gourmet & World Food", "sub_category_name": "Sauces, Spreads & Dips", "product_name": "Dill Tzatziki", "product_brand": "Wingreens Farms", "combo": []}, {"category": "Gourmet & World Food", "sub_category_name": "Sauces, Spreads & Dips", "product_name": "Eggless Mayonnaise Chef's Special", "product_brand": "Veeba", "combo": []}, {"category": "Gourmet & World Food", "sub_category_name": "Sauces, Spreads & Dips", "product_name": "Greek Goddess - Mint Cucumber", "product_brand": "Wingreens Farms", "combo": []}, {"category": "Gourmet & World Food", "sub_category_name": "Sauces, Spreads & Dips", "product_name": "Greek Goddess - Chilli Cheese", "product_brand": "Wingreens Farms", "combo": []}, {"category": "Gourmet & World Food", "sub_category_name": "Sauces, Spreads & Dips", "product_name": "Greek Goddess - Sour Cream & Onion", "product_brand": "Wingreens Farms", "combo": []}, {"category": "Gourmet & World Food", "sub_category_name": "Sauces, Spreads & Dips", "product_name": "French Dressing", "product_brand": "American Garden", "combo": []}, {"category": "Gourmet & World Food", "sub_category_name": "Sauces, Spreads & Dips", "product_name": "Golden Curry Sauce Mix - Medium, Hot", "product_brand": "Sb", "combo": []}, {"category": "Gourmet & World Food", "sub_category_name": "Sauces, Spreads & Dips", "product_name": "Four Fruit - Fruit Spread", "product_brand": "St. Dalfour", "combo": []}, {"category": "Gourmet & World Food", "sub_category_name": "Sauces, Spreads & Dips", "product_name": "Mayonnaise - Eggless (Gluten Free)", "product_brand": "American Garden", "combo": []}, {"category": "Gourmet & World Food", "sub_category_name": "Sauces, Spreads & Dips", "product_name": "Mayonnaise", "product_brand": "American Garden", "combo": []}, {"category": "Gourmet & World Food", "sub_category_name": "Sauces, Spreads & Dips", "product_name": "Pasta Sauce - Olives", "product_brand": "Barilla", "combo": []}, {"category": "Gourmet & World Food", "sub_category_name": "Sauces, Spreads & Dips", "product_name": "Cheesy Ketchup", "product_brand": "Wingreens Farms", "combo": []}, {"category": "Gourmet & World Food", "sub_category_name": "Sauces, Spreads & Dips", "product_name": "Bhut Sriracha Sauce", "product_brand": "Wingreens Farms", "combo": []}, {"category": "Gourmet & World Food", "sub_category_name": "Sauces, Spreads & Dips", "product_name": "Malaysian Satay Sauce", "product_brand": "Happy Chef", "combo": []}, {"category": "Gourmet & World Food", "sub_category_name": "Sauces, Spreads & Dips", "product_name": "Classic Hummus", "product_brand": "Wingreens Farms", "combo": []}, {"category": "Gourmet & World Food", "sub_category_name": "Sauces, Spreads & Dips", "product_name": "Pasta Sauce - Parmesan & Romano", "product_brand": "Ragu", "combo": []}, {"category": "Gourmet & World Food", "sub_category_name": "Sauces, Spreads & Dips", "product_name": "Mayonnaise - Lite", "product_brand": "American Garden", "combo": [["473 ml", "299.00"], ["237 ml", "225.00"]]}, {"category": "Gourmet & World Food", "sub_category_name": "Sauces, Spreads & Dips", "product_name": "Peri Peri Salsa", "product_brand": "Wingreens Farms", "combo": []}, {"category": "Gourmet & World Food", "sub_category_name": "Sauces, Spreads & Dips", "product_name": "Garlic Dip", "product_brand": "Wingreens Farms", "combo": []}, {"category": "Gourmet & World Food", "sub_category_name": "Sauces, Spreads & Dips", "product_name": "Pasta Sauce - Organic Traditional", "product_brand": "Ragu", "combo": []}, {"category": "Gourmet & World Food", "sub_category_name": "Sauces, Spreads & Dips", "product_name": "Sweet & Sour Tamarind Wok Sauce", "product_brand": "Real Thai", "combo": []}, {"category": "Gourmet & World Food", "sub_category_name": "Sauces, Spreads & Dips", "product_name": "Sriracha Chilli Sauce 185 g + Hot Sauce 75 ml + Sauce - Peri Peri 200 g", "product_brand": "Habanero", "combo": []}, {"category": "Gourmet & World Food", "sub_category_name": "Sauces, Spreads & Dips", "product_name": "Hot Sauce 75 ml + Sauce - Peri Peri 200 g + Barbecue Sauce 250 g", "product_brand": "Habanero", "combo": []}, {"category": "Gourmet & World Food", "sub_category_name": "Sauces, Spreads & Dips", "product_name": "Pasta Sauce - Classic Alfredo", "product_brand": "Ragu", "combo": []}, {"category": "Gourmet & World Food", "sub_category_name": "Sauces, Spreads & Dips", "product_name": "Sauteed Onion & Garlic Pasta Sauce", "product_brand": "Ragu", "combo": []}, {"category": "Gourmet & World Food", "sub_category_name": "Sauces, Spreads & Dips", "product_name": "Spread - Seville Orange", "product_brand": "La Vieja Fabrica", "combo": []}, {"category": "Gourmet & World Food", "sub_category_name": "Sauces, Spreads & Dips", "product_name": "Fruit Jam - Blueberry", "product_brand": "Chabaa", "combo": [["240 g", "145.00"], ["430 g", "199.00"]]}, {"category": "Gourmet & World Food", "sub_category_name": "Sauces, Spreads & Dips", "product_name": "Fruit Jam - Orange", "product_brand": "Chabaa", "combo": []}, {"category": "Gourmet & World Food", "sub_category_name": "Sauces, Spreads & Dips", "product_name": "Jam - PineApple", "product_brand": "Chabaa", "combo": []}, {"category": "Gourmet & World Food", "sub_category_name": "Sauces, Spreads & Dips", "product_name": "All Natural Peanut Butter 1 kg + Open Secret Peanut Butter Nutty Cookies 25 g", "product_brand": "Pintola", "combo": []}, {"category": "Gourmet & World Food", "sub_category_name": "Sauces, Spreads & Dips", "product_name": "Sour Cream & Onion", "product_brand": "Appitas", "combo": []}, {"category": "Gourmet & World Food", "sub_category_name": "Sauces, Spreads & Dips", "product_name": "Premium Dark Soy Sauce", "product_brand": "Woh Hup", "combo": []}, {"category": "Gourmet & World Food", "sub_category_name": "Sauces, Spreads & Dips", "product_name": "Sauce - Lemon Herb Peri Peri", "product_brand": "Nando's", "combo": []}, {"category": "Gourmet & World Food", "sub_category_name": "Sauces, Spreads & Dips", "product_name": "Lemon Grass Sauce", "product_brand": "Real Thai", "combo": []}, {"category": "Gourmet & World Food", "sub_category_name": "Sauces, Spreads & Dips", "product_name": "Honey With Lemon - 100 % Pure", "product_brand": "NUTRIWISH", "combo": []}, {"category": "Gourmet & World Food", "sub_category_name": "Sauces, Spreads & Dips", "product_name": "Sauce - Garlic Chilli", "product_brand": "Ongs", "combo": []}, {"category": "Gourmet & World Food", "sub_category_name": "Sauces, Spreads & Dips", "product_name": "Sauce - Dark Soy", "product_brand": "Ongs", "combo": []}, {"category": "Gourmet & World Food", "sub_category_name": "Sauces, Spreads & Dips", "product_name": "Sauce - Teriyaki", "product_brand": "Ongs", "combo": []}, {"category": "Gourmet & World Food", "sub_category_name": "Sauces, Spreads & Dips", "product_name": "Dark Soy Sauce", "product_brand": "Tai Hua", "combo": []}, {"category": "Gourmet & World Food", "sub_category_name": "Sauces, Spreads & Dips", "product_name": "Light Soy Sauce", "product_brand": "Tai Hua", "combo": []}, {"category": "Gourmet & World Food", "sub_category_name": "Sauces, Spreads & Dips", "product_name": "Multiflora Honey", "product_brand": "Honey Twigs", "combo": []}, {"category": "Gourmet & World Food", "sub_category_name": "Sauces, Spreads & Dips", "product_name": "Mayonnaise - Mayolite", "product_brand": "Remia", "combo": []}, {"category": "Gourmet & World Food", "sub_category_name": "Sauces, Spreads & Dips", "product_name": "Pasta Sauce - Chunky (Tomato, Garlic & Onion)", "product_brand": "Ragu", "combo": []}, {"category": "Gourmet & World Food", "sub_category_name": "Sauces, Spreads & Dips", "product_name": "Salted Caramel", "product_brand": "Sprig", "combo": []}, {"category": "Gourmet & World Food", "sub_category_name": "Sauces, Spreads & Dips", "product_name": "Marmalade - Seville Orange", "product_brand": "Mackays", "combo": []}, {"category": "Gourmet & World Food", "sub_category_name": "Sauces, Spreads & Dips", "product_name": "Marmalade - Lime & Lemon", "product_brand": "Mackays", "combo": []}, {"category": "Gourmet & World Food", "sub_category_name": "Sauces, Spreads & Dips", "product_name": "Six Cheese Pasta Sauce", "product_brand": "Ragu", "combo": []}, {"category": "Gourmet & World Food", "sub_category_name": "Sauces, Spreads & Dips", "product_name": "Premium Veg Mayo", "product_brand": "Wingreens Farms", "combo": []}, {"category": "Gourmet & World Food", "sub_category_name": "Sauces, Spreads & Dips", "product_name": "Worcestershire Sauce", "product_brand": "American Garden", "combo": []}, {"category": "Gourmet & World Food", "sub_category_name": "Sauces, Spreads & Dips", "product_name": "Wild Honey - Pure, Natural & Healthy", "product_brand": "Kapiva Ayurveda", "combo": []}, {"category": "Gourmet & World Food", "sub_category_name": "Sauces, Spreads & Dips", "product_name": "Jam - Orange, Thin Cut, Preserve", "product_brand": "Dana", "combo": []}, {"category": "Gourmet & World Food", "sub_category_name": "Sauces, Spreads & Dips", "product_name": "Pepper Sauce - Red Tabasco", "product_brand": "Cantina Mexicana", "combo": []}, {"category": "Gourmet & World Food", "sub_category_name": "Sauces, Spreads & Dips", "product_name": "Sauce - Hot & Sweet Chili", "product_brand": "Pantai", "combo": []}, {"category": "Gourmet & World Food", "sub_category_name": "Sauces, Spreads & Dips", "product_name": "Sauce - Sweet Chilli", "product_brand": "Pantai", "combo": []}, {"category": "Gourmet & World Food", "sub_category_name": "Sauces, Spreads & Dips", "product_name": "Sauce - Chilli Garlic", "product_brand": "Pantai", "combo": []}, {"category": "Gourmet & World Food", "sub_category_name": "Sauces, Spreads & Dips", "product_name": "Sauce - Pad Thai", "product_brand": "Pantai", "combo": []}, {"category": "Gourmet & World Food", "sub_category_name": "Sauces, Spreads & Dips", "product_name": "Sauce - Sweet & Sour", "product_brand": "Pantai", "combo": []}, {"category": "Gourmet & World Food", "sub_category_name": "Sauces, Spreads & Dips", "product_name": "Sweet Chilli Sauce", "product_brand": "Real Thai", "combo": []}, {"category": "Gourmet & World Food", "sub_category_name": "Sauces, Spreads & Dips", "product_name": "Peanut Butter - Crunchy, 100% Natural, Unsweetened (No added Sugar)", "product_brand": "Happy Chef", "combo": []}, {"category": "Gourmet & World Food", "sub_category_name": "Sauces, Spreads & Dips", "product_name": "Peanut Butter - Creamy, 100% Natural, Unsweetened (No added Sugar)", "product_brand": "Happy Chef", "combo": []}, {"category": "Gourmet & World Food", "sub_category_name": "Sauces, Spreads & Dips", "product_name": "Rolled Oats Gluten Free 1 kg + Honey Raw 350 g", "product_brand": "True Elements", "combo": []}, {"category": "Gourmet & World Food", "sub_category_name": "Sauces, Spreads & Dips", "product_name": "Jalapeno Pasta Sauce 385 g + Sriracha Chilli Sauce 185 g + Hot Sauce 75 ml", "product_brand": "Habanero", "combo": []}, {"category": "Gourmet & World Food", "sub_category_name": "Sauces, Spreads & Dips", "product_name": "Fresho Bread - Whole Wheat 400gm + Jus Amazin Cashew Butter Salted Caramel 125gm", "product_brand": "bb Combo", "combo": []}, {"category": "Gourmet & World Food", "sub_category_name": "Sauces, Spreads & Dips", "product_name": "Fresho Bread - Multigrain 400gm + Jus Amazin Cashew Butter Salted Caramel 125gm", "product_brand": "bb Combo", "combo": []}, {"category": "Gourmet & World Food", "sub_category_name": "Sauces, Spreads & Dips", "product_name": "Fresho Bread - Multigrain 400gm + Jus Amazin Almond Butter Dark Chocolate 125gm", "product_brand": "bb Combo", "combo": []}, {"category": "Gourmet & World Food", "sub_category_name": "Sauces, Spreads & Dips", "product_name": "Fresho Bread Whole Wheat 400G + Jus Amazin Almond Butter Dark Chocolate 125G", "product_brand": "bb Combo", "combo": []}, {"category": "Gourmet & World Food", "sub_category_name": "Sauces, Spreads & Dips", "product_name": "Organic - Honey", "product_brand": "Earthon", "combo": []}, {"category": "Gourmet & World Food", "sub_category_name": "Sauces, Spreads & Dips", "product_name": "Organic - Jaggery Powder", "product_brand": "Earthon", "combo": []}, {"category": "Gourmet & World Food", "sub_category_name": "Sauces, Spreads & Dips", "product_name": "Smoky BBQ Sauce Mix", "product_brand": "Urban Platter", "combo": []}, {"category": "Gourmet & World Food", "sub_category_name": "Sauces, Spreads & Dips", "product_name": "Korean Barbecue Sauce", "product_brand": "Happy Chef", "combo": []}, {"category": "Gourmet & World Food", "sub_category_name": "Sauces, Spreads & Dips", "product_name": "Pasta Sauce - Napoletana", "product_brand": "Barilla", "combo": []}, {"category": "Gourmet & World Food", "sub_category_name": "Sauces, Spreads & Dips", "product_name": "Marmalade - Orange", "product_brand": "Bonne Maman", "combo": []}, {"category": "Gourmet & World Food", "sub_category_name": "Sauces, Spreads & Dips", "product_name": "San Remo Pasta 500G +Disano Olive Oil Extra Light 1L +HappyChef Pasta Sauce 270G", "product_brand": "bb Combo", "combo": []}, {"category": "Gourmet & World Food", "sub_category_name": "Sauces, Spreads & Dips", "product_name": "Salad Dressing - Thousand Island", "product_brand": "Remia", "combo": []}, {"category": "Gourmet & World Food", "sub_category_name": "Sauces, Spreads & Dips", "product_name": "Preserve - Strawberry", "product_brand": "Bonne Maman", "combo": []}, {"category": "Gourmet & World Food", "sub_category_name": "Sauces, Spreads & Dips", "product_name": "Preserve - Forest Berries", "product_brand": "Bonne Maman", "combo": []}, {"category": "Gourmet & World Food", "sub_category_name": "Sauces, Spreads & Dips", "product_name": "Mustard - Dl Jon", "product_brand": "Remia", "combo": []}, {"category": "Gourmet & World Food", "sub_category_name": "Sauces, Spreads & Dips", "product_name": "Assorted Nut Butters - Almond Butter, Peanut Butter, Cashew Butter, Seed Butter", "product_brand": "Jus Amazin", "combo": []}, {"category": "Gourmet & World Food", "sub_category_name": "Sauces, Spreads & Dips", "product_name": "All Natural Hummus - Fresh Hummus", "product_brand": "All That Dips", "combo": []}, {"category": "Gourmet & World Food", "sub_category_name": "Sauces, Spreads & Dips", "product_name": "Jam - Mixed Berry", "product_brand": "Chabaa", "combo": []}, {"category": "Gourmet & World Food", "sub_category_name": "Sauces, Spreads & Dips", "product_name": "Salad Dressing - Italian", "product_brand": "Remia", "combo": []}, {"category": "Gourmet & World Food", "sub_category_name": "Sauces, Spreads & Dips", "product_name": "Jalapeno Pasta Sauce 385 g + Sriracha Chilli Sauce 185 g + Hot Sauce 75 ml", "product_brand": "Habanero", "combo": []}, {"category": "Gourmet & World Food", "sub_category_name": "Sauces, Spreads & Dips", "product_name": "Fresho Bread - Whole Wheat 400gm + Jus Amazin Cashew Butter Salted Caramel 125gm", "product_brand": "bb Combo", "combo": []}, {"category": "Gourmet & World Food", "sub_category_name": "Sauces, Spreads & Dips", "product_name": "Fresho Bread - Multigrain 400gm + Jus Amazin Cashew Butter Salted Caramel 125gm", "product_brand": "bb Combo", "combo": []}, {"category": "Gourmet & World Food", "sub_category_name": "Sauces, Spreads & Dips", "product_name": "Fresho Bread - Multigrain 400gm + Jus Amazin Almond Butter Dark Chocolate 125gm", "product_brand": "bb Combo", "combo": []}, {"category": "Gourmet & World Food", "sub_category_name": "Sauces, Spreads & Dips", "product_name": "Fresho Bread Whole Wheat 400G + Jus Amazin Almond Butter Dark Chocolate 125G", "product_brand": "bb Combo", "combo": []}, {"category": "Gourmet & World Food", "sub_category_name": "Sauces, Spreads & Dips", "product_name": "Organic - Honey", "product_brand": "Earthon", "combo": []}, {"category": "Gourmet & World Food", "sub_category_name": "Sauces, Spreads & Dips", "product_name": "Organic - Jaggery Powder", "product_brand": "Earthon", "combo": []}, {"category": "Gourmet & World Food", "sub_category_name": "Sauces, Spreads & Dips", "product_name": "Smoky BBQ Sauce Mix", "product_brand": "Urban Platter", "combo": []}, {"category": "Gourmet & World Food", "sub_category_name": "Sauces, Spreads & Dips", "product_name": "Korean Barbecue Sauce", "product_brand": "Happy Chef", "combo": []}, {"category": "Gourmet & World Food", "sub_category_name": "Sauces, Spreads & Dips", "product_name": "Pasta Sauce - Napoletana", "product_brand": "Barilla", "combo": []}, {"category": "Gourmet & World Food", "sub_category_name": "Sauces, Spreads & Dips", "product_name": "Marmalade - Orange", "product_brand": "Bonne Maman", "combo": []}, {"category": "Gourmet & World Food", "sub_category_name": "Sauces, Spreads & Dips", "product_name": "San Remo Pasta 500G +Disano Olive Oil Extra Light 1L +HappyChef Pasta Sauce 270G", "product_brand": "bb Combo", "combo": []}, {"category": "Gourmet & World Food", "sub_category_name": "Sauces, Spreads & Dips", "product_name": "Salad Dressing - Thousand Island", "product_brand": "Remia", "combo": []}, {"category": "Gourmet & World Food", "sub_category_name": "Sauces, Spreads & Dips", "product_name": "Preserve - Strawberry", "product_brand": "Bonne Maman", "combo": []}, {"category": "Gourmet & World Food", "sub_category_name": "Sauces, Spreads & Dips", "product_name": "Preserve - Forest Berries", "product_brand": "Bonne Maman", "combo": []}, {"category": "Gourmet & World Food", "sub_category_name": "Sauces, Spreads & Dips", "product_name": "Mustard - Dl Jon", "product_brand": "Remia", "combo": []}, {"category": "Gourmet & World Food", "sub_category_name": "Sauces, Spreads & Dips", "product_name": "Assorted Nut Butters - Almond Butter, Peanut Butter, Cashew Butter, Seed Butter", "product_brand": "Jus Amazin", "combo": []}, {"category": "Gourmet & World Food", "sub_category_name": "Sauces, Spreads & Dips", "product_name": "All Natural Hummus - Fresh Hummus", "product_brand": "All That Dips", "combo": []}, {"category": "Gourmet & World Food", "sub_category_name": "Sauces, Spreads & Dips", "product_name": "Jam - Mixed Berry", "product_brand": "Chabaa", "combo": []}]