[{"category": "Beverages", "sub_category_name": "Coffee", "product_name": "Instant Coffee", "product_brand": "Bru", "combo": [["50 g", "60.00"], ["2x200 g", "578.00"], ["200 g", "289.00"], ["2x50 g", "120.00"]]}, {"category": "Beverages", "sub_category_name": "Coffee", "product_name": "Coffee - Classic", "product_brand": "Nescafe", "combo": [["50 g", "150.00"], ["2x50 g", "300.00"]]}, {"category": "Beverages", "sub_category_name": "Coffee", "product_name": "Instant Coffee - Gold", "product_brand": "Bru", "combo": [["100 g", "247.50"], ["50 g", "145.00"], ["25 g", "69.93"]]}, {"category": "Beverages", "sub_category_name": "Coffee", "product_name": "Filter Coffee - Green Label", "product_brand": "Bru", "combo": [["2x500 g", "310.00"], ["2x200 g", "120.00"], ["200 g", "60.00"], ["500 g", "155.00"]]}, {"category": "Beverages", "sub_category_name": "Coffee", "product_name": "Traditional Filter Coffee Decoction", "product_brand": "Id", "combo": []}, {"category": "Beverages", "sub_category_name": "Coffee", "product_name": "Coffee - Classic", "product_brand": "Nescafe", "combo": [["25 g", "75.00"], ["100 g", "250.00"], ["2x25 g", "150.00"], ["2x100 g", "500.00"]]}, {"category": "Beverages", "sub_category_name": "Coffee", "product_name": "Instant Coffee", "product_brand": "Bru", "combo": [["100 g", "153.00"], ["2x100 g", "306.00"]]}, {"category": "Beverages", "sub_category_name": "Coffee", "product_name": "Filter Coffee Decoction", "product_brand": "EASY COFFEE", "combo": []}, {"category": "Beverages", "sub_category_name": "Coffee", "product_name": "Filter Coffee Decoction", "product_brand": "Id", "combo": []}, {"category": "Beverages", "sub_category_name": "Coffee", "product_name": "Filter Coffee Powder", "product_brand": "EASY COFFEE", "combo": []}, {"category": "Beverages", "sub_category_name": "Coffee", "product_name": "Filter Coffee - Liquid Brew", "product_brand": "Trelish", "combo": []}, {"category": "Beverages", "sub_category_name": "Coffee", "product_name": "Grand Filter Coffee", "product_brand": "Tata Coffee", "combo": []}, {"category": "Beverages", "sub_category_name": "Coffee", "product_name": "Malgudi Filter Coffee Pouch - 80:20", "product_brand": "Continental", "combo": []}, {"category": "Beverages", "sub_category_name": "Coffee", "product_name": "Malgudi Filter Coffee - 60:40", "product_brand": "Continental", "combo": []}, {"category": "Beverages", "sub_category_name": "Coffee", "product_name": "Instant Coffee - Black Edition Freeze Dried Coffee", "product_brand": "Continental", "combo": []}, {"category": "Beverages", "sub_category_name": "Coffee", "product_name": "Instant Coffee - Speciale", "product_brand": "Continental", "combo": []}, {"category": "Beverages", "sub_category_name": "Coffee", "product_name": "Instant Coffee - Strong", "product_brand": "Continental", "combo": []}, {"category": "Beverages", "sub_category_name": "Coffee", "product_name": "Xtra Coffee Pouch", "product_brand": "Continental", "combo": []}, {"category": "Beverages", "sub_category_name": "Coffee", "product_name": "Speciale Coffee", "product_brand": "Continental", "combo": []}, {"category": "Beverages", "sub_category_name": "Coffee", "product_name": "Filter Coffee Powder", "product_brand": "EASY COFFEE", "combo": []}, {"category": "Beverages", "sub_category_name": "Coffee", "product_name": "Speciale Coffee", "product_brand": "Continental", "combo": []}, {"category": "Beverages", "sub_category_name": "Coffee", "product_name": "Continental Speciale", "product_brand": "Continental", "combo": []}, {"category": "Beverages", "sub_category_name": "Coffee", "product_name": "Malgudi Filter Coffee Pouch -  80:20", "product_brand": "Continental", "combo": []}, {"category": "Beverages", "sub_category_name": "Coffee", "product_name": "Coffee - Classic", "product_brand": "Nescafe", "combo": [["50 g", "125.00"], ["2x50 g", "250.00"], ["2x500 g", "2120.00"]]}, {"category": "Beverages", "sub_category_name": "Coffee", "product_name": "Classic Coffee", "product_brand": "Nescafe", "combo": []}, {"category": "Beverages", "sub_category_name": "Coffee", "product_name": "Coffee - Grand", "product_brand": "Tata Coffee", "combo": []}, {"category": "Beverages", "sub_category_name": "Coffee", "product_name": "Filter Coffee Decoction", "product_brand": "Id", "combo": [["2 x 150 ml", "132.00"], ["150 ml", "76.00"]]}, {"category": "Beverages", "sub_category_name": "Coffee", "product_name": "Latte Coffee Cup", "product_brand": "Nescafe", "combo": []}, {"category": "Beverages", "sub_category_name": "Coffee", "product_name": "Sunrise Rich Aroma Instant Coffee-Chicory Mix", "product_brand": "Nescafe", "combo": [["2x200 g", "598.00"], ["200 g", "299.00"]]}, {"category": "Beverages", "sub_category_name": "Coffee", "product_name": "Sunrise Instant Coffee - Chicory Mixture", "product_brand": "Nescafe", "combo": [["2x50 g", "150.00"], ["50 g", "75.00"]]}, {"category": "Beverages", "sub_category_name": "Coffee", "product_name": "Grand Coffee", "product_brand": "Tata Coffee", "combo": []}, {"category": "Beverages", "sub_category_name": "Coffee", "product_name": "Coffee - Chikamagalur Aroma Premium Fresh Filter Coffee, Using 100% German Machinery to Roast & Grind", "product_brand": "Riseup", "combo": []}, {"category": "Beverages", "sub_category_name": "Coffee", "product_name": "Coffee - Chikamagalur Aroma Ribbon Filter Coffee, Using 100% German Machinery to Roast & Grind", "product_brand": "Riseup", "combo": []}, {"category": "Beverages", "sub_category_name": "Coffee", "product_name": "Gold Cappuccino - Cafe Experience", "product_brand": "Nescafe", "combo": [["2x100 g", "300.00"], ["25 g", "150.00"]]}, {"category": "Beverages", "sub_category_name": "Coffee", "product_name": "Coffee - Chikamagalur Aroma Platinum Filter Coffee, Using 100% German Machinary to Roast & Grind", "product_brand": "Riseup", "combo": []}, {"category": "Beverages", "sub_category_name": "Coffee", "product_name": "Coffee - Chikamagalur Aroma Pure Fresh Filter Coffee, Using 100% German Machinery to Roast & Grind", "product_brand": "Riseup", "combo": []}, {"category": "Beverages", "sub_category_name": "Coffee", "product_name": "Sunrise Extra Sachet", "product_brand": "Nescafe", "combo": []}, {"category": "Beverages", "sub_category_name": "Coffee", "product_name": "Sunrise Rich Aroma", "product_brand": "Nescafe", "combo": []}, {"category": "Beverages", "sub_category_name": "Coffee", "product_name": "Coffee Latte Instant Premix", "product_brand": "Granules n Beans", "combo": []}, {"category": "Beverages", "sub_category_name": "Coffee", "product_name": "Chikmagaluru's Aroma Fresh Filter Coffee Decoction", "product_brand": "RISE UP", "combo": []}, {"category": "Beverages", "sub_category_name": "Coffee", "product_name": "Chikmagaluru's Aroma Platinum Filter Coffee Decoction", "product_brand": "RISE UP", "combo": []}, {"category": "Beverages", "sub_category_name": "Coffee", "product_name": "Deccan Gold - Premium Filter Coffee, 80:20 Blend", "product_brand": "PRISTINE", "combo": []}, {"category": "Beverages", "sub_category_name": "Coffee", "product_name": "Leaf Tea - Chikamagalur Aroma, Premium, Fresh", "product_brand": "Riseup", "combo": []}, {"category": "Beverages", "sub_category_name": "Coffee", "product_name": "Cafe - Royale", "product_brand": "Aveon", "combo": []}, {"category": "Beverages", "sub_category_name": "Coffee", "product_name": "This Hazelnut 3 In 1 Premix Instant Coffee", "product_brand": "Continental", "combo": []}, {"category": "Beverages", "sub_category_name": "Coffee", "product_name": "This Cappuccino 3 In 1 Premix Instant Coffee", "product_brand": "Continental", "combo": []}, {"category": "Beverages", "sub_category_name": "Coffee", "product_name": "This Mocha 3 In 1 Premix Instant Coffee", "product_brand": "Continental", "combo": []}, {"category": "Beverages", "sub_category_name": "Coffee", "product_name": "This Caramel 3 In 1 Premix Instant Coffee", "product_brand": "Continental", "combo": []}, {"category": "Beverages", "sub_category_name": "Coffee", "product_name": "Coffee - Chikamagalur Aroma Fresh Filter Coffee, Using 100% German Machinery to Roast & Grind", "product_brand": "Riseup", "combo": []}, {"category": "Beverages", "sub_category_name": "Coffee", "product_name": "Deccan Gold - Premium Filter Coffee, 80:20 Blend", "product_brand": "PRISTINE", "combo": []}, {"category": "Beverages", "sub_category_name": "Coffee", "product_name": "Gold Choco Mocha - Cafe Experience", "product_brand": "Nescafe", "combo": []}, {"category": "Beverages", "sub_category_name": "Coffee", "product_name": "Gold Cappuccino 25g Pack of 5 + Gold Choco Mocha 25g Pack of 5 (Cafe Experience)", "product_brand": "Nescafe", "combo": []}, {"category": "Beverages", "sub_category_name": "Coffee", "product_name": "Travel Kit - Red, Classic Coffee, With Travel Mug, Limited Edition", "product_brand": "Nescafe", "combo": []}, {"category": "Beverages", "sub_category_name": "Coffee", "product_name": "Caffe - Espresso", "product_brand": "Lavazza", "combo": []}, {"category": "Beverages", "sub_category_name": "Coffee", "product_name": "Capsules - Garcinia Cambogia", "product_brand": "By Nature", "combo": []}, {"category": "Beverages", "sub_category_name": "Coffee", "product_name": "Luxury Instant Coffee - 30 Servings", "product_brand": "Teddy Roosevelt Coffee", "combo": []}, {"category": "Beverages", "sub_category_name": "Coffee", "product_name": "Green Coffee Instant Beverage Mix - Lemongrass Lavender", "product_brand": "Saffola FITTIFY Gourmet", "combo": []}, {"category": "Beverages", "sub_category_name": "Coffee", "product_name": "Coffee - Esspresso 57", "product_brand": "Davidoff", "combo": []}, {"category": "Beverages", "sub_category_name": "Coffee", "product_name": "Green Coffee Instant Beverage Mix - Lemon Mint", "product_brand": "Saffola FITTIFY Gourmet", "combo": []}, {"category": "Beverages", "sub_category_name": "Coffee", "product_name": "Green Coffee Instant Beverage Mix - Classic", "product_brand": "Saffola FITTIFY Gourmet", "combo": []}, {"category": "Beverages", "sub_category_name": "Coffee", "product_name": "Morning Motivation Instant Coffee Powder", "product_brand": "TGL Co.", "combo": []}, {"category": "Beverages", "sub_category_name": "Coffee", "product_name": "Green Coffee Instant Beverage Mix - Ginger Basil", "product_brand": "Saffola FITTIFY Gourmet", "combo": []}, {"category": "Beverages", "sub_category_name": "Coffee", "product_name": "Green Coffee Instant Beverage Mix - Classic Strong", "product_brand": "Saffola FITTIFY Gourmet", "combo": []}, {"category": "Beverages", "sub_category_name": "Coffee", "product_name": "Green Coffee Beans - Unroasted Arabica", "product_brand": "Nutrashil", "combo": []}, {"category": "Beverages", "sub_category_name": "Coffee", "product_name": "Instant Coffee - Sommeliers Fine Aroma", "product_brand": "Davidoff", "combo": []}, {"category": "Beverages", "sub_category_name": "Coffee", "product_name": "Cold Brew Coffee Packs (Dark Roast)", "product_brand": "Sleepy Owl", "combo": []}, {"category": "Beverages", "sub_category_name": "Coffee", "product_name": "Cold Brew Coffee Packs (Original)", "product_brand": "Sleepy Owl", "combo": []}, {"category": "Beverages", "sub_category_name": "Coffee", "product_name": "Hot Brew Coffee (Original)", "product_brand": "Sleepy Owl", "combo": []}, {"category": "Beverages", "sub_category_name": "Coffee", "product_name": "Euphoria Instant Coffee Powder", "product_brand": "TGL Co.", "combo": []}, {"category": "Beverages", "sub_category_name": "Coffee", "product_name": "Filter Coffee - Giris Legacy", "product_brand": "Baarbara Berry", "combo": []}, {"category": "Beverages", "sub_category_name": "Coffee", "product_name": "Coffee - Fine Aroma", "product_brand": "Davidoff", "combo": []}, {"category": "Beverages", "sub_category_name": "Coffee", "product_name": "Hot Brew Coffee (Dark Roast)", "product_brand": "Sleepy Owl", "combo": []}, {"category": "Beverages", "sub_category_name": "Coffee", "product_name": "Cold Brew Coffee Packs (Original)", "product_brand": "Sleepy Owl", "combo": []}, {"category": "Beverages", "sub_category_name": "Coffee", "product_name": "Cold Brew Coffee Packs (Dark Roast)", "product_brand": "Sleepy Owl", "combo": []}, {"category": "Beverages", "sub_category_name": "Coffee", "product_name": "Cold Brew Coffee (Sweet)", "product_brand": "Sleepy Owl", "combo": []}, {"category": "Beverages", "sub_category_name": "Coffee", "product_name": "Gold Blend Instant Coffee Powder - Rich & Smooth", "product_brand": "Nescafe", "combo": [["2 x 100 g", "902.50"], ["50 g", "275.50"], ["100 g", "451.25"], ["200 g", "855.00"]]}, {"category": "Beverages", "sub_category_name": "Coffee", "product_name": "Creamy Coffee", "product_brand": "Continental", "combo": []}, {"category": "Beverages", "sub_category_name": "Coffee", "product_name": "Instant Coffee - Xtra", "product_brand": "Continental", "combo": [["200 g", "400.00"], ["50 g", "135.00"]]}, {"category": "Beverages", "sub_category_name": "Coffee", "product_name": "Xtra Coffee", "product_brand": "Continental", "combo": []}, {"category": "Beverages", "sub_category_name": "Coffee", "product_name": "Classic Coffee", "product_brand": "Nescafe", "combo": []}, {"category": "Beverages", "sub_category_name": "Coffee", "product_name": "Deccan Gold - Premium Filter Coffee, 80:20 Blend", "product_brand": "PRISTINE", "combo": []}, {"category": "Beverages", "sub_category_name": "Coffee", "product_name": "Cafe - Premium", "product_brand": "Aveon", "combo": [["100 g", "229.00"], ["50 g", "129.00"]]}, {"category": "Beverages", "sub_category_name": "Coffee", "product_name": "Coffee - 100% Pure Filter, Without Chicory", "product_brand": "Delight Foods", "combo": []}, {"category": "Beverages", "sub_category_name": "Coffee", "product_name": "Coffee - Freshly Roasted Filter (90:10)", "product_brand": "Delight Foods", "combo": []}, {"category": "Beverages", "sub_category_name": "Coffee", "product_name": "Vanilla Instant Coffee - No Sugar, Vegan", "product_brand": "Colombian Brew Coffee", "combo": []}, {"category": "Beverages", "sub_category_name": "Coffee", "product_name": "Capsules - Green Coffee Beans", "product_brand": "By Nature", "combo": []}, {"category": "Beverages", "sub_category_name": "Coffee", "product_name": "Blueberry Chocolate Mocha Instant Coffee - No Sugar, Vegan", "product_brand": "Colombian Brew Coffee", "combo": []}, {"category": "Beverages", "sub_category_name": "Coffee", "product_name": "Signature Filter Instant Coffee Powder", "product_brand": "TGL Co.", "combo": []}, {"category": "Beverages", "sub_category_name": "Coffee", "product_name": "Nutmeg Filter Coffee - Arabica Roast & Ground", "product_brand": "Colombian Brew Coffee", "combo": []}, {"category": "Beverages", "sub_category_name": "Coffee", "product_name": "Arabica Espresso Filter Coffee - Roast & Ground Strong", "product_brand": "Colombian Brew Coffee", "combo": []}, {"category": "Beverages", "sub_category_name": "Coffee", "product_name": "Double Chocolate Mocha Instant Coffee - No Sugar, Vegan", "product_brand": "Colombian Brew Coffee", "combo": []}, {"category": "Beverages", "sub_category_name": "Coffee", "product_name": "Cold Brew Coffee (Classic)", "product_brand": "Sleepy Owl", "combo": []}, {"category": "Beverages", "sub_category_name": "Coffee", "product_name": "Snapin Coffee Sprinkles Assorted 29.5g 5 pcs+ Bru Filter Coffee Green Label 500g", "product_brand": "bb Combo", "combo": []}, {"category": "Beverages", "sub_category_name": "Coffee", "product_name": "Snapin Coffee Sprinkles Assorted 29.5 gm 5 sachets + Bru Instant Coffee 50 gm", "product_brand": "bb Combo", "combo": []}, {"category": "Beverages", "sub_category_name": "Coffee", "product_name": "Snapin Coffee Sprinkles Assorted 29.5g 5pcs + Nescafe Instant Coffee Latte 25g", "product_brand": "bb Combo", "combo": []}, {"category": "Beverages", "sub_category_name": "Coffee", "product_name": "Snapin Coffee Sprinkles Assorted 29.5g 5pcs + Nescafe Classic Coffee Powder 100g", "product_brand": "bb Combo", "combo": []}]