[{"product_id": "1604829863_4804", "category": "Beverages", "sub_category_name": "Coffee", "product_name": "Coffee - Powder, Speciality Blend Of Coffee & Chicory Powder", "product_brand": "Cothas Coffee", "img_src": "https://www.bigbasket.com/media/uploads/p/s/1204510_1-cothas-coffee-coffee-powder-speciality-blend-of-coffee-chicory-powder.jpg", "combo": [["2x500 g", "478.00"], ["200 g", "97.02"], ["500 g", "239.00"], ["2x200 g", "194.04"]]}, {"product_id": "1604829864_18564", "category": "Beverages", "sub_category_name": "Coffee", "product_name": "Instant Coffee", "product_brand": "Bru", "img_src": "https://www.bigbasket.com/media/uploads/p/s/266579_20-bru-instant-coffee.jpg", "combo": [["50 g", "56.00"], ["2x200 g", "580.00"], ["200 g", "290.00"], ["2x50 g", "112.00"]]}, {"product_id": "1604829865_75684", "category": "Beverages", "sub_category_name": "Coffee", "product_name": "Filter Coffee - Green Label", "product_brand": "Bru", "img_src": "https://www.bigbasket.com/media/uploads/p/s/262799_24-bru-filter-coffee-green-label.jpg", "combo": [["2x500 g", "280.00"], ["500 g", "140.00"], ["200 g", "60.00"], ["2x200 g", "120.00"]]}, {"product_id": "1604829866_59844", "category": "Beverages", "sub_category_name": "Coffee", "product_name": "Classic Coffee", "product_brand": "Nescafe", "img_src": "https://www.bigbasket.com/media/uploads/p/s/231187_6-nescafe-classic-coffee.jpg", "combo": [["25 g", "74.00"], ["100 g", "249.00"], ["2x25 g", "148.00"], ["2x100 g", "498.00"]]}, {"product_id": "1604829867_94244", "category": "Beverages", "sub_category_name": "Coffee", "product_name": "Instant Coffee", "product_brand": "Bru", "img_src": "https://www.bigbasket.com/media/uploads/p/s/1204502_2-bru-instant-coffee.jpg", "combo": [["100 g", "153.00"], ["2x100 g", "306.00"]]}, {"product_id": "1604829867_74404", "category": "Beverages", "sub_category_name": "Coffee", "product_name": "Classic Coffee", "product_brand": "Nescafe", "img_src": "https://www.bigbasket.com/media/uploads/p/s/249581_7-nescafe-classic-coffee.jpg", "combo": [["200 g", "490.00"], ["2x200 g", "980.00"]]}, {"product_id": "1604829868_22244", "category": "Beverages", "sub_category_name": "Coffee", "product_name": "Sunrise Rich Aroma Instant Coffee-Chicory Mix", "product_brand": "Nescafe", "img_src": "https://www.bigbasket.com/media/uploads/p/s/241695_11-nescafe-sunrise-rich-aroma-instant-coffee-chicory-mix.jpg", "combo": [["2x200 g", "596.00"], ["200 g", "298.00"]]}, {"product_id": "1604829869_95044", "category": "Beverages", "sub_category_name": "Coffee", "product_name": "Filter Coffee Decoction", "product_brand": "Id", "img_src": "https://www.bigbasket.com/media/uploads/p/s/1212028_1-id-filter-coffee-decoction.jpg", "combo": [["2 x 150 ml", "132.00"], ["150 ml", "76.00"]]}, {"product_id": "1604829870_99844", "category": "Beverages", "sub_category_name": "Coffee", "product_name": "Coffee - Classic", "product_brand": "Nescafe", "img_src": "https://www.bigbasket.com/media/uploads/p/s/1204511_1-nescafe-coffee-classic.jpg", "combo": [["50 g", "150.00"], ["2x50 g", "300.00"]]}, {"product_id": "1604829871_79204", "category": "Beverages", "sub_category_name": "Coffee", "product_name": "Coffee - Powder, Extra Strong", "product_brand": "Cothas Coffee", "img_src": "https://www.bigbasket.com/media/uploads/p/s/252161_9-cothas-coffee-coffee-powder-extra-strong.jpg", "combo": [["500 g", "185.00"], ["200 g", "74.00"]]}, {"product_id": "1604829872_5124", "category": "Beverages", "sub_category_name": "Coffee", "product_name": "Instant Coffee - Gold", "product_brand": "Bru", "img_src": "https://www.bigbasket.com/media/uploads/p/s/290190_10-bru-instant-coffee-gold.jpg", "combo": [["100 g", "275.00"], ["50 g", "145.00"], ["25 g", "73.00"]]}, {"product_id": "1604829873_70884", "category": "Beverages", "sub_category_name": "Coffee", "product_name": "Sunrise Instant Coffee - Chicory Mixture", "product_brand": "Nescafe", "img_src": "https://www.bigbasket.com/media/uploads/p/s/20005895_4-nescafe-sunrise-instant-coffee-chicory-mixture.jpg", "combo": [["2x50 g", "148.50"], ["50 g", "74.25"]]}, {"product_id": "1604829874_49764", "category": "Beverages", "sub_category_name": "Coffee", "product_name": "Traditional Filter Coffee Decoction", "product_brand": "Id", "img_src": "https://www.bigbasket.com/media/uploads/p/s/40137720_6-id-traditional-filter-coffee-decoction.jpg", "combo": []}, {"product_id": "1604829875_12324", "category": "Beverages", "sub_category_name": "Coffee", "product_name": "Coffee - Powder, Premium Special", "product_brand": "Cothas Coffee", "img_src": "https://www.bigbasket.com/media/uploads/p/s/186077_2-cothas-coffee-coffee-powder-premium-special.jpg", "combo": [["200 g", "84.00"], ["500 g", "210.00"]]}, {"product_id": "1604829875_76804", "category": "Beverages", "sub_category_name": "Coffee", "product_name": "Sunrise Rich Aroma", "product_brand": "Nescafe", "img_src": "https://www.bigbasket.com/media/uploads/p/s/40111434_6-nescafe-sunrise-rich-aroma.jpg", "combo": []}, {"product_id": "1604829876_45764", "category": "Beverages", "sub_category_name": "Coffee", "product_name": "Coffee - Powder, Pure Filter, Nova Therm", "product_brand": "Cothas Coffee", "img_src": "https://www.bigbasket.com/media/uploads/p/s/40087136_2-cothas-coffee-coffee-powder-pure-filter-nova-therm.jpg", "combo": []}, {"product_id": "1604829877_23044", "category": "Beverages", "sub_category_name": "Coffee", "product_name": "Premium Coffee", "product_brand": "Levista", "img_src": "https://www.bigbasket.com/media/uploads/p/s/40146405_1-levista-premium-coffee.jpg", "combo": [["50 g", "70.40"], ["100 g", "136.00"]]}, {"product_id": "1604829877_76964", "category": "Beverages", "sub_category_name": "Coffee", "product_name": "Filter Coffee Decoction", "product_brand": "Id", "img_src": "https://www.bigbasket.com/media/uploads/p/s/40181154_4-id-filter-coffee-decoction.jpg", "combo": []}, {"product_id": "1604829878_63524", "category": "Beverages", "sub_category_name": "Coffee", "product_name": "Latte Coffee Cup", "product_brand": "Nescafe", "img_src": "https://www.bigbasket.com/media/uploads/p/s/40090542_7-nescafe-latte-coffee-cup.jpg", "combo": []}, {"product_id": "1604829879_42884", "category": "Beverages", "sub_category_name": "Coffee", "product_name": "Coffee - Perfect Filter", "product_brand": "Coffee Day", "img_src": "https://www.bigbasket.com/media/uploads/p/s/40043444_3-coffee-day-coffee-perfect-filter.jpg", "combo": [["200 g", "72.00"], ["500 g", "175.00"]]}, {"product_id": "1604829879_71684", "category": "Beverages", "sub_category_name": "Coffee", "product_name": "Gold Cappuccino - Cafe Experience", "product_brand": "Nescafe", "img_src": "https://www.bigbasket.com/media/uploads/p/mm/247878_4-nescafe-gold-cappuccino-cafe-experience.jpg", "combo": [["2x100 g", "300.00"], ["25 g", "150.00"]]}, {"product_id": "1604829880_41444", "category": "Beverages", "sub_category_name": "Coffee", "product_name": "Sunrise Instant Coffee - Chicory Mix", "product_brand": "Nescafe", "img_src": "https://www.bigbasket.com/media/uploads/p/mm/267426_5-nescafe-sunrise-instant-coffee-chicory-mix.jpg", "combo": []}, {"product_id": "1604829881_83524", "category": "Beverages", "sub_category_name": "Coffee", "product_name": "Coffee - Classic", "product_brand": "Nescafe", "img_src": "https://www.bigbasket.com/media/uploads/p/mm/1204499_1-nescafe-coffee-classic.jpg", "combo": [["50 g", "140.00"], ["2x50 g", "280.00"]]}, {"product_id": "1604829881_72804", "category": "Beverages", "sub_category_name": "Coffee", "product_name": "Gold Choco Mocha - Cafe Experience", "product_brand": "Nescafe", "img_src": "https://www.bigbasket.com/media/uploads/p/mm/258402_4-nescafe-gold-choco-mocha-cafe-experience.jpg", "combo": []}, {"product_id": "1604829883_84164", "category": "Beverages", "sub_category_name": "Coffee", "product_name": "Strong Coffee", "product_brand": "Levista", "img_src": "https://www.bigbasket.com/media/uploads/p/mm/40146410_1-levista-strong-coffee.jpg", "combo": [["50 g", "68.00"], ["200 g", "206.50"]]}, {"product_id": "1604829884_12964", "category": "Beverages", "sub_category_name": "Coffee", "product_name": "Classic Coffee", "product_brand": "Nescafe", "img_src": "https://www.bigbasket.com/media/uploads/p/mm/40107789_4-nescafe-classic-coffee.jpg", "combo": []}, {"product_id": "1604829884_15044", "category": "Beverages", "sub_category_name": "Coffee", "product_name": "Coffee - Ultra Rich", "product_brand": "Coffee Day", "img_src": "https://www.bigbasket.com/media/uploads/p/mm/40043445_1-coffee-day-coffee-ultra-rich.jpg", "combo": []}, {"product_id": "1604829885_40484", "category": "Beverages", "sub_category_name": "Coffee", "product_name": "Coffee - Powder, Premium Blended", "product_brand": "Cothas Coffee", "img_src": "https://www.bigbasket.com/media/uploads/p/mm/100333523_4-cothas-coffee-coffee-powder-premium-blended.jpg", "combo": []}, {"product_id": "1604829885_34884", "category": "Beverages", "sub_category_name": "Coffee", "product_name": "Strong Coffee", "product_brand": "Levista", "img_src": "https://www.bigbasket.com/media/uploads/p/mm/40146407_1-levista-strong-coffee.jpg", "combo": [["100 g", "128.00"], ["50 g", "68.00"]]}, {"product_id": "1604829886_43044", "category": "Beverages", "sub_category_name": "Coffee", "product_name": "Sunrise Extra Sachet", "product_brand": "Nescafe", "img_src": "https://www.bigbasket.com/media/uploads/p/mm/118572_3-nescafe-sunrise-extra-sachet.jpg", "combo": []}, {"product_id": "1604829887_40964", "category": "Beverages", "sub_category_name": "Coffee", "product_name": "Premium Coffee", "product_brand": "Levista", "img_src": "https://www.bigbasket.com/media/uploads/p/mm/40146406_1-levista-premium-coffee.jpg", "combo": []}, {"product_id": "1604829887_38084", "category": "Beverages", "sub_category_name": "Coffee", "product_name": "Coffee - Eighty Degree", "product_brand": "Bayars", "img_src": "https://www.bigbasket.com/media/uploads/p/mm/40013023_6-bayars-coffee-eighty-degree.jpg", "combo": [["500 g", "230.00"], ["200 g", "94.00"]]}, {"product_id": "1604829888_43684", "category": "Beverages", "sub_category_name": "Coffee", "product_name": "Coffee - Special Gold", "product_brand": "Bayars", "img_src": "https://www.bigbasket.com/media/uploads/p/mm/40017344_4-bayars-coffee-special-gold.jpg", "combo": []}, {"product_id": "1604829889_7844", "category": "Beverages", "sub_category_name": "Coffee", "product_name": "Coffee - Grand", "product_brand": "Tata Coffee", "img_src": "https://www.bigbasket.com/media/uploads/p/mm/40054356_3-tata-coffee-coffee-grand.jpg", "combo": []}, {"product_id": "1604829889_3364", "category": "Beverages", "sub_category_name": "Coffee", "product_name": "Coffee - Chikamagalur Aroma Platinum Filter Coffee, Using 100% German Machinary to Roast & Grind", "product_brand": "Riseup", "img_src": "https://www.bigbasket.com/media/uploads/p/mm/40091786_1-riseup-coffee-chikamagalur-aroma-platinum-filter-coffee-using-100-german-machinary-to-roast-grind.jpg", "combo": []}, {"product_id": "1604829890_86404", "category": "Beverages", "sub_category_name": "Coffee", "product_name": "Grand Filter Coffee", "product_brand": "Tata Coffee", "img_src": "https://www.bigbasket.com/media/uploads/p/mm/40176778_2-tata-coffee-grand-filter-coffee.jpg", "combo": [["500 g", "152.00"], ["200 g", "60.00"]]}, {"product_id": "1604829891_61444", "category": "Beverages", "sub_category_name": "Coffee", "product_name": "Coffee - Chikamagalur Aroma Pure Fresh Filter Coffee, Using 100% German Machinery to Roast & Grind", "product_brand": "Riseup", "img_src": "https://www.bigbasket.com/media/uploads/p/mm/40091787_1-riseup-coffee-chikamagalur-aroma-pure-fresh-filter-coffee-using-100-german-machinery-to-roast-grind.jpg", "combo": []}, {"product_id": "1604829891_51204", "category": "Beverages", "sub_category_name": "Coffee", "product_name": "Classic Instant Coffee Pouch", "product_brand": "Levista", "img_src": "https://www.bigbasket.com/media/uploads/p/mm/1212554_1-levista-classic-instant-coffee-pouch.jpg", "combo": [["2x50 g", "125.00"], ["50 g", "125.00"], ["100 g", "240.00"], ["2x100 g", "240.00"]]}, {"product_id": "1604829892_28804", "category": "Beverages", "sub_category_name": "Coffee", "product_name": "Coffee - Chikamagalur Aroma Premium Fresh Filter Coffee, Using 100% German Machinery to Roast & Grind", "product_brand": "Riseup", "img_src": "https://www.bigbasket.com/media/uploads/p/mm/40091785_1-riseup-coffee-chikamagalur-aroma-premium-fresh-filter-coffee-using-100-german-machinery-to-roast-grind.jpg", "combo": []}, {"product_id": "1604829893_8164", "category": "Beverages", "sub_category_name": "Coffee", "product_name": "Coffee Decoction - Ready to Use Filter, Eighty20", "product_brand": "TrueSouth", "img_src": "https://www.bigbasket.com/media/uploads/p/mm/40076624_2-truesouth-coffee-decoction-ready-to-use-filter-eighty20.jpg", "combo": []}, {"product_id": "1604829893_53444", "category": "Beverages", "sub_category_name": "Coffee", "product_name": "Instant Coffee - Xtra", "product_brand": "Continental", "img_src": "https://www.bigbasket.com/media/uploads/p/mm/40123511_4-continental-instant-coffee-xtra.jpg", "combo": [["200 g", "460.00"], ["50 g", "100.00"]]}, {"product_id": "1604829895_87204", "category": "Beverages", "sub_category_name": "Coffee", "product_name": "Xtra Coffee Pouch", "product_brand": "Continental", "img_src": "https://www.bigbasket.com/media/uploads/p/mm/40161602_6-continental-xtra-coffee-pouch.jpg", "combo": []}, {"product_id": "1604829895_88484", "category": "Beverages", "sub_category_name": "Coffee", "product_name": "Malgudi Filter Coffee - 60:40", "product_brand": "Continental", "img_src": "https://www.bigbasket.com/media/uploads/p/mm/40161610_2-continental-malgudi-filter-coffee-6040.jpg", "combo": []}, {"product_id": "1604829896_34244", "category": "Beverages", "sub_category_name": "Coffee", "product_name": "Creamy Coffee", "product_brand": "Continental", "img_src": "https://www.bigbasket.com/media/uploads/p/mm/40161611_1-continental-creamy-coffee.jpg", "combo": []}, {"product_id": "1604829896_4964", "category": "Beverages", "sub_category_name": "Coffee", "product_name": "Instant Filter Coffee - Decoction", "product_brand": "Mr South", "img_src": "https://www.bigbasket.com/media/uploads/p/mm/40161706_3-mr-south-instant-filter-coffee-decoction.jpg", "combo": []}, {"product_id": "1604829897_61604", "category": "Beverages", "sub_category_name": "Coffee", "product_name": "Speciale Coffee", "product_brand": "Continental", "img_src": "https://www.bigbasket.com/media/uploads/p/mm/40161606_3-continental-speciale-coffee.jpg", "combo": []}, {"product_id": "1604829898_29924", "category": "Beverages", "sub_category_name": "Coffee", "product_name": "Chikmagaluru's Aroma Platinum Filter Coffee Decoction", "product_brand": "RISE UP", "img_src": "https://www.bigbasket.com/media/uploads/p/mm/40189910_1-rise-up-chikmagalurus-aroma-platinum-filter-coffee-decoction.jpg", "combo": []}, {"product_id": "1604829898_65444", "category": "Beverages", "sub_category_name": "Coffee", "product_name": "1868 100% Pure Arabica Blend", "product_brand": "Tata Coffee", "img_src": "https://www.bigbasket.com/media/uploads/p/mm/40176776_3-tata-coffee-1868-100-pure-arabica-blend.jpg", "combo": []}, {"product_id": "1604829899_68164", "category": "Beverages", "sub_category_name": "Coffee", "product_name": "Speciale Coffee", "product_brand": "Continental", "img_src": "https://www.bigbasket.com/media/uploads/p/mm/40161605_3-continental-speciale-coffee.jpg", "combo": []}, {"product_id": "1604829900_99844", "category": "Beverages", "sub_category_name": "Coffee", "product_name": "Malgudi Filter Coffee Pouch -  80:20", "product_brand": "Continental", "img_src": "https://www.bigbasket.com/media/uploads/p/mm/40161608_2-continental-malgudi-filter-coffee-pouch-8020.jpg", "combo": []}, {"product_id": "1604829900_77284", "category": "Beverages", "sub_category_name": "Coffee", "product_name": "Leaf Tea - Chikamagalur Aroma, Premium, Fresh", "product_brand": "Riseup", "img_src": "https://www.bigbasket.com/media/uploads/p/mm/40091788_1-riseup-leaf-tea-chikamagalur-aroma-premium-fresh.jpg", "combo": []}, {"product_id": "1604829901_25444", "category": "Beverages", "sub_category_name": "Coffee", "product_name": "Malgudi Filter Coffee Pouch - 80:20", "product_brand": "Continental", "img_src": "https://www.bigbasket.com/media/uploads/p/mm/40161607_1-continental-malgudi-filter-coffee-pouch-8020.jpg", "combo": []}, {"product_id": "1604829901_14884", "category": "Beverages", "sub_category_name": "Coffee", "product_name": "Xtra Coffee", "product_brand": "Continental", "img_src": "https://www.bigbasket.com/media/uploads/p/mm/40161604_4-continental-xtra-coffee.jpg", "combo": []}, {"product_id": "1604829902_4164", "category": "Beverages", "sub_category_name": "Coffee", "product_name": "Continental Speciale", "product_brand": "Continental", "img_src": "https://www.bigbasket.com/media/uploads/p/mm/40067596_2-continental-continental-speciale.jpg", "combo": []}, {"product_id": "1604829903_77764", "category": "Beverages", "sub_category_name": "Coffee", "product_name": "Instant Coffee - Strong", "product_brand": "Continental", "img_src": "https://www.bigbasket.com/media/uploads/p/mm/40123510_5-continental-instant-coffee-strong.jpg", "combo": []}, {"product_id": "1604829903_96964", "category": "Beverages", "sub_category_name": "Coffee", "product_name": "Filter Coffee Decoction", "product_brand": "sumeru", "img_src": "https://www.bigbasket.com/media/uploads/p/mm/1208958_1-sumeru-filter-coffee-decoction.jpg", "combo": [["100 ml", "44.00"], ["3x100 ml", "132.00"]]}, {"product_id": "1604829904_31044", "category": "Beverages", "sub_category_name": "Coffee", "product_name": "Beaten Caffe", "product_brand": "Sunbean", "img_src": "https://www.bigbasket.com/media/uploads/p/mm/40165757_7-sunbean-beaten-caffe.jpg", "combo": [["250 g", "250.00"], ["125 g", "130.00"]]}, {"product_id": "1604829904_26084", "category": "Beverages", "sub_category_name": "Coffee", "product_name": "Gold Cappuccino 25g Pack of 5 + Gold Choco Mocha 25g Pack of 5 (Cafe Experience)", "product_brand": "Nescafe", "img_src": "https://www.bigbasket.com/media/uploads/p/mm/1212432_1-nescafe-gold-cappuccino-25g-pack-of-5-gold-choco-mocha-25g-pack-of-5-cafe-experience.jpg", "combo": []}, {"product_id": "1604829905_17124", "category": "Beverages", "sub_category_name": "Coffee", "product_name": "Grand Coffee", "product_brand": "Tata Coffee", "img_src": "https://www.bigbasket.com/media/uploads/p/mm/40054355_5-tata-coffee-grand-coffee.jpg", "combo": []}, {"product_id": "1604829906_58724", "category": "Beverages", "sub_category_name": "Coffee", "product_name": "Capsules - Green Coffee Beans", "product_brand": "By Nature", "img_src": "https://www.bigbasket.com/media/uploads/p/mm/40057023_6-by-nature-capsules-green-coffee-beans.jpg", "combo": []}, {"product_id": "1604829907_79204", "category": "Beverages", "sub_category_name": "Coffee", "product_name": "Luxury Filter Coffee - Arabica, Roast & Ground, 30 Servings", "product_brand": "Teddy Roosevelt Coffee", "img_src": "https://www.bigbasket.com/media/uploads/p/mm/40122780_3-teddy-roosevelt-coffee-luxury-filter-coffee-arabica-roast-ground-30-servings.jpg", "combo": []}, {"product_id": "1604829908_86244", "category": "Beverages", "sub_category_name": "Coffee", "product_name": "Gold Blend Instant Coffee Powder - Rich & Smooth", "product_brand": "Nescafe", "img_src": "https://www.bigbasket.com/media/uploads/p/mm/40154924_2-nescafe-gold-blend-instant-coffee-powder-rich-smooth.jpg", "combo": [["2 x 100 g", "902.50"], ["50 g", "275.50"], ["100 g", "451.25"], ["200 g", "855.00"]]}, {"product_id": "1604829909_29604", "category": "Beverages", "sub_category_name": "Coffee", "product_name": "Coffee - Freshly Roasted Filter (90:10)", "product_brand": "Delight Foods", "img_src": "https://www.bigbasket.com/media/uploads/p/mm/40088452_1-delight-foods-coffee-freshly-roasted-filter-9010.jpg", "combo": []}, {"product_id": "1604829909_8004", "category": "Beverages", "sub_category_name": "Coffee", "product_name": "Green Coffee Instant Beverage Mix - Classic Strong", "product_brand": "Saffola FITTIFY Gourmet", "img_src": "https://www.bigbasket.com/media/uploads/p/mm/40158690_5-saffola-fittify-gourmet-green-coffee-instant-beverage-mix-classic-strong.jpg", "combo": []}, {"product_id": "1604829910_25444", "category": "Beverages", "sub_category_name": "Coffee", "product_name": "Green Coffee Instant Beverage Mix - Classic", "product_brand": "Saffola FITTIFY Gourmet", "img_src": "https://www.bigbasket.com/media/uploads/p/mm/40158689_8-saffola-fittify-gourmet-green-coffee-instant-beverage-mix-classic.jpg", "combo": []}, {"product_id": "1604829911_94564", "category": "Beverages", "sub_category_name": "Coffee", "product_name": "Cold Brew Coffee Packs (Dark Roast)", "product_brand": "Sleepy Owl", "img_src": "https://www.bigbasket.com/media/uploads/p/mm/40177267_7-sleepy-owl-cold-brew-coffee-packs-dark-roast.jpg", "combo": []}, {"product_id": "1604829913_14244", "category": "Beverages", "sub_category_name": "Coffee", "product_name": "Flavoured Instant Coffee - Variety Pack", "product_brand": "Beanies", "img_src": "https://www.bigbasket.com/media/uploads/p/mm/40122080_6-beanies-flavoured-instant-coffee-variety-pack.jpg", "combo": []}, {"product_id": "1604829913_53604", "category": "Beverages", "sub_category_name": "Coffee", "product_name": "Breakfast Fusion Coffee Beans Roasted", "product_brand": "TGL Co.", "img_src": "https://www.bigbasket.com/media/uploads/p/mm/40191101_2-tgl-co-breakfast-fusion-coffee-beans-roasted.jpg", "combo": []}, {"product_id": "1604829914_72644", "category": "Beverages", "sub_category_name": "Coffee", "product_name": "Flavour Instant Coffee - Mint Chocolate", "product_brand": "Beanies", "img_src": "https://www.bigbasket.com/media/uploads/p/mm/40085499_2-beanies-flavour-instant-coffee-mint-chocolate.jpg", "combo": []}, {"product_id": "1604829914_22564", "category": "Beverages", "sub_category_name": "Coffee", "product_name": "Vanilla Swirl Flavoured Coffee Ground Coarse", "product_brand": "TGL Co.", "img_src": "https://www.bigbasket.com/media/uploads/p/mm/40181119_4-tgl-co-vanilla-swirl-flavoured-coffee-ground-coarse.jpg", "combo": []}, {"product_id": "1604829915_92964", "category": "Beverages", "sub_category_name": "Coffee", "product_name": "Cold Brew Coffee Packs (Original)", "product_brand": "Sleepy Owl", "img_src": "https://www.bigbasket.com/media/uploads/p/mm/40177266_8-sleepy-owl-cold-brew-coffee-packs-original.jpg", "combo": []}, {"product_id": "1604829916_95204", "category": "Beverages", "sub_category_name": "Coffee", "product_name": "Morning Motivation Instant Coffee Powder", "product_brand": "TGL Co.", "img_src": "https://www.bigbasket.com/media/uploads/p/mm/40181128_3-tgl-co-morning-motivation-instant-coffee-powder.jpg", "combo": []}, {"product_id": "1604829916_20484", "category": "Beverages", "sub_category_name": "Coffee", "product_name": "Green Coffee Beans - Unroasted Arabica", "product_brand": "Nutrashil", "img_src": "https://www.bigbasket.com/media/uploads/p/mm/40158360_1-nutrashil-green-coffee-beans-unroasted-arabica.jpg", "combo": []}, {"product_id": "1604829917_94244", "category": "Beverages", "sub_category_name": "Coffee", "product_name": "Caffe - Espresso", "product_brand": "Lavazza", "img_src": "https://www.bigbasket.com/media/uploads/p/mm/257610_5-lavazza-caffe-espresso.jpg", "combo": []}, {"product_id": "1604829917_70884", "category": "Beverages", "sub_category_name": "Coffee", "product_name": "Cold Brew Coffee Packs (Dark Roast)", "product_brand": "Sleepy Owl", "img_src": "https://www.bigbasket.com/media/uploads/p/mm/40172086_7-sleepy-owl-cold-brew-coffee-packs-dark-roast.jpg", "combo": []}, {"product_id": "1604829919_24804", "category": "Beverages", "sub_category_name": "Coffee", "product_name": "Arabica Espresso Filter Coffee - Roast & Ground Strong", "product_brand": "Colombian Brew Coffee", "img_src": "https://www.bigbasket.com/media/uploads/p/mm/40122772_6-colombian-brew-coffee-arabica-espresso-filter-coffee-roast-ground-strong.jpg", "combo": []}, {"product_id": "1604829920_46084", "category": "Beverages", "sub_category_name": "Coffee", "product_name": "Hot Brew Coffee (Dark Roast)", "product_brand": "Sleepy Owl", "img_src": "https://www.bigbasket.com/media/uploads/p/mm/40184309_7-sleepy-owl-hot-brew-coffee-dark-roast.jpg", "combo": []}, {"product_id": "1604829921_41284", "category": "Beverages", "sub_category_name": "Coffee", "product_name": "Cold Brew Coffee Packs (Original)", "product_brand": "Sleepy Owl", "img_src": "https://www.bigbasket.com/media/uploads/p/mm/40172085_6-sleepy-owl-cold-brew-coffee-packs-original.jpg", "combo": []}, {"product_id": "1604829921_76484", "category": "Beverages", "sub_category_name": "Coffee", "product_name": "Coffee - Rich Aroma", "product_brand": "Davidoff", "img_src": "https://www.bigbasket.com/media/uploads/p/mm/30003178_5-davidoff-coffee-rich-aroma.jpg", "combo": []}, {"product_id": "1604829922_79844", "category": "Beverages", "sub_category_name": "Coffee", "product_name": "Cold Brew Coffee (Classic)", "product_brand": "Sleepy Owl", "img_src": "https://www.bigbasket.com/media/uploads/p/mm/40172087_5-sleepy-owl-cold-brew-coffee-classic.jpg", "combo": []}, {"product_id": "1604829923_52484", "category": "Beverages", "sub_category_name": "Coffee", "product_name": "Coffee - Esspresso 57", "product_brand": "Davidoff", "img_src": "https://www.bigbasket.com/media/uploads/p/mm/30003176_5-davidoff-coffee-esspresso-57.jpg", "combo": []}, {"product_id": "1604829923_89124", "category": "Beverages", "sub_category_name": "Coffee", "product_name": "Coffee - Fine Aroma", "product_brand": "Davidoff", "img_src": "https://www.bigbasket.com/media/uploads/p/mm/30003177_5-davidoff-coffee-fine-aroma.jpg", "combo": []}, {"product_id": "1604829924_21604", "category": "Beverages", "sub_category_name": "Coffee", "product_name": "Deccan Gold - Premium Filter Coffee, 80:20 Blend", "product_brand": "PRISTINE", "img_src": "https://www.bigbasket.com/media/uploads/p/mm/40009424_6-pristine-deccan-gold-premium-filter-coffee-8020-blend.jpg", "combo": []}, {"product_id": "1604829924_29444", "category": "Beverages", "sub_category_name": "Coffee", "product_name": "Deccan Gold - Premium Filter Coffee, 80:20 Blend", "product_brand": "PRISTINE", "img_src": "https://www.bigbasket.com/media/uploads/p/mm/40142028_2-pristine-deccan-gold-premium-filter-coffee-8020-blend.jpg", "combo": []}, {"product_id": "1604829925_61764", "category": "Beverages", "sub_category_name": "Coffee", "product_name": "Coffee - Chikamagalur Aroma Fresh Filter Coffee, Using 100% German Machinery to Roast & Grind", "product_brand": "Riseup", "img_src": "https://www.bigbasket.com/media/uploads/p/mm/40091784_1-riseup-coffee-chikamagalur-aroma-fresh-filter-coffee-using-100-german-machinery-to-roast-grind.jpg", "combo": []}, {"product_id": "1604829925_65764", "category": "Beverages", "sub_category_name": "Coffee", "product_name": "Deccan Gold - Premium Filter Coffee, 80:20 Blend", "product_brand": "PRISTINE", "img_src": "https://www.bigbasket.com/media/uploads/p/mm/40142029_2-pristine-deccan-gold-premium-filter-coffee-8020-blend.jpg", "combo": []}, {"product_id": "1604829926_83204", "category": "Beverages", "sub_category_name": "Coffee", "product_name": "Malgudi Filter Coffee Pouch - 60:40", "product_brand": "Continental", "img_src": "https://www.bigbasket.com/media/uploads/p/mm/40161609_1-continental-malgudi-filter-coffee-pouch-6040.jpg", "combo": []}, {"product_id": "1604829927_5444", "category": "Beverages", "sub_category_name": "Coffee", "product_name": "This Cappuccino 3 In 1 Premix Instant Coffee", "product_brand": "Continental", "img_src": "https://www.bigbasket.com/media/uploads/p/mm/40185044_3-continental-this-cappuccino-3-in-1-premix-instant-coffee.jpg", "combo": []}, {"product_id": "1604829927_42404", "category": "Beverages", "sub_category_name": "Coffee", "product_name": "Instant Coffee - Granuels", "product_brand": "Octavius", "img_src": "https://www.bigbasket.com/media/uploads/p/mm/40123881_1-octavius-instant-coffee-granuels.jpg", "combo": []}, {"product_id": "1604829928_88164", "category": "Beverages", "sub_category_name": "Coffee", "product_name": "Strong Blend", "product_brand": "Jayanthi Coffee", "img_src": "https://www.bigbasket.com/media/uploads/p/mm/40164833_1-jayanthi-coffee-strong-blend.jpg", "combo": []}, {"product_id": "1604829929_31364", "category": "Beverages", "sub_category_name": "Coffee", "product_name": "Coffee - Pure Filter, 100 % Coffee, 0% Chicory", "product_brand": "Sidapur", "img_src": "https://www.bigbasket.com/media/uploads/p/mm/40009916_4-sidapur-coffee-pure-filter-100-coffee-0-chicory.jpg", "combo": []}, {"product_id": "1604829929_25124", "category": "Beverages", "sub_category_name": "Coffee", "product_name": "Coffee - Chikamagalur Aroma Ribbon Filter Coffee, Using 100% German Machinery to Roast & Grind", "product_brand": "Riseup", "img_src": "https://www.bigbasket.com/media/uploads/p/mm/40091783_1-riseup-coffee-chikamagalur-aroma-ribbon-filter-coffee-using-100-german-machinery-to-roast-grind.jpg", "combo": []}, {"product_id": "1604829930_14404", "category": "Beverages", "sub_category_name": "Coffee", "product_name": "Golden Blend", "product_brand": "Jayanthi Coffee", "img_src": "https://www.bigbasket.com/media/uploads/p/mm/40164838_1-jayanthi-coffee-golden-blend.jpg", "combo": []}, {"product_id": "1604829931_60804", "category": "Beverages", "sub_category_name": "Coffee", "product_name": "Coffee - Premium", "product_brand": "AVT", "img_src": "https://www.bigbasket.com/media/uploads/p/mm/60000310_2-avt-coffee-premium.jpg", "combo": []}, {"product_id": "1604829932_45764", "category": "Beverages", "sub_category_name": "Coffee", "product_name": "Coffee - 100% Pure Filter, Without Chicory", "product_brand": "Delight Foods", "img_src": "https://www.bigbasket.com/media/uploads/p/mm/40127103_9-delight-foods-coffee-100-pure-filter-without-chicory.jpg", "combo": []}, {"product_id": "1604829933_77444", "category": "Beverages", "sub_category_name": "Coffee", "product_name": "Deccan Gold - Premium Filter Coffee, 80:20 Blend", "product_brand": "PRISTINE", "img_src": "https://www.bigbasket.com/media/uploads/p/mm/40142030_2-pristine-deccan-gold-premium-filter-coffee-8020-blend.jpg", "combo": []}, {"product_id": "1604829933_80164", "category": "Beverages", "sub_category_name": "Coffee", "product_name": "Green Coffee", "product_brand": "Jayanthi Coffee", "img_src": "https://www.bigbasket.com/media/uploads/p/mm/40164836_1-jayanthi-coffee-green-coffee.jpg", "combo": []}, {"product_id": "1604829934_10564", "category": "Beverages", "sub_category_name": "Coffee", "product_name": "Coffee - Freshly Roasted Filter (80:20)", "product_brand": "Delight Foods", "img_src": "https://www.bigbasket.com/media/uploads/p/mm/40088453_5-delight-foods-coffee-freshly-roasted-filter-8020.jpg", "combo": []}, {"product_id": "1604829935_30084", "category": "Beverages", "sub_category_name": "Coffee", "product_name": "Vanilla Instant Coffee - No Sugar, Vegan", "product_brand": "Colombian Brew Coffee", "img_src": "https://www.bigbasket.com/media/uploads/p/mm/40125345_12-colombian-brew-coffee-vanilla-instant-coffee-no-sugar-vegan.jpg", "combo": []}, {"product_id": "1604829935_99044", "category": "Beverages", "sub_category_name": "Coffee", "product_name": "Pure Instant Coffee - Strong", "product_brand": "Colombian Brew Coffee", "img_src": "https://www.bigbasket.com/media/uploads/p/mm/40122777_12-colombian-brew-coffee-pure-instant-coffee-strong.jpg", "combo": []}, {"product_id": "1604829936_43684", "category": "Beverages", "sub_category_name": "Coffee", "product_name": "Mint Filter Coffee - Arabica, Roast & Ground", "product_brand": "Colombian Brew Coffee", "img_src": "https://www.bigbasket.com/media/uploads/p/mm/40122773_4-colombian-brew-coffee-mint-filter-coffee-arabica-roast-ground.jpg", "combo": []}, {"product_id": "1604829937_65124", "category": "Beverages", "sub_category_name": "Coffee", "product_name": "Vanilla Filter Coffee - Arabica Roast & Ground", "product_brand": "Colombian Brew Coffee", "img_src": "https://www.bigbasket.com/media/uploads/p/mm/40156508_10-colombian-brew-coffee-vanilla-filter-coffee-arabica-roast-ground.jpg", "combo": []}, {"product_id": "1604829937_94084", "category": "Beverages", "sub_category_name": "Coffee", "product_name": "Nutmeg Filter Coffee - Arabica Roast & Ground", "product_brand": "Colombian Brew Coffee", "img_src": "https://www.bigbasket.com/media/uploads/p/mm/40122775_4-colombian-brew-coffee-nutmeg-filter-coffee-arabica-roast-ground.jpg", "combo": []}, {"product_id": "1604829938_66244", "category": "Beverages", "sub_category_name": "Coffee", "product_name": "Euphoria Instant Coffee Powder", "product_brand": "TGL Co.", "img_src": "https://www.bigbasket.com/media/uploads/p/mm/40181129_4-tgl-co-euphoria-instant-coffee-powder.jpg", "combo": []}, {"product_id": "1604829938_74564", "category": "Beverages", "sub_category_name": "Coffee", "product_name": "Wild Mint Instant Coffee - No Sugar, Vegan", "product_brand": "Colombian Brew Coffee", "img_src": "https://www.bigbasket.com/media/uploads/p/mm/40125344_13-colombian-brew-coffee-wild-mint-instant-coffee-no-sugar-vegan.jpg", "combo": []}, {"product_id": "1604829939_84964", "category": "Beverages", "sub_category_name": "Coffee", "product_name": "Blueberry Chocolate Mocha Instant Coffee - No Sugar, Vegan", "product_brand": "Colombian Brew Coffee", "img_src": "https://www.bigbasket.com/media/uploads/p/mm/40156511_10-colombian-brew-coffee-blueberry-chocolate-mocha-instant-coffee-no-sugar-vegan.jpg", "combo": []}, {"product_id": "1604829940_15844", "category": "Beverages", "sub_category_name": "Coffee", "product_name": "Signature Filter Instant Coffee Powder Stick Sachets", "product_brand": "TGL Co.", "img_src": "https://www.bigbasket.com/media/uploads/p/mm/40181133_4-tgl-co-signature-filter-instant-coffee-powder-stick-sachets.jpg", "combo": []}, {"product_id": "1604829940_51684", "category": "Beverages", "sub_category_name": "Coffee", "product_name": "Cold Brew Coffee (Sweet)", "product_brand": "Sleepy Owl", "img_src": "https://www.bigbasket.com/media/uploads/p/mm/40172088_4-sleepy-owl-cold-brew-coffee-sweet.jpg", "combo": [["200 ml", "100.00"], ["2x200 ml", "200.00"], ["3x200 ml", "300.00"], ["4x200 ml", "400.00"], ["5x200 ml", "500.00"]]}, {"product_id": "1604829941_71684", "category": "Beverages", "sub_category_name": "Coffee", "product_name": "Hot Brew Coffee (Original)", "product_brand": "Sleepy Owl", "img_src": "https://www.bigbasket.com/media/uploads/p/mm/40184308_7-sleepy-owl-hot-brew-coffee-original.jpg", "combo": []}, {"product_id": "1604829942_2404", "category": "Beverages", "sub_category_name": "Coffee", "product_name": "Snapin Coffee Sprinkles Assorted 29.5g 5pcs + Nescafe Instant Coffee Latte 25g", "product_brand": "bb Combo", "img_src": "https://www.bigbasket.com/media/uploads/p/mm/1207184_1-bb-combo-snapin-coffee-sprinkles-assorted-295g-5pcs-nescafe-instant-coffee-latte-25g.jpg", "combo": []}, {"product_id": "1604829943_12484", "category": "Beverages", "sub_category_name": "Coffee", "product_name": "Snapin Coffee Sprinkles Assorted 29.5 gm 5 sachets + Bru Instant Coffee 50 gm", "product_brand": "bb Combo", "img_src": "https://www.bigbasket.com/media/uploads/p/mm/1207183_1-bb-combo-snapin-coffee-sprinkles-assorted-295-gm-5-sachets-bru-instant-coffee-50-gm.jpg", "combo": []}, {"product_id": "1604829944_5604", "category": "Beverages", "sub_category_name": "Coffee", "product_name": "Snapin Coffee Sprinkles Assorted 29.5g 5pcs + Nescafe Classic Coffee Powder 100g", "product_brand": "bb Combo", "img_src": "https://www.bigbasket.com/media/uploads/p/mm/1207181_1-bb-combo-snapin-coffee-sprinkles-assorted-295g-5pcs-nescafe-classic-coffee-powder-100g.jpg", "combo": []}, {"product_id": "1604829945_60164", "category": "Beverages", "sub_category_name": "Coffee", "product_name": "Snapin Coffee Sprinkles Assorted 29.5g 5 pcs+ Bru Filter Coffee Green Label 500g", "product_brand": "bb Combo", "img_src": "https://www.bigbasket.com/media/uploads/p/mm/1207182_1-bb-combo-snapin-coffee-sprinkles-assorted-295g-5-pcs-bru-filter-coffee-green-label-500g.jpg", "combo": []}, {"product_id": "1604829945_17764", "category": "Beverages", "sub_category_name": "Coffee", "product_name": "Snapin Coffee Sprinkles Assorted 29.5g 5pcs + Cothas Blended Coffee Powder 500g", "product_brand": "bb Combo", "img_src": "https://www.bigbasket.com/media/uploads/p/mm/1207185_1-bb-combo-snapin-coffee-sprinkles-assorted-295g-5pcs-cothas-blended-coffee-powder-500g.jpg", "combo": []}]