[{"product_id": "1604847201_38724", "category": "Cleaning & Household", "sub_category_name": "Car & Shoe Care", "product_name": "Express Shine Sponge - For ALL Colours", "product_brand": "Kiwi", "img_src": "https://www.bigbasket.com/media/uploads/p/s/100006531_6-kiwi-express-shine-sponge-for-all-colours.jpg", "combo": []}, {"product_id": "1604847202_13604", "category": "Cleaning & Household", "sub_category_name": "Car & Shoe Care", "product_name": "Shoe Polish - Black", "product_brand": "Cherry Blossom", "img_src": "https://www.bigbasket.com/media/uploads/p/s/1201630_6-cherry-blossom-shoe-polish-black.jpg", "combo": [["40 g", "56.70"], ["3X40 g", "170.10"], ["15 g", "33.00"]]}, {"product_id": "1604847203_44644", "category": "Cleaning & Household", "sub_category_name": "Car & Shoe Care", "product_name": "Twist Gel - Car Air Freshener, Fresh Lush Green", "product_brand": "Aer", "img_src": "https://www.bigbasket.com/media/uploads/p/s/100567465_7-aer-twist-gel-car-air-freshener-fresh-lush-green.jpg", "combo": []}, {"product_id": "1604847203_13764", "category": "Cleaning & Household", "sub_category_name": "Car & Shoe Care", "product_name": "Liquid Shoe Polish - Black", "product_brand": "Cherry Blossom", "img_src": "https://www.bigbasket.com/media/uploads/p/s/1201629_5-cherry-blossom-liquid-shoe-polish-black.jpg", "combo": [["75 ml", "76.50"], ["2x75 ml", "153.00"]]}, {"product_id": "1604847204_8964", "category": "Cleaning & Household", "sub_category_name": "Car & Shoe Care", "product_name": "Express Shine Sponge - Black", "product_brand": "Kiwi", "img_src": "https://www.bigbasket.com/media/uploads/p/s/100006530_7-kiwi-express-shine-sponge-black.jpg", "combo": []}, {"product_id": "1604847205_46564", "category": "Cleaning & Household", "sub_category_name": "Car & Shoe Care", "product_name": "Shoe Polish - Dark Tan", "product_brand": "Cherry Blossom", "img_src": "https://www.bigbasket.com/media/uploads/p/s/1203751_8-cherry-blossom-shoe-polish-dark-tan.jpg", "combo": [["40 g", "55.46"], ["2x40 g", "110.92"]]}, {"product_id": "1604847205_2244", "category": "Cleaning & Household", "sub_category_name": "Car & Shoe Care", "product_name": "Shoe Polish Sponge - Handy Shine, Black", "product_brand": "Cherry Blossom", "img_src": "https://www.bigbasket.com/media/uploads/p/s/40139604_2-cherry-blossom-shoe-polish-sponge-handy-shine-black.jpg", "combo": []}, {"product_id": "1604847206_82084", "category": "Cleaning & Household", "sub_category_name": "Car & Shoe Care", "product_name": "Car Shampoo Concentrated Wash", "product_brand": "Pidilite", "img_src": "https://www.bigbasket.com/media/uploads/p/s/40007095_1-pidilite-car-shampoo-concentrated-wash.jpg", "combo": []}, {"product_id": "1604847207_17764", "category": "Cleaning & Household", "sub_category_name": "Car & Shoe Care", "product_name": "WD 40", "product_brand": "Pidilite", "img_src": "https://www.bigbasket.com/media/uploads/p/s/40191834_1-pidilite-wd-40.jpg", "combo": []}, {"product_id": "1604847207_99844", "category": "Cleaning & Household", "sub_category_name": "Car & Shoe Care", "product_name": "Shoe Odour - Abzorber", "product_brand": "Absorb-It", "img_src": "https://www.bigbasket.com/media/uploads/p/s/30007764_2-absorb-it-shoe-odour-abzorber.jpg", "combo": []}, {"product_id": "1604847208_42884", "category": "Cleaning & Household", "sub_category_name": "Car & Shoe Care", "product_name": "Car Brush New", "product_brand": "Magix", "img_src": "https://www.bigbasket.com/media/uploads/p/s/40106717_1-magix-car-brush-new.jpg", "combo": []}, {"product_id": "1604847209_16964", "category": "Cleaning & Household", "sub_category_name": "Car & Shoe Care", "product_name": "Instant Polish - Brown Leather", "product_brand": "Kiwi", "img_src": "https://www.bigbasket.com/media/uploads/p/s/100006529_2-kiwi-instant-polish-brown-leather.jpg", "combo": []}, {"product_id": "1604847209_59204", "category": "Cleaning & Household", "sub_category_name": "Car & Shoe Care", "product_name": "Instant Polish - Black Leather", "product_brand": "Kiwi", "img_src": "https://www.bigbasket.com/media/uploads/p/s/100006528_4-kiwi-instant-polish-black-leather.jpg", "combo": []}, {"product_id": "1604847210_90884", "category": "Cleaning & Household", "sub_category_name": "Car & Shoe Care", "product_name": "Cream Polish with Carnauba Wax", "product_brand": "Pidilite", "img_src": "https://www.bigbasket.com/media/uploads/p/s/40007096_1-pidilite-cream-polish-with-carnauba-wax.jpg", "combo": []}, {"product_id": "1604847211_56324", "category": "Cleaning & Household", "sub_category_name": "Car & Shoe Care", "product_name": "Dashboard Polish", "product_brand": "Pidilite", "img_src": "https://www.bigbasket.com/media/uploads/p/s/40015776_1-pidilite-dashboard-polish.jpg", "combo": []}, {"product_id": "1604847212_79204", "category": "Cleaning & Household", "sub_category_name": "Car & Shoe Care", "product_name": "Protectant Spray", "product_brand": "Pidilite", "img_src": "https://www.bigbasket.com/media/uploads/p/s/40087837_1-pidilite-protectant-spray.jpg", "combo": []}, {"product_id": "1604847213_50404", "category": "Cleaning & Household", "sub_category_name": "Car & Shoe Care", "product_name": "Moto Max 2K Rubbing Compound", "product_brand": "Pidilite", "img_src": "https://www.bigbasket.com/media/uploads/p/s/40191838_1-pidilite-moto-max-2k-rubbing-compound.jpg", "combo": []}, {"product_id": "1604847213_91524", "category": "Cleaning & Household", "sub_category_name": "Car & Shoe Care", "product_name": "Premium Liquid Polish", "product_brand": "Pidilite", "img_src": "https://www.bigbasket.com/media/uploads/p/s/40015775_1-pidilite-premium-liquid-polish.jpg", "combo": []}, {"product_id": "1604847214_67844", "category": "Cleaning & Household", "sub_category_name": "Car & Shoe Care", "product_name": "Twist Gel - Car Air Freshener, Cool Surf Blue", "product_brand": "Aer", "img_src": "https://www.bigbasket.com/media/uploads/p/s/100567466_6-aer-twist-gel-car-air-freshener-cool-surf-blue.jpg", "combo": []}, {"product_id": "1604847214_54084", "category": "Cleaning & Household", "sub_category_name": "Car & Shoe Care", "product_name": "Car Freshener- Exotic Jasmine, Starter Kit", "product_brand": "Ambi pur", "img_src": "https://www.bigbasket.com/media/uploads/p/s/40095367_4-ambi-pur-car-freshener-exotic-jasmine-starter-kit.jpg", "combo": [["7.5 ml", "199.00"], ["7.5 ml", "299.00"]]}, {"product_id": "1604847215_6084", "category": "Cleaning & Household", "sub_category_name": "Car & Shoe Care", "product_name": "2 In 1 Shoe Brush", "product_brand": "Kiwi", "img_src": "https://www.bigbasket.com/media/uploads/p/mm/100006534_4-kiwi-2-in-1-shoe-brush.jpg", "combo": []}, {"product_id": "1604847216_84004", "category": "Cleaning & Household", "sub_category_name": "Car & Shoe Care", "product_name": "Liquid Shoe Polish - Dark Tan", "product_brand": "Cherry Blossom", "img_src": "https://www.bigbasket.com/media/uploads/p/mm/289206_5-cherry-blossom-liquid-shoe-polish-dark-tan.jpg", "combo": [["2x75 ml", "170.00"], ["75 ml", "85.00"]]}, {"product_id": "1604847217_10084", "category": "Cleaning & Household", "sub_category_name": "Car & Shoe Care", "product_name": "Instant Polish - All Colour Leather", "product_brand": "Kiwi", "img_src": "https://www.bigbasket.com/media/uploads/p/mm/100006541_4-kiwi-instant-polish-all-colour-leather.jpg", "combo": []}, {"product_id": "1604847217_80804", "category": "Cleaning & Household", "sub_category_name": "Car & Shoe Care", "product_name": "Twist Gel - Car Air Freshener, Petal Crush Pink", "product_brand": "Aer", "img_src": "https://www.bigbasket.com/media/uploads/p/mm/100567464_9-aer-twist-gel-car-air-freshener-petal-crush-pink.jpg", "combo": []}]