[{"product_id": "1604852657_23204", "category": "Baby Care", "sub_category_name": "Diapers & Wipes", "product_name": "New Extra Large", "product_brand": "Pampers", "img_src": "https://www.bigbasket.com/media/uploads/p/s/40129677_5-pampers-new-extra-large.jpg", "combo": []}, {"product_id": "1604852659_33604", "category": "Baby Care", "sub_category_name": "Diapers & Wipes", "product_name": "New Dry Large - 64 Diaper Pants", "product_brand": "Pampers", "img_src": "https://www.bigbasket.com/media/uploads/p/s/40128515_5-pampers-new-dry-large-64-diaper-pants.jpg", "combo": []}, {"product_id": "1604852659_67844", "category": "Baby Care", "sub_category_name": "Diapers & Wipes", "product_name": "Wipes - Gentle Baby", "product_brand": "Himalaya Baby", "img_src": "https://www.bigbasket.com/media/uploads/p/s/20002825_6-himalaya-baby-wipes-gentle-baby.jpg", "combo": []}, {"product_id": "1604852660_41764", "category": "Baby Care", "sub_category_name": "Diapers & Wipes", "product_name": "Baby Skincare Wipes - Fresh", "product_brand": "bigbasket", "img_src": "https://www.bigbasket.com/media/uploads/p/s/40085597_5-bigbasket-baby-skincare-wipes-fresh.jpg", "combo": [["2x80 pcs", "258.00"], ["3x80 pcs", "387.00"], ["4x80 pcs", "516.00"], ["80 pcs", "129.00"]]}, {"product_id": "1604852660_3364", "category": "Baby Care", "sub_category_name": "Diapers & Wipes", "product_name": "Extra Absorb XXL - 12 Diaper Pants", "product_brand": "Mamypoko", "img_src": "https://www.bigbasket.com/media/uploads/p/s/40023127_6-mamypoko-extra-absorb-xxl-12-diaper-pants.jpg", "combo": [["22 pcs", "499.00"], ["12 pcs", "275.00"]]}, {"product_id": "1604852661_13284", "category": "Baby Care", "sub_category_name": "Diapers & Wipes", "product_name": "Xtra Large New Monthly Box - 112 Diaper Pants", "product_brand": "Pampers", "img_src": "https://www.bigbasket.com/media/uploads/p/s/40129678_3-pampers-xtra-large-new-monthly-box-112-diaper-pants.jpg", "combo": []}, {"product_id": "1604852661_25444", "category": "Baby Care", "sub_category_name": "Diapers & Wipes", "product_name": "Active Baby Large (9-14 kg) - 78 Diapers", "product_brand": "Pampers", "img_src": "https://www.bigbasket.com/media/uploads/p/s/100494990_6-pampers-active-baby-large-9-14-kg-78-diapers.jpg", "combo": [["50 pcs", "984.70"], ["78 pcs", "1387.90"], ["18 pcs", "425.00"]]}, {"product_id": "1604852662_48484", "category": "Baby Care", "sub_category_name": "Diapers & Wipes", "product_name": "New Medium - 76 Diaper Pants", "product_brand": "Pampers", "img_src": "https://www.bigbasket.com/media/uploads/p/s/40131176_5-pampers-new-medium-76-diaper-pants.jpg", "combo": []}, {"product_id": "1604852663_11524", "category": "Baby Care", "sub_category_name": "Diapers & Wipes", "product_name": "Premium Care Large - 44 Diaper Pants", "product_brand": "Pampers", "img_src": "https://www.bigbasket.com/media/uploads/p/s/40141637_2-pampers-premium-care-large-44-diaper-pants.jpg", "combo": []}, {"product_id": "1604852663_65764", "category": "Baby Care", "sub_category_name": "Diapers & Wipes", "product_name": "Pants - Extra Absorb Diaper, Extra Large Size", "product_brand": "Mamypoko", "img_src": "https://www.bigbasket.com/media/uploads/p/s/40134301_4-mamypoko-pants-extra-absorb-diaper-extra-large-size.jpg", "combo": []}, {"product_id": "1604852664_24644", "category": "Baby Care", "sub_category_name": "Diapers & Wipes", "product_name": "Wipes - Baby Fresh Clean", "product_brand": "Pampers", "img_src": "https://www.bigbasket.com/media/uploads/p/s/40096621_3-pampers-wipes-baby-fresh-clean.jpg", "combo": []}, {"product_id": "1604852664_46404", "category": "Baby Care", "sub_category_name": "Diapers & Wipes", "product_name": "Wonder Pants Xtra Large - 56 Diapers", "product_brand": "Huggies", "img_src": "https://www.bigbasket.com/media/uploads/p/s/40124837_5-huggies-wonder-pants-xtra-large-56-diapers.jpg", "combo": [["2x56 pcs", "1384.00"], ["56 pcs", "692.00"]]}, {"product_id": "1604852665_35524", "category": "Baby Care", "sub_category_name": "Diapers & Wipes", "product_name": "Baby Skincare Wipes - Super Saver Pack", "product_brand": "Johnson's baby", "img_src": "https://www.bigbasket.com/media/uploads/p/s/40054348_7-johnsons-baby-baby-skincare-wipes-super-saver-pack.jpg", "combo": []}, {"product_id": "1604852665_19364", "category": "Baby Care", "sub_category_name": "Diapers & Wipes", "product_name": "Extra Absorb Xtra Large - 5 Diaper Pants", "product_brand": "Mamypoko", "img_src": "https://www.bigbasket.com/media/uploads/p/s/40023125_4-mamypoko-extra-absorb-xtra-large-5-diaper-pants.jpg", "combo": [["5 pcs", "99.00"], ["36 pcs", "571.50"]]}, {"product_id": "1604852666_7684", "category": "Baby Care", "sub_category_name": "Diapers & Wipes", "product_name": "Active Baby Xtra Large - 32 Diapers", "product_brand": "Pampers", "img_src": "https://www.bigbasket.com/media/uploads/p/s/20005464_6-pampers-active-baby-xtra-large-32-diapers.jpg", "combo": [["32 pcs", "764.00"], ["56 pcs", "1387.90"]]}, {"product_id": "1604852667_30884", "category": "Baby Care", "sub_category_name": "Diapers & Wipes", "product_name": "Premium Care Medium - 38 Diaper Pants", "product_brand": "Pampers", "img_src": "https://www.bigbasket.com/media/uploads/p/s/40040325_9-pampers-premium-care-medium-38-diaper-pants.jpg", "combo": [["54 pcs", "730.00"], ["38 pcs", "476.00"]]}, {"product_id": "1604852667_43684", "category": "Baby Care", "sub_category_name": "Diapers & Wipes", "product_name": "Active Baby Medium - 90 Diaper Pants", "product_brand": "Pampers", "img_src": "https://www.bigbasket.com/media/uploads/p/s/20004604_5-pampers-active-baby-medium-90-diaper-pants.jpg", "combo": [["20 pcs", "360.00"], ["90 pcs", "1387.00"], ["62 pcs", "1099.00"]]}, {"product_id": "1604852668_97124", "category": "Baby Care", "sub_category_name": "Diapers & Wipes", "product_name": "Baby Skin Care Wipes - Cherry Blossom", "product_brand": "bigbasket", "img_src": "https://www.bigbasket.com/media/uploads/p/s/40085598_2-bigbasket-baby-skin-care-wipes-cherry-blossom.jpg", "combo": [["2x80 pcs", "258.00"], ["3x80 pcs", "387.00"], ["80 pcs", "129.00"]]}, {"product_id": "1604852669_30404", "category": "Baby Care", "sub_category_name": "Diapers & Wipes", "product_name": "Baby Wipes - Sea Breeze", "product_brand": "bigbasket", "img_src": "https://www.bigbasket.com/media/uploads/p/s/1201455_2-bigbasket-baby-wipes-sea-breeze.jpg", "combo": [["4x80 pcs", "516.00"], ["80 pcs", "129.00"], ["2x80 pcs", "258.00"]]}, {"product_id": "1604852670_60804", "category": "Baby Care", "sub_category_name": "Diapers & Wipes", "product_name": "Skin Care Wipes", "product_brand": "Johnson's baby", "img_src": "https://www.bigbasket.com/media/uploads/p/s/262267_16-johnsons-baby-skin-care-wipes.jpg", "combo": [["20 pcs", "67.50"], ["80 pcs", "230.00"]]}]