[{"product_id": "1604833951_92644", "category": "Snacks & Branded Foods", "sub_category_name": "Pickles & Chutney", "product_name": "Hommade - Dilli Ki Hari Chatpati Chutney", "product_brand": "Dabur", "img_src": "https://www.bigbasket.com/media/uploads/p/s/40196448_1-dabur-hommade-dilli-ki-hari-chatpati-chutney.jpg", "combo": []}, {"product_id": "1604833952_47684", "category": "Snacks & Branded Foods", "sub_category_name": "Pickles & Chutney", "product_name": "Chutney - Schezwan", "product_brand": "Chings", "img_src": "https://www.bigbasket.com/media/uploads/p/s/100588455_1-chings-chutney-schezwan.jpg", "combo": [["3x250 g", "183.00"], ["250 g", "61.00"]]}, {"product_id": "1604833953_67684", "category": "Snacks & Branded Foods", "sub_category_name": "Pickles & Chutney", "product_name": "Pickle - Punjabi Mango", "product_brand": "Mother's Recipe", "img_src": "https://www.bigbasket.com/media/uploads/p/s/100003911_1-mothers-recipe-pickle-punjabi-mango.jpg", "combo": []}, {"product_id": "1604833953_21444", "category": "Snacks & Branded Foods", "sub_category_name": "Pickles & Chutney", "product_name": "Pickle - Garlic", "product_brand": "MTR", "img_src": "https://www.bigbasket.com/media/uploads/p/s/40001467_1-mtr-pickle-garlic.jpg", "combo": [["300 g", "85.00"], ["500 g", "130.00"]]}, {"product_id": "1604833954_1284", "category": "Snacks & Branded Foods", "sub_category_name": "Pickles & Chutney", "product_name": "Pickle - Mango", "product_brand": "Mother's Recipe", "img_src": "https://www.bigbasket.com/media/uploads/p/s/265943_5-mothers-recipe-pickle-mango.jpg", "combo": [["400 g", "110.00"], ["300 g", "76.50"]]}, {"product_id": "1604833955_71684", "category": "Snacks & Branded Foods", "sub_category_name": "Pickles & Chutney", "product_name": "Pickle - Mango Sliced", "product_brand": "MTR", "img_src": "https://www.bigbasket.com/media/uploads/p/s/266015_7-mtr-pickle-mango-sliced.jpg", "combo": [["500 g", "115.00"], ["300 g", "85.00"]]}, {"product_id": "1604833956_19204", "category": "Snacks & Branded Foods", "sub_category_name": "Pickles & Chutney", "product_name": "Masala - Chutney Powder", "product_brand": "MTR", "img_src": "https://www.bigbasket.com/media/uploads/p/s/100004628_1-mtr-masala-chutney-powder.jpg", "combo": []}, {"product_id": "1604833956_62244", "category": "Snacks & Branded Foods", "sub_category_name": "Pickles & Chutney", "product_name": "Pickle - Mixed", "product_brand": "Mother's Recipe", "img_src": "https://www.bigbasket.com/media/uploads/p/s/263367_5-mothers-recipe-pickle-mixed.jpg", "combo": [["400 g", "110.00"], ["300 g", "76.50"]]}, {"product_id": "1604833957_84964", "category": "Snacks & Branded Foods", "sub_category_name": "Pickles & Chutney", "product_name": "Pickle - Lime", "product_brand": "MTR", "img_src": "https://www.bigbasket.com/media/uploads/p/s/265967_4-mtr-pickle-lime.jpg", "combo": [["300 g", "85.00"], ["500 g", "115.00"]]}, {"product_id": "1604833959_56164", "category": "Snacks & Branded Foods", "sub_category_name": "Pickles & Chutney", "product_name": "Pickle - Green Chilli", "product_brand": "Mother's Recipe", "img_src": "https://www.bigbasket.com/media/uploads/p/s/100003998_1-mothers-recipe-pickle-green-chilli.jpg", "combo": [["200 g", "50.00"], ["300 g", "76.50"]]}, {"product_id": "1604833959_18884", "category": "Snacks & Branded Foods", "sub_category_name": "Pickles & Chutney", "product_name": "Pickle - Red Stuffed Chilli", "product_brand": "Mother's Recipe", "img_src": "https://www.bigbasket.com/media/uploads/p/s/100003970_4-mothers-recipe-pickle-red-stuffed-chilli.jpg", "combo": []}, {"product_id": "1604833960_36484", "category": "Snacks & Branded Foods", "sub_category_name": "Pickles & Chutney", "product_name": "Pickle - Tomato", "product_brand": "MTR", "img_src": "https://www.bigbasket.com/media/uploads/p/s/40001471_6-mtr-pickle-tomato.jpg", "combo": [["500 g", "130.00"], ["300 g", "85.00"]]}, {"product_id": "1604833961_4", "category": "Snacks & Branded Foods", "sub_category_name": "Pickles & Chutney", "product_name": "Pickle - Mix Vegetable", "product_brand": "MTR", "img_src": "https://www.bigbasket.com/media/uploads/p/s/266006_7-mtr-pickle-mix-vegetable.jpg", "combo": [["300 g", "85.00"], ["500 g", "115.00"]]}, {"product_id": "1604833962_97284", "category": "Snacks & Branded Foods", "sub_category_name": "Pickles & Chutney", "product_name": "Pickle - Mango Thokku", "product_brand": "MTR", "img_src": "https://www.bigbasket.com/media/uploads/p/s/40001469_6-mtr-pickle-mango-thokku.jpg", "combo": []}, {"product_id": "1604833963_49284", "category": "Snacks & Branded Foods", "sub_category_name": "Pickles & Chutney", "product_name": "Pickle - Mango Avakai", "product_brand": "MTR", "img_src": "https://www.bigbasket.com/media/uploads/p/s/40001466_6-mtr-pickle-mango-avakai.jpg", "combo": []}, {"product_id": "1604833963_29764", "category": "Snacks & Branded Foods", "sub_category_name": "Pickles & Chutney", "product_name": "Pickle - Mango Sliced", "product_brand": "MTR", "img_src": "https://www.bigbasket.com/media/uploads/p/s/40001453_1-mtr-pickle-mango-sliced.jpg", "combo": []}, {"product_id": "1604833964_43684", "category": "Snacks & Branded Foods", "sub_category_name": "Pickles & Chutney", "product_name": "Pickle - Mango", "product_brand": "Mother's Recipe", "img_src": "https://www.bigbasket.com/media/uploads/p/s/281674_3-mothers-recipe-pickle-mango.jpg", "combo": [["200 g", "43.00"], ["500 g", "104.30"]]}, {"product_id": "1604833965_75524", "category": "Snacks & Branded Foods", "sub_category_name": "Pickles & Chutney", "product_name": "Pickle - Mixed", "product_brand": "Mother's Recipe", "img_src": "https://www.bigbasket.com/media/uploads/p/s/281671_2-mothers-recipe-pickle-mixed.jpg", "combo": []}, {"product_id": "1604833965_24164", "category": "Snacks & Branded Foods", "sub_category_name": "Pickles & Chutney", "product_name": "Pickle - Punjabi Pacharanga", "product_brand": "Mother's Recipe", "img_src": "https://www.bigbasket.com/media/uploads/p/s/100003918_4-mothers-recipe-pickle-punjabi-pacharanga.jpg", "combo": []}, {"product_id": "1604833966_28964", "category": "Snacks & Branded Foods", "sub_category_name": "Pickles & Chutney", "product_name": "Pickle - Andhra Gongura", "product_brand": "Mother's Recipe", "img_src": "https://www.bigbasket.com/media/uploads/p/s/40019179_2-mothers-recipe-pickle-andhra-gongura.jpg", "combo": []}, {"product_id": "1604833967_6084", "category": "Snacks & Branded Foods", "sub_category_name": "Pickles & Chutney", "product_name": "Pickle - Mix Vegetable", "product_brand": "MTR", "img_src": "https://www.bigbasket.com/media/uploads/p/mm/40001438_1-mtr-pickle-mix-vegetable.jpg", "combo": []}, {"product_id": "1604833967_68324", "category": "Snacks & Branded Foods", "sub_category_name": "Pickles & Chutney", "product_name": "Masala - Parupu Podi", "product_brand": "MTR", "img_src": "https://www.bigbasket.com/media/uploads/p/mm/40001460_1-mtr-masala-parupu-podi.jpg", "combo": []}, {"product_id": "1604833968_69444", "category": "Snacks & Branded Foods", "sub_category_name": "Pickles & Chutney", "product_name": "Tamarind Date Chutney", "product_brand": "Mother's Recipe", "img_src": "https://www.bigbasket.com/media/uploads/p/mm/40180559_5-mothers-recipe-tamarind-date-chutney.jpg", "combo": []}, {"product_id": "1604833969_20164", "category": "Snacks & Branded Foods", "sub_category_name": "Pickles & Chutney", "product_name": "Pickle - Lime", "product_brand": "Swastiks", "img_src": "https://www.bigbasket.com/media/uploads/p/mm/40069254_1-swastiks-pickle-lime.jpg", "combo": []}, {"product_id": "1604833970_90404", "category": "Snacks & Branded Foods", "sub_category_name": "Pickles & Chutney", "product_name": "Pickle - Mango Ginger (Without Garlic)", "product_brand": "Priya", "img_src": "https://www.bigbasket.com/media/uploads/p/mm/260434_1-priya-pickle-mango-ginger-without-garlic.jpg", "combo": []}, {"product_id": "1604833971_80484", "category": "Snacks & Branded Foods", "sub_category_name": "Pickles & Chutney", "product_name": "Pickle - Fish", "product_brand": "Double horse", "img_src": "https://www.bigbasket.com/media/uploads/p/mm/40009965_5-double-horse-pickle-fish.jpg", "combo": []}, {"product_id": "1604833971_40644", "category": "Snacks & Branded Foods", "sub_category_name": "Pickles & Chutney", "product_name": "Pickle - Cut Mango", "product_brand": "Double horse", "img_src": "https://www.bigbasket.com/media/uploads/p/mm/40009962_6-double-horse-pickle-cut-mango.jpg", "combo": [["400 g", "95.00"], ["200 g", "50.00"]]}, {"product_id": "1604833972_89284", "category": "Snacks & Branded Foods", "sub_category_name": "Pickles & Chutney", "product_name": "Pickle - Tomato", "product_brand": "Mother's Recipe", "img_src": "https://www.bigbasket.com/media/uploads/p/mm/40019180_1-mothers-recipe-pickle-tomato.jpg", "combo": []}, {"product_id": "1604833972_79684", "category": "Snacks & Branded Foods", "sub_category_name": "Pickles & Chutney", "product_name": "Pickle - Tender Mango", "product_brand": "Double horse", "img_src": "https://www.bigbasket.com/media/uploads/p/mm/30004910_3-double-horse-pickle-tender-mango.jpg", "combo": [["400 g", "170.00"], ["150 g", "80.00"]]}, {"product_id": "1604833973_69124", "category": "Snacks & Branded Foods", "sub_category_name": "Pickles & Chutney", "product_name": "Pickle - Rajasthani Sweet Lime", "product_brand": "Mother's Recipe", "img_src": "https://www.bigbasket.com/media/uploads/p/mm/20003515_1-mothers-recipe-pickle-rajasthani-sweet-lime.jpg", "combo": []}, {"product_id": "1604833974_37284", "category": "Snacks & Branded Foods", "sub_category_name": "Pickles & Chutney", "product_name": "Pickle - Lime (South Indian Style)", "product_brand": "Mother's Recipe", "img_src": "https://www.bigbasket.com/media/uploads/p/mm/100003826_1-mothers-recipe-pickle-lime-south-indian-style.jpg", "combo": []}, {"product_id": "1604833975_8644", "category": "Snacks & Branded Foods", "sub_category_name": "Pickles & Chutney", "product_name": "Pickle - Tender Mango", "product_brand": "Double horse", "img_src": "https://www.bigbasket.com/media/uploads/p/mm/30008144_1-double-horse-pickle-tender-mango.jpg", "combo": []}, {"product_id": "1604833975_30884", "category": "Snacks & Branded Foods", "sub_category_name": "Pickles & Chutney", "product_name": "Pickle - Garlic", "product_brand": "Double horse", "img_src": "https://www.bigbasket.com/media/uploads/p/mm/30004915_3-double-horse-pickle-garlic.jpg", "combo": []}, {"product_id": "1604833976_15364", "category": "Snacks & Branded Foods", "sub_category_name": "Pickles & Chutney", "product_name": "Pickle - Prawn", "product_brand": "Double horse", "img_src": "https://www.bigbasket.com/media/uploads/p/mm/40009964_4-double-horse-pickle-prawn.jpg", "combo": []}, {"product_id": "1604833976_18564", "category": "Snacks & Branded Foods", "sub_category_name": "Pickles & Chutney", "product_name": "Delhi Chaat Chutney Chutney", "product_brand": "Mother's Recipe", "img_src": "https://www.bigbasket.com/media/uploads/p/mm/40180562_3-mothers-recipe-delhi-chaat-chutney-chutney.jpg", "combo": []}, {"product_id": "1604833977_82244", "category": "Snacks & Branded Foods", "sub_category_name": "Pickles & Chutney", "product_name": "Organic Peanut Flax Chutney - Spicy Podi Flavour", "product_brand": "Jus Amazin", "img_src": "https://www.bigbasket.com/media/uploads/p/mm/40175687_3-jus-amazin-organic-peanut-flax-chutney-spicy-podi-flavour.jpg", "combo": []}, {"product_id": "1604833978_46404", "category": "Snacks & Branded Foods", "sub_category_name": "Pickles & Chutney", "product_name": "Pickle - Mango Thokku (Without Garlic)", "product_brand": "Priya", "img_src": "https://www.bigbasket.com/media/uploads/p/mm/260424_1-priya-pickle-mango-thokku-without-garlic.jpg", "combo": []}, {"product_id": "1604833978_62884", "category": "Snacks & Branded Foods", "sub_category_name": "Pickles & Chutney", "product_name": "Bhelpuri Chutney", "product_brand": "Mother's Recipe", "img_src": "https://www.bigbasket.com/media/uploads/p/mm/40180558_6-mothers-recipe-bhelpuri-chutney.jpg", "combo": []}, {"product_id": "1604833979_48804", "category": "Snacks & Branded Foods", "sub_category_name": "Pickles & Chutney", "product_name": "Pickle - Fish", "product_brand": "Double horse", "img_src": "https://www.bigbasket.com/media/uploads/p/mm/30004921_4-double-horse-pickle-fish.jpg", "combo": []}, {"product_id": "1604833979_21444", "category": "Snacks & Branded Foods", "sub_category_name": "Pickles & Chutney", "product_name": "Pickle - Tomato (Without Garlic)", "product_brand": "Priya", "img_src": "https://www.bigbasket.com/media/uploads/p/mm/260430_3-priya-pickle-tomato-without-garlic.jpg", "combo": []}, {"product_id": "1604833980_58564", "category": "Snacks & Branded Foods", "sub_category_name": "Pickles & Chutney", "product_name": "Pickle - Lime (Without Garlic)", "product_brand": "Priya", "img_src": "https://www.bigbasket.com/media/uploads/p/mm/260429_3-priya-pickle-lime-without-garlic.jpg", "combo": []}, {"product_id": "1604833981_38564", "category": "Snacks & Branded Foods", "sub_category_name": "Pickles & Chutney", "product_name": "Pickle - Lime", "product_brand": "Mother's Recipe", "img_src": "https://www.bigbasket.com/media/uploads/p/mm/263368_5-mothers-recipe-pickle-lime.jpg", "combo": []}, {"product_id": "1604833982_93284", "category": "Snacks & Branded Foods", "sub_category_name": "Pickles & Chutney", "product_name": "Organic Peanut Flax Chutney - Curry N Cumin Flavour", "product_brand": "Jus Amazin", "img_src": "https://www.bigbasket.com/media/uploads/p/mm/40175686_5-jus-amazin-organic-peanut-flax-chutney-curry-n-cumin-flavour.jpg", "combo": []}, {"product_id": "1604833983_80644", "category": "Snacks & Branded Foods", "sub_category_name": "Pickles & Chutney", "product_name": "Pickle - Cut Mango (With Garlic)", "product_brand": "Priya", "img_src": "https://www.bigbasket.com/media/uploads/p/mm/20005139_1-priya-pickle-cut-mango-with-garlic.jpg", "combo": []}, {"product_id": "1604833983_93124", "category": "Snacks & Branded Foods", "sub_category_name": "Pickles & Chutney", "product_name": "Pickle - Tomato", "product_brand": "Mother's Recipe", "img_src": "https://www.bigbasket.com/media/uploads/p/mm/40019182_2-mothers-recipe-pickle-tomato.jpg", "combo": []}, {"product_id": "1604833984_28324", "category": "Snacks & Branded Foods", "sub_category_name": "Pickles & Chutney", "product_name": "Amla Candy", "product_brand": "Pushpanjali", "img_src": "https://www.bigbasket.com/media/uploads/p/mm/40161863_1-pushpanjali-amla-candy.jpg", "combo": []}, {"product_id": "1604833985_81764", "category": "Snacks & Branded Foods", "sub_category_name": "Pickles & Chutney", "product_name": "Pickle - Mango Avakaya (Without Garlic)", "product_brand": "Priya", "img_src": "https://www.bigbasket.com/media/uploads/p/mm/40008195_1-priya-pickle-mango-avakaya-without-garlic.jpg", "combo": []}, {"product_id": "1604833985_98084", "category": "Snacks & Branded Foods", "sub_category_name": "Pickles & Chutney", "product_name": "Pickle - Gongura (Without Garlic)", "product_brand": "Priya", "img_src": "https://www.bigbasket.com/media/uploads/p/mm/260432_1-priya-pickle-gongura-without-garlic.jpg", "combo": []}, {"product_id": "1604833986_12164", "category": "Snacks & Branded Foods", "sub_category_name": "Pickles & Chutney", "product_name": "Ready To Eat - Andhra Gun Powder", "product_brand": "FarmVeda", "img_src": "https://www.bigbasket.com/media/uploads/p/mm/40103761_1-farmveda-ready-to-eat-andhra-gun-powder.jpg", "combo": []}, {"product_id": "1604833986_88964", "category": "Snacks & Branded Foods", "sub_category_name": "Pickles & Chutney", "product_name": "Pickle - Karnataka Cut Mango", "product_brand": "Mother's Recipe", "img_src": "https://www.bigbasket.com/media/uploads/p/mm/263363_4-mothers-recipe-pickle-karnataka-cut-mango.jpg", "combo": [["200 g", "46.00"], ["300 g", "81.00"]]}, {"product_id": "1604833987_98564", "category": "Snacks & Branded Foods", "sub_category_name": "Pickles & Chutney", "product_name": "Organic Peanut Flax Chutney - Spicy Podi Flavour", "product_brand": "Jus Amazin", "img_src": "https://www.bigbasket.com/media/uploads/p/mm/40180383_3-jus-amazin-organic-peanut-flax-chutney-spicy-podi-flavour.jpg", "combo": []}, {"product_id": "1604833988_74084", "category": "Snacks & Branded Foods", "sub_category_name": "Pickles & Chutney", "product_name": "Mango Pickle", "product_brand": "Pushpanjali", "img_src": "https://www.bigbasket.com/media/uploads/p/mm/40161865_1-pushpanjali-mango-pickle.jpg", "combo": []}, {"product_id": "1604833989_65444", "category": "Snacks & Branded Foods", "sub_category_name": "Pickles & Chutney", "product_name": "Pickle - Mangalore Fish 270 Bottle", "product_brand": "Keya", "img_src": "https://www.bigbasket.com/media/uploads/p/mm/40012281_3-keya-pickle-mangalore-fish-270-bottle.jpg", "combo": []}, {"product_id": "1604833989_25124", "category": "Snacks & Branded Foods", "sub_category_name": "Pickles & Chutney", "product_name": "Red Chilli Garlic Chutney", "product_brand": "Mother's Recipe", "img_src": "https://www.bigbasket.com/media/uploads/p/mm/40180561_5-mothers-recipe-red-chilli-garlic-chutney.jpg", "combo": []}, {"product_id": "1604833990_98404", "category": "Snacks & Branded Foods", "sub_category_name": "Pickles & Chutney", "product_name": "Pickle - Chicken", "product_brand": "Double horse", "img_src": "https://www.bigbasket.com/media/uploads/p/mm/30004919_3-double-horse-pickle-chicken.jpg", "combo": []}, {"product_id": "1604833991_79044", "category": "Snacks & Branded Foods", "sub_category_name": "Pickles & Chutney", "product_name": "Pickle - Red Chilli (Without Garlic)", "product_brand": "Priya", "img_src": "https://www.bigbasket.com/media/uploads/p/mm/40008192_1-priya-pickle-red-chilli-without-garlic.jpg", "combo": []}, {"product_id": "1604833991_21124", "category": "Snacks & Branded Foods", "sub_category_name": "Pickles & Chutney", "product_name": "Tangy Lemon Pickle", "product_brand": "Vaada", "img_src": "https://www.bigbasket.com/media/uploads/p/mm/40168222_4-vaada-tangy-lemon-pickle.jpg", "combo": []}, {"product_id": "1604833992_31204", "category": "Snacks & Branded Foods", "sub_category_name": "Pickles & Chutney", "product_name": "Pickle - Avakkai", "product_brand": "Mambalam Iyers", "img_src": "https://www.bigbasket.com/media/uploads/p/mm/40007782_1-mambalam-iyers-pickle-avakkai.jpg", "combo": []}, {"product_id": "1604833992_27844", "category": "Snacks & Branded Foods", "sub_category_name": "Pickles & Chutney", "product_name": "Chutney Podi", "product_brand": "FarmVeda", "img_src": "https://www.bigbasket.com/media/uploads/p/mm/40103763_1-farmveda-chutney-podi.jpg", "combo": []}, {"product_id": "1604833994_24644", "category": "Snacks & Branded Foods", "sub_category_name": "Pickles & Chutney", "product_name": "Pickle - Mixed Vegetable (With Garlic)", "product_brand": "Priya", "img_src": "https://www.bigbasket.com/media/uploads/p/mm/20005148_1-priya-pickle-mixed-vegetable-with-garlic.jpg", "combo": []}, {"product_id": "1604833994_63844", "category": "Snacks & Branded Foods", "sub_category_name": "Pickles & Chutney", "product_name": "Pickle - Garlic", "product_brand": "Mambalam Iyers", "img_src": "https://www.bigbasket.com/media/uploads/p/mm/40007792_2-mambalam-iyers-pickle-garlic.jpg", "combo": [["500 g", "163.00"], ["200 g", "71.00"]]}, {"product_id": "1604833995_27364", "category": "Snacks & Branded Foods", "sub_category_name": "Pickles & Chutney", "product_name": "Thokku - Mango", "product_brand": "Mambalam Iyers", "img_src": "https://www.bigbasket.com/media/uploads/p/mm/40007779_1-mambalam-iyers-thokku-mango.jpg", "combo": []}, {"product_id": "1604833996_62244", "category": "Snacks & Branded Foods", "sub_category_name": "Pickles & Chutney", "product_name": "Samosa Chutney", "product_brand": "Mother's Recipe", "img_src": "https://www.bigbasket.com/media/uploads/p/mm/40180560_6-mothers-recipe-samosa-chutney.jpg", "combo": []}, {"product_id": "1604833996_84644", "category": "Snacks & Branded Foods", "sub_category_name": "Pickles & Chutney", "product_name": "Pickle - Lime", "product_brand": "Double horse", "img_src": "https://www.bigbasket.com/media/uploads/p/mm/30008147_1-double-horse-pickle-lime.jpg", "combo": []}, {"product_id": "1604833997_11044", "category": "Snacks & Branded Foods", "sub_category_name": "Pickles & Chutney", "product_name": "Mildly Sweet Lemon Pickle", "product_brand": "Vaada", "img_src": "https://www.bigbasket.com/media/uploads/p/mm/40168223_4-vaada-mildly-sweet-lemon-pickle.jpg", "combo": []}, {"product_id": "1604833998_65924", "category": "Snacks & Branded Foods", "sub_category_name": "Pickles & Chutney", "product_name": "Pickle - Dates", "product_brand": "Double horse", "img_src": "https://www.bigbasket.com/media/uploads/p/mm/30004911_4-double-horse-pickle-dates.jpg", "combo": []}, {"product_id": "1604833998_86724", "category": "Snacks & Branded Foods", "sub_category_name": "Pickles & Chutney", "product_name": "Dates Pickle", "product_brand": "Double horse", "img_src": "https://www.bigbasket.com/media/uploads/p/mm/40009961_3-double-horse-dates-pickle.jpg", "combo": []}, {"product_id": "1604833999_41924", "category": "Snacks & Branded Foods", "sub_category_name": "Pickles & Chutney", "product_name": "Jamnagar Chunda Achar", "product_brand": "Graminway", "img_src": "https://www.bigbasket.com/media/uploads/p/mm/40147703_1-graminway-jamnagar-chunda-achar.jpg", "combo": []}, {"product_id": "1604834000_60324", "category": "Snacks & Branded Foods", "sub_category_name": "Pickles & Chutney", "product_name": "Pickle - Lemon Ginger, Oil Free", "product_brand": "Dhatu Organics & Naturals", "img_src": "https://www.bigbasket.com/media/uploads/p/mm/40125680_2-dhatu-organics-naturals-pickle-lemon-ginger-oil-free.jpg", "combo": []}, {"product_id": "1604834000_20644", "category": "Snacks & Branded Foods", "sub_category_name": "Pickles & Chutney", "product_name": "Thokku - Tomato", "product_brand": "Mambalam Iyers", "img_src": "https://www.bigbasket.com/media/uploads/p/mm/40007781_2-mambalam-iyers-thokku-tomato.jpg", "combo": []}, {"product_id": "1604834001_1764", "category": "Snacks & Branded Foods", "sub_category_name": "Pickles & Chutney", "product_name": "Mushroom Pickle", "product_brand": "Sukrit", "img_src": "https://www.bigbasket.com/media/uploads/p/mm/40142751_1-sukrit-mushroom-pickle.jpg", "combo": []}, {"product_id": "1604834002_69764", "category": "Snacks & Branded Foods", "sub_category_name": "Pickles & Chutney", "product_name": "Pickle - Andhra Avakaya With Garlic", "product_brand": "Mother's Recipe", "img_src": "https://www.bigbasket.com/media/uploads/p/mm/263364_4-mothers-recipe-pickle-andhra-avakaya-with-garlic.jpg", "combo": []}, {"product_id": "1604834002_15044", "category": "Snacks & Branded Foods", "sub_category_name": "Pickles & Chutney", "product_name": "Pickle - Madras Thokku", "product_brand": "Mother's Recipe", "img_src": "https://www.bigbasket.com/media/uploads/p/mm/263365_4-mothers-recipe-pickle-madras-thokku.jpg", "combo": []}, {"product_id": "1604834003_484", "category": "Snacks & Branded Foods", "sub_category_name": "Pickles & Chutney", "product_name": "Rich Hing Mango Pickle", "product_brand": "Vaada", "img_src": "https://www.bigbasket.com/media/uploads/p/mm/40168219_6-vaada-rich-hing-mango-pickle.jpg", "combo": []}, {"product_id": "1604834003_66244", "category": "Snacks & Branded Foods", "sub_category_name": "Pickles & Chutney", "product_name": "Amla Pickle", "product_brand": "Vaada", "img_src": "https://www.bigbasket.com/media/uploads/p/mm/40168221_4-vaada-amla-pickle.jpg", "combo": []}, {"product_id": "1604834004_66884", "category": "Snacks & Branded Foods", "sub_category_name": "Pickles & Chutney", "product_name": "Organic Chutney Powder - Curry Leaves", "product_brand": "Aaha Oho", "img_src": "https://www.bigbasket.com/media/uploads/p/mm/40114944_2-aaha-oho-organic-chutney-powder-curry-leaves.jpg", "combo": []}, {"product_id": "1604834005_25924", "category": "Snacks & Branded Foods", "sub_category_name": "Pickles & Chutney", "product_name": "Chapata Karela Achar", "product_brand": "Graminway", "img_src": "https://www.bigbasket.com/media/uploads/p/mm/40147704_1-graminway-chapata-karela-achar.jpg", "combo": []}, {"product_id": "1604834006_39364", "category": "Snacks & Branded Foods", "sub_category_name": "Pickles & Chutney", "product_name": "Pickle - Kachi Keri Achar", "product_brand": "Marudhar", "img_src": "https://www.bigbasket.com/media/uploads/p/mm/40096732_4-marudhar-pickle-kachi-keri-achar.jpg", "combo": []}, {"product_id": "1604834007_4324", "category": "Snacks & Branded Foods", "sub_category_name": "Pickles & Chutney", "product_name": "Pickle - Dates", "product_brand": "Nirapara", "img_src": "https://www.bigbasket.com/media/uploads/p/mm/40003432_1-nirapara-pickle-dates.jpg", "combo": []}, {"product_id": "1604834007_8484", "category": "Snacks & Branded Foods", "sub_category_name": "Pickles & Chutney", "product_name": "Pickle - Hot Lime", "product_brand": "Nirapara", "img_src": "https://www.bigbasket.com/media/uploads/p/mm/40003436_1-nirapara-pickle-hot-lime.jpg", "combo": []}, {"product_id": "1604834008_2404", "category": "Snacks & Branded Foods", "sub_category_name": "Pickles & Chutney", "product_name": "Pickle - Garlic", "product_brand": "Nirapara", "img_src": "https://www.bigbasket.com/media/uploads/p/mm/40003437_1-nirapara-pickle-garlic.jpg", "combo": [["400 g", "128.25"], ["150 g", "57.00"]]}, {"product_id": "1604834009_87204", "category": "Snacks & Branded Foods", "sub_category_name": "Pickles & Chutney", "product_name": "Pickle - Tender Mango", "product_brand": "Nirapara", "img_src": "https://www.bigbasket.com/media/uploads/p/mm/40003438_1-nirapara-pickle-tender-mango.jpg", "combo": [["150 g", "69.35"], ["400 g", "148.20"]]}, {"product_id": "1604834009_57284", "category": "Snacks & Branded Foods", "sub_category_name": "Pickles & Chutney", "product_name": "Pickle - Fish", "product_brand": "Nirapara", "img_src": "https://www.bigbasket.com/media/uploads/p/mm/40003439_1-nirapara-pickle-fish.jpg", "combo": []}, {"product_id": "1604834010_67844", "category": "Snacks & Branded Foods", "sub_category_name": "Pickles & Chutney", "product_name": "Pickle - Kaduku Mango", "product_brand": "Nirapara", "img_src": "https://www.bigbasket.com/media/uploads/p/mm/40003434_1-nirapara-pickle-kaduku-mango.jpg", "combo": [["400 g", "83.60"], ["150 g", "43.70"]]}, {"product_id": "1604834011_80484", "category": "Snacks & Branded Foods", "sub_category_name": "Pickles & Chutney", "product_name": "Chutney - Mango", "product_brand": "Bolst's", "img_src": "https://www.bigbasket.com/media/uploads/p/mm/100285743_1-bolsts-chutney-mango.jpg", "combo": []}, {"product_id": "1604834012_44004", "category": "Snacks & Branded Foods", "sub_category_name": "Pickles & Chutney", "product_name": "Chutneys - Shredded Mango", "product_brand": "Kitchens Of India", "img_src": "https://www.bigbasket.com/media/uploads/p/mm/100068663_6-kitchens-of-india-chutneys-shredded-mango.jpg", "combo": []}, {"product_id": "1604834012_67524", "category": "Snacks & Branded Foods", "sub_category_name": "Pickles & Chutney", "product_name": "Mango Pickle in Olive Oil", "product_brand": "Manna", "img_src": "https://www.bigbasket.com/media/uploads/p/mm/40041671_3-manna-mango-pickle-in-olive-oil.jpg", "combo": []}, {"product_id": "1604834013_21764", "category": "Snacks & Branded Foods", "sub_category_name": "Pickles & Chutney", "product_name": "Red Chilli Pickle", "product_brand": "Vaada", "img_src": "https://www.bigbasket.com/media/uploads/p/mm/40168220_4-vaada-red-chilli-pickle.jpg", "combo": []}, {"product_id": "1604834013_26884", "category": "Snacks & Branded Foods", "sub_category_name": "Pickles & Chutney", "product_name": "Powder - Curry Leaf", "product_brand": "Future Organics", "img_src": "https://www.bigbasket.com/media/uploads/p/mm/40026106_3-future-organics-powder-curry-leaf.jpg", "combo": []}, {"product_id": "1604834014_34404", "category": "Snacks & Branded Foods", "sub_category_name": "Pickles & Chutney", "product_name": "Pickle - Gongura", "product_brand": "Future Organics", "img_src": "https://www.bigbasket.com/media/uploads/p/mm/40026113_2-future-organics-pickle-gongura.jpg", "combo": []}, {"product_id": "1604834015_30724", "category": "Snacks & Branded Foods", "sub_category_name": "Pickles & Chutney", "product_name": "Veg Hakka Noodles 150 g Pouch + Chutney - Schezwan 250 g Jar", "product_brand": "Chings", "img_src": "https://www.bigbasket.com/media/uploads/p/mm/1212106_1-chings-veg-hakka-noodles-150-g-pouch-chutney-schezwan-250-g-jar.jpg", "combo": []}, {"product_id": "1604834015_5604", "category": "Snacks & Branded Foods", "sub_category_name": "Pickles & Chutney", "product_name": "Pickle - Lotus Stem", "product_brand": "Nutty Yogi", "img_src": "https://www.bigbasket.com/media/uploads/p/mm/40112339_5-nutty-yogi-pickle-lotus-stem.jpg", "combo": []}, {"product_id": "1604834016_51524", "category": "Snacks & Branded Foods", "sub_category_name": "Pickles & Chutney", "product_name": "Chutney - Rajasthani Lehsun", "product_brand": "Nutty Yogi", "img_src": "https://www.bigbasket.com/media/uploads/p/mm/40112341_2-nutty-yogi-chutney-rajasthani-lehsun.jpg", "combo": []}, {"product_id": "1604834017_36004", "category": "Snacks & Branded Foods", "sub_category_name": "Pickles & Chutney", "product_name": "Murabba - Carrot", "product_brand": "Nutty Yogi", "img_src": "https://www.bigbasket.com/media/uploads/p/mm/40112345_2-nutty-yogi-murabba-carrot.jpg", "combo": []}, {"product_id": "1604834018_644", "category": "Snacks & Branded Foods", "sub_category_name": "Pickles & Chutney", "product_name": "Powder - Spirulina", "product_brand": "NUTRIWISH", "img_src": "https://www.bigbasket.com/media/uploads/p/mm/40095579_2-nutriwish-powder-spirulina.jpg", "combo": []}, {"product_id": "1604834019_25284", "category": "Snacks & Branded Foods", "sub_category_name": "Pickles & Chutney", "product_name": "Desiccated Coconut Powder", "product_brand": "Coco Mama", "img_src": "https://www.bigbasket.com/media/uploads/p/mm/40198326_1-coco-mama-desiccated-coconut-powder.jpg", "combo": []}, {"product_id": "1604834019_64164", "category": "Snacks & Branded Foods", "sub_category_name": "Pickles & Chutney", "product_name": "Pickle - Mango", "product_brand": "Mother's Recipe", "img_src": "https://www.bigbasket.com/media/uploads/p/mm/100004020_3-mothers-recipe-pickle-mango.jpg", "combo": []}, {"product_id": "1604834020_45764", "category": "Snacks & Branded Foods", "sub_category_name": "Pickles & Chutney", "product_name": "Pickle - Prawn", "product_brand": "Double horse", "img_src": "https://www.bigbasket.com/media/uploads/p/mm/30008145_2-double-horse-pickle-prawn.jpg", "combo": []}, {"product_id": "1604834021_53924", "category": "Snacks & Branded Foods", "sub_category_name": "Pickles & Chutney", "product_name": "Pickle - Citron", "product_brand": "Swastiks", "img_src": "https://www.bigbasket.com/media/uploads/p/mm/40069261_1-swastiks-pickle-citron.jpg", "combo": []}, {"product_id": "1604834021_3844", "category": "Snacks & Branded Foods", "sub_category_name": "Pickles & Chutney", "product_name": "Raw Turmeric Pickle", "product_brand": "Nutty Yogi", "img_src": "https://www.bigbasket.com/media/uploads/p/mm/40161994_1-nutty-yogi-raw-turmeric-pickle.jpg", "combo": []}, {"product_id": "1604834022_26404", "category": "Snacks & Branded Foods", "sub_category_name": "Pickles & Chutney", "product_name": "Bharwa Lal Mirch Achar", "product_brand": "Graminway", "img_src": "https://www.bigbasket.com/media/uploads/p/mm/40147707_2-graminway-bharwa-lal-mirch-achar.jpg", "combo": []}, {"product_id": "1604834022_34244", "category": "Snacks & Branded Foods", "sub_category_name": "Pickles & Chutney", "product_name": "Pickle - Ginger", "product_brand": "Mother's Recipe", "img_src": "https://www.bigbasket.com/media/uploads/p/mm/40019181_2-mothers-recipe-pickle-ginger.jpg", "combo": []}, {"product_id": "1604834023_36964", "category": "Snacks & Branded Foods", "sub_category_name": "Pickles & Chutney", "product_name": "Aam Ka Achar", "product_brand": "Graminway", "img_src": "https://www.bigbasket.com/media/uploads/p/mm/40147702_1-graminway-aam-ka-achar.jpg", "combo": []}, {"product_id": "1604834024_86724", "category": "Snacks & Branded Foods", "sub_category_name": "Pickles & Chutney", "product_name": "Pickle - Amla", "product_brand": "Mambalam Iyers", "img_src": "https://www.bigbasket.com/media/uploads/p/mm/40007766_2-mambalam-iyers-pickle-amla.jpg", "combo": []}, {"product_id": "1604834024_93444", "category": "Snacks & Branded Foods", "sub_category_name": "Pickles & Chutney", "product_name": "Pickle - Kalyana Mango", "product_brand": "Mambalam Iyers", "img_src": "https://www.bigbasket.com/media/uploads/p/mm/40007795_2-mambalam-iyers-pickle-kalyana-mango.jpg", "combo": []}, {"product_id": "1604834025_74564", "category": "Snacks & Branded Foods", "sub_category_name": "Pickles & Chutney", "product_name": "Pickle - Gongura Red Chilli (Without Garlic)", "product_brand": "Priya", "img_src": "https://www.bigbasket.com/media/uploads/p/mm/260439_1-priya-pickle-gongura-red-chilli-without-garlic.jpg", "combo": []}, {"product_id": "1604834026_13764", "category": "Snacks & Branded Foods", "sub_category_name": "Pickles & Chutney", "product_name": "Hari Mirch Ka Achar", "product_brand": "Graminway", "img_src": "https://www.bigbasket.com/media/uploads/p/mm/40147706_1-graminway-hari-mirch-ka-achar.jpg", "combo": []}, {"product_id": "1604834026_76644", "category": "Snacks & Branded Foods", "sub_category_name": "Pickles & Chutney", "product_name": "Pickle - Green Chilli (Sliced) With out Garlic", "product_brand": "Priya", "img_src": "https://www.bigbasket.com/media/uploads/p/mm/260436_1-priya-pickle-green-chilli-sliced-with-out-garlic.jpg", "combo": []}, {"product_id": "1604834027_60964", "category": "Snacks & Branded Foods", "sub_category_name": "Pickles & Chutney", "product_name": "Pickle - Narthangai", "product_brand": "Mambalam Iyers", "img_src": "https://www.bigbasket.com/media/uploads/p/mm/40007769_2-mambalam-iyers-pickle-narthangai.jpg", "combo": [["200 g", "55.00"], ["500 g", "122.00"]]}, {"product_id": "1604834028_37444", "category": "Snacks & Branded Foods", "sub_category_name": "Pickles & Chutney", "product_name": "Pickle - Onion (Without Garlic)", "product_brand": "Priya", "img_src": "https://www.bigbasket.com/media/uploads/p/mm/20005149_2-priya-pickle-onion-without-garlic.jpg", "combo": []}, {"product_id": "1604834028_27684", "category": "Snacks & Branded Foods", "sub_category_name": "Pickles & Chutney", "product_name": "Pickle - Amla (Without Garlic)", "product_brand": "Priya", "img_src": "https://www.bigbasket.com/media/uploads/p/mm/100021365_1-priya-pickle-amla-without-garlic.jpg", "combo": []}, {"product_id": "1604834029_37284", "category": "Snacks & Branded Foods", "sub_category_name": "Pickles & Chutney", "product_name": "Chutney Podi - Groundnut", "product_brand": "FarmVeda", "img_src": "https://www.bigbasket.com/media/uploads/p/mm/40103762_1-farmveda-chutney-podi-groundnut.jpg", "combo": []}, {"product_id": "1604834030_15844", "category": "Snacks & Branded Foods", "sub_category_name": "Pickles & Chutney", "product_name": "Pickle - Tomato Garlic", "product_brand": "Mambalam Iyers", "img_src": "https://www.bigbasket.com/media/uploads/p/mm/40007783_2-mambalam-iyers-pickle-tomato-garlic.jpg", "combo": []}, {"product_id": "1604834031_62884", "category": "Snacks & Branded Foods", "sub_category_name": "Pickles & Chutney", "product_name": "Pickle - Organic Green Chilly (Pure Mustard Oil & Spices)", "product_brand": "Organic Nation", "img_src": "https://www.bigbasket.com/media/uploads/p/mm/40115811_2-organic-nation-pickle-organic-green-chilly-pure-mustard-oil-spices.jpg", "combo": []}, {"product_id": "1604834032_42084", "category": "Snacks & Branded Foods", "sub_category_name": "Pickles & Chutney", "product_name": "Powder - Barley Grass", "product_brand": "NUTRIWISH", "img_src": "https://www.bigbasket.com/media/uploads/p/mm/40095581_2-nutriwish-powder-barley-grass.jpg", "combo": []}, {"product_id": "1604834032_91044", "category": "Snacks & Branded Foods", "sub_category_name": "Pickles & Chutney", "product_name": "Pickle - Cut Mango", "product_brand": "Mambalam Iyers", "img_src": "https://www.bigbasket.com/media/uploads/p/mm/40007761_1-mambalam-iyers-pickle-cut-mango.jpg", "combo": []}, {"product_id": "1604834033_63684", "category": "Snacks & Branded Foods", "sub_category_name": "Pickles & Chutney", "product_name": "Chutney - Maharashtrian Chilli Lemon", "product_brand": "Delight Foods", "img_src": "https://www.bigbasket.com/media/uploads/p/mm/40088428_4-delight-foods-chutney-maharashtrian-chilli-lemon.jpg", "combo": []}, {"product_id": "1604834034_23044", "category": "Snacks & Branded Foods", "sub_category_name": "Pickles & Chutney", "product_name": "Pickle - Citron (without Garlic)", "product_brand": "Priya", "img_src": "https://www.bigbasket.com/media/uploads/p/mm/40008191_1-priya-pickle-citron-without-garlic.jpg", "combo": []}, {"product_id": "1604834034_36324", "category": "Snacks & Branded Foods", "sub_category_name": "Pickles & Chutney", "product_name": "Pickle - Garlic", "product_brand": "Double horse", "img_src": "https://www.bigbasket.com/media/uploads/p/mm/30008148_1-double-horse-pickle-garlic.jpg", "combo": []}, {"product_id": "1604834035_75844", "category": "Snacks & Branded Foods", "sub_category_name": "Pickles & Chutney", "product_name": "Pickle - Mango Ginger", "product_brand": "Ruchi", "img_src": "https://www.bigbasket.com/media/uploads/p/mm/40028949_1-ruchi-pickle-mango-ginger.jpg", "combo": []}, {"product_id": "1604834036_22884", "category": "Snacks & Branded Foods", "sub_category_name": "Pickles & Chutney", "product_name": "Pickle - Mixed Vegetable (without Garlic)", "product_brand": "Priya", "img_src": "https://www.bigbasket.com/media/uploads/p/mm/40008193_1-priya-pickle-mixed-vegetable-without-garlic.jpg", "combo": []}, {"product_id": "1604834037_15044", "category": "Snacks & Branded Foods", "sub_category_name": "Pickles & Chutney", "product_name": "Pickle - Red Chillies (With Garlic)", "product_brand": "Priya", "img_src": "https://www.bigbasket.com/media/uploads/p/mm/20005150_1-priya-pickle-red-chillies-with-garlic.jpg", "combo": []}, {"product_id": "1604834038_68324", "category": "Snacks & Branded Foods", "sub_category_name": "Pickles & Chutney", "product_name": "Pickle - Athana Mirchi-Green", "product_brand": "Marudhar", "img_src": "https://www.bigbasket.com/media/uploads/p/mm/40088446_4-marudhar-pickle-athana-mirchi-green.jpg", "combo": []}, {"product_id": "1604834039_87044", "category": "Snacks & Branded Foods", "sub_category_name": "Pickles & Chutney", "product_name": "Pickle - Special Punjabi Mixed", "product_brand": "Delight Foods", "img_src": "https://www.bigbasket.com/media/uploads/p/mm/40088425_1-delight-foods-pickle-special-punjabi-mixed.jpg", "combo": []}, {"product_id": "1604834039_87364", "category": "Snacks & Branded Foods", "sub_category_name": "Pickles & Chutney", "product_name": "Pickle - Ginger", "product_brand": "Mambalam Iyers", "img_src": "https://www.bigbasket.com/media/uploads/p/mm/40007775_2-mambalam-iyers-pickle-ginger.jpg", "combo": []}, {"product_id": "1604834040_31364", "category": "Snacks & Branded Foods", "sub_category_name": "Pickles & Chutney", "product_name": "Amla Chatpata", "product_brand": "Pushpanjali", "img_src": "https://www.bigbasket.com/media/uploads/p/mm/40161864_1-pushpanjali-amla-chatpata.jpg", "combo": []}, {"product_id": "1604834041_39364", "category": "Snacks & Branded Foods", "sub_category_name": "Pickles & Chutney", "product_name": "Pickle - Sweet Ginger (Without Garlic)", "product_brand": "Priya", "img_src": "https://www.bigbasket.com/media/uploads/p/mm/20005157_1-priya-pickle-sweet-ginger-without-garlic.jpg", "combo": []}, {"product_id": "1604834042_47524", "category": "Snacks & Branded Foods", "sub_category_name": "Pickles & Chutney", "product_name": "Puliyogare Gojju Mix - Karnataka's Iyengar", "product_brand": "Delight Foods", "img_src": "https://www.bigbasket.com/media/uploads/p/mm/40127126_2-delight-foods-puliyogare-gojju-mix-karnatakas-iyengar.jpg", "combo": []}, {"product_id": "1604834043_22244", "category": "Snacks & Branded Foods", "sub_category_name": "Pickles & Chutney", "product_name": "Chutney - Putani", "product_brand": "Uttara Karnataka", "img_src": "https://www.bigbasket.com/media/uploads/p/mm/40099634_2-uttara-karnataka-chutney-putani.jpg", "combo": []}, {"product_id": "1604834044_89764", "category": "Snacks & Branded Foods", "sub_category_name": "Pickles & Chutney", "product_name": "Pickle - Brinjal (Egg Plant) In Oil", "product_brand": "Bolst's", "img_src": "https://www.bigbasket.com/media/uploads/p/mm/100285747_3-bolsts-pickle-brinjal-egg-plant-in-oil.jpg", "combo": []}, {"product_id": "1604834044_27364", "category": "Snacks & Branded Foods", "sub_category_name": "Pickles & Chutney", "product_name": "Carrot Pickled Masala", "product_brand": "Somey's Kitchen", "img_src": "https://www.bigbasket.com/media/uploads/p/mm/40147008_3-someys-kitchen-carrot-pickled-masala.jpg", "combo": []}, {"product_id": "1604834045_22724", "category": "Snacks & Branded Foods", "sub_category_name": "Pickles & Chutney", "product_name": "Pickle - Gujrati Sweet Lemon", "product_brand": "Delight Foods", "img_src": "https://www.bigbasket.com/media/uploads/p/mm/40088429_1-delight-foods-pickle-gujrati-sweet-lemon.jpg", "combo": []}, {"product_id": "1604834046_2404", "category": "Snacks & Branded Foods", "sub_category_name": "Pickles & Chutney", "product_name": "Andhra Special Gongura Pickle", "product_brand": "Delight Foods", "img_src": "https://www.bigbasket.com/media/uploads/p/mm/40178291_3-delight-foods-andhra-special-gongura-pickle.jpg", "combo": []}, {"product_id": "1604834047_54564", "category": "Snacks & Branded Foods", "sub_category_name": "Pickles & Chutney", "product_name": "Andhra Special Avakaya/Mango Pickle", "product_brand": "Delight Foods", "img_src": "https://www.bigbasket.com/media/uploads/p/mm/40178290_4-delight-foods-andhra-special-avakayamango-pickle.jpg", "combo": []}, {"product_id": "1604834047_88164", "category": "Snacks & Branded Foods", "sub_category_name": "Pickles & Chutney", "product_name": "Mavadu", "product_brand": "Mambalam Iyers", "img_src": "https://www.bigbasket.com/media/uploads/p/mm/40007789_2-mambalam-iyers-mavadu.jpg", "combo": []}, {"product_id": "1604834048_11364", "category": "Snacks & Branded Foods", "sub_category_name": "Pickles & Chutney", "product_name": "Olive Oil - Garlic Pickle", "product_brand": "Organica", "img_src": "https://www.bigbasket.com/media/uploads/p/mm/40017095_1-organica-olive-oil-garlic-pickle.jpg", "combo": []}, {"product_id": "1604834049_38404", "category": "Snacks & Branded Foods", "sub_category_name": "Pickles & Chutney", "product_name": "Pickle - Organic Mix (Pure Mustard Oil & Spices)", "product_brand": "Organic Nation", "img_src": "https://www.bigbasket.com/media/uploads/p/mm/40115808_2-organic-nation-pickle-organic-mix-pure-mustard-oil-spices.jpg", "combo": []}, {"product_id": "1604834050_15844", "category": "Snacks & Branded Foods", "sub_category_name": "Pickles & Chutney", "product_name": "Lemon Pickle", "product_brand": "Patanjali", "img_src": "https://www.bigbasket.com/media/uploads/p/mm/40017846_5-patanjali-lemon-pickle.jpg", "combo": []}, {"product_id": "1604834050_28644", "category": "Snacks & Branded Foods", "sub_category_name": "Pickles & Chutney", "product_name": "Gun Powder", "product_brand": "Future Organics", "img_src": "https://www.bigbasket.com/media/uploads/p/mm/800002766_1-future-organics-gun-powder.jpg", "combo": []}, {"product_id": "1604834051_60484", "category": "Snacks & Branded Foods", "sub_category_name": "Pickles & Chutney", "product_name": "Organic Chutney Powder - Peanut", "product_brand": "Aaha Oho", "img_src": "https://www.bigbasket.com/media/uploads/p/mm/40037366_3-aaha-oho-organic-chutney-powder-peanut.jpg", "combo": []}, {"product_id": "1604834052_804", "category": "Snacks & Branded Foods", "sub_category_name": "Pickles & Chutney", "product_name": "Pickle - Mixed Vegetable (without Garlic)", "product_brand": "Priya", "img_src": "https://www.bigbasket.com/media/uploads/p/mm/40008193_1-priya-pickle-mixed-vegetable-without-garlic.jpg", "combo": []}, {"product_id": "1604834052_14404", "category": "Snacks & Branded Foods", "sub_category_name": "Pickles & Chutney", "product_name": "Pickle - Red Chillies (With Garlic)", "product_brand": "Priya", "img_src": "https://www.bigbasket.com/media/uploads/p/mm/20005150_1-priya-pickle-red-chillies-with-garlic.jpg", "combo": []}, {"product_id": "1604834053_10564", "category": "Snacks & Branded Foods", "sub_category_name": "Pickles & Chutney", "product_name": "Pickle - Athana Mirchi-Green", "product_brand": "Marudhar", "img_src": "https://www.bigbasket.com/media/uploads/p/mm/40088446_4-marudhar-pickle-athana-mirchi-green.jpg", "combo": []}, {"product_id": "1604834054_24484", "category": "Snacks & Branded Foods", "sub_category_name": "Pickles & Chutney", "product_name": "Pickle - Special Punjabi Mixed", "product_brand": "Delight Foods", "img_src": "https://www.bigbasket.com/media/uploads/p/mm/40088425_1-delight-foods-pickle-special-punjabi-mixed.jpg", "combo": []}, {"product_id": "1604834055_76324", "category": "Snacks & Branded Foods", "sub_category_name": "Pickles & Chutney", "product_name": "Pickle - Ginger", "product_brand": "Mambalam Iyers", "img_src": "https://www.bigbasket.com/media/uploads/p/mm/40007775_2-mambalam-iyers-pickle-ginger.jpg", "combo": []}, {"product_id": "1604834056_77924", "category": "Snacks & Branded Foods", "sub_category_name": "Pickles & Chutney", "product_name": "Amla Chatpata", "product_brand": "Pushpanjali", "img_src": "https://www.bigbasket.com/media/uploads/p/mm/40161864_1-pushpanjali-amla-chatpata.jpg", "combo": []}, {"product_id": "1604834056_98404", "category": "Snacks & Branded Foods", "sub_category_name": "Pickles & Chutney", "product_name": "Pickle - Sweet Ginger (Without Garlic)", "product_brand": "Priya", "img_src": "https://www.bigbasket.com/media/uploads/p/mm/20005157_1-priya-pickle-sweet-ginger-without-garlic.jpg", "combo": []}, {"product_id": "1604834057_72964", "category": "Snacks & Branded Foods", "sub_category_name": "Pickles & Chutney", "product_name": "Puliyogare Gojju Mix - Karnataka's Iyengar", "product_brand": "Delight Foods", "img_src": "https://www.bigbasket.com/media/uploads/p/mm/40127126_2-delight-foods-puliyogare-gojju-mix-karnatakas-iyengar.jpg", "combo": []}, {"product_id": "1604834057_77604", "category": "Snacks & Branded Foods", "sub_category_name": "Pickles & Chutney", "product_name": "Chutney - Putani", "product_brand": "Uttara Karnataka", "img_src": "https://www.bigbasket.com/media/uploads/p/mm/40099634_2-uttara-karnataka-chutney-putani.jpg", "combo": []}, {"product_id": "1604834058_5764", "category": "Snacks & Branded Foods", "sub_category_name": "Pickles & Chutney", "product_name": "Pickle - Brinjal (Egg Plant) In Oil", "product_brand": "Bolst's", "img_src": "https://www.bigbasket.com/media/uploads/p/mm/100285747_3-bolsts-pickle-brinjal-egg-plant-in-oil.jpg", "combo": []}, {"product_id": "1604834059_82404", "category": "Snacks & Branded Foods", "sub_category_name": "Pickles & Chutney", "product_name": "Carrot Pickled Masala", "product_brand": "Somey's Kitchen", "img_src": "https://www.bigbasket.com/media/uploads/p/mm/40147008_3-someys-kitchen-carrot-pickled-masala.jpg", "combo": []}, {"product_id": "1604834059_48004", "category": "Snacks & Branded Foods", "sub_category_name": "Pickles & Chutney", "product_name": "Pickle - Gujrati Sweet Lemon", "product_brand": "Delight Foods", "img_src": "https://www.bigbasket.com/media/uploads/p/mm/40088429_1-delight-foods-pickle-gujrati-sweet-lemon.jpg", "combo": []}, {"product_id": "1604834060_97124", "category": "Snacks & Branded Foods", "sub_category_name": "Pickles & Chutney", "product_name": "Andhra Special Gongura Pickle", "product_brand": "Delight Foods", "img_src": "https://www.bigbasket.com/media/uploads/p/mm/40178291_3-delight-foods-andhra-special-gongura-pickle.jpg", "combo": []}, {"product_id": "1604834061_24484", "category": "Snacks & Branded Foods", "sub_category_name": "Pickles & Chutney", "product_name": "Andhra Special Avakaya/Mango Pickle", "product_brand": "Delight Foods", "img_src": "https://www.bigbasket.com/media/uploads/p/mm/40178290_4-delight-foods-andhra-special-avakayamango-pickle.jpg", "combo": []}, {"product_id": "1604834061_61444", "category": "Snacks & Branded Foods", "sub_category_name": "Pickles & Chutney", "product_name": "Mavadu", "product_brand": "Mambalam Iyers", "img_src": "https://www.bigbasket.com/media/uploads/p/mm/40007789_2-mambalam-iyers-mavadu.jpg", "combo": []}, {"product_id": "1604834062_72964", "category": "Snacks & Branded Foods", "sub_category_name": "Pickles & Chutney", "product_name": "Olive Oil - Garlic Pickle", "product_brand": "Organica", "img_src": "https://www.bigbasket.com/media/uploads/p/mm/40017095_1-organica-olive-oil-garlic-pickle.jpg", "combo": []}, {"product_id": "1604834063_38724", "category": "Snacks & Branded Foods", "sub_category_name": "Pickles & Chutney", "product_name": "Pickle - Organic Mix (Pure Mustard Oil & Spices)", "product_brand": "Organic Nation", "img_src": "https://www.bigbasket.com/media/uploads/p/mm/40115808_2-organic-nation-pickle-organic-mix-pure-mustard-oil-spices.jpg", "combo": []}, {"product_id": "1604834063_28964", "category": "Snacks & Branded Foods", "sub_category_name": "Pickles & Chutney", "product_name": "Lemon Pickle", "product_brand": "Patanjali", "img_src": "https://www.bigbasket.com/media/uploads/p/mm/40017846_5-patanjali-lemon-pickle.jpg", "combo": []}, {"product_id": "1604834064_84004", "category": "Snacks & Branded Foods", "sub_category_name": "Pickles & Chutney", "product_name": "Gun Powder", "product_brand": "Future Organics", "img_src": "https://www.bigbasket.com/media/uploads/p/mm/800002766_1-future-organics-gun-powder.jpg", "combo": []}, {"product_id": "1604834065_97604", "category": "Snacks & Branded Foods", "sub_category_name": "Pickles & Chutney", "product_name": "Organic Chutney Powder - Peanut", "product_brand": "Aaha Oho", "img_src": "https://www.bigbasket.com/media/uploads/p/mm/40037366_3-aaha-oho-organic-chutney-powder-peanut.jpg", "combo": []}, {"product_id": "1604834066_92484", "category": "Snacks & Branded Foods", "sub_category_name": "Pickles & Chutney", "product_name": "Pickle - Mixed Vegetable (without Garlic)", "product_brand": "Priya", "img_src": "https://www.bigbasket.com/media/uploads/p/mm/40008193_1-priya-pickle-mixed-vegetable-without-garlic.jpg", "combo": []}, {"product_id": "1604834067_4", "category": "Snacks & Branded Foods", "sub_category_name": "Pickles & Chutney", "product_name": "Pickle - Red Chillies (With Garlic)", "product_brand": "Priya", "img_src": "https://www.bigbasket.com/media/uploads/p/mm/20005150_1-priya-pickle-red-chillies-with-garlic.jpg", "combo": []}, {"product_id": "1604834067_32004", "category": "Snacks & Branded Foods", "sub_category_name": "Pickles & Chutney", "product_name": "Pickle - Athana Mirchi-Green", "product_brand": "Marudhar", "img_src": "https://www.bigbasket.com/media/uploads/p/mm/40088446_4-marudhar-pickle-athana-mirchi-green.jpg", "combo": []}, {"product_id": "1604834068_72324", "category": "Snacks & Branded Foods", "sub_category_name": "Pickles & Chutney", "product_name": "Pickle - Special Punjabi Mixed", "product_brand": "Delight Foods", "img_src": "https://www.bigbasket.com/media/uploads/p/mm/40088425_1-delight-foods-pickle-special-punjabi-mixed.jpg", "combo": []}, {"product_id": "1604834068_47044", "category": "Snacks & Branded Foods", "sub_category_name": "Pickles & Chutney", "product_name": "Pickle - Ginger", "product_brand": "Mambalam Iyers", "img_src": "https://www.bigbasket.com/media/uploads/p/mm/40007775_2-mambalam-iyers-pickle-ginger.jpg", "combo": []}, {"product_id": "1604834069_52164", "category": "Snacks & Branded Foods", "sub_category_name": "Pickles & Chutney", "product_name": "Amla Chatpata", "product_brand": "Pushpanjali", "img_src": "https://www.bigbasket.com/media/uploads/p/mm/40161864_1-pushpanjali-amla-chatpata.jpg", "combo": []}, {"product_id": "1604834070_65444", "category": "Snacks & Branded Foods", "sub_category_name": "Pickles & Chutney", "product_name": "Pickle - Sweet Ginger (Without Garlic)", "product_brand": "Priya", "img_src": "https://www.bigbasket.com/media/uploads/p/mm/20005157_1-priya-pickle-sweet-ginger-without-garlic.jpg", "combo": []}, {"product_id": "1604834070_35364", "category": "Snacks & Branded Foods", "sub_category_name": "Pickles & Chutney", "product_name": "Puliyogare Gojju Mix - Karnataka's Iyengar", "product_brand": "Delight Foods", "img_src": "https://www.bigbasket.com/media/uploads/p/mm/40127126_2-delight-foods-puliyogare-gojju-mix-karnatakas-iyengar.jpg", "combo": []}, {"product_id": "1604834071_65604", "category": "Snacks & Branded Foods", "sub_category_name": "Pickles & Chutney", "product_name": "Chutney - Putani", "product_brand": "Uttara Karnataka", "img_src": "https://www.bigbasket.com/media/uploads/p/mm/40099634_2-uttara-karnataka-chutney-putani.jpg", "combo": []}, {"product_id": "1604834072_26244", "category": "Snacks & Branded Foods", "sub_category_name": "Pickles & Chutney", "product_name": "Pickle - Brinjal (Egg Plant) In Oil", "product_brand": "Bolst's", "img_src": "https://www.bigbasket.com/media/uploads/p/mm/100285747_3-bolsts-pickle-brinjal-egg-plant-in-oil.jpg", "combo": []}, {"product_id": "1604834072_29764", "category": "Snacks & Branded Foods", "sub_category_name": "Pickles & Chutney", "product_name": "Carrot Pickled Masala", "product_brand": "Somey's Kitchen", "img_src": "https://www.bigbasket.com/media/uploads/p/mm/40147008_3-someys-kitchen-carrot-pickled-masala.jpg", "combo": []}, {"product_id": "1604834073_26404", "category": "Snacks & Branded Foods", "sub_category_name": "Pickles & Chutney", "product_name": "Pickle - Gujrati Sweet Lemon", "product_brand": "Delight Foods", "img_src": "https://www.bigbasket.com/media/uploads/p/mm/40088429_1-delight-foods-pickle-gujrati-sweet-lemon.jpg", "combo": []}, {"product_id": "1604834073_30724", "category": "Snacks & Branded Foods", "sub_category_name": "Pickles & Chutney", "product_name": "Andhra Special Gongura Pickle", "product_brand": "Delight Foods", "img_src": "https://www.bigbasket.com/media/uploads/p/mm/40178291_3-delight-foods-andhra-special-gongura-pickle.jpg", "combo": []}, {"product_id": "1604834074_23364", "category": "Snacks & Branded Foods", "sub_category_name": "Pickles & Chutney", "product_name": "Andhra Special Avakaya/Mango Pickle", "product_brand": "Delight Foods", "img_src": "https://www.bigbasket.com/media/uploads/p/mm/40178290_4-delight-foods-andhra-special-avakayamango-pickle.jpg", "combo": []}, {"product_id": "1604834075_38084", "category": "Snacks & Branded Foods", "sub_category_name": "Pickles & Chutney", "product_name": "Mavadu", "product_brand": "Mambalam Iyers", "img_src": "https://www.bigbasket.com/media/uploads/p/mm/40007789_2-mambalam-iyers-mavadu.jpg", "combo": []}, {"product_id": "1604834075_51684", "category": "Snacks & Branded Foods", "sub_category_name": "Pickles & Chutney", "product_name": "Olive Oil - Garlic Pickle", "product_brand": "Organica", "img_src": "https://www.bigbasket.com/media/uploads/p/mm/40017095_1-organica-olive-oil-garlic-pickle.jpg", "combo": []}, {"product_id": "1604834076_86404", "category": "Snacks & Branded Foods", "sub_category_name": "Pickles & Chutney", "product_name": "Pickle - Organic Mix (Pure Mustard Oil & Spices)", "product_brand": "Organic Nation", "img_src": "https://www.bigbasket.com/media/uploads/p/mm/40115808_2-organic-nation-pickle-organic-mix-pure-mustard-oil-spices.jpg", "combo": []}, {"product_id": "1604834077_2724", "category": "Snacks & Branded Foods", "sub_category_name": "Pickles & Chutney", "product_name": "Lemon Pickle", "product_brand": "Patanjali", "img_src": "https://www.bigbasket.com/media/uploads/p/mm/40017846_5-patanjali-lemon-pickle.jpg", "combo": []}, {"product_id": "1604834078_96484", "category": "Snacks & Branded Foods", "sub_category_name": "Pickles & Chutney", "product_name": "Gun Powder", "product_brand": "Future Organics", "img_src": "https://www.bigbasket.com/media/uploads/p/mm/800002766_1-future-organics-gun-powder.jpg", "combo": []}, {"product_id": "1604834079_98884", "category": "Snacks & Branded Foods", "sub_category_name": "Pickles & Chutney", "product_name": "Organic Chutney Powder - Peanut", "product_brand": "Aaha Oho", "img_src": "https://www.bigbasket.com/media/uploads/p/mm/40037366_3-aaha-oho-organic-chutney-powder-peanut.jpg", "combo": []}, {"product_id": "1604834079_89444", "category": "Snacks & Branded Foods", "sub_category_name": "Pickles & Chutney", "product_name": "Pickle - Mixed Vegetable (without Garlic)", "product_brand": "Priya", "img_src": "https://www.bigbasket.com/media/uploads/p/mm/40008193_1-priya-pickle-mixed-vegetable-without-garlic.jpg", "combo": []}, {"product_id": "1604834080_56804", "category": "Snacks & Branded Foods", "sub_category_name": "Pickles & Chutney", "product_name": "Pickle - Red Chillies (With Garlic)", "product_brand": "Priya", "img_src": "https://www.bigbasket.com/media/uploads/p/mm/20005150_1-priya-pickle-red-chillies-with-garlic.jpg", "combo": []}, {"product_id": "1604834081_25764", "category": "Snacks & Branded Foods", "sub_category_name": "Pickles & Chutney", "product_name": "Pickle - Athana Mirchi-Green", "product_brand": "Marudhar", "img_src": "https://www.bigbasket.com/media/uploads/p/mm/40088446_4-marudhar-pickle-athana-mirchi-green.jpg", "combo": []}, {"product_id": "1604834081_31044", "category": "Snacks & Branded Foods", "sub_category_name": "Pickles & Chutney", "product_name": "Pickle - Special Punjabi Mixed", "product_brand": "Delight Foods", "img_src": "https://www.bigbasket.com/media/uploads/p/mm/40088425_1-delight-foods-pickle-special-punjabi-mixed.jpg", "combo": []}, {"product_id": "1604834082_68484", "category": "Snacks & Branded Foods", "sub_category_name": "Pickles & Chutney", "product_name": "Pickle - Ginger", "product_brand": "Mambalam Iyers", "img_src": "https://www.bigbasket.com/media/uploads/p/mm/40007775_2-mambalam-iyers-pickle-ginger.jpg", "combo": []}, {"product_id": "1604834083_22884", "category": "Snacks & Branded Foods", "sub_category_name": "Pickles & Chutney", "product_name": "Amla Chatpata", "product_brand": "Pushpanjali", "img_src": "https://www.bigbasket.com/media/uploads/p/mm/40161864_1-pushpanjali-amla-chatpata.jpg", "combo": []}, {"product_id": "1604834084_59364", "category": "Snacks & Branded Foods", "sub_category_name": "Pickles & Chutney", "product_name": "Pickle - Sweet Ginger (Without Garlic)", "product_brand": "Priya", "img_src": "https://www.bigbasket.com/media/uploads/p/mm/20005157_1-priya-pickle-sweet-ginger-without-garlic.jpg", "combo": []}, {"product_id": "1604834084_25764", "category": "Snacks & Branded Foods", "sub_category_name": "Pickles & Chutney", "product_name": "Puliyogare Gojju Mix - Karnataka's Iyengar", "product_brand": "Delight Foods", "img_src": "https://www.bigbasket.com/media/uploads/p/mm/40127126_2-delight-foods-puliyogare-gojju-mix-karnatakas-iyengar.jpg", "combo": []}, {"product_id": "1604834085_64164", "category": "Snacks & Branded Foods", "sub_category_name": "Pickles & Chutney", "product_name": "Chutney - Putani", "product_brand": "Uttara Karnataka", "img_src": "https://www.bigbasket.com/media/uploads/p/mm/40099634_2-uttara-karnataka-chutney-putani.jpg", "combo": []}, {"product_id": "1604834086_33124", "category": "Snacks & Branded Foods", "sub_category_name": "Pickles & Chutney", "product_name": "Pickle - Brinjal (Egg Plant) In Oil", "product_brand": "Bolst's", "img_src": "https://www.bigbasket.com/media/uploads/p/mm/100285747_3-bolsts-pickle-brinjal-egg-plant-in-oil.jpg", "combo": []}, {"product_id": "1604834087_95204", "category": "Snacks & Branded Foods", "sub_category_name": "Pickles & Chutney", "product_name": "Carrot Pickled Masala", "product_brand": "Somey's Kitchen", "img_src": "https://www.bigbasket.com/media/uploads/p/mm/40147008_3-someys-kitchen-carrot-pickled-masala.jpg", "combo": []}, {"product_id": "1604834087_63684", "category": "Snacks & Branded Foods", "sub_category_name": "Pickles & Chutney", "product_name": "Pickle - Gujrati Sweet Lemon", "product_brand": "Delight Foods", "img_src": "https://www.bigbasket.com/media/uploads/p/mm/40088429_1-delight-foods-pickle-gujrati-sweet-lemon.jpg", "combo": []}, {"product_id": "1604834088_43844", "category": "Snacks & Branded Foods", "sub_category_name": "Pickles & Chutney", "product_name": "Andhra Special Gongura Pickle", "product_brand": "Delight Foods", "img_src": "https://www.bigbasket.com/media/uploads/p/mm/40178291_3-delight-foods-andhra-special-gongura-pickle.jpg", "combo": []}, {"product_id": "1604834089_40964", "category": "Snacks & Branded Foods", "sub_category_name": "Pickles & Chutney", "product_name": "Andhra Special Avakaya/Mango Pickle", "product_brand": "Delight Foods", "img_src": "https://www.bigbasket.com/media/uploads/p/mm/40178290_4-delight-foods-andhra-special-avakayamango-pickle.jpg", "combo": []}, {"product_id": "1604834090_60804", "category": "Snacks & Branded Foods", "sub_category_name": "Pickles & Chutney", "product_name": "Mavadu", "product_brand": "Mambalam Iyers", "img_src": "https://www.bigbasket.com/media/uploads/p/mm/40007789_2-mambalam-iyers-mavadu.jpg", "combo": []}, {"product_id": "1604834091_71044", "category": "Snacks & Branded Foods", "sub_category_name": "Pickles & Chutney", "product_name": "Olive Oil - Garlic Pickle", "product_brand": "Organica", "img_src": "https://www.bigbasket.com/media/uploads/p/mm/40017095_1-organica-olive-oil-garlic-pickle.jpg", "combo": []}, {"product_id": "1604834091_93444", "category": "Snacks & Branded Foods", "sub_category_name": "Pickles & Chutney", "product_name": "Pickle - Organic Mix (Pure Mustard Oil & Spices)", "product_brand": "Organic Nation", "img_src": "https://www.bigbasket.com/media/uploads/p/mm/40115808_2-organic-nation-pickle-organic-mix-pure-mustard-oil-spices.jpg", "combo": []}, {"product_id": "1604834092_2564", "category": "Snacks & Branded Foods", "sub_category_name": "Pickles & Chutney", "product_name": "Lemon Pickle", "product_brand": "Patanjali", "img_src": "https://www.bigbasket.com/media/uploads/p/mm/40017846_5-patanjali-lemon-pickle.jpg", "combo": []}, {"product_id": "1604834093_15684", "category": "Snacks & Branded Foods", "sub_category_name": "Pickles & Chutney", "product_name": "Gun Powder", "product_brand": "Future Organics", "img_src": "https://www.bigbasket.com/media/uploads/p/mm/800002766_1-future-organics-gun-powder.jpg", "combo": []}, {"product_id": "1604834093_84484", "category": "Snacks & Branded Foods", "sub_category_name": "Pickles & Chutney", "product_name": "Organic Chutney Powder - Peanut", "product_brand": "Aaha Oho", "img_src": "https://www.bigbasket.com/media/uploads/p/mm/40037366_3-aaha-oho-organic-chutney-powder-peanut.jpg", "combo": []}]