[{"product_id": "1604829976_34564", "category": "Beverages", "sub_category_name": "Energy & Soft Drinks", "product_name": "Sparkling Water - Club Soda", "product_brand": "Kinley", "img_src": "https://www.bigbasket.com/media/uploads/p/s/265680_11-kinley-sparkling-water-club-soda.jpg", "combo": [["750 ml", "19.80"], ["2x750 ml", "39.60"]]}, {"product_id": "1604829977_85284", "category": "Beverages", "sub_category_name": "Energy & Soft Drinks", "product_name": "Soft Drink", "product_brand": "Coca-Cola", "img_src": "https://www.bigbasket.com/media/uploads/p/s/1208181_1-coca-cola-soft-drink.jpg", "combo": [["300 ml", "33.00"], ["6x300 ml", "198.00"]]}, {"product_id": "1604829978_53764", "category": "Beverages", "sub_category_name": "Energy & Soft Drinks", "product_name": "Soft Drink", "product_brand": "Thums Up", "img_src": "https://www.bigbasket.com/media/uploads/p/s/1200132_2-thums-up-soft-drink.jpg", "combo": [["24x1.25 L", "1482.00"], ["2x1.75 L", "130.00"], ["2x1.25 L", "130.00"], ["2x750 ml", "58.00"], ["750 ml", "29.00"], ["1.25 L", "65.00"], ["2 L", "87.00"], ["12x750 ml", "330.60"], ["2x2 L", "174.00"], ["1.75 L", "65.00"], ["24x750 ml", "661.20"], ["6x1.75 L", "370.50"], ["12x1.75 L", "741.00"], ["24x1.75 L", "1482.00"], ["6x1.25 L", "370.50"], ["12x1.25 L", "741.00"]]}, {"product_id": "1604829980_34564", "category": "Beverages", "sub_category_name": "Energy & Soft Drinks", "product_name": "Soda - Original Ginger Ale", "product_brand": "Schweppes", "img_src": "https://www.bigbasket.com/media/uploads/p/s/1208190_1-schweppes-soda-original-ginger-ale.jpg", "combo": [["300 ml", "49.50"], ["6x300 ml", "297.00"]]}, {"product_id": "1604829981_2084", "category": "Beverages", "sub_category_name": "Energy & Soft Drinks", "product_name": "Soft Drink - Lime Flavoured", "product_brand": "Sprite", "img_src": "https://www.bigbasket.com/media/uploads/p/s/1212262_1-sprite-soft-drink-lime-flavoured.jpg", "combo": [["2 L", "87.00"], ["24x750 ml", "684.00"], ["1.25 L", "65.00"], ["24x1.75 L", "1482.00"], ["6x1.75 L", "370.50"], ["12x1.75 L", "741.00"], ["1.75 L", "65.00"], ["6x1.25 L", "370.50"], ["12x1.25 L", "741.00"], ["24x1.25 L", "1482.00"], ["2x2 L", "174.00"], ["750 ml", "30.00"], ["12x750 ml", "342.00"]]}, {"product_id": "1604829982_49924", "category": "Beverages", "sub_category_name": "Energy & Soft Drinks", "product_name": "Soft Drink - Original Taste", "product_brand": "Coca-Cola", "img_src": "https://www.bigbasket.com/media/uploads/p/s/1212258_1-coca-cola-soft-drink-original-taste.jpg", "combo": [["12x750 ml", "327.29"], ["24x750 ml", "654.59"], ["2x1.25 L", "130.00"], ["2x750 ml", "57.42"], ["6x1.25 L", "370.50"], ["12x1.25 L", "741.00"], ["24x1.25 L", "1482.00"], ["6x1.75 L", "479.65"], ["12x1.75 L", "959.31"], ["24x1.75 L", "1918.62"], ["750 ml", "28.71"], ["1.75 L", "84.15"], ["2x2 L", "174.00"], ["3x750 ml", "86.13"], ["2 L", "87.00"], ["1.25 L", "65.00"]]}, {"product_id": "1604829984_25924", "category": "Beverages", "sub_category_name": "Energy & Soft Drinks", "product_name": "Diet Coke Soft Drink", "product_brand": "Coca-Cola", "img_src": "https://www.bigbasket.com/media/uploads/p/s/1200130_7-coca-cola-diet-coke-soft-drink.jpg", "combo": [["300 ml", "34.00"], ["6x300 ml", "204.00"]]}, {"product_id": "1604829984_69124", "category": "Beverages", "sub_category_name": "Energy & Soft Drinks", "product_name": "Soft Drink", "product_brand": "Thums Up", "img_src": "https://www.bigbasket.com/media/uploads/p/s/288927_6-thums-up-soft-drink.jpg", "combo": [["12x300 ml", "456.00"], ["300 ml", "38.00"]]}, {"product_id": "1604829985_83204", "category": "Beverages", "sub_category_name": "Energy & Soft Drinks", "product_name": "Indian Tonic Water", "product_brand": "Schweppes", "img_src": "https://www.bigbasket.com/media/uploads/p/s/30009568_6-schweppes-indian-tonic-water.jpg", "combo": [["300 ml", "46.50"], ["6x300 ml", "279.00"]]}, {"product_id": "1604829986_91364", "category": "Beverages", "sub_category_name": "Energy & Soft Drinks", "product_name": "Soft Drink", "product_brand": "Pepsi", "img_src": "https://www.bigbasket.com/media/uploads/p/s/1209470_2-pepsi-soft-drink.jpg", "combo": [["600 ml", "35.00"], ["2.25 L", "79.20"], ["2x600 ml", "61.60"], ["2x2.25 L", "134.64"]]}, {"product_id": "1604829987_98084", "category": "Beverages", "sub_category_name": "Energy & Soft Drinks", "product_name": "Soft Drink", "product_brand": "Mountain Dew", "img_src": "https://www.bigbasket.com/media/uploads/p/s/1203731_5-mountain-dew-soft-drink.jpg", "combo": [["6x250 ml", "124.50"], ["250 ml", "25.00"], ["4x250 ml", "100.00"], ["12x250 ml", "300.00"]]}, {"product_id": "1604829988_78564", "category": "Beverages", "sub_category_name": "Energy & Soft Drinks", "product_name": "Minute Maid Fruit Drink - Pulpy Orange 1 lt + Coca Cola Soft Drink 1.75 lt", "product_brand": "bb Combo", "img_src": "https://www.bigbasket.com/media/uploads/p/s/1207219_2-bb-combo-minute-maid-fruit-drink-pulpy-orange-1-lt-coca-cola-soft-drink-175-lt.jpg", "combo": []}, {"product_id": "1604829988_12004", "category": "Beverages", "sub_category_name": "Energy & Soft Drinks", "product_name": "Swag Can", "product_brand": "Pepsi", "img_src": "https://www.bigbasket.com/media/uploads/p/s/1203727_8-pepsi-swag-can.jpg", "combo": [["4x250 ml", "100.00"], ["250 ml", "25.00"], ["6x250 ml", "124.50"]]}, {"product_id": "1604829989_98724", "category": "Beverages", "sub_category_name": "Energy & Soft Drinks", "product_name": "Maaza Juice - Mango 1.5 L + Coca Cola Soft Drink 1.75 L Bottle", "product_brand": "bb Combo", "img_src": "https://www.bigbasket.com/media/uploads/p/s/1207218_1-bb-combo-maaza-juice-mango-15-l-coca-cola-soft-drink-175-l-bottle.jpg", "combo": []}, {"product_id": "1604829991_55684", "category": "Beverages", "sub_category_name": "Energy & Soft Drinks", "product_name": "Energy Drink", "product_brand": "Red Bull", "img_src": "https://www.bigbasket.com/media/uploads/p/s/100012281_9-red-bull-energy-drink.jpg", "combo": []}, {"product_id": "1604829991_15364", "category": "Beverages", "sub_category_name": "Energy & Soft Drinks", "product_name": "Soft Drink", "product_brand": "Mirinda", "img_src": "https://www.bigbasket.com/media/uploads/p/s/1206582_3-mirinda-soft-drink.jpg", "combo": [["600 ml", "35.00"], ["2.25 L", "79.20"], ["2x600 ml", "61.60"], ["2x2.25 L", "134.64"]]}, {"product_id": "1604829992_99204", "category": "Beverages", "sub_category_name": "Energy & Soft Drinks", "product_name": "Soft Drink - Lemon", "product_brand": "7 Up", "img_src": "https://www.bigbasket.com/media/uploads/p/s/1203728_6-7-up-soft-drink-lemon.jpg", "combo": [["6X250 ml", "124.50"], ["250 ml", "25.00"], ["4x250 ml", "100.00"]]}, {"product_id": "1604829993_69764", "category": "Beverages", "sub_category_name": "Energy & Soft Drinks", "product_name": "Soda - The Club", "product_brand": "Bisleri", "img_src": "https://www.bigbasket.com/media/uploads/p/s/100126200_5-bisleri-soda-the-club.jpg", "combo": []}, {"product_id": "1604829994_89764", "category": "Beverages", "sub_category_name": "Energy & Soft Drinks", "product_name": "Coke Zero Soft Drink - No Sugar", "product_brand": "Coca-Cola", "img_src": "https://www.bigbasket.com/media/uploads/p/s/40018072_15-coca-cola-coke-zero-soft-drink-no-sugar.jpg", "combo": []}, {"product_id": "1604829994_40324", "category": "Beverages", "sub_category_name": "Energy & Soft Drinks", "product_name": "Soft Drink - Black, Slim", "product_brand": "Pepsi", "img_src": "https://www.bigbasket.com/media/uploads/p/s/1200615_1-pepsi-soft-drink-black-slim.jpg", "combo": [["4x250 ml", "100.00"], ["250 ml", "25.00"], ["5x250 ml", "125.00"], ["6x250 ml", "120.00"]]}, {"product_id": "1604829995_91524", "category": "Beverages", "sub_category_name": "Energy & Soft Drinks", "product_name": "Non-Alcoholic Beer", "product_brand": "Budweiser 0.0", "img_src": "https://www.bigbasket.com/media/uploads/p/mm/1212180_1-budweiser-00-non-alcoholic-beer.jpg", "combo": [["330 ml", "80.00"], ["6 x 330 ml", "480.00"]]}, {"product_id": "1604829996_32804", "category": "Beverages", "sub_category_name": "Energy & Soft Drinks", "product_name": "Apple Juice Based Drink", "product_brand": "Appy Fizz", "img_src": "https://www.bigbasket.com/media/uploads/p/mm/271119_3-appy-fizz-apple-juice-based-drink.jpg", "combo": [["250 ml", "15.00"], ["600 ml", "33.00"], ["2x1 L", "116.00"], ["4x250 ml", "60.00"], ["2x1.5 L", "170.00"], ["1.5 L", "85.00"], ["600 ml", "33.00"], ["1 L", "58.00"]]}, {"product_id": "1604829997_38884", "category": "Beverages", "sub_category_name": "Energy & Soft Drinks", "product_name": "Pepsi Soft Drink 2.25 L + Slice Thickest Mango Drink 1.2 L", "product_brand": "bb Combo", "img_src": "https://www.bigbasket.com/media/uploads/p/mm/1210045_1-bb-combo-pepsi-soft-drink-225-l-slice-thickest-mango-drink-12-l.jpg", "combo": []}, {"product_id": "1604829997_95364", "category": "Beverages", "sub_category_name": "Energy & Soft Drinks", "product_name": "Soft Drink - Lime Flavoured", "product_brand": "Sprite", "img_src": "https://www.bigbasket.com/media/uploads/p/mm/276214_7-sprite-soft-drink-lime-flavoured.jpg", "combo": [["12x300 ml", "456.00"], ["6x300 ml", "228.00"], ["300 ml", "38.00"]]}, {"product_id": "1604829998_23364", "category": "Beverages", "sub_category_name": "Energy & Soft Drinks", "product_name": "Drink - Energy", "product_brand": "Monster", "img_src": "https://www.bigbasket.com/media/uploads/p/mm/1206989_1-monster-drink-energy.jpg", "combo": [["350 ml", "73.00"], ["3x350 ml", "219.00"]]}, {"product_id": "1604829999_3524", "category": "Beverages", "sub_category_name": "Energy & Soft Drinks", "product_name": "Soft Drink", "product_brand": "7 Up", "img_src": "https://www.bigbasket.com/media/uploads/p/mm/1209356_4-7-up-soft-drink.jpg", "combo": [["2.25 L", "79.20"], ["2x2.25 L", "134.64"]]}, {"product_id": "1604829999_24324", "category": "Beverages", "sub_category_name": "Energy & Soft Drinks", "product_name": "Energy Drink", "product_brand": "Red Bull", "img_src": "https://www.bigbasket.com/media/uploads/p/mm/100012278_11-red-bull-energy-drink.jpg", "combo": [["6X250 ml", "655.50"], ["250 ml", "109.25"], ["12X250 ml", "1311.00"], ["4x250 ml", "437.00"]]}, {"product_id": "1604830000_71044", "category": "Beverages", "sub_category_name": "Energy & Soft Drinks", "product_name": "Glucose Based Beverage Mix - Orange", "product_brand": "Glucon-D", "img_src": "https://www.bigbasket.com/media/uploads/p/mm/263372_9-glucon-d-glucose-based-beverage-mix-orange.jpg", "combo": [["450 g", "140.80"], ["200 g", "58.88"], ["4x200 g", "235.52"]]}, {"product_id": "1604830001_36164", "category": "Beverages", "sub_category_name": "Energy & Soft Drinks", "product_name": "Spcyi - Masala Maar Ke", "product_brand": "Bisleri", "img_src": "https://www.bigbasket.com/media/uploads/p/mm/40097835_2-bisleri-spcyi-masala-maar-ke.jpg", "combo": []}, {"product_id": "1604830001_81604", "category": "Beverages", "sub_category_name": "Energy & Soft Drinks", "product_name": "Fonzo - Mango With Fizzz", "product_brand": "Bisleri", "img_src": "https://www.bigbasket.com/media/uploads/p/mm/40097837_2-bisleri-fonzo-mango-with-fizzz.jpg", "combo": []}, {"product_id": "1604830003_64644", "category": "Beverages", "sub_category_name": "Energy & Soft Drinks", "product_name": "Instant Energy Health Drink - Nimbu Pani, Refill", "product_brand": "Glucon-D", "img_src": "https://www.bigbasket.com/media/uploads/p/mm/295519_11-glucon-d-instant-energy-health-drink-nimbu-pani-refill.jpg", "combo": [["4x200 g", "235.52"], ["75 g", "40.00"], ["200 g", "58.88"]]}, {"product_id": "1604830004_67524", "category": "Beverages", "sub_category_name": "Energy & Soft Drinks", "product_name": "0.0 Non Alcoholic Beer", "product_brand": "Heineken", "img_src": "https://www.bigbasket.com/media/uploads/p/mm/1211766_2-heineken-00-non-alcoholic-beer.jpg", "combo": [["330 ml", "67.50"], ["12 x 330 ml", "729.00"]]}, {"product_id": "1604830005_67524", "category": "Beverages", "sub_category_name": "Energy & Soft Drinks", "product_name": "Soft Drink - Orange Flavoured", "product_brand": "Fanta", "img_src": "https://www.bigbasket.com/media/uploads/p/mm/100401175_7-fanta-soft-drink-orange-flavoured.jpg", "combo": []}, {"product_id": "1604830005_66404", "category": "Beverages", "sub_category_name": "Energy & Soft Drinks", "product_name": "Pepsi Soft Drink Black Slim 250ml x 2 + DORITOS Nacho Tortilla Chips Cheese 75 g", "product_brand": "bb Combo", "img_src": "https://www.bigbasket.com/media/uploads/p/mm/1209632_1-bb-combo-pepsi-soft-drink-black-slim-250ml-x-2-doritos-nacho-tortilla-chips-cheese-75-g.jpg", "combo": []}, {"product_id": "1604830006_98564", "category": "Beverages", "sub_category_name": "Energy & Soft Drinks", "product_name": "Sports Drink - Lemon Flavour", "product_brand": "Gatorade", "img_src": "https://www.bigbasket.com/media/uploads/p/mm/265739_9-gatorade-sports-drink-lemon-flavour.jpg", "combo": []}, {"product_id": "1604830006_65284", "category": "Beverages", "sub_category_name": "Energy & Soft Drinks", "product_name": "Sugar Free Energy Drink", "product_brand": "Red Bull", "img_src": "https://www.bigbasket.com/media/uploads/p/mm/1209541_4-red-bull-sugar-free-energy-drink.jpg", "combo": [["250 ml", "115.00"], ["4x250 ml", "276.00"]]}, {"product_id": "1604830007_30244", "category": "Beverages", "sub_category_name": "Energy & Soft Drinks", "product_name": "Soft Drink - Lemon & Lime Flavoured", "product_brand": "Limca", "img_src": "https://www.bigbasket.com/media/uploads/p/mm/251012_8-limca-soft-drink-lemon-lime-flavoured.jpg", "combo": []}, {"product_id": "1604830008_59204", "category": "Beverages", "sub_category_name": "Energy & Soft Drinks", "product_name": "Soft Drink - Orange Flavoured", "product_brand": "Fanta", "img_src": "https://www.bigbasket.com/media/uploads/p/mm/1212264_1-fanta-soft-drink-orange-flavoured.jpg", "combo": [["1.25 L", "65.00"], ["2 L", "87.00"], ["12x750 ml", "342.00"], ["24x750 ml", "684.00"], ["750 ml", "30.00"], ["6x1.25 L", "370.50"], ["12x1.25 L", "741.00"], ["24x1.25 L", "1482.00"], ["2x1.25 L", "130.00"]]}, {"product_id": "1604830009_93284", "category": "Beverages", "sub_category_name": "Energy & Soft Drinks", "product_name": "Soft Drink", "product_brand": "Mountain Dew", "img_src": "https://www.bigbasket.com/media/uploads/p/mm/1206596_2-mountain-dew-soft-drink.jpg", "combo": [["600 ml", "35.00"], ["2x600 ml", "61.60"]]}, {"product_id": "1604830009_94244", "category": "Beverages", "sub_category_name": "Energy & Soft Drinks", "product_name": "Soft Drink - Lemon", "product_brand": "7 Up", "img_src": "https://www.bigbasket.com/media/uploads/p/mm/294248_6-7-up-soft-drink-lemon.jpg", "combo": [["600 ml", "35.00"], ["2 x 600 ml", "61.60"]]}, {"product_id": "1604830010_67204", "category": "Beverages", "sub_category_name": "Energy & Soft Drinks", "product_name": "Beverage Mix-Glucose Base Orange Flavor 200G+Nimbu Pani Flavor 200G Get 50G Free", "product_brand": "Glucon-D", "img_src": "https://www.bigbasket.com/media/uploads/p/mm/1206966_1-glucon-d-beverage-mix-glucose-base-orange-flavor-200gnimbu-pani-flavor-200g-get-50g-free.jpg", "combo": []}, {"product_id": "1604830011_61284", "category": "Beverages", "sub_category_name": "Energy & Soft Drinks", "product_name": "Radler - Non Alcoholic Malt Drink, Mint & Lime", "product_brand": "Kingfisher", "img_src": "https://www.bigbasket.com/media/uploads/p/mm/1211764_2-kingfisher-radler-non-alcoholic-malt-drink-mint-lime.jpg", "combo": [["300 ml", "40.50"], ["200 ml", "25.00"], ["6 x 300 ml", "218.70"]]}, {"product_id": "1604830012_82404", "category": "Beverages", "sub_category_name": "Energy & Soft Drinks", "product_name": "Radler - Non Alcoholic Malt Drink, Ginger & Lime", "product_brand": "Kingfisher", "img_src": "https://www.bigbasket.com/media/uploads/p/mm/40147696_3-kingfisher-radler-non-alcoholic-malt-drink-ginger-lime.jpg", "combo": []}, {"product_id": "1604830012_56004", "category": "Beverages", "sub_category_name": "Energy & Soft Drinks", "product_name": "Sports Drink - Blue Bolt Flavour", "product_brand": "Gatorade", "img_src": "https://www.bigbasket.com/media/uploads/p/mm/1206520_1-gatorade-sports-drink-blue-bolt-flavour.jpg", "combo": [["6x500 ml", "300.00"], ["500 ml", "50.00"], ["3x500 ml", "150.00"]]}, {"product_id": "1604830013_64644", "category": "Beverages", "sub_category_name": "Energy & Soft Drinks", "product_name": "Sports Powder Mix - Lemon Flavour, Sipper Pack", "product_brand": "Gatorade", "img_src": "https://www.bigbasket.com/media/uploads/p/mm/40187968_2-gatorade-sports-powder-mix-lemon-flavour-sipper-pack.jpg", "combo": []}, {"product_id": "1604830014_12644", "category": "Beverages", "sub_category_name": "Energy & Soft Drinks", "product_name": "Non Alcoholic Drink", "product_brand": "Hoegaarden 0.0", "img_src": "https://www.bigbasket.com/media/uploads/p/mm/40191707_1-hoegaarden-00-non-alcoholic-drink.jpg", "combo": []}, {"product_id": "1604830015_50084", "category": "Beverages", "sub_category_name": "Energy & Soft Drinks", "product_name": "Radler - Non Alcoholic Malt Drink, Lemon", "product_brand": "Kingfisher", "img_src": "https://www.bigbasket.com/media/uploads/p/mm/40147695_3-kingfisher-radler-non-alcoholic-malt-drink-lemon.jpg", "combo": []}, {"product_id": "1604830016_24324", "category": "Beverages", "sub_category_name": "Energy & Soft Drinks", "product_name": "Radler - Non Alcoholic Malt Drink, Mint & Lime", "product_brand": "Kingfisher", "img_src": "https://www.bigbasket.com/media/uploads/p/mm/40147700_3-kingfisher-radler-non-alcoholic-malt-drink-mint-lime.jpg", "combo": []}, {"product_id": "1604830016_45764", "category": "Beverages", "sub_category_name": "Energy & Soft Drinks", "product_name": "0.0% Non Alcohol Beer- Zero Dot Zero", "product_brand": "Heineken", "img_src": "https://www.bigbasket.com/media/uploads/p/mm/40179103_1-heineken-00-non-alcohol-beer-zero-dot-zero.jpg", "combo": []}, {"product_id": "1604830017_91684", "category": "Beverages", "sub_category_name": "Energy & Soft Drinks", "product_name": "Radler - Non Alcoholic Malt Drink, Ginger & Lime", "product_brand": "Kingfisher", "img_src": "https://www.bigbasket.com/media/uploads/p/mm/40147699_2-kingfisher-radler-non-alcoholic-malt-drink-ginger-lime.jpg", "combo": []}, {"product_id": "1604830018_52004", "category": "Beverages", "sub_category_name": "Energy & Soft Drinks", "product_name": "Natural Hangover & Liver Detox Drink - Weekend Pack", "product_brand": "Morning Fresh", "img_src": "https://www.bigbasket.com/media/uploads/p/mm/40175228_1-morning-fresh-natural-hangover-liver-detox-drink-weekend-pack.jpg", "combo": []}, {"product_id": "1604830018_31044", "category": "Beverages", "sub_category_name": "Energy & Soft Drinks", "product_name": "Sparkling Tea & Juice Fresh Based Drink", "product_brand": "FEVO", "img_src": "https://www.bigbasket.com/media/uploads/p/mm/40175113_4-fevo-sparkling-tea-juice-fresh-based-drink.jpg", "combo": []}, {"product_id": "1604830019_58884", "category": "Beverages", "sub_category_name": "Energy & Soft Drinks", "product_name": "Radler - Non Alcoholic Malt Drink, Mint & Lime", "product_brand": "Kingfisher", "img_src": "https://www.bigbasket.com/media/uploads/p/mm/40153328_2-kingfisher-radler-non-alcoholic-malt-drink-mint-lime.jpg", "combo": []}, {"product_id": "1604830020_90244", "category": "Beverages", "sub_category_name": "Energy & Soft Drinks", "product_name": "Radler - Non Alcoholic Malt Drink, Lemon", "product_brand": "Kingfisher", "img_src": "https://www.bigbasket.com/media/uploads/p/mm/40153326_3-kingfisher-radler-non-alcoholic-malt-drink-lemon.jpg", "combo": []}, {"product_id": "1604830020_87364", "category": "Beverages", "sub_category_name": "Energy & Soft Drinks", "product_name": "Sparkling Tea & Juice Zesty Based Drink", "product_brand": "FEVO", "img_src": "https://www.bigbasket.com/media/uploads/p/mm/40175115_3-fevo-sparkling-tea-juice-zesty-based-drink.jpg", "combo": []}, {"product_id": "1604830021_47364", "category": "Beverages", "sub_category_name": "Energy & Soft Drinks", "product_name": "Sparkling Tea & Juice Fruity Based Drink", "product_brand": "FEVO", "img_src": "https://www.bigbasket.com/media/uploads/p/mm/40175114_2-fevo-sparkling-tea-juice-fruity-based-drink.jpg", "combo": []}, {"product_id": "1604830022_76164", "category": "Beverages", "sub_category_name": "Energy & Soft Drinks", "product_name": "Radler - Non Alcoholic Malt Drink, Ginger & Lime", "product_brand": "Kingfisher", "img_src": "https://www.bigbasket.com/media/uploads/p/mm/40153327_3-kingfisher-radler-non-alcoholic-malt-drink-ginger-lime.jpg", "combo": []}, {"product_id": "1604830022_59204", "category": "Beverages", "sub_category_name": "Energy & Soft Drinks", "product_name": "Natural Hangover & Liver Detox Drink - Mint", "product_brand": "Morning Fresh", "img_src": "https://www.bigbasket.com/media/uploads/p/mm/40175225_1-morning-fresh-natural-hangover-liver-detox-drink-mint.jpg", "combo": []}, {"product_id": "1604830023_77924", "category": "Beverages", "sub_category_name": "Energy & Soft Drinks", "product_name": "Natural Hangover & Liver Detox Drink - Strawberry", "product_brand": "Morning Fresh", "img_src": "https://www.bigbasket.com/media/uploads/p/mm/40175226_1-morning-fresh-natural-hangover-liver-detox-drink-strawberry.jpg", "combo": []}, {"product_id": "1604830024_41284", "category": "Beverages", "sub_category_name": "Energy & Soft Drinks", "product_name": "Natural Hangover & Liver Detox Drink - Cinnamon", "product_brand": "Morning Fresh", "img_src": "https://www.bigbasket.com/media/uploads/p/mm/40175227_2-morning-fresh-natural-hangover-liver-detox-drink-cinnamon.jpg", "combo": []}, {"product_id": "1604830024_2084", "category": "Beverages", "sub_category_name": "Energy & Soft Drinks", "product_name": "Natural Hangover & Liver Detox Drink - Cola", "product_brand": "Morning Fresh", "img_src": "https://www.bigbasket.com/media/uploads/p/mm/40175224_1-morning-fresh-natural-hangover-liver-detox-drink-cola.jpg", "combo": []}, {"product_id": "1604830025_81444", "category": "Beverages", "sub_category_name": "Energy & Soft Drinks", "product_name": "0.0% Non Alcohol Beer- Zero Dot Zero", "product_brand": "Heineken", "img_src": "https://www.bigbasket.com/media/uploads/p/mm/40176701_2-heineken-00-non-alcohol-beer-zero-dot-zero.jpg", "combo": []}, {"product_id": "1604830026_67524", "category": "Beverages", "sub_category_name": "Energy & Soft Drinks", "product_name": "Radler Non Alcoholic Malt Drink Lemon + Ginger & Lime + Mint & Lime (300ml Each)", "product_brand": "Kingfisher", "img_src": "https://www.bigbasket.com/media/uploads/p/mm/1211768_2-kingfisher-radler-non-alcoholic-malt-drink-lemon-ginger-lime-mint-lime-300ml-each.jpg", "combo": []}, {"product_id": "1604830027_23044", "category": "Beverages", "sub_category_name": "Energy & Soft Drinks", "product_name": "Coca Cola Soft Drink Original Taste 750 ml +Limca Soft Drink Lemon & Lime 750 ml", "product_brand": "bb Combo", "img_src": "https://www.bigbasket.com/media/uploads/p/mm/1212306_1-bb-combo-coca-cola-soft-drink-original-taste-750-ml-limca-soft-drink-lemon-lime-750-ml.jpg", "combo": []}, {"product_id": "1604830028_74244", "category": "Beverages", "sub_category_name": "Energy & Soft Drinks", "product_name": "Thums Up Soft Drink 750 ml + Sprite Soft Drink - Lime Flavoured 750 ml", "product_brand": "bb Combo", "img_src": "https://www.bigbasket.com/media/uploads/p/mm/1212307_1-bb-combo-thums-up-soft-drink-750-ml-sprite-soft-drink-lime-flavoured-750-ml.jpg", "combo": []}, {"product_id": "1604830029_51844", "category": "Beverages", "sub_category_name": "Energy & Soft Drinks", "product_name": "Water", "product_brand": "Perrier", "img_src": "https://www.bigbasket.com/media/uploads/p/mm/40067418_2-perrier-water.jpg", "combo": []}, {"product_id": "1604830029_67044", "category": "Beverages", "sub_category_name": "Energy & Soft Drinks", "product_name": "Classic Lemon Ice Tea", "product_brand": "Brewhouse Tea Brewing Co.", "img_src": "https://www.bigbasket.com/media/uploads/p/mm/1210010_1-brewhouse-tea-brewing-co-classic-lemon-ice-tea.jpg", "combo": [["2x350 ml", "120.00"], ["350 ml", "60.00"], ["4x350 ml", "240.00"]]}, {"product_id": "1604830030_37124", "category": "Beverages", "sub_category_name": "Energy & Soft Drinks", "product_name": "Hot Chocolate - Mexican Spiced, Blend", "product_brand": "Cocosutra", "img_src": "https://www.bigbasket.com/media/uploads/p/mm/40018006_8-cocosutra-hot-chocolate-mexican-spiced-blend.jpg", "combo": []}, {"product_id": "1604830031_8164", "category": "Beverages", "sub_category_name": "Energy & Soft Drinks", "product_name": "Water Glass Bottle", "product_brand": "Perrier", "img_src": "https://www.bigbasket.com/media/uploads/p/mm/40022933_7-perrier-water-glass-bottle.jpg", "combo": []}, {"product_id": "1604830031_11364", "category": "Beverages", "sub_category_name": "Energy & Soft Drinks", "product_name": "Hot Chocolate - Swiss Vanilla, Blend", "product_brand": "Cocosutra", "img_src": "https://www.bigbasket.com/media/uploads/p/mm/40018005_4-cocosutra-hot-chocolate-swiss-vanilla-blend.jpg", "combo": []}, {"product_id": "1604830032_55204", "category": "Beverages", "sub_category_name": "Energy & Soft Drinks", "product_name": "Energy Drink - Yellow Edition", "product_brand": "Red Bull", "img_src": "https://www.bigbasket.com/media/uploads/p/mm/40195765_2-red-bull-energy-drink-yellow-edition.jpg", "combo": [["4x250 ml", "414.00"], ["250 ml", "115.00"]]}, {"product_id": "1604830033_75364", "category": "Beverages", "sub_category_name": "Energy & Soft Drinks", "product_name": "FrutORS - Orange", "product_brand": "Real", "img_src": "https://www.bigbasket.com/media/uploads/p/mm/40198737_2-real-frutors-orange.jpg", "combo": []}, {"product_id": "1604830034_42564", "category": "Beverages", "sub_category_name": "Energy & Soft Drinks", "product_name": "FrutORS - Apple", "product_brand": "Real", "img_src": "https://www.bigbasket.com/media/uploads/p/mm/40198738_2-real-frutors-apple.jpg", "combo": []}, {"product_id": "1604830034_45764", "category": "Beverages", "sub_category_name": "Energy & Soft Drinks", "product_name": "Limonata - Limey Minty Cooler", "product_brand": "Bisleri", "img_src": "https://www.bigbasket.com/media/uploads/p/mm/40097836_2-bisleri-limonata-limey-minty-cooler.jpg", "combo": []}, {"product_id": "1604830035_82084", "category": "Beverages", "sub_category_name": "Energy & Soft Drinks", "product_name": "Soft Drink - Orange", "product_brand": "Mirinda", "img_src": "https://www.bigbasket.com/media/uploads/p/mm/292395_8-mirinda-soft-drink-orange.jpg", "combo": [["4x250 ml", "100.00"], ["250 ml", "25.00"], ["6X250 ml", "124.50"]]}, {"product_id": "1604830036_69764", "category": "Beverages", "sub_category_name": "Energy & Soft Drinks", "product_name": "Non-Alcoholic Beer", "product_brand": "Budweiser 0.0", "img_src": "https://www.bigbasket.com/media/uploads/p/mm/40174620_2-budweiser-00-non-alcoholic-beer.jpg", "combo": []}, {"product_id": "1604830036_59844", "category": "Beverages", "sub_category_name": "Energy & Soft Drinks", "product_name": "Cosmopolitan - Cranberry & Orange", "product_brand": "&Stirred", "img_src": "https://www.bigbasket.com/media/uploads/p/mm/40120053_4-stirred-cosmopolitan-cranberry-orange.jpg", "combo": [["3x125 ml", "150.00"], ["6x125 ml", "300.00"], ["125 ml", "50.00"]]}, {"product_id": "1604830037_87684", "category": "Beverages", "sub_category_name": "Energy & Soft Drinks", "product_name": "Margarita - Lemon & Lime", "product_brand": "&Stirred", "img_src": "https://www.bigbasket.com/media/uploads/p/mm/40120051_4-stirred-margarita-lemon-lime.jpg", "combo": [["3x125 ml", "150.00"], ["6x125 ml", "300.00"], ["125 ml", "50.00"]]}, {"product_id": "1604830038_58884", "category": "Beverages", "sub_category_name": "Energy & Soft Drinks", "product_name": "Kamikaze Shots", "product_brand": "&Stirred", "img_src": "https://www.bigbasket.com/media/uploads/p/mm/40183642_4-stirred-kamikaze-shots.jpg", "combo": [["2x250 ml", "250.00"], ["4x250 ml", "500.00"], ["250 ml", "125.00"]]}, {"product_id": "1604830039_20644", "category": "Beverages", "sub_category_name": "Energy & Soft Drinks", "product_name": "Bloody Mary - Tomato & Pepper", "product_brand": "&Stirred", "img_src": "https://www.bigbasket.com/media/uploads/p/mm/1208780_1-stirred-bloody-mary-tomato-pepper.jpg", "combo": [["3x125 ml", "150.00"], ["125 ml", "50.00"], ["6x125 ml", "300.00"]]}, {"product_id": "1604830040_35844", "category": "Beverages", "sub_category_name": "Energy & Soft Drinks", "product_name": "Pina Colada", "product_brand": "&Stirred", "img_src": "https://www.bigbasket.com/media/uploads/p/mm/40183643_4-stirred-pina-colada.jpg", "combo": [["150 ml", "60.00"], ["3x150 ml", "180.00"]]}, {"product_id": "1604830041_92804", "category": "Beverages", "sub_category_name": "Energy & Soft Drinks", "product_name": "Soft Drink", "product_brand": "Fanta", "img_src": "https://www.bigbasket.com/media/uploads/p/mm/40032981_5-fanta-soft-drink.jpg", "combo": [["2x1.75 L", "170.00"], ["12x1.75 L", "969.00"], ["6x1.75 L", "484.50"], ["1.75 L", "85.00"], ["24x1.75 L", "1938.00"]]}, {"product_id": "1604830042_35524", "category": "Beverages", "sub_category_name": "Energy & Soft Drinks", "product_name": "Radler - Non Alcoholic Malt Drink, Lemon", "product_brand": "Kingfisher", "img_src": "https://www.bigbasket.com/media/uploads/p/mm/40147698_2-kingfisher-radler-non-alcoholic-malt-drink-lemon.jpg", "combo": []}, {"product_id": "1604830042_7844", "category": "Beverages", "sub_category_name": "Energy & Soft Drinks", "product_name": "Spcyi - Masala Maar Ke", "product_brand": "Bisleri", "img_src": "https://www.bigbasket.com/media/uploads/p/mm/40083730_3-bisleri-spcyi-masala-maar-ke.jpg", "combo": []}, {"product_id": "1604830043_28964", "category": "Beverages", "sub_category_name": "Energy & Soft Drinks", "product_name": "Ultra Energy Drink - Zero Sugar", "product_brand": "Monster", "img_src": "https://www.bigbasket.com/media/uploads/p/mm/40182989_4-monster-ultra-energy-drink-zero-sugar.jpg", "combo": []}, {"product_id": "1604830044_87364", "category": "Beverages", "sub_category_name": "Energy & Soft Drinks", "product_name": "Organic Classic Lemon Ice Tea", "product_brand": "Brewhouse Tea Brewing Co.", "img_src": "https://www.bigbasket.com/media/uploads/p/mm/40190113_1-brewhouse-tea-brewing-co-organic-classic-lemon-ice-tea.jpg", "combo": [["300 ml", "34.00"], ["4x300 ml", "136.00"]]}, {"product_id": "1604830045_65444", "category": "Beverages", "sub_category_name": "Energy & Soft Drinks", "product_name": "Organic Mojito Lime Ice Tea", "product_brand": "Brewhouse Tea Brewing Co.", "img_src": "https://www.bigbasket.com/media/uploads/p/mm/40190117_1-brewhouse-tea-brewing-co-organic-mojito-lime-ice-tea.jpg", "combo": [["4x300 ml", "160.00"], ["300 ml", "40.00"]]}, {"product_id": "1604830045_8964", "category": "Beverages", "sub_category_name": "Energy & Soft Drinks", "product_name": "Organic Blueberry Ice Tea", "product_brand": "Brewhouse Tea Brewing Co.", "img_src": "https://www.bigbasket.com/media/uploads/p/mm/40190116_1-brewhouse-tea-brewing-co-organic-blueberry-ice-tea.jpg", "combo": [["4x300 ml", "160.00"], ["300 ml", "40.00"]]}, {"product_id": "1604830048_36164", "category": "Beverages", "sub_category_name": "Energy & Soft Drinks", "product_name": "Organic Forest Berry Ice Tea", "product_brand": "Brewhouse Tea Brewing Co.", "img_src": "https://www.bigbasket.com/media/uploads/p/mm/40190115_1-brewhouse-tea-brewing-co-organic-forest-berry-ice-tea.jpg", "combo": [["300 ml", "40.00"], ["4x300 ml", "160.00"]]}]