[{"product_id": "1604851237_89444", "category": "Gourmet & World Food", "sub_category_name": "Oils & Vinegar", "product_name": "Extra Virgin Olive Oil", "product_brand": "BORGES", "img_src": "https://www.bigbasket.com/media/uploads/p/s/40006250_7-borges-extra-virgin-olive-oil.jpg", "combo": [["1 L", "626.00"], ["250 ml", "299.00"], ["500 ml", "498.98"]]}, {"product_id": "1604851238_50564", "category": "Gourmet & World Food", "sub_category_name": "Oils & Vinegar", "product_name": "Olive Oil - Extra Virgin", "product_brand": "Disano", "img_src": "https://www.bigbasket.com/media/uploads/p/s/40016673_10-disano-olive-oil-extra-virgin.jpg", "combo": [["2x500 ml", "697.95"], ["500 ml", "348.98"], ["5 L", "3148.77"], ["2x1 L", "1358.00"], ["1 L", "679.00"]]}, {"product_id": "1604851239_67364", "category": "Gourmet & World Food", "sub_category_name": "Oils & Vinegar", "product_name": "Olive Oil - Pure", "product_brand": "Figaro", "img_src": "https://www.bigbasket.com/media/uploads/p/s/40124588_5-figaro-olive-oil-pure.jpg", "combo": [["5 L", "3098.83"], ["1 lt", "739.00"], ["2 L", "1399.00"], ["500 ml", "459.00"], ["200 ml", "239.00"]]}, {"product_id": "1604851240_40484", "category": "Gourmet & World Food", "sub_category_name": "Oils & Vinegar", "product_name": "Organic Unfiltered Apple Cider Vinegar with the Mother", "product_brand": "BORGES", "img_src": "https://www.bigbasket.com/media/uploads/p/s/40114032_4-borges-organic-unfiltered-apple-cider-vinegar-with-the-mother.jpg", "combo": []}, {"product_id": "1604851240_60484", "category": "Gourmet & World Food", "sub_category_name": "Oils & Vinegar", "product_name": "Natural Vinegar - White", "product_brand": "American Garden", "img_src": "https://www.bigbasket.com/media/uploads/p/s/1204177_1-american-garden-natural-vinegar-white.jpg", "combo": [["473 ml", "165.00"], ["2x473 ml", "330.00"]]}, {"product_id": "1604851241_60644", "category": "Gourmet & World Food", "sub_category_name": "Oils & Vinegar", "product_name": "Olive Oil - Extra Light", "product_brand": "Disano", "img_src": "https://www.bigbasket.com/media/uploads/p/s/1204207_1-disano-olive-oil-extra-light.jpg", "combo": [["500 ml", "299.02"], ["2x500 ml", "598.05"], ["2x1 L", "1098.00"]]}, {"product_id": "1604851242_4004", "category": "Gourmet & World Food", "sub_category_name": "Oils & Vinegar", "product_name": "Happy Chef Pasta- Penne Rigate 500g +Sauce - Arrabiata 270g +Borges Olive Oil 1L", "product_brand": "bb Combo", "img_src": "https://www.bigbasket.com/media/uploads/p/s/1202693_1-bb-combo-happy-chef-pasta-penne-rigate-500g-sauce-arrabiata-270g-borges-olive-oil-1l.jpg", "combo": []}, {"product_id": "1604851242_8004", "category": "Gourmet & World Food", "sub_category_name": "Oils & Vinegar", "product_name": "Vinegar - Apple Cider", "product_brand": "American Garden", "img_src": "https://www.bigbasket.com/media/uploads/p/s/205988_7-american-garden-vinegar-apple-cider.jpg", "combo": [["2x473 ml", "370.00"], ["473 ml", "185.00"]]}, {"product_id": "1604851243_70564", "category": "Gourmet & World Food", "sub_category_name": "Oils & Vinegar", "product_name": "Extra Light Olive Oil", "product_brand": "Bertolli", "img_src": "https://www.bigbasket.com/media/uploads/p/s/40011507_7-bertolli-extra-light-olive-oil.jpg", "combo": [["1 lt", "498.94"], ["2 lt", "998.97"]]}, {"product_id": "1604851245_59684", "category": "Gourmet & World Food", "sub_category_name": "Oils & Vinegar", "product_name": "Organic - Apple Cider Vinegar", "product_brand": "Bragg", "img_src": "https://www.bigbasket.com/media/uploads/p/s/40044839_4-bragg-organic-apple-cider-vinegar.jpg", "combo": [["946 ml", "980.00"], ["2x473 ml", "1280.00"], ["2x946 ml", "1960.00"], ["473 ml", "640.00"]]}, {"product_id": "1604851246_1124", "category": "Gourmet & World Food", "sub_category_name": "Oils & Vinegar", "product_name": "Olive Oil - Pure", "product_brand": "Disano", "img_src": "https://www.bigbasket.com/media/uploads/p/s/40016669_6-disano-olive-oil-pure.jpg", "combo": [["500 ml", "359.03"], ["2x1 L", "1250.00"], ["250 ml", "199.00"], ["5 L", "2849.10"], ["1 L", "625.00"]]}, {"product_id": "1604851247_62244", "category": "Gourmet & World Food", "sub_category_name": "Oils & Vinegar", "product_name": "Olive Oil - Extra Light", "product_brand": "Disano", "img_src": "https://www.bigbasket.com/media/uploads/p/s/1204207_1-disano-olive-oil-extra-light.jpg", "combo": [["500 ml", "299.02"], ["2x500 ml", "598.05"], ["2x1 L", "1098.00"]]}, {"product_id": "1604851248_96164", "category": "Gourmet & World Food", "sub_category_name": "Oils & Vinegar", "product_name": "Extra Virgin Olive Oil", "product_brand": "BORGES", "img_src": "https://www.bigbasket.com/media/uploads/p/s/40171617_6-borges-extra-virgin-olive-oil.jpg", "combo": []}, {"product_id": "1604851249_45924", "category": "Gourmet & World Food", "sub_category_name": "Oils & Vinegar", "product_name": "Canola Oil", "product_brand": "BORGES", "img_src": "https://www.bigbasket.com/media/uploads/p/s/40023115_2-borges-canola-oil.jpg", "combo": [["1 L", "219.01"], ["5 L", "999.04"]]}, {"product_id": "1604851250_50724", "category": "Gourmet & World Food", "sub_category_name": "Oils & Vinegar", "product_name": "Extra Virgin Olive Oil", "product_brand": "Figaro", "img_src": "https://www.bigbasket.com/media/uploads/p/s/100140877_8-figaro-extra-virgin-olive-oil.jpg", "combo": []}, {"product_id": "1604851250_77604", "category": "Gourmet & World Food", "sub_category_name": "Oils & Vinegar", "product_name": "Pomace Olive Oil - For All Types Of Cooking", "product_brand": "Oleev", "img_src": "https://www.bigbasket.com/media/uploads/p/s/40009400_14-oleev-pomace-olive-oil-for-all-types-of-cooking.jpg", "combo": []}, {"product_id": "1604851251_71364", "category": "Gourmet & World Food", "sub_category_name": "Oils & Vinegar", "product_name": "Oil - Canola", "product_brand": "Disano", "img_src": "https://www.bigbasket.com/media/uploads/p/s/40128165_4-disano-oil-canola.jpg", "combo": [["5 L", "759.06"], ["1 L", "181.81"]]}, {"product_id": "1604851252_19684", "category": "Gourmet & World Food", "sub_category_name": "Oils & Vinegar", "product_name": "Extra Virgin Olive Oil", "product_brand": "Figaro", "img_src": "https://www.bigbasket.com/media/uploads/p/s/40011512_3-figaro-extra-virgin-olive-oil.jpg", "combo": [["250 ml", "208.99"], ["1 L", "698.96"]]}, {"product_id": "1604851253_70724", "category": "Gourmet & World Food", "sub_category_name": "Oils & Vinegar", "product_name": "Apple Cider Vinegar With Mother", "product_brand": "GoodDiet", "img_src": "https://www.bigbasket.com/media/uploads/p/s/40176348_14-gooddiet-apple-cider-vinegar-with-mother.jpg", "combo": []}, {"product_id": "1604851254_87844", "category": "Gourmet & World Food", "sub_category_name": "Oils & Vinegar", "product_name": "Pure Olive Oil", "product_brand": "Figaro", "img_src": "https://www.bigbasket.com/media/uploads/p/s/40011516_4-figaro-pure-olive-oil.jpg", "combo": []}, {"product_id": "1604851254_1444", "category": "Gourmet & World Food", "sub_category_name": "Oils & Vinegar", "product_name": "Olive Oil - Pomace", "product_brand": "Disano", "img_src": "https://www.bigbasket.com/media/uploads/p/mm/40037989_17-disano-olive-oil-pomace.jpg", "combo": [["5 L", "1699.11"], ["5L (4.58 kg)", "1398.81"], ["2x1 L", "678.02"], ["1 L", "339.01"]]}, {"product_id": "1604851255_47204", "category": "Gourmet & World Food", "sub_category_name": "Oils & Vinegar", "product_name": "Organic Apple Cider Vinegar With Mother", "product_brand": "GoodDiet", "img_src": "https://www.bigbasket.com/media/uploads/p/mm/40176347_14-gooddiet-organic-apple-cider-vinegar-with-mother.jpg", "combo": []}, {"product_id": "1604851256_52164", "category": "Gourmet & World Food", "sub_category_name": "Oils & Vinegar", "product_name": "Apple Cider Vinegar - Filtered", "product_brand": "GoodDiet", "img_src": "https://www.bigbasket.com/media/uploads/p/mm/40176350_15-gooddiet-apple-cider-vinegar-filtered.jpg", "combo": []}, {"product_id": "1604851257_22084", "category": "Gourmet & World Food", "sub_category_name": "Oils & Vinegar", "product_name": "Olive Oil - Pure", "product_brand": "Disano", "img_src": "https://www.bigbasket.com/media/uploads/p/mm/1204175_1-disano-olive-oil-pure.jpg", "combo": []}, {"product_id": "1604851258_64644", "category": "Gourmet & World Food", "sub_category_name": "Oils & Vinegar", "product_name": "Olive Oil - Pomace", "product_brand": "Cesar", "img_src": "https://www.bigbasket.com/media/uploads/p/mm/40018238_4-cesar-olive-oil-pomace.jpg", "combo": [["5 L", "1449.08"], ["1 L", "298.97"]]}, {"product_id": "1604851259_52324", "category": "Gourmet & World Food", "sub_category_name": "Oils & Vinegar", "product_name": "Bragg Organic Apple Cider Vinegar 473ml + BBRoyal Organic Turmeric Powder 100G", "product_brand": "bb Combo", "img_src": "https://www.bigbasket.com/media/uploads/p/mm/1203326_1-bb-combo-bragg-organic-apple-cider-vinegar-473ml-bbroyal-organic-turmeric-powder-100g.jpg", "combo": []}, {"product_id": "1604851259_46244", "category": "Gourmet & World Food", "sub_category_name": "Oils & Vinegar", "product_name": "Bragg Organic Apple Cider Vinegar 946ml + BBRoyal Organic Turmeric Powder 100G", "product_brand": "bb Combo", "img_src": "https://www.bigbasket.com/media/uploads/p/mm/1203328_1-bb-combo-bragg-organic-apple-cider-vinegar-946ml-bbroyal-organic-turmeric-powder-100g.jpg", "combo": []}, {"product_id": "1604851260_53604", "category": "Gourmet & World Food", "sub_category_name": "Oils & Vinegar", "product_name": "Organic Cold Pressed Virgin Coconut Oil", "product_brand": "GoodDiet", "img_src": "https://www.bigbasket.com/media/uploads/p/mm/40179105_10-gooddiet-organic-cold-pressed-virgin-coconut-oil.jpg", "combo": []}, {"product_id": "1604851260_28484", "category": "Gourmet & World Food", "sub_category_name": "Oils & Vinegar", "product_name": "Extra Virgin Olive Oil", "product_brand": "Abbies", "img_src": "https://www.bigbasket.com/media/uploads/p/mm/40193395_1-abbies-extra-virgin-olive-oil.jpg", "combo": []}, {"product_id": "1604851261_19844", "category": "Gourmet & World Food", "sub_category_name": "Oils & Vinegar", "product_name": "Eco-Natura - Organic Apple Cider Vinegar With The Mother", "product_brand": "BORGES", "img_src": "https://www.bigbasket.com/media/uploads/p/mm/40186487_1-borges-eco-natura-organic-apple-cider-vinegar-with-the-mother.jpg", "combo": []}, {"product_id": "1604851262_7364", "category": "Gourmet & World Food", "sub_category_name": "Oils & Vinegar", "product_name": "Eco-Natura - Organic Apple Cider Vinegar With The Mother", "product_brand": "BORGES", "img_src": "https://www.bigbasket.com/media/uploads/p/mm/40186488_1-borges-eco-natura-organic-apple-cider-vinegar-with-the-mother.jpg", "combo": []}, {"product_id": "1604851262_6244", "category": "Gourmet & World Food", "sub_category_name": "Oils & Vinegar", "product_name": "Olive oil - Extra Light", "product_brand": "La Espanola", "img_src": "https://www.bigbasket.com/media/uploads/p/mm/40200658_2-la-espanola-olive-oil-extra-light.jpg", "combo": [["2 L", "995.00"], ["1 L", "645.00"]]}, {"product_id": "1604851263_27044", "category": "Gourmet & World Food", "sub_category_name": "Oils & Vinegar", "product_name": "Pomace Olive Oil", "product_brand": "La Espanola", "img_src": "https://www.bigbasket.com/media/uploads/p/mm/40200655_1-la-espanola-pomace-olive-oil.jpg", "combo": [["5 L", "1785.00"], ["1 L", "395.00"]]}, {"product_id": "1604851264_40964", "category": "Gourmet & World Food", "sub_category_name": "Oils & Vinegar", "product_name": "Olive Oil - Classic (Pure)", "product_brand": "La Espanola", "img_src": "https://www.bigbasket.com/media/uploads/p/mm/40200659_1-la-espanola-olive-oil-classic-pure.jpg", "combo": []}, {"product_id": "1604851265_40164", "category": "Gourmet & World Food", "sub_category_name": "Oils & Vinegar", "product_name": "Extra Virgin Olive Oil", "product_brand": "BORGES", "img_src": "https://www.bigbasket.com/media/uploads/p/mm/1212201_1-borges-extra-virgin-olive-oil.jpg", "combo": [["2 x 2L", "2497.94"], ["2 L", "1298.97"]]}, {"product_id": "1604851266_21924", "category": "Gourmet & World Food", "sub_category_name": "Oils & Vinegar", "product_name": "Olive Pomace Oil", "product_brand": "Leonardo", "img_src": "https://www.bigbasket.com/media/uploads/p/mm/100550847_12-leonardo-olive-pomace-oil.jpg", "combo": [["1 L", "456.00"], ["5 L", "1813.00"]]}, {"product_id": "1604851266_72644", "category": "Gourmet & World Food", "sub_category_name": "Oils & Vinegar", "product_name": "Disano Pasta Fusilli 500G + Olive Oil Pure 500ml + Happy Chef Pasta Sauce 270G", "product_brand": "bb Combo", "img_src": "https://www.bigbasket.com/media/uploads/p/mm/1203218_1-bb-combo-disano-pasta-fusilli-500g-olive-oil-pure-500ml-happy-chef-pasta-sauce-270g.jpg", "combo": []}, {"product_id": "1604851267_57924", "category": "Gourmet & World Food", "sub_category_name": "Oils & Vinegar", "product_name": "Bragg Organic - Apple Cider Vinegar, 16 Oz 473ml + Dabur Honey 50gm", "product_brand": "bb Combo", "img_src": "https://www.bigbasket.com/media/uploads/p/mm/1203324_1-bb-combo-bragg-organic-apple-cider-vinegar-16-oz-473ml-dabur-honey-50gm.jpg", "combo": []}, {"product_id": "1604851268_35684", "category": "Gourmet & World Food", "sub_category_name": "Oils & Vinegar", "product_name": "Bragg Organic - Apple Cider Vinegar, 16Oz 473ml + Real Fruit Power Grape 1L", "product_brand": "bb Combo", "img_src": "https://www.bigbasket.com/media/uploads/p/mm/1203230_1-bb-combo-bragg-organic-apple-cider-vinegar-16oz-473ml-real-fruit-power-grape-1l.jpg", "combo": []}, {"product_id": "1604851269_28004", "category": "Gourmet & World Food", "sub_category_name": "Oils & Vinegar", "product_name": "Organic Castor Oil - Healthier Hair & Skin", "product_brand": "Kapiva Ayurveda", "img_src": "https://www.bigbasket.com/media/uploads/p/mm/40196292_1-kapiva-ayurveda-organic-castor-oil-healthier-hair-skin.jpg", "combo": []}, {"product_id": "1604851270_53284", "category": "Gourmet & World Food", "sub_category_name": "Oils & Vinegar", "product_name": "Pomace Olive Oil - For All Types Of Cooking", "product_brand": "Oleev", "img_src": "https://www.bigbasket.com/media/uploads/p/mm/40007329_12-oleev-pomace-olive-oil-for-all-types-of-cooking.jpg", "combo": []}, {"product_id": "1604851271_26724", "category": "Gourmet & World Food", "sub_category_name": "Oils & Vinegar", "product_name": "Organic Cold Pressed Coconut Oil", "product_brand": "GoodDiet", "img_src": "https://www.bigbasket.com/media/uploads/p/mm/40179106_13-gooddiet-organic-cold-pressed-coconut-oil.jpg", "combo": []}, {"product_id": "1604851271_24004", "category": "Gourmet & World Food", "sub_category_name": "Oils & Vinegar", "product_name": "Organic Cold Pressed Coconut Oil", "product_brand": "GoodDiet", "img_src": "https://www.bigbasket.com/media/uploads/p/mm/40122487_14-gooddiet-organic-cold-pressed-coconut-oil.jpg", "combo": []}, {"product_id": "1604851272_29444", "category": "Gourmet & World Food", "sub_category_name": "Oils & Vinegar", "product_name": "Organic Cold Pressed Virgin Coconut Oil", "product_brand": "GoodDiet", "img_src": "https://www.bigbasket.com/media/uploads/p/mm/40179104_11-gooddiet-organic-cold-pressed-virgin-coconut-oil.jpg", "combo": []}, {"product_id": "1604851272_58404", "category": "Gourmet & World Food", "sub_category_name": "Oils & Vinegar", "product_name": "Canola Oil - For All Types Of Cooking", "product_brand": "Miller", "img_src": "https://www.bigbasket.com/media/uploads/p/mm/40068185_12-miller-canola-oil-for-all-types-of-cooking.jpg", "combo": [["1 L", "199.00"], ["5 L", "1009.00"]]}, {"product_id": "1604851273_33444", "category": "Gourmet & World Food", "sub_category_name": "Oils & Vinegar", "product_name": "Olive Oil - Pomace", "product_brand": "Disano", "img_src": "https://www.bigbasket.com/media/uploads/p/mm/1204229_1-disano-olive-oil-pomace.jpg", "combo": [["500 ml", "198.99"], ["2x500 ml", "397.98"]]}, {"product_id": "1604851274_61124", "category": "Gourmet & World Food", "sub_category_name": "Oils & Vinegar", "product_name": "Canola Oil", "product_brand": "Hudson", "img_src": "https://www.bigbasket.com/media/uploads/p/mm/212711_14-hudson-canola-oil.jpg", "combo": []}, {"product_id": "1604851275_60004", "category": "Gourmet & World Food", "sub_category_name": "Oils & Vinegar", "product_name": "Olive Oil - Extra Virgin", "product_brand": "Del Monte", "img_src": "https://www.bigbasket.com/media/uploads/p/mm/40041182_2-del-monte-olive-oil-extra-virgin.jpg", "combo": [["2x1 L", "1398.00"], ["2x500 ml", "798.00"], ["1 L", "699.00"], ["500 ml", "399.00"]]}, {"product_id": "1604851276_86244", "category": "Gourmet & World Food", "sub_category_name": "Oils & Vinegar", "product_name": "Apple Cider Vinegar", "product_brand": "Kapiva Ayurveda", "img_src": "https://www.bigbasket.com/media/uploads/p/mm/40131661_5-kapiva-ayurveda-apple-cider-vinegar.jpg", "combo": []}, {"product_id": "1604851276_83524", "category": "Gourmet & World Food", "sub_category_name": "Oils & Vinegar", "product_name": "Extra Light Olive Oil - Frying, Sauteing & Grilling", "product_brand": "Oleev", "img_src": "https://www.bigbasket.com/media/uploads/p/mm/40168573_5-oleev-extra-light-olive-oil-frying-sauteing-grilling.jpg", "combo": [["1 L", "699.00"], ["500 ml", "349.00"], ["2 L", "899.00"]]}, {"product_id": "1604851277_14724", "category": "Gourmet & World Food", "sub_category_name": "Oils & Vinegar", "product_name": "Olive Oil - Pomace", "product_brand": "Del Monte", "img_src": "https://www.bigbasket.com/media/uploads/p/mm/1204838_1-del-monte-olive-oil-pomace.jpg", "combo": [["1 L", "389.00"], ["5 L", "1799.00"], ["2x1 L", "778.00"]]}, {"product_id": "1604851278_9764", "category": "Gourmet & World Food", "sub_category_name": "Oils & Vinegar", "product_name": "Apple Cider Vinegar With Mother Vinegar", "product_brand": "Disano", "img_src": "https://www.bigbasket.com/media/uploads/p/mm/40159677_1-disano-apple-cider-vinegar-with-mother-vinegar.jpg", "combo": []}, {"product_id": "1604851278_644", "category": "Gourmet & World Food", "sub_category_name": "Oils & Vinegar", "product_name": "Organic Apple Cider Vinegar With The Mother", "product_brand": "Kapiva Ayurveda", "img_src": "https://www.bigbasket.com/media/uploads/p/mm/40189354_2-kapiva-ayurveda-organic-apple-cider-vinegar-with-the-mother.jpg", "combo": []}, {"product_id": "1604851279_77444", "category": "Gourmet & World Food", "sub_category_name": "Oils & Vinegar", "product_name": "Olive Oil - Extra Virgin", "product_brand": "Allegro", "img_src": "https://www.bigbasket.com/media/uploads/p/mm/40117982_7-allegro-olive-oil-extra-virgin.jpg", "combo": [["250 ml", "204.00"], ["500 ml", "369.00"], ["1 L", "663.00"]]}, {"product_id": "1604851280_50084", "category": "Gourmet & World Food", "sub_category_name": "Oils & Vinegar", "product_name": "Olive Oil - Extra Virgin", "product_brand": "Del Monte", "img_src": "https://www.bigbasket.com/media/uploads/p/mm/1204846_1-del-monte-olive-oil-extra-virgin.jpg", "combo": [["250 ml", "225.00"], ["2x250 ml", "450.00"]]}, {"product_id": "1604851281_3204", "category": "Gourmet & World Food", "sub_category_name": "Oils & Vinegar", "product_name": "Olive Oil - Light", "product_brand": "Del Monte", "img_src": "https://www.bigbasket.com/media/uploads/p/mm/40041187_5-del-monte-olive-oil-light.jpg", "combo": [["2x2 L", "1978.00"], ["1 L", "625.00"], ["2 L", "989.00"], ["5 L", "2599.00"], ["2x1 L", "1250.00"]]}, {"product_id": "1604851282_30724", "category": "Gourmet & World Food", "sub_category_name": "Oils & Vinegar", "product_name": "Extra Virgin Olive Oil - Garnishing & Salad Dressing", "product_brand": "Oleev", "img_src": "https://www.bigbasket.com/media/uploads/p/mm/40007333_10-oleev-extra-virgin-olive-oil-garnishing-salad-dressing.jpg", "combo": [["500 ml", "349.00"], ["1 L", "699.00"]]}, {"product_id": "1604851283_11044", "category": "Gourmet & World Food", "sub_category_name": "Oils & Vinegar", "product_name": "Olive Oil", "product_brand": "Colavita", "img_src": "https://www.bigbasket.com/media/uploads/p/mm/40051075_1-colavita-olive-oil.jpg", "combo": [["250 ml", "395.00"], ["500 ml", "695.00"], ["750 ml", "995.00"]]}, {"product_id": "1604851284_18084", "category": "Gourmet & World Food", "sub_category_name": "Oils & Vinegar", "product_name": "Olive Oil - Pure, Classic", "product_brand": "BORGES", "img_src": "https://www.bigbasket.com/media/uploads/p/mm/267276_11-borges-olive-oil-pure-classic.jpg", "combo": []}, {"product_id": "1604851286_71364", "category": "Gourmet & World Food", "sub_category_name": "Oils & Vinegar", "product_name": "Raw Unrefined Apple Cider Vinegar with Honey", "product_brand": "By Nature", "img_src": "https://www.bigbasket.com/media/uploads/p/mm/40072323_8-by-nature-raw-unrefined-apple-cider-vinegar-with-honey.jpg", "combo": []}, {"product_id": "1604851287_93604", "category": "Gourmet & World Food", "sub_category_name": "Oils & Vinegar", "product_name": "Aura Refined Olive & Flaxseed Oil", "product_brand": "Saffola", "img_src": "https://www.bigbasket.com/media/uploads/p/mm/40145469_3-saffola-aura-refined-olive-flaxseed-oil.jpg", "combo": []}, {"product_id": "1604851288_51204", "category": "Gourmet & World Food", "sub_category_name": "Oils & Vinegar", "product_name": "Apple Cider Vinegar With Mother & Honey", "product_brand": "GoodDiet", "img_src": "https://www.bigbasket.com/media/uploads/p/mm/40176349_14-gooddiet-apple-cider-vinegar-with-mother-honey.jpg", "combo": []}, {"product_id": "1604851289_59204", "category": "Gourmet & World Food", "sub_category_name": "Oils & Vinegar", "product_name": "Apple Cider Vinegar Filtered", "product_brand": "Disano", "img_src": "https://www.bigbasket.com/media/uploads/p/mm/40159676_1-disano-apple-cider-vinegar-filtered.jpg", "combo": []}, {"product_id": "1604851290_52004", "category": "Gourmet & World Food", "sub_category_name": "Oils & Vinegar", "product_name": "Aura Refined Olive & Flaxseed Oil", "product_brand": "Saffola", "img_src": "https://www.bigbasket.com/media/uploads/p/mm/40103127_10-saffola-aura-refined-olive-flaxseed-oil.jpg", "combo": []}, {"product_id": "1604851291_4644", "category": "Gourmet & World Food", "sub_category_name": "Oils & Vinegar", "product_name": "Olive Oil - Extra Virgin", "product_brand": "Pietro Coricelli", "img_src": "https://www.bigbasket.com/media/uploads/p/mm/40078842_2-pietro-coricelli-olive-oil-extra-virgin.jpg", "combo": [["1 L", "677.50"], ["5 L", "3103.75"]]}, {"product_id": "1604851292_43684", "category": "Gourmet & World Food", "sub_category_name": "Oils & Vinegar", "product_name": "Apple Cider Vinegar with Mother", "product_brand": "By Nature", "img_src": "https://www.bigbasket.com/media/uploads/p/mm/40040465_12-by-nature-apple-cider-vinegar-with-mother.jpg", "combo": []}, {"product_id": "1604851293_11684", "category": "Gourmet & World Food", "sub_category_name": "Oils & Vinegar", "product_name": "Olive Oil - Extra Virgin (Cold Production)", "product_brand": "Colavita", "img_src": "https://www.bigbasket.com/media/uploads/p/mm/40051078_1-colavita-olive-oil-extra-virgin-cold-production.jpg", "combo": []}, {"product_id": "1604851294_71524", "category": "Gourmet & World Food", "sub_category_name": "Oils & Vinegar", "product_name": "Olive Pomace Oil", "product_brand": "Abbies", "img_src": "https://www.bigbasket.com/media/uploads/p/mm/40166425_1-abbies-olive-pomace-oil.jpg", "combo": []}, {"product_id": "1604851295_52324", "category": "Gourmet & World Food", "sub_category_name": "Oils & Vinegar", "product_name": "Virgin Coconut Oil - Cold Pressed, Organic", "product_brand": "Coco Soul", "img_src": "https://www.bigbasket.com/media/uploads/p/mm/40145472_3-coco-soul-virgin-coconut-oil-cold-pressed-organic.jpg", "combo": []}, {"product_id": "1604851295_20964", "category": "Gourmet & World Food", "sub_category_name": "Oils & Vinegar", "product_name": "Cold Pressed Oil - Sunflower", "product_brand": "Organic Origins", "img_src": "https://www.bigbasket.com/media/uploads/p/mm/40128608_1-organic-origins-cold-pressed-oil-sunflower.jpg", "combo": []}, {"product_id": "1604851296_12164", "category": "Gourmet & World Food", "sub_category_name": "Oils & Vinegar", "product_name": "Vinegar - Apple Cider Vinegar + Garcinia", "product_brand": "Kapiva Ayurveda", "img_src": "https://www.bigbasket.com/media/uploads/p/mm/40139746_2-kapiva-ayurveda-vinegar-apple-cider-vinegar-garcinia.jpg", "combo": []}, {"product_id": "1604851296_69444", "category": "Gourmet & World Food", "sub_category_name": "Oils & Vinegar", "product_name": "Cooking Spray - Natural", "product_brand": "Spray Lite", "img_src": "https://www.bigbasket.com/media/uploads/p/mm/30006765_4-spray-lite-cooking-spray-natural.jpg", "combo": []}, {"product_id": "1604851297_52164", "category": "Gourmet & World Food", "sub_category_name": "Oils & Vinegar", "product_name": "Aura Extra Virgin Olive & Flaxseed Oil", "product_brand": "Saffola", "img_src": "https://www.bigbasket.com/media/uploads/p/mm/40103125_11-saffola-aura-extra-virgin-olive-flaxseed-oil.jpg", "combo": [["500 ml", "420.00"], ["1 L", "735.00"], ["250 ml", "231.00"]]}, {"product_id": "1604851298_68484", "category": "Gourmet & World Food", "sub_category_name": "Oils & Vinegar", "product_name": "Olive Oil - Extra Virgin", "product_brand": "Basso", "img_src": "https://www.bigbasket.com/media/uploads/p/mm/40001820_1-basso-olive-oil-extra-virgin.jpg", "combo": [["1 L", "1599.00"], ["250 ml", "549.00"], ["1 L", "697.16"]]}, {"product_id": "1604851299_65764", "category": "Gourmet & World Food", "sub_category_name": "Oils & Vinegar", "product_name": "Olive Oil - Extra Virgin", "product_brand": "Heracles", "img_src": "https://www.bigbasket.com/media/uploads/p/mm/40024390_4-heracles-olive-oil-extra-virgin.jpg", "combo": [["250 ml", "429.00"], ["1 L", "1449.00"]]}, {"product_id": "1604851299_66084", "category": "Gourmet & World Food", "sub_category_name": "Oils & Vinegar", "product_name": "Chilli Oregano Infused Oil", "product_brand": "Coco Soul", "img_src": "https://www.bigbasket.com/media/uploads/p/mm/40160079_2-coco-soul-chilli-oregano-infused-oil.jpg", "combo": []}, {"product_id": "1604851300_89924", "category": "Gourmet & World Food", "sub_category_name": "Oils & Vinegar", "product_name": "Organic Extra Virgin Coconut Oil", "product_brand": "Nutriorg", "img_src": "https://www.bigbasket.com/media/uploads/p/mm/40177135_5-nutriorg-organic-extra-virgin-coconut-oil.jpg", "combo": []}, {"product_id": "1604851301_10724", "category": "Gourmet & World Food", "sub_category_name": "Oils & Vinegar", "product_name": "Olive Oil - Pure", "product_brand": "Del Monte", "img_src": "https://www.bigbasket.com/media/uploads/p/mm/1204842_1-del-monte-olive-oil-pure.jpg", "combo": [["100 ml", "150.00"], ["200 ml", "200.00"], ["500 ml", "380.00"], ["2x100 ml", "300.00"], ["2x500 ml", "760.00"], ["2x200 ml", "400.00"]]}, {"product_id": "1604851302_13764", "category": "Gourmet & World Food", "sub_category_name": "Oils & Vinegar", "product_name": "Olive Pomace Oil", "product_brand": "Pietro Coricelli", "img_src": "https://www.bigbasket.com/media/uploads/p/mm/40002892_3-pietro-coricelli-olive-pomace-oil.jpg", "combo": [["1 L", "455.00"], ["5 L", "1875.00"]]}, {"product_id": "1604851302_54404", "category": "Gourmet & World Food", "sub_category_name": "Oils & Vinegar", "product_name": "Olive Oil - Pomace", "product_brand": "Basso", "img_src": "https://www.bigbasket.com/media/uploads/p/mm/40001821_2-basso-olive-oil-pomace.jpg", "combo": [["500 ml", "499.00"], ["1 L", "408.81"], ["250 ml", "179.30"]]}, {"product_id": "1604851303_29604", "category": "Gourmet & World Food", "sub_category_name": "Oils & Vinegar", "product_name": "Olive Oil - Refined Pomace Mild", "product_brand": "Basso", "img_src": "https://www.bigbasket.com/media/uploads/p/mm/40009633_1-basso-olive-oil-refined-pomace-mild.jpg", "combo": []}, {"product_id": "1604851304_96484", "category": "Gourmet & World Food", "sub_category_name": "Oils & Vinegar", "product_name": "100% Organic Pomace Olive oil", "product_brand": "Organic Origins", "img_src": "https://www.bigbasket.com/media/uploads/p/mm/40128625_4-organic-origins-100-organic-pomace-olive-oil.jpg", "combo": [["1 L", "891.00"], ["500 ml", "508.50"]]}, {"product_id": "1604851305_22244", "category": "Gourmet & World Food", "sub_category_name": "Oils & Vinegar", "product_name": "Extra Virgin Olive Oil", "product_brand": "Olitalia", "img_src": "https://www.bigbasket.com/media/uploads/p/mm/40061630_3-olitalia-extra-virgin-olive-oil.jpg", "combo": []}, {"product_id": "1604851306_69604", "category": "Gourmet & World Food", "sub_category_name": "Oils & Vinegar", "product_name": "Groundnut Oil - Cold Pressed", "product_brand": "Rampura", "img_src": "https://www.bigbasket.com/media/uploads/p/mm/40158486_2-rampura-groundnut-oil-cold-pressed.jpg", "combo": []}, {"product_id": "1604851307_29924", "category": "Gourmet & World Food", "sub_category_name": "Oils & Vinegar", "product_name": "Olive Oil - Extra Virgin", "product_brand": "Basso", "img_src": "https://www.bigbasket.com/media/uploads/p/mm/40009634_1-basso-olive-oil-extra-virgin.jpg", "combo": []}, {"product_id": "1604851307_52644", "category": "Gourmet & World Food", "sub_category_name": "Oils & Vinegar", "product_name": "Olive Oil", "product_brand": "RYCA", "img_src": "https://www.bigbasket.com/media/uploads/p/mm/40184445_4-ryca-olive-oil.jpg", "combo": [["200 ml", "261.00"], ["1 L", "810.00"]]}, {"product_id": "1604851308_13924", "category": "Gourmet & World Food", "sub_category_name": "Oils & Vinegar", "product_name": "Healthy Heart Apple Cider Vinegar With Honey, Ginger, Garlic, lemon & Cinnamon", "product_brand": "Nutriorg", "img_src": "https://www.bigbasket.com/media/uploads/p/mm/40180943_4-nutriorg-healthy-heart-apple-cider-vinegar-with-honey-ginger-garlic-lemon-cinnamon.jpg", "combo": []}, {"product_id": "1604851309_36964", "category": "Gourmet & World Food", "sub_category_name": "Oils & Vinegar", "product_name": "Sesame Oil - Cold Pressed", "product_brand": "Rampura", "img_src": "https://www.bigbasket.com/media/uploads/p/mm/40158487_2-rampura-sesame-oil-cold-pressed.jpg", "combo": []}, {"product_id": "1604851309_15204", "category": "Gourmet & World Food", "sub_category_name": "Oils & Vinegar", "product_name": "Cold Pressed Oil - Sunflower", "product_brand": "Organic Origins", "img_src": "https://www.bigbasket.com/media/uploads/p/mm/40128609_1-organic-origins-cold-pressed-oil-sunflower.jpg", "combo": []}, {"product_id": "1604851310_81924", "category": "Gourmet & World Food", "sub_category_name": "Oils & Vinegar", "product_name": "Olive Oil - Pure", "product_brand": "Dolce Vita", "img_src": "https://www.bigbasket.com/media/uploads/p/mm/30003480_4-dolce-vita-olive-oil-pure.jpg", "combo": []}, {"product_id": "1604851311_75684", "category": "Gourmet & World Food", "sub_category_name": "Oils & Vinegar", "product_name": "Cold Pressed Oil - Sesame", "product_brand": "Organic Origins", "img_src": "https://www.bigbasket.com/media/uploads/p/mm/40128607_1-organic-origins-cold-pressed-oil-sesame.jpg", "combo": []}, {"product_id": "1604851311_63364", "category": "Gourmet & World Food", "sub_category_name": "Oils & Vinegar", "product_name": "Olive Oil - Pomace", "product_brand": "Heracles", "img_src": "https://www.bigbasket.com/media/uploads/p/mm/40024387_9-heracles-olive-oil-pomace.jpg", "combo": [["1 L", "899.00"], ["500 ml", "499.00"]]}, {"product_id": "1604851312_43524", "category": "Gourmet & World Food", "sub_category_name": "Oils & Vinegar", "product_name": "Classic - Olive Oil Pet, Pure", "product_brand": "Del Monte", "img_src": "https://www.bigbasket.com/media/uploads/p/mm/40118004_1-del-monte-classic-olive-oil-pet-pure.jpg", "combo": []}, {"product_id": "1604851313_13124", "category": "Gourmet & World Food", "sub_category_name": "Oils & Vinegar", "product_name": "Cold Pressed - Black Sesame Oil", "product_brand": "Health 1st", "img_src": "https://www.bigbasket.com/media/uploads/p/mm/40045336_3-health-1st-cold-pressed-black-sesame-oil.jpg", "combo": []}, {"product_id": "1604851313_85764", "category": "Gourmet & World Food", "sub_category_name": "Oils & Vinegar", "product_name": "Olive Oil", "product_brand": "RYCA", "img_src": "https://www.bigbasket.com/media/uploads/p/mm/40184441_3-ryca-olive-oil.jpg", "combo": []}, {"product_id": "1604851315_89124", "category": "Gourmet & World Food", "sub_category_name": "Oils & Vinegar", "product_name": "Extra Virgin Olive Oil", "product_brand": "Bertolli", "img_src": "https://www.bigbasket.com/media/uploads/p/mm/40011501_7-bertolli-extra-virgin-olive-oil.jpg", "combo": []}, {"product_id": "1604851317_74244", "category": "Gourmet & World Food", "sub_category_name": "Oils & Vinegar", "product_name": "Olive Oil - Extra Light", "product_brand": "Allegro", "img_src": "https://www.bigbasket.com/media/uploads/p/mm/40117985_7-allegro-olive-oil-extra-light.jpg", "combo": [["1 L", "579.00"], ["2 L", "949.00"], ["5 L", "2282.25"]]}, {"product_id": "1604851318_89124", "category": "Gourmet & World Food", "sub_category_name": "Oils & Vinegar", "product_name": "Olive Oil - Pomace", "product_brand": "Del Monte", "img_src": "https://www.bigbasket.com/media/uploads/p/mm/40124642_3-del-monte-olive-oil-pomace.jpg", "combo": []}, {"product_id": "1604851319_25604", "category": "Gourmet & World Food", "sub_category_name": "Oils & Vinegar", "product_name": "Toasted Sesame Oil", "product_brand": "Sprig", "img_src": "https://www.bigbasket.com/media/uploads/p/mm/40095605_1-sprig-toasted-sesame-oil.jpg", "combo": []}, {"product_id": "1604851320_40164", "category": "Gourmet & World Food", "sub_category_name": "Oils & Vinegar", "product_name": "Roasted Chilly Oil", "product_brand": "Sprig", "img_src": "https://www.bigbasket.com/media/uploads/p/mm/40095604_2-sprig-roasted-chilly-oil.jpg", "combo": []}, {"product_id": "1604851321_2404", "category": "Gourmet & World Food", "sub_category_name": "Oils & Vinegar", "product_name": "Organic Apple Cider Vinegar", "product_brand": "Nutriorg", "img_src": "https://www.bigbasket.com/media/uploads/p/mm/40177128_4-nutriorg-organic-apple-cider-vinegar.jpg", "combo": []}, {"product_id": "1604851321_44164", "category": "Gourmet & World Food", "sub_category_name": "Oils & Vinegar", "product_name": "Japanese Cooking Rice-Wine", "product_brand": "Urban Platter", "img_src": "https://www.bigbasket.com/media/uploads/p/mm/40177846_4-urban-platter-japanese-cooking-rice-wine.jpg", "combo": []}, {"product_id": "1604851322_82724", "category": "Gourmet & World Food", "sub_category_name": "Oils & Vinegar", "product_name": "Olive Oil - Pomace", "product_brand": "Oleiva Gold", "img_src": "https://www.bigbasket.com/media/uploads/p/mm/40033689_1-oleiva-gold-olive-oil-pomace.jpg", "combo": []}, {"product_id": "1604851323_50084", "category": "Gourmet & World Food", "sub_category_name": "Oils & Vinegar", "product_name": "Cinnamon Infused Oil", "product_brand": "Coco Soul", "img_src": "https://www.bigbasket.com/media/uploads/p/mm/40160077_1-coco-soul-cinnamon-infused-oil.jpg", "combo": []}, {"product_id": "1604851323_18404", "category": "Gourmet & World Food", "sub_category_name": "Oils & Vinegar", "product_name": "Apple Cider Vinegar With Honey, Garlic, Ginger & Lemon", "product_brand": "Nutty Yogi", "img_src": "https://www.bigbasket.com/media/uploads/p/mm/40169324_1-nutty-yogi-apple-cider-vinegar-with-honey-garlic-ginger-lemon.jpg", "combo": []}, {"product_id": "1604851324_77284", "category": "Gourmet & World Food", "sub_category_name": "Oils & Vinegar", "product_name": "Abbies Apple Cider Vinegar", "product_brand": "Abbies", "img_src": "https://www.bigbasket.com/media/uploads/p/mm/40046213_3-abbies-abbies-apple-cider-vinegar.jpg", "combo": []}, {"product_id": "1604851325_87364", "category": "Gourmet & World Food", "sub_category_name": "Oils & Vinegar", "product_name": "Pomace Olive Oil", "product_brand": "Habit", "img_src": "https://www.bigbasket.com/media/uploads/p/mm/40185841_1-habit-pomace-olive-oil.jpg", "combo": [["5 L", "2340.00"], ["1 Ltr", "531.00"]]}, {"product_id": "1604851325_31364", "category": "Gourmet & World Food", "sub_category_name": "Oils & Vinegar", "product_name": "Olive Pomace Oil", "product_brand": "Olitalia", "img_src": "https://www.bigbasket.com/media/uploads/p/mm/40061635_4-olitalia-olive-pomace-oil.jpg", "combo": []}, {"product_id": "1604851326_74884", "category": "Gourmet & World Food", "sub_category_name": "Oils & Vinegar", "product_name": "Apple Cider Vinegar", "product_brand": "Habit", "img_src": "https://www.bigbasket.com/media/uploads/p/mm/800188166_6-habit-apple-cider-vinegar.jpg", "combo": []}, {"product_id": "1604851327_59204", "category": "Gourmet & World Food", "sub_category_name": "Oils & Vinegar", "product_name": "Olive Pomace Oil", "product_brand": "Abbies", "img_src": "https://www.bigbasket.com/media/uploads/p/mm/40166424_1-abbies-olive-pomace-oil.jpg", "combo": []}, {"product_id": "1604851327_57604", "category": "Gourmet & World Food", "sub_category_name": "Oils & Vinegar", "product_name": "Coconut Oil - Cold Pressed", "product_brand": "Rampura", "img_src": "https://www.bigbasket.com/media/uploads/p/mm/40158485_2-rampura-coconut-oil-cold-pressed.jpg", "combo": []}, {"product_id": "1604851328_81764", "category": "Gourmet & World Food", "sub_category_name": "Oils & Vinegar", "product_name": "Olive Oil - Extra Light", "product_brand": "Dolce Vita", "img_src": "https://www.bigbasket.com/media/uploads/p/mm/70001128_5-dolce-vita-olive-oil-extra-light.jpg", "combo": []}, {"product_id": "1604851329_41124", "category": "Gourmet & World Food", "sub_category_name": "Oils & Vinegar", "product_name": "Natural Produce - Pure Citronella Oil", "product_brand": "Malabar Coast", "img_src": "https://www.bigbasket.com/media/uploads/p/mm/40172835_3-malabar-coast-natural-produce-pure-citronella-oil.jpg", "combo": []}, {"product_id": "1604851330_34244", "category": "Gourmet & World Food", "sub_category_name": "Oils & Vinegar", "product_name": "Borgefrit High-Mufa-Oleic Sunflower Oil", "product_brand": "BORGES", "img_src": "https://www.bigbasket.com/media/uploads/p/mm/40023113_2-borges-borgefrit-high-mufa-oleic-sunflower-oil.jpg", "combo": []}, {"product_id": "1604851331_58084", "category": "Gourmet & World Food", "sub_category_name": "Oils & Vinegar", "product_name": "Extra Virgin Olive Oil 2L + Olive Leaf Infusion - Olive & Lemongrass 15 g", "product_brand": "BORGES", "img_src": "https://www.bigbasket.com/media/uploads/p/mm/1212196_1-borges-extra-virgin-olive-oil-2l-olive-leaf-infusion-olive-lemongrass-15-g.jpg", "combo": []}, {"product_id": "1604851331_12964", "category": "Gourmet & World Food", "sub_category_name": "Oils & Vinegar", "product_name": "Extra Virgin Olive Oil 2L + Olive Leaf Infusion - Olive & Mint Leaves 15 g", "product_brand": "BORGES", "img_src": "https://www.bigbasket.com/media/uploads/p/mm/1212198_1-borges-extra-virgin-olive-oil-2l-olive-leaf-infusion-olive-mint-leaves-15-g.jpg", "combo": []}, {"product_id": "1604851332_33124", "category": "Gourmet & World Food", "sub_category_name": "Oils & Vinegar", "product_name": "Extra Virgin Olive Oil 2L + Olive Leaf Infusion - Olive & Basil Leaves 15 g", "product_brand": "BORGES", "img_src": "https://www.bigbasket.com/media/uploads/p/mm/1212199_1-borges-extra-virgin-olive-oil-2l-olive-leaf-infusion-olive-basil-leaves-15-g.jpg", "combo": []}, {"product_id": "1604851333_18084", "category": "Gourmet & World Food", "sub_category_name": "Oils & Vinegar", "product_name": "Apple Cider Vinegar", "product_brand": "ORGANIC INDIA", "img_src": "https://www.bigbasket.com/media/uploads/p/mm/40138000_2-organic-india-apple-cider-vinegar.jpg", "combo": []}, {"product_id": "1604851333_39844", "category": "Gourmet & World Food", "sub_category_name": "Oils & Vinegar", "product_name": "Extra Virgin Olive Oil - Harmony", "product_brand": "BORGES", "img_src": "https://www.bigbasket.com/media/uploads/p/mm/40136748_5-borges-extra-virgin-olive-oil-harmony.jpg", "combo": []}, {"product_id": "1604851334_25444", "category": "Gourmet & World Food", "sub_category_name": "Oils & Vinegar", "product_name": "Olive Oil - Extra Light", "product_brand": "BORGES", "img_src": "https://www.bigbasket.com/media/uploads/p/mm/1211853_2-borges-olive-oil-extra-light.jpg", "combo": [["2 L", "1050.00"], ["1 L", "675.00"], ["2x2 L", "2001.00"]]}, {"product_id": "1604851336_1284", "category": "Gourmet & World Food", "sub_category_name": "Oils & Vinegar", "product_name": "Extra Virgin Olive Oil 1L + Olive Oil - Extra Light 2L", "product_brand": "BORGES", "img_src": "https://www.bigbasket.com/media/uploads/p/mm/1212200_1-borges-extra-virgin-olive-oil-1l-olive-oil-extra-light-2l.jpg", "combo": []}, {"product_id": "1604851337_68484", "category": "Gourmet & World Food", "sub_category_name": "Oils & Vinegar", "product_name": "Curry Coriander Infused Oil", "product_brand": "Coco Soul", "img_src": "https://www.bigbasket.com/media/uploads/p/mm/40160078_1-coco-soul-curry-coriander-infused-oil.jpg", "combo": []}, {"product_id": "1604851338_8324", "category": "Gourmet & World Food", "sub_category_name": "Oils & Vinegar", "product_name": "Apple Cider Vinegar + Honey", "product_brand": "Kapiva Ayurveda", "img_src": "https://www.bigbasket.com/media/uploads/p/mm/40131662_4-kapiva-ayurveda-apple-cider-vinegar-honey.jpg", "combo": []}, {"product_id": "1604851339_8484", "category": "Gourmet & World Food", "sub_category_name": "Oils & Vinegar", "product_name": "Kerala Virgin Coconut Oil", "product_brand": "Kapiva Ayurveda", "img_src": "https://www.bigbasket.com/media/uploads/p/mm/40185106_3-kapiva-ayurveda-kerala-virgin-coconut-oil.jpg", "combo": []}, {"product_id": "1604851340_70884", "category": "Gourmet & World Food", "sub_category_name": "Oils & Vinegar", "product_name": "Disano Olive Oil Extra Virgin 500ml + Pasta Elbow 500G + Ragu Pasta Sauce 453G", "product_brand": "bb Combo", "img_src": "https://www.bigbasket.com/media/uploads/p/mm/1203215_1-bb-combo-disano-olive-oil-extra-virgin-500ml-pasta-elbow-500g-ragu-pasta-sauce-453g.jpg", "combo": []}, {"product_id": "1604851341_16324", "category": "Gourmet & World Food", "sub_category_name": "Oils & Vinegar", "product_name": "Disano Pasta Spaghetti 500G+Olive Oil Extra Light 1L+HappyChef Pasta Sauce 270G", "product_brand": "bb Combo", "img_src": "https://www.bigbasket.com/media/uploads/p/mm/1203216_1-bb-combo-disano-pasta-spaghetti-500golive-oil-extra-light-1lhappychef-pasta-sauce-270g.jpg", "combo": []}, {"product_id": "1604851343_60004", "category": "Gourmet & World Food", "sub_category_name": "Oils & Vinegar", "product_name": "Del Monte Pasta 500g + Olive Oil Extra Virgin 1L + Happy Chef Pasta Sauce 270g", "product_brand": "bb Combo", "img_src": "https://www.bigbasket.com/media/uploads/p/mm/1202692_1-bb-combo-del-monte-pasta-500g-olive-oil-extra-virgin-1l-happy-chef-pasta-sauce-270g.jpg", "combo": []}, {"product_id": "1604851343_30244", "category": "Gourmet & World Food", "sub_category_name": "Oils & Vinegar", "product_name": "Organic Cold Pressed - Mustard Oil", "product_brand": "Nutty Yogi", "img_src": "https://www.bigbasket.com/media/uploads/p/mm/40112376_2-nutty-yogi-organic-cold-pressed-mustard-oil.jpg", "combo": []}, {"product_id": "1604851344_30404", "category": "Gourmet & World Food", "sub_category_name": "Oils & Vinegar", "product_name": "Classico Olive Oil", "product_brand": "Bertolli", "img_src": "https://www.bigbasket.com/media/uploads/p/mm/40011509_22-bertolli-classico-olive-oil.jpg", "combo": []}, {"product_id": "1604851344_30084", "category": "Gourmet & World Food", "sub_category_name": "Oils & Vinegar", "product_name": "White Vinegar", "product_brand": "Neo", "img_src": "https://www.bigbasket.com/media/uploads/p/mm/40107624_6-neo-white-vinegar.jpg", "combo": [["370 ml", "112.50"], ["2x370 ml", "225.00"]]}, {"product_id": "1604851345_88324", "category": "Gourmet & World Food", "sub_category_name": "Oils & Vinegar", "product_name": "Canola Oil", "product_brand": "Jivo", "img_src": "https://www.bigbasket.com/media/uploads/p/mm/282780_5-jivo-canola-oil.jpg", "combo": [["1 L", "215.00"], ["5 L", "1163.00"]]}, {"product_id": "1604851346_84004", "category": "Gourmet & World Food", "sub_category_name": "Oils & Vinegar", "product_name": "Olive Oil - Classic", "product_brand": "BORGES", "img_src": "https://www.bigbasket.com/media/uploads/p/mm/40018240_3-borges-olive-oil-classic.jpg", "combo": []}, {"product_id": "1604851347_28644", "category": "Gourmet & World Food", "sub_category_name": "Oils & Vinegar", "product_name": "Balsamic Vineger", "product_brand": "Neo", "img_src": "https://www.bigbasket.com/media/uploads/p/mm/40107625_5-neo-balsamic-vineger.jpg", "combo": [["2x370 ml", "585.00"], ["370 ml", "292.50"]]}, {"product_id": "1604851348_12004", "category": "Gourmet & World Food", "sub_category_name": "Oils & Vinegar", "product_name": "Olive Oil - Extra Virgin", "product_brand": "Colavita", "img_src": "https://www.bigbasket.com/media/uploads/p/mm/40051062_2-colavita-olive-oil-extra-virgin.jpg", "combo": []}, {"product_id": "1604851349_93924", "category": "Gourmet & World Food", "sub_category_name": "Oils & Vinegar", "product_name": "Albero Buono Bio Olio Extra Vergine Di Oliva", "product_brand": "Olitalia", "img_src": "https://www.bigbasket.com/media/uploads/p/mm/40114624_2-olitalia-albero-buono-bio-olio-extra-vergine-di-oliva.jpg", "combo": []}, {"product_id": "1604851350_42244", "category": "Gourmet & World Food", "sub_category_name": "Oils & Vinegar", "product_name": "Apple Cider Vinegar", "product_brand": "Voila", "img_src": "https://www.bigbasket.com/media/uploads/p/mm/40075030_5-voila-apple-cider-vinegar.jpg", "combo": []}, {"product_id": "1604851350_16644", "category": "Gourmet & World Food", "sub_category_name": "Oils & Vinegar", "product_name": "Olive Oil - Extra Virgin", "product_brand": "Dolce Vita", "img_src": "https://www.bigbasket.com/media/uploads/p/mm/30003479_2-dolce-vita-olive-oil-extra-virgin.jpg", "combo": []}, {"product_id": "1604851351_59844", "category": "Gourmet & World Food", "sub_category_name": "Oils & Vinegar", "product_name": "Sushi Vinegar", "product_brand": "Japanese Choice", "img_src": "https://www.bigbasket.com/media/uploads/p/mm/40039136_3-japanese-choice-sushi-vinegar.jpg", "combo": []}, {"product_id": "1604851352_35844", "category": "Gourmet & World Food", "sub_category_name": "Oils & Vinegar", "product_name": "Virgin Coconut Oil - Cold Pressed, Natural", "product_brand": "Coco Soul", "img_src": "https://www.bigbasket.com/media/uploads/p/mm/40145471_3-coco-soul-virgin-coconut-oil-cold-pressed-natural.jpg", "combo": []}, {"product_id": "1604851353_17764", "category": "Gourmet & World Food", "sub_category_name": "Oils & Vinegar", "product_name": "Organic - Coconut Oil", "product_brand": "Earthon", "img_src": "https://www.bigbasket.com/media/uploads/p/mm/40171740_1-earthon-organic-coconut-oil.jpg", "combo": []}, {"product_id": "1604851354_18244", "category": "Gourmet & World Food", "sub_category_name": "Oils & Vinegar", "product_name": "Extra Virgin Olive Oil 1L + Olive Oil - Extra Light 2L", "product_brand": "BORGES", "img_src": "https://www.bigbasket.com/media/uploads/p/mm/1212200_1-borges-extra-virgin-olive-oil-1l-olive-oil-extra-light-2l.jpg", "combo": []}, {"product_id": "1604851355_38084", "category": "Gourmet & World Food", "sub_category_name": "Oils & Vinegar", "product_name": "Curry Coriander Infused Oil", "product_brand": "Coco Soul", "img_src": "https://www.bigbasket.com/media/uploads/p/mm/40160078_1-coco-soul-curry-coriander-infused-oil.jpg", "combo": []}, {"product_id": "1604851356_85444", "category": "Gourmet & World Food", "sub_category_name": "Oils & Vinegar", "product_name": "Apple Cider Vinegar + Honey", "product_brand": "Kapiva Ayurveda", "img_src": "https://www.bigbasket.com/media/uploads/p/mm/40131662_4-kapiva-ayurveda-apple-cider-vinegar-honey.jpg", "combo": []}, {"product_id": "1604851356_95844", "category": "Gourmet & World Food", "sub_category_name": "Oils & Vinegar", "product_name": "Kerala Virgin Coconut Oil", "product_brand": "Kapiva Ayurveda", "img_src": "https://www.bigbasket.com/media/uploads/p/mm/40185106_3-kapiva-ayurveda-kerala-virgin-coconut-oil.jpg", "combo": []}, {"product_id": "1604851357_40164", "category": "Gourmet & World Food", "sub_category_name": "Oils & Vinegar", "product_name": "Disano Olive Oil Extra Virgin 500ml + Pasta Elbow 500G + Ragu Pasta Sauce 453G", "product_brand": "bb Combo", "img_src": "https://www.bigbasket.com/media/uploads/p/mm/1203215_1-bb-combo-disano-olive-oil-extra-virgin-500ml-pasta-elbow-500g-ragu-pasta-sauce-453g.jpg", "combo": []}, {"product_id": "1604851358_85444", "category": "Gourmet & World Food", "sub_category_name": "Oils & Vinegar", "product_name": "Disano Pasta Spaghetti 500G+Olive Oil Extra Light 1L+HappyChef Pasta Sauce 270G", "product_brand": "bb Combo", "img_src": "https://www.bigbasket.com/media/uploads/p/mm/1203216_1-bb-combo-disano-pasta-spaghetti-500golive-oil-extra-light-1lhappychef-pasta-sauce-270g.jpg", "combo": []}, {"product_id": "1604851359_47204", "category": "Gourmet & World Food", "sub_category_name": "Oils & Vinegar", "product_name": "Del Monte Pasta 500g + Olive Oil Extra Virgin 1L + Happy Chef Pasta Sauce 270g", "product_brand": "bb Combo", "img_src": "https://www.bigbasket.com/media/uploads/p/mm/1202692_1-bb-combo-del-monte-pasta-500g-olive-oil-extra-virgin-1l-happy-chef-pasta-sauce-270g.jpg", "combo": []}, {"product_id": "1604851359_14884", "category": "Gourmet & World Food", "sub_category_name": "Oils & Vinegar", "product_name": "Organic Cold Pressed - Mustard Oil", "product_brand": "Nutty Yogi", "img_src": "https://www.bigbasket.com/media/uploads/p/mm/40112376_2-nutty-yogi-organic-cold-pressed-mustard-oil.jpg", "combo": []}, {"product_id": "1604851360_52164", "category": "Gourmet & World Food", "sub_category_name": "Oils & Vinegar", "product_name": "Classico Olive Oil", "product_brand": "Bertolli", "img_src": "https://www.bigbasket.com/media/uploads/p/mm/40011509_22-bertolli-classico-olive-oil.jpg", "combo": []}, {"product_id": "1604851360_60324", "category": "Gourmet & World Food", "sub_category_name": "Oils & Vinegar", "product_name": "White Vinegar", "product_brand": "Neo", "img_src": "https://www.bigbasket.com/media/uploads/p/mm/40107624_6-neo-white-vinegar.jpg", "combo": [["370 ml", "112.50"], ["2x370 ml", "225.00"]]}, {"product_id": "1604851361_18724", "category": "Gourmet & World Food", "sub_category_name": "Oils & Vinegar", "product_name": "Canola Oil", "product_brand": "Jivo", "img_src": "https://www.bigbasket.com/media/uploads/p/mm/282780_5-jivo-canola-oil.jpg", "combo": [["1 L", "215.00"], ["5 L", "1163.00"]]}, {"product_id": "1604851362_16964", "category": "Gourmet & World Food", "sub_category_name": "Oils & Vinegar", "product_name": "Olive Oil - Classic", "product_brand": "BORGES", "img_src": "https://www.bigbasket.com/media/uploads/p/mm/40018240_3-borges-olive-oil-classic.jpg", "combo": []}, {"product_id": "1604851363_69604", "category": "Gourmet & World Food", "sub_category_name": "Oils & Vinegar", "product_name": "Balsamic Vineger", "product_brand": "Neo", "img_src": "https://www.bigbasket.com/media/uploads/p/mm/40107625_5-neo-balsamic-vineger.jpg", "combo": [["2x370 ml", "585.00"], ["370 ml", "292.50"]]}, {"product_id": "1604851365_27524", "category": "Gourmet & World Food", "sub_category_name": "Oils & Vinegar", "product_name": "Olive Oil - Extra Virgin", "product_brand": "Colavita", "img_src": "https://www.bigbasket.com/media/uploads/p/mm/40051062_2-colavita-olive-oil-extra-virgin.jpg", "combo": []}, {"product_id": "1604851365_42084", "category": "Gourmet & World Food", "sub_category_name": "Oils & Vinegar", "product_name": "Albero Buono Bio Olio Extra Vergine Di Oliva", "product_brand": "Olitalia", "img_src": "https://www.bigbasket.com/media/uploads/p/mm/40114624_2-olitalia-albero-buono-bio-olio-extra-vergine-di-oliva.jpg", "combo": []}, {"product_id": "1604851366_76004", "category": "Gourmet & World Food", "sub_category_name": "Oils & Vinegar", "product_name": "Apple Cider Vinegar", "product_brand": "Voila", "img_src": "https://www.bigbasket.com/media/uploads/p/mm/40075030_5-voila-apple-cider-vinegar.jpg", "combo": []}, {"product_id": "1604851367_5444", "category": "Gourmet & World Food", "sub_category_name": "Oils & Vinegar", "product_name": "Olive Oil - Extra Virgin", "product_brand": "Dolce Vita", "img_src": "https://www.bigbasket.com/media/uploads/p/mm/30003479_2-dolce-vita-olive-oil-extra-virgin.jpg", "combo": []}, {"product_id": "1604851368_17764", "category": "Gourmet & World Food", "sub_category_name": "Oils & Vinegar", "product_name": "Sushi Vinegar", "product_brand": "Japanese Choice", "img_src": "https://www.bigbasket.com/media/uploads/p/mm/40039136_3-japanese-choice-sushi-vinegar.jpg", "combo": []}, {"product_id": "1604851368_85284", "category": "Gourmet & World Food", "sub_category_name": "Oils & Vinegar", "product_name": "Virgin Coconut Oil - Cold Pressed, Natural", "product_brand": "Coco Soul", "img_src": "https://www.bigbasket.com/media/uploads/p/mm/40145471_3-coco-soul-virgin-coconut-oil-cold-pressed-natural.jpg", "combo": []}, {"product_id": "1604851369_92164", "category": "Gourmet & World Food", "sub_category_name": "Oils & Vinegar", "product_name": "Organic - Coconut Oil", "product_brand": "Earthon", "img_src": "https://www.bigbasket.com/media/uploads/p/mm/40171740_1-earthon-organic-coconut-oil.jpg", "combo": []}, {"product_id": "1604851370_20004", "category": "Gourmet & World Food", "sub_category_name": "Oils & Vinegar", "product_name": "Vinegar - Balsamic Of Modena", "product_brand": "Colavita", "img_src": "https://www.bigbasket.com/media/uploads/p/mm/40003571_3-colavita-vinegar-balsamic-of-modena.jpg", "combo": []}, {"product_id": "1604851370_42884", "category": "Gourmet & World Food", "sub_category_name": "Oils & Vinegar", "product_name": "Cold Pressed Oil - Mustard", "product_brand": "Organic Origins", "img_src": "https://www.bigbasket.com/media/uploads/p/mm/40128610_1-organic-origins-cold-pressed-oil-mustard.jpg", "combo": []}, {"product_id": "1604851371_74244", "category": "Gourmet & World Food", "sub_category_name": "Oils & Vinegar", "product_name": "Rice Vinegar", "product_brand": "Blue Elephant", "img_src": "https://www.bigbasket.com/media/uploads/p/mm/30004972_2-blue-elephant-rice-vinegar.jpg", "combo": []}, {"product_id": "1604851372_45444", "category": "Gourmet & World Food", "sub_category_name": "Oils & Vinegar", "product_name": "Cold Pressed - Coconut Oil", "product_brand": "Health 1st", "img_src": "https://www.bigbasket.com/media/uploads/p/mm/40045326_2-health-1st-cold-pressed-coconut-oil.jpg", "combo": []}, {"product_id": "1604851373_23364", "category": "Gourmet & World Food", "sub_category_name": "Oils & Vinegar", "product_name": "Natural Produce - Pure Eucalyptus Oil", "product_brand": "Malabar Coast", "img_src": "https://www.bigbasket.com/media/uploads/p/mm/40172837_2-malabar-coast-natural-produce-pure-eucalyptus-oil.jpg", "combo": []}, {"product_id": "1604851373_68964", "category": "Gourmet & World Food", "sub_category_name": "Oils & Vinegar", "product_name": "Pasta - 37B Penne Rigate", "product_brand": "Colavita", "img_src": "https://www.bigbasket.com/media/uploads/p/mm/40137162_3-colavita-pasta-37b-penne-rigate.jpg", "combo": []}, {"product_id": "1604851374_19204", "category": "Gourmet & World Food", "sub_category_name": "Oils & Vinegar", "product_name": "A2 Vedic Ghee", "product_brand": "Anveshan", "img_src": "https://www.bigbasket.com/media/uploads/p/mm/40186146_1-anveshan-a2-vedic-ghee.jpg", "combo": []}, {"product_id": "1604851375_32324", "category": "Gourmet & World Food", "sub_category_name": "Oils & Vinegar", "product_name": "Natural Produce - Pure Lemongrass Oil", "product_brand": "Malabar Coast", "img_src": "https://www.bigbasket.com/media/uploads/p/mm/40172836_3-malabar-coast-natural-produce-pure-lemongrass-oil.jpg", "combo": []}, {"product_id": "1604851376_48484", "category": "Gourmet & World Food", "sub_category_name": "Oils & Vinegar", "product_name": "Abbies White Vinegar", "product_brand": "Abbies", "img_src": "https://www.bigbasket.com/media/uploads/p/mm/40046214_4-abbies-abbies-white-vinegar.jpg", "combo": []}, {"product_id": "1604851377_65924", "category": "Gourmet & World Food", "sub_category_name": "Oils & Vinegar", "product_name": "Balsamic Vinegar", "product_brand": "Pietro Coricelli", "img_src": "https://www.bigbasket.com/media/uploads/p/mm/800188202_1-pietro-coricelli-balsamic-vinegar.jpg", "combo": []}, {"product_id": "1604851378_22884", "category": "Gourmet & World Food", "sub_category_name": "Oils & Vinegar", "product_name": "Aceto Balsamico Di Modena - IGP Vinegar", "product_brand": "Pietro Coricelli", "img_src": "https://www.bigbasket.com/media/uploads/p/mm/280977_3-pietro-coricelli-aceto-balsamico-di-modena-igp-vinegar.jpg", "combo": []}, {"product_id": "1604851379_34404", "category": "Gourmet & World Food", "sub_category_name": "Oils & Vinegar", "product_name": "Hudson Canola Oil", "product_brand": "Hudson", "img_src": "https://www.bigbasket.com/media/uploads/p/mm/40118814_6-hudson-hudson-canola-oil.jpg", "combo": []}, {"product_id": "1604851379_50404", "category": "Gourmet & World Food", "sub_category_name": "Oils & Vinegar", "product_name": "Extra Virgin Olive Oil 1L + Olive Oil - Extra Light 2L", "product_brand": "BORGES", "img_src": "https://www.bigbasket.com/media/uploads/p/mm/1212200_1-borges-extra-virgin-olive-oil-1l-olive-oil-extra-light-2l.jpg", "combo": []}, {"product_id": "1604851380_98564", "category": "Gourmet & World Food", "sub_category_name": "Oils & Vinegar", "product_name": "Curry Coriander Infused Oil", "product_brand": "Coco Soul", "img_src": "https://www.bigbasket.com/media/uploads/p/mm/40160078_1-coco-soul-curry-coriander-infused-oil.jpg", "combo": []}, {"product_id": "1604851380_24164", "category": "Gourmet & World Food", "sub_category_name": "Oils & Vinegar", "product_name": "Apple Cider Vinegar + Honey", "product_brand": "Kapiva Ayurveda", "img_src": "https://www.bigbasket.com/media/uploads/p/mm/40131662_4-kapiva-ayurveda-apple-cider-vinegar-honey.jpg", "combo": []}, {"product_id": "1604851381_35364", "category": "Gourmet & World Food", "sub_category_name": "Oils & Vinegar", "product_name": "Kerala Virgin Coconut Oil", "product_brand": "Kapiva Ayurveda", "img_src": "https://www.bigbasket.com/media/uploads/p/mm/40185106_3-kapiva-ayurveda-kerala-virgin-coconut-oil.jpg", "combo": []}, {"product_id": "1604851382_10084", "category": "Gourmet & World Food", "sub_category_name": "Oils & Vinegar", "product_name": "Disano Olive Oil Extra Virgin 500ml + Pasta Elbow 500G + Ragu Pasta Sauce 453G", "product_brand": "bb Combo", "img_src": "https://www.bigbasket.com/media/uploads/p/mm/1203215_1-bb-combo-disano-olive-oil-extra-virgin-500ml-pasta-elbow-500g-ragu-pasta-sauce-453g.jpg", "combo": []}, {"product_id": "1604851382_70724", "category": "Gourmet & World Food", "sub_category_name": "Oils & Vinegar", "product_name": "Disano Pasta Spaghetti 500G+Olive Oil Extra Light 1L+HappyChef Pasta Sauce 270G", "product_brand": "bb Combo", "img_src": "https://www.bigbasket.com/media/uploads/p/mm/1203216_1-bb-combo-disano-pasta-spaghetti-500golive-oil-extra-light-1lhappychef-pasta-sauce-270g.jpg", "combo": []}, {"product_id": "1604851383_68804", "category": "Gourmet & World Food", "sub_category_name": "Oils & Vinegar", "product_name": "Del Monte Pasta 500g + Olive Oil Extra Virgin 1L + Happy Chef Pasta Sauce 270g", "product_brand": "bb Combo", "img_src": "https://www.bigbasket.com/media/uploads/p/mm/1202692_1-bb-combo-del-monte-pasta-500g-olive-oil-extra-virgin-1l-happy-chef-pasta-sauce-270g.jpg", "combo": []}, {"product_id": "1604851384_34084", "category": "Gourmet & World Food", "sub_category_name": "Oils & Vinegar", "product_name": "Organic Cold Pressed - Mustard Oil", "product_brand": "Nutty Yogi", "img_src": "https://www.bigbasket.com/media/uploads/p/mm/40112376_2-nutty-yogi-organic-cold-pressed-mustard-oil.jpg", "combo": []}, {"product_id": "1604851385_7364", "category": "Gourmet & World Food", "sub_category_name": "Oils & Vinegar", "product_name": "Classico Olive Oil", "product_brand": "Bertolli", "img_src": "https://www.bigbasket.com/media/uploads/p/mm/40011509_22-bertolli-classico-olive-oil.jpg", "combo": []}, {"product_id": "1604851385_51364", "category": "Gourmet & World Food", "sub_category_name": "Oils & Vinegar", "product_name": "White Vinegar", "product_brand": "Neo", "img_src": "https://www.bigbasket.com/media/uploads/p/mm/40107624_6-neo-white-vinegar.jpg", "combo": [["370 ml", "112.50"], ["2x370 ml", "225.00"]]}, {"product_id": "1604851386_87364", "category": "Gourmet & World Food", "sub_category_name": "Oils & Vinegar", "product_name": "Canola Oil", "product_brand": "Jivo", "img_src": "https://www.bigbasket.com/media/uploads/p/mm/282780_5-jivo-canola-oil.jpg", "combo": [["1 L", "215.00"], ["5 L", "1163.00"]]}, {"product_id": "1604851387_67044", "category": "Gourmet & World Food", "sub_category_name": "Oils & Vinegar", "product_name": "Olive Oil - Classic", "product_brand": "BORGES", "img_src": "https://www.bigbasket.com/media/uploads/p/mm/40018240_3-borges-olive-oil-classic.jpg", "combo": []}, {"product_id": "1604851388_97764", "category": "Gourmet & World Food", "sub_category_name": "Oils & Vinegar", "product_name": "Balsamic Vineger", "product_brand": "Neo", "img_src": "https://www.bigbasket.com/media/uploads/p/mm/40107625_5-neo-balsamic-vineger.jpg", "combo": [["2x370 ml", "585.00"], ["370 ml", "292.50"]]}, {"product_id": "1604851389_46244", "category": "Gourmet & World Food", "sub_category_name": "Oils & Vinegar", "product_name": "Olive Oil - Extra Virgin", "product_brand": "Colavita", "img_src": "https://www.bigbasket.com/media/uploads/p/mm/40051062_2-colavita-olive-oil-extra-virgin.jpg", "combo": []}, {"product_id": "1604851390_21604", "category": "Gourmet & World Food", "sub_category_name": "Oils & Vinegar", "product_name": "Albero Buono Bio Olio Extra Vergine Di Oliva", "product_brand": "Olitalia", "img_src": "https://www.bigbasket.com/media/uploads/p/mm/40114624_2-olitalia-albero-buono-bio-olio-extra-vergine-di-oliva.jpg", "combo": []}, {"product_id": "1604851391_44804", "category": "Gourmet & World Food", "sub_category_name": "Oils & Vinegar", "product_name": "Apple Cider Vinegar", "product_brand": "Voila", "img_src": "https://www.bigbasket.com/media/uploads/p/mm/40075030_5-voila-apple-cider-vinegar.jpg", "combo": []}, {"product_id": "1604851391_60804", "category": "Gourmet & World Food", "sub_category_name": "Oils & Vinegar", "product_name": "Olive Oil - Extra Virgin", "product_brand": "Dolce Vita", "img_src": "https://www.bigbasket.com/media/uploads/p/mm/30003479_2-dolce-vita-olive-oil-extra-virgin.jpg", "combo": []}, {"product_id": "1604851392_25604", "category": "Gourmet & World Food", "sub_category_name": "Oils & Vinegar", "product_name": "Sushi Vinegar", "product_brand": "Japanese Choice", "img_src": "https://www.bigbasket.com/media/uploads/p/mm/40039136_3-japanese-choice-sushi-vinegar.jpg", "combo": []}, {"product_id": "1604851393_20324", "category": "Gourmet & World Food", "sub_category_name": "Oils & Vinegar", "product_name": "Virgin Coconut Oil - Cold Pressed, Natural", "product_brand": "Coco Soul", "img_src": "https://www.bigbasket.com/media/uploads/p/mm/40145471_3-coco-soul-virgin-coconut-oil-cold-pressed-natural.jpg", "combo": []}, {"product_id": "1604851394_44004", "category": "Gourmet & World Food", "sub_category_name": "Oils & Vinegar", "product_name": "Organic - Coconut Oil", "product_brand": "Earthon", "img_src": "https://www.bigbasket.com/media/uploads/p/mm/40171740_1-earthon-organic-coconut-oil.jpg", "combo": []}, {"product_id": "1604851394_75204", "category": "Gourmet & World Food", "sub_category_name": "Oils & Vinegar", "product_name": "Extra Virgin Olive Oil 1L + Olive Oil - Extra Light 2L", "product_brand": "BORGES", "img_src": "https://www.bigbasket.com/media/uploads/p/mm/1212200_1-borges-extra-virgin-olive-oil-1l-olive-oil-extra-light-2l.jpg", "combo": []}, {"product_id": "1604851395_28324", "category": "Gourmet & World Food", "sub_category_name": "Oils & Vinegar", "product_name": "Curry Coriander Infused Oil", "product_brand": "Coco Soul", "img_src": "https://www.bigbasket.com/media/uploads/p/mm/40160078_1-coco-soul-curry-coriander-infused-oil.jpg", "combo": []}, {"product_id": "1604851396_18404", "category": "Gourmet & World Food", "sub_category_name": "Oils & Vinegar", "product_name": "Apple Cider Vinegar + Honey", "product_brand": "Kapiva Ayurveda", "img_src": "https://www.bigbasket.com/media/uploads/p/mm/40131662_4-kapiva-ayurveda-apple-cider-vinegar-honey.jpg", "combo": []}, {"product_id": "1604851397_24324", "category": "Gourmet & World Food", "sub_category_name": "Oils & Vinegar", "product_name": "Kerala Virgin Coconut Oil", "product_brand": "Kapiva Ayurveda", "img_src": "https://www.bigbasket.com/media/uploads/p/mm/40185106_3-kapiva-ayurveda-kerala-virgin-coconut-oil.jpg", "combo": []}, {"product_id": "1604851397_92004", "category": "Gourmet & World Food", "sub_category_name": "Oils & Vinegar", "product_name": "Disano Olive Oil Extra Virgin 500ml + Pasta Elbow 500G + Ragu Pasta Sauce 453G", "product_brand": "bb Combo", "img_src": "https://www.bigbasket.com/media/uploads/p/mm/1203215_1-bb-combo-disano-olive-oil-extra-virgin-500ml-pasta-elbow-500g-ragu-pasta-sauce-453g.jpg", "combo": []}, {"product_id": "1604851398_68324", "category": "Gourmet & World Food", "sub_category_name": "Oils & Vinegar", "product_name": "Disano Pasta Spaghetti 500G+Olive Oil Extra Light 1L+HappyChef Pasta Sauce 270G", "product_brand": "bb Combo", "img_src": "https://www.bigbasket.com/media/uploads/p/mm/1203216_1-bb-combo-disano-pasta-spaghetti-500golive-oil-extra-light-1lhappychef-pasta-sauce-270g.jpg", "combo": []}, {"product_id": "1604851399_5284", "category": "Gourmet & World Food", "sub_category_name": "Oils & Vinegar", "product_name": "Del Monte Pasta 500g + Olive Oil Extra Virgin 1L + Happy Chef Pasta Sauce 270g", "product_brand": "bb Combo", "img_src": "https://www.bigbasket.com/media/uploads/p/mm/1202692_1-bb-combo-del-monte-pasta-500g-olive-oil-extra-virgin-1l-happy-chef-pasta-sauce-270g.jpg", "combo": []}, {"product_id": "1604851400_69124", "category": "Gourmet & World Food", "sub_category_name": "Oils & Vinegar", "product_name": "Organic Cold Pressed - Mustard Oil", "product_brand": "Nutty Yogi", "img_src": "https://www.bigbasket.com/media/uploads/p/mm/40112376_2-nutty-yogi-organic-cold-pressed-mustard-oil.jpg", "combo": []}, {"product_id": "1604851401_21604", "category": "Gourmet & World Food", "sub_category_name": "Oils & Vinegar", "product_name": "Classico Olive Oil", "product_brand": "Bertolli", "img_src": "https://www.bigbasket.com/media/uploads/p/mm/40011509_22-bertolli-classico-olive-oil.jpg", "combo": []}, {"product_id": "1604851402_60804", "category": "Gourmet & World Food", "sub_category_name": "Oils & Vinegar", "product_name": "White Vinegar", "product_brand": "Neo", "img_src": "https://www.bigbasket.com/media/uploads/p/mm/40107624_6-neo-white-vinegar.jpg", "combo": [["370 ml", "112.50"], ["2x370 ml", "225.00"]]}, {"product_id": "1604851403_72164", "category": "Gourmet & World Food", "sub_category_name": "Oils & Vinegar", "product_name": "Canola Oil", "product_brand": "Jivo", "img_src": "https://www.bigbasket.com/media/uploads/p/mm/282780_5-jivo-canola-oil.jpg", "combo": [["1 L", "215.00"], ["5 L", "1163.00"]]}, {"product_id": "1604851403_27844", "category": "Gourmet & World Food", "sub_category_name": "Oils & Vinegar", "product_name": "Olive Oil - Classic", "product_brand": "BORGES", "img_src": "https://www.bigbasket.com/media/uploads/p/mm/40018240_3-borges-olive-oil-classic.jpg", "combo": []}, {"product_id": "1604851404_57924", "category": "Gourmet & World Food", "sub_category_name": "Oils & Vinegar", "product_name": "Balsamic Vineger", "product_brand": "Neo", "img_src": "https://www.bigbasket.com/media/uploads/p/mm/40107625_5-neo-balsamic-vineger.jpg", "combo": [["2x370 ml", "585.00"], ["370 ml", "292.50"]]}, {"product_id": "1604851405_41124", "category": "Gourmet & World Food", "sub_category_name": "Oils & Vinegar", "product_name": "Olive Oil - Extra Virgin", "product_brand": "Colavita", "img_src": "https://www.bigbasket.com/media/uploads/p/mm/40051062_2-colavita-olive-oil-extra-virgin.jpg", "combo": []}, {"product_id": "1604851406_63204", "category": "Gourmet & World Food", "sub_category_name": "Oils & Vinegar", "product_name": "Albero Buono Bio Olio Extra Vergine Di Oliva", "product_brand": "Olitalia", "img_src": "https://www.bigbasket.com/media/uploads/p/mm/40114624_2-olitalia-albero-buono-bio-olio-extra-vergine-di-oliva.jpg", "combo": []}, {"product_id": "1604851407_90244", "category": "Gourmet & World Food", "sub_category_name": "Oils & Vinegar", "product_name": "Apple Cider Vinegar", "product_brand": "Voila", "img_src": "https://www.bigbasket.com/media/uploads/p/mm/40075030_5-voila-apple-cider-vinegar.jpg", "combo": []}, {"product_id": "1604851407_98404", "category": "Gourmet & World Food", "sub_category_name": "Oils & Vinegar", "product_name": "Olive Oil - Extra Virgin", "product_brand": "Dolce Vita", "img_src": "https://www.bigbasket.com/media/uploads/p/mm/30003479_2-dolce-vita-olive-oil-extra-virgin.jpg", "combo": []}, {"product_id": "1604851408_76484", "category": "Gourmet & World Food", "sub_category_name": "Oils & Vinegar", "product_name": "Sushi Vinegar", "product_brand": "Japanese Choice", "img_src": "https://www.bigbasket.com/media/uploads/p/mm/40039136_3-japanese-choice-sushi-vinegar.jpg", "combo": []}, {"product_id": "1604851409_68804", "category": "Gourmet & World Food", "sub_category_name": "Oils & Vinegar", "product_name": "Virgin Coconut Oil - Cold Pressed, Natural", "product_brand": "Coco Soul", "img_src": "https://www.bigbasket.com/media/uploads/p/mm/40145471_3-coco-soul-virgin-coconut-oil-cold-pressed-natural.jpg", "combo": []}, {"product_id": "1604851410_804", "category": "Gourmet & World Food", "sub_category_name": "Oils & Vinegar", "product_name": "Organic - Coconut Oil", "product_brand": "Earthon", "img_src": "https://www.bigbasket.com/media/uploads/p/mm/40171740_1-earthon-organic-coconut-oil.jpg", "combo": []}, {"product_id": "1604851410_20004", "category": "Gourmet & World Food", "sub_category_name": "Oils & Vinegar", "product_name": "Extra Virgin Olive Oil 1L + Olive Oil - Extra Light 2L", "product_brand": "BORGES", "img_src": "https://www.bigbasket.com/media/uploads/p/mm/1212200_1-borges-extra-virgin-olive-oil-1l-olive-oil-extra-light-2l.jpg", "combo": []}, {"product_id": "1604851412_37604", "category": "Gourmet & World Food", "sub_category_name": "Oils & Vinegar", "product_name": "Curry Coriander Infused Oil", "product_brand": "Coco Soul", "img_src": "https://www.bigbasket.com/media/uploads/p/mm/40160078_1-coco-soul-curry-coriander-infused-oil.jpg", "combo": []}, {"product_id": "1604851413_95044", "category": "Gourmet & World Food", "sub_category_name": "Oils & Vinegar", "product_name": "Apple Cider Vinegar + Honey", "product_brand": "Kapiva Ayurveda", "img_src": "https://www.bigbasket.com/media/uploads/p/mm/40131662_4-kapiva-ayurveda-apple-cider-vinegar-honey.jpg", "combo": []}, {"product_id": "1604851413_14724", "category": "Gourmet & World Food", "sub_category_name": "Oils & Vinegar", "product_name": "Kerala Virgin Coconut Oil", "product_brand": "Kapiva Ayurveda", "img_src": "https://www.bigbasket.com/media/uploads/p/mm/40185106_3-kapiva-ayurveda-kerala-virgin-coconut-oil.jpg", "combo": []}, {"product_id": "1604851414_50564", "category": "Gourmet & World Food", "sub_category_name": "Oils & Vinegar", "product_name": "Disano Olive Oil Extra Virgin 500ml + Pasta Elbow 500G + Ragu Pasta Sauce 453G", "product_brand": "bb Combo", "img_src": "https://www.bigbasket.com/media/uploads/p/mm/1203215_1-bb-combo-disano-olive-oil-extra-virgin-500ml-pasta-elbow-500g-ragu-pasta-sauce-453g.jpg", "combo": []}, {"product_id": "1604851415_61924", "category": "Gourmet & World Food", "sub_category_name": "Oils & Vinegar", "product_name": "Disano Pasta Spaghetti 500G+Olive Oil Extra Light 1L+HappyChef Pasta Sauce 270G", "product_brand": "bb Combo", "img_src": "https://www.bigbasket.com/media/uploads/p/mm/1203216_1-bb-combo-disano-pasta-spaghetti-500golive-oil-extra-light-1lhappychef-pasta-sauce-270g.jpg", "combo": []}, {"product_id": "1604851416_96004", "category": "Gourmet & World Food", "sub_category_name": "Oils & Vinegar", "product_name": "Del Monte Pasta 500g + Olive Oil Extra Virgin 1L + Happy Chef Pasta Sauce 270g", "product_brand": "bb Combo", "img_src": "https://www.bigbasket.com/media/uploads/p/mm/1202692_1-bb-combo-del-monte-pasta-500g-olive-oil-extra-virgin-1l-happy-chef-pasta-sauce-270g.jpg", "combo": []}, {"product_id": "1604851416_49604", "category": "Gourmet & World Food", "sub_category_name": "Oils & Vinegar", "product_name": "Organic Cold Pressed - Mustard Oil", "product_brand": "Nutty Yogi", "img_src": "https://www.bigbasket.com/media/uploads/p/mm/40112376_2-nutty-yogi-organic-cold-pressed-mustard-oil.jpg", "combo": []}, {"product_id": "1604851417_16164", "category": "Gourmet & World Food", "sub_category_name": "Oils & Vinegar", "product_name": "Classico Olive Oil", "product_brand": "Bertolli", "img_src": "https://www.bigbasket.com/media/uploads/p/mm/40011509_22-bertolli-classico-olive-oil.jpg", "combo": []}, {"product_id": "1604851418_7684", "category": "Gourmet & World Food", "sub_category_name": "Oils & Vinegar", "product_name": "White Vinegar", "product_brand": "Neo", "img_src": "https://www.bigbasket.com/media/uploads/p/mm/40107624_6-neo-white-vinegar.jpg", "combo": [["370 ml", "112.50"], ["2x370 ml", "225.00"]]}, {"product_id": "1604851419_34404", "category": "Gourmet & World Food", "sub_category_name": "Oils & Vinegar", "product_name": "Canola Oil", "product_brand": "Jivo", "img_src": "https://www.bigbasket.com/media/uploads/p/mm/282780_5-jivo-canola-oil.jpg", "combo": [["1 L", "215.00"], ["5 L", "1163.00"]]}, {"product_id": "1604851420_46084", "category": "Gourmet & World Food", "sub_category_name": "Oils & Vinegar", "product_name": "Olive Oil - Classic", "product_brand": "BORGES", "img_src": "https://www.bigbasket.com/media/uploads/p/mm/40018240_3-borges-olive-oil-classic.jpg", "combo": []}, {"product_id": "1604851420_23524", "category": "Gourmet & World Food", "sub_category_name": "Oils & Vinegar", "product_name": "Balsamic Vineger", "product_brand": "Neo", "img_src": "https://www.bigbasket.com/media/uploads/p/mm/40107625_5-neo-balsamic-vineger.jpg", "combo": [["2x370 ml", "585.00"], ["370 ml", "292.50"]]}, {"product_id": "1604851421_52324", "category": "Gourmet & World Food", "sub_category_name": "Oils & Vinegar", "product_name": "Olive Oil - Extra Virgin", "product_brand": "Colavita", "img_src": "https://www.bigbasket.com/media/uploads/p/mm/40051062_2-colavita-olive-oil-extra-virgin.jpg", "combo": []}, {"product_id": "1604851422_26404", "category": "Gourmet & World Food", "sub_category_name": "Oils & Vinegar", "product_name": "Albero Buono Bio Olio Extra Vergine Di Oliva", "product_brand": "Olitalia", "img_src": "https://www.bigbasket.com/media/uploads/p/mm/40114624_2-olitalia-albero-buono-bio-olio-extra-vergine-di-oliva.jpg", "combo": []}, {"product_id": "1604851423_37124", "category": "Gourmet & World Food", "sub_category_name": "Oils & Vinegar", "product_name": "Apple Cider Vinegar", "product_brand": "Voila", "img_src": "https://www.bigbasket.com/media/uploads/p/mm/40075030_5-voila-apple-cider-vinegar.jpg", "combo": []}, {"product_id": "1604851424_97284", "category": "Gourmet & World Food", "sub_category_name": "Oils & Vinegar", "product_name": "Olive Oil - Extra Virgin", "product_brand": "Dolce Vita", "img_src": "https://www.bigbasket.com/media/uploads/p/mm/30003479_2-dolce-vita-olive-oil-extra-virgin.jpg", "combo": []}, {"product_id": "1604851425_24644", "category": "Gourmet & World Food", "sub_category_name": "Oils & Vinegar", "product_name": "Sushi Vinegar", "product_brand": "Japanese Choice", "img_src": "https://www.bigbasket.com/media/uploads/p/mm/40039136_3-japanese-choice-sushi-vinegar.jpg", "combo": []}, {"product_id": "1604851426_61124", "category": "Gourmet & World Food", "sub_category_name": "Oils & Vinegar", "product_name": "Virgin Coconut Oil - Cold Pressed, Natural", "product_brand": "Coco Soul", "img_src": "https://www.bigbasket.com/media/uploads/p/mm/40145471_3-coco-soul-virgin-coconut-oil-cold-pressed-natural.jpg", "combo": []}, {"product_id": "1604851427_24964", "category": "Gourmet & World Food", "sub_category_name": "Oils & Vinegar", "product_name": "Organic - Coconut Oil", "product_brand": "Earthon", "img_src": "https://www.bigbasket.com/media/uploads/p/mm/40171740_1-earthon-organic-coconut-oil.jpg", "combo": []}, {"product_id": "1604851427_1444", "category": "Gourmet & World Food", "sub_category_name": "Oils & Vinegar", "product_name": "Extra Virgin Olive Oil 1L + Olive Oil - Extra Light 2L", "product_brand": "BORGES", "img_src": "https://www.bigbasket.com/media/uploads/p/mm/1212200_1-borges-extra-virgin-olive-oil-1l-olive-oil-extra-light-2l.jpg", "combo": []}, {"product_id": "1604851428_58404", "category": "Gourmet & World Food", "sub_category_name": "Oils & Vinegar", "product_name": "Curry Coriander Infused Oil", "product_brand": "Coco Soul", "img_src": "https://www.bigbasket.com/media/uploads/p/mm/40160078_1-coco-soul-curry-coriander-infused-oil.jpg", "combo": []}, {"product_id": "1604851429_20804", "category": "Gourmet & World Food", "sub_category_name": "Oils & Vinegar", "product_name": "Apple Cider Vinegar + Honey", "product_brand": "Kapiva Ayurveda", "img_src": "https://www.bigbasket.com/media/uploads/p/mm/40131662_4-kapiva-ayurveda-apple-cider-vinegar-honey.jpg", "combo": []}, {"product_id": "1604851429_38724", "category": "Gourmet & World Food", "sub_category_name": "Oils & Vinegar", "product_name": "Kerala Virgin Coconut Oil", "product_brand": "Kapiva Ayurveda", "img_src": "https://www.bigbasket.com/media/uploads/p/mm/40185106_3-kapiva-ayurveda-kerala-virgin-coconut-oil.jpg", "combo": []}, {"product_id": "1604851430_49764", "category": "Gourmet & World Food", "sub_category_name": "Oils & Vinegar", "product_name": "Disano Olive Oil Extra Virgin 500ml + Pasta Elbow 500G + Ragu Pasta Sauce 453G", "product_brand": "bb Combo", "img_src": "https://www.bigbasket.com/media/uploads/p/mm/1203215_1-bb-combo-disano-olive-oil-extra-virgin-500ml-pasta-elbow-500g-ragu-pasta-sauce-453g.jpg", "combo": []}, {"product_id": "1604851431_20484", "category": "Gourmet & World Food", "sub_category_name": "Oils & Vinegar", "product_name": "Disano Pasta Spaghetti 500G+Olive Oil Extra Light 1L+HappyChef Pasta Sauce 270G", "product_brand": "bb Combo", "img_src": "https://www.bigbasket.com/media/uploads/p/mm/1203216_1-bb-combo-disano-pasta-spaghetti-500golive-oil-extra-light-1lhappychef-pasta-sauce-270g.jpg", "combo": []}, {"product_id": "1604851432_20964", "category": "Gourmet & World Food", "sub_category_name": "Oils & Vinegar", "product_name": "Del Monte Pasta 500g + Olive Oil Extra Virgin 1L + Happy Chef Pasta Sauce 270g", "product_brand": "bb Combo", "img_src": "https://www.bigbasket.com/media/uploads/p/mm/1202692_1-bb-combo-del-monte-pasta-500g-olive-oil-extra-virgin-1l-happy-chef-pasta-sauce-270g.jpg", "combo": []}, {"product_id": "1604851432_29124", "category": "Gourmet & World Food", "sub_category_name": "Oils & Vinegar", "product_name": "Organic Cold Pressed - Mustard Oil", "product_brand": "Nutty Yogi", "img_src": "https://www.bigbasket.com/media/uploads/p/mm/40112376_2-nutty-yogi-organic-cold-pressed-mustard-oil.jpg", "combo": []}, {"product_id": "1604851433_9124", "category": "Gourmet & World Food", "sub_category_name": "Oils & Vinegar", "product_name": "Classico Olive Oil", "product_brand": "Bertolli", "img_src": "https://www.bigbasket.com/media/uploads/p/mm/40011509_22-bertolli-classico-olive-oil.jpg", "combo": []}, {"product_id": "1604851434_37124", "category": "Gourmet & World Food", "sub_category_name": "Oils & Vinegar", "product_name": "White Vinegar", "product_brand": "Neo", "img_src": "https://www.bigbasket.com/media/uploads/p/mm/40107624_6-neo-white-vinegar.jpg", "combo": [["370 ml", "112.50"], ["2x370 ml", "225.00"]]}, {"product_id": "1604851435_82884", "category": "Gourmet & World Food", "sub_category_name": "Oils & Vinegar", "product_name": "Canola Oil", "product_brand": "Jivo", "img_src": "https://www.bigbasket.com/media/uploads/p/mm/282780_5-jivo-canola-oil.jpg", "combo": [["1 L", "215.00"], ["5 L", "1163.00"]]}, {"product_id": "1604851436_36804", "category": "Gourmet & World Food", "sub_category_name": "Oils & Vinegar", "product_name": "Olive Oil - Classic", "product_brand": "BORGES", "img_src": "https://www.bigbasket.com/media/uploads/p/mm/40018240_3-borges-olive-oil-classic.jpg", "combo": []}, {"product_id": "1604851437_29764", "category": "Gourmet & World Food", "sub_category_name": "Oils & Vinegar", "product_name": "Balsamic Vineger", "product_brand": "Neo", "img_src": "https://www.bigbasket.com/media/uploads/p/mm/40107625_5-neo-balsamic-vineger.jpg", "combo": [["2x370 ml", "585.00"], ["370 ml", "292.50"]]}, {"product_id": "1604851438_71684", "category": "Gourmet & World Food", "sub_category_name": "Oils & Vinegar", "product_name": "Olive Oil - Extra Virgin", "product_brand": "Colavita", "img_src": "https://www.bigbasket.com/media/uploads/p/mm/40051062_2-colavita-olive-oil-extra-virgin.jpg", "combo": []}, {"product_id": "1604851439_65604", "category": "Gourmet & World Food", "sub_category_name": "Oils & Vinegar", "product_name": "Albero Buono Bio Olio Extra Vergine Di Oliva", "product_brand": "Olitalia", "img_src": "https://www.bigbasket.com/media/uploads/p/mm/40114624_2-olitalia-albero-buono-bio-olio-extra-vergine-di-oliva.jpg", "combo": []}, {"product_id": "1604851439_91684", "category": "Gourmet & World Food", "sub_category_name": "Oils & Vinegar", "product_name": "Apple Cider Vinegar", "product_brand": "Voila", "img_src": "https://www.bigbasket.com/media/uploads/p/mm/40075030_5-voila-apple-cider-vinegar.jpg", "combo": []}, {"product_id": "1604851440_68004", "category": "Gourmet & World Food", "sub_category_name": "Oils & Vinegar", "product_name": "Olive Oil - Extra Virgin", "product_brand": "Dolce Vita", "img_src": "https://www.bigbasket.com/media/uploads/p/mm/30003479_2-dolce-vita-olive-oil-extra-virgin.jpg", "combo": []}, {"product_id": "1604851441_1444", "category": "Gourmet & World Food", "sub_category_name": "Oils & Vinegar", "product_name": "Sushi Vinegar", "product_brand": "Japanese Choice", "img_src": "https://www.bigbasket.com/media/uploads/p/mm/40039136_3-japanese-choice-sushi-vinegar.jpg", "combo": []}, {"product_id": "1604851441_56164", "category": "Gourmet & World Food", "sub_category_name": "Oils & Vinegar", "product_name": "Virgin Coconut Oil - Cold Pressed, Natural", "product_brand": "Coco Soul", "img_src": "https://www.bigbasket.com/media/uploads/p/mm/40145471_3-coco-soul-virgin-coconut-oil-cold-pressed-natural.jpg", "combo": []}, {"product_id": "1604851442_16164", "category": "Gourmet & World Food", "sub_category_name": "Oils & Vinegar", "product_name": "Organic - Coconut Oil", "product_brand": "Earthon", "img_src": "https://www.bigbasket.com/media/uploads/p/mm/40171740_1-earthon-organic-coconut-oil.jpg", "combo": []}, {"product_id": "1604851443_13604", "category": "Gourmet & World Food", "sub_category_name": "Oils & Vinegar", "product_name": "Extra Virgin Olive Oil 1L + Olive Oil - Extra Light 2L", "product_brand": "BORGES", "img_src": "https://www.bigbasket.com/media/uploads/p/mm/1212200_1-borges-extra-virgin-olive-oil-1l-olive-oil-extra-light-2l.jpg", "combo": []}, {"product_id": "1604851444_48164", "category": "Gourmet & World Food", "sub_category_name": "Oils & Vinegar", "product_name": "Curry Coriander Infused Oil", "product_brand": "Coco Soul", "img_src": "https://www.bigbasket.com/media/uploads/p/mm/40160078_1-coco-soul-curry-coriander-infused-oil.jpg", "combo": []}, {"product_id": "1604851444_16324", "category": "Gourmet & World Food", "sub_category_name": "Oils & Vinegar", "product_name": "Apple Cider Vinegar + Honey", "product_brand": "Kapiva Ayurveda", "img_src": "https://www.bigbasket.com/media/uploads/p/mm/40131662_4-kapiva-ayurveda-apple-cider-vinegar-honey.jpg", "combo": []}, {"product_id": "1604851445_94244", "category": "Gourmet & World Food", "sub_category_name": "Oils & Vinegar", "product_name": "Kerala Virgin Coconut Oil", "product_brand": "Kapiva Ayurveda", "img_src": "https://www.bigbasket.com/media/uploads/p/mm/40185106_3-kapiva-ayurveda-kerala-virgin-coconut-oil.jpg", "combo": []}, {"product_id": "1604851446_89124", "category": "Gourmet & World Food", "sub_category_name": "Oils & Vinegar", "product_name": "Disano Olive Oil Extra Virgin 500ml + Pasta Elbow 500G + Ragu Pasta Sauce 453G", "product_brand": "bb Combo", "img_src": "https://www.bigbasket.com/media/uploads/p/mm/1203215_1-bb-combo-disano-olive-oil-extra-virgin-500ml-pasta-elbow-500g-ragu-pasta-sauce-453g.jpg", "combo": []}, {"product_id": "1604851447_69284", "category": "Gourmet & World Food", "sub_category_name": "Oils & Vinegar", "product_name": "Disano Pasta Spaghetti 500G+Olive Oil Extra Light 1L+HappyChef Pasta Sauce 270G", "product_brand": "bb Combo", "img_src": "https://www.bigbasket.com/media/uploads/p/mm/1203216_1-bb-combo-disano-pasta-spaghetti-500golive-oil-extra-light-1lhappychef-pasta-sauce-270g.jpg", "combo": []}, {"product_id": "1604851448_48164", "category": "Gourmet & World Food", "sub_category_name": "Oils & Vinegar", "product_name": "Del Monte Pasta 500g + Olive Oil Extra Virgin 1L + Happy Chef Pasta Sauce 270g", "product_brand": "bb Combo", "img_src": "https://www.bigbasket.com/media/uploads/p/mm/1202692_1-bb-combo-del-monte-pasta-500g-olive-oil-extra-virgin-1l-happy-chef-pasta-sauce-270g.jpg", "combo": []}, {"product_id": "1604851449_88164", "category": "Gourmet & World Food", "sub_category_name": "Oils & Vinegar", "product_name": "Organic Cold Pressed - Mustard Oil", "product_brand": "Nutty Yogi", "img_src": "https://www.bigbasket.com/media/uploads/p/mm/40112376_2-nutty-yogi-organic-cold-pressed-mustard-oil.jpg", "combo": []}, {"product_id": "1604851450_10724", "category": "Gourmet & World Food", "sub_category_name": "Oils & Vinegar", "product_name": "Classico Olive Oil", "product_brand": "Bertolli", "img_src": "https://www.bigbasket.com/media/uploads/p/mm/40011509_22-bertolli-classico-olive-oil.jpg", "combo": []}, {"product_id": "1604851451_1924", "category": "Gourmet & World Food", "sub_category_name": "Oils & Vinegar", "product_name": "White Vinegar", "product_brand": "Neo", "img_src": "https://www.bigbasket.com/media/uploads/p/mm/40107624_6-neo-white-vinegar.jpg", "combo": [["370 ml", "112.50"], ["2x370 ml", "225.00"]]}, {"product_id": "1604851451_72004", "category": "Gourmet & World Food", "sub_category_name": "Oils & Vinegar", "product_name": "Canola Oil", "product_brand": "Jivo", "img_src": "https://www.bigbasket.com/media/uploads/p/mm/282780_5-jivo-canola-oil.jpg", "combo": [["1 L", "215.00"], ["5 L", "1163.00"]]}, {"product_id": "1604851452_10404", "category": "Gourmet & World Food", "sub_category_name": "Oils & Vinegar", "product_name": "Olive Oil - Classic", "product_brand": "BORGES", "img_src": "https://www.bigbasket.com/media/uploads/p/mm/40018240_3-borges-olive-oil-classic.jpg", "combo": []}, {"product_id": "1604851453_33604", "category": "Gourmet & World Food", "sub_category_name": "Oils & Vinegar", "product_name": "Balsamic Vineger", "product_brand": "Neo", "img_src": "https://www.bigbasket.com/media/uploads/p/mm/40107625_5-neo-balsamic-vineger.jpg", "combo": [["2x370 ml", "585.00"], ["370 ml", "292.50"]]}, {"product_id": "1604851454_4644", "category": "Gourmet & World Food", "sub_category_name": "Oils & Vinegar", "product_name": "Olive Oil - Extra Virgin", "product_brand": "Colavita", "img_src": "https://www.bigbasket.com/media/uploads/p/mm/40051062_2-colavita-olive-oil-extra-virgin.jpg", "combo": []}, {"product_id": "1604851455_6724", "category": "Gourmet & World Food", "sub_category_name": "Oils & Vinegar", "product_name": "Albero Buono Bio Olio Extra Vergine Di Oliva", "product_brand": "Olitalia", "img_src": "https://www.bigbasket.com/media/uploads/p/mm/40114624_2-olitalia-albero-buono-bio-olio-extra-vergine-di-oliva.jpg", "combo": []}, {"product_id": "1604851456_39364", "category": "Gourmet & World Food", "sub_category_name": "Oils & Vinegar", "product_name": "Apple Cider Vinegar", "product_brand": "Voila", "img_src": "https://www.bigbasket.com/media/uploads/p/mm/40075030_5-voila-apple-cider-vinegar.jpg", "combo": []}, {"product_id": "1604851456_81444", "category": "Gourmet & World Food", "sub_category_name": "Oils & Vinegar", "product_name": "Olive Oil - Extra Virgin", "product_brand": "Dolce Vita", "img_src": "https://www.bigbasket.com/media/uploads/p/mm/30003479_2-dolce-vita-olive-oil-extra-virgin.jpg", "combo": []}, {"product_id": "1604851457_9764", "category": "Gourmet & World Food", "sub_category_name": "Oils & Vinegar", "product_name": "Sushi Vinegar", "product_brand": "Japanese Choice", "img_src": "https://www.bigbasket.com/media/uploads/p/mm/40039136_3-japanese-choice-sushi-vinegar.jpg", "combo": []}, {"product_id": "1604851458_51204", "category": "Gourmet & World Food", "sub_category_name": "Oils & Vinegar", "product_name": "Virgin Coconut Oil - Cold Pressed, Natural", "product_brand": "Coco Soul", "img_src": "https://www.bigbasket.com/media/uploads/p/mm/40145471_3-coco-soul-virgin-coconut-oil-cold-pressed-natural.jpg", "combo": []}, {"product_id": "1604851458_95044", "category": "Gourmet & World Food", "sub_category_name": "Oils & Vinegar", "product_name": "Organic - Coconut Oil", "product_brand": "Earthon", "img_src": "https://www.bigbasket.com/media/uploads/p/mm/40171740_1-earthon-organic-coconut-oil.jpg", "combo": []}]