[{"product_id": "1604849276_66244", "category": "Eggs, Meat & Fish", "sub_category_name": "Sausages, Bacon & Salami", "product_name": "Pomfret - Whole", "product_brand": "Cambay Tiger", "img_src": "https://www.bigbasket.com/media/uploads/p/s/40068220_3-cambay-tiger-pomfret-whole.jpg", "combo": []}, {"product_id": "1604849277_70084", "category": "Eggs, Meat & Fish", "sub_category_name": "Sausages, Bacon & Salami", "product_name": "Surmai Medium", "product_brand": "Cambay Tiger", "img_src": "https://www.bigbasket.com/media/uploads/p/s/40068222_3-cambay-tiger-surmai-medium.jpg", "combo": []}, {"product_id": "1604849278_92324", "category": "Eggs, Meat & Fish", "sub_category_name": "Sausages, Bacon & Salami", "product_name": "Italian - Sausages Chicken", "product_brand": "Yummiez", "img_src": "https://www.bigbasket.com/media/uploads/p/s/40019624_4-yummiez-italian-sausages-chicken.jpg", "combo": []}, {"product_id": "1604849279_67524", "category": "Eggs, Meat & Fish", "sub_category_name": "Sausages, Bacon & Salami", "product_name": "Pork - Streaky Bacon, Sliced", "product_brand": "Fresho Signature", "img_src": "https://www.bigbasket.com/media/uploads/p/s/40094879_2-fresho-signature-pork-streaky-bacon-sliced.jpg", "combo": []}, {"product_id": "1604849280_37284", "category": "Eggs, Meat & Fish", "sub_category_name": "Sausages, Bacon & Salami", "product_name": "Pork - Smoked Breakfast Ham, Sliced", "product_brand": "Fresho Signature", "img_src": "https://www.bigbasket.com/media/uploads/p/s/40094813_2-fresho-signature-pork-smoked-breakfast-ham-sliced.jpg", "combo": []}, {"product_id": "1604849280_13764", "category": "Eggs, Meat & Fish", "sub_category_name": "Sausages, Bacon & Salami", "product_name": "Pork Streaky Bacon - Heat & Serve", "product_brand": "Buffet", "img_src": "https://www.bigbasket.com/media/uploads/p/s/40002879_1-buffet-pork-streaky-bacon-heat-serve.jpg", "combo": []}, {"product_id": "1604849281_36004", "category": "Eggs, Meat & Fish", "sub_category_name": "Sausages, Bacon & Salami", "product_name": "Chicken Sausage - Heat & Serve", "product_brand": "Buffet", "img_src": "https://www.bigbasket.com/media/uploads/p/s/40002876_3-buffet-chicken-sausage-heat-serve.jpg", "combo": []}, {"product_id": "1604849282_39524", "category": "Eggs, Meat & Fish", "sub_category_name": "Sausages, Bacon & Salami", "product_name": "Chicken - Seekh Kebab", "product_brand": "Meatzza", "img_src": "https://www.bigbasket.com/media/uploads/p/s/40059419_3-meatzza-chicken-seekh-kebab.jpg", "combo": [["250 g", "170.00"], ["1 kg", "550.00"], ["500 g", "325.00"]]}, {"product_id": "1604849283_4", "category": "Eggs, Meat & Fish", "sub_category_name": "Sausages, Bacon & Salami", "product_name": "Chicken Cocktail Sausage - Heat & Serve", "product_brand": "Buffet", "img_src": "https://www.bigbasket.com/media/uploads/p/s/40002877_1-buffet-chicken-cocktail-sausage-heat-serve.jpg", "combo": []}, {"product_id": "1604849283_64164", "category": "Eggs, Meat & Fish", "sub_category_name": "Sausages, Bacon & Salami", "product_name": "Pork Back Bacon - Heat & Serve", "product_brand": "Buffet", "img_src": "https://www.bigbasket.com/media/uploads/p/s/40002880_4-buffet-pork-back-bacon-heat-serve.jpg", "combo": [["400 g", "610.00"], ["150 g", "240.00"]]}, {"product_id": "1604849284_69284", "category": "Eggs, Meat & Fish", "sub_category_name": "Sausages, Bacon & Salami", "product_name": "Chicken Bockwurst with Granulated Pepper - Heat & Serve", "product_brand": "Buffet", "img_src": "https://www.bigbasket.com/media/uploads/p/s/40002875_4-buffet-chicken-bockwurst-with-granulated-pepper-heat-serve.jpg", "combo": []}, {"product_id": "1604849285_92484", "category": "Eggs, Meat & Fish", "sub_category_name": "Sausages, Bacon & Salami", "product_name": "Chicken Cocktail Sausage - Garlic & Herbs (Heat & Serve)", "product_brand": "Buffet", "img_src": "https://www.bigbasket.com/media/uploads/p/s/40001198_3-buffet-chicken-cocktail-sausage-garlic-herbs-heat-serve.jpg", "combo": []}, {"product_id": "1604849286_53924", "category": "Eggs, Meat & Fish", "sub_category_name": "Sausages, Bacon & Salami", "product_name": "Pork - Spanish Toast Ham, Sliced", "product_brand": "Fresho Signature", "img_src": "https://www.bigbasket.com/media/uploads/p/s/40094828_2-fresho-signature-pork-spanish-toast-ham-sliced.jpg", "combo": []}, {"product_id": "1604849286_2884", "category": "Eggs, Meat & Fish", "sub_category_name": "Sausages, Bacon & Salami", "product_name": "Pork Salami - Ready To Serve", "product_brand": "Buffet", "img_src": "https://www.bigbasket.com/media/uploads/p/s/40002878_2-buffet-pork-salami-ready-to-serve.jpg", "combo": []}, {"product_id": "1604849288_62084", "category": "Eggs, Meat & Fish", "sub_category_name": "Sausages, Bacon & Salami", "product_name": "Sausage - Chicken, Cocktail", "product_brand": "Quickee'S", "img_src": "https://www.bigbasket.com/media/uploads/p/s/40125057_2-quickees-sausage-chicken-cocktail.jpg", "combo": []}, {"product_id": "1604849289_76804", "category": "Eggs, Meat & Fish", "sub_category_name": "Sausages, Bacon & Salami", "product_name": "Chicken - Cheese N Onion Sausages", "product_brand": "Zorabian", "img_src": "https://www.bigbasket.com/media/uploads/p/s/40020423_1-zorabian-chicken-cheese-n-onion-sausages.jpg", "combo": []}, {"product_id": "1604849289_24644", "category": "Eggs, Meat & Fish", "sub_category_name": "Sausages, Bacon & Salami", "product_name": "Sausage - Pork, Super Bacon", "product_brand": "Quickee'S", "img_src": "https://www.bigbasket.com/media/uploads/p/s/40125074_2-quickees-sausage-pork-super-bacon.jpg", "combo": []}, {"product_id": "1604849290_98244", "category": "Eggs, Meat & Fish", "sub_category_name": "Sausages, Bacon & Salami", "product_name": "Pork - Traditional Honey Roasted Ham, Sliced", "product_brand": "Fresho Signature", "img_src": "https://www.bigbasket.com/media/uploads/p/s/40094804_2-fresho-signature-pork-traditional-honey-roasted-ham-sliced.jpg", "combo": [["100 g", "329.40"], ["200 g", "657.90"]]}, {"product_id": "1604849291_57284", "category": "Eggs, Meat & Fish", "sub_category_name": "Sausages, Bacon & Salami", "product_name": "Pork Frankfurter - Heat & Serve", "product_brand": "Buffet", "img_src": "https://www.bigbasket.com/media/uploads/p/s/40002874_5-buffet-pork-frankfurter-heat-serve.jpg", "combo": []}, {"product_id": "1604849291_98724", "category": "Eggs, Meat & Fish", "sub_category_name": "Sausages, Bacon & Salami", "product_name": "Frankfurter - Chicken", "product_brand": "Quickee'S", "img_src": "https://www.bigbasket.com/media/uploads/p/s/40125058_4-quickees-frankfurter-chicken.jpg", "combo": []}, {"product_id": "1604849292_51364", "category": "Eggs, Meat & Fish", "sub_category_name": "Sausages, Bacon & Salami", "product_name": "Chicken - Spicy Sausages", "product_brand": "Zorabian", "img_src": "https://www.bigbasket.com/media/uploads/p/mm/40020422_5-zorabian-chicken-spicy-sausages.jpg", "combo": []}, {"product_id": "1604849293_64964", "category": "Eggs, Meat & Fish", "sub_category_name": "Sausages, Bacon & Salami", "product_name": "Pork - Back Bacon", "product_brand": "sumeru", "img_src": "https://www.bigbasket.com/media/uploads/p/mm/40055138_2-sumeru-pork-back-bacon.jpg", "combo": [["150 g", "245.00"], ["500 g", "631.75"]]}, {"product_id": "1604849293_32164", "category": "Eggs, Meat & Fish", "sub_category_name": "Sausages, Bacon & Salami", "product_name": "Chicken - Cocktail Pepper Sausages", "product_brand": "Zorabian", "img_src": "https://www.bigbasket.com/media/uploads/p/mm/40020426_3-zorabian-chicken-cocktail-pepper-sausages.jpg", "combo": []}, {"product_id": "1604849294_95044", "category": "Eggs, Meat & Fish", "sub_category_name": "Sausages, Bacon & Salami", "product_name": "Chicken - Salami", "product_brand": "Zorabian", "img_src": "https://www.bigbasket.com/media/uploads/p/mm/40020424_2-zorabian-chicken-salami.jpg", "combo": []}, {"product_id": "1604849295_71204", "category": "Eggs, Meat & Fish", "sub_category_name": "Sausages, Bacon & Salami", "product_name": "Chicken - Sausages", "product_brand": "Zorabian", "img_src": "https://www.bigbasket.com/media/uploads/p/mm/40020420_2-zorabian-chicken-sausages.jpg", "combo": []}, {"product_id": "1604849295_38884", "category": "Eggs, Meat & Fish", "sub_category_name": "Sausages, Bacon & Salami", "product_name": "Chicken - Salami Plain Sliced", "product_brand": "Meatzza", "img_src": "https://www.bigbasket.com/media/uploads/p/mm/40059418_5-meatzza-chicken-salami-plain-sliced.jpg", "combo": [["250 g", "150.00"], ["500 g", "275.00"]]}, {"product_id": "1604849296_14884", "category": "Eggs, Meat & Fish", "sub_category_name": "Sausages, Bacon & Salami", "product_name": "Salami - Chicken N Cheese, Spicy", "product_brand": "Zorabian", "img_src": "https://www.bigbasket.com/media/uploads/p/mm/40122528_4-zorabian-salami-chicken-n-cheese-spicy.jpg", "combo": []}, {"product_id": "1604849296_50884", "category": "Eggs, Meat & Fish", "sub_category_name": "Sausages, Bacon & Salami", "product_name": "Chicken - Spicy Salami", "product_brand": "Zorabian", "img_src": "https://www.bigbasket.com/media/uploads/p/mm/40020427_5-zorabian-chicken-spicy-salami.jpg", "combo": []}, {"product_id": "1604849297_46084", "category": "Eggs, Meat & Fish", "sub_category_name": "Sausages, Bacon & Salami", "product_name": "Chicken - Salami Masala Slice", "product_brand": "Meatzza", "img_src": "https://www.bigbasket.com/media/uploads/p/mm/40049532_4-meatzza-chicken-salami-masala-slice.jpg", "combo": [["500 g", "275.00"], ["250 g", "150.00"]]}, {"product_id": "1604849298_34724", "category": "Eggs, Meat & Fish", "sub_category_name": "Sausages, Bacon & Salami", "product_name": "Bratwurst - Pork", "product_brand": "Bon Appetit", "img_src": "https://www.bigbasket.com/media/uploads/p/mm/40003082_9-bon-appetit-bratwurst-pork.jpg", "combo": []}, {"product_id": "1604849299_81124", "category": "Eggs, Meat & Fish", "sub_category_name": "Sausages, Bacon & Salami", "product_name": "Pork - Salami", "product_brand": "ALF-FARMS", "img_src": "https://www.bigbasket.com/media/uploads/p/mm/800350719_1-alf-farms-pork-salami.jpg", "combo": []}, {"product_id": "1604849300_36644", "category": "Eggs, Meat & Fish", "sub_category_name": "Sausages, Bacon & Salami", "product_name": "Chicken Spicy Breast Strips", "product_brand": "Meatzza", "img_src": "https://www.bigbasket.com/media/uploads/p/mm/40183635_4-meatzza-chicken-spicy-breast-strips.jpg", "combo": []}, {"product_id": "1604849301_29284", "category": "Eggs, Meat & Fish", "sub_category_name": "Sausages, Bacon & Salami", "product_name": "Chicken - Finger", "product_brand": "Meatzza", "img_src": "https://www.bigbasket.com/media/uploads/p/mm/40049530_7-meatzza-chicken-finger.jpg", "combo": []}, {"product_id": "1604849301_98404", "category": "Eggs, Meat & Fish", "sub_category_name": "Sausages, Bacon & Salami", "product_name": "Chicken Jalapeno Cheese Nuggets", "product_brand": "Meatzza", "img_src": "https://www.bigbasket.com/media/uploads/p/mm/40183638_4-meatzza-chicken-jalapeno-cheese-nuggets.jpg", "combo": []}, {"product_id": "1604849302_13924", "category": "Eggs, Meat & Fish", "sub_category_name": "Sausages, Bacon & Salami", "product_name": "Chicken - Popcorn", "product_brand": "Meatzza", "img_src": "https://www.bigbasket.com/media/uploads/p/mm/40049542_8-meatzza-chicken-popcorn.jpg", "combo": []}, {"product_id": "1604849302_20004", "category": "Eggs, Meat & Fish", "sub_category_name": "Sausages, Bacon & Salami", "product_name": "Chicken - Nuggets", "product_brand": "Meatzza", "img_src": "https://www.bigbasket.com/media/uploads/p/mm/40049529_6-meatzza-chicken-nuggets.jpg", "combo": []}, {"product_id": "1604849303_18244", "category": "Eggs, Meat & Fish", "sub_category_name": "Sausages, Bacon & Salami", "product_name": "Fresh Boneless Chicken Breast", "product_brand": "Meatzza", "img_src": "https://www.bigbasket.com/media/uploads/p/mm/40055084_2-meatzza-fresh-boneless-chicken-breast.jpg", "combo": []}, {"product_id": "1604849304_38244", "category": "Eggs, Meat & Fish", "sub_category_name": "Sausages, Bacon & Salami", "product_name": "Chicken - Sausage", "product_brand": "Meatzza", "img_src": "https://www.bigbasket.com/media/uploads/p/mm/40055083_3-meatzza-chicken-sausage.jpg", "combo": [["250 g", "170.00"], ["500 g", "300.00"]]}, {"product_id": "1604849305_2244", "category": "Eggs, Meat & Fish", "sub_category_name": "Sausages, Bacon & Salami", "product_name": "Chicken - Burger", "product_brand": "Meatzza", "img_src": "https://www.bigbasket.com/media/uploads/p/mm/40059416_4-meatzza-chicken-burger.jpg", "combo": []}, {"product_id": "1604849305_5604", "category": "Eggs, Meat & Fish", "sub_category_name": "Sausages, Bacon & Salami", "product_name": "Nuremberger - Pork", "product_brand": "Bon Appetit", "img_src": "https://www.bigbasket.com/media/uploads/p/mm/40003091_8-bon-appetit-nuremberger-pork.jpg", "combo": []}, {"product_id": "1604849306_46084", "category": "Eggs, Meat & Fish", "sub_category_name": "Sausages, Bacon & Salami", "product_name": "Pork - Breakfast Bacon", "product_brand": "Bon Appetit", "img_src": "https://www.bigbasket.com/media/uploads/p/mm/40055120_6-bon-appetit-pork-breakfast-bacon.jpg", "combo": [["300 g", "529.00"], ["500 g", "807.00"]]}, {"product_id": "1604849307_21284", "category": "Eggs, Meat & Fish", "sub_category_name": "Sausages, Bacon & Salami", "product_name": "Pork Frankfurters", "product_brand": "sumeru", "img_src": "https://www.bigbasket.com/media/uploads/p/mm/40055140_4-sumeru-pork-frankfurters.jpg", "combo": []}, {"product_id": "1604849307_1444", "category": "Eggs, Meat & Fish", "sub_category_name": "Sausages, Bacon & Salami", "product_name": "Pork - Smoked Pancetta, P.D.O, Sliced", "product_brand": "Fresho Signature", "img_src": "https://www.bigbasket.com/media/uploads/p/mm/40094858_1-fresho-signature-pork-smoked-pancetta-pdo-sliced.jpg", "combo": [["100 g", "352.80"], ["200 g", "705.60"]]}, {"product_id": "1604849308_90084", "category": "Eggs, Meat & Fish", "sub_category_name": "Sausages, Bacon & Salami", "product_name": "Pork - Black Forest Ham", "product_brand": "Bon Appetit", "img_src": "https://www.bigbasket.com/media/uploads/p/mm/40015769_3-bon-appetit-pork-black-forest-ham.jpg", "combo": []}, {"product_id": "1604849309_36484", "category": "Eggs, Meat & Fish", "sub_category_name": "Sausages, Bacon & Salami", "product_name": "Pork - D Shape Cooked Breakfast Ham, Sliced", "product_brand": "Fresho Signature", "img_src": "https://www.bigbasket.com/media/uploads/p/mm/40094798_2-fresho-signature-pork-d-shape-cooked-breakfast-ham-sliced.jpg", "combo": []}, {"product_id": "1604849309_52324", "category": "Eggs, Meat & Fish", "sub_category_name": "Sausages, Bacon & Salami", "product_name": "Pork - Cooked Ham", "product_brand": "Bon Appetit", "img_src": "https://www.bigbasket.com/media/uploads/p/mm/40015768_6-bon-appetit-pork-cooked-ham.jpg", "combo": []}, {"product_id": "1604849310_43204", "category": "Eggs, Meat & Fish", "sub_category_name": "Sausages, Bacon & Salami", "product_name": "Chicken Breast Ham Chilli", "product_brand": "Bon Appetit", "img_src": "https://www.bigbasket.com/media/uploads/p/mm/40015770_4-bon-appetit-chicken-breast-ham-chilli.jpg", "combo": []}, {"product_id": "1604849311_76324", "category": "Eggs, Meat & Fish", "sub_category_name": "Sausages, Bacon & Salami", "product_name": "DVC - Small", "product_brand": "Cambay Tiger", "img_src": "https://www.bigbasket.com/media/uploads/p/mm/40003116_3-cambay-tiger-dvc-small.jpg", "combo": []}, {"product_id": "1604849312_54884", "category": "Eggs, Meat & Fish", "sub_category_name": "Sausages, Bacon & Salami", "product_name": "DVC - Medium", "product_brand": "Cambay Tiger", "img_src": "https://www.bigbasket.com/media/uploads/p/mm/40003142_4-cambay-tiger-dvc-medium.jpg", "combo": [["300 g", "360.00"], ["600 g", "695.00"]]}, {"product_id": "1604849313_20804", "category": "Eggs, Meat & Fish", "sub_category_name": "Sausages, Bacon & Salami", "product_name": "Basa Chunks", "product_brand": "Cambay Tiger", "img_src": "https://www.bigbasket.com/media/uploads/p/mm/40003144_4-cambay-tiger-basa-chunks.jpg", "combo": []}, {"product_id": "1604849313_71844", "category": "Eggs, Meat & Fish", "sub_category_name": "Sausages, Bacon & Salami", "product_name": "Chicken - Tandoori Wings", "product_brand": "Meatzza", "img_src": "https://www.bigbasket.com/media/uploads/p/mm/40049528_2-meatzza-chicken-tandoori-wings.jpg", "combo": []}, {"product_id": "1604849314_31044", "category": "Eggs, Meat & Fish", "sub_category_name": "Sausages, Bacon & Salami", "product_name": "Fresh Chicken Curry Cut Bone In", "product_brand": "Meatzza", "img_src": "https://www.bigbasket.com/media/uploads/p/mm/40055088_4-meatzza-fresh-chicken-curry-cut-bone-in.jpg", "combo": []}, {"product_id": "1604849315_8964", "category": "Eggs, Meat & Fish", "sub_category_name": "Sausages, Bacon & Salami", "product_name": "Smoked Back Bacon", "product_brand": "Meatzza", "img_src": "https://www.bigbasket.com/media/uploads/p/mm/40059426_2-meatzza-smoked-back-bacon.jpg", "combo": []}, {"product_id": "1604849315_92644", "category": "Eggs, Meat & Fish", "sub_category_name": "Sausages, Bacon & Salami", "product_name": "Fresh Boneless Chicken Thighs", "product_brand": "Meatzza", "img_src": "https://www.bigbasket.com/media/uploads/p/mm/40055085_2-meatzza-fresh-boneless-chicken-thighs.jpg", "combo": []}, {"product_id": "1604849316_31364", "category": "Eggs, Meat & Fish", "sub_category_name": "Sausages, Bacon & Salami", "product_name": "Fresh Chicken Drumsticks", "product_brand": "Meatzza", "img_src": "https://www.bigbasket.com/media/uploads/p/mm/40055086_3-meatzza-fresh-chicken-drumsticks.jpg", "combo": []}, {"product_id": "1604849316_11684", "category": "Eggs, Meat & Fish", "sub_category_name": "Sausages, Bacon & Salami", "product_name": "Fresh Chicken Mince", "product_brand": "Meatzza", "img_src": "https://www.bigbasket.com/media/uploads/p/mm/40055087_4-meatzza-fresh-chicken-mince.jpg", "combo": []}, {"product_id": "1604849317_51524", "category": "Eggs, Meat & Fish", "sub_category_name": "Sausages, Bacon & Salami", "product_name": "Chicken - Jumbo Hot Dog", "product_brand": "Meatzza", "img_src": "https://www.bigbasket.com/media/uploads/p/mm/40049537_6-meatzza-chicken-jumbo-hot-dog.jpg", "combo": []}, {"product_id": "1604849318_35844", "category": "Eggs, Meat & Fish", "sub_category_name": "Sausages, Bacon & Salami", "product_name": "Krakauer - Pork Garlic", "product_brand": "Bon Appetit", "img_src": "https://www.bigbasket.com/media/uploads/p/mm/40003076_11-bon-appetit-krakauer-pork-garlic.jpg", "combo": []}, {"product_id": "1604849318_23844", "category": "Eggs, Meat & Fish", "sub_category_name": "Sausages, Bacon & Salami", "product_name": "Chicken - Cheese & Chili", "product_brand": "Bon Appetit", "img_src": "https://www.bigbasket.com/media/uploads/p/mm/40003078_10-bon-appetit-chicken-cheese-chili.jpg", "combo": []}, {"product_id": "1604849319_5764", "category": "Eggs, Meat & Fish", "sub_category_name": "Sausages, Bacon & Salami", "product_name": "Sausage - Chicken with Chives", "product_brand": "Bon Appetit", "img_src": "https://www.bigbasket.com/media/uploads/p/mm/40003080_10-bon-appetit-sausage-chicken-with-chives.jpg", "combo": []}, {"product_id": "1604849320_79844", "category": "Eggs, Meat & Fish", "sub_category_name": "Sausages, Bacon & Salami", "product_name": "Krakauer - Chicken Garlic", "product_brand": "Bon Appetit", "img_src": "https://www.bigbasket.com/media/uploads/p/mm/40003081_11-bon-appetit-krakauer-chicken-garlic.jpg", "combo": []}, {"product_id": "1604849320_3044", "category": "Eggs, Meat & Fish", "sub_category_name": "Sausages, Bacon & Salami", "product_name": "Nuremberger - Chicken", "product_brand": "Bon Appetit", "img_src": "https://www.bigbasket.com/media/uploads/p/mm/40003084_10-bon-appetit-nuremberger-chicken.jpg", "combo": []}, {"product_id": "1604849321_77924", "category": "Eggs, Meat & Fish", "sub_category_name": "Sausages, Bacon & Salami", "product_name": "Sausage - Pork Cheese", "product_brand": "Bon Appetit", "img_src": "https://www.bigbasket.com/media/uploads/p/mm/40003092_10-bon-appetit-sausage-pork-cheese.jpg", "combo": []}, {"product_id": "1604849321_1284", "category": "Eggs, Meat & Fish", "sub_category_name": "Sausages, Bacon & Salami", "product_name": "Pork - Cold Cut Paprika", "product_brand": "Bon Appetit", "img_src": "https://www.bigbasket.com/media/uploads/p/mm/40049616_5-bon-appetit-pork-cold-cut-paprika.jpg", "combo": []}, {"product_id": "1604849322_49284", "category": "Eggs, Meat & Fish", "sub_category_name": "Sausages, Bacon & Salami", "product_name": "Chilli Basil Basa Fish", "product_brand": "Cambay Tiger", "img_src": "https://www.bigbasket.com/media/uploads/p/mm/40068224_2-cambay-tiger-chilli-basil-basa-fish.jpg", "combo": []}, {"product_id": "1604849323_56164", "category": "Eggs, Meat & Fish", "sub_category_name": "Sausages, Bacon & Salami", "product_name": "Pork - Cold Cut Chilli", "product_brand": "Bon Appetit", "img_src": "https://www.bigbasket.com/media/uploads/p/mm/40015765_6-bon-appetit-pork-cold-cut-chilli.jpg", "combo": []}, {"product_id": "1604849324_43844", "category": "Eggs, Meat & Fish", "sub_category_name": "Sausages, Bacon & Salami", "product_name": "Bockwurst - Pork", "product_brand": "Bon Appetit", "img_src": "https://www.bigbasket.com/media/uploads/p/mm/40003077_11-bon-appetit-bockwurst-pork.jpg", "combo": []}, {"product_id": "1604849325_88164", "category": "Eggs, Meat & Fish", "sub_category_name": "Sausages, Bacon & Salami", "product_name": "Bacon - Pork, Prime", "product_brand": "Quickee'S", "img_src": "https://www.bigbasket.com/media/uploads/p/mm/40125079_4-quickees-bacon-pork-prime.jpg", "combo": []}, {"product_id": "1604849326_83044", "category": "Eggs, Meat & Fish", "sub_category_name": "Sausages, Bacon & Salami", "product_name": "Chicken - Meatball", "product_brand": "Meatzza", "img_src": "https://www.bigbasket.com/media/uploads/p/mm/40049540_5-meatzza-chicken-meatball.jpg", "combo": []}, {"product_id": "1604849326_71684", "category": "Eggs, Meat & Fish", "sub_category_name": "Sausages, Bacon & Salami", "product_name": "Pork - Momos, Original", "product_brand": "Prasuma", "img_src": "https://www.bigbasket.com/media/uploads/p/mm/40177264_3-prasuma-pork-momos-original.jpg", "combo": []}, {"product_id": "1604849327_42084", "category": "Eggs, Meat & Fish", "sub_category_name": "Sausages, Bacon & Salami", "product_name": "Sausage - Pork, Cocktail", "product_brand": "Quickee'S", "img_src": "https://www.bigbasket.com/media/uploads/p/mm/40125071_2-quickees-sausage-pork-cocktail.jpg", "combo": []}, {"product_id": "1604849328_21284", "category": "Eggs, Meat & Fish", "sub_category_name": "Sausages, Bacon & Salami", "product_name": "Sausage - Pork", "product_brand": "Quickee'S", "img_src": "https://www.bigbasket.com/media/uploads/p/mm/40125070_2-quickees-sausage-pork.jpg", "combo": []}, {"product_id": "1604849328_86884", "category": "Eggs, Meat & Fish", "sub_category_name": "Sausages, Bacon & Salami", "product_name": "Chicken - Momos, Original", "product_brand": "Prasuma", "img_src": "https://www.bigbasket.com/media/uploads/p/mm/40177262_4-prasuma-chicken-momos-original.jpg", "combo": []}, {"product_id": "1604849329_15844", "category": "Eggs, Meat & Fish", "sub_category_name": "Sausages, Bacon & Salami", "product_name": "Chicken - Momos, Spicy", "product_brand": "Prasuma", "img_src": "https://www.bigbasket.com/media/uploads/p/mm/40177263_4-prasuma-chicken-momos-spicy.jpg", "combo": []}, {"product_id": "1604849330_69124", "category": "Eggs, Meat & Fish", "sub_category_name": "Sausages, Bacon & Salami", "product_name": "Pork - Cocktail Sausages", "product_brand": "ALF-FARMS", "img_src": "https://www.bigbasket.com/media/uploads/p/mm/800350712_3-alf-farms-pork-cocktail-sausages.jpg", "combo": []}, {"product_id": "1604849330_51044", "category": "Eggs, Meat & Fish", "sub_category_name": "Sausages, Bacon & Salami", "product_name": "Chicken Fries", "product_brand": "Meatzza", "img_src": "https://www.bigbasket.com/media/uploads/p/mm/40183636_4-meatzza-chicken-fries.jpg", "combo": []}, {"product_id": "1604849331_85284", "category": "Eggs, Meat & Fish", "sub_category_name": "Sausages, Bacon & Salami", "product_name": "Pepperoni - Chicken", "product_brand": "Quickee'S", "img_src": "https://www.bigbasket.com/media/uploads/p/mm/40125062_2-quickees-pepperoni-chicken.jpg", "combo": []}, {"product_id": "1604849332_88804", "category": "Eggs, Meat & Fish", "sub_category_name": "Sausages, Bacon & Salami", "product_name": "Ham - Pork, Luncheon", "product_brand": "Quickee'S", "img_src": "https://www.bigbasket.com/media/uploads/p/mm/40125076_2-quickees-ham-pork-luncheon.jpg", "combo": []}, {"product_id": "1604849332_73924", "category": "Eggs, Meat & Fish", "sub_category_name": "Sausages, Bacon & Salami", "product_name": "Ham - Chicken", "product_brand": "Quickee'S", "img_src": "https://www.bigbasket.com/media/uploads/p/mm/40125061_4-quickees-ham-chicken.jpg", "combo": []}, {"product_id": "1604849333_11844", "category": "Eggs, Meat & Fish", "sub_category_name": "Sausages, Bacon & Salami", "product_name": "Pork - Ham Skinless", "product_brand": "ALF-FARMS", "img_src": "https://www.bigbasket.com/media/uploads/p/mm/800350717_1-alf-farms-pork-ham-skinless.jpg", "combo": []}, {"product_id": "1604849334_63844", "category": "Eggs, Meat & Fish", "sub_category_name": "Sausages, Bacon & Salami", "product_name": "Pork - Streaky Bacon", "product_brand": "sumeru", "img_src": "https://www.bigbasket.com/media/uploads/p/mm/40004586_4-sumeru-pork-streaky-bacon.jpg", "combo": []}, {"product_id": "1604849334_13124", "category": "Eggs, Meat & Fish", "sub_category_name": "Sausages, Bacon & Salami", "product_name": "Chicken - Spring Roll", "product_brand": "Blue Flame", "img_src": "https://www.bigbasket.com/media/uploads/p/mm/40108131_4-blue-flame-chicken-spring-roll.jpg", "combo": []}, {"product_id": "1604849336_96804", "category": "Eggs, Meat & Fish", "sub_category_name": "Sausages, Bacon & Salami", "product_name": "Pork - Meat Loaf", "product_brand": "Bon Appetit", "img_src": "https://www.bigbasket.com/media/uploads/p/mm/40015766_6-bon-appetit-pork-meat-loaf.jpg", "combo": []}, {"product_id": "1604849337_33604", "category": "Eggs, Meat & Fish", "sub_category_name": "Sausages, Bacon & Salami", "product_name": "Chicken - Meat Loaf", "product_brand": "Bon Appetit", "img_src": "https://www.bigbasket.com/media/uploads/p/mm/40015772_6-bon-appetit-chicken-meat-loaf.jpg", "combo": []}, {"product_id": "1604849337_19684", "category": "Eggs, Meat & Fish", "sub_category_name": "Sausages, Bacon & Salami", "product_name": "Pork - Pepperoni Salami", "product_brand": "Bon Appetit", "img_src": "https://www.bigbasket.com/media/uploads/p/mm/40015764_6-bon-appetit-pork-pepperoni-salami.jpg", "combo": []}]