[{"product_id": "1604852700_43844", "category": "Baby Care", "sub_category_name": "Baby Food & Formula", "product_name": "Nan Pro 2 Follow-Up Formula-Powder - After 6 months, Stage 2", "product_brand": "Nestle", "img_src": "https://www.bigbasket.com/media/uploads/p/s/240155_7-nestle-nan-pro-2-follow-up-formula-powder-after-6-months-stage-2.jpg", "combo": [["400 g", "1210.00"], ["400 g", "605.00"]]}, {"product_id": "1604852701_49444", "category": "Baby Care", "sub_category_name": "Baby Food & Formula", "product_name": "Cerelac Baby Cereal With Milk, Multigrain & Fruits - From 12 Months", "product_brand": "Nestle", "img_src": "https://www.bigbasket.com/media/uploads/p/s/240158_11-nestle-cerelac-baby-cereal-with-milk-multigrain-fruits-from-12-months.jpg", "combo": [["2x300 g", "528.00"], ["300 g", "264.00"]]}, {"product_id": "1604852702_44964", "category": "Baby Care", "sub_category_name": "Baby Food & Formula", "product_name": "Nestle Nan Pro 4 Follow-Up Formula Powder - After 18 months, Stage 4", "product_brand": "Nestle", "img_src": "https://www.bigbasket.com/media/uploads/p/s/1201651_3-nestle-nestle-nan-pro-4-follow-up-formula-powder-after-18-months-stage-4.jpg", "combo": [["400 g", "580.00"], ["400 g", "1160.00"]]}, {"product_id": "1604852702_15364", "category": "Baby Care", "sub_category_name": "Baby Food & Formula", "product_name": "Nestle Nan Pro 3 Follow-Up Formula Powder - After 12 months, Stage 3", "product_brand": "Nestle", "img_src": "https://www.bigbasket.com/media/uploads/p/s/1201646_3-nestle-nestle-nan-pro-3-follow-up-formula-powder-after-12-months-stage-3.jpg", "combo": [["3x400 g", "1770.00"], ["400 g", "590.00"], ["400 g", "1180.00"]]}, {"product_id": "1604852703_66724", "category": "Baby Care", "sub_category_name": "Baby Food & Formula", "product_name": "Cerelac Baby Cereal With Milk, Multigrain Dal Veg - From 12 Months", "product_brand": "Nestle", "img_src": "https://www.bigbasket.com/media/uploads/p/s/240149_10-nestle-cerelac-baby-cereal-with-milk-multigrain-dal-veg-from-12-months.jpg", "combo": [["300 g", "257.00"], ["2x300 g", "514.00"]]}, {"product_id": "1604852704_80644", "category": "Baby Care", "sub_category_name": "Baby Food & Formula", "product_name": "Infant Milk Food - Spray", "product_brand": "Amul", "img_src": "https://www.bigbasket.com/media/uploads/p/s/1201662_3-amul-infant-milk-food-spray.jpg", "combo": [["1 Kg", "380.00"], ["2x1 kg", "760.00"]]}, {"product_id": "1604852708_52964", "category": "Baby Care", "sub_category_name": "Baby Food & Formula", "product_name": "Cerelac - Wheat Apple (Stage 1)", "product_brand": "Nestle", "img_src": "https://www.bigbasket.com/media/uploads/p/s/1201653_3-nestle-cerelac-wheat-apple-stage-1.jpg", "combo": [["300 g", "199.00"], ["2x300 g", "398.00"]]}, {"product_id": "1604852711_95844", "category": "Baby Care", "sub_category_name": "Baby Food & Formula", "product_name": "Nan Pro 1 Infant Formula Powder - Upto 6 months, Stage 1", "product_brand": "Nestle", "img_src": "https://www.bigbasket.com/media/uploads/p/s/240147_8-nestle-nan-pro-1-infant-formula-powder-upto-6-months-stage-1.jpg", "combo": []}, {"product_id": "1604852712_78404", "category": "Baby Care", "sub_category_name": "Baby Food & Formula", "product_name": "Cerelac Baby Cereal With Milk, Multigrain & Fruits+Dal Veg (300G From 12 Months)", "product_brand": "Nestle", "img_src": "https://www.bigbasket.com/media/uploads/p/s/1205889_1-nestle-cerelac-baby-cereal-with-milk-multigrain-fruitsdal-veg-300g-from-12-months.jpg", "combo": []}, {"product_id": "1604852713_3204", "category": "Baby Care", "sub_category_name": "Baby Food & Formula", "product_name": "Lactogen 4 Follow-Up Infant Formula Powder, After 18 Months Upto 24 Months, Stage 4", "product_brand": "Nestle", "img_src": "https://www.bigbasket.com/media/uploads/p/s/284243_8-nestle-lactogen-4-follow-up-infant-formula-powder-after-18-months-upto-24-months-stage-4.jpg", "combo": []}, {"product_id": "1604852714_32004", "category": "Baby Care", "sub_category_name": "Baby Food & Formula", "product_name": "Nan Excellapro 3 Follow-Up Formula-Powder - After 12 Months, Stage 3", "product_brand": "Nestle", "img_src": "https://www.bigbasket.com/media/uploads/p/s/40156135_2-nestle-nan-excellapro-3-follow-up-formula-powder-after-12-months-stage-3.jpg", "combo": []}, {"product_id": "1604852716_19044", "category": "Baby Care", "sub_category_name": "Baby Food & Formula", "product_name": "Lactogen 2 Follow-Up Infant Formula Powder - After 6 months, Stage 2", "product_brand": "Nestle", "img_src": "https://www.bigbasket.com/media/uploads/p/s/240182_9-nestle-lactogen-2-follow-up-infant-formula-powder-after-6-months-stage-2.jpg", "combo": []}, {"product_id": "1604852716_66724", "category": "Baby Care", "sub_category_name": "Baby Food & Formula", "product_name": "Cerelac Baby Cereal With Milk, Wheat Apple Cherry - From 8 Months", "product_brand": "Nestle", "img_src": "https://www.bigbasket.com/media/uploads/p/s/240179_9-nestle-cerelac-baby-cereal-with-milk-wheat-apple-cherry-from-8-months.jpg", "combo": []}, {"product_id": "1604852717_29444", "category": "Baby Care", "sub_category_name": "Baby Food & Formula", "product_name": "Lactogen 3 Follow-Up Infant Formula Powder - After 12 months Stage 3", "product_brand": "Nestle", "img_src": "https://www.bigbasket.com/media/uploads/p/s/240156_7-nestle-lactogen-3-follow-up-infant-formula-powder-after-12-months-stage-3.jpg", "combo": []}, {"product_id": "1604852718_94244", "category": "Baby Care", "sub_category_name": "Baby Food & Formula", "product_name": "Cerelac - Wheat Rice Mixed Fruit (Stage 3)", "product_brand": "Nestle", "img_src": "https://www.bigbasket.com/media/uploads/p/s/1201652_3-nestle-cerelac-wheat-rice-mixed-fruit-stage-3.jpg", "combo": [["300 g", "254.00"], ["2x300 g", "508.00"]]}, {"product_id": "1604852719_32964", "category": "Baby Care", "sub_category_name": "Baby Food & Formula", "product_name": "IQ+ Stage 2 Formula", "product_brand": "SIMILAC IQ+", "img_src": "https://www.bigbasket.com/media/uploads/p/s/40093304_7-similac-iq-iq-stage-2-formula.jpg", "combo": []}, {"product_id": "1604852719_17124", "category": "Baby Care", "sub_category_name": "Baby Food & Formula", "product_name": "Cerelac Baby Cereal With Milk, Rice - From 6 Months", "product_brand": "Nestle", "img_src": "https://www.bigbasket.com/media/uploads/p/s/240165_15-nestle-cerelac-baby-cereal-with-milk-rice-from-6-months.jpg", "combo": [["2x300 g", "380.00"], ["300 g", "190.00"]]}, {"product_id": "1604852720_29444", "category": "Baby Care", "sub_category_name": "Baby Food & Formula", "product_name": "Cerelac - Wheat Mixed Vegetable (Stage 3)", "product_brand": "Nestle", "img_src": "https://www.bigbasket.com/media/uploads/p/s/1201658_3-nestle-cerelac-wheat-mixed-vegetable-stage-3.jpg", "combo": [["300 g", "246.00"], ["2x300 g", "492.00"]]}, {"product_id": "1604852721_69124", "category": "Baby Care", "sub_category_name": "Baby Food & Formula", "product_name": "Nan Excellapro 1 Infant Formula Powder - Upto 6 months, Stage 1", "product_brand": "Nestle", "img_src": "https://www.bigbasket.com/media/uploads/p/s/40100626_3-nestle-nan-excellapro-1-infant-formula-powder-upto-6-months-stage-1.jpg", "combo": []}, {"product_id": "1604852722_17284", "category": "Baby Care", "sub_category_name": "Baby Food & Formula", "product_name": "Cerelac - Wheat (Stage 1)", "product_brand": "Nestle", "img_src": "https://www.bigbasket.com/media/uploads/p/s/1201661_3-nestle-cerelac-wheat-stage-1.jpg", "combo": [["300 g", "185.00"], ["2x300 g", "370.00"]]}]