[{"product_id": "1604987038_1956", "category": "Foodgrains, Oil & Masala", "sub_category_name": "Masalas & Spices", "product_name": "Cumin/Jeera - Whole", "product_brand": "bb Royal", "img_src": "https://www.bigbasket.com/media/uploads/p/s/40030808_8-bb-royal-cuminjeera-whole.jpg", "combo": [["1 kg", "280.00"], ["500 g", "145.00"], ["50 g", "16.00"], ["200 g", "60.00"], ["100 g", "31.00"]]}, {"product_id": "1604987039_18116", "category": "Foodgrains, Oil & Masala", "sub_category_name": "Masalas & Spices", "product_name": "Mustard/Rai - Small", "product_brand": "bb Royal", "img_src": "https://www.bigbasket.com/media/uploads/p/s/40030810_6-bb-royal-mustardrai-small.jpg", "combo": [["500 g", "65.00"], ["100 g", "15.00"], ["1 kg", "125.00"], ["200 g", "25.74"]]}, {"product_id": "1604987040_88356", "category": "Foodgrains, Oil & Masala", "sub_category_name": "Masalas & Spices", "product_name": "Cooking Soda", "product_brand": "bb Royal", "img_src": "https://www.bigbasket.com/media/uploads/p/s/40053900_2-bb-royal-cooking-soda.jpg", "combo": [["100 g", "21.00"], ["50 g", "11.00"]]}, {"product_id": "1604987041_37156", "category": "Foodgrains, Oil & Masala", "sub_category_name": "Masalas & Spices", "product_name": "Paste - Ginger & Garlic", "product_brand": "Mother's Recipe", "img_src": "https://www.bigbasket.com/media/uploads/p/s/268118_6-mothers-recipe-paste-ginger-garlic.jpg", "combo": [["100 g", "25.00"], ["200 g", "42.50"]]}, {"product_id": "1604987041_81956", "category": "Foodgrains, Oil & Masala", "sub_category_name": "Masalas & Spices", "product_name": "Deseeded Tamarind/Imli", "product_brand": "bb Royal", "img_src": "https://www.bigbasket.com/media/uploads/p/s/20000486_3-bb-royal-deseeded-tamarindimli.jpg", "combo": [["200 g", "59.00"], ["1 kg", "275.00"], ["500 g", "140.00"]]}, {"product_id": "1604987042_85956", "category": "Foodgrains, Oil & Masala", "sub_category_name": "Masalas & Spices", "product_name": "Phool Makhana", "product_brand": "bb Royal", "img_src": "https://www.bigbasket.com/media/uploads/p/s/20002590_2-bb-royal-phool-makhana.jpg", "combo": []}, {"product_id": "1604987042_36516", "category": "Foodgrains, Oil & Masala", "sub_category_name": "Masalas & Spices", "product_name": "Fennel/Saunf - Big", "product_brand": "bb Popular", "img_src": "https://www.bigbasket.com/media/uploads/p/s/40133697_3-bb-popular-fennelsaunf-big.jpg", "combo": []}, {"product_id": "1604987043_51236", "category": "Foodgrains, Oil & Masala", "sub_category_name": "Masalas & Spices", "product_name": "Black Pepper/Kali Mirch", "product_brand": "bb Popular", "img_src": "https://www.bigbasket.com/media/uploads/p/s/40073431_8-bb-popular-black-pepperkali-mirch.jpg", "combo": [["200 g", "135.00"], ["50 g", "26.80"], ["100 g", "51.93"]]}, {"product_id": "1604987044_74276", "category": "Foodgrains, Oil & Masala", "sub_category_name": "Masalas & Spices", "product_name": "Saffola Tasty-Pro Fitness Conscious Edible Oil 3x1L + BB Royal Cumin Whole 100g", "product_brand": "bb Combo", "img_src": "https://www.bigbasket.com/media/uploads/p/s/1208233_1-bb-combo-saffola-tasty-pro-fitness-conscious-edible-oil-3x1l-bb-royal-cumin-whole-100g.jpg", "combo": []}, {"product_id": "1604987044_26596", "category": "Foodgrains, Oil & Masala", "sub_category_name": "Masalas & Spices", "product_name": "Coriander/Dhania - Seeds", "product_brand": "bb Royal", "img_src": "https://www.bigbasket.com/media/uploads/p/s/40018894_7-bb-royal-corianderdhania-seeds.jpg", "combo": [["200 g", "49.00"], ["100 g", "25.00"], ["500 g", "120.00"]]}, {"product_id": "1604987045_11556", "category": "Foodgrains, Oil & Masala", "sub_category_name": "Masalas & Spices", "product_name": "Dry Red Chilli With Stem", "product_brand": "bb Royal", "img_src": "https://www.bigbasket.com/media/uploads/p/s/40018885_8-bb-royal-dry-red-chilli-with-stem.jpg", "combo": [["200 g", "80.00"], ["500 g", "190.00"], ["100 g", "41.00"]]}, {"product_id": "1604987046_96036", "category": "Foodgrains, Oil & Masala", "sub_category_name": "Masalas & Spices", "product_name": "Red Chilli with Stem 500 gm + Coriander Seeds 500 gm + Cumin - Whole 100 gm", "product_brand": "bb Royal", "img_src": "https://www.bigbasket.com/media/uploads/p/s/1203900_1-bb-royal-red-chilli-with-stem-500-gm-coriander-seeds-500-gm-cumin-whole-100-gm.jpg", "combo": []}, {"product_id": "1604987047_56676", "category": "Foodgrains, Oil & Masala", "sub_category_name": "Masalas & Spices", "product_name": "Organic - Cinnamon/Dalchini", "product_brand": "bb Royal", "img_src": "https://www.bigbasket.com/media/uploads/p/s/1208915_1-bb-royal-organic-cinnamondalchini.jpg", "combo": [["2x100 g", "194.04"], ["20 g", "22.00"], ["50 g", "50.00"], ["100 g", "99.00"]]}, {"product_id": "1604987048_20836", "category": "Foodgrains, Oil & Masala", "sub_category_name": "Masalas & Spices", "product_name": "Organic - Cardamom/Elachi Green", "product_brand": "bb Royal", "img_src": "https://www.bigbasket.com/media/uploads/p/s/1208914_1-bb-royal-organic-cardamomelachi-green.jpg", "combo": [["2x50 g", "499.80"], ["50 g", "255.00"], ["20 g", "105.00"]]}, {"product_id": "1604987049_71556", "category": "Foodgrains, Oil & Masala", "sub_category_name": "Masalas & Spices", "product_name": "Bay Leaf/Tej Patta", "product_brand": "bb Royal", "img_src": "https://www.bigbasket.com/media/uploads/p/s/20000457_5-bb-royal-bay-leaftej-patta.jpg", "combo": []}, {"product_id": "1604987049_42756", "category": "Foodgrains, Oil & Masala", "sub_category_name": "Masalas & Spices", "product_name": "Fenugreek/Methi", "product_brand": "bb Royal", "img_src": "https://www.bigbasket.com/media/uploads/p/s/10000480_7-bb-royal-fenugreekmethi.jpg", "combo": [["100 g", "15.00"], ["50 g", "8.00"], ["200 g", "29.00"]]}, {"product_id": "1604987050_57956", "category": "Foodgrains, Oil & Masala", "sub_category_name": "Masalas & Spices", "product_name": "Black Salt/Kala Namak Powder", "product_brand": "bb Royal", "img_src": "https://www.bigbasket.com/media/uploads/p/s/40000209_5-bb-royal-black-saltkala-namak-powder.jpg", "combo": []}, {"product_id": "1604987050_54116", "category": "Foodgrains, Oil & Masala", "sub_category_name": "Masalas & Spices", "product_name": "Mustard/Rai - Big", "product_brand": "bb Royal", "img_src": "https://www.bigbasket.com/media/uploads/p/s/40030811_7-bb-royal-mustardrai-big.jpg", "combo": [["200 g", "29.00"], ["500 g", "70.00"], ["1 kg", "135.00"], ["100 g", "15.00"]]}, {"product_id": "1604987051_93636", "category": "Foodgrains, Oil & Masala", "sub_category_name": "Masalas & Spices", "product_name": "Powder - Turmeric", "product_brand": "Everest", "img_src": "https://www.bigbasket.com/media/uploads/p/s/100004165_2-everest-powder-turmeric.jpg", "combo": [["500 g", "135.00"], ["200 g", "52.20"]]}, {"product_id": "1604987052_77956", "category": "Foodgrains, Oil & Masala", "sub_category_name": "Masalas & Spices", "product_name": "Fennel/Saunf - Small", "product_brand": "bb Royal", "img_src": "https://www.bigbasket.com/media/uploads/p/s/20000475_4-bb-royal-fennelsaunf-small.jpg", "combo": []}]