[{"product_id": "1604847085_324", "category": "Cleaning & Household", "sub_category_name": "Party & Festive Needs", "product_name": "Happy Birthday Foil Ballon For Girls - 1 Year", "product_brand": "B Vishal", "img_src": "https://www.bigbasket.com/media/uploads/p/s/40196517_1-b-vishal-happy-birthday-foil-ballon-for-girls-1-year.jpg", "combo": []}, {"product_id": "1604847086_11844", "category": "Cleaning & Household", "sub_category_name": "Party & Festive Needs", "product_name": "T Light Holder - Star", "product_brand": "Lexton", "img_src": "https://www.bigbasket.com/media/uploads/p/s/40202159_1-lexton-t-light-holder-star.jpg", "combo": []}, {"product_id": "1604847087_59684", "category": "Cleaning & Household", "sub_category_name": "Party & Festive Needs", "product_name": "T Light Holder - Dew Drops", "product_brand": "Lexton", "img_src": "https://www.bigbasket.com/media/uploads/p/s/40202160_1-lexton-t-light-holder-dew-drops.jpg", "combo": []}, {"product_id": "1604847087_95684", "category": "Cleaning & Household", "sub_category_name": "Party & Festive Needs", "product_name": "T Light Holder - Leaf", "product_brand": "Lexton", "img_src": "https://www.bigbasket.com/media/uploads/p/s/40202161_1-lexton-t-light-holder-leaf.jpg", "combo": []}, {"product_id": "1604847088_61604", "category": "Cleaning & Household", "sub_category_name": "Party & Festive Needs", "product_name": "T Light Holder - Floral", "product_brand": "Lexton", "img_src": "https://www.bigbasket.com/media/uploads/p/s/40202162_1-lexton-t-light-holder-floral.jpg", "combo": []}, {"product_id": "1604847089_80164", "category": "Cleaning & Household", "sub_category_name": "Party & Festive Needs", "product_name": "Eco-Friendly Lakshmi Ganesh Clay Murti - Diwali special", "product_brand": "Arham", "img_src": "https://www.bigbasket.com/media/uploads/p/s/40201729_1-arham-eco-friendly-lakshmi-ganesh-clay-murti-diwali-special.jpg", "combo": []}, {"product_id": "1604847089_64324", "category": "Cleaning & Household", "sub_category_name": "Party & Festive Needs", "product_name": "Eye Mask - Polka Dotted, Assorted Colour", "product_brand": "B Vishal", "img_src": "https://www.bigbasket.com/media/uploads/p/s/40196529_1-b-vishal-eye-mask-polka-dotted-assorted-colour.jpg", "combo": []}, {"product_id": "1604847091_12004", "category": "Cleaning & Household", "sub_category_name": "Party & Festive Needs", "product_name": "Balloon Pump - Assorted", "product_brand": "B Vishal", "img_src": "https://www.bigbasket.com/media/uploads/p/s/40196504_1-b-vishal-balloon-pump-assorted.jpg", "combo": []}, {"product_id": "1604847092_35044", "category": "Cleaning & Household", "sub_category_name": "Party & Festive Needs", "product_name": "Diwali Rangoli Sticker - Assorted", "product_brand": "Arham", "img_src": "https://www.bigbasket.com/media/uploads/p/s/40201730_1-arham-diwali-rangoli-sticker-assorted.jpg", "combo": []}, {"product_id": "1604847093_3524", "category": "Cleaning & Household", "sub_category_name": "Party & Festive Needs", "product_name": "Happy Birthday Cap - Medium, Assorted", "product_brand": "B Vishal", "img_src": "https://www.bigbasket.com/media/uploads/p/s/40196521_1-b-vishal-happy-birthday-cap-medium-assorted.jpg", "combo": []}, {"product_id": "1604847093_23844", "category": "Cleaning & Household", "sub_category_name": "Party & Festive Needs", "product_name": "Party Eye Mask - Paper, Assorted", "product_brand": "B Vishal", "img_src": "https://www.bigbasket.com/media/uploads/p/s/40196523_1-b-vishal-party-eye-mask-paper-assorted.jpg", "combo": []}, {"product_id": "1604847094_69924", "category": "Cleaning & Household", "sub_category_name": "Party & Festive Needs", "product_name": "Party Face Mask - Assorted", "product_brand": "B Vishal", "img_src": "https://www.bigbasket.com/media/uploads/p/s/40196524_1-b-vishal-party-face-mask-assorted.jpg", "combo": []}, {"product_id": "1604847095_47044", "category": "Cleaning & Household", "sub_category_name": "Party & Festive Needs", "product_name": "Pom Pom - Assorted Colour", "product_brand": "B Vishal", "img_src": "https://www.bigbasket.com/media/uploads/p/s/40196535_1-b-vishal-pom-pom-assorted-colour.jpg", "combo": []}, {"product_id": "1604847096_44164", "category": "Cleaning & Household", "sub_category_name": "Party & Festive Needs", "product_name": "Toran - Assorted Colour, T003", "product_brand": "Kvg", "img_src": "https://www.bigbasket.com/media/uploads/p/s/40201004_1-kvg-toran-assorted-colour-t003.jpg", "combo": []}, {"product_id": "1604847096_84004", "category": "Cleaning & Household", "sub_category_name": "Party & Festive Needs", "product_name": "Toran - Assorted Colour, T004", "product_brand": "Kvg", "img_src": "https://www.bigbasket.com/media/uploads/p/s/40201006_1-kvg-toran-assorted-colour-t004.jpg", "combo": []}, {"product_id": "1604847097_66884", "category": "Cleaning & Household", "sub_category_name": "Party & Festive Needs", "product_name": "Toran - Assorted Colour, T008", "product_brand": "Kvg", "img_src": "https://www.bigbasket.com/media/uploads/p/s/40201009_1-kvg-toran-assorted-colour-t008.jpg", "combo": []}, {"product_id": "1604847098_40484", "category": "Cleaning & Household", "sub_category_name": "Party & Festive Needs", "product_name": "Toran - Assorted Colour, T001", "product_brand": "Kvg", "img_src": "https://www.bigbasket.com/media/uploads/p/s/40201003_1-kvg-toran-assorted-colour-t001.jpg", "combo": []}, {"product_id": "1604847098_98724", "category": "Cleaning & Household", "sub_category_name": "Party & Festive Needs", "product_name": "Toran - Assorted Colour, T006", "product_brand": "Kvg", "img_src": "https://www.bigbasket.com/media/uploads/p/s/40201007_1-kvg-toran-assorted-colour-t006.jpg", "combo": []}, {"product_id": "1604847099_13924", "category": "Cleaning & Household", "sub_category_name": "Party & Festive Needs", "product_name": "Toran - Assorted Colour, T009", "product_brand": "Kvg", "img_src": "https://www.bigbasket.com/media/uploads/p/s/40201010_1-kvg-toran-assorted-colour-t009.jpg", "combo": []}, {"product_id": "1604847100_71364", "category": "Cleaning & Household", "sub_category_name": "Party & Festive Needs", "product_name": "Disposable Bowl", "product_brand": "Chuk", "img_src": "https://www.bigbasket.com/media/uploads/p/s/40197852_1-chuk-disposable-bowl.jpg", "combo": []}, {"product_id": "1604847100_9444", "category": "Cleaning & Household", "sub_category_name": "Party & Festive Needs", "product_name": "Toran - Assorted Colour, T003", "product_brand": "Kvg", "img_src": "https://www.bigbasket.com/media/uploads/p/mm/40201005_1-kvg-toran-assorted-colour-t003.jpg", "combo": []}, {"product_id": "1604847101_72804", "category": "Cleaning & Household", "sub_category_name": "Party & Festive Needs", "product_name": "Disposable Bowl", "product_brand": "Chuk", "img_src": "https://www.bigbasket.com/media/uploads/p/mm/40197851_1-chuk-disposable-bowl.jpg", "combo": []}, {"product_id": "1604847101_4164", "category": "Cleaning & Household", "sub_category_name": "Party & Festive Needs", "product_name": "Disposable Meal Plate - 5 Compartment", "product_brand": "Chuk", "img_src": "https://www.bigbasket.com/media/uploads/p/mm/40197861_1-chuk-disposable-meal-plate-5-compartment.jpg", "combo": []}, {"product_id": "1604847102_73284", "category": "Cleaning & Household", "sub_category_name": "Party & Festive Needs", "product_name": "Disposable Snack Plate - 5 Inch", "product_brand": "Chuk", "img_src": "https://www.bigbasket.com/media/uploads/p/mm/40197853_1-chuk-disposable-snack-plate-5-inch.jpg", "combo": []}, {"product_id": "1604847104_90244", "category": "Cleaning & Household", "sub_category_name": "Party & Festive Needs", "product_name": "Disposable Bowl", "product_brand": "Chuk", "img_src": "https://www.bigbasket.com/media/uploads/p/mm/40197850_1-chuk-disposable-bowl.jpg", "combo": []}, {"product_id": "1604847104_36804", "category": "Cleaning & Household", "sub_category_name": "Party & Festive Needs", "product_name": "Disposable Mini Meal Plate - Square", "product_brand": "Chuk", "img_src": "https://www.bigbasket.com/media/uploads/p/mm/40197856_1-chuk-disposable-mini-meal-plate-square.jpg", "combo": []}, {"product_id": "1604847105_11364", "category": "Cleaning & Household", "sub_category_name": "Party & Festive Needs", "product_name": "Toran - Assorted Colour, T007", "product_brand": "Kvg", "img_src": "https://www.bigbasket.com/media/uploads/p/mm/40201008_1-kvg-toran-assorted-colour-t007.jpg", "combo": []}, {"product_id": "1604847105_48804", "category": "Cleaning & Household", "sub_category_name": "Party & Festive Needs", "product_name": "Toothpick - Wooden", "product_brand": "Origami", "img_src": "https://www.bigbasket.com/media/uploads/p/mm/267635_5-origami-toothpick-wooden.jpg", "combo": []}, {"product_id": "1604847106_44324", "category": "Cleaning & Household", "sub_category_name": "Party & Festive Needs", "product_name": "Cloth Clips", "product_brand": "Real", "img_src": "https://www.bigbasket.com/media/uploads/p/mm/40088149_1-real-cloth-clips.jpg", "combo": []}, {"product_id": "1604847107_96484", "category": "Cleaning & Household", "sub_category_name": "Party & Festive Needs", "product_name": "Plain Paper Party Cups", "product_brand": "Origami", "img_src": "https://www.bigbasket.com/media/uploads/p/mm/40000672_2-origami-plain-paper-party-cups.jpg", "combo": []}, {"product_id": "1604847107_66404", "category": "Cleaning & Household", "sub_category_name": "Party & Festive Needs", "product_name": "Plain Paper Party Plates - 23 cm", "product_brand": "Origami", "img_src": "https://www.bigbasket.com/media/uploads/p/mm/257543_4-origami-plain-paper-party-plates-23-cm.jpg", "combo": []}, {"product_id": "1604847108_67844", "category": "Cleaning & Household", "sub_category_name": "Party & Festive Needs", "product_name": "Square Plate - Biodegradable Areca Leaf", "product_brand": "Re", "img_src": "https://www.bigbasket.com/media/uploads/p/mm/40019117_1-re-square-plate-biodegradable-areca-leaf.jpg", "combo": [["11 cm", "79.00"], ["15 cm", "60.00"], ["20 cm", "99.00"], ["25 cm", "109.00"], ["30 cm", "145.00"], ["(6*6)", "124.00"], ["(8*8)", "130.00"], ["(10*10)", "168.00"]]}, {"product_id": "1604847109_82404", "category": "Cleaning & Household", "sub_category_name": "Party & Festive Needs", "product_name": "Printed Paper Party Cups", "product_brand": "Origami", "img_src": "https://www.bigbasket.com/media/uploads/p/mm/40000644_4-origami-printed-paper-party-cups.jpg", "combo": []}, {"product_id": "1604847110_31364", "category": "Cleaning & Household", "sub_category_name": "Party & Festive Needs", "product_name": "Paper Cups", "product_brand": "Sln", "img_src": "https://www.bigbasket.com/media/uploads/p/mm/40003186_1-sln-paper-cups.jpg", "combo": []}, {"product_id": "1604847110_16964", "category": "Cleaning & Household", "sub_category_name": "Party & Festive Needs", "product_name": "Paper Plates - Medium", "product_brand": "Aarika", "img_src": "https://www.bigbasket.com/media/uploads/p/mm/40123329_1-aarika-paper-plates-medium.jpg", "combo": []}, {"product_id": "1604847111_9124", "category": "Cleaning & Household", "sub_category_name": "Party & Festive Needs", "product_name": "Round Plastic Tooth Picks", "product_brand": "Poly pick", "img_src": "https://www.bigbasket.com/media/uploads/p/mm/40088147_1-poly-pick-round-plastic-tooth-picks.jpg", "combo": []}, {"product_id": "1604847112_97604", "category": "Cleaning & Household", "sub_category_name": "Party & Festive Needs", "product_name": "Paper Plates - Small", "product_brand": "Sln", "img_src": "https://www.bigbasket.com/media/uploads/p/mm/40003177_1-sln-paper-plates-small.jpg", "combo": []}, {"product_id": "1604847113_48644", "category": "Cleaning & Household", "sub_category_name": "Party & Festive Needs", "product_name": "Paper Plates - Large", "product_brand": "Aarika", "img_src": "https://www.bigbasket.com/media/uploads/p/mm/40123330_1-aarika-paper-plates-large.jpg", "combo": []}, {"product_id": "1604847113_95684", "category": "Cleaning & Household", "sub_category_name": "Party & Festive Needs", "product_name": "Balloon Pump - Assorted Colour", "product_brand": "Pahal", "img_src": "https://www.bigbasket.com/media/uploads/p/mm/40188176_1-pahal-balloon-pump-assorted-colour.jpg", "combo": []}, {"product_id": "1604847114_52164", "category": "Cleaning & Household", "sub_category_name": "Party & Festive Needs", "product_name": "Party Poppers - Large, Assorted", "product_brand": "Pahal", "img_src": "https://www.bigbasket.com/media/uploads/p/mm/40188175_1-pahal-party-poppers-large-assorted.jpg", "combo": []}, {"product_id": "1604847116_92164", "category": "Cleaning & Household", "sub_category_name": "Party & Festive Needs", "product_name": "Paper Bowl - Silver", "product_brand": "Re", "img_src": "https://www.bigbasket.com/media/uploads/p/mm/40019108_1-re-paper-bowl-silver.jpg", "combo": []}, {"product_id": "1604847116_89604", "category": "Cleaning & Household", "sub_category_name": "Party & Festive Needs", "product_name": "Party Wooden Knife", "product_brand": "Ayurvaidic", "img_src": "https://www.bigbasket.com/media/uploads/p/mm/40137177_1-ayurvaidic-party-wooden-knife.jpg", "combo": []}, {"product_id": "1604847117_52484", "category": "Cleaning & Household", "sub_category_name": "Party & Festive Needs", "product_name": "Finest Round Wooden Tooth Picks", "product_brand": "Rose King", "img_src": "https://www.bigbasket.com/media/uploads/p/mm/40088155_1-rose-king-finest-round-wooden-tooth-picks.jpg", "combo": []}, {"product_id": "1604847118_67844", "category": "Cleaning & Household", "sub_category_name": "Party & Festive Needs", "product_name": "Printed Party Combo", "product_brand": "Origami", "img_src": "https://www.bigbasket.com/media/uploads/p/mm/40000645_4-origami-printed-party-combo.jpg", "combo": []}, {"product_id": "1604847118_36804", "category": "Cleaning & Household", "sub_category_name": "Party & Festive Needs", "product_name": "Dandiya (Design -2)-Assorted Colors", "product_brand": "Om Bhakti", "img_src": "https://www.bigbasket.com/media/uploads/p/mm/40016730_1-om-bhakti-dandiya-design-2-assorted-colors.jpg", "combo": []}, {"product_id": "1604847119_10244", "category": "Cleaning & Household", "sub_category_name": "Party & Festive Needs", "product_name": "Plain Paper Plates - Poly Coated", "product_brand": "Origami", "img_src": "https://www.bigbasket.com/media/uploads/p/mm/120018_3-origami-plain-paper-plates-poly-coated.jpg", "combo": []}, {"product_id": "1604847120_44484", "category": "Cleaning & Household", "sub_category_name": "Party & Festive Needs", "product_name": "Merry Christmas Decorative Hanging Bell - BB1138, Assorted Colour", "product_brand": "DP", "img_src": "https://www.bigbasket.com/media/uploads/p/mm/40186525_1-dp-merry-christmas-decorative-hanging-bell-bb1138-assorted-colour.jpg", "combo": []}, {"product_id": "1604847120_81444", "category": "Cleaning & Household", "sub_category_name": "Party & Festive Needs", "product_name": "Christmas-Xmas-Hangable Decorative Candle - Paper, Multicolour, BB1124-3", "product_brand": "DP", "img_src": "https://www.bigbasket.com/media/uploads/p/mm/40155091_1-dp-christmas-xmas-hangable-decorative-candle-paper-multicolour-bb1124-3.jpg", "combo": []}, {"product_id": "1604847121_92004", "category": "Cleaning & Household", "sub_category_name": "Party & Festive Needs", "product_name": "Christmas-Xmas-Hangable Decorative Sock Santa - Paper, Multicolour BB1126-1", "product_brand": "DP", "img_src": "https://www.bigbasket.com/media/uploads/p/mm/40155101_1-dp-christmas-xmas-hangable-decorative-sock-santa-paper-multicolour-bb1126-1.jpg", "combo": []}, {"product_id": "1604847122_48804", "category": "Cleaning & Household", "sub_category_name": "Party & Festive Needs", "product_name": "Christmas Hangable Wreath-Santa-Snowman Decorative - Round, Paper, Multicolour, BB1126-2", "product_brand": "DP", "img_src": "https://www.bigbasket.com/media/uploads/p/mm/40155102_1-dp-christmas-hangable-wreath-santa-snowman-decorative-round-paper-multicolour-bb1126-2.jpg", "combo": []}, {"product_id": "1604847122_60804", "category": "Cleaning & Household", "sub_category_name": "Party & Festive Needs", "product_name": "Rakhi - Veera Metal, Assorted Color/Design", "product_brand": "Shubh", "img_src": "https://www.bigbasket.com/media/uploads/p/mm/40176686_3-shubh-rakhi-veera-metal-assorted-colordesign.jpg", "combo": []}, {"product_id": "1604847123_49284", "category": "Cleaning & Household", "sub_category_name": "Party & Festive Needs", "product_name": "Christmas Tree - 1 Feet with decoration", "product_brand": "Aarna", "img_src": "https://www.bigbasket.com/media/uploads/p/mm/40119834_3-aarna-christmas-tree-1-feet-with-decoration.jpg", "combo": []}, {"product_id": "1604847124_50724", "category": "Cleaning & Household", "sub_category_name": "Party & Festive Needs", "product_name": "Merry Christmas Decorative Hanging Bell - BB1137, Gold", "product_brand": "DP", "img_src": "https://www.bigbasket.com/media/uploads/p/mm/40186524_1-dp-merry-christmas-decorative-hanging-bell-bb1137-gold.jpg", "combo": []}, {"product_id": "1604847124_38244", "category": "Cleaning & Household", "sub_category_name": "Party & Festive Needs", "product_name": "Merry Christmas Decorative Banner - BB1474, Gold", "product_brand": "DP", "img_src": "https://www.bigbasket.com/media/uploads/p/mm/40186529_1-dp-merry-christmas-decorative-banner-bb1474-gold.jpg", "combo": []}, {"product_id": "1604847125_33924", "category": "Cleaning & Household", "sub_category_name": "Party & Festive Needs", "product_name": "Christmas Decorative Bells - BB1475, Golden & Red", "product_brand": "DP", "img_src": "https://www.bigbasket.com/media/uploads/p/mm/40186530_1-dp-christmas-decorative-bells-bb1475-golden-red.jpg", "combo": []}, {"product_id": "1604847125_26724", "category": "Cleaning & Household", "sub_category_name": "Party & Festive Needs", "product_name": "Christmas Sparkling Decorative Bells - BB1476, Assorted Colour", "product_brand": "DP", "img_src": "https://www.bigbasket.com/media/uploads/p/mm/40186531_1-dp-christmas-sparkling-decorative-bells-bb1476-assorted-colour.jpg", "combo": []}, {"product_id": "1604847126_80484", "category": "Cleaning & Household", "sub_category_name": "Party & Festive Needs", "product_name": "Natural Holi Colour - Assorted", "product_brand": "Rang Dulaar", "img_src": "https://www.bigbasket.com/media/uploads/p/mm/40019335_5-rang-dulaar-natural-holi-colour-assorted.jpg", "combo": []}, {"product_id": "1604847128_40964", "category": "Cleaning & Household", "sub_category_name": "Party & Festive Needs", "product_name": "Festive Artificial Rangoli For Floor/Table/Wall - Assorted Design, Yellow", "product_brand": "Kvg", "img_src": "https://www.bigbasket.com/media/uploads/p/mm/40182986_4-kvg-festive-artificial-rangoli-for-floortablewall-assorted-design-yellow.jpg", "combo": []}, {"product_id": "1604847128_69764", "category": "Cleaning & Household", "sub_category_name": "Party & Festive Needs", "product_name": "Christmas-Xmas Hangable Decorative Tree - Paper, Multicolour, BB1124-2", "product_brand": "DP", "img_src": "https://www.bigbasket.com/media/uploads/p/mm/40155090_1-dp-christmas-xmas-hangable-decorative-tree-paper-multicolour-bb1124-2.jpg", "combo": []}, {"product_id": "1604847129_90884", "category": "Cleaning & Household", "sub_category_name": "Party & Festive Needs", "product_name": "Christmas-Xmas Hangable Decorative Santa - Paper, Multicolour, BB1124-4", "product_brand": "DP", "img_src": "https://www.bigbasket.com/media/uploads/p/mm/40155092_1-dp-christmas-xmas-hangable-decorative-santa-paper-multicolour-bb1124-4.jpg", "combo": []}, {"product_id": "1604847130_16964", "category": "Cleaning & Household", "sub_category_name": "Party & Festive Needs", "product_name": "Christmas-Xmas Hangable Decorative Santa - Paper, Multicolour, BB1125-2", "product_brand": "DP", "img_src": "https://www.bigbasket.com/media/uploads/p/mm/40155094_1-dp-christmas-xmas-hangable-decorative-santa-paper-multicolour-bb1125-2.jpg", "combo": []}, {"product_id": "1604847130_60964", "category": "Cleaning & Household", "sub_category_name": "Party & Festive Needs", "product_name": "Merry Christmas Wishing Hangable Decorative - Paper, Multicolour, BB1125-3", "product_brand": "DP", "img_src": "https://www.bigbasket.com/media/uploads/p/mm/40155095_1-dp-merry-christmas-wishing-hangable-decorative-paper-multicolour-bb1125-3.jpg", "combo": []}, {"product_id": "1604847131_44324", "category": "Cleaning & Household", "sub_category_name": "Party & Festive Needs", "product_name": "Christmas-Xmas Hangable Decorative Tree With Bells - Multicolour, BB1125-5", "product_brand": "DP", "img_src": "https://www.bigbasket.com/media/uploads/p/mm/40155097_1-dp-christmas-xmas-hangable-decorative-tree-with-bells-multicolour-bb1125-5.jpg", "combo": []}, {"product_id": "1604847132_48164", "category": "Cleaning & Household", "sub_category_name": "Party & Festive Needs", "product_name": "Christmas-Xmas Hangable Decorative Santa Merry Christmas - Paper, Multicolour, BB1125-8", "product_brand": "DP", "img_src": "https://www.bigbasket.com/media/uploads/p/mm/40155100_1-dp-christmas-xmas-hangable-decorative-santa-merry-christmas-paper-multicolour-bb1125-8.jpg", "combo": []}, {"product_id": "1604847133_27684", "category": "Cleaning & Household", "sub_category_name": "Party & Festive Needs", "product_name": "Christmas-Xmas Hangable Decorative Tree - Multicolour, BB1126-4", "product_brand": "DP", "img_src": "https://www.bigbasket.com/media/uploads/p/mm/40155104_1-dp-christmas-xmas-hangable-decorative-tree-multicolour-bb1126-4.jpg", "combo": []}, {"product_id": "1604847133_29604", "category": "Cleaning & Household", "sub_category_name": "Party & Festive Needs", "product_name": "Christmas-Xmas Paper Hangable Santa Snowman Decoration - Multicolour, BB1126-5", "product_brand": "DP", "img_src": "https://www.bigbasket.com/media/uploads/p/mm/40155105_1-dp-christmas-xmas-paper-hangable-santa-snowman-decoration-multicolour-bb1126-5.jpg", "combo": []}, {"product_id": "1604847134_39524", "category": "Cleaning & Household", "sub_category_name": "Party & Festive Needs", "product_name": "Christmas-Xmas Decorative Hangable Santa - Paper, Multicolour, BB1126-7", "product_brand": "DP", "img_src": "https://www.bigbasket.com/media/uploads/p/mm/40155107_1-dp-christmas-xmas-decorative-hangable-santa-paper-multicolour-bb1126-7.jpg", "combo": []}, {"product_id": "1604847135_71844", "category": "Cleaning & Household", "sub_category_name": "Party & Festive Needs", "product_name": "Christmas-Xmas Hangable Decorative Snowman - Paper, Multicolour, BB1126-8", "product_brand": "DP", "img_src": "https://www.bigbasket.com/media/uploads/p/mm/40155108_1-dp-christmas-xmas-hangable-decorative-snowman-paper-multicolour-bb1126-8.jpg", "combo": []}, {"product_id": "1604847135_8484", "category": "Cleaning & Household", "sub_category_name": "Party & Festive Needs", "product_name": "Christmas-Xmas Decorative Hangable Bell - Paper, Multicolour, BB1126-9", "product_brand": "DP", "img_src": "https://www.bigbasket.com/media/uploads/p/mm/40155109_1-dp-christmas-xmas-decorative-hangable-bell-paper-multicolour-bb1126-9.jpg", "combo": []}, {"product_id": "1604847136_79684", "category": "Cleaning & Household", "sub_category_name": "Party & Festive Needs", "product_name": "Absorbent Cotton Wool", "product_brand": "Prabhat", "img_src": "https://www.bigbasket.com/media/uploads/p/mm/40088148_1-prabhat-absorbent-cotton-wool.jpg", "combo": []}, {"product_id": "1604847136_45284", "category": "Cleaning & Household", "sub_category_name": "Party & Festive Needs", "product_name": "Christmas Decorative Tree - Big, 5 Ft", "product_brand": "DP", "img_src": "https://www.bigbasket.com/media/uploads/p/mm/40186533_1-dp-christmas-decorative-tree-big-5-ft.jpg", "combo": []}, {"product_id": "1604847137_67684", "category": "Cleaning & Household", "sub_category_name": "Party & Festive Needs", "product_name": "Balloon - Polka Dot, 12 Inch", "product_brand": "B Vishal", "img_src": "https://www.bigbasket.com/media/uploads/p/mm/40196502_1-b-vishal-balloon-polka-dot-12-inch.jpg", "combo": []}, {"product_id": "1604847138_23684", "category": "Cleaning & Household", "sub_category_name": "Party & Festive Needs", "product_name": "Balloon Twister", "product_brand": "B Vishal", "img_src": "https://www.bigbasket.com/media/uploads/p/mm/40196503_1-b-vishal-balloon-twister.jpg", "combo": []}, {"product_id": "1604847139_49444", "category": "Cleaning & Household", "sub_category_name": "Party & Festive Needs", "product_name": "Birthday Candle - No. 5", "product_brand": "B Vishal", "img_src": "https://www.bigbasket.com/media/uploads/p/mm/40196507_1-b-vishal-birthday-candle-no-5.jpg", "combo": []}, {"product_id": "1604847140_80484", "category": "Cleaning & Household", "sub_category_name": "Party & Festive Needs", "product_name": "Lotus Candle - Pink", "product_brand": "B Vishal", "img_src": "https://www.bigbasket.com/media/uploads/p/mm/40196508_1-b-vishal-lotus-candle-pink.jpg", "combo": []}, {"product_id": "1604847140_12964", "category": "Cleaning & Household", "sub_category_name": "Party & Festive Needs", "product_name": "Happy Birthday Candle", "product_brand": "B Vishal", "img_src": "https://www.bigbasket.com/media/uploads/p/mm/40196511_1-b-vishal-happy-birthday-candle.jpg", "combo": []}, {"product_id": "1604847141_53444", "category": "Cleaning & Household", "sub_category_name": "Party & Festive Needs", "product_name": "Birthday Boy Candle - Blue", "product_brand": "B Vishal", "img_src": "https://www.bigbasket.com/media/uploads/p/mm/40196512_1-b-vishal-birthday-boy-candle-blue.jpg", "combo": []}, {"product_id": "1604847142_30884", "category": "Cleaning & Household", "sub_category_name": "Party & Festive Needs", "product_name": "Birthday Girl Candle - Assorted", "product_brand": "B Vishal", "img_src": "https://www.bigbasket.com/media/uploads/p/mm/40196513_1-b-vishal-birthday-girl-candle-assorted.jpg", "combo": []}, {"product_id": "1604847142_62404", "category": "Cleaning & Household", "sub_category_name": "Party & Festive Needs", "product_name": "Decorative Roll/Crepe Stremer - Large", "product_brand": "B Vishal", "img_src": "https://www.bigbasket.com/media/uploads/p/mm/40196516_1-b-vishal-decorative-rollcrepe-stremer-large.jpg", "combo": []}, {"product_id": "1604847143_73124", "category": "Cleaning & Household", "sub_category_name": "Party & Festive Needs", "product_name": "Paper Eye Mask, 482 x 864 mm", "product_brand": "B Vishal", "img_src": "https://www.bigbasket.com/media/uploads/p/mm/40196519_1-b-vishal-paper-eye-mask-482-x-864-mm.jpg", "combo": []}, {"product_id": "1604847144_84324", "category": "Cleaning & Household", "sub_category_name": "Party & Festive Needs", "product_name": "Happy Birthday Cap - Chamki", "product_brand": "B Vishal", "img_src": "https://www.bigbasket.com/media/uploads/p/mm/40196520_1-b-vishal-happy-birthday-cap-chamki.jpg", "combo": []}, {"product_id": "1604847144_92964", "category": "Cleaning & Household", "sub_category_name": "Party & Festive Needs", "product_name": "Paper Glass - Assorted Colour", "product_brand": "B Vishal", "img_src": "https://www.bigbasket.com/media/uploads/p/mm/40196522_1-b-vishal-paper-glass-assorted-colour.jpg", "combo": []}, {"product_id": "1604847145_44804", "category": "Cleaning & Household", "sub_category_name": "Party & Festive Needs", "product_name": "Printed Paper Plate For Party - 9 Inch, Assorted", "product_brand": "B Vishal", "img_src": "https://www.bigbasket.com/media/uploads/p/mm/40196525_1-b-vishal-printed-paper-plate-for-party-9-inch-assorted.jpg", "combo": []}, {"product_id": "1604847146_13124", "category": "Cleaning & Household", "sub_category_name": "Party & Festive Needs", "product_name": "Plain Paper Plate For Party - 9 Inch, Assorted", "product_brand": "B Vishal", "img_src": "https://www.bigbasket.com/media/uploads/p/mm/40196526_1-b-vishal-plain-paper-plate-for-party-9-inch-assorted.jpg", "combo": []}, {"product_id": "1604847146_94564", "category": "Cleaning & Household", "sub_category_name": "Party & Festive Needs", "product_name": "Paper Plate For Party - Polka, 9 Inch, Assorted,", "product_brand": "B Vishal", "img_src": "https://www.bigbasket.com/media/uploads/p/mm/40196527_1-b-vishal-paper-plate-for-party-polka-9-inch-assorted.jpg", "combo": []}, {"product_id": "1604847147_47524", "category": "Cleaning & Household", "sub_category_name": "Party & Festive Needs", "product_name": "Paper Glass - Polka Dot, Assorted", "product_brand": "B Vishal", "img_src": "https://www.bigbasket.com/media/uploads/p/mm/40196528_1-b-vishal-paper-glass-polka-dot-assorted.jpg", "combo": []}, {"product_id": "1604847148_66564", "category": "Cleaning & Household", "sub_category_name": "Party & Festive Needs", "product_name": "Party Cap - Polka Dot, Assorted", "product_brand": "B Vishal", "img_src": "https://www.bigbasket.com/media/uploads/p/mm/40196530_1-b-vishal-party-cap-polka-dot-assorted.jpg", "combo": []}, {"product_id": "1604847148_31844", "category": "Cleaning & Household", "sub_category_name": "Party & Festive Needs", "product_name": "Party Poppers - Assorted, 40 Cm", "product_brand": "B Vishal", "img_src": "https://www.bigbasket.com/media/uploads/p/mm/40196532_1-b-vishal-party-poppers-assorted-40-cm.jpg", "combo": []}, {"product_id": "1604847149_8324", "category": "Cleaning & Household", "sub_category_name": "Party & Festive Needs", "product_name": "Paper Straw - 6 mm, Assorted", "product_brand": "B Vishal", "img_src": "https://www.bigbasket.com/media/uploads/p/mm/40196540_2-b-vishal-paper-straw-6-mm-assorted.jpg", "combo": []}, {"product_id": "1604847150_9604", "category": "Cleaning & Household", "sub_category_name": "Party & Festive Needs", "product_name": "Disposable Mini Meal Plate - 9 Inches", "product_brand": "Chuk", "img_src": "https://www.bigbasket.com/media/uploads/p/mm/40197855_1-chuk-disposable-mini-meal-plate-9-inches.jpg", "combo": []}, {"product_id": "1604847151_87844", "category": "Cleaning & Household", "sub_category_name": "Party & Festive Needs", "product_name": "Disposable Snack Plate - 7 Inches", "product_brand": "Chuk", "img_src": "https://www.bigbasket.com/media/uploads/p/mm/40197854_1-chuk-disposable-snack-plate-7-inches.jpg", "combo": []}, {"product_id": "1604847152_9924", "category": "Cleaning & Household", "sub_category_name": "Party & Festive Needs", "product_name": "Disposable Meal Plate - 4 Compartments", "product_brand": "Chuk", "img_src": "https://www.bigbasket.com/media/uploads/p/mm/40197860_1-chuk-disposable-meal-plate-4-compartments.jpg", "combo": []}, {"product_id": "1604847152_88164", "category": "Cleaning & Household", "sub_category_name": "Party & Festive Needs", "product_name": "Disposable Meal Plate", "product_brand": "Chuk", "img_src": "https://www.bigbasket.com/media/uploads/p/mm/40197857_1-chuk-disposable-meal-plate.jpg", "combo": []}, {"product_id": "1604847153_63684", "category": "Cleaning & Household", "sub_category_name": "Party & Festive Needs", "product_name": "T Light Holder - Flower", "product_brand": "Lexton", "img_src": "https://www.bigbasket.com/media/uploads/p/mm/40202158_1-lexton-t-light-holder-flower.jpg", "combo": []}, {"product_id": "1604847153_55684", "category": "Cleaning & Household", "sub_category_name": "Party & Festive Needs", "product_name": "Printed Paper Party Plates - 19 cm", "product_brand": "Origami", "img_src": "https://www.bigbasket.com/media/uploads/p/mm/40000646_4-origami-printed-paper-party-plates-19-cm.jpg", "combo": []}, {"product_id": "1604847154_74244", "category": "Cleaning & Household", "sub_category_name": "Party & Festive Needs", "product_name": "Candle - Colour, No 3", "product_brand": "Sln", "img_src": "https://www.bigbasket.com/media/uploads/p/mm/40077979_1-sln-candle-colour-no-3.jpg", "combo": []}, {"product_id": "1604847155_74564", "category": "Cleaning & Household", "sub_category_name": "Party & Festive Needs", "product_name": "Latex Balloon - Polka dot", "product_brand": "Pahal", "img_src": "https://www.bigbasket.com/media/uploads/p/mm/40188180_1-pahal-latex-balloon-polka-dot.jpg", "combo": []}, {"product_id": "1604847155_22084", "category": "Cleaning & Household", "sub_category_name": "Party & Festive Needs", "product_name": "Latex Balloon - Assorted Colour", "product_brand": "Pahal", "img_src": "https://www.bigbasket.com/media/uploads/p/mm/40188179_1-pahal-latex-balloon-assorted-colour.jpg", "combo": []}, {"product_id": "1604847156_8804", "category": "Cleaning & Household", "sub_category_name": "Party & Festive Needs", "product_name": "Balloon - LED, Polka dot", "product_brand": "Pahal", "img_src": "https://www.bigbasket.com/media/uploads/p/mm/40188178_1-pahal-balloon-led-polka-dot.jpg", "combo": []}, {"product_id": "1604847157_27524", "category": "Cleaning & Household", "sub_category_name": "Party & Festive Needs", "product_name": "Christmas Sparkling Decorative Flower - BB1477, Assorted Colour", "product_brand": "DP", "img_src": "https://www.bigbasket.com/media/uploads/p/mm/40186532_1-dp-christmas-sparkling-decorative-flower-bb1477-assorted-colour.jpg", "combo": []}, {"product_id": "1604847157_84484", "category": "Cleaning & Household", "sub_category_name": "Party & Festive Needs", "product_name": "Balloon - Mettalic, HD Finish", "product_brand": "Pahal", "img_src": "https://www.bigbasket.com/media/uploads/p/mm/40188177_1-pahal-balloon-mettalic-hd-finish.jpg", "combo": []}, {"product_id": "1604847158_75844", "category": "Cleaning & Household", "sub_category_name": "Party & Festive Needs", "product_name": "Giant Latex Balloon", "product_brand": "Pahal", "img_src": "https://www.bigbasket.com/media/uploads/p/mm/40188181_1-pahal-giant-latex-balloon.jpg", "combo": []}, {"product_id": "1604847158_69764", "category": "Cleaning & Household", "sub_category_name": "Party & Festive Needs", "product_name": "Party Wooden Stirrer - Large", "product_brand": "Ayurvaidic", "img_src": "https://www.bigbasket.com/media/uploads/p/mm/40137175_1-ayurvaidic-party-wooden-stirrer-large.jpg", "combo": []}, {"product_id": "1604847159_43364", "category": "Cleaning & Household", "sub_category_name": "Party & Festive Needs", "product_name": "Candle - White, Big No 5", "product_brand": "Sln", "img_src": "https://www.bigbasket.com/media/uploads/p/mm/40077981_1-sln-candle-white-big-no-5.jpg", "combo": [["6 pcs", "48.00"], ["2 pcs", "50.00"]]}, {"product_id": "1604847160_21444", "category": "Cleaning & Household", "sub_category_name": "Party & Festive Needs", "product_name": "Ball Hanging Rice Paper Decorative Lantern - Kandal White, 10 Inch", "product_brand": "DP", "img_src": "https://www.bigbasket.com/media/uploads/p/mm/40146020_2-dp-ball-hanging-rice-paper-decorative-lantern-kandal-white-10-inch.jpg", "combo": []}, {"product_id": "1604847161_4324", "category": "Cleaning & Household", "sub_category_name": "Party & Festive Needs", "product_name": "Rain Backpack Cover - Brown", "product_brand": "Eco Nation", "img_src": "https://www.bigbasket.com/media/uploads/p/mm/40138685_1-eco-nation-rain-backpack-cover-brown.jpg", "combo": []}, {"product_id": "1604847161_7204", "category": "Cleaning & Household", "sub_category_name": "Party & Festive Needs", "product_name": "Holi Colours/Gulal - Non Toxic", "product_brand": "Pidilite", "img_src": "https://www.bigbasket.com/media/uploads/p/mm/20000966_2-pidilite-holi-coloursgulal-non-toxic.jpg", "combo": []}, {"product_id": "1604847162_96644", "category": "Cleaning & Household", "sub_category_name": "Party & Festive Needs", "product_name": "Designer Clay Diya - B11", "product_brand": "R.K", "img_src": "https://www.bigbasket.com/media/uploads/p/mm/40117833_2-rk-designer-clay-diya-b11.jpg", "combo": []}, {"product_id": "1604847164_40324", "category": "Cleaning & Household", "sub_category_name": "Party & Festive Needs", "product_name": "Artificial Rangoli for Floor/Table/Wall - Assorted Design, Green", "product_brand": "Kvg", "img_src": "https://www.bigbasket.com/media/uploads/p/mm/40182983_5-kvg-artificial-rangoli-for-floortablewall-assorted-design-green.jpg", "combo": []}, {"product_id": "1604847164_63204", "category": "Cleaning & Household", "sub_category_name": "Party & Festive Needs", "product_name": "Diwali Diya", "product_brand": "bigbasket", "img_src": "https://www.bigbasket.com/media/uploads/p/mm/40113023_1-bigbasket-diwali-diya.jpg", "combo": []}, {"product_id": "1604847165_91364", "category": "Cleaning & Household", "sub_category_name": "Party & Festive Needs", "product_name": "Designer Clay Diya - B25", "product_brand": "R.K", "img_src": "https://www.bigbasket.com/media/uploads/p/mm/40117826_2-rk-designer-clay-diya-b25.jpg", "combo": []}, {"product_id": "1604847166_54084", "category": "Cleaning & Household", "sub_category_name": "Party & Festive Needs", "product_name": "Christmas Decoration - Multicolored Hanging Drums", "product_brand": "Unique Arts & Interiors", "img_src": "https://www.bigbasket.com/media/uploads/p/mm/40096168_1-unique-arts-interiors-christmas-decoration-multicolored-hanging-drums.jpg", "combo": []}, {"product_id": "1604847167_20484", "category": "Cleaning & Household", "sub_category_name": "Party & Festive Needs", "product_name": "Palm Round Plate", "product_brand": "Simply Urbane", "img_src": "https://www.bigbasket.com/media/uploads/p/mm/40109821_1-simply-urbane-palm-round-plate.jpg", "combo": []}, {"product_id": "1604847167_79044", "category": "Cleaning & Household", "sub_category_name": "Party & Festive Needs", "product_name": "Beautiful Decorated Christmas Tree With Glowing Lights", "product_brand": "Unique Arts & Interiors", "img_src": "https://www.bigbasket.com/media/uploads/p/mm/40056337_2-unique-arts-interiors-beautiful-decorated-christmas-tree-with-glowing-lights.jpg", "combo": []}, {"product_id": "1604847168_38884", "category": "Cleaning & Household", "sub_category_name": "Party & Festive Needs", "product_name": "Beautiful Santa Cap", "product_brand": "Unique Arts & Interiors", "img_src": "https://www.bigbasket.com/media/uploads/p/mm/40096186_1-unique-arts-interiors-beautiful-santa-cap.jpg", "combo": []}, {"product_id": "1604847169_76324", "category": "Cleaning & Household", "sub_category_name": "Party & Festive Needs", "product_name": "Holi Colours - Standard Coloured & Perfumed Holi Spray", "product_brand": "Unique Arts & Interiors", "img_src": "https://www.bigbasket.com/media/uploads/p/mm/40102557_1-unique-arts-interiors-holi-colours-standard-coloured-perfumed-holi-spray.jpg", "combo": []}, {"product_id": "1604847170_40804", "category": "Cleaning & Household", "sub_category_name": "Party & Festive Needs", "product_name": "Natural Holi Colour - Assorted", "product_brand": "Rang Dulaar", "img_src": "https://www.bigbasket.com/media/uploads/p/mm/40067937_4-rang-dulaar-natural-holi-colour-assorted.jpg", "combo": []}, {"product_id": "1604847170_40484", "category": "Cleaning & Household", "sub_category_name": "Party & Festive Needs", "product_name": "Floating Candles - Small", "product_brand": "SBE", "img_src": "https://www.bigbasket.com/media/uploads/p/mm/40178784_4-sbe-floating-candles-small.jpg", "combo": []}, {"product_id": "1604847171_24484", "category": "Cleaning & Household", "sub_category_name": "Party & Festive Needs", "product_name": "Christmas Decoration - Pack Of Mixed Ornaments", "product_brand": "Unique Arts & Interiors", "img_src": "https://www.bigbasket.com/media/uploads/p/mm/40096172_1-unique-arts-interiors-christmas-decoration-pack-of-mixed-ornaments.jpg", "combo": []}, {"product_id": "1604847172_7684", "category": "Cleaning & Household", "sub_category_name": "Party & Festive Needs", "product_name": "Dandiya Diamond Design - Assorted Colors", "product_brand": "Om Bhakti", "img_src": "https://www.bigbasket.com/media/uploads/p/mm/800000166_1-om-bhakti-dandiya-diamond-design-assorted-colors.jpg", "combo": []}]