[{"product_id": "1604834123_71844", "category": "Snacks & Branded Foods", "sub_category_name": "Indian Mithai", "product_name": "Honey Roasted Almond Bar", "product_brand": "Paper Boat", "img_src": "https://www.bigbasket.com/media/uploads/p/s/40200953_1-paper-boat-honey-roasted-almond-bar.jpg", "combo": []}, {"product_id": "1604834123_23364", "category": "Snacks & Branded Foods", "sub_category_name": "Indian Mithai", "product_name": "Traditional Coconut Laddu", "product_brand": "Farm Made", "img_src": "https://www.bigbasket.com/media/uploads/p/s/40193710_1-farm-made-traditional-coconut-laddu.jpg", "combo": []}, {"product_id": "1604834124_19044", "category": "Snacks & Branded Foods", "sub_category_name": "Indian Mithai", "product_name": "Natural Coconut Sugar", "product_brand": "Farm Made", "img_src": "https://www.bigbasket.com/media/uploads/p/s/40090273_2-farm-made-natural-coconut-sugar.jpg", "combo": []}, {"product_id": "1604834125_85924", "category": "Snacks & Branded Foods", "sub_category_name": "Indian Mithai", "product_name": "Coconut - Candy", "product_brand": "Farm Made", "img_src": "https://www.bigbasket.com/media/uploads/p/s/40090275_1-farm-made-coconut-candy.jpg", "combo": []}, {"product_id": "1604834126_60804", "category": "Snacks & Branded Foods", "sub_category_name": "Indian Mithai", "product_name": "Gond Ghee Laddoo", "product_brand": "Tasties", "img_src": "https://www.bigbasket.com/media/uploads/p/s/40201261_1-tasties-gond-ghee-laddoo.jpg", "combo": []}, {"product_id": "1604834127_324", "category": "Snacks & Branded Foods", "sub_category_name": "Indian Mithai", "product_name": "Tasties Besan Laddoo", "product_brand": "Tasties", "img_src": "https://www.bigbasket.com/media/uploads/p/s/40201260_1-tasties-tasties-besan-laddoo.jpg", "combo": []}, {"product_id": "1604834127_92324", "category": "Snacks & Branded Foods", "sub_category_name": "Indian Mithai", "product_name": "Gulab Jamun", "product_brand": "MTR", "img_src": "https://www.bigbasket.com/media/uploads/p/s/40001473_5-mtr-gulab-jamun.jpg", "combo": [["1 kg", "180.00"], ["500 g", "115.00"]]}, {"product_id": "1604834128_41124", "category": "Snacks & Branded Foods", "sub_category_name": "Indian Mithai", "product_name": "Rasgulla", "product_brand": "Haldirams", "img_src": "https://www.bigbasket.com/media/uploads/p/s/1212377_1-haldirams-rasgulla.jpg", "combo": [["3 x 1 kg", "499.50"], ["1 kg", "185.00"], ["450 g", "100.00"]]}, {"product_id": "1604834129_59364", "category": "Snacks & Branded Foods", "sub_category_name": "Indian Mithai", "product_name": "Chikki Peanut Bar - Family Pack", "product_brand": "Paper Boat", "img_src": "https://www.bigbasket.com/media/uploads/p/s/40119398_4-paper-boat-chikki-peanut-bar-family-pack.jpg", "combo": []}, {"product_id": "1604834129_54724", "category": "Snacks & Branded Foods", "sub_category_name": "Indian Mithai", "product_name": "Soan Papdi", "product_brand": "Haldirams", "img_src": "https://www.bigbasket.com/media/uploads/p/s/271824_2-haldirams-soan-papdi.jpg", "combo": []}, {"product_id": "1604834130_37924", "category": "Snacks & Branded Foods", "sub_category_name": "Indian Mithai", "product_name": "Gulab Jamun", "product_brand": "Haldirams", "img_src": "https://www.bigbasket.com/media/uploads/p/s/1212372_1-haldirams-gulab-jamun.jpg", "combo": [["1 kg", "195.00"], ["3 x 1 kg", "526.50"], ["450 g", "105.00"]]}, {"product_id": "1604834131_8804", "category": "Snacks & Branded Foods", "sub_category_name": "Indian Mithai", "product_name": "Aam Papad Fruit Bar", "product_brand": "Paper Boat", "img_src": "https://www.bigbasket.com/media/uploads/p/s/40121100_3-paper-boat-aam-papad-fruit-bar.jpg", "combo": []}, {"product_id": "1604834132_24164", "category": "Snacks & Branded Foods", "sub_category_name": "Indian Mithai", "product_name": "Chikki Peanut Bar", "product_brand": "Paper Boat", "img_src": "https://www.bigbasket.com/media/uploads/p/s/40115088_1-paper-boat-chikki-peanut-bar.jpg", "combo": []}, {"product_id": "1604834132_72484", "category": "Snacks & Branded Foods", "sub_category_name": "Indian Mithai", "product_name": "Soan Treat - Orange", "product_brand": "Haldirams", "img_src": "https://www.bigbasket.com/media/uploads/p/s/40001727_1-haldirams-soan-treat-orange.jpg", "combo": []}, {"product_id": "1604834133_77604", "category": "Snacks & Branded Foods", "sub_category_name": "Indian Mithai", "product_name": "Rasgulla 1 kg + Gulab Jamun 1 kg", "product_brand": "Haldirams", "img_src": "https://www.bigbasket.com/media/uploads/p/s/1201941_1-haldirams-rasgulla-1-kg-gulab-jamun-1-kg.jpg", "combo": []}, {"product_id": "1604834134_94724", "category": "Snacks & Branded Foods", "sub_category_name": "Indian Mithai", "product_name": "Chikki Peanut Bar", "product_brand": "Paper Boat", "img_src": "https://www.bigbasket.com/media/uploads/p/s/40117875_5-paper-boat-chikki-peanut-bar.jpg", "combo": [["10x28 g", "100.00"], ["28 g", "10.00"]]}, {"product_id": "1604834134_44804", "category": "Snacks & Branded Foods", "sub_category_name": "Indian Mithai", "product_name": "Chikki - Peanut", "product_brand": "BMS", "img_src": "https://www.bigbasket.com/media/uploads/p/s/40100941_2-bms-chikki-peanut.jpg", "combo": []}, {"product_id": "1604834135_26404", "category": "Snacks & Branded Foods", "sub_category_name": "Indian Mithai", "product_name": "Rasgulla", "product_brand": "Bikaji", "img_src": "https://www.bigbasket.com/media/uploads/p/s/1212371_1-bikaji-rasgulla.jpg", "combo": [["1.25 kg", "213.75"], ["3 x 1.25 kg", "505.63"]]}, {"product_id": "1604834136_73444", "category": "Snacks & Branded Foods", "sub_category_name": "Indian Mithai", "product_name": "Crushed Chikki Peanut Bar", "product_brand": "Paper Boat", "img_src": "https://www.bigbasket.com/media/uploads/p/s/412407_4-paper-boat-crushed-chikki-peanut-bar.jpg", "combo": []}, {"product_id": "1604834137_964", "category": "Snacks & Branded Foods", "sub_category_name": "Indian Mithai", "product_name": "Soan Papdi, Mb", "product_brand": "Bikaji", "img_src": "https://www.bigbasket.com/media/uploads/p/s/40073896_3-bikaji-soan-papdi-mb.jpg", "combo": []}, {"product_id": "1604834138_96324", "category": "Snacks & Branded Foods", "sub_category_name": "Indian Mithai", "product_name": "Snacks - Rings, Tomato & Cheese, 2+ Years, 100% Natural & Healthy", "product_brand": "Timios", "img_src": "https://www.bigbasket.com/media/uploads/p/mm/40090980_3-timios-snacks-rings-tomato-cheese-2-years-100-natural-healthy.jpg", "combo": [["10x30 g", "200.00"], ["5x30 g", "100.00"], ["30 g", "20.00"]]}, {"product_id": "1604834139_59364", "category": "Snacks & Branded Foods", "sub_category_name": "Indian Mithai", "product_name": "Snacks - Sticks, Carrot & Cumin, 2+ Years, 100% Natural & Healthy", "product_brand": "Timios", "img_src": "https://www.bigbasket.com/media/uploads/p/mm/40090982_2-timios-snacks-sticks-carrot-cumin-2-years-100-natural-healthy.jpg", "combo": [["10x30 g", "200.00"], ["5x30 g", "100.00"], ["30 g", "20.00"]]}, {"product_id": "1604834140_59364", "category": "Snacks & Branded Foods", "sub_category_name": "Indian Mithai", "product_name": "Chikki - Peanut", "product_brand": "BMS", "img_src": "https://www.bigbasket.com/media/uploads/p/mm/40100939_3-bms-chikki-peanut.jpg", "combo": []}, {"product_id": "1604834140_83204", "category": "Snacks & Branded Foods", "sub_category_name": "Indian Mithai", "product_name": "Snacks - Puffs, Spinach & Lime, 2+ Years, 100% Natural & Healthy", "product_brand": "Timios", "img_src": "https://www.bigbasket.com/media/uploads/p/mm/40090981_2-timios-snacks-puffs-spinach-lime-2-years-100-natural-healthy.jpg", "combo": [["10x30 g", "200.00"], ["5x30 g", "100.00"], ["30 g", "20.00"]]}, {"product_id": "1604834141_77924", "category": "Snacks & Branded Foods", "sub_category_name": "Indian Mithai", "product_name": "Frozen Rasmalai", "product_brand": "Amul", "img_src": "https://www.bigbasket.com/media/uploads/p/mm/40085899_2-amul-frozen-rasmalai.jpg", "combo": []}, {"product_id": "1604834141_14244", "category": "Snacks & Branded Foods", "sub_category_name": "Indian Mithai", "product_name": "Mango Shrikhand", "product_brand": "Amul", "img_src": "https://www.bigbasket.com/media/uploads/p/mm/104840_4-amul-mango-shrikhand.jpg", "combo": []}, {"product_id": "1604834142_95044", "category": "Snacks & Branded Foods", "sub_category_name": "Indian Mithai", "product_name": "Rasogolla", "product_brand": "MTR", "img_src": "https://www.bigbasket.com/media/uploads/p/mm/256911_7-mtr-rasogolla.jpg", "combo": [["1 kg", "180.00"], ["500 g", "115.00"]]}, {"product_id": "1604834143_41124", "category": "Snacks & Branded Foods", "sub_category_name": "Indian Mithai", "product_name": "Besan Laddoo", "product_brand": "Daadis", "img_src": "https://www.bigbasket.com/media/uploads/p/mm/40156942_4-daadis-besan-laddoo.jpg", "combo": []}, {"product_id": "1604834143_68804", "category": "Snacks & Branded Foods", "sub_category_name": "Indian Mithai", "product_name": "Sesame Chikki", "product_brand": "Paper Boat", "img_src": "https://www.bigbasket.com/media/uploads/p/mm/412408_3-paper-boat-sesame-chikki.jpg", "combo": []}, {"product_id": "1604834144_4964", "category": "Snacks & Branded Foods", "sub_category_name": "Indian Mithai", "product_name": "Soan Papdi", "product_brand": "Haldirams", "img_src": "https://www.bigbasket.com/media/uploads/p/mm/100022365_1-haldirams-soan-papdi.jpg", "combo": [["3x500 g", "360.00"], ["500 g", "120.00"]]}, {"product_id": "1604834145_26564", "category": "Snacks & Branded Foods", "sub_category_name": "Indian Mithai", "product_name": "Chikki Peanut Bar", "product_brand": "Paper Boat", "img_src": "https://www.bigbasket.com/media/uploads/p/mm/40185238_2-paper-boat-chikki-peanut-bar.jpg", "combo": []}, {"product_id": "1604834145_80164", "category": "Snacks & Branded Foods", "sub_category_name": "Indian Mithai", "product_name": "Khova - Unsweetened", "product_brand": "Milky Mist", "img_src": "https://www.bigbasket.com/media/uploads/p/mm/40003160_2-milky-mist-khova-unsweetened.jpg", "combo": []}, {"product_id": "1604834146_95524", "category": "Snacks & Branded Foods", "sub_category_name": "Indian Mithai", "product_name": "Shrikhand - Badam Pista", "product_brand": "Amul", "img_src": "https://www.bigbasket.com/media/uploads/p/mm/104837_2-amul-shrikhand-badam-pista.jpg", "combo": []}, {"product_id": "1604834146_64324", "category": "Snacks & Branded Foods", "sub_category_name": "Indian Mithai", "product_name": "Snacks - Stars, Banana & Honey, 2+ Years, 100% Natural & Healthy", "product_brand": "Timios", "img_src": "https://www.bigbasket.com/media/uploads/p/mm/40090983_3-timios-snacks-stars-banana-honey-2-years-100-natural-healthy.jpg", "combo": [["10x30 g", "200.00"], ["5x30 g", "100.00"], ["30 g", "20.00"]]}, {"product_id": "1604834147_81764", "category": "Snacks & Branded Foods", "sub_category_name": "Indian Mithai", "product_name": "Sesame Chikki", "product_brand": "Paper Boat", "img_src": "https://www.bigbasket.com/media/uploads/p/mm/40185240_2-paper-boat-sesame-chikki.jpg", "combo": []}, {"product_id": "1604834148_82884", "category": "Snacks & Branded Foods", "sub_category_name": "Indian Mithai", "product_name": "Shrikhand - Elaichi", "product_brand": "Milky Mist", "img_src": "https://www.bigbasket.com/media/uploads/p/mm/40018581_2-milky-mist-shrikhand-elaichi.jpg", "combo": []}, {"product_id": "1604834148_24324", "category": "Snacks & Branded Foods", "sub_category_name": "Indian Mithai", "product_name": "Kesar Shrikhand", "product_brand": "Amul", "img_src": "https://www.bigbasket.com/media/uploads/p/mm/104839_2-amul-kesar-shrikhand.jpg", "combo": []}, {"product_id": "1604834149_78884", "category": "Snacks & Branded Foods", "sub_category_name": "Indian Mithai", "product_name": "Elaichi Shrikhand", "product_brand": "Amul", "img_src": "https://www.bigbasket.com/media/uploads/p/mm/104833_4-amul-elaichi-shrikhand.jpg", "combo": [["500 g", "90.00"], ["200 g", "45.00"]]}, {"product_id": "1604834150_48004", "category": "Snacks & Branded Foods", "sub_category_name": "Indian Mithai", "product_name": "Sugar Free Sweets - Mysore Pa", "product_brand": "Diabetics Dezire", "img_src": "https://www.bigbasket.com/media/uploads/p/mm/800203534_2-diabetics-dezire-sugar-free-sweets-mysore-pa.jpg", "combo": []}, {"product_id": "1604834151_36164", "category": "Snacks & Branded Foods", "sub_category_name": "Indian Mithai", "product_name": "Crushed Chikki Peanut Bar", "product_brand": "Paper Boat", "img_src": "https://www.bigbasket.com/media/uploads/p/mm/40185239_4-paper-boat-crushed-chikki-peanut-bar.jpg", "combo": []}, {"product_id": "1604834152_77124", "category": "Snacks & Branded Foods", "sub_category_name": "Indian Mithai", "product_name": "Shrikhand - Mango", "product_brand": "Milky Mist", "img_src": "https://www.bigbasket.com/media/uploads/p/mm/40018580_2-milky-mist-shrikhand-mango.jpg", "combo": []}, {"product_id": "1604834152_78084", "category": "Snacks & Branded Foods", "sub_category_name": "Indian Mithai", "product_name": "Rockers - Chocolate laddu", "product_brand": "MISHT", "img_src": "https://www.bigbasket.com/media/uploads/p/mm/40186467_1-misht-rockers-chocolate-laddu.jpg", "combo": []}, {"product_id": "1604834153_80004", "category": "Snacks & Branded Foods", "sub_category_name": "Indian Mithai", "product_name": "Chikki - Nice Peanut", "product_brand": "BMS", "img_src": "https://www.bigbasket.com/media/uploads/p/mm/40100940_2-bms-chikki-nice-peanut.jpg", "combo": []}, {"product_id": "1604834154_59684", "category": "Snacks & Branded Foods", "sub_category_name": "Indian Mithai", "product_name": "Energy Bars - Berry, 4+ Years, 100% Natural & Healthy", "product_brand": "Timios", "img_src": "https://www.bigbasket.com/media/uploads/p/mm/1204103_2-timios-energy-bars-berry-4-years-100-natural-healthy.jpg", "combo": [["30 g", "35.00"], ["3x30 g", "105.00"]]}, {"product_id": "1604834154_7044", "category": "Snacks & Branded Foods", "sub_category_name": "Indian Mithai", "product_name": "Imli - Sweety", "product_brand": "Saravanas", "img_src": "https://www.bigbasket.com/media/uploads/p/mm/40001686_3-saravanas-imli-sweety.jpg", "combo": []}, {"product_id": "1604834155_85604", "category": "Snacks & Branded Foods", "sub_category_name": "Indian Mithai", "product_name": "Besan Burfi", "product_brand": "MISHT", "img_src": "https://www.bigbasket.com/media/uploads/p/mm/40177635_1-misht-besan-burfi.jpg", "combo": []}, {"product_id": "1604834156_13764", "category": "Snacks & Branded Foods", "sub_category_name": "Indian Mithai", "product_name": "Double Joy", "product_brand": "Haldirams", "img_src": "https://www.bigbasket.com/media/uploads/p/mm/1212366_1-haldirams-double-joy.jpg", "combo": [["450 g", "124.20"], ["3 x 450 g", "346.52"]]}, {"product_id": "1604834157_60644", "category": "Snacks & Branded Foods", "sub_category_name": "Indian Mithai", "product_name": "Gulab Jamun - Gol M Gol", "product_brand": "Bikaji", "img_src": "https://www.bigbasket.com/media/uploads/p/mm/1212370_1-bikaji-gulab-jamun-gol-m-gol.jpg", "combo": [["3 x 1.25 kg", "516.86"], ["1.25 kg", "218.50"]]}, {"product_id": "1604834157_69124", "category": "Snacks & Branded Foods", "sub_category_name": "Indian Mithai", "product_name": "Aam Papad Fruit Bar - Family Pack", "product_brand": "Paper Boat", "img_src": "https://www.bigbasket.com/media/uploads/p/mm/40121098_2-paper-boat-aam-papad-fruit-bar-family-pack.jpg", "combo": []}, {"product_id": "1604834158_46244", "category": "Snacks & Branded Foods", "sub_category_name": "Indian Mithai", "product_name": "Chikkis - Pearl, Proso, Little, Barnyard", "product_brand": "e-millet", "img_src": "https://www.bigbasket.com/media/uploads/p/mm/800171981_1-emillet-chikkis-pearl-proso-little-barnyard.jpg", "combo": []}, {"product_id": "1604834159_36804", "category": "Snacks & Branded Foods", "sub_category_name": "Indian Mithai", "product_name": "Gulab Jamun", "product_brand": "Amul", "img_src": "https://www.bigbasket.com/media/uploads/p/mm/100007749_2-amul-gulab-jamun.jpg", "combo": []}, {"product_id": "1604834159_47044", "category": "Snacks & Branded Foods", "sub_category_name": "Indian Mithai", "product_name": "Amrakhand - With Real Mango", "product_brand": "Amul", "img_src": "https://www.bigbasket.com/media/uploads/p/mm/40018684_2-amul-amrakhand-with-real-mango.jpg", "combo": []}, {"product_id": "1604834160_39364", "category": "Snacks & Branded Foods", "sub_category_name": "Indian Mithai", "product_name": "Misti Doi - Artisanal", "product_brand": "Epigamia", "img_src": "https://www.bigbasket.com/media/uploads/p/mm/40129284_1-epigamia-misti-doi-artisanal.jpg", "combo": []}, {"product_id": "1604834160_484", "category": "Snacks & Branded Foods", "sub_category_name": "Indian Mithai", "product_name": "Dry Fruit Chikki", "product_brand": "Paper Boat", "img_src": "https://www.bigbasket.com/media/uploads/p/mm/40200952_1-paper-boat-dry-fruit-chikki.jpg", "combo": []}, {"product_id": "1604834161_48804", "category": "Snacks & Branded Foods", "sub_category_name": "Indian Mithai", "product_name": "Bombay Halwa", "product_brand": "Lal", "img_src": "https://www.bigbasket.com/media/uploads/p/mm/40196118_1-lal-bombay-halwa.jpg", "combo": []}, {"product_id": "1604834162_28164", "category": "Snacks & Branded Foods", "sub_category_name": "Indian Mithai", "product_name": "Mysore Pak Prem", "product_brand": "Lal", "img_src": "https://www.bigbasket.com/media/uploads/p/mm/40196119_1-lal-mysore-pak-prem.jpg", "combo": []}, {"product_id": "1604834163_17444", "category": "Snacks & Branded Foods", "sub_category_name": "Indian Mithai", "product_name": "Roasted Milk Burfi", "product_brand": "Lal", "img_src": "https://www.bigbasket.com/media/uploads/p/mm/40195860_1-lal-roasted-milk-burfi.jpg", "combo": []}, {"product_id": "1604834164_77444", "category": "Snacks & Branded Foods", "sub_category_name": "Indian Mithai", "product_name": "Badam Laddoo", "product_brand": "Lal", "img_src": "https://www.bigbasket.com/media/uploads/p/mm/40195863_2-lal-badam-laddoo.jpg", "combo": []}, {"product_id": "1604834165_97604", "category": "Snacks & Branded Foods", "sub_category_name": "Indian Mithai", "product_name": "Mysore Pak Prem", "product_brand": "Lal", "img_src": "https://www.bigbasket.com/media/uploads/p/mm/40195864_2-lal-mysore-pak-prem.jpg", "combo": []}, {"product_id": "1604834165_77284", "category": "Snacks & Branded Foods", "sub_category_name": "Indian Mithai", "product_name": "Milk Cake", "product_brand": "Lal", "img_src": "https://www.bigbasket.com/media/uploads/p/mm/40195865_1-lal-milk-cake.jpg", "combo": []}, {"product_id": "1604834166_41284", "category": "Snacks & Branded Foods", "sub_category_name": "Indian Mithai", "product_name": "Besan Laddoo", "product_brand": "Lal", "img_src": "https://www.bigbasket.com/media/uploads/p/mm/40195861_2-lal-besan-laddoo.jpg", "combo": []}, {"product_id": "1604834166_38084", "category": "Snacks & Branded Foods", "sub_category_name": "Indian Mithai", "product_name": "Badam Halwa", "product_brand": "Haldirams", "img_src": "https://www.bigbasket.com/media/uploads/p/mm/40001724_1-haldirams-badam-halwa.jpg", "combo": []}, {"product_id": "1604834167_68324", "category": "Snacks & Branded Foods", "sub_category_name": "Indian Mithai", "product_name": "Rasmalai", "product_brand": "Haldirams", "img_src": "https://www.bigbasket.com/media/uploads/p/mm/40001714_2-haldirams-rasmalai.jpg", "combo": [["1 kg", "185.00"], ["3 x 1 kg", "499.50"]]}, {"product_id": "1604834168_58404", "category": "Snacks & Branded Foods", "sub_category_name": "Indian Mithai", "product_name": "Sweets - Cham Cham", "product_brand": "Haldirams", "img_src": "https://www.bigbasket.com/media/uploads/p/mm/291251_2-haldirams-sweets-cham-cham.jpg", "combo": [["1 kg", "185.00"], ["3 x 1 kg", "499.50"]]}, {"product_id": "1604834169_61124", "category": "Snacks & Branded Foods", "sub_category_name": "Indian Mithai", "product_name": "Diabetics Sweets - Kaju Katli", "product_brand": "Dezire", "img_src": "https://www.bigbasket.com/media/uploads/p/mm/40037212_4-dezire-diabetics-sweets-kaju-katli.jpg", "combo": []}, {"product_id": "1604834169_64164", "category": "Snacks & Branded Foods", "sub_category_name": "Indian Mithai", "product_name": "Soan Papdi - Real Cardamom", "product_brand": "Grb", "img_src": "https://www.bigbasket.com/media/uploads/p/mm/40003514_4-grb-soan-papdi-real-cardamom.jpg", "combo": []}, {"product_id": "1604834170_64644", "category": "Snacks & Branded Foods", "sub_category_name": "Indian Mithai", "product_name": "Sugar Less Sweets - Assorted", "product_brand": "Dezire", "img_src": "https://www.bigbasket.com/media/uploads/p/mm/60000476_5-dezire-sugar-less-sweets-assorted.jpg", "combo": []}, {"product_id": "1604834171_96644", "category": "Snacks & Branded Foods", "sub_category_name": "Indian Mithai", "product_name": "Sweets - Bombay Halwa, Ghee", "product_brand": "Grb", "img_src": "https://www.bigbasket.com/media/uploads/p/mm/40077780_1-grb-sweets-bombay-halwa-ghee.jpg", "combo": []}, {"product_id": "1604834171_67044", "category": "Snacks & Branded Foods", "sub_category_name": "Indian Mithai", "product_name": "Chikkis - Finger, Foxtail, Kodo, Jowar", "product_brand": "e-millet", "img_src": "https://www.bigbasket.com/media/uploads/p/mm/800171980_1-emillet-chikkis-finger-foxtail-kodo-jowar.jpg", "combo": []}, {"product_id": "1604834172_72644", "category": "Snacks & Branded Foods", "sub_category_name": "Indian Mithai", "product_name": "Shrikhand - Mango", "product_brand": "Milky Mist", "img_src": "https://www.bigbasket.com/media/uploads/p/mm/40121097_1-milky-mist-shrikhand-mango.jpg", "combo": []}, {"product_id": "1604834173_32964", "category": "Snacks & Branded Foods", "sub_category_name": "Indian Mithai", "product_name": "Motichur Ladoo", "product_brand": "Sangam Sweets", "img_src": "https://www.bigbasket.com/media/uploads/p/mm/40030856_2-sangam-sweets-motichur-ladoo.jpg", "combo": []}, {"product_id": "1604834174_9444", "category": "Snacks & Branded Foods", "sub_category_name": "Indian Mithai", "product_name": "Chocolate Burfi", "product_brand": "Sangam Sweets", "img_src": "https://www.bigbasket.com/media/uploads/p/mm/40030844_2-sangam-sweets-chocolate-burfi.jpg", "combo": []}, {"product_id": "1604834175_8484", "category": "Snacks & Branded Foods", "sub_category_name": "Indian Mithai", "product_name": "Sugarfree Natural Burfi", "product_brand": "Sangam Sweets", "img_src": "https://www.bigbasket.com/media/uploads/p/mm/40030862_2-sangam-sweets-sugarfree-natural-burfi.jpg", "combo": []}, {"product_id": "1604834176_13764", "category": "Snacks & Branded Foods", "sub_category_name": "Indian Mithai", "product_name": "Soan Papdi Special", "product_brand": "Sangam Sweets", "img_src": "https://www.bigbasket.com/media/uploads/p/mm/40030865_2-sangam-sweets-soan-papdi-special.jpg", "combo": []}, {"product_id": "1604834176_56964", "category": "Snacks & Branded Foods", "sub_category_name": "Indian Mithai", "product_name": "Sweetss - Badam halwa", "product_brand": "Sangam Sweets", "img_src": "https://www.bigbasket.com/media/uploads/p/mm/40030871_2-sangam-sweets-sweetss-badam-halwa.jpg", "combo": []}, {"product_id": "1604834177_10724", "category": "Snacks & Branded Foods", "sub_category_name": "Indian Mithai", "product_name": "Suryakala", "product_brand": "Sangam Sweets", "img_src": "https://www.bigbasket.com/media/uploads/p/mm/40030885_2-sangam-sweets-suryakala.jpg", "combo": []}, {"product_id": "1604834178_3044", "category": "Snacks & Branded Foods", "sub_category_name": "Indian Mithai", "product_name": "Sugarfree Khajur Acrot Roll", "product_brand": "Sangam Sweets", "img_src": "https://www.bigbasket.com/media/uploads/p/mm/40030894_3-sangam-sweets-sugarfree-khajur-acrot-roll.jpg", "combo": []}, {"product_id": "1604834178_54884", "category": "Snacks & Branded Foods", "sub_category_name": "Indian Mithai", "product_name": "Moti Pak", "product_brand": "Sangam Sweets", "img_src": "https://www.bigbasket.com/media/uploads/p/mm/40030897_3-sangam-sweets-moti-pak.jpg", "combo": []}, {"product_id": "1604834179_26084", "category": "Snacks & Branded Foods", "sub_category_name": "Indian Mithai", "product_name": "Sata (Thor)", "product_brand": "Sangam Sweets", "img_src": "https://www.bigbasket.com/media/uploads/p/mm/40030900_1-sangam-sweets-sata-thor.jpg", "combo": []}, {"product_id": "1604834180_55844", "category": "Snacks & Branded Foods", "sub_category_name": "Indian Mithai", "product_name": "Besan Laddoo Prem", "product_brand": "Lal", "img_src": "https://www.bigbasket.com/media/uploads/p/mm/40020485_2-lal-besan-laddoo-prem.jpg", "combo": []}, {"product_id": "1604834180_90724", "category": "Snacks & Branded Foods", "sub_category_name": "Indian Mithai", "product_name": "Laddu - Til", "product_brand": "Charlie", "img_src": "https://www.bigbasket.com/media/uploads/p/mm/100003294_1-charlie-laddu-til.jpg", "combo": [["150 g", "70.00"], ["2x150 g", "140.00"]]}, {"product_id": "1604834181_33444", "category": "Snacks & Branded Foods", "sub_category_name": "Indian Mithai", "product_name": "Premium - Soan Papdi", "product_brand": "Lal", "img_src": "https://www.bigbasket.com/media/uploads/p/mm/40020489_1-lal-premium-soan-papdi.jpg", "combo": []}, {"product_id": "1604834182_46724", "category": "Snacks & Branded Foods", "sub_category_name": "Indian Mithai", "product_name": "Soan Papdi - Kesar", "product_brand": "Lal", "img_src": "https://www.bigbasket.com/media/uploads/p/mm/40020491_1-lal-soan-papdi-kesar.jpg", "combo": []}, {"product_id": "1604834183_34564", "category": "Snacks & Branded Foods", "sub_category_name": "Indian Mithai", "product_name": "Halwa - Karachi", "product_brand": "Lal", "img_src": "https://www.bigbasket.com/media/uploads/p/mm/40020494_1-lal-halwa-karachi.jpg", "combo": []}, {"product_id": "1604834183_7844", "category": "Snacks & Branded Foods", "sub_category_name": "Indian Mithai", "product_name": "Laddu - Kurmura", "product_brand": "Charlie", "img_src": "https://www.bigbasket.com/media/uploads/p/mm/100003357_1-charlie-laddu-kurmura.jpg", "combo": [["2x75 g", "70.00"], ["75 g", "35.00"]]}, {"product_id": "1604834184_39844", "category": "Snacks & Branded Foods", "sub_category_name": "Indian Mithai", "product_name": "Energy Bars - Nutty, 4+ Years, 100% Natural & Healthy", "product_brand": "Timios", "img_src": "https://www.bigbasket.com/media/uploads/p/mm/1204104_2-timios-energy-bars-nutty-4-years-100-natural-healthy.jpg", "combo": []}, {"product_id": "1604834185_10404", "category": "Snacks & Branded Foods", "sub_category_name": "Indian Mithai", "product_name": "Besan Laddu", "product_brand": "Sangam Sweets", "img_src": "https://www.bigbasket.com/media/uploads/p/mm/40030841_2-sangam-sweets-besan-laddu.jpg", "combo": []}, {"product_id": "1604834186_19684", "category": "Snacks & Branded Foods", "sub_category_name": "Indian Mithai", "product_name": "Mysore Pak", "product_brand": "Sangam Sweets", "img_src": "https://www.bigbasket.com/media/uploads/p/mm/40030859_2-sangam-sweets-mysore-pak.jpg", "combo": []}, {"product_id": "1604834187_88484", "category": "Snacks & Branded Foods", "sub_category_name": "Indian Mithai", "product_name": "Kaju Roll", "product_brand": "Sangam Sweets", "img_src": "https://www.bigbasket.com/media/uploads/p/mm/40030877_2-sangam-sweets-kaju-roll.jpg", "combo": []}, {"product_id": "1604834188_81444", "category": "Snacks & Branded Foods", "sub_category_name": "Indian Mithai", "product_name": "Dharwad Peda", "product_brand": "Sangam Sweets", "img_src": "https://www.bigbasket.com/media/uploads/p/mm/40030882_2-sangam-sweets-dharwad-peda.jpg", "combo": []}, {"product_id": "1604834189_18884", "category": "Snacks & Branded Foods", "sub_category_name": "Indian Mithai", "product_name": "Big Boondhi Dryfruit Laddu", "product_brand": "Sangam Sweets", "img_src": "https://www.bigbasket.com/media/uploads/p/mm/40166393_2-sangam-sweets-big-boondhi-dryfruit-laddu.jpg", "combo": []}, {"product_id": "1604834189_90884", "category": "Snacks & Branded Foods", "sub_category_name": "Indian Mithai", "product_name": "Laddu - Peanut", "product_brand": "Charlie", "img_src": "https://www.bigbasket.com/media/uploads/p/mm/100003347_2-charlie-laddu-peanut.jpg", "combo": []}, {"product_id": "1604834190_28324", "category": "Snacks & Branded Foods", "sub_category_name": "Indian Mithai", "product_name": "Kesar Peda", "product_brand": "Sangam Sweets", "img_src": "https://www.bigbasket.com/media/uploads/p/mm/40030850_3-sangam-sweets-kesar-peda.jpg", "combo": []}, {"product_id": "1604834191_52964", "category": "Snacks & Branded Foods", "sub_category_name": "Indian Mithai", "product_name": "Bombay Halwa", "product_brand": "Sangam Sweets", "img_src": "https://www.bigbasket.com/media/uploads/p/mm/40030906_1-sangam-sweets-bombay-halwa.jpg", "combo": []}, {"product_id": "1604834191_35044", "category": "Snacks & Branded Foods", "sub_category_name": "Indian Mithai", "product_name": "Dodha", "product_brand": "MISHT", "img_src": "https://www.bigbasket.com/media/uploads/p/mm/40177631_1-misht-dodha.jpg", "combo": []}, {"product_id": "1604834192_70404", "category": "Snacks & Branded Foods", "sub_category_name": "Indian Mithai", "product_name": "Chana Burfi", "product_brand": "MISHT", "img_src": "https://www.bigbasket.com/media/uploads/p/mm/40177640_1-misht-chana-burfi.jpg", "combo": [["210 g", "199.00"], ["50 g", "79.00"]]}, {"product_id": "1604834193_28964", "category": "Snacks & Branded Foods", "sub_category_name": "Indian Mithai", "product_name": "Kaju Katli", "product_brand": "MISHT", "img_src": "https://www.bigbasket.com/media/uploads/p/mm/40114893_2-misht-kaju-katli.jpg", "combo": []}, {"product_id": "1604834193_85444", "category": "Snacks & Branded Foods", "sub_category_name": "Indian Mithai", "product_name": "Besan Burfi", "product_brand": "MISHT", "img_src": "https://www.bigbasket.com/media/uploads/p/mm/40114894_2-misht-besan-burfi.jpg", "combo": []}, {"product_id": "1604834194_60004", "category": "Snacks & Branded Foods", "sub_category_name": "Indian Mithai", "product_name": "Kaju Katli", "product_brand": "MISHT", "img_src": "https://www.bigbasket.com/media/uploads/p/mm/40114897_2-misht-kaju-katli.jpg", "combo": []}, {"product_id": "1604834195_57284", "category": "Snacks & Branded Foods", "sub_category_name": "Indian Mithai", "product_name": "Besan Burfi", "product_brand": "MISHT", "img_src": "https://www.bigbasket.com/media/uploads/p/mm/40114898_2-misht-besan-burfi.jpg", "combo": []}, {"product_id": "1604834195_73124", "category": "Snacks & Branded Foods", "sub_category_name": "Indian Mithai", "product_name": "Dodha", "product_brand": "MISHT", "img_src": "https://www.bigbasket.com/media/uploads/p/mm/40114899_2-misht-dodha.jpg", "combo": []}, {"product_id": "1604834196_4964", "category": "Snacks & Branded Foods", "sub_category_name": "Indian Mithai", "product_name": "Milk Cake", "product_brand": "MISHT", "img_src": "https://www.bigbasket.com/media/uploads/p/mm/40114900_2-misht-milk-cake.jpg", "combo": []}, {"product_id": "1604834197_23364", "category": "Snacks & Branded Foods", "sub_category_name": "Indian Mithai", "product_name": "Peda", "product_brand": "MISHT", "img_src": "https://www.bigbasket.com/media/uploads/p/mm/40177633_1-misht-peda.jpg", "combo": []}, {"product_id": "1604834198_47044", "category": "Snacks & Branded Foods", "sub_category_name": "Indian Mithai", "product_name": "Milk Cake", "product_brand": "MISHT", "img_src": "https://www.bigbasket.com/media/uploads/p/mm/40177637_1-misht-milk-cake.jpg", "combo": []}, {"product_id": "1604834199_26884", "category": "Snacks & Branded Foods", "sub_category_name": "Indian Mithai", "product_name": "Chocolate Burfi", "product_brand": "MISHT", "img_src": "https://www.bigbasket.com/media/uploads/p/mm/40177638_1-misht-chocolate-burfi.jpg", "combo": [["210 g", "249.00"], ["50 g", "99.00"]]}, {"product_id": "1604834199_38404", "category": "Snacks & Branded Foods", "sub_category_name": "Indian Mithai", "product_name": "Sugar Less - Gulab Jamun", "product_brand": "Dezire", "img_src": "https://www.bigbasket.com/media/uploads/p/mm/60000475_3-dezire-sugar-less-gulab-jamun.jpg", "combo": []}, {"product_id": "1604834200_59364", "category": "Snacks & Branded Foods", "sub_category_name": "Indian Mithai", "product_name": "Kaju Katri", "product_brand": "Amul", "img_src": "https://www.bigbasket.com/media/uploads/p/mm/40088511_2-amul-kaju-katri.jpg", "combo": [["200 g", "171.50"], ["500 g", "392.00"]]}, {"product_id": "1604834201_50084", "category": "Snacks & Branded Foods", "sub_category_name": "Indian Mithai", "product_name": "Rasgulla", "product_brand": "Amul", "img_src": "https://www.bigbasket.com/media/uploads/p/mm/40116090_1-amul-rasgulla.jpg", "combo": []}]