[{"product_id": "1604849140_59044", "category": "Eggs, Meat & Fish", "sub_category_name": "Poultry", "product_name": "Chicken - Curry Cut Without Skin, Antibiotic Residue Free, 13-15 pcs", "product_brand": "Fresho", "img_src": "https://www.bigbasket.com/media/uploads/p/s/10000908_15-fresho-chicken-curry-cut-without-skin-antibiotic-residue-free-13-15-pcs.jpg", "combo": [["1 kg", "224.00"], ["500 g", "119.00"], ["250 g", "50.00"]]}, {"product_id": "1604849141_94724", "category": "Eggs, Meat & Fish", "sub_category_name": "Poultry", "product_name": "Chicken Breast - Boneless, Antibiotic Residue-Free, Growth Hormone-Free", "product_brand": "Fresho", "img_src": "https://www.bigbasket.com/media/uploads/p/s/10000901_10-fresho-chicken-breast-boneless-antibiotic-residue-free-growth-hormone-free.jpg", "combo": [["1 kg", "344.00"], ["500 g", "189.00"], ["250 g", "99.00"]]}, {"product_id": "1604849142_14404", "category": "Eggs, Meat & Fish", "sub_category_name": "Poultry", "product_name": "Chicken Curry Cut - With Skin, Antibiotic Residue-Free, Growth Hormone-Free", "product_brand": "Fresho", "img_src": "https://www.bigbasket.com/media/uploads/p/s/10000927_7-fresho-chicken-curry-cut-with-skin-antibiotic-residue-free-growth-hormone-free.jpg", "combo": [["500 g", "108.00"], ["250 g", "79.00"]]}, {"product_id": "1604849145_36964", "category": "Eggs, Meat & Fish", "sub_category_name": "Poultry", "product_name": "Mixed Chicken Pieces - Boneless, Antibiotic Residue-Free, Growth Hormone-Free, 4-6 pcs", "product_brand": "Fresho", "img_src": "https://www.bigbasket.com/media/uploads/p/s/10000924_11-fresho-mixed-chicken-pieces-boneless-antibiotic-residue-free-growth-hormone-free-4-6-pcs.jpg", "combo": []}, {"product_id": "1604849146_53764", "category": "Eggs, Meat & Fish", "sub_category_name": "Poultry", "product_name": "Chicken Mince - Antibiotic Residue Free, Growth Hormone-Free", "product_brand": "Fresho", "img_src": "https://www.bigbasket.com/media/uploads/p/s/10000906_9-fresho-chicken-mince-antibiotic-residue-free-growth-hormone-free.jpg", "combo": []}, {"product_id": "1604849146_87204", "category": "Eggs, Meat & Fish", "sub_category_name": "Poultry", "product_name": "Chicken Liver - Antibiotic Residue-Free, Growth Hormone-Free", "product_brand": "Fresho", "img_src": "https://www.bigbasket.com/media/uploads/p/s/10000916_11-fresho-chicken-liver-antibiotic-residue-free-growth-hormone-free.jpg", "combo": [["500 g", "65.00"], ["250 g", "69.00"]]}, {"product_id": "1604849147_1284", "category": "Eggs, Meat & Fish", "sub_category_name": "Poultry", "product_name": "Chicken Leg - Boneless, Antibiotic Residue-Free, Growth Hormone-Free, 2-3 pcs", "product_brand": "Fresho", "img_src": "https://www.bigbasket.com/media/uploads/p/s/10000903_10-fresho-chicken-leg-boneless-antibiotic-residue-free-growth-hormone-free-2-3-pcs.jpg", "combo": []}, {"product_id": "1604849148_63044", "category": "Eggs, Meat & Fish", "sub_category_name": "Poultry", "product_name": "Chicken - Gizzard", "product_brand": "Fresho", "img_src": "https://www.bigbasket.com/media/uploads/p/s/10001011_3-fresho-chicken-gizzard.jpg", "combo": [["500 g", "79.00"], ["250 g", "69.00"], ["1 kg", "149.00"]]}, {"product_id": "1604849149_76484", "category": "Eggs, Meat & Fish", "sub_category_name": "Poultry", "product_name": "Chicken Bones", "product_brand": "Fresho", "img_src": "https://www.bigbasket.com/media/uploads/p/s/40188266_1-fresho-chicken-bones.jpg", "combo": []}, {"product_id": "1604849149_14404", "category": "Eggs, Meat & Fish", "sub_category_name": "Poultry", "product_name": "Chilli Chicken Pieces - Boneless, Antibiotic Residue-Free, Growth Hormone-Free", "product_brand": "Fresho", "img_src": "https://www.bigbasket.com/media/uploads/p/s/40118808_3-fresho-chilli-chicken-pieces-boneless-antibiotic-residue-free-growth-hormone-free.jpg", "combo": [["250 g", "99.00"], ["500 g", "170.00"], ["1 kg", "379.00"]]}, {"product_id": "1604849150_11844", "category": "Eggs, Meat & Fish", "sub_category_name": "Poultry", "product_name": "Chicken - Biriyani Cut", "product_brand": "Fresho", "img_src": "https://www.bigbasket.com/media/uploads/p/s/40081296_4-fresho-chicken-biriyani-cut.jpg", "combo": []}, {"product_id": "1604849151_44164", "category": "Eggs, Meat & Fish", "sub_category_name": "Poultry", "product_name": "Chicken Bones", "product_brand": "Fresho", "img_src": "https://www.bigbasket.com/media/uploads/p/s/40188265_3-fresho-chicken-bones.jpg", "combo": []}, {"product_id": "1604849152_54084", "category": "Eggs, Meat & Fish", "sub_category_name": "Poultry", "product_name": "Chicken - Soup Pieces", "product_brand": "Fresho", "img_src": "https://www.bigbasket.com/media/uploads/p/s/40163311_1-fresho-chicken-soup-pieces.jpg", "combo": []}, {"product_id": "1604849152_31524", "category": "Eggs, Meat & Fish", "sub_category_name": "Poultry", "product_name": "Chicken Drumstick - Without Skin, Antibiotic Residue-Free, Growth Hormone-Free", "product_brand": "Fresho", "img_src": "https://www.bigbasket.com/media/uploads/p/s/10001003_4-fresho-chicken-drumstick-without-skin-antibiotic-residue-free-growth-hormone-free.jpg", "combo": [["500 g", "159.00"], ["250 g", "99.00"], ["1 kg", "299.00"]]}, {"product_id": "1604849153_26884", "category": "Eggs, Meat & Fish", "sub_category_name": "Poultry", "product_name": "Chicken Leg - Without Skin, Antibiotic Residue-Free, Growth Hormone-Free", "product_brand": "Fresho", "img_src": "https://www.bigbasket.com/media/uploads/p/s/10000913_7-fresho-chicken-leg-without-skin-antibiotic-residue-free-growth-hormone-free.jpg", "combo": [["500 g", "149.00"], ["250 g", "79.00"], ["1 Kg", "499.00"]]}, {"product_id": "1604849154_96804", "category": "Eggs, Meat & Fish", "sub_category_name": "Poultry", "product_name": "Chicken Burger Patty - Ready To Cook", "product_brand": "Yummiez", "img_src": "https://www.bigbasket.com/media/uploads/p/s/40000517_5-yummiez-chicken-burger-patty-ready-to-cook.jpg", "combo": []}, {"product_id": "1604849155_72004", "category": "Eggs, Meat & Fish", "sub_category_name": "Poultry", "product_name": "Chicken Masala Nuggets", "product_brand": "Yummiez", "img_src": "https://www.bigbasket.com/media/uploads/p/s/268205_10-yummiez-chicken-masala-nuggets.jpg", "combo": []}, {"product_id": "1604849156_32324", "category": "Eggs, Meat & Fish", "sub_category_name": "Poultry", "product_name": "Punjabi Tikka - Chicken", "product_brand": "Yummiez", "img_src": "https://www.bigbasket.com/media/uploads/p/s/294237_7-yummiez-punjabi-tikka-chicken.jpg", "combo": []}, {"product_id": "1604849157_79684", "category": "Eggs, Meat & Fish", "sub_category_name": "Poultry", "product_name": "Crispy Chicken Popcorn", "product_brand": "CP Easy Snack", "img_src": "https://www.bigbasket.com/media/uploads/p/s/40169039_1-cp-easy-snack-crispy-chicken-popcorn.jpg", "combo": [["400 g", "200.00"], ["250 g", "150.00"]]}, {"product_id": "1604849158_12164", "category": "Eggs, Meat & Fish", "sub_category_name": "Poultry", "product_name": "Smoked Chicken Ham - Ready To Serve", "product_brand": "Buffet", "img_src": "https://www.bigbasket.com/media/uploads/p/s/40002872_1-buffet-smoked-chicken-ham-ready-to-serve.jpg", "combo": []}, {"product_id": "1604849158_74564", "category": "Eggs, Meat & Fish", "sub_category_name": "Poultry", "product_name": "Chicken - Seekh Kebab", "product_brand": "Meatzza", "img_src": "https://www.bigbasket.com/media/uploads/p/mm/40059419_3-meatzza-chicken-seekh-kebab.jpg", "combo": [["250 g", "170.00"], ["1 kg", "550.00"], ["500 g", "325.00"]]}, {"product_id": "1604849159_95524", "category": "Eggs, Meat & Fish", "sub_category_name": "Poultry", "product_name": "Chicken - Meatball", "product_brand": "Meatzza", "img_src": "https://www.bigbasket.com/media/uploads/p/mm/40059424_5-meatzza-chicken-meatball.jpg", "combo": [["500 g", "325.00"], ["200 g", "150.00"]]}, {"product_id": "1604849160_48484", "category": "Eggs, Meat & Fish", "sub_category_name": "Poultry", "product_name": "Chicken Wings - With Skin, Antibiotic Residue-Free, Growth Hormone-Free, 8-10 pcs", "product_brand": "Fresho", "img_src": "https://www.bigbasket.com/media/uploads/p/mm/10000922_11-fresho-chicken-wings-with-skin-antibiotic-residue-free-growth-hormone-free-8-10-pcs.jpg", "combo": []}, {"product_id": "1604849161_24484", "category": "Eggs, Meat & Fish", "sub_category_name": "Poultry", "product_name": "Chicken - Mince, Antibiotic Residue-Free, Growth Hormone-Free", "product_brand": "Fresho", "img_src": "https://www.bigbasket.com/media/uploads/p/mm/10000907_9-fresho-chicken-mince-antibiotic-residue-free-growth-hormone-free.jpg", "combo": []}, {"product_id": "1604849161_8804", "category": "Eggs, Meat & Fish", "sub_category_name": "Poultry", "product_name": "Chicken - Breast With Bone, Antibiotic Residue-Free, Growth Hormone-Free", "product_brand": "Fresho", "img_src": "https://www.bigbasket.com/media/uploads/p/mm/40059468_6-fresho-chicken-breast-with-bone-antibiotic-residue-free-growth-hormone-free.jpg", "combo": []}, {"product_id": "1604849162_99844", "category": "Eggs, Meat & Fish", "sub_category_name": "Poultry", "product_name": "Supreme Chicken Nuggets", "product_brand": "CP Easy Snack", "img_src": "https://www.bigbasket.com/media/uploads/p/mm/40094098_4-cp-easy-snack-supreme-chicken-nuggets.jpg", "combo": [["300 g", "170.00"], ["500 g", "270.00"]]}, {"product_id": "1604849163_43524", "category": "Eggs, Meat & Fish", "sub_category_name": "Poultry", "product_name": "Chicken - Wings, Antibiotic Residue-Free, Growth Hormone-Free, 4-6 pcs", "product_brand": "Fresho", "img_src": "https://www.bigbasket.com/media/uploads/p/mm/10000923_9-fresho-chicken-wings-antibiotic-residue-free-growth-hormone-free-4-6-pcs.jpg", "combo": [["250 g", "69.00"], ["1 kg", "229.00"]]}, {"product_id": "1604849164_42564", "category": "Eggs, Meat & Fish", "sub_category_name": "Poultry", "product_name": "Classic Chicken Burger Patty", "product_brand": "CP Easy Snack", "img_src": "https://www.bigbasket.com/media/uploads/p/mm/40169044_1-cp-easy-snack-classic-chicken-burger-patty.jpg", "combo": []}, {"product_id": "1604849164_14404", "category": "Eggs, Meat & Fish", "sub_category_name": "Poultry", "product_name": "Chicken - Lollipop, Antibiotic Residue-Free, Growth Hormone-Free", "product_brand": "Fresho", "img_src": "https://www.bigbasket.com/media/uploads/p/mm/10001015_4-fresho-chicken-lollipop-antibiotic-residue-free-growth-hormone-free.jpg", "combo": [["500 g", "149.00"], ["250 g", "79.00"], ["1 kg", "279.00"]]}, {"product_id": "1604849165_4804", "category": "Eggs, Meat & Fish", "sub_category_name": "Poultry", "product_name": "Chicken Kheema Raw - Frozen", "product_brand": "Yummiez", "img_src": "https://www.bigbasket.com/media/uploads/p/mm/40018020_6-yummiez-chicken-kheema-raw-frozen.jpg", "combo": []}, {"product_id": "1604849166_91844", "category": "Eggs, Meat & Fish", "sub_category_name": "Poultry", "product_name": "Chicken Chilli Cheese Coins", "product_brand": "CP Easy Snack", "img_src": "https://www.bigbasket.com/media/uploads/p/mm/40169050_1-cp-easy-snack-chicken-chilli-cheese-coins.jpg", "combo": []}, {"product_id": "1604849166_65444", "category": "Eggs, Meat & Fish", "sub_category_name": "Poultry", "product_name": "Chicken - Neck", "product_brand": "Fresho", "img_src": "https://www.bigbasket.com/media/uploads/p/mm/10001008_2-fresho-chicken-neck.jpg", "combo": [["1 Kg", "69.00"], ["250 g", "39.00"]]}, {"product_id": "1604849167_69124", "category": "Eggs, Meat & Fish", "sub_category_name": "Poultry", "product_name": "Chicken Kebab e Seekh", "product_brand": "CP Easy Snack", "img_src": "https://www.bigbasket.com/media/uploads/p/mm/40169043_1-cp-easy-snack-chicken-kebab-e-seekh.jpg", "combo": [["250 g", "145.00"], ["500g", "250.00"]]}, {"product_id": "1604849169_95364", "category": "Eggs, Meat & Fish", "sub_category_name": "Poultry", "product_name": "Chicken - Cocktail Barbeque Sausages", "product_brand": "Zorabian", "img_src": "https://www.bigbasket.com/media/uploads/p/mm/40020428_2-zorabian-chicken-cocktail-barbeque-sausages.jpg", "combo": []}, {"product_id": "1604849169_57444", "category": "Eggs, Meat & Fish", "sub_category_name": "Poultry", "product_name": "Chicken Momos", "product_brand": "CP Easy Snack", "img_src": "https://www.bigbasket.com/media/uploads/p/mm/40169048_1-cp-easy-snack-chicken-momos.jpg", "combo": []}, {"product_id": "1604849170_76164", "category": "Eggs, Meat & Fish", "sub_category_name": "Poultry", "product_name": "Chicken - Shami Kebab", "product_brand": "Zorabian", "img_src": "https://www.bigbasket.com/media/uploads/p/mm/40020421_1-zorabian-chicken-shami-kebab.jpg", "combo": []}, {"product_id": "1604849171_35524", "category": "Eggs, Meat & Fish", "sub_category_name": "Poultry", "product_name": "Chicken - Salami Plain Sliced", "product_brand": "Meatzza", "img_src": "https://www.bigbasket.com/media/uploads/p/mm/40059418_5-meatzza-chicken-salami-plain-sliced.jpg", "combo": [["250 g", "150.00"], ["500 g", "275.00"]]}, {"product_id": "1604849171_62724", "category": "Eggs, Meat & Fish", "sub_category_name": "Poultry", "product_name": "Chicken - Seekh Kebab", "product_brand": "Zorabian", "img_src": "https://www.bigbasket.com/media/uploads/p/mm/40020425_2-zorabian-chicken-seekh-kebab.jpg", "combo": []}, {"product_id": "1604849172_68004", "category": "Eggs, Meat & Fish", "sub_category_name": "Poultry", "product_name": "Chicken - Seekh Kebab Hot & Spicy", "product_brand": "Meatzza", "img_src": "https://www.bigbasket.com/media/uploads/p/mm/40059421_8-meatzza-chicken-seekh-kebab-hot-spicy.jpg", "combo": [["250 g", "170.00"], ["500 g", "325.00"], ["1 kg", "590.00"]]}, {"product_id": "1604849173_48004", "category": "Eggs, Meat & Fish", "sub_category_name": "Poultry", "product_name": "Chicken - Malai Seekh Kebab", "product_brand": "Meatzza", "img_src": "https://www.bigbasket.com/media/uploads/p/mm/40059422_8-meatzza-chicken-malai-seekh-kebab.jpg", "combo": []}, {"product_id": "1604849173_5924", "category": "Eggs, Meat & Fish", "sub_category_name": "Poultry", "product_name": "Chicken - Salami Masala Slice", "product_brand": "Meatzza", "img_src": "https://www.bigbasket.com/media/uploads/p/mm/40049532_4-meatzza-chicken-salami-masala-slice.jpg", "combo": [["500 g", "275.00"], ["250 g", "150.00"]]}, {"product_id": "1604849174_5444", "category": "Eggs, Meat & Fish", "sub_category_name": "Poultry", "product_name": "Chicken Spicy Breast Strips", "product_brand": "Meatzza", "img_src": "https://www.bigbasket.com/media/uploads/p/mm/40183635_4-meatzza-chicken-spicy-breast-strips.jpg", "combo": []}, {"product_id": "1604849175_39204", "category": "Eggs, Meat & Fish", "sub_category_name": "Poultry", "product_name": "Chicken - Finger", "product_brand": "Meatzza", "img_src": "https://www.bigbasket.com/media/uploads/p/mm/40049530_7-meatzza-chicken-finger.jpg", "combo": []}, {"product_id": "1604849175_3044", "category": "Eggs, Meat & Fish", "sub_category_name": "Poultry", "product_name": "Chicken Mini Kievs", "product_brand": "CP Easy Snack", "img_src": "https://www.bigbasket.com/media/uploads/p/mm/40169038_1-cp-easy-snack-chicken-mini-kievs.jpg", "combo": []}, {"product_id": "1604849176_64164", "category": "Eggs, Meat & Fish", "sub_category_name": "Poultry", "product_name": "Chicken Jalapeno Cheese Nuggets", "product_brand": "Meatzza", "img_src": "https://www.bigbasket.com/media/uploads/p/mm/40183638_4-meatzza-chicken-jalapeno-cheese-nuggets.jpg", "combo": []}, {"product_id": "1604849176_85444", "category": "Eggs, Meat & Fish", "sub_category_name": "Poultry", "product_name": "Chicken - Popcorn", "product_brand": "Meatzza", "img_src": "https://www.bigbasket.com/media/uploads/p/mm/40049542_8-meatzza-chicken-popcorn.jpg", "combo": []}, {"product_id": "1604849177_30404", "category": "Eggs, Meat & Fish", "sub_category_name": "Poultry", "product_name": "Chicken - Nuggets", "product_brand": "Meatzza", "img_src": "https://www.bigbasket.com/media/uploads/p/mm/40049529_6-meatzza-chicken-nuggets.jpg", "combo": []}, {"product_id": "1604849178_96004", "category": "Eggs, Meat & Fish", "sub_category_name": "Poultry", "product_name": "Fresh Boneless Chicken Breast", "product_brand": "Meatzza", "img_src": "https://www.bigbasket.com/media/uploads/p/mm/40055084_2-meatzza-fresh-boneless-chicken-breast.jpg", "combo": []}, {"product_id": "1604849178_4324", "category": "Eggs, Meat & Fish", "sub_category_name": "Poultry", "product_name": "Chicken - Cold Cut Ham", "product_brand": "Bon Appetit", "img_src": "https://www.bigbasket.com/media/uploads/p/mm/40015774_5-bon-appetit-chicken-cold-cut-ham.jpg", "combo": []}, {"product_id": "1604849180_1604", "category": "Eggs, Meat & Fish", "sub_category_name": "Poultry", "product_name": "Chicken - Sausage", "product_brand": "Meatzza", "img_src": "https://www.bigbasket.com/media/uploads/p/mm/40055083_3-meatzza-chicken-sausage.jpg", "combo": [["250 g", "170.00"], ["500 g", "300.00"]]}, {"product_id": "1604849181_70244", "category": "Eggs, Meat & Fish", "sub_category_name": "Poultry", "product_name": "Chicken - Burger", "product_brand": "Meatzza", "img_src": "https://www.bigbasket.com/media/uploads/p/mm/40059416_4-meatzza-chicken-burger.jpg", "combo": []}, {"product_id": "1604849181_31044", "category": "Eggs, Meat & Fish", "sub_category_name": "Poultry", "product_name": "Chicken Tikka", "product_brand": "CP Easy Snack", "img_src": "https://www.bigbasket.com/media/uploads/p/mm/40169049_1-cp-easy-snack-chicken-tikka.jpg", "combo": []}, {"product_id": "1604849182_23044", "category": "Eggs, Meat & Fish", "sub_category_name": "Poultry", "product_name": "Crispy Chicken Fries", "product_brand": "CP Easy Snack", "img_src": "https://www.bigbasket.com/media/uploads/p/mm/40169047_1-cp-easy-snack-crispy-chicken-fries.jpg", "combo": [["250 g", "125.00"], ["500 g", "220.00"]]}, {"product_id": "1604849183_24804", "category": "Eggs, Meat & Fish", "sub_category_name": "Poultry", "product_name": "Chicken - Liver With Heart", "product_brand": "Fresho", "img_src": "https://www.bigbasket.com/media/uploads/p/mm/40085989_1-fresho-chicken-liver-with-heart.jpg", "combo": []}, {"product_id": "1604849183_68484", "category": "Eggs, Meat & Fish", "sub_category_name": "Poultry", "product_name": "Chicken - With Skin Curry Cut, Antibiotic Residue-Free, Growth Hormone-Free", "product_brand": "Fresho", "img_src": "https://www.bigbasket.com/media/uploads/p/mm/40085990_5-fresho-chicken-with-skin-curry-cut-antibiotic-residue-free-growth-hormone-free.jpg", "combo": []}, {"product_id": "1604849184_16644", "category": "Eggs, Meat & Fish", "sub_category_name": "Poultry", "product_name": "Chicken Mixed Boneless", "product_brand": "Fresho", "img_src": "https://www.bigbasket.com/media/uploads/p/mm/10000925_7-fresho-chicken-mixed-boneless.jpg", "combo": [["250 g", "99.00"], ["1 kg", "369.00"]]}, {"product_id": "1604849185_72324", "category": "Eggs, Meat & Fish", "sub_category_name": "Poultry", "product_name": "Chicken Thigh - Antibiotic Residue-Free, Growth Hormone-Free, 3-4 pcs", "product_brand": "Fresho", "img_src": "https://www.bigbasket.com/media/uploads/p/mm/10000919_9-fresho-chicken-thigh-antibiotic-residue-free-growth-hormone-free-3-4-pcs.jpg", "combo": [["500 g", "189.00"], ["250 g", "109.00"]]}, {"product_id": "1604849185_15364", "category": "Eggs, Meat & Fish", "sub_category_name": "Poultry", "product_name": "Chicken Neck", "product_brand": "Fresho", "img_src": "https://www.bigbasket.com/media/uploads/p/mm/10000914_5-fresho-chicken-neck.jpg", "combo": []}, {"product_id": "1604849186_47204", "category": "Eggs, Meat & Fish", "sub_category_name": "Poultry", "product_name": "Fresho Meat Chicken Curry Cut Without Skin 1kg + Everest Chicken Masala 100g", "product_brand": "bb Combo", "img_src": "https://www.bigbasket.com/media/uploads/p/mm/1202514_1-bb-combo-fresho-meat-chicken-curry-cut-without-skin-1kg-everest-chicken-masala-100g.jpg", "combo": []}, {"product_id": "1604849187_40324", "category": "Eggs, Meat & Fish", "sub_category_name": "Poultry", "product_name": "Chicken Breast Ham Chilli", "product_brand": "Bon Appetit", "img_src": "https://www.bigbasket.com/media/uploads/p/mm/40015770_4-bon-appetit-chicken-breast-ham-chilli.jpg", "combo": []}, {"product_id": "1604849187_33924", "category": "Eggs, Meat & Fish", "sub_category_name": "Poultry", "product_name": "Chicken - Cold Cut Chili", "product_brand": "Bon Appetit", "img_src": "https://www.bigbasket.com/media/uploads/p/mm/40015771_5-bon-appetit-chicken-cold-cut-chili.jpg", "combo": []}, {"product_id": "1604849188_53444", "category": "Eggs, Meat & Fish", "sub_category_name": "Poultry", "product_name": "Chicken Chapli Kebab", "product_brand": "Meatzza", "img_src": "https://www.bigbasket.com/media/uploads/p/mm/40183639_4-meatzza-chicken-chapli-kebab.jpg", "combo": []}, {"product_id": "1604849189_82724", "category": "Eggs, Meat & Fish", "sub_category_name": "Poultry", "product_name": "Chicken Chapli Kebab", "product_brand": "Meatzza", "img_src": "https://www.bigbasket.com/media/uploads/p/mm/40183640_5-meatzza-chicken-chapli-kebab.jpg", "combo": []}, {"product_id": "1604849189_4004", "category": "Eggs, Meat & Fish", "sub_category_name": "Poultry", "product_name": "Chicken - Cheese & Chili", "product_brand": "Bon Appetit", "img_src": "https://www.bigbasket.com/media/uploads/p/mm/40003078_10-bon-appetit-chicken-cheese-chili.jpg", "combo": []}, {"product_id": "1604849190_73284", "category": "Eggs, Meat & Fish", "sub_category_name": "Poultry", "product_name": "Krakauer - Chicken Garlic", "product_brand": "Bon Appetit", "img_src": "https://www.bigbasket.com/media/uploads/p/mm/40003081_11-bon-appetit-krakauer-chicken-garlic.jpg", "combo": []}, {"product_id": "1604849191_62404", "category": "Eggs, Meat & Fish", "sub_category_name": "Poultry", "product_name": "Nuremberger - Chicken", "product_brand": "Bon Appetit", "img_src": "https://www.bigbasket.com/media/uploads/p/mm/40003084_10-bon-appetit-nuremberger-chicken.jpg", "combo": []}, {"product_id": "1604849192_56164", "category": "Eggs, Meat & Fish", "sub_category_name": "Poultry", "product_name": "Chicken - Tandoori Wings", "product_brand": "Meatzza", "img_src": "https://www.bigbasket.com/media/uploads/p/mm/40049528_2-meatzza-chicken-tandoori-wings.jpg", "combo": []}, {"product_id": "1604849193_1764", "category": "Eggs, Meat & Fish", "sub_category_name": "Poultry", "product_name": "Fresh Chicken Curry Cut Bone In", "product_brand": "Meatzza", "img_src": "https://www.bigbasket.com/media/uploads/p/mm/40055088_4-meatzza-fresh-chicken-curry-cut-bone-in.jpg", "combo": []}, {"product_id": "1604849194_41444", "category": "Eggs, Meat & Fish", "sub_category_name": "Poultry", "product_name": "Fresh Boneless Chicken Thighs", "product_brand": "Meatzza", "img_src": "https://www.bigbasket.com/media/uploads/p/mm/40055085_2-meatzza-fresh-boneless-chicken-thighs.jpg", "combo": []}, {"product_id": "1604849194_2244", "category": "Eggs, Meat & Fish", "sub_category_name": "Poultry", "product_name": "Fresh Chicken Drumsticks", "product_brand": "Meatzza", "img_src": "https://www.bigbasket.com/media/uploads/p/mm/40055086_3-meatzza-fresh-chicken-drumsticks.jpg", "combo": []}, {"product_id": "1604849195_57284", "category": "Eggs, Meat & Fish", "sub_category_name": "Poultry", "product_name": "Fresh Chicken Mince", "product_brand": "Meatzza", "img_src": "https://www.bigbasket.com/media/uploads/p/mm/40055087_4-meatzza-fresh-chicken-mince.jpg", "combo": []}, {"product_id": "1604849196_79204", "category": "Eggs, Meat & Fish", "sub_category_name": "Poultry", "product_name": "Chicken - Jumbo Hot Dog", "product_brand": "Meatzza", "img_src": "https://www.bigbasket.com/media/uploads/p/mm/40049537_6-meatzza-chicken-jumbo-hot-dog.jpg", "combo": []}, {"product_id": "1604849196_36324", "category": "Eggs, Meat & Fish", "sub_category_name": "Poultry", "product_name": "Catla Fish Large Curry Cut 1kg+Chicken Breast Boneless 500G+Chicken Mince 500G", "product_brand": "Fresho", "img_src": "https://www.bigbasket.com/media/uploads/p/mm/1203433_1-fresho-catla-fish-large-curry-cut-1kgchicken-breast-boneless-500gchicken-mince-500g.jpg", "combo": []}, {"product_id": "1604849197_53924", "category": "Eggs, Meat & Fish", "sub_category_name": "Poultry", "product_name": "Rohu Fish Large Curry Cut 1kg +Chilli Chicken Boneless 500G +Chicken Mince 500G", "product_brand": "Fresho", "img_src": "https://www.bigbasket.com/media/uploads/p/mm/1203434_1-fresho-rohu-fish-large-curry-cut-1kg-chilli-chicken-boneless-500g-chicken-mince-500g.jpg", "combo": []}, {"product_id": "1604849197_67364", "category": "Eggs, Meat & Fish", "sub_category_name": "Poultry", "product_name": "Kara Coconut Milk - UHT 200ml + Fresho Meat Chicken Drumstick Skinless 500G", "product_brand": "bb Combo", "img_src": "https://www.bigbasket.com/media/uploads/p/mm/1203232_1-bb-combo-kara-coconut-milk-uht-200ml-fresho-meat-chicken-drumstick-skinless-500g.jpg", "combo": []}, {"product_id": "1604849198_66564", "category": "Eggs, Meat & Fish", "sub_category_name": "Poultry", "product_name": "Kara Coconut Milk - UHT Natural 200ml + Fresho Meat Chicken Breast Boneless 500G", "product_brand": "bb Combo", "img_src": "https://www.bigbasket.com/media/uploads/p/mm/1203231_1-bb-combo-kara-coconut-milk-uht-natural-200ml-fresho-meat-chicken-breast-boneless-500g.jpg", "combo": []}, {"product_id": "1604849199_79364", "category": "Eggs, Meat & Fish", "sub_category_name": "Poultry", "product_name": "Breakfast Chicken Salami", "product_brand": "CP Easy Snack", "img_src": "https://www.bigbasket.com/media/uploads/p/mm/40169045_1-cp-easy-snack-breakfast-chicken-salami.jpg", "combo": []}, {"product_id": "1604849199_98404", "category": "Eggs, Meat & Fish", "sub_category_name": "Poultry", "product_name": "Chicken - Momos, Original", "product_brand": "Prasuma", "img_src": "https://www.bigbasket.com/media/uploads/p/mm/40177262_4-prasuma-chicken-momos-original.jpg", "combo": []}, {"product_id": "1604849200_26724", "category": "Eggs, Meat & Fish", "sub_category_name": "Poultry", "product_name": "Chicken - Momos, Spicy", "product_brand": "Prasuma", "img_src": "https://www.bigbasket.com/media/uploads/p/mm/40177263_4-prasuma-chicken-momos-spicy.jpg", "combo": []}, {"product_id": "1604849201_99524", "category": "Eggs, Meat & Fish", "sub_category_name": "Poultry", "product_name": "Chicken Fries", "product_brand": "Meatzza", "img_src": "https://www.bigbasket.com/media/uploads/p/mm/40183636_4-meatzza-chicken-fries.jpg", "combo": []}, {"product_id": "1604849201_30084", "category": "Eggs, Meat & Fish", "sub_category_name": "Poultry", "product_name": "Chicken - Spring Roll", "product_brand": "Blue Flame", "img_src": "https://www.bigbasket.com/media/uploads/p/mm/40108131_4-blue-flame-chicken-spring-roll.jpg", "combo": []}, {"product_id": "1604849202_35204", "category": "Eggs, Meat & Fish", "sub_category_name": "Poultry", "product_name": "Chicken - Meat Loaf", "product_brand": "Bon Appetit", "img_src": "https://www.bigbasket.com/media/uploads/p/mm/40015772_6-bon-appetit-chicken-meat-loaf.jpg", "combo": []}]