[{"product_id": "1604852841_324", "category": "Baby Care", "sub_category_name": "Baby Accessories", "product_name": "Cooling Teether - Duck", "product_brand": "Pigeon Baby", "img_src": "https://www.bigbasket.com/media/uploads/p/s/40032926_4-pigeon-baby-cooling-teether-duck.jpg", "combo": []}, {"product_id": "1604852843_8644", "category": "Baby Care", "sub_category_name": "Baby Accessories", "product_name": "2-In-1 Teether - Tree Shaped Rattle, Water Filled", "product_brand": "Vauva", "img_src": "https://www.bigbasket.com/media/uploads/p/s/40131713_1-vauva-2-in-1-teether-tree-shaped-rattle-water-filled.jpg", "combo": []}, {"product_id": "1604852843_89284", "category": "Baby Care", "sub_category_name": "Baby Accessories", "product_name": "Cooling Teether - Guitar", "product_brand": "Pigeon Baby", "img_src": "https://www.bigbasket.com/media/uploads/p/s/40032923_4-pigeon-baby-cooling-teether-guitar.jpg", "combo": []}, {"product_id": "1604852844_22084", "category": "Baby Care", "sub_category_name": "Baby Accessories", "product_name": "Baby Soother - Soft, Pink & Purple, 6-12m", "product_brand": "Chicco", "img_src": "https://www.bigbasket.com/media/uploads/p/s/40142673_1-chicco-baby-soother-soft-pink-purple-6-12m.jpg", "combo": []}, {"product_id": "1604852844_58084", "category": "Baby Care", "sub_category_name": "Baby Accessories", "product_name": "Baby Soother - Soft, Blue & Green, 6-12m", "product_brand": "Chicco", "img_src": "https://www.bigbasket.com/media/uploads/p/s/40142671_1-chicco-baby-soother-soft-blue-green-6-12m.jpg", "combo": []}, {"product_id": "1604852845_26404", "category": "Baby Care", "sub_category_name": "Baby Accessories", "product_name": "Cooling Teether - Square", "product_brand": "Pigeon Baby", "img_src": "https://www.bigbasket.com/media/uploads/p/s/40137558_4-pigeon-baby-cooling-teether-square.jpg", "combo": []}, {"product_id": "1604852846_65284", "category": "Baby Care", "sub_category_name": "Baby Accessories", "product_name": "Cooling Teether - Circle", "product_brand": "Pigeon Baby", "img_src": "https://www.bigbasket.com/media/uploads/p/s/40032921_4-pigeon-baby-cooling-teether-circle.jpg", "combo": []}, {"product_id": "1604852846_73444", "category": "Baby Care", "sub_category_name": "Baby Accessories", "product_name": "Infant Nail Scissors", "product_brand": "Pigeon Baby", "img_src": "https://www.bigbasket.com/media/uploads/p/s/40137502_2-pigeon-baby-infant-nail-scissors.jpg", "combo": []}, {"product_id": "1604852847_88324", "category": "Baby Care", "sub_category_name": "Baby Accessories", "product_name": "Cooling Teether - Trumpet", "product_brand": "Pigeon Baby", "img_src": "https://www.bigbasket.com/media/uploads/p/s/40032924_4-pigeon-baby-cooling-teether-trumpet.jpg", "combo": []}, {"product_id": "1604852848_39844", "category": "Baby Care", "sub_category_name": "Baby Accessories", "product_name": "Manicure Set In Case", "product_brand": "Vauva", "img_src": "https://www.bigbasket.com/media/uploads/p/s/40161205_1-vauva-manicure-set-in-case.jpg", "combo": []}, {"product_id": "1604852848_69284", "category": "Baby Care", "sub_category_name": "Baby Accessories", "product_name": "Gentle Nail Clipper With Magnifier - White/Orange", "product_brand": "Mee Mee", "img_src": "https://www.bigbasket.com/media/uploads/p/s/40157063_2-mee-mee-gentle-nail-clipper-with-magnifier-whiteorange.jpg", "combo": []}, {"product_id": "1604852849_24484", "category": "Baby Care", "sub_category_name": "Baby Accessories", "product_name": "Nail Clipper Scissor Cutter Set - Girl", "product_brand": "Chicco", "img_src": "https://www.bigbasket.com/media/uploads/p/s/40142592_1-chicco-nail-clipper-scissor-cutter-set-girl.jpg", "combo": []}, {"product_id": "1604852849_61284", "category": "Baby Care", "sub_category_name": "Baby Accessories", "product_name": "Nasal Aspirator With Ear Syringe - Assorted Colour, Orange/Green", "product_brand": "Vauva", "img_src": "https://www.bigbasket.com/media/uploads/p/s/40178699_3-vauva-nasal-aspirator-with-ear-syringe-assorted-colour-orangegreen.jpg", "combo": []}, {"product_id": "1604852850_71364", "category": "Baby Care", "sub_category_name": "Baby Accessories", "product_name": "Cooling Teether - Triangle", "product_brand": "Pigeon Baby", "img_src": "https://www.bigbasket.com/media/uploads/p/s/40032922_4-pigeon-baby-cooling-teether-triangle.jpg", "combo": []}, {"product_id": "1604852851_9924", "category": "Baby Care", "sub_category_name": "Baby Accessories", "product_name": "Smile 'n Scoop Suction Training Plate and Spoon Set - Pink, 9m+", "product_brand": "Munchkin", "img_src": "https://www.bigbasket.com/media/uploads/p/s/40137705_1-munchkin-smile-n-scoop-suction-training-plate-and-spoon-set-pink-9m.jpg", "combo": []}, {"product_id": "1604852851_2884", "category": "Baby Care", "sub_category_name": "Baby Accessories", "product_name": "Rattle Set - Musical", "product_brand": "Mee Mee", "img_src": "https://www.bigbasket.com/media/uploads/p/s/40040410_1-mee-mee-rattle-set-musical.jpg", "combo": []}, {"product_id": "1604852852_24964", "category": "Baby Care", "sub_category_name": "Baby Accessories", "product_name": "Silicone Pacifier Step 1 - Lady Bird", "product_brand": "Pigeon Baby", "img_src": "https://www.bigbasket.com/media/uploads/p/s/40032934_4-pigeon-baby-silicone-pacifier-step-1-lady-bird.jpg", "combo": []}, {"product_id": "1604852853_7524", "category": "Baby Care", "sub_category_name": "Baby Accessories", "product_name": "Cooling Teether - Star", "product_brand": "Pigeon Baby", "img_src": "https://www.bigbasket.com/media/uploads/p/s/40032925_4-pigeon-baby-cooling-teether-star.jpg", "combo": []}, {"product_id": "1604852854_24644", "category": "Baby Care", "sub_category_name": "Baby Accessories", "product_name": "Bottle Cleaning Brush Set", "product_brand": "KM", "img_src": "https://www.bigbasket.com/media/uploads/p/s/40115322_1-km-bottle-cleaning-brush-set.jpg", "combo": []}, {"product_id": "1604852855_76644", "category": "Baby Care", "sub_category_name": "Baby Accessories", "product_name": "Pacifier", "product_brand": "Vauva", "img_src": "https://www.bigbasket.com/media/uploads/p/s/40131708_1-vauva-pacifier.jpg", "combo": []}, {"product_id": "1604852855_82564", "category": "Baby Care", "sub_category_name": "Baby Accessories", "product_name": "Cool Buddy - Water Teether, Orange", "product_brand": "Morisons Baby Dreams", "img_src": "https://www.bigbasket.com/media/uploads/p/mm/40137264_3-morisons-baby-dreams-cool-buddy-water-teether-orange.jpg", "combo": []}, {"product_id": "1604852856_68484", "category": "Baby Care", "sub_category_name": "Baby Accessories", "product_name": "Easy Grip Baby Comb - Blue", "product_brand": "Mee Mee", "img_src": "https://www.bigbasket.com/media/uploads/p/mm/40157091_1-mee-mee-easy-grip-baby-comb-blue.jpg", "combo": []}, {"product_id": "1604852857_13764", "category": "Baby Care", "sub_category_name": "Baby Accessories", "product_name": "Infant Rattle Set", "product_brand": "Mee Mee", "img_src": "https://www.bigbasket.com/media/uploads/p/mm/40040454_8-mee-mee-infant-rattle-set.jpg", "combo": []}]