[{"product_id": "1604853315_49124", "category": "Foodgrains, Oil & Masala", "sub_category_name": "Dals & Pulses", "product_name": "Peanuts/Mungaphali/Shengdana - Raw", "product_brand": "bb Popular", "img_src": "https://www.bigbasket.com/media/uploads/p/s/30010383_10-bb-popular-peanutsmungaphalishengdana-raw.jpg", "combo": [["200 g", "31.00"], ["500 g", "74.00"], ["1 kg", "137.00"]]}, {"product_id": "1604853316_63204", "category": "Foodgrains, Oil & Masala", "sub_category_name": "Dals & Pulses", "product_name": "Moong Dal", "product_brand": "bb Popular", "img_src": "https://www.bigbasket.com/media/uploads/p/s/30005420_9-bb-popular-moong-dal.jpg", "combo": [["2 kg", "250.00"], ["1 kg", "119.00"], ["500 g", "74.00"]]}, {"product_id": "1604853316_56324", "category": "Foodgrains, Oil & Masala", "sub_category_name": "Dals & Pulses", "product_name": "Toor/Arhar Dal", "product_brand": "bb Popular", "img_src": "https://www.bigbasket.com/media/uploads/p/s/10000412_15-bb-popular-toorarhar-dal.jpg", "combo": [["5 kg", "570.00"], ["500 g", "65.00"], ["1 kg", "121.00"], ["2 kg", "240.00"]]}, {"product_id": "1604853317_82564", "category": "Foodgrains, Oil & Masala", "sub_category_name": "Dals & Pulses", "product_name": "Toor Dal/Arhar Dal - Desi", "product_brand": "bb Royal", "img_src": "https://www.bigbasket.com/media/uploads/p/s/40042841_5-bb-royal-toor-dalarhar-dal-desi.jpg", "combo": [["1 kg", "135.00"], ["2 kg", "260.00"], ["500 g", "68.00"], ["5 kg", "620.00"]]}, {"product_id": "1604853318_76964", "category": "Foodgrains, Oil & Masala", "sub_category_name": "Dals & Pulses", "product_name": "Organic - Tur/Toor Dal", "product_brand": "bb Royal", "img_src": "https://www.bigbasket.com/media/uploads/p/s/40072495_10-bb-royal-organic-turtoor-dal.jpg", "combo": [["5 kg", "669.00"], ["2 kg", "289.00"], ["1 kg", "145.00"], ["500 g", "74.00"]]}, {"product_id": "1604853319_54884", "category": "Foodgrains, Oil & Masala", "sub_category_name": "Dals & Pulses", "product_name": "Green Moong Whole/Sabut", "product_brand": "bb Royal", "img_src": "https://www.bigbasket.com/media/uploads/p/s/20000437_10-bb-royal-green-moong-wholesabut.jpg", "combo": [["500 g", "70.00"], ["1 kg", "135.00"]]}, {"product_id": "1604853320_50244", "category": "Foodgrains, Oil & Masala", "sub_category_name": "Dals & Pulses", "product_name": "Peanuts/Mungaphali/Shengdana - Raw", "product_brand": "bb Royal", "img_src": "https://www.bigbasket.com/media/uploads/p/s/10000446_15-bb-royal-peanutsmungaphalishengdana-raw.jpg", "combo": [["500 g", "78.00"], ["1 kg", "139.00"]]}, {"product_id": "1604853321_39844", "category": "Foodgrains, Oil & Masala", "sub_category_name": "Dals & Pulses", "product_name": "Kabuli Channa", "product_brand": "bb Popular", "img_src": "https://www.bigbasket.com/media/uploads/p/s/30005421_5-bb-popular-kabuli-channa.jpg", "combo": [["200 g", "24.00"], ["500 g", "49.00"], ["1 kg", "98.00"]]}, {"product_id": "1604853322_87044", "category": "Foodgrains, Oil & Masala", "sub_category_name": "Dals & Pulses", "product_name": "Urad Gota - Whole", "product_brand": "bb Royal", "img_src": "https://www.bigbasket.com/media/uploads/p/s/20000430_7-bb-royal-urad-gota-whole.jpg", "combo": [["1 kg", "150.00"], ["500 g", "77.00"], ["2 kg", "299.00"]]}, {"product_id": "1604853323_12484", "category": "Foodgrains, Oil & Masala", "sub_category_name": "Dals & Pulses", "product_name": "Channa Dal", "product_brand": "bb Royal", "img_src": "https://www.bigbasket.com/media/uploads/p/s/10000471_15-bb-royal-channa-dal.jpg", "combo": [["200 g", "23.00"], ["1 kg", "105.00"], ["2 kg", "199.00"], ["500 g", "48.00"]]}, {"product_id": "1604853324_7524", "category": "Foodgrains, Oil & Masala", "sub_category_name": "Dals & Pulses", "product_name": "Fried Gram/Bengal Gram", "product_brand": "bb Royal", "img_src": "https://www.bigbasket.com/media/uploads/p/s/20000541_10-bb-royal-fried-grambengal-gram.jpg", "combo": [["1 kg", "135.00"], ["200 g", "29.00"], ["500 g", "68.00"]]}, {"product_id": "1604853325_63684", "category": "Foodgrains, Oil & Masala", "sub_category_name": "Dals & Pulses", "product_name": "bb Royal Sona Masoori Raw Rice 10kg + Toor Dal 1kg + Sugar 1kg", "product_brand": "bb Combo", "img_src": "https://www.bigbasket.com/media/uploads/p/s/1200049_2-bb-combo-bb-royal-sona-masoori-raw-rice-10kg-toor-dal-1kg-sugar-1kg.jpg", "combo": []}, {"product_id": "1604853326_62884", "category": "Foodgrains, Oil & Masala", "sub_category_name": "Dals & Pulses", "product_name": "Toor Dal", "product_brand": "Tata Sampann", "img_src": "https://www.bigbasket.com/media/uploads/p/s/40000291_6-tata-sampann-toor-dal.jpg", "combo": [["1 kg", "186.06"], ["500 g", "72.96"]]}, {"product_id": "1604853327_16964", "category": "Foodgrains, Oil & Masala", "sub_category_name": "Dals & Pulses", "product_name": "bb Popular Sona Masoori Raw Rice 10kg + Toor Dal 2kg", "product_brand": "bb Combo", "img_src": "https://www.bigbasket.com/media/uploads/p/s/1200048_2-bb-combo-bb-popular-sona-masoori-raw-rice-10kg-toor-dal-2kg.jpg", "combo": []}, {"product_id": "1604853327_6404", "category": "Foodgrains, Oil & Masala", "sub_category_name": "Dals & Pulses", "product_name": "Organic - Brown Chana/Channa Brown", "product_brand": "bb Royal", "img_src": "https://www.bigbasket.com/media/uploads/p/s/40098408_8-bb-royal-organic-brown-chanachanna-brown.jpg", "combo": [["1 kg", "100.00"], ["500 g", "54.00"], ["200 g", "26.00"], ["2 kg", "199.00"]]}, {"product_id": "1604853328_34244", "category": "Foodgrains, Oil & Masala", "sub_category_name": "Dals & Pulses", "product_name": "Urad Dal - Split", "product_brand": "bb Popular", "img_src": "https://www.bigbasket.com/media/uploads/p/s/30010377_9-bb-popular-urad-dal-split.jpg", "combo": [["1 kg", "135.00"], ["500 g", "76.00"]]}, {"product_id": "1604853329_19844", "category": "Foodgrains, Oil & Masala", "sub_category_name": "Dals & Pulses", "product_name": "Organic - Raw Peanuts", "product_brand": "bb Royal", "img_src": "https://www.bigbasket.com/media/uploads/p/s/1205374_1-bb-royal-organic-raw-peanuts.jpg", "combo": [["500 g", "80.00"], ["2x1 kg", "292.04"], ["1 kg", "149.00"]]}, {"product_id": "1604853330_19524", "category": "Foodgrains, Oil & Masala", "sub_category_name": "Dals & Pulses", "product_name": "Urad Dal - Split", "product_brand": "bb Royal", "img_src": "https://www.bigbasket.com/media/uploads/p/s/30000126_5-bb-royal-urad-dal-split.jpg", "combo": [["500 g", "91.00"], ["1 kg", "177.00"], ["2 kg", "339.00"], ["200 g", "38.00"]]}, {"product_id": "1604853331_1444", "category": "Foodgrains, Oil & Masala", "sub_category_name": "Dals & Pulses", "product_name": "Toor/Arhar Dal 2 kg + Moong Dal 1 kg+Moong - Green, Whole/Sabut 1 kg", "product_brand": "bb Popular", "img_src": "https://www.bigbasket.com/media/uploads/p/s/1206906_1-bb-popular-toorarhar-dal-2-kg-moong-dal-1-kgmoong-green-wholesabut-1-kg.jpg", "combo": []}, {"product_id": "1604853332_4804", "category": "Foodgrains, Oil & Masala", "sub_category_name": "Dals & Pulses", "product_name": "Rajma - White/Chitra", "product_brand": "bb Royal", "img_src": "https://www.bigbasket.com/media/uploads/p/s/10000437_15-bb-royal-rajma-whitechitra.jpg", "combo": [["1 kg", "155.00"], ["500 g", "73.00"], ["200 g", "33.00"]]}, {"product_id": "1604853333_97284", "category": "Foodgrains, Oil & Masala", "sub_category_name": "Dals & Pulses", "product_name": "Masoor Dal", "product_brand": "bb Royal", "img_src": "https://www.bigbasket.com/media/uploads/p/mm/40058664_8-bb-royal-masoor-dal.jpg", "combo": [["200 g", "23.00"], ["1 kg", "105.00"], ["500 g", "55.00"]]}, {"product_id": "1604853334_43524", "category": "Foodgrains, Oil & Masala", "sub_category_name": "Dals & Pulses", "product_name": "Organic Kabuli Chana/Channa", "product_brand": "bb Royal", "img_src": "https://www.bigbasket.com/media/uploads/p/mm/40168526_5-bb-royal-organic-kabuli-chanachanna.jpg", "combo": [["1 kg", "121.00"], ["2 kg", "229.00"], ["500 g", "65.00"]]}, {"product_id": "1604853335_22244", "category": "Foodgrains, Oil & Masala", "sub_category_name": "Dals & Pulses", "product_name": "bb Royal Idli Rice 5kg + Gota Urad 1kg + Raw Peanut 500g", "product_brand": "bb Combo", "img_src": "https://www.bigbasket.com/media/uploads/p/mm/1200068_2-bb-combo-bb-royal-idli-rice-5kg-gota-urad-1kg-raw-peanut-500g.jpg", "combo": []}, {"product_id": "1604853335_76964", "category": "Foodgrains, Oil & Masala", "sub_category_name": "Dals & Pulses", "product_name": "Saffola Total-Pro Heart Conscious Edible Oil 2L + BB Popular Toor/Arhar Dal 1kg", "product_brand": "bb Combo", "img_src": "https://www.bigbasket.com/media/uploads/p/mm/1208232_1-bb-combo-saffola-total-pro-heart-conscious-edible-oil-2l-bb-popular-toorarhar-dal-1kg.jpg", "combo": []}, {"product_id": "1604853336_19364", "category": "Foodgrains, Oil & Masala", "sub_category_name": "Dals & Pulses", "product_name": "Bb Royal Idli Rice 1Kg + Dosa Rice 1Kg + Whole/Gota Urad 1Kg", "product_brand": "bb Combo", "img_src": "https://www.bigbasket.com/media/uploads/p/mm/1200452_1-bb-combo-bb-royal-idli-rice-1kg-dosa-rice-1kg-wholegota-urad-1kg.jpg", "combo": []}, {"product_id": "1604853337_55524", "category": "Foodgrains, Oil & Masala", "sub_category_name": "Dals & Pulses", "product_name": "Masoor Dal", "product_brand": "bb Popular", "img_src": "https://www.bigbasket.com/media/uploads/p/mm/40058665_6-bb-popular-masoor-dal.jpg", "combo": [["200 g", "18.00"], ["1 kg", "85.00"], ["500 g", "43.00"]]}, {"product_id": "1604853337_61924", "category": "Foodgrains, Oil & Masala", "sub_category_name": "Dals & Pulses", "product_name": "bb Royal Idli Rice + Urad Dal + Dosa Rice (Each 1kg)", "product_brand": "bb Combo", "img_src": "https://www.bigbasket.com/media/uploads/p/mm/1200050_2-bb-combo-bb-royal-idli-rice-urad-dal-dosa-rice-each-1kg.jpg", "combo": []}, {"product_id": "1604853338_2084", "category": "Foodgrains, Oil & Masala", "sub_category_name": "Dals & Pulses", "product_name": "Organic - Moong Dal, Unpolished", "product_brand": "bb Royal", "img_src": "https://www.bigbasket.com/media/uploads/p/mm/40109378_6-bb-royal-organic-moong-dal-unpolished.jpg", "combo": [["2 kg", "275.00"], ["1 kg", "145.00"], ["500 g", "77.00"]]}, {"product_id": "1604853339_85604", "category": "Foodgrains, Oil & Masala", "sub_category_name": "Dals & Pulses", "product_name": "Organic - Chana Dal/Channa Unpolished", "product_brand": "bb Royal", "img_src": "https://www.bigbasket.com/media/uploads/p/mm/40072469_11-bb-royal-organic-chana-dalchanna-unpolished.jpg", "combo": [["1 kg", "110.00"], ["500 g", "49.00"], ["2 kg", "215.00"]]}, {"product_id": "1604853340_484", "category": "Foodgrains, Oil & Masala", "sub_category_name": "Dals & Pulses", "product_name": "Urad Gota - Whole", "product_brand": "bb Popular", "img_src": "https://www.bigbasket.com/media/uploads/p/mm/20000539_11-bb-popular-urad-gota-whole.jpg", "combo": [["500 g", "72.00"], ["1 kg", "125.00"], ["2 kg", "280.00"]]}, {"product_id": "1604853340_48964", "category": "Foodgrains, Oil & Masala", "sub_category_name": "Dals & Pulses", "product_name": "Channa Dal", "product_brand": "bb Popular", "img_src": "https://www.bigbasket.com/media/uploads/p/mm/20000432_13-bb-popular-channa-dal.jpg", "combo": [["1 kg", "87.00"], ["500 g", "49.00"], ["2 kg", "183.00"]]}, {"product_id": "1604853341_30564", "category": "Foodgrains, Oil & Masala", "sub_category_name": "Dals & Pulses", "product_name": "Rajma - Red", "product_brand": "bb Royal", "img_src": "https://www.bigbasket.com/media/uploads/p/mm/10000564_11-bb-royal-rajma-red.jpg", "combo": [["1 kg", "137.00"], ["500 g", "72.00"], ["200 g", "30.00"]]}, {"product_id": "1604853342_27684", "category": "Foodgrains, Oil & Masala", "sub_category_name": "Dals & Pulses", "product_name": "Moong Dal 1 kg + Channa Dal 1 kg + Urad Dal - Split 500 gm", "product_brand": "bb Royal", "img_src": "https://www.bigbasket.com/media/uploads/p/mm/1203903_1-bb-royal-moong-dal-1-kg-channa-dal-1-kg-urad-dal-split-500-gm.jpg", "combo": []}, {"product_id": "1604853342_80004", "category": "Foodgrains, Oil & Masala", "sub_category_name": "Dals & Pulses", "product_name": "Channa - Brown", "product_brand": "bb Popular", "img_src": "https://www.bigbasket.com/media/uploads/p/mm/40003553_9-bb-popular-channa-brown.jpg", "combo": [["1 kg", "88.00"], ["200 g", "19.00"]]}, {"product_id": "1604853344_57124", "category": "Foodgrains, Oil & Masala", "sub_category_name": "Dals & Pulses", "product_name": "White Peas/Matar", "product_brand": "bb Royal", "img_src": "https://www.bigbasket.com/media/uploads/p/mm/10000567_8-bb-royal-white-peasmatar.jpg", "combo": [["500 g", "79.00"], ["1 kg", "155.00"], ["200 g", "33.00"]]}, {"product_id": "1604853345_72964", "category": "Foodgrains, Oil & Masala", "sub_category_name": "Dals & Pulses", "product_name": "Channa - Kabuli", "product_brand": "bb Royal", "img_src": "https://www.bigbasket.com/media/uploads/p/mm/10000801_9-bb-royal-channa-kabuli.jpg", "combo": [["200 g", "26.00"], ["1 kg", "120.00"], ["500 g", "61.00"]]}, {"product_id": "1604853346_71364", "category": "Foodgrains, Oil & Masala", "sub_category_name": "Dals & Pulses", "product_name": "Urad Dal Whole White", "product_brand": "Tata Sampann", "img_src": "https://www.bigbasket.com/media/uploads/p/mm/40017976_2-tata-sampann-urad-dal-whole-white.jpg", "combo": [["1 kg", "158.00"], ["500 g", "93.93"]]}, {"product_id": "1604853347_85764", "category": "Foodgrains, Oil & Masala", "sub_category_name": "Dals & Pulses", "product_name": "Moong Dal", "product_brand": "bb Royal", "img_src": "https://www.bigbasket.com/media/uploads/p/mm/40053931_7-bb-royal-moong-dal.jpg", "combo": [["500 g", "77.00"], ["1 kg", "135.00"], ["2 kg", "268.00"]]}, {"product_id": "1604853348_18884", "category": "Foodgrains, Oil & Masala", "sub_category_name": "Dals & Pulses", "product_name": "BB Popular Channa Dal 1 kg + Urad Dal - Split 1 kg+BB Royal Rice - Dosa 2 kg", "product_brand": "bb Combo", "img_src": "https://www.bigbasket.com/media/uploads/p/mm/1206907_1-bb-combo-bb-popular-channa-dal-1-kg-urad-dal-split-1-kgbb-royal-rice-dosa-2-kg.jpg", "combo": []}, {"product_id": "1604853348_96804", "category": "Foodgrains, Oil & Masala", "sub_category_name": "Dals & Pulses", "product_name": "Popcorn - Seeds", "product_brand": "bb Royal", "img_src": "https://www.bigbasket.com/media/uploads/p/mm/40053939_6-bb-royal-popcorn-seeds.jpg", "combo": []}, {"product_id": "1604853349_83844", "category": "Foodgrains, Oil & Masala", "sub_category_name": "Dals & Pulses", "product_name": "Organic - Green Moong Whole", "product_brand": "bb Royal", "img_src": "https://www.bigbasket.com/media/uploads/p/mm/40072471_13-bb-royal-organic-green-moong-whole.jpg", "combo": [["500 g", "75.00"], ["2 kg", "269.00"], ["1 kg", "125.00"]]}, {"product_id": "1604853350_65284", "category": "Foodgrains, Oil & Masala", "sub_category_name": "Dals & Pulses", "product_name": "Green Moong Split/Chilka", "product_brand": "bb Royal", "img_src": "https://www.bigbasket.com/media/uploads/p/mm/40026594_8-bb-royal-green-moong-splitchilka.jpg", "combo": [["200 g", "30.00"], ["500 g", "70.00"], ["1 kg", "135.00"]]}, {"product_id": "1604853350_71364", "category": "Foodgrains, Oil & Masala", "sub_category_name": "Dals & Pulses", "product_name": "Masoor Black Whole/Sabut", "product_brand": "bb Royal", "img_src": "https://www.bigbasket.com/media/uploads/p/mm/60000023_7-bb-royal-masoor-black-wholesabut.jpg", "combo": [["500 g", "58.00"], ["1 kg", "111.00"], ["200 g", "24.00"]]}, {"product_id": "1604853351_17924", "category": "Foodgrains, Oil & Masala", "sub_category_name": "Dals & Pulses", "product_name": "Lobia - White", "product_brand": "bb Royal", "img_src": "https://www.bigbasket.com/media/uploads/p/mm/20000440_8-bb-royal-lobia-white.jpg", "combo": [["200 g", "28.00"], ["1 kg", "135.00"], ["500 g", "65.00"]]}, {"product_id": "1604853352_86404", "category": "Foodgrains, Oil & Masala", "sub_category_name": "Dals & Pulses", "product_name": "Rajma - Kashmiri", "product_brand": "bb Royal", "img_src": "https://www.bigbasket.com/media/uploads/p/mm/70001287_6-bb-royal-rajma-kashmiri.jpg", "combo": [["200 g", "30.00"], ["500 g", "67.50"], ["1 kg", "105.00"]]}, {"product_id": "1604853353_63204", "category": "Foodgrains, Oil & Masala", "sub_category_name": "Dals & Pulses", "product_name": "Peas/Matar - Green", "product_brand": "bb Royal", "img_src": "https://www.bigbasket.com/media/uploads/p/mm/10000561_7-bb-royal-peasmatar-green.jpg", "combo": [["500 g", "125.00"], ["200 g", "51.00"], ["1 kg", "245.00"]]}, {"product_id": "1604853354_6564", "category": "Foodgrains, Oil & Masala", "sub_category_name": "Dals & Pulses", "product_name": "Horse Gram/Kulthi", "product_brand": "bb Royal", "img_src": "https://www.bigbasket.com/media/uploads/p/mm/10000562_11-bb-royal-horse-gramkulthi.jpg", "combo": [["200 g", "19.00"], ["500 g", "44.00"]]}, {"product_id": "1604853354_22724", "category": "Foodgrains, Oil & Masala", "sub_category_name": "Dals & Pulses", "product_name": "Moong Dal", "product_brand": "Tata Sampann", "img_src": "https://www.bigbasket.com/media/uploads/p/mm/30002287_5-tata-sampann-moong-dal.jpg", "combo": [["500 g", "90.72"], ["1 kg", "151.00"]]}, {"product_id": "1604853356_64804", "category": "Foodgrains, Oil & Masala", "sub_category_name": "Dals & Pulses", "product_name": "Organic - Green Moong Dal (Split)", "product_brand": "bb Royal", "img_src": "https://www.bigbasket.com/media/uploads/p/mm/40135844_6-bb-royal-organic-green-moong-dal-split.jpg", "combo": [["1 kg", "139.00"], ["500 g", "73.00"]]}, {"product_id": "1604853357_38084", "category": "Foodgrains, Oil & Masala", "sub_category_name": "Dals & Pulses", "product_name": "Moong Dal Unpolished", "product_brand": "bb Royal", "img_src": "https://www.bigbasket.com/media/uploads/p/mm/60000616_4-bb-royal-moong-dal-unpolished.jpg", "combo": []}, {"product_id": "1604853357_23684", "category": "Foodgrains, Oil & Masala", "sub_category_name": "Dals & Pulses", "product_name": "Soya - Mini Chunk", "product_brand": "Nutrela", "img_src": "https://www.bigbasket.com/media/uploads/p/mm/261822_1-nutrela-soya-mini-chunk.jpg", "combo": []}, {"product_id": "1604853358_31844", "category": "Foodgrains, Oil & Masala", "sub_category_name": "Dals & Pulses", "product_name": "Organic - Urad Dal White (Split), Unpolished", "product_brand": "bb Royal", "img_src": "https://www.bigbasket.com/media/uploads/p/mm/40135861_9-bb-royal-organic-urad-dal-white-split-unpolished.jpg", "combo": [["500 g", "79.00"], ["1 kg", "148.00"]]}, {"product_id": "1604853359_21764", "category": "Foodgrains, Oil & Masala", "sub_category_name": "Dals & Pulses", "product_name": "bb Royal Kabuli Channa + White Rajma + White Lobia + White Peas (Each 500g)", "product_brand": "bb Combo", "img_src": "https://www.bigbasket.com/media/uploads/p/mm/1200062_2-bb-combo-bb-royal-kabuli-channa-white-rajma-white-lobia-white-peas-each-500g.jpg", "combo": []}, {"product_id": "1604853359_76644", "category": "Foodgrains, Oil & Masala", "sub_category_name": "Dals & Pulses", "product_name": "Urad - Black, Whole/Sabut", "product_brand": "bb Royal", "img_src": "https://www.bigbasket.com/media/uploads/p/mm/30000125_7-bb-royal-urad-black-wholesabut.jpg", "combo": [["500 g", "74.00"], ["200 g", "30.00"]]}, {"product_id": "1604853360_99844", "category": "Foodgrains, Oil & Masala", "sub_category_name": "Dals & Pulses", "product_name": "Organic - Red Masoor Dal, Unpolished", "product_brand": "bb Royal", "img_src": "https://www.bigbasket.com/media/uploads/p/mm/40135856_4-bb-royal-organic-red-masoor-dal-unpolished.jpg", "combo": [["2 kg", "229.00"], ["1 kg", "120.00"], ["500 g", "61.00"]]}, {"product_id": "1604853361_56484", "category": "Foodgrains, Oil & Masala", "sub_category_name": "Dals & Pulses", "product_name": "Moong - Green, Whole/Sabut", "product_brand": "bb Popular", "img_src": "https://www.bigbasket.com/media/uploads/p/mm/30010368_9-bb-popular-moong-green-wholesabut.jpg", "combo": [["1 kg", "125.00"], ["500 g", "68.00"]]}, {"product_id": "1604853362_7684", "category": "Foodgrains, Oil & Masala", "sub_category_name": "Dals & Pulses", "product_name": "Organic - Urad Dal Black (Split)", "product_brand": "bb Royal", "img_src": "https://www.bigbasket.com/media/uploads/p/mm/40135860_7-bb-royal-organic-urad-dal-black-split.jpg", "combo": [["500 g", "78.00"], ["1 kg", "147.00"]]}, {"product_id": "1604853363_31684", "category": "Foodgrains, Oil & Masala", "sub_category_name": "Dals & Pulses", "product_name": "Red Masoor Dal Whole", "product_brand": "bb Royal", "img_src": "https://www.bigbasket.com/media/uploads/p/mm/40045372_14-bb-royal-red-masoor-dal-whole.jpg", "combo": [["500 g", "63.00"], ["1 kg", "130.00"]]}, {"product_id": "1604853363_96964", "category": "Foodgrains, Oil & Masala", "sub_category_name": "Dals & Pulses", "product_name": "Fried Gram - Whole", "product_brand": "bb Royal", "img_src": "https://www.bigbasket.com/media/uploads/p/mm/40128951_5-bb-royal-fried-gram-whole.jpg", "combo": [["500 g", "77.00"], ["1 kg", "148.00"]]}, {"product_id": "1604853364_19204", "category": "Foodgrains, Oil & Masala", "sub_category_name": "Dals & Pulses", "product_name": "Organic - Urad Whole (Gota), Unpolished", "product_brand": "bb Royal", "img_src": "https://www.bigbasket.com/media/uploads/p/mm/40072496_11-bb-royal-organic-urad-whole-gota-unpolished.jpg", "combo": [["1 kg", "149.00"], ["500 g", "82.00"], ["2 kg", "295.00"]]}, {"product_id": "1604853365_53284", "category": "Foodgrains, Oil & Masala", "sub_category_name": "Dals & Pulses", "product_name": "Soya - Chunks", "product_brand": "Nutrela", "img_src": "https://www.bigbasket.com/media/uploads/p/mm/40003518_2-nutrela-soya-chunks.jpg", "combo": []}, {"product_id": "1604853365_70884", "category": "Foodgrains, Oil & Masala", "sub_category_name": "Dals & Pulses", "product_name": "Unpolished Chana Dal", "product_brand": "Tata Sampann", "img_src": "https://www.bigbasket.com/media/uploads/p/mm/40000290_6-tata-sampann-unpolished-chana-dal.jpg", "combo": []}, {"product_id": "1604853366_45444", "category": "Foodgrains, Oil & Masala", "sub_category_name": "Dals & Pulses", "product_name": "Urad - Black, Split/Chilka", "product_brand": "bb Royal", "img_src": "https://www.bigbasket.com/media/uploads/p/mm/10000474_8-bb-royal-urad-black-splitchilka.jpg", "combo": []}, {"product_id": "1604853367_20004", "category": "Foodgrains, Oil & Masala", "sub_category_name": "Dals & Pulses", "product_name": "Organic - Foxtail Millet / Italian (Thinai Rice)", "product_brand": "bb Royal", "img_src": "https://www.bigbasket.com/media/uploads/p/mm/40177403_5-bb-royal-organic-foxtail-millet-italian-thinai-rice.jpg", "combo": [["500 g", "52.00"], ["2 kg", "189.00"], ["1 kg", "99.00"], ["5 kg", "419.00"]]}, {"product_id": "1604853368_18724", "category": "Foodgrains, Oil & Masala", "sub_category_name": "Dals & Pulses", "product_name": "Organic - Ragi Whole/Finger Millet", "product_brand": "bb Royal", "img_src": "https://www.bigbasket.com/media/uploads/p/mm/1208912_1-bb-royal-organic-ragi-wholefinger-millet.jpg", "combo": [["2x1 kg", "121.52"], ["500 g", "32.00"], ["1 kg", "62.00"]]}, {"product_id": "1604853369_27204", "category": "Foodgrains, Oil & Masala", "sub_category_name": "Dals & Pulses", "product_name": "Amaranth Seeds - Rajgira", "product_brand": "Safe Harvest", "img_src": "https://www.bigbasket.com/media/uploads/p/mm/40201350_1-safe-harvest-amaranth-seeds-rajgira.jpg", "combo": []}, {"product_id": "1604853369_47044", "category": "Foodgrains, Oil & Masala", "sub_category_name": "Dals & Pulses", "product_name": "Kabuli Chana", "product_brand": "Safe Harvest", "img_src": "https://www.bigbasket.com/media/uploads/p/mm/40201359_1-safe-harvest-kabuli-chana.jpg", "combo": []}, {"product_id": "1604853370_82084", "category": "Foodgrains, Oil & Masala", "sub_category_name": "Dals & Pulses", "product_name": "Jowar Daliya", "product_brand": "Safe Harvest", "img_src": "https://www.bigbasket.com/media/uploads/p/mm/40201358_1-safe-harvest-jowar-daliya.jpg", "combo": []}, {"product_id": "1604853371_14564", "category": "Foodgrains, Oil & Masala", "sub_category_name": "Dals & Pulses", "product_name": "Horse Gram", "product_brand": "Safe Harvest", "img_src": "https://www.bigbasket.com/media/uploads/p/mm/40201360_1-safe-harvest-horse-gram.jpg", "combo": []}, {"product_id": "1604853371_72164", "category": "Foodgrains, Oil & Masala", "sub_category_name": "Dals & Pulses", "product_name": "Organic Little Millet - Samai Rice", "product_brand": "bb Royal", "img_src": "https://www.bigbasket.com/media/uploads/p/mm/40109376_10-bb-royal-organic-little-millet-samai-rice.jpg", "combo": [["1 kg", "105.00"], ["500 g", "58.00"], ["2 kg", "200.00"]]}, {"product_id": "1604853372_69764", "category": "Foodgrains, Oil & Masala", "sub_category_name": "Dals & Pulses", "product_name": "Organic - Quinoa", "product_brand": "bb Royal", "img_src": "https://www.bigbasket.com/media/uploads/p/mm/40077502_10-bb-royal-organic-quinoa.jpg", "combo": [["1 kg", "225.00"], ["2 Kg", "409.00"], ["500 g", "125.00"], ["200 g", "56.00"]]}, {"product_id": "1604853373_44484", "category": "Foodgrains, Oil & Masala", "sub_category_name": "Dals & Pulses", "product_name": "Organic Kodo Millet/Varagu Rice", "product_brand": "bb Royal", "img_src": "https://www.bigbasket.com/media/uploads/p/mm/40077487_15-bb-royal-organic-kodo-milletvaragu-rice.jpg", "combo": [["2 kg", "209.00"], ["500 g", "55.00"], ["1 kg", "105.00"]]}, {"product_id": "1604853374_42724", "category": "Foodgrains, Oil & Masala", "sub_category_name": "Dals & Pulses", "product_name": "Quinoa", "product_brand": "India Gate", "img_src": "https://www.bigbasket.com/media/uploads/p/mm/40131415_2-india-gate-quinoa.jpg", "combo": [["500 g", "213.00"], ["200 g", "98.00"]]}, {"product_id": "1604853375_43844", "category": "Foodgrains, Oil & Masala", "sub_category_name": "Dals & Pulses", "product_name": "Organic Fried Gram/Bengal Gram Dal", "product_brand": "bb Royal", "img_src": "https://www.bigbasket.com/media/uploads/p/mm/40125924_6-bb-royal-organic-fried-grambengal-gram-dal.jpg", "combo": [["200 g", "32.00"], ["1 kg", "125.00"], ["500 g", "65.00"]]}, {"product_id": "1604853376_90884", "category": "Foodgrains, Oil & Masala", "sub_category_name": "Dals & Pulses", "product_name": "Toor/Arhar Dal - Desi", "product_brand": "Super Saver", "img_src": "https://www.bigbasket.com/media/uploads/p/mm/40159899_2-super-saver-toorarhar-dal-desi.jpg", "combo": [["1 kg", "107.00"], ["2 kg", "207.00"], ["5 kg", "497.00"], ["500 g", "55.00"]]}, {"product_id": "1604853376_50084", "category": "Foodgrains, Oil & Masala", "sub_category_name": "Dals & Pulses", "product_name": "Organic - Urad Black, Whole", "product_brand": "bb Royal", "img_src": "https://www.bigbasket.com/media/uploads/p/mm/40135859_7-bb-royal-organic-urad-black-whole.jpg", "combo": [["1 kg", "145.00"], ["500 g", "77.00"]]}, {"product_id": "1604853377_22724", "category": "Foodgrains, Oil & Masala", "sub_category_name": "Dals & Pulses", "product_name": "Organic - Masoor Black Whole", "product_brand": "bb Royal", "img_src": "https://www.bigbasket.com/media/uploads/p/mm/40135849_6-bb-royal-organic-masoor-black-whole.jpg", "combo": [["1 kg", "115.00"], ["500 g", "61.00"]]}, {"product_id": "1604853378_80484", "category": "Foodgrains, Oil & Masala", "sub_category_name": "Dals & Pulses", "product_name": "Organic Barnyard Millet/Kudiraivali Rice", "product_brand": "bb Royal", "img_src": "https://www.bigbasket.com/media/uploads/p/mm/40077490_10-bb-royal-organic-barnyard-milletkudiraivali-rice.jpg", "combo": [["2 kg", "220.00"], ["500 g", "57.00"], ["1 kg", "108.00"]]}, {"product_id": "1604853379_25444", "category": "Foodgrains, Oil & Masala", "sub_category_name": "Dals & Pulses", "product_name": "Soya - Granules", "product_brand": "Nutrela", "img_src": "https://www.bigbasket.com/media/uploads/p/mm/257383_3-nutrela-soya-granules.jpg", "combo": []}, {"product_id": "1604853380_39364", "category": "Foodgrains, Oil & Masala", "sub_category_name": "Dals & Pulses", "product_name": "Mini Soya Chunks", "product_brand": "Grocery Farm", "img_src": "https://www.bigbasket.com/media/uploads/p/mm/40144626_1-grocery-farm-mini-soya-chunks.jpg", "combo": [["200 g", "50.00"], ["500 g", "109.00"]]}, {"product_id": "1604853381_3364", "category": "Foodgrains, Oil & Masala", "sub_category_name": "Dals & Pulses", "product_name": "Jowar", "product_brand": "bb Royal", "img_src": "https://www.bigbasket.com/media/uploads/p/mm/40128957_1-bb-royal-jowar.jpg", "combo": []}, {"product_id": "1604853381_21924", "category": "Foodgrains, Oil & Masala", "sub_category_name": "Dals & Pulses", "product_name": "Red Lobia", "product_brand": "bb Royal", "img_src": "https://www.bigbasket.com/media/uploads/p/mm/40044736_9-bb-royal-red-lobia.jpg", "combo": [["1 kg", "125.00"], ["500 g", "65.00"], ["200 g", "28.00"]]}, {"product_id": "1604853382_72644", "category": "Foodgrains, Oil & Masala", "sub_category_name": "Dals & Pulses", "product_name": "Bb Royal Bengali Govinda Bhog Rice 1Kg + Bengali Sona Masoor Dal 500Gm", "product_brand": "bb Combo", "img_src": "https://www.bigbasket.com/media/uploads/p/mm/1200453_1-bb-combo-bb-royal-bengali-govinda-bhog-rice-1kg-bengali-sona-masoor-dal-500gm.jpg", "combo": []}, {"product_id": "1604853383_79044", "category": "Foodgrains, Oil & Masala", "sub_category_name": "Dals & Pulses", "product_name": "Soya Chunks - Nano", "product_brand": "Double horse", "img_src": "https://www.bigbasket.com/media/uploads/p/mm/30004949_4-double-horse-soya-chunks-nano.jpg", "combo": []}, {"product_id": "1604853383_97764", "category": "Foodgrains, Oil & Masala", "sub_category_name": "Dals & Pulses", "product_name": "Organic - Mixed Dal", "product_brand": "bb Royal", "img_src": "https://www.bigbasket.com/media/uploads/p/mm/40089599_9-bb-royal-organic-mixed-dal.jpg", "combo": [["1 kg", "139.00"], ["500 g", "69.00"]]}, {"product_id": "1604853384_84484", "category": "Foodgrains, Oil & Masala", "sub_category_name": "Dals & Pulses", "product_name": "Soya - Chunks", "product_brand": "Nutrela", "img_src": "https://www.bigbasket.com/media/uploads/p/mm/257382_3-nutrela-soya-chunks.jpg", "combo": []}, {"product_id": "1604853385_65604", "category": "Foodgrains, Oil & Masala", "sub_category_name": "Dals & Pulses", "product_name": "Mix Dal", "product_brand": "bb Royal", "img_src": "https://www.bigbasket.com/media/uploads/p/mm/30010466_5-bb-royal-mix-dal.jpg", "combo": [["500 g", "66.00"], ["1 kg", "127.00"]]}, {"product_id": "1604853386_52004", "category": "Foodgrains, Oil & Masala", "sub_category_name": "Dals & Pulses", "product_name": "Matki/Moth - Whole", "product_brand": "bb Royal", "img_src": "https://www.bigbasket.com/media/uploads/p/mm/10000484_8-bb-royal-matkimoth-whole.jpg", "combo": [["500 g", "75.00"], ["200 g", "32.00"]]}, {"product_id": "1604853386_63044", "category": "Foodgrains, Oil & Masala", "sub_category_name": "Dals & Pulses", "product_name": "Soya - Chunks", "product_brand": "bb Popular", "img_src": "https://www.bigbasket.com/media/uploads/p/mm/40003550_4-bb-popular-soya-chunks.jpg", "combo": [["500 g", "55.00"], ["200 g", "22.50"]]}, {"product_id": "1604853387_64644", "category": "Foodgrains, Oil & Masala", "sub_category_name": "Dals & Pulses", "product_name": "Peanuts/Mungaphali/Shengdana - Raw", "product_brand": "bb Royal", "img_src": "https://www.bigbasket.com/media/uploads/p/mm/30000120_11-bb-royal-peanutsmungaphalishengdana-raw.jpg", "combo": []}, {"product_id": "1604853388_16004", "category": "Foodgrains, Oil & Masala", "sub_category_name": "Dals & Pulses", "product_name": "Soya Chunks - Mini", "product_brand": "Nutrela", "img_src": "https://www.bigbasket.com/media/uploads/p/mm/40023498_3-nutrela-soya-chunks-mini.jpg", "combo": []}, {"product_id": "1604853388_46404", "category": "Foodgrains, Oil & Masala", "sub_category_name": "Dals & Pulses", "product_name": "Organic Jowar/Sorghum Millet", "product_brand": "bb Royal", "img_src": "https://www.bigbasket.com/media/uploads/p/mm/40077493_10-bb-royal-organic-jowarsorghum-millet.jpg", "combo": [["500 g", "32.00"], ["1 kg", "57.00"]]}, {"product_id": "1604853389_54884", "category": "Foodgrains, Oil & Masala", "sub_category_name": "Dals & Pulses", "product_name": "Soya - Chunks", "product_brand": "Double horse", "img_src": "https://www.bigbasket.com/media/uploads/p/mm/30004948_4-double-horse-soya-chunks.jpg", "combo": []}, {"product_id": "1604853390_87844", "category": "Foodgrains, Oil & Masala", "sub_category_name": "Dals & Pulses", "product_name": "Soya Chunks", "product_brand": "Grocery Farm", "img_src": "https://www.bigbasket.com/media/uploads/p/mm/40144625_2-grocery-farm-soya-chunks.jpg", "combo": [["200 g", "45.00"], ["500 g", "98.00"]]}, {"product_id": "1604853390_67364", "category": "Foodgrains, Oil & Masala", "sub_category_name": "Dals & Pulses", "product_name": "Organic Rajma Chitra", "product_brand": "bb Royal", "img_src": "https://www.bigbasket.com/media/uploads/p/mm/40072456_7-bb-royal-organic-rajma-chitra.jpg", "combo": [["500 g", "82.00"], ["1 kg", "159.00"]]}, {"product_id": "1604853391_79044", "category": "Foodgrains, Oil & Masala", "sub_category_name": "Dals & Pulses", "product_name": "Organic - Bajra Wild/ Pearl Millet", "product_brand": "bb Royal", "img_src": "https://www.bigbasket.com/media/uploads/p/mm/1208911_1-bb-royal-organic-bajra-wild-pearl-millet.jpg", "combo": [["500 g", "29.00"], ["1 kg", "57.00"], ["2x1 kg", "111.72"]]}, {"product_id": "1604853393_11524", "category": "Foodgrains, Oil & Masala", "sub_category_name": "Dals & Pulses", "product_name": "Kabuli Chana - Pesticide Free", "product_brand": "Safe Harvest", "img_src": "https://www.bigbasket.com/media/uploads/p/mm/40084425_15-safe-harvest-kabuli-chana-pesticide-free.jpg", "combo": []}, {"product_id": "1604853393_21924", "category": "Foodgrains, Oil & Masala", "sub_category_name": "Dals & Pulses", "product_name": "Groundnut", "product_brand": "Safe Harvest", "img_src": "https://www.bigbasket.com/media/uploads/p/mm/40144587_3-safe-harvest-groundnut.jpg", "combo": []}, {"product_id": "1604853394_88484", "category": "Foodgrains, Oil & Masala", "sub_category_name": "Dals & Pulses", "product_name": "Soya Bean", "product_brand": "bb Royal", "img_src": "https://www.bigbasket.com/media/uploads/p/mm/10000487_8-bb-royal-soya-bean.jpg", "combo": [["500 g", "59.00"], ["1 kg", "117.00"], ["200 g", "25.00"]]}, {"product_id": "1604853395_51364", "category": "Foodgrains, Oil & Masala", "sub_category_name": "Dals & Pulses", "product_name": "Organic Rajma Sharmili", "product_brand": "bb Royal", "img_src": "https://www.bigbasket.com/media/uploads/p/mm/40168544_6-bb-royal-organic-rajma-sharmili.jpg", "combo": [["1 kg", "209.00"], ["500 g", "108.00"]]}, {"product_id": "1604853396_79844", "category": "Foodgrains, Oil & Masala", "sub_category_name": "Dals & Pulses", "product_name": "Brown Chana", "product_brand": "Super Saver", "img_src": "https://www.bigbasket.com/media/uploads/p/mm/40159879_2-super-saver-brown-chana.jpg", "combo": [["500 g", "42.00"], ["1 kg", "80.00"]]}, {"product_id": "1604853396_28324", "category": "Foodgrains, Oil & Masala", "sub_category_name": "Dals & Pulses", "product_name": "Chana Dal", "product_brand": "Super Saver", "img_src": "https://www.bigbasket.com/media/uploads/p/mm/40159884_2-super-saver-chana-dal.jpg", "combo": [["1 kg", "79.00"], ["2 kg", "175.00"], ["500 g", "46.00"], ["200 g", "20.00"]]}, {"product_id": "1604853397_32644", "category": "Foodgrains, Oil & Masala", "sub_category_name": "Dals & Pulses", "product_name": "Tur Dal - Pesticide Free", "product_brand": "Safe Harvest", "img_src": "https://www.bigbasket.com/media/uploads/p/mm/40004556_5-safe-harvest-tur-dal-pesticide-free.jpg", "combo": []}, {"product_id": "1604853398_88324", "category": "Foodgrains, Oil & Masala", "sub_category_name": "Dals & Pulses", "product_name": "Organic Red Rajma", "product_brand": "bb Royal", "img_src": "https://www.bigbasket.com/media/uploads/p/mm/40098406_7-bb-royal-organic-red-rajma.jpg", "combo": [["1 kg", "155.00"], ["500 g", "80.00"]]}, {"product_id": "1604853399_25444", "category": "Foodgrains, Oil & Masala", "sub_category_name": "Dals & Pulses", "product_name": "Urad Dal - Split", "product_brand": "Super Saver", "img_src": "https://www.bigbasket.com/media/uploads/p/mm/40159951_1-super-saver-urad-dal-split.jpg", "combo": [["1 kg", "123.00"], ["2 kg", "236.00"], ["500 g", "64.00"], ["200 g", "26.00"]]}, {"product_id": "1604853400_47524", "category": "Foodgrains, Oil & Masala", "sub_category_name": "Dals & Pulses", "product_name": "Organic - Moth whole", "product_brand": "bb Royal", "img_src": "https://www.bigbasket.com/media/uploads/p/mm/40100576_18-bb-royal-organic-moth-whole.jpg", "combo": []}, {"product_id": "1604853400_89444", "category": "Foodgrains, Oil & Masala", "sub_category_name": "Dals & Pulses", "product_name": "Organic - Green Peas", "product_brand": "bb Royal", "img_src": "https://www.bigbasket.com/media/uploads/p/mm/40077485_4-bb-royal-organic-green-peas.jpg", "combo": []}, {"product_id": "1604853401_18084", "category": "Foodgrains, Oil & Masala", "sub_category_name": "Dals & Pulses", "product_name": "Masoor Dal - Whole, Unpolished", "product_brand": "Tata Sampann", "img_src": "https://www.bigbasket.com/media/uploads/p/mm/30002286_4-tata-sampann-masoor-dal-whole-unpolished.jpg", "combo": []}, {"product_id": "1604853402_75364", "category": "Foodgrains, Oil & Masala", "sub_category_name": "Dals & Pulses", "product_name": "Bengali Sona Masoor Dal", "product_brand": "bb Royal", "img_src": "https://www.bigbasket.com/media/uploads/p/mm/40031629_8-bb-royal-bengali-sona-masoor-dal.jpg", "combo": []}, {"product_id": "1604853402_78404", "category": "Foodgrains, Oil & Masala", "sub_category_name": "Dals & Pulses", "product_name": "Rajma Kashmiri", "product_brand": "Safe Harvest", "img_src": "https://www.bigbasket.com/media/uploads/p/mm/40160745_3-safe-harvest-rajma-kashmiri.jpg", "combo": []}, {"product_id": "1604853403_4804", "category": "Foodgrains, Oil & Masala", "sub_category_name": "Dals & Pulses", "product_name": "Organic - White Peas", "product_brand": "bb Royal", "img_src": "https://www.bigbasket.com/media/uploads/p/mm/40077486_3-bb-royal-organic-white-peas.jpg", "combo": []}, {"product_id": "1604853404_75044", "category": "Foodgrains, Oil & Masala", "sub_category_name": "Dals & Pulses", "product_name": "Rajma Chitra - Pesticide Free", "product_brand": "Safe Harvest", "img_src": "https://www.bigbasket.com/media/uploads/p/mm/40144600_2-safe-harvest-rajma-chitra-pesticide-free.jpg", "combo": []}, {"product_id": "1604853405_24804", "category": "Foodgrains, Oil & Masala", "sub_category_name": "Dals & Pulses", "product_name": "Organic - Soyabean Whole", "product_brand": "bb Royal", "img_src": "https://www.bigbasket.com/media/uploads/p/mm/40100575_6-bb-royal-organic-soyabean-whole.jpg", "combo": []}, {"product_id": "1604853406_95524", "category": "Foodgrains, Oil & Masala", "sub_category_name": "Dals & Pulses", "product_name": "Bengali Sona Moong Dal", "product_brand": "bb Royal", "img_src": "https://www.bigbasket.com/media/uploads/p/mm/40031628_8-bb-royal-bengali-sona-moong-dal.jpg", "combo": []}, {"product_id": "1604853407_3044", "category": "Foodgrains, Oil & Masala", "sub_category_name": "Dals & Pulses", "product_name": "Green Moong - Whole", "product_brand": "Super Saver", "img_src": "https://www.bigbasket.com/media/uploads/p/mm/40159888_2-super-saver-green-moong-whole.jpg", "combo": []}, {"product_id": "1604853407_17444", "category": "Foodgrains, Oil & Masala", "sub_category_name": "Dals & Pulses", "product_name": "Fields Of Gold Organic Cold Pressed Groundnut Oil", "product_brand": "PRISTINE", "img_src": "https://www.bigbasket.com/media/uploads/p/mm/40152390_3-pristine-fields-of-gold-organic-cold-pressed-groundnut-oil.jpg", "combo": []}, {"product_id": "1604853408_52484", "category": "Foodgrains, Oil & Masala", "sub_category_name": "Dals & Pulses", "product_name": "Bellar Dal - Whole, Brown (Avarekalu/Mochai)", "product_brand": "bb Royal", "img_src": "https://www.bigbasket.com/media/uploads/p/mm/40065223_7-bb-royal-bellar-dal-whole-brown-avarekalumochai.jpg", "combo": [["200 g", "39.00"], ["500 g", "77.00"]]}, {"product_id": "1604853409_84964", "category": "Foodgrains, Oil & Masala", "sub_category_name": "Dals & Pulses", "product_name": "Urad Dal - Pesticide Free", "product_brand": "Safe Harvest", "img_src": "https://www.bigbasket.com/media/uploads/p/mm/40004547_7-safe-harvest-urad-dal-pesticide-free.jpg", "combo": []}, {"product_id": "1604853409_6884", "category": "Foodgrains, Oil & Masala", "sub_category_name": "Dals & Pulses", "product_name": "Kabuli Chana", "product_brand": "Super Saver", "img_src": "https://www.bigbasket.com/media/uploads/p/mm/40159881_2-super-saver-kabuli-chana.jpg", "combo": [["1 kg", "100.00"], ["500 g", "52.00"], ["200 g", "22.00"]]}, {"product_id": "1604853410_89924", "category": "Foodgrains, Oil & Masala", "sub_category_name": "Dals & Pulses", "product_name": "Beans - Double, White", "product_brand": "bb Royal", "img_src": "https://www.bigbasket.com/media/uploads/p/mm/10000481_11-bb-royal-beans-double-white.jpg", "combo": []}, {"product_id": "1604853412_92004", "category": "Foodgrains, Oil & Masala", "sub_category_name": "Dals & Pulses", "product_name": "Kashmiri Rajma", "product_brand": "Super Saver", "img_src": "https://www.bigbasket.com/media/uploads/p/mm/40159932_2-super-saver-kashmiri-rajma.jpg", "combo": []}, {"product_id": "1604853415_76964", "category": "Foodgrains, Oil & Masala", "sub_category_name": "Dals & Pulses", "product_name": "Urad Gota - Whole", "product_brand": "Super Saver", "img_src": "https://www.bigbasket.com/media/uploads/p/mm/40159946_2-super-saver-urad-gota-whole.jpg", "combo": [["1 kg", "121.00"], ["2 kg", "232.00"]]}, {"product_id": "1604853417_88804", "category": "Foodgrains, Oil & Masala", "sub_category_name": "Dals & Pulses", "product_name": "Little Millet Rice - Pesticide Free", "product_brand": "Safe Harvest", "img_src": "https://www.bigbasket.com/media/uploads/p/mm/40144591_2-safe-harvest-little-millet-rice-pesticide-free.jpg", "combo": []}, {"product_id": "1604853417_98884", "category": "Foodgrains, Oil & Masala", "sub_category_name": "Dals & Pulses", "product_name": "Mini Soya Chunks", "product_brand": "bb Royal", "img_src": "https://www.bigbasket.com/media/uploads/p/mm/40056535_4-bb-royal-mini-soya-chunks.jpg", "combo": []}, {"product_id": "1604853418_45444", "category": "Foodgrains, Oil & Masala", "sub_category_name": "Dals & Pulses", "product_name": "White Rajma - Chitra", "product_brand": "Super Saver", "img_src": "https://www.bigbasket.com/media/uploads/p/mm/40159938_1-super-saver-white-rajma-chitra.jpg", "combo": []}, {"product_id": "1604853419_77444", "category": "Foodgrains, Oil & Masala", "sub_category_name": "Dals & Pulses", "product_name": "Green Peas", "product_brand": "Super Saver", "img_src": "https://www.bigbasket.com/media/uploads/p/mm/40159908_1-super-saver-green-peas.jpg", "combo": []}, {"product_id": "1604853420_1604", "category": "Foodgrains, Oil & Masala", "sub_category_name": "Dals & Pulses", "product_name": "Barnyard Millet Rice - Pesticide Free", "product_brand": "Safe Harvest", "img_src": "https://www.bigbasket.com/media/uploads/p/mm/40144584_2-safe-harvest-barnyard-millet-rice-pesticide-free.jpg", "combo": []}, {"product_id": "1604853420_46084", "category": "Foodgrains, Oil & Masala", "sub_category_name": "Dals & Pulses", "product_name": "Channa Green", "product_brand": "bb Royal", "img_src": "https://www.bigbasket.com/media/uploads/p/mm/60000018_2-bb-royal-channa-green.jpg", "combo": [["200 g", "36.00"], ["500 g", "85.00"]]}, {"product_id": "1604853421_41764", "category": "Foodgrains, Oil & Masala", "sub_category_name": "Dals & Pulses", "product_name": "White Peas", "product_brand": "Super Saver", "img_src": "https://www.bigbasket.com/media/uploads/p/mm/40159911_1-super-saver-white-peas.jpg", "combo": []}, {"product_id": "1604853422_94724", "category": "Foodgrains, Oil & Masala", "sub_category_name": "Dals & Pulses", "product_name": "Soya Chunks", "product_brand": "bb Royal", "img_src": "https://www.bigbasket.com/media/uploads/p/mm/40073434_2-bb-royal-soya-chunks.jpg", "combo": [["500 g", "79.00"], ["200 g", "32.00"], ["1 kg", "157.00"]]}, {"product_id": "1604853423_13124", "category": "Foodgrains, Oil & Masala", "sub_category_name": "Dals & Pulses", "product_name": "Fields Of Gold - Red Rice", "product_brand": "PRISTINE", "img_src": "https://www.bigbasket.com/media/uploads/p/mm/40014750_6-pristine-fields-of-gold-red-rice.jpg", "combo": []}, {"product_id": "1604853424_25764", "category": "Foodgrains, Oil & Masala", "sub_category_name": "Dals & Pulses", "product_name": "Roasted Grains", "product_brand": "Manna", "img_src": "https://www.bigbasket.com/media/uploads/p/mm/40001250_4-manna-roasted-grains.jpg", "combo": []}, {"product_id": "1604853425_38564", "category": "Foodgrains, Oil & Masala", "sub_category_name": "Dals & Pulses", "product_name": "Bajra Whole - Pesticide Free", "product_brand": "Safe Harvest", "img_src": "https://www.bigbasket.com/media/uploads/p/mm/40144583_3-safe-harvest-bajra-whole-pesticide-free.jpg", "combo": []}, {"product_id": "1604853425_68964", "category": "Foodgrains, Oil & Masala", "sub_category_name": "Dals & Pulses", "product_name": "Chana Dal - Pesticide Free", "product_brand": "Safe Harvest", "img_src": "https://www.bigbasket.com/media/uploads/p/mm/20003068_7-safe-harvest-chana-dal-pesticide-free.jpg", "combo": []}, {"product_id": "1604853426_65924", "category": "Foodgrains, Oil & Masala", "sub_category_name": "Dals & Pulses", "product_name": "Fields Of Gold Organic Quinoa", "product_brand": "PRISTINE", "img_src": "https://www.bigbasket.com/media/uploads/p/mm/40152383_5-pristine-fields-of-gold-organic-quinoa.jpg", "combo": []}, {"product_id": "1604853427_82404", "category": "Foodgrains, Oil & Masala", "sub_category_name": "Dals & Pulses", "product_name": "Green Moong - Split", "product_brand": "Super Saver", "img_src": "https://www.bigbasket.com/media/uploads/p/mm/40159891_2-super-saver-green-moong-split.jpg", "combo": []}, {"product_id": "1604853428_35204", "category": "Foodgrains, Oil & Masala", "sub_category_name": "Dals & Pulses", "product_name": "Mung Whole - Pesticide Free", "product_brand": "Safe Harvest", "img_src": "https://www.bigbasket.com/media/uploads/p/mm/40004559_4-safe-harvest-mung-whole-pesticide-free.jpg", "combo": []}, {"product_id": "1604853429_91364", "category": "Foodgrains, Oil & Masala", "sub_category_name": "Dals & Pulses", "product_name": "Idly Rawa - Multimillet, Roasted", "product_brand": "Health Sutra", "img_src": "https://www.bigbasket.com/media/uploads/p/mm/40123744_4-health-sutra-idly-rawa-multimillet-roasted.jpg", "combo": []}, {"product_id": "1604853430_40004", "category": "Foodgrains, Oil & Masala", "sub_category_name": "Dals & Pulses", "product_name": "Masoor Dal", "product_brand": "Super Saver", "img_src": "https://www.bigbasket.com/media/uploads/p/mm/40159924_2-super-saver-masoor-dal.jpg", "combo": [["1 kg", "80.00"], ["500 g", "42.00"]]}, {"product_id": "1604853431_12484", "category": "Foodgrains, Oil & Masala", "sub_category_name": "Dals & Pulses", "product_name": "Moong Dal", "product_brand": "Super Saver", "img_src": "https://www.bigbasket.com/media/uploads/p/mm/40159894_2-super-saver-moong-dal.jpg", "combo": []}, {"product_id": "1604853431_59684", "category": "Foodgrains, Oil & Masala", "sub_category_name": "Dals & Pulses", "product_name": "Fields Of Gold Organic Foxtail Millet", "product_brand": "PRISTINE", "img_src": "https://www.bigbasket.com/media/uploads/p/mm/40175059_5-pristine-fields-of-gold-organic-foxtail-millet.jpg", "combo": []}, {"product_id": "1604853432_86404", "category": "Foodgrains, Oil & Masala", "sub_category_name": "Dals & Pulses", "product_name": "Navaratan Dal", "product_brand": "bb Royal", "img_src": "https://www.bigbasket.com/media/uploads/p/mm/40073423_1-bb-royal-navaratan-dal.jpg", "combo": []}, {"product_id": "1604853433_62724", "category": "Foodgrains, Oil & Masala", "sub_category_name": "Dals & Pulses", "product_name": "Bellar Dal - Split (Avarebele)", "product_brand": "bb Royal", "img_src": "https://www.bigbasket.com/media/uploads/p/mm/40065221_3-bb-royal-bellar-dal-split-avarebele.jpg", "combo": [["500 g", "90.00"], ["200 g", "34.00"]]}, {"product_id": "1604853434_63844", "category": "Foodgrains, Oil & Masala", "sub_category_name": "Dals & Pulses", "product_name": "Jowar Whole", "product_brand": "bb Royal", "img_src": "https://www.bigbasket.com/media/uploads/p/mm/40053936_2-bb-royal-jowar-whole.jpg", "combo": []}, {"product_id": "1604853435_85764", "category": "Foodgrains, Oil & Masala", "sub_category_name": "Dals & Pulses", "product_name": "Urad Gota", "product_brand": "Safe Harvest", "img_src": "https://www.bigbasket.com/media/uploads/p/mm/40160748_3-safe-harvest-urad-gota.jpg", "combo": []}, {"product_id": "1604853435_23524", "category": "Foodgrains, Oil & Masala", "sub_category_name": "Dals & Pulses", "product_name": "OvenOrg - Organic Mixed Millet Biscuits, Diet", "product_brand": "PRISTINE", "img_src": "https://www.bigbasket.com/media/uploads/p/mm/40006372_6-pristine-ovenorg-organic-mixed-millet-biscuits-diet.jpg", "combo": []}, {"product_id": "1604853436_54404", "category": "Foodgrains, Oil & Masala", "sub_category_name": "Dals & Pulses", "product_name": "Soya chunks", "product_brand": "Fortune", "img_src": "https://www.bigbasket.com/media/uploads/p/mm/1204974_2-fortune-soya-chunks.jpg", "combo": [["200 g", "35.00"], ["2x200 g", "70.00"]]}, {"product_id": "1604853437_7684", "category": "Foodgrains, Oil & Masala", "sub_category_name": "Dals & Pulses", "product_name": "Health Sutra Millet Upma Rawa", "product_brand": "Health Sutra", "img_src": "https://www.bigbasket.com/media/uploads/p/mm/40067220_7-health-sutra-health-sutra-millet-upma-rawa.jpg", "combo": []}, {"product_id": "1604853438_3204", "category": "Foodgrains, Oil & Masala", "sub_category_name": "Dals & Pulses", "product_name": "Urad - Black (Whole)", "product_brand": "bb Royal", "img_src": "https://www.bigbasket.com/media/uploads/p/mm/40053930_2-bb-royal-urad-black-whole.jpg", "combo": []}, {"product_id": "1604853439_84964", "category": "Foodgrains, Oil & Masala", "sub_category_name": "Dals & Pulses", "product_name": "Punjabi Mix Dal", "product_brand": "bb Royal", "img_src": "https://www.bigbasket.com/media/uploads/p/mm/40073424_2-bb-royal-punjabi-mix-dal.jpg", "combo": []}, {"product_id": "1604853440_59364", "category": "Foodgrains, Oil & Masala", "sub_category_name": "Dals & Pulses", "product_name": "Poushtik Health Mix", "product_brand": "PRISTINE", "img_src": "https://www.bigbasket.com/media/uploads/p/mm/40152393_3-pristine-poushtik-health-mix.jpg", "combo": []}, {"product_id": "1604853441_62244", "category": "Foodgrains, Oil & Masala", "sub_category_name": "Dals & Pulses", "product_name": "Red Rajma", "product_brand": "Super Saver", "img_src": "https://www.bigbasket.com/media/uploads/p/mm/40159935_1-super-saver-red-rajma.jpg", "combo": []}, {"product_id": "1604853442_87684", "category": "Foodgrains, Oil & Masala", "sub_category_name": "Dals & Pulses", "product_name": "Organic Sprouted Ragi Powder", "product_brand": "Slurrp Farm", "img_src": "https://www.bigbasket.com/media/uploads/p/mm/40185321_3-slurrp-farm-organic-sprouted-ragi-powder.jpg", "combo": []}, {"product_id": "1604853442_28484", "category": "Foodgrains, Oil & Masala", "sub_category_name": "Dals & Pulses", "product_name": "Gundu Mochai - White", "product_brand": "bb Royal", "img_src": "https://www.bigbasket.com/media/uploads/p/mm/40130698_6-bb-royal-gundu-mochai-white.jpg", "combo": []}, {"product_id": "1604853443_33924", "category": "Foodgrains, Oil & Masala", "sub_category_name": "Dals & Pulses", "product_name": "Pearl Millet/Bajra Vermicelli", "product_brand": "Ammi Samayal", "img_src": "https://www.bigbasket.com/media/uploads/p/mm/40159399_1-ammi-samayal-pearl-milletbajra-vermicelli.jpg", "combo": []}, {"product_id": "1604853444_59204", "category": "Foodgrains, Oil & Masala", "sub_category_name": "Dals & Pulses", "product_name": "Thoor Dal - Sand Ground, Unpolished", "product_brand": "Ammi Samayal", "img_src": "https://www.bigbasket.com/media/uploads/p/mm/40159400_2-ammi-samayal-thoor-dal-sand-ground-unpolished.jpg", "combo": []}, {"product_id": "1604853444_59204", "category": "Foodgrains, Oil & Masala", "sub_category_name": "Dals & Pulses", "product_name": "Sorghum/Jowar Flakes", "product_brand": "Ammi Samayal", "img_src": "https://www.bigbasket.com/media/uploads/p/mm/40159401_2-ammi-samayal-sorghumjowar-flakes.jpg", "combo": []}, {"product_id": "1604853445_74404", "category": "Foodgrains, Oil & Masala", "sub_category_name": "Dals & Pulses", "product_name": "Soya Granules", "product_brand": "Mdh", "img_src": "https://www.bigbasket.com/media/uploads/p/mm/40019873_3-mdh-soya-granules.jpg", "combo": []}, {"product_id": "1604853446_15044", "category": "Foodgrains, Oil & Masala", "sub_category_name": "Dals & Pulses", "product_name": "Soyatein - Protein Rich Warian", "product_brand": "Mdh", "img_src": "https://www.bigbasket.com/media/uploads/p/mm/40019874_5-mdh-soyatein-protein-rich-warian.jpg", "combo": []}, {"product_id": "1604853447_53924", "category": "Foodgrains, Oil & Masala", "sub_category_name": "Dals & Pulses", "product_name": "Soyatein - Minni Warian", "product_brand": "Mdh", "img_src": "https://www.bigbasket.com/media/uploads/p/mm/40019876_5-mdh-soyatein-minni-warian.jpg", "combo": []}, {"product_id": "1604853447_66564", "category": "Foodgrains, Oil & Masala", "sub_category_name": "Dals & Pulses", "product_name": "Kashmiri Rajma", "product_brand": "Super Saver", "img_src": "https://www.bigbasket.com/media/uploads/p/mm/40159932_2-super-saver-kashmiri-rajma.jpg", "combo": []}, {"product_id": "1604853448_21284", "category": "Foodgrains, Oil & Masala", "sub_category_name": "Dals & Pulses", "product_name": "Urad Gota - Whole", "product_brand": "Super Saver", "img_src": "https://www.bigbasket.com/media/uploads/p/mm/40159946_2-super-saver-urad-gota-whole.jpg", "combo": [["1 kg", "121.00"], ["2 kg", "232.00"]]}, {"product_id": "1604853449_13284", "category": "Foodgrains, Oil & Masala", "sub_category_name": "Dals & Pulses", "product_name": "Little Millet Rice - Pesticide Free", "product_brand": "Safe Harvest", "img_src": "https://www.bigbasket.com/media/uploads/p/mm/40144591_2-safe-harvest-little-millet-rice-pesticide-free.jpg", "combo": []}, {"product_id": "1604853450_61284", "category": "Foodgrains, Oil & Masala", "sub_category_name": "Dals & Pulses", "product_name": "Mini Soya Chunks", "product_brand": "bb Royal", "img_src": "https://www.bigbasket.com/media/uploads/p/mm/40056535_4-bb-royal-mini-soya-chunks.jpg", "combo": []}, {"product_id": "1604853450_91524", "category": "Foodgrains, Oil & Masala", "sub_category_name": "Dals & Pulses", "product_name": "White Rajma - Chitra", "product_brand": "Super Saver", "img_src": "https://www.bigbasket.com/media/uploads/p/mm/40159938_1-super-saver-white-rajma-chitra.jpg", "combo": []}, {"product_id": "1604853451_36484", "category": "Foodgrains, Oil & Masala", "sub_category_name": "Dals & Pulses", "product_name": "Green Peas", "product_brand": "Super Saver", "img_src": "https://www.bigbasket.com/media/uploads/p/mm/40159908_1-super-saver-green-peas.jpg", "combo": []}, {"product_id": "1604853452_52964", "category": "Foodgrains, Oil & Masala", "sub_category_name": "Dals & Pulses", "product_name": "Barnyard Millet Rice - Pesticide Free", "product_brand": "Safe Harvest", "img_src": "https://www.bigbasket.com/media/uploads/p/mm/40144584_2-safe-harvest-barnyard-millet-rice-pesticide-free.jpg", "combo": []}, {"product_id": "1604853453_47044", "category": "Foodgrains, Oil & Masala", "sub_category_name": "Dals & Pulses", "product_name": "Channa Green", "product_brand": "bb Royal", "img_src": "https://www.bigbasket.com/media/uploads/p/mm/60000018_2-bb-royal-channa-green.jpg", "combo": [["200 g", "36.00"], ["500 g", "85.00"]]}, {"product_id": "1604853454_92004", "category": "Foodgrains, Oil & Masala", "sub_category_name": "Dals & Pulses", "product_name": "White Peas", "product_brand": "Super Saver", "img_src": "https://www.bigbasket.com/media/uploads/p/mm/40159911_1-super-saver-white-peas.jpg", "combo": []}, {"product_id": "1604853455_1764", "category": "Foodgrains, Oil & Masala", "sub_category_name": "Dals & Pulses", "product_name": "Soya Chunks", "product_brand": "bb Royal", "img_src": "https://www.bigbasket.com/media/uploads/p/mm/40073434_2-bb-royal-soya-chunks.jpg", "combo": [["500 g", "79.00"], ["200 g", "32.00"], ["1 kg", "157.00"]]}, {"product_id": "1604853456_43204", "category": "Foodgrains, Oil & Masala", "sub_category_name": "Dals & Pulses", "product_name": "Fields Of Gold - Red Rice", "product_brand": "PRISTINE", "img_src": "https://www.bigbasket.com/media/uploads/p/mm/40014750_6-pristine-fields-of-gold-red-rice.jpg", "combo": []}, {"product_id": "1604853456_48484", "category": "Foodgrains, Oil & Masala", "sub_category_name": "Dals & Pulses", "product_name": "Roasted Grains", "product_brand": "Manna", "img_src": "https://www.bigbasket.com/media/uploads/p/mm/40001250_4-manna-roasted-grains.jpg", "combo": []}, {"product_id": "1604853457_95524", "category": "Foodgrains, Oil & Masala", "sub_category_name": "Dals & Pulses", "product_name": "Bajra Whole - Pesticide Free", "product_brand": "Safe Harvest", "img_src": "https://www.bigbasket.com/media/uploads/p/mm/40144583_3-safe-harvest-bajra-whole-pesticide-free.jpg", "combo": []}, {"product_id": "1604853458_93444", "category": "Foodgrains, Oil & Masala", "sub_category_name": "Dals & Pulses", "product_name": "Chana Dal - Pesticide Free", "product_brand": "Safe Harvest", "img_src": "https://www.bigbasket.com/media/uploads/p/mm/20003068_7-safe-harvest-chana-dal-pesticide-free.jpg", "combo": []}, {"product_id": "1604853459_84964", "category": "Foodgrains, Oil & Masala", "sub_category_name": "Dals & Pulses", "product_name": "Fields Of Gold Organic Quinoa", "product_brand": "PRISTINE", "img_src": "https://www.bigbasket.com/media/uploads/p/mm/40152383_5-pristine-fields-of-gold-organic-quinoa.jpg", "combo": []}, {"product_id": "1604853459_17604", "category": "Foodgrains, Oil & Masala", "sub_category_name": "Dals & Pulses", "product_name": "Green Moong - Split", "product_brand": "Super Saver", "img_src": "https://www.bigbasket.com/media/uploads/p/mm/40159891_2-super-saver-green-moong-split.jpg", "combo": []}, {"product_id": "1604853460_65924", "category": "Foodgrains, Oil & Masala", "sub_category_name": "Dals & Pulses", "product_name": "Mung Whole - Pesticide Free", "product_brand": "Safe Harvest", "img_src": "https://www.bigbasket.com/media/uploads/p/mm/40004559_4-safe-harvest-mung-whole-pesticide-free.jpg", "combo": []}, {"product_id": "1604853461_54884", "category": "Foodgrains, Oil & Masala", "sub_category_name": "Dals & Pulses", "product_name": "Idly Rawa - Multimillet, Roasted", "product_brand": "Health Sutra", "img_src": "https://www.bigbasket.com/media/uploads/p/mm/40123744_4-health-sutra-idly-rawa-multimillet-roasted.jpg", "combo": []}, {"product_id": "1604853461_42724", "category": "Foodgrains, Oil & Masala", "sub_category_name": "Dals & Pulses", "product_name": "Masoor Dal", "product_brand": "Super Saver", "img_src": "https://www.bigbasket.com/media/uploads/p/mm/40159924_2-super-saver-masoor-dal.jpg", "combo": [["1 kg", "80.00"], ["500 g", "42.00"]]}, {"product_id": "1604853462_72804", "category": "Foodgrains, Oil & Masala", "sub_category_name": "Dals & Pulses", "product_name": "Moong Dal", "product_brand": "Super Saver", "img_src": "https://www.bigbasket.com/media/uploads/p/mm/40159894_2-super-saver-moong-dal.jpg", "combo": []}, {"product_id": "1604853463_8644", "category": "Foodgrains, Oil & Masala", "sub_category_name": "Dals & Pulses", "product_name": "Kashmiri Rajma", "product_brand": "Super Saver", "img_src": "https://www.bigbasket.com/media/uploads/p/mm/40159932_2-super-saver-kashmiri-rajma.jpg", "combo": []}, {"product_id": "1604853464_28644", "category": "Foodgrains, Oil & Masala", "sub_category_name": "Dals & Pulses", "product_name": "Urad Gota - Whole", "product_brand": "Super Saver", "img_src": "https://www.bigbasket.com/media/uploads/p/mm/40159946_2-super-saver-urad-gota-whole.jpg", "combo": [["1 kg", "121.00"], ["2 kg", "232.00"]]}, {"product_id": "1604853465_17764", "category": "Foodgrains, Oil & Masala", "sub_category_name": "Dals & Pulses", "product_name": "Little Millet Rice - Pesticide Free", "product_brand": "Safe Harvest", "img_src": "https://www.bigbasket.com/media/uploads/p/mm/40144591_2-safe-harvest-little-millet-rice-pesticide-free.jpg", "combo": []}, {"product_id": "1604853466_13764", "category": "Foodgrains, Oil & Masala", "sub_category_name": "Dals & Pulses", "product_name": "Mini Soya Chunks", "product_brand": "bb Royal", "img_src": "https://www.bigbasket.com/media/uploads/p/mm/40056535_4-bb-royal-mini-soya-chunks.jpg", "combo": []}, {"product_id": "1604853467_80324", "category": "Foodgrains, Oil & Masala", "sub_category_name": "Dals & Pulses", "product_name": "White Rajma - Chitra", "product_brand": "Super Saver", "img_src": "https://www.bigbasket.com/media/uploads/p/mm/40159938_1-super-saver-white-rajma-chitra.jpg", "combo": []}, {"product_id": "1604853468_66884", "category": "Foodgrains, Oil & Masala", "sub_category_name": "Dals & Pulses", "product_name": "Green Peas", "product_brand": "Super Saver", "img_src": "https://www.bigbasket.com/media/uploads/p/mm/40159908_1-super-saver-green-peas.jpg", "combo": []}, {"product_id": "1604853468_20004", "category": "Foodgrains, Oil & Masala", "sub_category_name": "Dals & Pulses", "product_name": "Barnyard Millet Rice - Pesticide Free", "product_brand": "Safe Harvest", "img_src": "https://www.bigbasket.com/media/uploads/p/mm/40144584_2-safe-harvest-barnyard-millet-rice-pesticide-free.jpg", "combo": []}, {"product_id": "1604853469_72324", "category": "Foodgrains, Oil & Masala", "sub_category_name": "Dals & Pulses", "product_name": "Channa Green", "product_brand": "bb Royal", "img_src": "https://www.bigbasket.com/media/uploads/p/mm/60000018_2-bb-royal-channa-green.jpg", "combo": [["200 g", "36.00"], ["500 g", "85.00"]]}, {"product_id": "1604853470_7204", "category": "Foodgrains, Oil & Masala", "sub_category_name": "Dals & Pulses", "product_name": "White Peas", "product_brand": "Super Saver", "img_src": "https://www.bigbasket.com/media/uploads/p/mm/40159911_1-super-saver-white-peas.jpg", "combo": []}, {"product_id": "1604853470_29764", "category": "Foodgrains, Oil & Masala", "sub_category_name": "Dals & Pulses", "product_name": "Soya Chunks", "product_brand": "bb Royal", "img_src": "https://www.bigbasket.com/media/uploads/p/mm/40073434_2-bb-royal-soya-chunks.jpg", "combo": [["500 g", "79.00"], ["200 g", "32.00"], ["1 kg", "157.00"]]}, {"product_id": "1604853471_1604", "category": "Foodgrains, Oil & Masala", "sub_category_name": "Dals & Pulses", "product_name": "Fields Of Gold - Red Rice", "product_brand": "PRISTINE", "img_src": "https://www.bigbasket.com/media/uploads/p/mm/40014750_6-pristine-fields-of-gold-red-rice.jpg", "combo": []}, {"product_id": "1604853472_89284", "category": "Foodgrains, Oil & Masala", "sub_category_name": "Dals & Pulses", "product_name": "Roasted Grains", "product_brand": "Manna", "img_src": "https://www.bigbasket.com/media/uploads/p/mm/40001250_4-manna-roasted-grains.jpg", "combo": []}, {"product_id": "1604853473_61284", "category": "Foodgrains, Oil & Masala", "sub_category_name": "Dals & Pulses", "product_name": "Bajra Whole - Pesticide Free", "product_brand": "Safe Harvest", "img_src": "https://www.bigbasket.com/media/uploads/p/mm/40144583_3-safe-harvest-bajra-whole-pesticide-free.jpg", "combo": []}, {"product_id": "1604853473_62564", "category": "Foodgrains, Oil & Masala", "sub_category_name": "Dals & Pulses", "product_name": "Chana Dal - Pesticide Free", "product_brand": "Safe Harvest", "img_src": "https://www.bigbasket.com/media/uploads/p/mm/20003068_7-safe-harvest-chana-dal-pesticide-free.jpg", "combo": []}, {"product_id": "1604853474_70244", "category": "Foodgrains, Oil & Masala", "sub_category_name": "Dals & Pulses", "product_name": "Fields Of Gold Organic Quinoa", "product_brand": "PRISTINE", "img_src": "https://www.bigbasket.com/media/uploads/p/mm/40152383_5-pristine-fields-of-gold-organic-quinoa.jpg", "combo": []}, {"product_id": "1604853476_24484", "category": "Foodgrains, Oil & Masala", "sub_category_name": "Dals & Pulses", "product_name": "Green Moong - Split", "product_brand": "Super Saver", "img_src": "https://www.bigbasket.com/media/uploads/p/mm/40159891_2-super-saver-green-moong-split.jpg", "combo": []}, {"product_id": "1604853477_68164", "category": "Foodgrains, Oil & Masala", "sub_category_name": "Dals & Pulses", "product_name": "Mung Whole - Pesticide Free", "product_brand": "Safe Harvest", "img_src": "https://www.bigbasket.com/media/uploads/p/mm/40004559_4-safe-harvest-mung-whole-pesticide-free.jpg", "combo": []}, {"product_id": "1604853477_3204", "category": "Foodgrains, Oil & Masala", "sub_category_name": "Dals & Pulses", "product_name": "Idly Rawa - Multimillet, Roasted", "product_brand": "Health Sutra", "img_src": "https://www.bigbasket.com/media/uploads/p/mm/40123744_4-health-sutra-idly-rawa-multimillet-roasted.jpg", "combo": []}, {"product_id": "1604853478_54244", "category": "Foodgrains, Oil & Masala", "sub_category_name": "Dals & Pulses", "product_name": "Masoor Dal", "product_brand": "Super Saver", "img_src": "https://www.bigbasket.com/media/uploads/p/mm/40159924_2-super-saver-masoor-dal.jpg", "combo": [["1 kg", "80.00"], ["500 g", "42.00"]]}, {"product_id": "1604853479_55204", "category": "Foodgrains, Oil & Masala", "sub_category_name": "Dals & Pulses", "product_name": "Moong Dal", "product_brand": "Super Saver", "img_src": "https://www.bigbasket.com/media/uploads/p/mm/40159894_2-super-saver-moong-dal.jpg", "combo": []}, {"product_id": "1604853480_95204", "category": "Foodgrains, Oil & Masala", "sub_category_name": "Dals & Pulses", "product_name": "Kashmiri Rajma", "product_brand": "Super Saver", "img_src": "https://www.bigbasket.com/media/uploads/p/mm/40159932_2-super-saver-kashmiri-rajma.jpg", "combo": []}, {"product_id": "1604853480_11844", "category": "Foodgrains, Oil & Masala", "sub_category_name": "Dals & Pulses", "product_name": "Urad Gota - Whole", "product_brand": "Super Saver", "img_src": "https://www.bigbasket.com/media/uploads/p/mm/40159946_2-super-saver-urad-gota-whole.jpg", "combo": [["1 kg", "121.00"], ["2 kg", "232.00"]]}, {"product_id": "1604853481_19844", "category": "Foodgrains, Oil & Masala", "sub_category_name": "Dals & Pulses", "product_name": "Little Millet Rice - Pesticide Free", "product_brand": "Safe Harvest", "img_src": "https://www.bigbasket.com/media/uploads/p/mm/40144591_2-safe-harvest-little-millet-rice-pesticide-free.jpg", "combo": []}, {"product_id": "1604853482_38724", "category": "Foodgrains, Oil & Masala", "sub_category_name": "Dals & Pulses", "product_name": "Mini Soya Chunks", "product_brand": "bb Royal", "img_src": "https://www.bigbasket.com/media/uploads/p/mm/40056535_4-bb-royal-mini-soya-chunks.jpg", "combo": []}, {"product_id": "1604853483_19524", "category": "Foodgrains, Oil & Masala", "sub_category_name": "Dals & Pulses", "product_name": "White Rajma - Chitra", "product_brand": "Super Saver", "img_src": "https://www.bigbasket.com/media/uploads/p/mm/40159938_1-super-saver-white-rajma-chitra.jpg", "combo": []}, {"product_id": "1604853483_29284", "category": "Foodgrains, Oil & Masala", "sub_category_name": "Dals & Pulses", "product_name": "Green Peas", "product_brand": "Super Saver", "img_src": "https://www.bigbasket.com/media/uploads/p/mm/40159908_1-super-saver-green-peas.jpg", "combo": []}, {"product_id": "1604853484_66884", "category": "Foodgrains, Oil & Masala", "sub_category_name": "Dals & Pulses", "product_name": "Barnyard Millet Rice - Pesticide Free", "product_brand": "Safe Harvest", "img_src": "https://www.bigbasket.com/media/uploads/p/mm/40144584_2-safe-harvest-barnyard-millet-rice-pesticide-free.jpg", "combo": []}, {"product_id": "1604853485_164", "category": "Foodgrains, Oil & Masala", "sub_category_name": "Dals & Pulses", "product_name": "Channa Green", "product_brand": "bb Royal", "img_src": "https://www.bigbasket.com/media/uploads/p/mm/60000018_2-bb-royal-channa-green.jpg", "combo": [["200 g", "36.00"], ["500 g", "85.00"]]}, {"product_id": "1604853486_7684", "category": "Foodgrains, Oil & Masala", "sub_category_name": "Dals & Pulses", "product_name": "White Peas", "product_brand": "Super Saver", "img_src": "https://www.bigbasket.com/media/uploads/p/mm/40159911_1-super-saver-white-peas.jpg", "combo": []}, {"product_id": "1604853486_46084", "category": "Foodgrains, Oil & Masala", "sub_category_name": "Dals & Pulses", "product_name": "Soya Chunks", "product_brand": "bb Royal", "img_src": "https://www.bigbasket.com/media/uploads/p/mm/40073434_2-bb-royal-soya-chunks.jpg", "combo": [["500 g", "79.00"], ["200 g", "32.00"], ["1 kg", "157.00"]]}, {"product_id": "1604853488_65604", "category": "Foodgrains, Oil & Masala", "sub_category_name": "Dals & Pulses", "product_name": "Fields Of Gold - Red Rice", "product_brand": "PRISTINE", "img_src": "https://www.bigbasket.com/media/uploads/p/mm/40014750_6-pristine-fields-of-gold-red-rice.jpg", "combo": []}, {"product_id": "1604853489_71204", "category": "Foodgrains, Oil & Masala", "sub_category_name": "Dals & Pulses", "product_name": "Roasted Grains", "product_brand": "Manna", "img_src": "https://www.bigbasket.com/media/uploads/p/mm/40001250_4-manna-roasted-grains.jpg", "combo": []}, {"product_id": "1604853489_79844", "category": "Foodgrains, Oil & Masala", "sub_category_name": "Dals & Pulses", "product_name": "Bajra Whole - Pesticide Free", "product_brand": "Safe Harvest", "img_src": "https://www.bigbasket.com/media/uploads/p/mm/40144583_3-safe-harvest-bajra-whole-pesticide-free.jpg", "combo": []}, {"product_id": "1604853490_43204", "category": "Foodgrains, Oil & Masala", "sub_category_name": "Dals & Pulses", "product_name": "Chana Dal - Pesticide Free", "product_brand": "Safe Harvest", "img_src": "https://www.bigbasket.com/media/uploads/p/mm/20003068_7-safe-harvest-chana-dal-pesticide-free.jpg", "combo": []}, {"product_id": "1604853491_18564", "category": "Foodgrains, Oil & Masala", "sub_category_name": "Dals & Pulses", "product_name": "Fields Of Gold Organic Quinoa", "product_brand": "PRISTINE", "img_src": "https://www.bigbasket.com/media/uploads/p/mm/40152383_5-pristine-fields-of-gold-organic-quinoa.jpg", "combo": []}, {"product_id": "1604853492_45764", "category": "Foodgrains, Oil & Masala", "sub_category_name": "Dals & Pulses", "product_name": "Green Moong - Split", "product_brand": "Super Saver", "img_src": "https://www.bigbasket.com/media/uploads/p/mm/40159891_2-super-saver-green-moong-split.jpg", "combo": []}, {"product_id": "1604853492_35524", "category": "Foodgrains, Oil & Masala", "sub_category_name": "Dals & Pulses", "product_name": "Mung Whole - Pesticide Free", "product_brand": "Safe Harvest", "img_src": "https://www.bigbasket.com/media/uploads/p/mm/40004559_4-safe-harvest-mung-whole-pesticide-free.jpg", "combo": []}, {"product_id": "1604853493_64804", "category": "Foodgrains, Oil & Masala", "sub_category_name": "Dals & Pulses", "product_name": "Idly Rawa - Multimillet, Roasted", "product_brand": "Health Sutra", "img_src": "https://www.bigbasket.com/media/uploads/p/mm/40123744_4-health-sutra-idly-rawa-multimillet-roasted.jpg", "combo": []}, {"product_id": "1604853494_2404", "category": "Foodgrains, Oil & Masala", "sub_category_name": "Dals & Pulses", "product_name": "Masoor Dal", "product_brand": "Super Saver", "img_src": "https://www.bigbasket.com/media/uploads/p/mm/40159924_2-super-saver-masoor-dal.jpg", "combo": [["1 kg", "80.00"], ["500 g", "42.00"]]}, {"product_id": "1604853495_42724", "category": "Foodgrains, Oil & Masala", "sub_category_name": "Dals & Pulses", "product_name": "Moong Dal", "product_brand": "Super Saver", "img_src": "https://www.bigbasket.com/media/uploads/p/mm/40159894_2-super-saver-moong-dal.jpg", "combo": []}, {"product_id": "1604853495_73924", "category": "Foodgrains, Oil & Masala", "sub_category_name": "Dals & Pulses", "product_name": "Kashmiri Rajma", "product_brand": "Super Saver", "img_src": "https://www.bigbasket.com/media/uploads/p/mm/40159932_2-super-saver-kashmiri-rajma.jpg", "combo": []}, {"product_id": "1604853496_4804", "category": "Foodgrains, Oil & Masala", "sub_category_name": "Dals & Pulses", "product_name": "Urad Gota - Whole", "product_brand": "Super Saver", "img_src": "https://www.bigbasket.com/media/uploads/p/mm/40159946_2-super-saver-urad-gota-whole.jpg", "combo": [["1 kg", "121.00"], ["2 kg", "232.00"]]}, {"product_id": "1604853497_92324", "category": "Foodgrains, Oil & Masala", "sub_category_name": "Dals & Pulses", "product_name": "Little Millet Rice - Pesticide Free", "product_brand": "Safe Harvest", "img_src": "https://www.bigbasket.com/media/uploads/p/mm/40144591_2-safe-harvest-little-millet-rice-pesticide-free.jpg", "combo": []}, {"product_id": "1604853498_7844", "category": "Foodgrains, Oil & Masala", "sub_category_name": "Dals & Pulses", "product_name": "Mini Soya Chunks", "product_brand": "bb Royal", "img_src": "https://www.bigbasket.com/media/uploads/p/mm/40056535_4-bb-royal-mini-soya-chunks.jpg", "combo": []}, {"product_id": "1604853498_57924", "category": "Foodgrains, Oil & Masala", "sub_category_name": "Dals & Pulses", "product_name": "White Rajma - Chitra", "product_brand": "Super Saver", "img_src": "https://www.bigbasket.com/media/uploads/p/mm/40159938_1-super-saver-white-rajma-chitra.jpg", "combo": []}, {"product_id": "1604853500_48804", "category": "Foodgrains, Oil & Masala", "sub_category_name": "Dals & Pulses", "product_name": "Green Peas", "product_brand": "Super Saver", "img_src": "https://www.bigbasket.com/media/uploads/p/mm/40159908_1-super-saver-green-peas.jpg", "combo": []}, {"product_id": "1604853501_96804", "category": "Foodgrains, Oil & Masala", "sub_category_name": "Dals & Pulses", "product_name": "Barnyard Millet Rice - Pesticide Free", "product_brand": "Safe Harvest", "img_src": "https://www.bigbasket.com/media/uploads/p/mm/40144584_2-safe-harvest-barnyard-millet-rice-pesticide-free.jpg", "combo": []}, {"product_id": "1604853502_24804", "category": "Foodgrains, Oil & Masala", "sub_category_name": "Dals & Pulses", "product_name": "Channa Green", "product_brand": "bb Royal", "img_src": "https://www.bigbasket.com/media/uploads/p/mm/60000018_2-bb-royal-channa-green.jpg", "combo": [["200 g", "36.00"], ["500 g", "85.00"]]}, {"product_id": "1604853503_36164", "category": "Foodgrains, Oil & Masala", "sub_category_name": "Dals & Pulses", "product_name": "White Peas", "product_brand": "Super Saver", "img_src": "https://www.bigbasket.com/media/uploads/p/mm/40159911_1-super-saver-white-peas.jpg", "combo": []}, {"product_id": "1604853503_30084", "category": "Foodgrains, Oil & Masala", "sub_category_name": "Dals & Pulses", "product_name": "Soya Chunks", "product_brand": "bb Royal", "img_src": "https://www.bigbasket.com/media/uploads/p/mm/40073434_2-bb-royal-soya-chunks.jpg", "combo": [["500 g", "79.00"], ["200 g", "32.00"], ["1 kg", "157.00"]]}, {"product_id": "1604853504_58404", "category": "Foodgrains, Oil & Masala", "sub_category_name": "Dals & Pulses", "product_name": "Fields Of Gold - Red Rice", "product_brand": "PRISTINE", "img_src": "https://www.bigbasket.com/media/uploads/p/mm/40014750_6-pristine-fields-of-gold-red-rice.jpg", "combo": []}, {"product_id": "1604853505_50884", "category": "Foodgrains, Oil & Masala", "sub_category_name": "Dals & Pulses", "product_name": "Roasted Grains", "product_brand": "Manna", "img_src": "https://www.bigbasket.com/media/uploads/p/mm/40001250_4-manna-roasted-grains.jpg", "combo": []}, {"product_id": "1604853506_51844", "category": "Foodgrains, Oil & Masala", "sub_category_name": "Dals & Pulses", "product_name": "Bajra Whole - Pesticide Free", "product_brand": "Safe Harvest", "img_src": "https://www.bigbasket.com/media/uploads/p/mm/40144583_3-safe-harvest-bajra-whole-pesticide-free.jpg", "combo": []}, {"product_id": "1604853506_80804", "category": "Foodgrains, Oil & Masala", "sub_category_name": "Dals & Pulses", "product_name": "Chana Dal - Pesticide Free", "product_brand": "Safe Harvest", "img_src": "https://www.bigbasket.com/media/uploads/p/mm/20003068_7-safe-harvest-chana-dal-pesticide-free.jpg", "combo": []}, {"product_id": "1604853507_91524", "category": "Foodgrains, Oil & Masala", "sub_category_name": "Dals & Pulses", "product_name": "Fields Of Gold Organic Quinoa", "product_brand": "PRISTINE", "img_src": "https://www.bigbasket.com/media/uploads/p/mm/40152383_5-pristine-fields-of-gold-organic-quinoa.jpg", "combo": []}, {"product_id": "1604853508_18564", "category": "Foodgrains, Oil & Masala", "sub_category_name": "Dals & Pulses", "product_name": "Green Moong - Split", "product_brand": "Super Saver", "img_src": "https://www.bigbasket.com/media/uploads/p/mm/40159891_2-super-saver-green-moong-split.jpg", "combo": []}, {"product_id": "1604853509_82084", "category": "Foodgrains, Oil & Masala", "sub_category_name": "Dals & Pulses", "product_name": "Mung Whole - Pesticide Free", "product_brand": "Safe Harvest", "img_src": "https://www.bigbasket.com/media/uploads/p/mm/40004559_4-safe-harvest-mung-whole-pesticide-free.jpg", "combo": []}, {"product_id": "1604853510_39364", "category": "Foodgrains, Oil & Masala", "sub_category_name": "Dals & Pulses", "product_name": "Idly Rawa - Multimillet, Roasted", "product_brand": "Health Sutra", "img_src": "https://www.bigbasket.com/media/uploads/p/mm/40123744_4-health-sutra-idly-rawa-multimillet-roasted.jpg", "combo": []}, {"product_id": "1604853510_28964", "category": "Foodgrains, Oil & Masala", "sub_category_name": "Dals & Pulses", "product_name": "Masoor Dal", "product_brand": "Super Saver", "img_src": "https://www.bigbasket.com/media/uploads/p/mm/40159924_2-super-saver-masoor-dal.jpg", "combo": [["1 kg", "80.00"], ["500 g", "42.00"]]}, {"product_id": "1604853512_17924", "category": "Foodgrains, Oil & Masala", "sub_category_name": "Dals & Pulses", "product_name": "Moong Dal", "product_brand": "Super Saver", "img_src": "https://www.bigbasket.com/media/uploads/p/mm/40159894_2-super-saver-moong-dal.jpg", "combo": []}, {"product_id": "1604853513_67524", "category": "Foodgrains, Oil & Masala", "sub_category_name": "Dals & Pulses", "product_name": "Kashmiri Rajma", "product_brand": "Super Saver", "img_src": "https://www.bigbasket.com/media/uploads/p/mm/40159932_2-super-saver-kashmiri-rajma.jpg", "combo": []}, {"product_id": "1604853513_91524", "category": "Foodgrains, Oil & Masala", "sub_category_name": "Dals & Pulses", "product_name": "Urad Gota - Whole", "product_brand": "Super Saver", "img_src": "https://www.bigbasket.com/media/uploads/p/mm/40159946_2-super-saver-urad-gota-whole.jpg", "combo": [["1 kg", "121.00"], ["2 kg", "232.00"]]}, {"product_id": "1604853514_93604", "category": "Foodgrains, Oil & Masala", "sub_category_name": "Dals & Pulses", "product_name": "Little Millet Rice - Pesticide Free", "product_brand": "Safe Harvest", "img_src": "https://www.bigbasket.com/media/uploads/p/mm/40144591_2-safe-harvest-little-millet-rice-pesticide-free.jpg", "combo": []}, {"product_id": "1604853515_80164", "category": "Foodgrains, Oil & Masala", "sub_category_name": "Dals & Pulses", "product_name": "Mini Soya Chunks", "product_brand": "bb Royal", "img_src": "https://www.bigbasket.com/media/uploads/p/mm/40056535_4-bb-royal-mini-soya-chunks.jpg", "combo": []}, {"product_id": "1604853516_51204", "category": "Foodgrains, Oil & Masala", "sub_category_name": "Dals & Pulses", "product_name": "White Rajma - Chitra", "product_brand": "Super Saver", "img_src": "https://www.bigbasket.com/media/uploads/p/mm/40159938_1-super-saver-white-rajma-chitra.jpg", "combo": []}, {"product_id": "1604853517_36484", "category": "Foodgrains, Oil & Masala", "sub_category_name": "Dals & Pulses", "product_name": "Green Peas", "product_brand": "Super Saver", "img_src": "https://www.bigbasket.com/media/uploads/p/mm/40159908_1-super-saver-green-peas.jpg", "combo": []}, {"product_id": "1604853517_13604", "category": "Foodgrains, Oil & Masala", "sub_category_name": "Dals & Pulses", "product_name": "Barnyard Millet Rice - Pesticide Free", "product_brand": "Safe Harvest", "img_src": "https://www.bigbasket.com/media/uploads/p/mm/40144584_2-safe-harvest-barnyard-millet-rice-pesticide-free.jpg", "combo": []}, {"product_id": "1604853518_52164", "category": "Foodgrains, Oil & Masala", "sub_category_name": "Dals & Pulses", "product_name": "Channa Green", "product_brand": "bb Royal", "img_src": "https://www.bigbasket.com/media/uploads/p/mm/60000018_2-bb-royal-channa-green.jpg", "combo": [["200 g", "36.00"], ["500 g", "85.00"]]}, {"product_id": "1604853519_52004", "category": "Foodgrains, Oil & Masala", "sub_category_name": "Dals & Pulses", "product_name": "White Peas", "product_brand": "Super Saver", "img_src": "https://www.bigbasket.com/media/uploads/p/mm/40159911_1-super-saver-white-peas.jpg", "combo": []}, {"product_id": "1604853520_13924", "category": "Foodgrains, Oil & Masala", "sub_category_name": "Dals & Pulses", "product_name": "Soya Chunks", "product_brand": "bb Royal", "img_src": "https://www.bigbasket.com/media/uploads/p/mm/40073434_2-bb-royal-soya-chunks.jpg", "combo": [["500 g", "79.00"], ["200 g", "32.00"], ["1 kg", "157.00"]]}, {"product_id": "1604853521_2084", "category": "Foodgrains, Oil & Masala", "sub_category_name": "Dals & Pulses", "product_name": "Fields Of Gold - Red Rice", "product_brand": "PRISTINE", "img_src": "https://www.bigbasket.com/media/uploads/p/mm/40014750_6-pristine-fields-of-gold-red-rice.jpg", "combo": []}, {"product_id": "1604853522_48964", "category": "Foodgrains, Oil & Masala", "sub_category_name": "Dals & Pulses", "product_name": "Roasted Grains", "product_brand": "Manna", "img_src": "https://www.bigbasket.com/media/uploads/p/mm/40001250_4-manna-roasted-grains.jpg", "combo": []}, {"product_id": "1604853522_2244", "category": "Foodgrains, Oil & Masala", "sub_category_name": "Dals & Pulses", "product_name": "Bajra Whole - Pesticide Free", "product_brand": "Safe Harvest", "img_src": "https://www.bigbasket.com/media/uploads/p/mm/40144583_3-safe-harvest-bajra-whole-pesticide-free.jpg", "combo": []}, {"product_id": "1604853524_644", "category": "Foodgrains, Oil & Masala", "sub_category_name": "Dals & Pulses", "product_name": "Chana Dal - Pesticide Free", "product_brand": "Safe Harvest", "img_src": "https://www.bigbasket.com/media/uploads/p/mm/20003068_7-safe-harvest-chana-dal-pesticide-free.jpg", "combo": []}, {"product_id": "1604853525_24644", "category": "Foodgrains, Oil & Masala", "sub_category_name": "Dals & Pulses", "product_name": "Fields Of Gold Organic Quinoa", "product_brand": "PRISTINE", "img_src": "https://www.bigbasket.com/media/uploads/p/mm/40152383_5-pristine-fields-of-gold-organic-quinoa.jpg", "combo": []}, {"product_id": "1604853526_96324", "category": "Foodgrains, Oil & Masala", "sub_category_name": "Dals & Pulses", "product_name": "Green Moong - Split", "product_brand": "Super Saver", "img_src": "https://www.bigbasket.com/media/uploads/p/mm/40159891_2-super-saver-green-moong-split.jpg", "combo": []}, {"product_id": "1604853526_46884", "category": "Foodgrains, Oil & Masala", "sub_category_name": "Dals & Pulses", "product_name": "Mung Whole - Pesticide Free", "product_brand": "Safe Harvest", "img_src": "https://www.bigbasket.com/media/uploads/p/mm/40004559_4-safe-harvest-mung-whole-pesticide-free.jpg", "combo": []}, {"product_id": "1604853527_22724", "category": "Foodgrains, Oil & Masala", "sub_category_name": "Dals & Pulses", "product_name": "Idly Rawa - Multimillet, Roasted", "product_brand": "Health Sutra", "img_src": "https://www.bigbasket.com/media/uploads/p/mm/40123744_4-health-sutra-idly-rawa-multimillet-roasted.jpg", "combo": []}, {"product_id": "1604853528_964", "category": "Foodgrains, Oil & Masala", "sub_category_name": "Dals & Pulses", "product_name": "Masoor Dal", "product_brand": "Super Saver", "img_src": "https://www.bigbasket.com/media/uploads/p/mm/40159924_2-super-saver-masoor-dal.jpg", "combo": [["1 kg", "80.00"], ["500 g", "42.00"]]}, {"product_id": "1604853529_36804", "category": "Foodgrains, Oil & Masala", "sub_category_name": "Dals & Pulses", "product_name": "Moong Dal", "product_brand": "Super Saver", "img_src": "https://www.bigbasket.com/media/uploads/p/mm/40159894_2-super-saver-moong-dal.jpg", "combo": []}]