[{"product_id": "1604835046_24964", "category": "Beauty & Hygiene", "sub_category_name": "Oral Care", "product_name": "Max Fresh Anticavity Toothpaste Gel - Peppermint Ice, Saver Pack", "product_brand": "Colgate", "img_src": "https://www.bigbasket.com/media/uploads/p/s/1208794_1-colgate-max-fresh-anticavity-toothpaste-gel-peppermint-ice-saver-pack.jpg", "combo": [["300 g", "113.34"], ["2x300 g", "226.68"], ["150 g", "94.05"], ["3x150 g", "282.15"]]}, {"product_id": "1604835047_59204", "category": "Beauty & Hygiene", "sub_category_name": "Oral Care", "product_name": "Mouthwash - Cool Mint", "product_brand": "Listerine", "img_src": "https://www.bigbasket.com/media/uploads/p/s/1208096_4-listerine-mouthwash-cool-mint.jpg", "combo": [["500 ml", "234.00"], ["2x500 ml", "468.00"], ["80 ml", "55.00"], ["3x250 ml", "394.80"], ["250 ml", "131.60"]]}, {"product_id": "1604835048_83204", "category": "Beauty & Hygiene", "sub_category_name": "Oral Care", "product_name": "Strong Teeth Anticavity Toothpaste With Amino Shakti - Saver Pack", "product_brand": "Colgate", "img_src": "https://www.bigbasket.com/media/uploads/p/s/40186855_2-colgate-strong-teeth-anticavity-toothpaste-with-amino-shakti-saver-pack.jpg", "combo": [["500 g", "162.00"], ["150 g", "67.32"], ["100 g", "48.88"], ["3x200 g", "264.90"], ["2x150 g", "134.64"], ["200 g", "88.30"]]}, {"product_id": "1604835049_79844", "category": "Beauty & Hygiene", "sub_category_name": "Oral Care", "product_name": "Total Advanced Health Anticavity Toothpaste", "product_brand": "Colgate", "img_src": "https://www.bigbasket.com/media/uploads/p/s/1208319_5-colgate-total-advanced-health-anticavity-toothpaste.jpg", "combo": [["120 g", "98.00"], ["2x120 g", "196.00"], ["3x120 g", "249.90"]]}, {"product_id": "1604835050_84804", "category": "Beauty & Hygiene", "sub_category_name": "Oral Care", "product_name": "Sensitive Toothpaste - Fresh Mint", "product_brand": "Sensodyne", "img_src": "https://www.bigbasket.com/media/uploads/p/s/1205121_1-sensodyne-sensitive-toothpaste-fresh-mint.jpg", "combo": [["75 g", "109.00"], ["150 g", "190.00"], ["75 g", "218.00"]]}, {"product_id": "1604835050_76484", "category": "Beauty & Hygiene", "sub_category_name": "Oral Care", "product_name": "Toothpaste - Swarna Vedshakti Natural", "product_brand": "Colgate", "img_src": "https://www.bigbasket.com/media/uploads/p/s/1205039_2-colgate-toothpaste-swarna-vedshakti-natural.jpg", "combo": [["100 g", "52.00"], ["400 g", "153.00"], ["2x200 g", "124.00"], ["200 g", "62.00"], ["4x200 g", "198.40"]]}, {"product_id": "1604835051_44324", "category": "Beauty & Hygiene", "sub_category_name": "Oral Care", "product_name": "Meswak Toothpaste With Toothbrush - Family Pack", "product_brand": "Dabur", "img_src": "https://www.bigbasket.com/media/uploads/p/s/271649_3-dabur-meswak-toothpaste-with-toothbrush-family-pack.jpg", "combo": [["300 g", "100.35"], ["200 g", "97.00"]]}, {"product_id": "1604835052_43204", "category": "Beauty & Hygiene", "sub_category_name": "Oral Care", "product_name": "Mouthwash - Plax, Peppermint Fresh", "product_brand": "Colgate", "img_src": "https://www.bigbasket.com/media/uploads/p/s/278990_13-colgate-mouthwash-plax-peppermint-fresh.jpg", "combo": [["250 ml", "114.00"], ["500 ml", "207.00"]]}, {"product_id": "1604835053_59364", "category": "Beauty & Hygiene", "sub_category_name": "Oral Care", "product_name": "India's No.1 Ayurvedic Fluroide Free Paste", "product_brand": "Dabur Red", "img_src": "https://www.bigbasket.com/media/uploads/p/s/40050792_4-dabur-red-indias-no1-ayurvedic-fluroide-free-paste.jpg", "combo": [["200 g", "147.05"], ["100 g", "52.00"], ["50 g", "20.00"]]}, {"product_id": "1604835053_99524", "category": "Beauty & Hygiene", "sub_category_name": "Oral Care", "product_name": "Active Salt Toothpaste", "product_brand": "Colgate", "img_src": "https://www.bigbasket.com/media/uploads/p/s/40000335_22-colgate-active-salt-toothpaste.jpg", "combo": [["100 g", "55.00"], ["200 g", "80.00"]]}, {"product_id": "1604835054_17444", "category": "Beauty & Hygiene", "sub_category_name": "Oral Care", "product_name": "Sensitive Toothbrush", "product_brand": "Sensodyne", "img_src": "https://www.bigbasket.com/media/uploads/p/s/40051815_1-sensodyne-sensitive-toothbrush.jpg", "combo": [["1 nos", "47.00"], ["3 pcs", "93.00"]]}, {"product_id": "1604835055_60964", "category": "Beauty & Hygiene", "sub_category_name": "Oral Care", "product_name": "Sensitive Toothpaste - Fresh Gel", "product_brand": "Sensodyne", "img_src": "https://www.bigbasket.com/media/uploads/p/s/286939_10-sensodyne-sensitive-toothpaste-fresh-gel.jpg", "combo": [["75 g", "220.00"], ["150 g", "190.00"], ["75 g", "110.00"]]}, {"product_id": "1604835055_56804", "category": "Beauty & Hygiene", "sub_category_name": "Oral Care", "product_name": "Complete Care Toothpaste", "product_brand": "Himalaya", "img_src": "https://www.bigbasket.com/media/uploads/p/s/40007304_1-himalaya-complete-care-toothpaste.jpg", "combo": [["150 g", "72.00"], ["80 g", "47.50"]]}, {"product_id": "1604835056_95844", "category": "Beauty & Hygiene", "sub_category_name": "Oral Care", "product_name": "Everfresh+ Anti-Germ Gel Toothpaste - Red Hot", "product_brand": "Close Up", "img_src": "https://www.bigbasket.com/media/uploads/p/s/266639_16-close-up-everfresh-anti-germ-gel-toothpaste-red-hot.jpg", "combo": [["80 g", "47.00"], ["150 g", "72.25"]]}, {"product_id": "1604835057_85284", "category": "Beauty & Hygiene", "sub_category_name": "Oral Care", "product_name": "Sensitive Toothpaste - Rapid Relief", "product_brand": "Sensodyne", "img_src": "https://www.bigbasket.com/media/uploads/p/s/1203173_1-sensodyne-sensitive-toothpaste-rapid-relief.jpg", "combo": [["80 g", "144.00"], ["2x80 g", "259.20"]]}, {"product_id": "1604835058_82564", "category": "Beauty & Hygiene", "sub_category_name": "Oral Care", "product_name": "Sensitive Soft Bristles Toothbrush", "product_brand": "Colgate", "img_src": "https://www.bigbasket.com/media/uploads/p/s/40114822_2-colgate-sensitive-soft-bristles-toothbrush.jpg", "combo": []}, {"product_id": "1604835059_33604", "category": "Beauty & Hygiene", "sub_category_name": "Oral Care", "product_name": "Tooth Brush Pro Health - Medium", "product_brand": "Oral-B", "img_src": "https://www.bigbasket.com/media/uploads/p/s/20003851_4-oral-b-tooth-brush-pro-health-medium.jpg", "combo": []}, {"product_id": "1604835059_30244", "category": "Beauty & Hygiene", "sub_category_name": "Oral Care", "product_name": "Charcoal Clean Black Gel Toothpaste - Bamboo Charcoal & Mint", "product_brand": "Colgate", "img_src": "https://www.bigbasket.com/media/uploads/p/s/40179844_1-colgate-charcoal-clean-black-gel-toothpaste-bamboo-charcoal-mint.jpg", "combo": [["2x120 g", "139.80"], ["120 g", "69.90"], ["2x240 g", "324.00"], ["240 g", "162.00"]]}, {"product_id": "1604835060_10724", "category": "Beauty & Hygiene", "sub_category_name": "Oral Care", "product_name": "Germi Check+ 12h Germ Protection Toothpaste, Save Rs. 27/-", "product_brand": "Pepsodent", "img_src": "https://www.bigbasket.com/media/uploads/p/s/1206431_2-pepsodent-germi-check-12h-germ-protection-toothpaste-save-rs-27-.jpg", "combo": [["150 g", "109.65"], ["3x150 g", "328.95"], ["2x(2x150 g)", "219.30"]]}, {"product_id": "1604835061_29604", "category": "Beauty & Hygiene", "sub_category_name": "Oral Care", "product_name": "Toothpaste - Strong Teeth 200G + Mouthwash - Plax Pepper Mint, Imported 250ml", "product_brand": "Colgate", "img_src": "https://www.bigbasket.com/media/uploads/p/s/1203424_2-colgate-toothpaste-strong-teeth-200g-mouthwash-plax-pepper-mint-imported-250ml.jpg", "combo": []}]