[{"product_id": "1604989745_29444", "category": "Bakery, Cakes & Dairy", "sub_category_name": "Ice Creams & Desserts", "product_name": "Dry Fruit Matka Kulfi", "product_brand": "Cream Pot", "img_src": "https://www.bigbasket.com/media/uploads/p/s/40183299_5-cream-pot-dry-fruit-matka-kulfi.jpg", "combo": []}, {"product_id": "1604989751_45764", "category": "Bakery, Cakes & Dairy", "sub_category_name": "Ice Creams & Desserts", "product_name": "Malai Kulfi", "product_brand": "Cream Pot", "img_src": "https://www.bigbasket.com/media/uploads/p/s/40183300_3-cream-pot-malai-kulfi.jpg", "combo": []}, {"product_id": "1604989751_62244", "category": "Bakery, Cakes & Dairy", "sub_category_name": "Ice Creams & Desserts", "product_name": "Natural Ice Cream - Anjeer", "product_brand": "NIC", "img_src": "https://www.bigbasket.com/media/uploads/p/s/800413732_2-nic-natural-ice-cream-anjeer.jpg", "combo": []}, {"product_id": "1604989751_20484", "category": "Bakery, Cakes & Dairy", "sub_category_name": "Ice Creams & Desserts", "product_name": "Natural Ice Cream - Sugarless Roasted Almond", "product_brand": "NIC", "img_src": "https://www.bigbasket.com/media/uploads/p/s/40171537_7-nic-natural-ice-cream-sugarless-roasted-almond.jpg", "combo": []}, {"product_id": "1604989752_13284", "category": "Bakery, Cakes & Dairy", "sub_category_name": "Ice Creams & Desserts", "product_name": "Natural Ice Cream - Madagascar", "product_brand": "NIC", "img_src": "https://www.bigbasket.com/media/uploads/p/s/40196359_1-nic-natural-ice-cream-madagascar.jpg", "combo": []}, {"product_id": "1604989752_53284", "category": "Bakery, Cakes & Dairy", "sub_category_name": "Ice Creams & Desserts", "product_name": "Natural Ice Cream - Yummy Chocochip", "product_brand": "NIC", "img_src": "https://www.bigbasket.com/media/uploads/p/s/40196362_1-nic-natural-ice-cream-yummy-chocochip.jpg", "combo": []}, {"product_id": "1604989753_71364", "category": "Bakery, Cakes & Dairy", "sub_category_name": "Ice Creams & Desserts", "product_name": "Natural Ice Cream - Sea Salted Caramel", "product_brand": "NIC", "img_src": "https://www.bigbasket.com/media/uploads/p/s/40171539_6-nic-natural-ice-cream-sea-salted-caramel.jpg", "combo": []}, {"product_id": "1604989783_2884", "category": "Bakery, Cakes & Dairy", "sub_category_name": "Ice Creams & Desserts", "product_name": "Sundae Cup", "product_brand": "kwality walls", "img_src": "https://www.bigbasket.com/media/uploads/p/s/40198839_1-kwality-walls-sundae-cup.jpg", "combo": []}, {"product_id": "1604989784_8004", "category": "Bakery, Cakes & Dairy", "sub_category_name": "Ice Creams & Desserts", "product_name": "Real Ice Cream - Fruit 'n' Nut Fantasy", "product_brand": "Amul", "img_src": "https://www.bigbasket.com/media/uploads/p/s/40003798_1-amul-real-ice-cream-fruit-n-nut-fantasy.jpg", "combo": []}, {"product_id": "1604989785_85764", "category": "Bakery, Cakes & Dairy", "sub_category_name": "Ice Creams & Desserts", "product_name": "Real Ice Cream - Rajbhog", "product_brand": "Amul", "img_src": "https://www.bigbasket.com/media/uploads/p/s/40005430_1-amul-real-ice-cream-rajbhog.jpg", "combo": []}, {"product_id": "1604989785_3044", "category": "Bakery, Cakes & Dairy", "sub_category_name": "Ice Creams & Desserts", "product_name": "Ice Cream - Choco Almond 'N' Kesar Badam", "product_brand": "Amul", "img_src": "https://www.bigbasket.com/media/uploads/p/s/40012980_4-amul-ice-cream-choco-almond-n-kesar-badam.jpg", "combo": []}, {"product_id": "1604989785_18564", "category": "Bakery, Cakes & Dairy", "sub_category_name": "Ice Creams & Desserts", "product_name": "Real Ice Cream - Moroccan Dry Fruit", "product_brand": "Amul", "img_src": "https://www.bigbasket.com/media/uploads/p/s/40003795_1-amul-real-ice-cream-moroccan-dry-fruit.jpg", "combo": []}, {"product_id": "1604989786_54404", "category": "Bakery, Cakes & Dairy", "sub_category_name": "Ice Creams & Desserts", "product_name": "Frozen Dessert - Dark Divine Chocolate Sensation", "product_brand": "kwality walls", "img_src": "https://www.bigbasket.com/media/uploads/p/s/40163755_4-kwality-walls-frozen-dessert-dark-divine-chocolate-sensation.jpg", "combo": []}, {"product_id": "1604989786_44324", "category": "Bakery, Cakes & Dairy", "sub_category_name": "Ice Creams & Desserts", "product_name": "Ice Cream - Caramel Cookies", "product_brand": "Amul", "img_src": "https://www.bigbasket.com/media/uploads/p/s/40012978_7-amul-ice-cream-caramel-cookies.jpg", "combo": []}, {"product_id": "1604989787_93604", "category": "Bakery, Cakes & Dairy", "sub_category_name": "Ice Creams & Desserts", "product_name": "Real Ice Cream - Roasted Almond", "product_brand": "Amul", "img_src": "https://www.bigbasket.com/media/uploads/p/s/40003794_1-amul-real-ice-cream-roasted-almond.jpg", "combo": []}, {"product_id": "1604989787_16804", "category": "Bakery, Cakes & Dairy", "sub_category_name": "Ice Creams & Desserts", "product_name": "Frozen Dessert - Creme Delights Mango", "product_brand": "kwality walls", "img_src": "https://www.bigbasket.com/media/uploads/p/s/40163751_2-kwality-walls-frozen-dessert-creme-delights-mango.jpg", "combo": []}, {"product_id": "1604989787_7524", "category": "Bakery, Cakes & Dairy", "sub_category_name": "Ice Creams & Desserts", "product_name": "Tender Coconut Tub - Frozen Dessert", "product_brand": "kwality walls", "img_src": "https://www.bigbasket.com/media/uploads/p/s/40191815_3-kwality-walls-tender-coconut-tub-frozen-dessert.jpg", "combo": []}, {"product_id": "1604989788_40484", "category": "Bakery, Cakes & Dairy", "sub_category_name": "Ice Creams & Desserts", "product_name": "Frozen Dessert - Crunchy Butterscotch", "product_brand": "kwality walls", "img_src": "https://www.bigbasket.com/media/uploads/p/s/40163752_4-kwality-walls-frozen-dessert-crunchy-butterscotch.jpg", "combo": []}, {"product_id": "1604989788_62084", "category": "Bakery, Cakes & Dairy", "sub_category_name": "Ice Creams & Desserts", "product_name": "Frozen Dessert - Shameless Vanilla", "product_brand": "kwality walls", "img_src": "https://www.bigbasket.com/media/uploads/p/s/40163750_2-kwality-walls-frozen-dessert-shameless-vanilla.jpg", "combo": []}, {"product_id": "1604989788_97604", "category": "Bakery, Cakes & Dairy", "sub_category_name": "Ice Creams & Desserts", "product_name": "Frozen Dessert - Creme Caramel", "product_brand": "kwality walls", "img_src": "https://www.bigbasket.com/media/uploads/p/s/40163756_4-kwality-walls-frozen-dessert-creme-caramel.jpg", "combo": []}]