[{"product_id": "1604849078_23684", "category": "Eggs, Meat & Fish", "sub_category_name": "Eggs", "product_name": "Farm Eggs - Table Tray, Medium, Antibiotic Residue-Free, Growth Hormone-Free", "product_brand": "Fresho", "img_src": "https://www.bigbasket.com/media/uploads/p/s/40072320_2-fresho-farm-eggs-table-tray-medium-antibiotic-residue-free-growth-hormone-free.jpg", "combo": [["12 pcs", "109.00"], ["30 pcs", "209.00"]]}, {"product_id": "1604849079_21764", "category": "Eggs, Meat & Fish", "sub_category_name": "Eggs", "product_name": "Eggs - Regular", "product_brand": "Fresho", "img_src": "https://www.bigbasket.com/media/uploads/p/s/1203477_2-fresho-eggs-regular.jpg", "combo": [["5x6 pcs", "247.50"], ["6 pcs", "49.50"], ["4x6 pcs", "198.00"], ["2x6 pcs", "99.00"]]}, {"product_id": "1604849080_67684", "category": "Eggs, Meat & Fish", "sub_category_name": "Eggs", "product_name": "Plus Egg - Veg Feed & No Bad Odour", "product_brand": "Best", "img_src": "https://www.bigbasket.com/media/uploads/p/s/40003814_1-best-plus-egg-veg-feed-no-bad-odour.jpg", "combo": [["12 pcs", "142.00"], ["6 pcs", "72.27"]]}, {"product_id": "1604849080_41284", "category": "Eggs, Meat & Fish", "sub_category_name": "Eggs", "product_name": "Eggs - Free Range", "product_brand": "Farm Made", "img_src": "https://www.bigbasket.com/media/uploads/p/s/40117922_2-farm-made-eggs-free-range.jpg", "combo": []}, {"product_id": "1604849081_37604", "category": "Eggs, Meat & Fish", "sub_category_name": "Eggs", "product_name": "Eggs - Free Range", "product_brand": "Farm Made", "img_src": "https://www.bigbasket.com/media/uploads/p/s/40092369_6-farm-made-eggs-free-range.jpg", "combo": []}, {"product_id": "1604849082_28324", "category": "Eggs, Meat & Fish", "sub_category_name": "Eggs", "product_name": "Farm Eggs - Brown, Medium, Antibiotic Residue-Free, Growth Hormone-Free", "product_brand": "Fresho", "img_src": "https://www.bigbasket.com/media/uploads/p/s/40038379_6-fresho-farm-eggs-brown-medium-antibiotic-residue-free-growth-hormone-free.jpg", "combo": []}, {"product_id": "1604849082_83844", "category": "Eggs, Meat & Fish", "sub_category_name": "Eggs", "product_name": "Eggs", "product_brand": "Ayur Plus", "img_src": "https://www.bigbasket.com/media/uploads/p/s/40106728_5-ayur-plus-eggs.jpg", "combo": []}, {"product_id": "1604849083_9124", "category": "Eggs, Meat & Fish", "sub_category_name": "Eggs", "product_name": "Healthy Brown Eggs", "product_brand": "UPF", "img_src": "https://www.bigbasket.com/media/uploads/p/s/40161158_2-upf-healthy-brown-eggs.jpg", "combo": []}, {"product_id": "1604849085_14564", "category": "Eggs, Meat & Fish", "sub_category_name": "Eggs", "product_name": "Healthy Daily Eggs", "product_brand": "UPF", "img_src": "https://www.bigbasket.com/media/uploads/p/s/40161157_2-upf-healthy-daily-eggs.jpg", "combo": []}, {"product_id": "1604849085_91044", "category": "Eggs, Meat & Fish", "sub_category_name": "Eggs", "product_name": "Eggs - Country", "product_brand": "Fresho", "img_src": "https://www.bigbasket.com/media/uploads/p/s/1205935_4-fresho-eggs-country.jpg", "combo": [["6 pcs", "84.15"], ["5x6 pcs", "420.75"], ["4x6 pcs", "336.60"]]}, {"product_id": "1604849086_47524", "category": "Eggs, Meat & Fish", "sub_category_name": "Eggs", "product_name": "Brown Egg - Veg Feed & Extra Albumen", "product_brand": "Best", "img_src": "https://www.bigbasket.com/media/uploads/p/s/40003817_7-best-brown-egg-veg-feed-extra-albumen.jpg", "combo": []}, {"product_id": "1604849087_98724", "category": "Eggs, Meat & Fish", "sub_category_name": "Eggs", "product_name": "Free Range Eggs", "product_brand": "Farm Made", "img_src": "https://www.bigbasket.com/media/uploads/p/s/40161155_2-farm-made-free-range-eggs.jpg", "combo": []}, {"product_id": "1604849088_72324", "category": "Eggs, Meat & Fish", "sub_category_name": "Eggs", "product_name": "Farm Eggs - Jumbo, Large, Antibiotic Residue-Free, Growth Hormone-Free", "product_brand": "Fresho", "img_src": "https://www.bigbasket.com/media/uploads/p/s/40094159_2-fresho-farm-eggs-jumbo-large-antibiotic-residue-free-growth-hormone-free.jpg", "combo": []}, {"product_id": "1604849088_39684", "category": "Eggs, Meat & Fish", "sub_category_name": "Eggs", "product_name": "Duck Eggs", "product_brand": "Fresho", "img_src": "https://www.bigbasket.com/media/uploads/p/s/1205941_1-fresho-duck-eggs.jpg", "combo": [["4x6 pcs", "460.00"], ["6 pcs", "115.00"], ["5x6 pcs", "575.00"]]}, {"product_id": "1604849089_2404", "category": "Eggs, Meat & Fish", "sub_category_name": "Eggs", "product_name": "Eggs - White", "product_brand": "CP EVERYDAY", "img_src": "https://www.bigbasket.com/media/uploads/p/s/40094114_1-cp-everyday-eggs-white.jpg", "combo": [["6 pcs", "60.00"], ["12 pcs", "109.00"]]}, {"product_id": "1604849090_34564", "category": "Eggs, Meat & Fish", "sub_category_name": "Eggs", "product_name": "Farm Quail Eggs - Small, Antibiotic Residue-Free, Growth Hormone-Free", "product_brand": "Fresho", "img_src": "https://www.bigbasket.com/media/uploads/p/s/40094157_2-fresho-farm-quail-eggs-small-antibiotic-residue-free-growth-hormone-free.jpg", "combo": []}, {"product_id": "1604849091_28964", "category": "Eggs, Meat & Fish", "sub_category_name": "Eggs", "product_name": "Eggs - Country Duck", "product_brand": "Mpm", "img_src": "https://www.bigbasket.com/media/uploads/p/s/60000398_2-mpm-eggs-country-duck.jpg", "combo": []}, {"product_id": "1604849091_71044", "category": "Eggs, Meat & Fish", "sub_category_name": "Eggs", "product_name": "Eggs - White Leghorn", "product_brand": "Mpm", "img_src": "https://www.bigbasket.com/media/uploads/p/s/60000396_2-mpm-eggs-white-leghorn.jpg", "combo": []}, {"product_id": "1604849092_39204", "category": "Eggs, Meat & Fish", "sub_category_name": "Eggs", "product_name": "Eggs - Brown, Antibiotic Free", "product_brand": "Just Laid", "img_src": "https://www.bigbasket.com/media/uploads/p/s/40131159_3-just-laid-eggs-brown-antibiotic-free.jpg", "combo": []}, {"product_id": "1604849092_88164", "category": "Eggs, Meat & Fish", "sub_category_name": "Eggs", "product_name": "Country Cage Free Eggs - Medium, Antibiotic Residue-Free, Growth Hormone-Free", "product_brand": "Fresho", "img_src": "https://www.bigbasket.com/media/uploads/p/s/40185807_2-fresho-country-cage-free-eggs-medium-antibiotic-residue-free-growth-hormone-free.jpg", "combo": []}, {"product_id": "1604849093_97124", "category": "Eggs, Meat & Fish", "sub_category_name": "Eggs", "product_name": "Eggs - Organic, Farm Fresh, Country", "product_brand": "Hita Farms", "img_src": "https://www.bigbasket.com/media/uploads/p/mm/40131160_3-hita-farms-eggs-organic-farm-fresh-country.jpg", "combo": []}, {"product_id": "1604849094_10404", "category": "Eggs, Meat & Fish", "sub_category_name": "Eggs", "product_name": "The Good Eggs Cage Free Eggs", "product_brand": "UPF", "img_src": "https://www.bigbasket.com/media/uploads/p/mm/40161156_2-upf-the-good-eggs-cage-free-eggs.jpg", "combo": []}, {"product_id": "1604849094_52004", "category": "Eggs, Meat & Fish", "sub_category_name": "Eggs", "product_name": "Free Range Eggs - Omega 3", "product_brand": "Happy Hens Farms", "img_src": "https://www.bigbasket.com/media/uploads/p/mm/40001285_4-happy-hens-farms-free-range-eggs-omega-3.jpg", "combo": []}, {"product_id": "1604849096_40004", "category": "Eggs, Meat & Fish", "sub_category_name": "Eggs", "product_name": "Eggs - Panchakavya", "product_brand": "Mpm", "img_src": "https://www.bigbasket.com/media/uploads/p/mm/40129036_4-mpm-eggs-panchakavya.jpg", "combo": []}, {"product_id": "1604849097_61444", "category": "Eggs, Meat & Fish", "sub_category_name": "Eggs", "product_name": "Country Eggs - Kadaknath, Small, Antibiotic Residue-Free, Growth Hormone-Free", "product_brand": "Fresho", "img_src": "https://www.bigbasket.com/media/uploads/p/mm/40094161_1-fresho-country-eggs-kadaknath-small-antibiotic-residue-free-growth-hormone-free.jpg", "combo": []}, {"product_id": "1604849098_84804", "category": "Eggs, Meat & Fish", "sub_category_name": "Eggs", "product_name": "Eggs - Brown", "product_brand": "CP EVERYDAY", "img_src": "https://www.bigbasket.com/media/uploads/p/mm/40094115_1-cp-everyday-eggs-brown.jpg", "combo": []}, {"product_id": "1604849098_44484", "category": "Eggs, Meat & Fish", "sub_category_name": "Eggs", "product_name": "Cardio Egg - Low Cholesterol Good For Heart", "product_brand": "Best", "img_src": "https://www.bigbasket.com/media/uploads/p/mm/40003815_1-best-cardio-egg-low-cholesterol-good-for-heart.jpg", "combo": []}, {"product_id": "1604849099_63364", "category": "Eggs, Meat & Fish", "sub_category_name": "Eggs", "product_name": "Eggs - Free Range & Brown, Country", "product_brand": "Ayur", "img_src": "https://www.bigbasket.com/media/uploads/p/mm/40131161_1-ayur-eggs-free-range-brown-country.jpg", "combo": []}, {"product_id": "1604849099_10724", "category": "Eggs, Meat & Fish", "sub_category_name": "Eggs", "product_name": "Eggs - Free Range & Brown, DHA Enriched, Country", "product_brand": "Desi", "img_src": "https://www.bigbasket.com/media/uploads/p/mm/40131162_1-desi-eggs-free-range-brown-dha-enriched-country.jpg", "combo": []}, {"product_id": "1604849100_84004", "category": "Eggs, Meat & Fish", "sub_category_name": "Eggs", "product_name": "Egg White - Cube", "product_brand": "SKM BEST", "img_src": "https://www.bigbasket.com/media/uploads/p/mm/40122449_4-skm-best-egg-white-cube.jpg", "combo": []}, {"product_id": "1604849101_29444", "category": "Eggs, Meat & Fish", "sub_category_name": "Eggs", "product_name": "Egg White - Cube", "product_brand": "SKM BEST", "img_src": "https://www.bigbasket.com/media/uploads/p/mm/40122448_1-skm-best-egg-white-cube.jpg", "combo": []}, {"product_id": "1604849101_86884", "category": "Eggs, Meat & Fish", "sub_category_name": "Eggs", "product_name": "Whole Egg - Liquid", "product_brand": "SKM BEST", "img_src": "https://www.bigbasket.com/media/uploads/p/mm/40122453_4-skm-best-whole-egg-liquid.jpg", "combo": []}, {"product_id": "1604849102_72964", "category": "Eggs, Meat & Fish", "sub_category_name": "Eggs", "product_name": "Bread - Whole Wheat, Chemical Free 400G + Eggs - Table Tray 30pcs", "product_brand": "Fresho", "img_src": "https://www.bigbasket.com/media/uploads/p/mm/1204360_1-fresho-bread-whole-wheat-chemical-free-400g-eggs-table-tray-30pcs.jpg", "combo": []}, {"product_id": "1604849103_86244", "category": "Eggs, Meat & Fish", "sub_category_name": "Eggs", "product_name": "Bread - Whole Wheat, Chemical Free 400G + Eggs - Table Tray 12pcs", "product_brand": "Fresho", "img_src": "https://www.bigbasket.com/media/uploads/p/mm/1204357_1-fresho-bread-whole-wheat-chemical-free-400g-eggs-table-tray-12pcs.jpg", "combo": []}, {"product_id": "1604849103_98564", "category": "Eggs, Meat & Fish", "sub_category_name": "Eggs", "product_name": "Sandwich Bread - White, Chemical Free 400G + Eggs - Regular 6pcs", "product_brand": "Fresho", "img_src": "https://www.bigbasket.com/media/uploads/p/mm/1204352_1-fresho-sandwich-bread-white-chemical-free-400g-eggs-regular-6pcs.jpg", "combo": []}, {"product_id": "1604849104_78404", "category": "Eggs, Meat & Fish", "sub_category_name": "Eggs", "product_name": "Bread - Brown, Chemical Free 400G + Eggs - Regular 6pcs", "product_brand": "Fresho", "img_src": "https://www.bigbasket.com/media/uploads/p/mm/1204353_1-fresho-bread-brown-chemical-free-400g-eggs-regular-6pcs.jpg", "combo": []}, {"product_id": "1604849104_53764", "category": "Eggs, Meat & Fish", "sub_category_name": "Eggs", "product_name": "Bread - Whole Wheat, Chemical Free 400G + Eggs - Regular 6pcs", "product_brand": "Fresho", "img_src": "https://www.bigbasket.com/media/uploads/p/mm/1204354_1-fresho-bread-whole-wheat-chemical-free-400g-eggs-regular-6pcs.jpg", "combo": []}, {"product_id": "1604849105_1284", "category": "Eggs, Meat & Fish", "sub_category_name": "Eggs", "product_name": "Ayur Egg Immune", "product_brand": "Ayur Egg", "img_src": "https://www.bigbasket.com/media/uploads/p/mm/40078375_4-ayur-egg-ayur-egg-immune.jpg", "combo": []}, {"product_id": "1604849106_27684", "category": "Eggs, Meat & Fish", "sub_category_name": "Eggs", "product_name": "Quail Eggs", "product_brand": "Mpm", "img_src": "https://www.bigbasket.com/media/uploads/p/mm/40041960_1-mpm-quail-eggs.jpg", "combo": []}, {"product_id": "1604849106_95684", "category": "Eggs, Meat & Fish", "sub_category_name": "Eggs", "product_name": "Eggs - Country", "product_brand": "Mpm", "img_src": "https://www.bigbasket.com/media/uploads/p/mm/60000399_3-mpm-eggs-country.jpg", "combo": []}, {"product_id": "1604849108_27044", "category": "Eggs, Meat & Fish", "sub_category_name": "Eggs", "product_name": "Eggs - Brown Shell", "product_brand": "Mpm", "img_src": "https://www.bigbasket.com/media/uploads/p/mm/60000397_2-mpm-eggs-brown-shell.jpg", "combo": []}, {"product_id": "1604849109_94084", "category": "Eggs, Meat & Fish", "sub_category_name": "Eggs", "product_name": "Eggs - Kadaknath Chicken", "product_brand": "Mpm", "img_src": "https://www.bigbasket.com/media/uploads/p/mm/60000400_2-mpm-eggs-kadaknath-chicken.jpg", "combo": []}, {"product_id": "1604849110_67684", "category": "Eggs, Meat & Fish", "sub_category_name": "Eggs", "product_name": "Egg White - Liquid", "product_brand": "SKM BEST", "img_src": "https://www.bigbasket.com/media/uploads/p/mm/40122451_3-skm-best-egg-white-liquid.jpg", "combo": []}]