[{"product_id": "1604849234_34084", "category": "Eggs, Meat & Fish", "sub_category_name": "Mutton & Lamb", "product_name": "Mutton - Curry Cut, Antibiotic Residue-Free, Growth Hormone-Free", "product_brand": "Fresho", "img_src": "https://www.bigbasket.com/media/uploads/p/s/40048913_4-fresho-mutton-curry-cut-antibiotic-residue-free-growth-hormone-free.jpg", "combo": [["500 g", "399.00"], ["1 kg", "799.00"]]}, {"product_id": "1604849235_64484", "category": "Eggs, Meat & Fish", "sub_category_name": "Mutton & Lamb", "product_name": "Mutton - Chop, 6-8 pcs, Antibiotic Residue-Free, Growth Hormone-Free", "product_brand": "Fresho", "img_src": "https://www.bigbasket.com/media/uploads/p/s/30002282_3-fresho-mutton-chop-6-8-pcs-antibiotic-residue-free-growth-hormone-free.jpg", "combo": [["500 g", "589.00"], ["1 kg", "1099.00"]]}, {"product_id": "1604849235_87684", "category": "Eggs, Meat & Fish", "sub_category_name": "Mutton & Lamb", "product_name": "Lamb Chop", "product_brand": "Fresho", "img_src": "https://www.bigbasket.com/media/uploads/p/s/40192500_1-fresho-lamb-chop.jpg", "combo": []}, {"product_id": "1604849236_18244", "category": "Eggs, Meat & Fish", "sub_category_name": "Mutton & Lamb", "product_name": "Muttom Shanks", "product_brand": "Fresho", "img_src": "https://www.bigbasket.com/media/uploads/p/s/40197944_1-fresho-muttom-shanks.jpg", "combo": []}, {"product_id": "1604849237_9124", "category": "Eggs, Meat & Fish", "sub_category_name": "Mutton & Lamb", "product_name": "Mutton Bones", "product_brand": "Fresho", "img_src": "https://www.bigbasket.com/media/uploads/p/s/40188264_1-fresho-mutton-bones.jpg", "combo": []}, {"product_id": "1604849237_68164", "category": "Eggs, Meat & Fish", "sub_category_name": "Mutton & Lamb", "product_name": "Mutton Bones", "product_brand": "Fresho", "img_src": "https://www.bigbasket.com/media/uploads/p/s/40188263_2-fresho-mutton-bones.jpg", "combo": []}, {"product_id": "1604849238_45444", "category": "Eggs, Meat & Fish", "sub_category_name": "Mutton & Lamb", "product_name": "Mutton - Kidney, Antibiotic Residue-Free, Growth Hormone-Frees", "product_brand": "Fresho", "img_src": "https://www.bigbasket.com/media/uploads/p/s/20001200_6-fresho-mutton-kidney-antibiotic-residue-free-growth-hormone-frees.jpg", "combo": []}, {"product_id": "1604849238_50244", "category": "Eggs, Meat & Fish", "sub_category_name": "Mutton & Lamb", "product_name": "Mutton - Liver, Antibiotic Residue-Free, Growth Hormone-Free", "product_brand": "Fresho", "img_src": "https://www.bigbasket.com/media/uploads/p/s/40048915_4-fresho-mutton-liver-antibiotic-residue-free-growth-hormone-free.jpg", "combo": []}, {"product_id": "1604849240_92484", "category": "Eggs, Meat & Fish", "sub_category_name": "Mutton & Lamb", "product_name": "Mutton - Shoulder Pieces, Antibiotic Residue-Free, Growth Hormone-Free", "product_brand": "Fresho", "img_src": "https://www.bigbasket.com/media/uploads/p/s/10000930_9-fresho-mutton-shoulder-pieces-antibiotic-residue-free-growth-hormone-free.jpg", "combo": []}, {"product_id": "1604849241_93444", "category": "Eggs, Meat & Fish", "sub_category_name": "Mutton & Lamb", "product_name": "Mutton - Biryani Pieces, 8-10 pcs, Antibiotic Residue-Free, Growth Hormone-Free", "product_brand": "Fresho", "img_src": "https://www.bigbasket.com/media/uploads/p/s/10000938_8-fresho-mutton-biryani-pieces-8-10-pcs-antibiotic-residue-free-growth-hormone-free.jpg", "combo": []}, {"product_id": "1604849241_96804", "category": "Eggs, Meat & Fish", "sub_category_name": "Mutton & Lamb", "product_name": "Mutton - Mince, Antibiotic Residue-Free, Growth Hormone-Free", "product_brand": "Fresho", "img_src": "https://www.bigbasket.com/media/uploads/p/s/10000932_10-fresho-mutton-mince-antibiotic-residue-free-growth-hormone-free.jpg", "combo": []}, {"product_id": "1604849243_72324", "category": "Eggs, Meat & Fish", "sub_category_name": "Mutton & Lamb", "product_name": "Mutton - Seekh Kebab", "product_brand": "Meatzza", "img_src": "https://www.bigbasket.com/media/uploads/p/s/40059425_6-meatzza-mutton-seekh-kebab.jpg", "combo": []}, {"product_id": "1604849243_94084", "category": "Eggs, Meat & Fish", "sub_category_name": "Mutton & Lamb", "product_name": "Mutton - Boneless, Antibiotic Residue-Free, Growth Hormone-Frees", "product_brand": "Fresho", "img_src": "https://www.bigbasket.com/media/uploads/p/s/40048914_4-fresho-mutton-boneless-antibiotic-residue-free-growth-hormone-frees.jpg", "combo": [["250 g", "249.00"], ["500 g", "499.00"]]}, {"product_id": "1604849244_17924", "category": "Eggs, Meat & Fish", "sub_category_name": "Mutton & Lamb", "product_name": "Mutton - Leg Pieces, 8-10 pcs, Antibiotic Residue-Free, Growth Hormone-Free", "product_brand": "Fresho", "img_src": "https://www.bigbasket.com/media/uploads/p/s/10000936_11-fresho-mutton-leg-pieces-8-10-pcs-antibiotic-residue-free-growth-hormone-free.jpg", "combo": []}, {"product_id": "1604849245_70244", "category": "Eggs, Meat & Fish", "sub_category_name": "Mutton & Lamb", "product_name": "Mutton - Biryani Pieces", "product_brand": "Fresho", "img_src": "https://www.bigbasket.com/media/uploads/p/s/10001020_4-fresho-mutton-biryani-pieces.jpg", "combo": []}, {"product_id": "1604849245_40964", "category": "Eggs, Meat & Fish", "sub_category_name": "Mutton & Lamb", "product_name": "Mutton - Liver, Antibiotic Residue-Free, Growth Hormone-Free", "product_brand": "Fresho", "img_src": "https://www.bigbasket.com/media/uploads/p/s/30002283_4-fresho-mutton-liver-antibiotic-residue-free-growth-hormone-free.jpg", "combo": []}, {"product_id": "1604849246_18244", "category": "Eggs, Meat & Fish", "sub_category_name": "Mutton & Lamb", "product_name": "Rohu Fish (Large) - Curry Cut/Bengali Cut 1 kg + Mutton - Curry Cut 1 kg", "product_brand": "Fresho", "img_src": "https://www.bigbasket.com/media/uploads/p/s/1202507_1-fresho-rohu-fish-large-curry-cutbengali-cut-1-kg-mutton-curry-cut-1-kg.jpg", "combo": []}, {"product_id": "1604849247_76484", "category": "Eggs, Meat & Fish", "sub_category_name": "Mutton & Lamb", "product_name": "Kara Coconut Milk - UHT Natural 200 ml + Fresho Meat Mutton - Mince 500 gm", "product_brand": "bb Combo", "img_src": "https://www.bigbasket.com/media/uploads/p/s/1203233_1-bb-combo-kara-coconut-milk-uht-natural-200-ml-fresho-meat-mutton-mince-500-gm.jpg", "combo": []}]