[{"product_id": "1604986964_1636", "category": "Foodgrains, Oil & Masala", "sub_category_name": "Salt, Sugar & Jaggery", "product_name": "Sugar", "product_brand": "bb Popular", "img_src": "https://www.bigbasket.com/media/uploads/p/s/40019396_8-bb-popular-sugar.jpg", "combo": [["5 kg", "198.00"], ["1 kg", "38.00"], ["2 kg", "88.00"]]}, {"product_id": "1604986964_48996", "category": "Foodgrains, Oil & Masala", "sub_category_name": "Salt, Sugar & Jaggery", "product_name": "Iodized", "product_brand": "Tata Salt", "img_src": "https://www.bigbasket.com/media/uploads/p/s/241600_5-tata-salt-iodized.jpg", "combo": []}, {"product_id": "1604986965_2756", "category": "Foodgrains, Oil & Masala", "sub_category_name": "Salt, Sugar & Jaggery", "product_name": "Sugar", "product_brand": "bb Royal", "img_src": "https://www.bigbasket.com/media/uploads/p/s/10000407_11-bb-royal-sugar.jpg", "combo": [["5 kg", "209.00"], ["2 kg", "90.00"], ["1 kg", "46.00"]]}, {"product_id": "1604986966_88516", "category": "Foodgrains, Oil & Masala", "sub_category_name": "Salt, Sugar & Jaggery", "product_name": "Saffola Gold - Pro Healthy Lifestyle Edible Oil 2x5L Jar + BB Popular Sugar 5kg", "product_brand": "bb Combo", "img_src": "https://www.bigbasket.com/media/uploads/p/s/1208231_1-bb-combo-saffola-gold-pro-healthy-lifestyle-edible-oil-2x5l-jar-bb-popular-sugar-5kg.jpg", "combo": []}, {"product_id": "1604986966_36836", "category": "Foodgrains, Oil & Masala", "sub_category_name": "Salt, Sugar & Jaggery", "product_name": "BB Popular Sugar 5 kg + BB Royal Honey 500 gm", "product_brand": "bb Combo", "img_src": "https://www.bigbasket.com/media/uploads/p/s/1203569_2-bb-combo-bb-popular-sugar-5-kg-bb-royal-honey-500-gm.jpg", "combo": []}, {"product_id": "1604986967_51396", "category": "Foodgrains, Oil & Masala", "sub_category_name": "Salt, Sugar & Jaggery", "product_name": "Organic - Brown Sugar", "product_brand": "bb Royal", "img_src": "https://www.bigbasket.com/media/uploads/p/s/40075302_11-bb-royal-organic-brown-sugar.jpg", "combo": [["5 kg", "349.00"], ["500 g", "43.00"], ["1 kg", "83.00"], ["2 kg", "162.00"]]}, {"product_id": "1604986968_76676", "category": "Foodgrains, Oil & Masala", "sub_category_name": "Salt, Sugar & Jaggery", "product_name": "bb Royal Sona Masoori Raw Rice 10kg + Toor Dal 1kg + Sugar 1kg", "product_brand": "bb Combo", "img_src": "https://www.bigbasket.com/media/uploads/p/s/1200049_2-bb-combo-bb-royal-sona-masoori-raw-rice-10kg-toor-dal-1kg-sugar-1kg.jpg", "combo": []}, {"product_id": "1604986968_85156", "category": "Foodgrains, Oil & Masala", "sub_category_name": "Salt, Sugar & Jaggery", "product_name": "Sugar - Refined", "product_brand": "Madhur", "img_src": "https://www.bigbasket.com/media/uploads/bpi/bangalore/s/214431_1-madhur-sugar-refined.jpg", "combo": [["1 kg", "59.40"], ["5 kg", "246.00"]]}, {"product_id": "1604986969_44676", "category": "Foodgrains, Oil & Masala", "sub_category_name": "Salt, Sugar & Jaggery", "product_name": "Jaggery Round", "product_brand": "bb Royal", "img_src": "https://www.bigbasket.com/media/uploads/p/s/10000489_8-bb-royal-jaggery-round.jpg", "combo": [["500 g", "42.00"], ["1 kg", "69.00"]]}, {"product_id": "1604986970_27556", "category": "Foodgrains, Oil & Masala", "sub_category_name": "Salt, Sugar & Jaggery", "product_name": "Himalayan Pink Rock Salt Powder", "product_brand": "GoodDiet", "img_src": "https://www.bigbasket.com/media/uploads/p/s/40142905_6-gooddiet-himalayan-pink-rock-salt-powder.jpg", "combo": []}, {"product_id": "1604986970_55556", "category": "Foodgrains, Oil & Masala", "sub_category_name": "Salt, Sugar & Jaggery", "product_name": "Dhara Refined - Sunflower Oil 5 ltr Can + Madhur Sugar - Refined 1 kg Pouch", "product_brand": "bb Combo", "img_src": "https://www.bigbasket.com/media/uploads/p/s/1201585_2-bb-combo-dhara-refined-sunflower-oil-5-ltr-can-madhur-sugar-refined-1-kg-pouch.jpg", "combo": []}, {"product_id": "1604986971_80676", "category": "Foodgrains, Oil & Masala", "sub_category_name": "Salt, Sugar & Jaggery", "product_name": "Lite", "product_brand": "Tata Salt", "img_src": "https://www.bigbasket.com/media/uploads/p/s/241601_5-tata-salt-lite.jpg", "combo": []}, {"product_id": "1604986971_26436", "category": "Foodgrains, Oil & Masala", "sub_category_name": "Salt, Sugar & Jaggery", "product_name": "Jaggery Powder - Pesticide Free", "product_brand": "Safe Harvest", "img_src": "https://www.bigbasket.com/media/uploads/p/s/40004550_5-safe-harvest-jaggery-powder-pesticide-free.jpg", "combo": []}, {"product_id": "1604986972_66916", "category": "Foodgrains, Oil & Masala", "sub_category_name": "Salt, Sugar & Jaggery", "product_name": "Jaggery - Kolhapuri", "product_brand": "bb Royal", "img_src": "https://www.bigbasket.com/media/uploads/p/s/40071221_8-bb-royal-jaggery-kolhapuri.jpg", "combo": []}, {"product_id": "1604986972_58756", "category": "Foodgrains, Oil & Masala", "sub_category_name": "Salt, Sugar & Jaggery", "product_name": "Refined Sugar", "product_brand": "Parry's", "img_src": "https://www.bigbasket.com/media/uploads/p/s/100342220_4-parrys-refined-sugar.jpg", "combo": [["1 kg", "70.00"], ["5 kg", "320.00"]]}, {"product_id": "1604986973_98116", "category": "Foodgrains, Oil & Masala", "sub_category_name": "Salt, Sugar & Jaggery", "product_name": "Salt - Crystal", "product_brand": "Akar", "img_src": "https://www.bigbasket.com/media/uploads/p/s/248005_1-akar-salt-crystal.jpg", "combo": []}, {"product_id": "1604986975_85316", "category": "Foodgrains, Oil & Masala", "sub_category_name": "Salt, Sugar & Jaggery", "product_name": "Madhur Sugar - Refined 5kg Pouch + Fortune Sunflower Refined Oil - Sun lite 5L", "product_brand": "bb Combo", "img_src": "https://www.bigbasket.com/media/uploads/p/s/1203022_1-bb-combo-madhur-sugar-refined-5kg-pouch-fortune-sunflower-refined-oil-sun-lite-5l.jpg", "combo": []}, {"product_id": "1604986975_43396", "category": "Foodgrains, Oil & Masala", "sub_category_name": "Salt, Sugar & Jaggery", "product_name": "Amrit - Natural Brown Sugar", "product_brand": "Parry's", "img_src": "https://www.bigbasket.com/media/uploads/p/s/40052563_1-parrys-amrit-natural-brown-sugar.jpg", "combo": []}, {"product_id": "1604986976_99556", "category": "Foodgrains, Oil & Masala", "sub_category_name": "Salt, Sugar & Jaggery", "product_name": "Salt - Iodised", "product_brand": "Aashirvaad", "img_src": "https://www.bigbasket.com/media/uploads/p/s/236834_4-aashirvaad-salt-iodised.jpg", "combo": []}, {"product_id": "1604986976_57476", "category": "Foodgrains, Oil & Masala", "sub_category_name": "Salt, Sugar & Jaggery", "product_name": "Organic - Sugar", "product_brand": "bb Royal", "img_src": "https://www.bigbasket.com/media/uploads/p/s/40072492_13-bb-royal-organic-sugar.jpg", "combo": [["2 kg", "155.00"], ["1 kg", "78.00"], ["5 Kg", "375.00"]]}]