[{"product_id": "1604829096_83844", "category": "Bakery, Cakes & Dairy", "sub_category_name": "Cookies, Rusk & Khari", "product_name": "", "product_brand": "", "img_src": "https://www.bigbasket.com/media/uploads/p/s/312169_10-britannia-bake-rusk-toast.jpg", "combo": [["200 g", "21.50"], ["72 g", "10.00"], ["6x63 g", "60.00"], ["12x63 g", "120.00"]]}, {"product_id": "1604829097_85284", "category": "Bakery, Cakes & Dairy", "sub_category_name": "Cookies, Rusk & Khari", "product_name": "", "product_brand": "", "img_src": "https://www.bigbasket.com/media/uploads/p/s/1201308_2-britannia-premium-bake-rusk.jpg", "combo": [["273 g", "29.00"], ["2x273 g", "58.00"]]}, {"product_id": "1604829098_15204", "category": "Bakery, Cakes & Dairy", "sub_category_name": "Cookies, Rusk & Khari", "product_name": "", "product_brand": "", "img_src": "https://www.bigbasket.com/media/uploads/p/s/40198875_1-cookie-man-assorted-cookies.jpg", "combo": []}, {"product_id": "1604829098_80644", "category": "Bakery, Cakes & Dairy", "sub_category_name": "Cookies, Rusk & Khari", "product_name": "", "product_brand": "", "img_src": "https://www.bigbasket.com/media/uploads/p/s/40198877_1-cookie-man-assorted-cookies.jpg", "combo": []}, {"product_id": "1604829099_91044", "category": "Bakery, Cakes & Dairy", "sub_category_name": "Cookies, Rusk & Khari", "product_name": "", "product_brand": "", "img_src": "https://www.bigbasket.com/media/uploads/p/s/40198879_1-cookie-man-brownie-brittle.jpg", "combo": []}, {"product_id": "1604829099_29124", "category": "Bakery, Cakes & Dairy", "sub_category_name": "Cookies, Rusk & Khari", "product_name": "", "product_brand": "", "img_src": "https://www.bigbasket.com/media/uploads/p/s/40198876_1-cookie-man-assorted-cookies.jpg", "combo": []}, {"product_id": "1604829100_17124", "category": "Bakery, Cakes & Dairy", "sub_category_name": "Cookies, Rusk & Khari", "product_name": "", "product_brand": "", "img_src": "https://www.bigbasket.com/media/uploads/p/s/40174327_5-britannia-good-day-cashew-almond.jpg", "combo": []}, {"product_id": "1604829100_75684", "category": "Bakery, Cakes & Dairy", "sub_category_name": "Cookies, Rusk & Khari", "product_name": "", "product_brand": "", "img_src": "https://www.bigbasket.com/media/uploads/p/s/40169154_1-elite-pizza-rusk.jpg", "combo": []}, {"product_id": "1604829101_83684", "category": "Bakery, Cakes & Dairy", "sub_category_name": "Cookies, Rusk & Khari", "product_name": "", "product_brand": "", "img_src": "https://www.bigbasket.com/media/uploads/p/s/40052069_7-elite-rusk-milk.jpg", "combo": [["63 g", "10.00"], ["125 g", "20.00"], ["270 g", "39.60"]]}, {"product_id": "1604829102_54564", "category": "Bakery, Cakes & Dairy", "sub_category_name": "Cookies, Rusk & Khari", "product_name": "", "product_brand": "", "img_src": "https://www.bigbasket.com/media/uploads/p/s/1203295_3-tasties-rusk-suji-elaichi.jpg", "combo": [["200 g", "49.00"], ["2x200 g", "93.10"]]}, {"product_id": "1604829102_90404", "category": "Bakery, Cakes & Dairy", "sub_category_name": "Cookies, Rusk & Khari", "product_name": "", "product_brand": "", "img_src": "https://www.bigbasket.com/media/uploads/p/s/1203312_1-tasties-khari-maska.jpg", "combo": [["2x200 g", "150.10"], ["6x200 g", "474.00"], ["10x200 g", "790.00"], ["200 g", "79.00"]]}, {"product_id": "1604829103_93764", "category": "Bakery, Cakes & Dairy", "sub_category_name": "Cookies, Rusk & Khari", "product_name": "", "product_brand": "", "img_src": "https://www.bigbasket.com/media/uploads/p/s/1203304_1-tasties-biscuits-osmania.jpg", "combo": [["2x200 g", "142.50"], ["200 g", "75.00"]]}, {"product_id": "1604829104_70884", "category": "Bakery, Cakes & Dairy", "sub_category_name": "Cookies, Rusk & Khari", "product_name": "", "product_brand": "", "img_src": "https://www.bigbasket.com/media/uploads/p/s/40106017_9-tasties-biscuits-fruit.jpg", "combo": []}, {"product_id": "1604829105_72324", "category": "Bakery, Cakes & Dairy", "sub_category_name": "Cookies, Rusk & Khari", "product_name": "", "product_brand": "", "img_src": "https://www.bigbasket.com/media/uploads/p/s/40111543_2-milk-ma-biscuit-cashew.jpg", "combo": []}, {"product_id": "1604829106_86404", "category": "Bakery, Cakes & Dairy", "sub_category_name": "Cookies, Rusk & Khari", "product_name": "", "product_brand": "", "img_src": "https://www.bigbasket.com/media/uploads/p/s/40111544_2-milk-ma-biscuit-butter.jpg", "combo": []}, {"product_id": "1604829107_39204", "category": "Bakery, Cakes & Dairy", "sub_category_name": "Cookies, Rusk & Khari", "product_name": "", "product_brand": "", "img_src": "https://www.bigbasket.com/media/uploads/p/s/1203282_3-tasties-milk-rusk.jpg", "combo": [["2x200 g", "88.83"], ["200 g", "46.75"]]}, {"product_id": "1604829107_7044", "category": "Bakery, Cakes & Dairy", "sub_category_name": "Cookies, Rusk & Khari", "product_name": "Biscuit - Coconut", "product_brand": "Milk Ma", "img_src": "https://www.bigbasket.com/media/uploads/p/s/40111546_1-milk-ma-biscuit-coconut.jpg", "combo": []}, {"product_id": "1604829108_36324", "category": "Bakery, Cakes & Dairy", "sub_category_name": "Cookies, Rusk & Khari", "product_name": "Biscuit - Salt", "product_brand": "Milk Ma", "img_src": "https://www.bigbasket.com/media/uploads/p/s/40111545_2-milk-ma-biscuit-salt.jpg", "combo": []}, {"product_id": "1604829108_77764", "category": "Bakery, Cakes & Dairy", "sub_category_name": "Cookies, Rusk & Khari", "product_name": "Vanilla Dew", "product_brand": "Milk Ma", "img_src": "https://www.bigbasket.com/media/uploads/p/s/40111548_1-milk-ma-vanilla-dew.jpg", "combo": []}, {"product_id": "1604829109_8804", "category": "Bakery, Cakes & Dairy", "sub_category_name": "Cookies, Rusk & Khari", "product_name": "Rusk - Baby", "product_brand": "Milk Ma", "img_src": "https://www.bigbasket.com/media/uploads/p/s/40111539_1-milk-ma-rusk-baby.jpg", "combo": []}]