[{"product_id": "1604829025_21604", "category": "Bakery, Cakes & Dairy", "sub_category_name": "Breads & Buns", "product_name": "Bread - Whole Wheat, Chemical Free 400G + Eggs - Table Tray 30pcs", "product_brand": "Fresho", "img_src": "https://www.bigbasket.com/media/uploads/p/s/1204360_1-fresho-bread-whole-wheat-chemical-free-400g-eggs-table-tray-30pcs.jpg", "combo": []}, {"product_id": "1604829026_65284", "category": "Bakery, Cakes & Dairy", "sub_category_name": "Breads & Buns", "product_name": "Bread - Whole Wheat, Chemical Free 400G + Eggs - Table Tray 12pcs", "product_brand": "Fresho", "img_src": "https://www.bigbasket.com/media/uploads/p/s/1204357_1-fresho-bread-whole-wheat-chemical-free-400g-eggs-table-tray-12pcs.jpg", "combo": []}, {"product_id": "1604829026_16804", "category": "Bakery, Cakes & Dairy", "sub_category_name": "Breads & Buns", "product_name": "Whole Wheat Bread - Safe, Preservative Free", "product_brand": "Fresho", "img_src": "https://www.bigbasket.com/media/uploads/p/s/40025355_6-fresho-whole-wheat-bread-safe-preservative-free.jpg", "combo": []}, {"product_id": "1604829027_12644", "category": "Bakery, Cakes & Dairy", "sub_category_name": "Breads & Buns", "product_name": "Bread - Whole Wheat, Chemical Free 400G + Eggs - Regular 6pcs", "product_brand": "Fresho", "img_src": "https://www.bigbasket.com/media/uploads/p/s/1204354_1-fresho-bread-whole-wheat-chemical-free-400g-eggs-regular-6pcs.jpg", "combo": []}, {"product_id": "1604829028_88644", "category": "Bakery, Cakes & Dairy", "sub_category_name": "Breads & Buns", "product_name": "Sandwich Bread - Safe, Preservative Free", "product_brand": "Fresho", "img_src": "https://www.bigbasket.com/media/uploads/p/s/40087525_2-fresho-sandwich-bread-safe-preservative-free.jpg", "combo": [["400 g", "38.61"], ["200 g", "28.71"]]}, {"product_id": "1604829028_41284", "category": "Bakery, Cakes & Dairy", "sub_category_name": "Breads & Buns", "product_name": "Sandwich Bread - White, Chemical Free 400G + Eggs - Regular 6pcs", "product_brand": "Fresho", "img_src": "https://www.bigbasket.com/media/uploads/p/s/1204352_1-fresho-sandwich-bread-white-chemical-free-400g-eggs-regular-6pcs.jpg", "combo": []}, {"product_id": "1604829029_88324", "category": "Bakery, Cakes & Dairy", "sub_category_name": "Breads & Buns", "product_name": "Bread - Brown, Chemical Free 400G + Eggs - Regular 6pcs", "product_brand": "Fresho", "img_src": "https://www.bigbasket.com/media/uploads/p/s/1204353_1-fresho-bread-brown-chemical-free-400g-eggs-regular-6pcs.jpg", "combo": []}, {"product_id": "1604829029_5604", "category": "Bakery, Cakes & Dairy", "sub_category_name": "Breads & Buns", "product_name": "Brown Bread - Safe, Preservative Free", "product_brand": "Fresho", "img_src": "https://www.bigbasket.com/media/uploads/p/s/40087526_3-fresho-brown-bread-safe-preservative-free.jpg", "combo": [["400 g", "38.61"], ["200 g", "24.75"]]}, {"product_id": "1604829030_59204", "category": "Bakery, Cakes & Dairy", "sub_category_name": "Breads & Buns", "product_name": "Pav - Safe, Preservative Free", "product_brand": "Fresho", "img_src": "https://www.bigbasket.com/media/uploads/p/s/40025357_4-fresho-pav-safe-preservative-free.jpg", "combo": []}, {"product_id": "1604829031_82084", "category": "Bakery, Cakes & Dairy", "sub_category_name": "Breads & Buns", "product_name": "Multigrain Bread - Safe, Preservative Free", "product_brand": "Fresho", "img_src": "https://www.bigbasket.com/media/uploads/p/s/40087524_2-fresho-multigrain-bread-safe-preservative-free.jpg", "combo": [["400 g", "48.51"], ["200 g", "38.61"]]}, {"product_id": "1604829031_58404", "category": "Bakery, Cakes & Dairy", "sub_category_name": "Breads & Buns", "product_name": "Milk Bread - Safe, Preservative Free", "product_brand": "Fresho", "img_src": "https://www.bigbasket.com/media/uploads/p/s/40037466_2-fresho-milk-bread-safe-preservative-free.jpg", "combo": []}, {"product_id": "1604829032_81924", "category": "Bakery, Cakes & Dairy", "sub_category_name": "Breads & Buns", "product_name": "Burger Buns - Safe, Preservative Free", "product_brand": "Fresho", "img_src": "https://www.bigbasket.com/media/uploads/p/s/40025356_2-fresho-burger-buns-safe-preservative-free.jpg", "combo": []}, {"product_id": "1604829033_95524", "category": "Bakery, Cakes & Dairy", "sub_category_name": "Breads & Buns", "product_name": "Pizza Base - Safe, Preservative Free", "product_brand": "Fresho", "img_src": "https://www.bigbasket.com/media/uploads/p/s/40037463_2-fresho-pizza-base-safe-preservative-free.jpg", "combo": []}, {"product_id": "1604829034_37124", "category": "Bakery, Cakes & Dairy", "sub_category_name": "Breads & Buns", "product_name": "Fresho Bread Whole Wheat 400G + Jus Amazin Almond Butter Dark Chocolate 125G", "product_brand": "bb Combo", "img_src": "https://www.bigbasket.com/media/uploads/p/s/1203136_1-bb-combo-fresho-bread-whole-wheat-400g-jus-amazin-almond-butter-dark-chocolate-125g.jpg", "combo": []}, {"product_id": "1604829034_96964", "category": "Bakery, Cakes & Dairy", "sub_category_name": "Breads & Buns", "product_name": "Fresho Bread - Whole Wheat 400gm + Jus Amazin Cashew Butter Salted Caramel 125gm", "product_brand": "bb Combo", "img_src": "https://www.bigbasket.com/media/uploads/p/s/1203135_1-bb-combo-fresho-bread-whole-wheat-400gm-jus-amazin-cashew-butter-salted-caramel-125gm.jpg", "combo": []}, {"product_id": "1604829035_51844", "category": "Bakery, Cakes & Dairy", "sub_category_name": "Breads & Buns", "product_name": "Sweet Bun - Safe, Preservative Free", "product_brand": "Fresho", "img_src": "https://www.bigbasket.com/media/uploads/p/s/40087523_2-fresho-sweet-bun-safe-preservative-free.jpg", "combo": []}, {"product_id": "1604829035_1924", "category": "Bakery, Cakes & Dairy", "sub_category_name": "Breads & Buns", "product_name": "White Big Bread Slices - Safe, Preservative Free", "product_brand": "Fresho", "img_src": "https://www.bigbasket.com/media/uploads/p/s/40037465_1-fresho-white-big-bread-slices-safe-preservative-free.jpg", "combo": []}, {"product_id": "1604829036_64324", "category": "Bakery, Cakes & Dairy", "sub_category_name": "Breads & Buns", "product_name": "100% Whole Wheat", "product_brand": "English Oven", "img_src": "https://www.bigbasket.com/media/uploads/p/s/40111559_3-english-oven-100-whole-wheat.jpg", "combo": []}, {"product_id": "1604829037_91524", "category": "Bakery, Cakes & Dairy", "sub_category_name": "Breads & Buns", "product_name": "Fresho Bread - Multigrain 400gm + Jus Amazin Almond Butter Dark Chocolate 125gm", "product_brand": "bb Combo", "img_src": "https://www.bigbasket.com/media/uploads/p/s/1203133_1-bb-combo-fresho-bread-multigrain-400gm-jus-amazin-almond-butter-dark-chocolate-125gm.jpg", "combo": []}, {"product_id": "1604829037_91044", "category": "Bakery, Cakes & Dairy", "sub_category_name": "Breads & Buns", "product_name": "Bread - Pav", "product_brand": "English Oven", "img_src": "https://www.bigbasket.com/media/uploads/p/s/70001176_4-english-oven-bread-pav.jpg", "combo": []}, {"product_id": "1604829038_5124", "category": "Bakery, Cakes & Dairy", "sub_category_name": "Breads & Buns", "product_name": "Bread - Milk", "product_brand": "English Oven", "img_src": "https://www.bigbasket.com/media/uploads/p/mm/70001171_6-english-oven-bread-milk.jpg", "combo": []}, {"product_id": "1604829038_92644", "category": "Bakery, Cakes & Dairy", "sub_category_name": "Breads & Buns", "product_name": "Fresho Bread - Multigrain 400gm + Jus Amazin Cashew Butter Salted Caramel 125gm", "product_brand": "bb Combo", "img_src": "https://www.bigbasket.com/media/uploads/p/mm/1203132_1-bb-combo-fresho-bread-multigrain-400gm-jus-amazin-cashew-butter-salted-caramel-125gm.jpg", "combo": []}, {"product_id": "1604829039_34564", "category": "Bakery, Cakes & Dairy", "sub_category_name": "Breads & Buns", "product_name": "Tutti Frutti Bun - Safe, Preservative Free", "product_brand": "Fresho", "img_src": "https://www.bigbasket.com/media/uploads/p/mm/40037460_3-fresho-tutti-frutti-bun-safe-preservative-free.jpg", "combo": []}, {"product_id": "1604829039_53604", "category": "Bakery, Cakes & Dairy", "sub_category_name": "Breads & Buns", "product_name": "Multigrain Bread", "product_brand": "Britannia", "img_src": "https://www.bigbasket.com/media/uploads/p/mm/40162930_4-britannia-multigrain-bread.jpg", "combo": []}, {"product_id": "1604829040_64164", "category": "Bakery, Cakes & Dairy", "sub_category_name": "Breads & Buns", "product_name": "Atta Bread", "product_brand": "Britannia", "img_src": "https://www.bigbasket.com/media/uploads/p/mm/40091805_2-britannia-atta-bread.jpg", "combo": []}, {"product_id": "1604829040_9444", "category": "Bakery, Cakes & Dairy", "sub_category_name": "Breads & Buns", "product_name": "Sweet Bread", "product_brand": "Britannia", "img_src": "https://www.bigbasket.com/media/uploads/p/mm/40200525_1-britannia-sweet-bread.jpg", "combo": []}, {"product_id": "1604829041_41124", "category": "Bakery, Cakes & Dairy", "sub_category_name": "Breads & Buns", "product_name": "Atta Kulcha", "product_brand": "Britannia", "img_src": "https://www.bigbasket.com/media/uploads/p/mm/40091810_2-britannia-atta-kulcha.jpg", "combo": []}, {"product_id": "1604829041_39204", "category": "Bakery, Cakes & Dairy", "sub_category_name": "Breads & Buns", "product_name": "Maida Kulcha", "product_brand": "Britannia", "img_src": "https://www.bigbasket.com/media/uploads/p/mm/40091811_2-britannia-maida-kulcha.jpg", "combo": []}, {"product_id": "1604829042_35524", "category": "Bakery, Cakes & Dairy", "sub_category_name": "Breads & Buns", "product_name": "Bun - Burger", "product_brand": "English Oven", "img_src": "https://www.bigbasket.com/media/uploads/p/mm/40111561_2-english-oven-bun-burger.jpg", "combo": []}, {"product_id": "1604829042_71204", "category": "Bakery, Cakes & Dairy", "sub_category_name": "Breads & Buns", "product_name": "Bread - 100% Whole Wheat", "product_brand": "Britannia", "img_src": "https://www.bigbasket.com/media/uploads/p/mm/40062411_2-britannia-bread-100-whole-wheat.jpg", "combo": []}, {"product_id": "1604829043_14564", "category": "Bakery, Cakes & Dairy", "sub_category_name": "Breads & Buns", "product_name": "Bread - Brown", "product_brand": "English Oven", "img_src": "https://www.bigbasket.com/media/uploads/p/mm/70001169_8-english-oven-bread-brown.jpg", "combo": []}, {"product_id": "1604829043_92004", "category": "Bakery, Cakes & Dairy", "sub_category_name": "Breads & Buns", "product_name": "Bread - Sandwich", "product_brand": "English Oven", "img_src": "https://www.bigbasket.com/media/uploads/p/mm/70001172_8-english-oven-bread-sandwich.jpg", "combo": []}, {"product_id": "1604829045_3364", "category": "Bakery, Cakes & Dairy", "sub_category_name": "Breads & Buns", "product_name": "Pizza Base - Whole Wheat, Safe, Preservative Free", "product_brand": "Fresho", "img_src": "https://www.bigbasket.com/media/uploads/p/mm/40037462_2-fresho-pizza-base-whole-wheat-safe-preservative-free.jpg", "combo": []}, {"product_id": "1604829046_81924", "category": "Bakery, Cakes & Dairy", "sub_category_name": "Breads & Buns", "product_name": "Bread - Multigrain", "product_brand": "English Oven", "img_src": "https://www.bigbasket.com/media/uploads/p/mm/70001651_11-english-oven-bread-multigrain.jpg", "combo": []}, {"product_id": "1604829046_964", "category": "Bakery, Cakes & Dairy", "sub_category_name": "Breads & Buns", "product_name": "Bread - Healthy Slice", "product_brand": "Britannia", "img_src": "https://www.bigbasket.com/media/uploads/p/mm/40092247_2-britannia-bread-healthy-slice.jpg", "combo": []}, {"product_id": "1604829047_92004", "category": "Bakery, Cakes & Dairy", "sub_category_name": "Breads & Buns", "product_name": "Atta Bread", "product_brand": "English Oven", "img_src": "https://www.bigbasket.com/media/uploads/p/mm/70001650_3-english-oven-atta-bread.jpg", "combo": []}, {"product_id": "1604829047_40964", "category": "Bakery, Cakes & Dairy", "sub_category_name": "Breads & Buns", "product_name": "Pizza - Base", "product_brand": "English Oven", "img_src": "https://www.bigbasket.com/media/uploads/p/mm/70001664_8-english-oven-pizza-base.jpg", "combo": []}, {"product_id": "1604829048_93764", "category": "Bakery, Cakes & Dairy", "sub_category_name": "Breads & Buns", "product_name": "Wholewheat Masala Pav - Chemical Free", "product_brand": "Fresho", "img_src": "https://www.bigbasket.com/media/uploads/p/mm/40037459_1-fresho-wholewheat-masala-pav-chemical-free.jpg", "combo": []}, {"product_id": "1604829048_62244", "category": "Bakery, Cakes & Dairy", "sub_category_name": "Breads & Buns", "product_name": "Burger Bun", "product_brand": "Britannia", "img_src": "https://www.bigbasket.com/media/uploads/p/mm/40091809_2-britannia-burger-bun.jpg", "combo": []}, {"product_id": "1604829049_80964", "category": "Bakery, Cakes & Dairy", "sub_category_name": "Breads & Buns", "product_name": "OvenOrg Organic Multi Millet Bread", "product_brand": "PRISTINE", "img_src": "https://www.bigbasket.com/media/uploads/p/mm/40129035_7-pristine-ovenorg-organic-multi-millet-bread.jpg", "combo": []}, {"product_id": "1604829049_17284", "category": "Bakery, Cakes & Dairy", "sub_category_name": "Breads & Buns", "product_name": "Multigrain Hot Dog Bun - Safe, Preservative Free", "product_brand": "Fresho", "img_src": "https://www.bigbasket.com/media/uploads/p/mm/40087522_2-fresho-multigrain-hot-dog-bun-safe-preservative-free.jpg", "combo": []}, {"product_id": "1604829050_36164", "category": "Bakery, Cakes & Dairy", "sub_category_name": "Breads & Buns", "product_name": "Whole Wheat Bread - Chemical-Free", "product_brand": "Fresho", "img_src": "https://www.bigbasket.com/media/uploads/p/mm/40160490_1-fresho-whole-wheat-bread-chemical-free.jpg", "combo": []}, {"product_id": "1604829050_10564", "category": "Bakery, Cakes & Dairy", "sub_category_name": "Breads & Buns", "product_name": "Gluten-free Sorghum Sliced Bread", "product_brand": "Bon & Bread", "img_src": "https://www.bigbasket.com/media/uploads/p/mm/40179114_6-bon-bread-gluten-free-sorghum-sliced-bread.jpg", "combo": []}, {"product_id": "1604829051_94404", "category": "Bakery, Cakes & Dairy", "sub_category_name": "Breads & Buns", "product_name": "Gluten Free Multigrain Sliced Bread", "product_brand": "Bon & Bread", "img_src": "https://www.bigbasket.com/media/uploads/p/mm/40172994_3-bon-bread-gluten-free-multigrain-sliced-bread.jpg", "combo": []}, {"product_id": "1604829052_20164", "category": "Bakery, Cakes & Dairy", "sub_category_name": "Breads & Buns", "product_name": "Ragi Sliced Bread", "product_brand": "Bon & Bread", "img_src": "https://www.bigbasket.com/media/uploads/p/mm/40172996_3-bon-bread-ragi-sliced-bread.jpg", "combo": []}, {"product_id": "1604829052_22564", "category": "Bakery, Cakes & Dairy", "sub_category_name": "Breads & Buns", "product_name": "Kulcha", "product_brand": "Fresho", "img_src": "https://www.bigbasket.com/media/uploads/p/mm/40127228_1-fresho-kulcha.jpg", "combo": []}, {"product_id": "1604829053_33284", "category": "Bakery, Cakes & Dairy", "sub_category_name": "Breads & Buns", "product_name": "Premium French Brioche", "product_brand": "Bon & Bread", "img_src": "https://www.bigbasket.com/media/uploads/p/mm/40172999_2-bon-bread-premium-french-brioche.jpg", "combo": []}, {"product_id": "1604829054_72164", "category": "Bakery, Cakes & Dairy", "sub_category_name": "Breads & Buns", "product_name": "Ragi Loaf", "product_brand": "The Baker's Dozen", "img_src": "https://www.bigbasket.com/media/uploads/p/mm/40169964_2-the-bakers-dozen-ragi-loaf.jpg", "combo": []}, {"product_id": "1604829054_4004", "category": "Bakery, Cakes & Dairy", "sub_category_name": "Breads & Buns", "product_name": "Sugar-less Sliced Bread", "product_brand": "Bon & Bread", "img_src": "https://www.bigbasket.com/media/uploads/p/mm/40172995_3-bon-bread-sugar-less-sliced-bread.jpg", "combo": []}, {"product_id": "1604829055_62084", "category": "Bakery, Cakes & Dairy", "sub_category_name": "Breads & Buns", "product_name": "Soya Half Loaf", "product_brand": "Bon & Bread", "img_src": "https://www.bigbasket.com/media/uploads/p/mm/40172998_4-bon-bread-soya-half-loaf.jpg", "combo": []}, {"product_id": "1604829055_2404", "category": "Bakery, Cakes & Dairy", "sub_category_name": "Breads & Buns", "product_name": "Multigrain Loaf - 100% Wholewheat", "product_brand": "The Baker's Dozen", "img_src": "https://www.bigbasket.com/media/uploads/p/mm/40169960_2-the-bakers-dozen-multigrain-loaf-100-wholewheat.jpg", "combo": []}, {"product_id": "1604829056_86084", "category": "Bakery, Cakes & Dairy", "sub_category_name": "Breads & Buns", "product_name": "Wholewheat Sandwich Loaf - 100% Whole Wheat", "product_brand": "The Baker's Dozen", "img_src": "https://www.bigbasket.com/media/uploads/p/mm/40169966_2-the-bakers-dozen-wholewheat-sandwich-loaf-100-whole-wheat.jpg", "combo": []}, {"product_id": "1604829057_40004", "category": "Bakery, Cakes & Dairy", "sub_category_name": "Breads & Buns", "product_name": "Bread - Fruit", "product_brand": "English Oven", "img_src": "https://www.bigbasket.com/media/uploads/p/mm/70001657_8-english-oven-bread-fruit.jpg", "combo": []}, {"product_id": "1604829058_79524", "category": "Bakery, Cakes & Dairy", "sub_category_name": "Breads & Buns", "product_name": "Hot Dog", "product_brand": "English Oven", "img_src": "https://www.bigbasket.com/media/uploads/p/mm/70001663_4-english-oven-hot-dog.jpg", "combo": []}, {"product_id": "1604829058_96804", "category": "Bakery, Cakes & Dairy", "sub_category_name": "Breads & Buns", "product_name": "English Oven Brown Bread 400gm + Kissan Mixed Fruit Jam 100gm", "product_brand": "bb Combo", "img_src": "https://www.bigbasket.com/media/uploads/p/mm/1200504_4-bb-combo-english-oven-brown-bread-400gm-kissan-mixed-fruit-jam-100gm.jpg", "combo": []}, {"product_id": "1604829059_30244", "category": "Bakery, Cakes & Dairy", "sub_category_name": "Breads & Buns", "product_name": "Milk Bread", "product_brand": "Britannia", "img_src": "https://www.bigbasket.com/media/uploads/p/mm/20000005_7-britannia-milk-bread.jpg", "combo": []}, {"product_id": "1604829059_92804", "category": "Bakery, Cakes & Dairy", "sub_category_name": "Breads & Buns", "product_name": "Fruit Bread", "product_brand": "Britannia", "img_src": "https://www.bigbasket.com/media/uploads/p/mm/20001472_2-britannia-fruit-bread.jpg", "combo": []}, {"product_id": "1604829060_97284", "category": "Bakery, Cakes & Dairy", "sub_category_name": "Breads & Buns", "product_name": "Britannia Pav", "product_brand": "Britannia", "img_src": "https://www.bigbasket.com/media/uploads/p/mm/20000008_2-britannia-britannia-pav.jpg", "combo": []}, {"product_id": "1604829061_31364", "category": "Bakery, Cakes & Dairy", "sub_category_name": "Breads & Buns", "product_name": "Brown Bread + Multigrain Bread (Safe, Preservative Free 200 g)", "product_brand": "Fresho", "img_src": "https://www.bigbasket.com/media/uploads/p/mm/1212225_1-fresho-brown-bread-multigrain-bread-safe-preservative-free-200-g.jpg", "combo": []}, {"product_id": "1604829061_18884", "category": "Bakery, Cakes & Dairy", "sub_category_name": "Breads & Buns", "product_name": "Brown Bread + Sandwich Bread (Safe, Preservative Free 200 g)", "product_brand": "Fresho", "img_src": "https://www.bigbasket.com/media/uploads/p/mm/1212226_1-fresho-brown-bread-sandwich-bread-safe-preservative-free-200-g.jpg", "combo": []}, {"product_id": "1604829062_35204", "category": "Bakery, Cakes & Dairy", "sub_category_name": "Breads & Buns", "product_name": "Whole Wheat Bread - Safe, Preservative Free 400 g + Pav 300 g", "product_brand": "Fresho", "img_src": "https://www.bigbasket.com/media/uploads/p/mm/1212194_1-fresho-whole-wheat-bread-safe-preservative-free-400-g-pav-300-g.jpg", "combo": []}, {"product_id": "1604829062_20164", "category": "Bakery, Cakes & Dairy", "sub_category_name": "Breads & Buns", "product_name": "White Sandwich Bread Safe Preservative Free 400g + Burger Buns 150 g (Pack of 2)", "product_brand": "Fresho", "img_src": "https://www.bigbasket.com/media/uploads/p/mm/1212195_1-fresho-white-sandwich-bread-safe-preservative-free-400g-burger-buns-150-g-pack-of-2.jpg", "combo": []}, {"product_id": "1604829063_57124", "category": "Bakery, Cakes & Dairy", "sub_category_name": "Breads & Buns", "product_name": "Whole Wheat Bread 400 g + Fresho Organic Salted Butter 100 g", "product_brand": "Fresho", "img_src": "https://www.bigbasket.com/media/uploads/p/mm/1211969_1-fresho-whole-wheat-bread-400-g-fresho-organic-salted-butter-100-g.jpg", "combo": []}, {"product_id": "1604829064_16804", "category": "Bakery, Cakes & Dairy", "sub_category_name": "Breads & Buns", "product_name": "Jus Amazin Cashew Butter - Salted Caramel 125G + Fresho Multigrain Bread 200G", "product_brand": "bb Combo", "img_src": "https://www.bigbasket.com/media/uploads/p/mm/1205920_2-bb-combo-jus-amazin-cashew-butter-salted-caramel-125g-fresho-multigrain-bread-200g.jpg", "combo": []}, {"product_id": "1604829064_83204", "category": "Bakery, Cakes & Dairy", "sub_category_name": "Breads & Buns", "product_name": "Jus Amazin Peanut Butter - Sweet n Salty 125G + Fresho Multigrain Bread 200G", "product_brand": "bb Combo", "img_src": "https://www.bigbasket.com/media/uploads/p/mm/1205917_2-bb-combo-jus-amazin-peanut-butter-sweet-n-salty-125g-fresho-multigrain-bread-200g.jpg", "combo": []}, {"product_id": "1604829065_58564", "category": "Bakery, Cakes & Dairy", "sub_category_name": "Breads & Buns", "product_name": "Jus Amazin Almond Butter - All Natural 125 gm + Fresho Multigrain Bread 200 gm", "product_brand": "bb Combo", "img_src": "https://www.bigbasket.com/media/uploads/p/mm/1205924_1-bb-combo-jus-amazin-almond-butter-all-natural-125-gm-fresho-multigrain-bread-200-gm.jpg", "combo": []}]