[{"product_id": "1604830079_56964", "category": "Beverages", "sub_category_name": "Water", "product_name": "Mineral Water", "product_brand": "Bisleri", "img_src": "https://www.bigbasket.com/media/uploads/p/s/174367_1-bisleri-mineral-water.jpg", "combo": [["2x5 L", "138.60"], ["5 L", "69.30"]]}, {"product_id": "1604830080_57924", "category": "Beverages", "sub_category_name": "Water", "product_name": "Mineral Water", "product_brand": "Bisleri", "img_src": "https://www.bigbasket.com/media/uploads/p/s/265876_1-bisleri-mineral-water.jpg", "combo": [["2x1 L", "40.00"], ["2x2 L", "60.00"], ["24x500 ml", "240.00"], ["2 L", "30.00"], ["1 L", "20.00"], ["500 ml", "10.00"]]}, {"product_id": "1604830080_4804", "category": "Beverages", "sub_category_name": "Water", "product_name": "Packaged Drinking Water", "product_brand": "Aquafina", "img_src": "https://www.bigbasket.com/media/uploads/p/s/1200138_2-aquafina-packaged-drinking-water.jpg", "combo": [["500 ml", "10.00"], ["1 L", "20.00"], ["2 L", "35.00"], ["12x1 L", "240.00"], ["6x1 L", "120.00"], ["24x500 ml", "240.00"], ["2x1 L", "40.00"]]}, {"product_id": "1604830081_28484", "category": "Beverages", "sub_category_name": "Water", "product_name": "Mineral Water", "product_brand": "Kinley", "img_src": "https://www.bigbasket.com/media/uploads/p/s/204569_2-kinley-mineral-water.jpg", "combo": []}, {"product_id": "1604830082_26404", "category": "Beverages", "sub_category_name": "Water", "product_name": "Mineral Water", "product_brand": "Bisleri", "img_src": "https://www.bigbasket.com/media/uploads/p/s/197348_4-bisleri-mineral-water.jpg", "combo": []}, {"product_id": "1604830082_44484", "category": "Beverages", "sub_category_name": "Water", "product_name": "Drinking Water With Added Minerals", "product_brand": "Kinley", "img_src": "https://www.bigbasket.com/media/uploads/p/s/265686_9-kinley-drinking-water-with-added-minerals.jpg", "combo": [["2 L", "35.00"], ["500 ml", "10.00"], ["1 L", "18.00"], ["2x1 L", "36.00"]]}, {"product_id": "1604830083_85284", "category": "Beverages", "sub_category_name": "Water", "product_name": "Mineral Water", "product_brand": "Bisleri", "img_src": "https://www.bigbasket.com/media/uploads/p/s/197351_4-bisleri-mineral-water.jpg", "combo": []}, {"product_id": "1604830084_2084", "category": "Beverages", "sub_category_name": "Water", "product_name": "Natural Mineral Water", "product_brand": "Himalayan", "img_src": "https://www.bigbasket.com/media/uploads/p/s/253557_6-himalayan-natural-mineral-water.jpg", "combo": [["12x1 L", "780.00"], ["1 L", "65.00"]]}, {"product_id": "1604830085_5924", "category": "Beverages", "sub_category_name": "Water", "product_name": "Natural Mountain Water - Vedica", "product_brand": "Bisleri", "img_src": "https://www.bigbasket.com/media/uploads/p/s/40013621_7-bisleri-natural-mountain-water-vedica.jpg", "combo": [["1 L", "60.00"], ["500 ml", "40.00"]]}, {"product_id": "1604830086_66724", "category": "Beverages", "sub_category_name": "Water", "product_name": "Natural Mineral Water - Imported", "product_brand": "Evian", "img_src": "https://www.bigbasket.com/media/uploads/p/s/234688_2-evian-natural-mineral-water-imported.jpg", "combo": []}, {"product_id": "1604830086_19524", "category": "Beverages", "sub_category_name": "Water", "product_name": "Packaged Drinking Water", "product_brand": "Aquafina", "img_src": "https://www.bigbasket.com/media/uploads/p/s/103235_1-aquafina-packaged-drinking-water.jpg", "combo": []}, {"product_id": "1604830087_67204", "category": "Beverages", "sub_category_name": "Water", "product_name": "Packaged Drinking Water", "product_brand": "Aquafina", "img_src": "https://www.bigbasket.com/media/uploads/p/s/242060_4-aquafina-packaged-drinking-water.jpg", "combo": []}, {"product_id": "1604830088_78724", "category": "Beverages", "sub_category_name": "Water", "product_name": "Packaged Drinking Water", "product_brand": "Aquafina", "img_src": "https://www.bigbasket.com/media/uploads/p/s/103246_2-aquafina-packaged-drinking-water.jpg", "combo": []}]