[{"product_id": "1604989954_75236", "category": "Bakery, Cakes & Dairy", "sub_category_name": "Gourmet Breads", "product_name": "Moonfils Choco Cream", "product_brand": "Bauli", "img_src": "https://www.bigbasket.com/media/uploads/p/s/277882_2-bauli-moonfils-choco-cream.jpg", "combo": []}, {"product_id": "1604989955_68356", "category": "Bakery, Cakes & Dairy", "sub_category_name": "Gourmet Breads", "product_name": "Artisan Bread - Multigrain, Pre Sliced", "product_brand": "Fresho Signature", "img_src": "https://www.bigbasket.com/media/uploads/p/s/40037467_2-fresho-signature-artisan-bread-multigrain-pre-sliced.jpg", "combo": []}, {"product_id": "1604989955_91556", "category": "Bakery, Cakes & Dairy", "sub_category_name": "Gourmet Breads", "product_name": "Moonfils Orange", "product_brand": "Bauli", "img_src": "https://www.bigbasket.com/media/uploads/p/s/277884_5-bauli-moonfils-orange.jpg", "combo": []}, {"product_id": "1604989956_36516", "category": "Bakery, Cakes & Dairy", "sub_category_name": "Gourmet Breads", "product_name": "Critters - Whole Wheat", "product_brand": "Milk Ma", "img_src": "https://www.bigbasket.com/media/uploads/p/s/40111541_2-milk-ma-critters-whole-wheat.jpg", "combo": []}, {"product_id": "1604989957_84996", "category": "Bakery, Cakes & Dairy", "sub_category_name": "Gourmet Breads", "product_name": "Bread - Sour Dough With Olives, Pre Sliced", "product_brand": "Fresho Signature", "img_src": "https://www.bigbasket.com/media/uploads/p/s/40037479_2-fresho-signature-bread-sour-dough-with-olives-pre-sliced.jpg", "combo": []}, {"product_id": "1604989957_26116", "category": "Bakery, Cakes & Dairy", "sub_category_name": "Gourmet Breads", "product_name": "Treat Croissant Vanilla Creme", "product_brand": "Britannia", "img_src": "https://www.bigbasket.com/media/uploads/p/s/40167042_2-britannia-treat-croissant-vanilla-creme.jpg", "combo": []}, {"product_id": "1604989958_49636", "category": "Bakery, Cakes & Dairy", "sub_category_name": "Gourmet Breads", "product_name": "Sesame Bagel - 100% Wholewheat", "product_brand": "The Baker's Dozen", "img_src": "https://www.bigbasket.com/media/uploads/p/s/40169936_2-the-bakers-dozen-sesame-bagel-100-wholewheat.jpg", "combo": []}, {"product_id": "1604989959_52676", "category": "Bakery, Cakes & Dairy", "sub_category_name": "Gourmet Breads", "product_name": "100% Wholewheat Sourdough Fourgrain", "product_brand": "The Baker's Dozen", "img_src": "https://www.bigbasket.com/media/uploads/p/s/40169949_3-the-bakers-dozen-100-wholewheat-sourdough-fourgrain.jpg", "combo": []}, {"product_id": "1604989960_51076", "category": "Bakery, Cakes & Dairy", "sub_category_name": "Gourmet Breads", "product_name": "Croissants - Butter", "product_brand": "Fresho Signature", "img_src": "https://www.bigbasket.com/media/uploads/p/s/40037504_1-fresho-signature-croissants-butter.jpg", "combo": []}, {"product_id": "1604989961_9316", "category": "Bakery, Cakes & Dairy", "sub_category_name": "Gourmet Breads", "product_name": "Croissant - Plain Butter, Mini", "product_brand": "Fresho Signature", "img_src": "https://www.bigbasket.com/media/uploads/p/s/40087521_2-fresho-signature-croissant-plain-butter-mini.jpg", "combo": []}, {"product_id": "1604989961_8036", "category": "Bakery, Cakes & Dairy", "sub_category_name": "Gourmet Breads", "product_name": "Croissant - Chocolate", "product_brand": "Fresho Signature", "img_src": "https://www.bigbasket.com/media/uploads/p/s/40037506_1-fresho-signature-croissant-chocolate.jpg", "combo": []}, {"product_id": "1604989962_1476", "category": "Bakery, Cakes & Dairy", "sub_category_name": "Gourmet Breads", "product_name": "Treat Croissant Cocoa Creme", "product_brand": "Britannia", "img_src": "https://www.bigbasket.com/media/uploads/p/s/40167043_2-britannia-treat-croissant-cocoa-creme.jpg", "combo": []}, {"product_id": "1604989962_51396", "category": "Bakery, Cakes & Dairy", "sub_category_name": "Gourmet Breads", "product_name": "Butter Croissant", "product_brand": "Bon & Bread", "img_src": "https://www.bigbasket.com/media/uploads/p/s/40179113_3-bon-bread-butter-croissant.jpg", "combo": []}, {"product_id": "1604989963_57476", "category": "Bakery, Cakes & Dairy", "sub_category_name": "Gourmet Breads", "product_name": "Pita Bread - Mini", "product_brand": "Fresho Signature", "img_src": "https://www.bigbasket.com/media/uploads/p/s/40037502_2-fresho-signature-pita-bread-mini.jpg", "combo": []}, {"product_id": "1604989965_79556", "category": "Bakery, Cakes & Dairy", "sub_category_name": "Gourmet Breads", "product_name": "Pull-A-Part Cheese Bread", "product_brand": "Fresho Signature", "img_src": "https://www.bigbasket.com/media/uploads/p/s/40037480_2-fresho-signature-pull-a-part-cheese-bread.jpg", "combo": []}, {"product_id": "1604989967_51076", "category": "Bakery, Cakes & Dairy", "sub_category_name": "Gourmet Breads", "product_name": "Bread - Panini", "product_brand": "Fresho Signature", "img_src": "https://www.bigbasket.com/media/uploads/p/s/40037491_2-fresho-signature-bread-panini.jpg", "combo": []}, {"product_id": "1604989968_44356", "category": "Bakery, Cakes & Dairy", "sub_category_name": "Gourmet Breads", "product_name": "Bagel - Plain", "product_brand": "Fresho Signature", "img_src": "https://www.bigbasket.com/media/uploads/p/s/40037503_1-fresho-signature-bagel-plain.jpg", "combo": []}, {"product_id": "1604989969_14276", "category": "Bakery, Cakes & Dairy", "sub_category_name": "Gourmet Breads", "product_name": "Croissant", "product_brand": "The Baker's Dozen", "img_src": "https://www.bigbasket.com/media/uploads/p/s/30007338_3-the-bakers-dozen-croissant.jpg", "combo": []}, {"product_id": "1604989971_63716", "category": "Bakery, Cakes & Dairy", "sub_category_name": "Gourmet Breads", "product_name": "Baguette Bread - Multigrain", "product_brand": "Fresho Signature", "img_src": "https://www.bigbasket.com/media/uploads/p/s/40037468_6-fresho-signature-baguette-bread-multigrain.jpg", "combo": []}, {"product_id": "1604989972_2276", "category": "Bakery, Cakes & Dairy", "sub_category_name": "Gourmet Breads", "product_name": "Pita Bread 100% Wholewheat", "product_brand": "The Baker's Dozen", "img_src": "https://www.bigbasket.com/media/uploads/p/s/40169961_2-the-bakers-dozen-pita-bread-100-wholewheat.jpg", "combo": []}, {"product_id": "1604989973_51236", "category": "Bakery, Cakes & Dairy", "sub_category_name": "Gourmet Breads", "product_name": "Croissants - Cheese", "product_brand": "Fresho Signature", "img_src": "https://www.bigbasket.com/media/uploads/p/mm/40037505_1-fresho-signature-croissants-cheese.jpg", "combo": []}, {"product_id": "1604989974_94436", "category": "Bakery, Cakes & Dairy", "sub_category_name": "Gourmet Breads", "product_name": "Croissant - Cheese & Chilli, Mini", "product_brand": "Fresho Signature", "img_src": "https://www.bigbasket.com/media/uploads/p/mm/40087519_2-fresho-signature-croissant-cheese-chilli-mini.jpg", "combo": []}, {"product_id": "1604989976_57636", "category": "Bakery, Cakes & Dairy", "sub_category_name": "Gourmet Breads", "product_name": "Rye Bread - Pre Sliced", "product_brand": "Fresho Signature", "img_src": "https://www.bigbasket.com/media/uploads/p/mm/40037476_2-fresho-signature-rye-bread-pre-sliced.jpg", "combo": []}, {"product_id": "1604989977_196", "category": "Bakery, Cakes & Dairy", "sub_category_name": "Gourmet Breads", "product_name": "Baguette Bread - Rye", "product_brand": "Fresho Signature", "img_src": "https://www.bigbasket.com/media/uploads/p/mm/40037489_2-fresho-signature-baguette-bread-rye.jpg", "combo": []}, {"product_id": "1604989979_84676", "category": "Bakery, Cakes & Dairy", "sub_category_name": "Gourmet Breads", "product_name": "Danish - Blueberry", "product_brand": "Fresho Signature", "img_src": "https://www.bigbasket.com/media/uploads/p/mm/40087517_2-fresho-signature-danish-blueberry.jpg", "combo": []}, {"product_id": "1604989980_44036", "category": "Bakery, Cakes & Dairy", "sub_category_name": "Gourmet Breads", "product_name": "Danish - Tutty Frutty", "product_brand": "Fresho Signature", "img_src": "https://www.bigbasket.com/media/uploads/p/mm/40087516_13-fresho-signature-danish-tutty-frutty.jpg", "combo": []}, {"product_id": "1604989981_37316", "category": "Bakery, Cakes & Dairy", "sub_category_name": "Gourmet Breads", "product_name": "Pain Au Chocolat Chocolate Croissant", "product_brand": "The Baker's Dozen", "img_src": "https://www.bigbasket.com/media/uploads/p/mm/30007339_3-the-bakers-dozen-pain-au-chocolat-chocolate-croissant.jpg", "combo": []}, {"product_id": "1604989982_90596", "category": "Bakery, Cakes & Dairy", "sub_category_name": "Gourmet Breads", "product_name": "Cheese Bagel", "product_brand": "Fresho Signature", "img_src": "https://www.bigbasket.com/media/uploads/p/mm/40021441_3-fresho-signature-cheese-bagel.jpg", "combo": []}, {"product_id": "1604989983_96356", "category": "Bakery, Cakes & Dairy", "sub_category_name": "Gourmet Breads", "product_name": "Focaccia Bread - Olives", "product_brand": "Fresho Signature", "img_src": "https://www.bigbasket.com/media/uploads/p/mm/40037486_2-fresho-signature-focaccia-bread-olives.jpg", "combo": []}, {"product_id": "1604989984_59556", "category": "Bakery, Cakes & Dairy", "sub_category_name": "Gourmet Breads", "product_name": "Focaccia Bread - Onion", "product_brand": "Fresho Signature", "img_src": "https://www.bigbasket.com/media/uploads/p/mm/40037487_2-fresho-signature-focaccia-bread-onion.jpg", "combo": []}, {"product_id": "1604989984_2916", "category": "Bakery, Cakes & Dairy", "sub_category_name": "Gourmet Breads", "product_name": "Danish - Strawberry", "product_brand": "Fresho Signature", "img_src": "https://www.bigbasket.com/media/uploads/p/mm/40087514_2-fresho-signature-danish-strawberry.jpg", "combo": []}, {"product_id": "1604989985_15236", "category": "Bakery, Cakes & Dairy", "sub_category_name": "Gourmet Breads", "product_name": "Danish - Cheese Pineapple", "product_brand": "Fresho Signature", "img_src": "https://www.bigbasket.com/media/uploads/p/mm/40087515_2-fresho-signature-danish-cheese-pineapple.jpg", "combo": []}, {"product_id": "1604989987_90276", "category": "Bakery, Cakes & Dairy", "sub_category_name": "Gourmet Breads", "product_name": "Baked Chilli Garlic Pita Bread Crisps", "product_brand": "Wingreens Farms", "img_src": "https://www.bigbasket.com/media/uploads/p/mm/30010746_4-wingreens-farms-baked-chilli-garlic-pita-bread-crisps.jpg", "combo": []}, {"product_id": "1604989988_56356", "category": "Bakery, Cakes & Dairy", "sub_category_name": "Gourmet Breads", "product_name": "Corn Bread - Pre-Sliced", "product_brand": "Fresho Signature", "img_src": "https://www.bigbasket.com/media/uploads/p/mm/40037478_2-fresho-signature-corn-bread-pre-sliced.jpg", "combo": []}, {"product_id": "1604989988_1316", "category": "Bakery, Cakes & Dairy", "sub_category_name": "Gourmet Breads", "product_name": "Artisan Herb Bread - Pre-Sliced", "product_brand": "Fresho Signature", "img_src": "https://www.bigbasket.com/media/uploads/p/mm/40037472_2-fresho-signature-artisan-herb-bread-pre-sliced.jpg", "combo": []}, {"product_id": "1604989989_70916", "category": "Bakery, Cakes & Dairy", "sub_category_name": "Gourmet Breads", "product_name": "Croissant - Butter With Hazelnut Spread", "product_brand": "Fresho Signature", "img_src": "https://www.bigbasket.com/media/uploads/p/mm/40087518_13-fresho-signature-croissant-butter-with-hazelnut-spread.jpg", "combo": []}, {"product_id": "1604989990_88196", "category": "Bakery, Cakes & Dairy", "sub_category_name": "Gourmet Breads", "product_name": "Plain Ciabatta", "product_brand": "Fresho Signature", "img_src": "https://www.bigbasket.com/media/uploads/p/mm/40037477_2-fresho-signature-plain-ciabatta.jpg", "combo": []}, {"product_id": "1604989990_95396", "category": "Bakery, Cakes & Dairy", "sub_category_name": "Gourmet Breads", "product_name": "Baked Multigrain Flatbread", "product_brand": "Wingreens Farms", "img_src": "https://www.bigbasket.com/media/uploads/p/mm/30010748_4-wingreens-farms-baked-multigrain-flatbread.jpg", "combo": []}, {"product_id": "1604989991_79876", "category": "Bakery, Cakes & Dairy", "sub_category_name": "Gourmet Breads", "product_name": "Treat Croissant Cocoa Creme", "product_brand": "Britannia", "img_src": "https://www.bigbasket.com/media/uploads/p/mm/40167044_2-britannia-treat-croissant-cocoa-creme.jpg", "combo": []}]