[{"product_id": "1605015881_10724", "category": "Eggs, Meat & Fish", "sub_category_name": "Marinades", "product_name": "Curry Cut W/O Fiery Red Marinade", "product_brand": "Fresho", "img_src": "https://www.bigbasket.com/media/uploads/p/s/40177560_4-fresho-curry-cut-wo-fiery-red-marinade.jpg", "combo": []}, {"product_id": "1605015897_26724", "category": "Eggs, Meat & Fish", "sub_category_name": "Marinades", "product_name": "Tikka - Chicken, Malai, Boneless, Breast", "product_brand": "Fresho", "img_src": "https://www.bigbasket.com/media/uploads/p/s/40125510_1-fresho-tikka-chicken-malai-boneless-breast.jpg", "combo": []}, {"product_id": "1605015897_64964", "category": "Eggs, Meat & Fish", "sub_category_name": "Marinades", "product_name": "Tikka - Chicken, Boneless, Breast", "product_brand": "Fresho", "img_src": "https://www.bigbasket.com/media/uploads/p/s/40125526_1-fresho-tikka-chicken-boneless-breast.jpg", "combo": []}, {"product_id": "1605015898_5604", "category": "Eggs, Meat & Fish", "sub_category_name": "Marinades", "product_name": "Kalmi - Chicken, Drumsticks", "product_brand": "Fresho", "img_src": "https://www.bigbasket.com/media/uploads/p/s/40125527_1-fresho-kalmi-chicken-drumsticks.jpg", "combo": []}, {"product_id": "1605015899_2724", "category": "Eggs, Meat & Fish", "sub_category_name": "Marinades", "product_name": "Drumsticks Hariyali Marinade", "product_brand": "Fresho", "img_src": "https://www.bigbasket.com/media/uploads/p/s/40177552_3-fresho-drumsticks-hariyali-marinade.jpg", "combo": []}]