[{"product_id": "1604990315_71524", "category": "Bakery, Cakes & Dairy", "sub_category_name": "Cakes & Pastries", "product_name": "Fruit Tea Cake", "product_brand": "Fresho Signature", "img_src": "https://www.bigbasket.com/media/uploads/p/s/40037482_3-fresho-signature-fruit-tea-cake.jpg", "combo": []}, {"product_id": "1604990316_75364", "category": "Bakery, Cakes & Dairy", "sub_category_name": "Cakes & Pastries", "product_name": "Tea Cake - Banana Walnut", "product_brand": "Fresho Signature", "img_src": "https://www.bigbasket.com/media/uploads/p/s/40037484_4-fresho-signature-tea-cake-banana-walnut.jpg", "combo": []}, {"product_id": "1604990317_65284", "category": "Bakery, Cakes & Dairy", "sub_category_name": "Cakes & Pastries", "product_name": "Gobbles Fruity Fun Cake", "product_brand": "Britannia", "img_src": "https://www.bigbasket.com/media/uploads/p/s/40009983_13-britannia-gobbles-fruity-fun-cake.jpg", "combo": [["3x60 g", "40.50"], ["55 g", "13.50"], ["120 g", "25.50"]]}, {"product_id": "1604990319_90564", "category": "Bakery, Cakes & Dairy", "sub_category_name": "Cakes & Pastries", "product_name": "Marble Tea Cake", "product_brand": "Fresho Signature", "img_src": "https://www.bigbasket.com/media/uploads/p/s/40037481_3-fresho-signature-marble-tea-cake.jpg", "combo": []}, {"product_id": "1604990320_91684", "category": "Bakery, Cakes & Dairy", "sub_category_name": "Cakes & Pastries", "product_name": "Choco Chip Tea Cake", "product_brand": "Fresho Signature", "img_src": "https://www.bigbasket.com/media/uploads/p/s/40037483_3-fresho-signature-choco-chip-tea-cake.jpg", "combo": []}, {"product_id": "1604990322_72804", "category": "Bakery, Cakes & Dairy", "sub_category_name": "Cakes & Pastries", "product_name": "Muffin/Cup Cake - Choco Chip", "product_brand": "Fresho Signature", "img_src": "https://www.bigbasket.com/media/uploads/p/s/40037495_2-fresho-signature-muffincup-cake-choco-chip.jpg", "combo": []}, {"product_id": "1604990323_66084", "category": "Bakery, Cakes & Dairy", "sub_category_name": "Cakes & Pastries", "product_name": "Gobbles Choco Chill Cake", "product_brand": "Britannia", "img_src": "https://www.bigbasket.com/media/uploads/p/s/259985_15-britannia-gobbles-choco-chill-cake.jpg", "combo": [["55 g", "13.50"], ["120 g", "27.00"]]}, {"product_id": "1604990324_40644", "category": "Bakery, Cakes & Dairy", "sub_category_name": "Cakes & Pastries", "product_name": "Gobbles Pineapple Plunge Cake", "product_brand": "Britannia", "img_src": "https://www.bigbasket.com/media/uploads/p/s/259991_15-britannia-gobbles-pineapple-plunge-cake.jpg", "combo": []}, {"product_id": "1604990325_37764", "category": "Bakery, Cakes & Dairy", "sub_category_name": "Cakes & Pastries", "product_name": "Moonfils - Vanilla", "product_brand": "Bauli", "img_src": "https://www.bigbasket.com/media/uploads/p/s/40119175_2-bauli-moonfils-vanilla.jpg", "combo": []}, {"product_id": "1604990325_51364", "category": "Bakery, Cakes & Dairy", "sub_category_name": "Cakes & Pastries", "product_name": "Tea Cake - Caramel", "product_brand": "Fresho Signature", "img_src": "https://www.bigbasket.com/media/uploads/p/s/40037485_3-fresho-signature-tea-cake-caramel.jpg", "combo": []}, {"product_id": "1604990326_23524", "category": "Bakery, Cakes & Dairy", "sub_category_name": "Cakes & Pastries", "product_name": "Tea Cake - Blueberry Crumble", "product_brand": "Fresho Signature", "img_src": "https://www.bigbasket.com/media/uploads/p/s/40037490_3-fresho-signature-tea-cake-blueberry-crumble.jpg", "combo": []}, {"product_id": "1604990327_77604", "category": "Bakery, Cakes & Dairy", "sub_category_name": "Cakes & Pastries", "product_name": "Chocolate Roll - Swiss, Mini", "product_brand": "Winkies", "img_src": "https://www.bigbasket.com/media/uploads/p/s/40134923_3-winkies-chocolate-roll-swiss-mini.jpg", "combo": []}, {"product_id": "1604990328_21924", "category": "Bakery, Cakes & Dairy", "sub_category_name": "Cakes & Pastries", "product_name": "Cake - Rich Butter Fruit Cake", "product_brand": "Winkies", "img_src": "https://www.bigbasket.com/media/uploads/p/s/40095075_2-winkies-cake-rich-butter-fruit-cake.jpg", "combo": []}, {"product_id": "1604990328_75844", "category": "Bakery, Cakes & Dairy", "sub_category_name": "Cakes & Pastries", "product_name": "Fruit Cake", "product_brand": "Britannia", "img_src": "https://www.bigbasket.com/media/uploads/p/s/40197239_1-britannia-fruit-cake.jpg", "combo": []}, {"product_id": "1604990329_88484", "category": "Bakery, Cakes & Dairy", "sub_category_name": "Cakes & Pastries", "product_name": "Layer Cake - Chocolate", "product_brand": "Winkies", "img_src": "https://www.bigbasket.com/media/uploads/p/s/40018011_4-winkies-layer-cake-chocolate.jpg", "combo": []}, {"product_id": "1604990330_26244", "category": "Bakery, Cakes & Dairy", "sub_category_name": "Cakes & Pastries", "product_name": "Brownie Bar - Choco Chip", "product_brand": "Gooey & Fluffy", "img_src": "https://www.bigbasket.com/media/uploads/p/s/40200400_1-gooey-fluffy-brownie-bar-choco-chip.jpg", "combo": []}, {"product_id": "1604990332_70884", "category": "Bakery, Cakes & Dairy", "sub_category_name": "Cakes & Pastries", "product_name": "Centre Filled Cup Cake - with Vanilla Cream", "product_brand": "Winkies", "img_src": "https://www.bigbasket.com/media/uploads/p/s/40103027_2-winkies-centre-filled-cup-cake-with-vanilla-cream.jpg", "combo": []}, {"product_id": "1604990332_94404", "category": "Bakery, Cakes & Dairy", "sub_category_name": "Cakes & Pastries", "product_name": "Bar Cake - Chocolate", "product_brand": "Elite", "img_src": "https://www.bigbasket.com/media/uploads/p/s/30007637_3-elite-bar-cake-chocolate.jpg", "combo": [["35 g", "10.00"], ["120 g", "30.00"]]}, {"product_id": "1604990333_52804", "category": "Bakery, Cakes & Dairy", "sub_category_name": "Cakes & Pastries", "product_name": "Gobbles Orange Bites Cake", "product_brand": "Britannia", "img_src": "https://www.bigbasket.com/media/uploads/p/s/259990_18-britannia-gobbles-orange-bites-cake.jpg", "combo": []}, {"product_id": "1604990333_34244", "category": "Bakery, Cakes & Dairy", "sub_category_name": "Cakes & Pastries", "product_name": "Muffins/Cup Cake - Assorted", "product_brand": "Fresho Signature", "img_src": "https://www.bigbasket.com/media/uploads/p/s/40037498_2-fresho-signature-muffinscup-cake-assorted.jpg", "combo": []}, {"product_id": "1604990334_804", "category": "Bakery, Cakes & Dairy", "sub_category_name": "Cakes & Pastries", "product_name": "Muffin/Cup Cake - Vanilla", "product_brand": "Fresho Signature", "img_src": "https://www.bigbasket.com/media/uploads/p/mm/40037499_2-fresho-signature-muffincup-cake-vanilla.jpg", "combo": []}, {"product_id": "1604990335_33124", "category": "Bakery, Cakes & Dairy", "sub_category_name": "Cakes & Pastries", "product_name": "Muffin/Cup Cake - Blueberry", "product_brand": "Fresho Signature", "img_src": "https://www.bigbasket.com/media/uploads/p/mm/40037501_2-fresho-signature-muffincup-cake-blueberry.jpg", "combo": []}, {"product_id": "1604990335_29924", "category": "Bakery, Cakes & Dairy", "sub_category_name": "Cakes & Pastries", "product_name": "Cakes - Pineapple 55 g + Fruity Fun 55 g + Orange Bites 55 g + Choco Chill 55 g", "product_brand": "Britannia", "img_src": "https://www.bigbasket.com/media/uploads/p/mm/1201333_2-britannia-cakes-pineapple-55-g-fruity-fun-55-g-orange-bites-55-g-choco-chill-55-g.jpg", "combo": []}, {"product_id": "1604990336_10564", "category": "Bakery, Cakes & Dairy", "sub_category_name": "Cakes & Pastries", "product_name": "Butter Cake", "product_brand": "Britannia", "img_src": "https://www.bigbasket.com/media/uploads/p/mm/259993_7-britannia-butter-cake.jpg", "combo": []}, {"product_id": "1604990336_17444", "category": "Bakery, Cakes & Dairy", "sub_category_name": "Cakes & Pastries", "product_name": "Moonfils - Strawberry", "product_brand": "Bauli", "img_src": "https://www.bigbasket.com/media/uploads/p/mm/40119176_1-bauli-moonfils-strawberry.jpg", "combo": []}, {"product_id": "1604990337_72484", "category": "Bakery, Cakes & Dairy", "sub_category_name": "Cakes & Pastries", "product_name": "Moonfils Veg - Choco", "product_brand": "Bauli", "img_src": "https://www.bigbasket.com/media/uploads/p/mm/40124630_1-bauli-moonfils-veg-choco.jpg", "combo": []}, {"product_id": "1604990338_76324", "category": "Bakery, Cakes & Dairy", "sub_category_name": "Cakes & Pastries", "product_name": "Bar Cake - Vanilla", "product_brand": "Elite", "img_src": "https://www.bigbasket.com/media/uploads/p/mm/30007638_5-elite-bar-cake-vanilla.jpg", "combo": [["35 g", "10.00"], ["120 g", "30.00"]]}, {"product_id": "1604990339_78884", "category": "Bakery, Cakes & Dairy", "sub_category_name": "Cakes & Pastries", "product_name": "Milk Cake", "product_brand": "Britannia", "img_src": "https://www.bigbasket.com/media/uploads/p/mm/259978_17-britannia-milk-cake.jpg", "combo": []}, {"product_id": "1604990341_83204", "category": "Bakery, Cakes & Dairy", "sub_category_name": "Cakes & Pastries", "product_name": "Moonfils Veg - Strawberry", "product_brand": "Bauli", "img_src": "https://www.bigbasket.com/media/uploads/p/mm/40124631_2-bauli-moonfils-veg-strawberry.jpg", "combo": []}, {"product_id": "1604990341_47204", "category": "Bakery, Cakes & Dairy", "sub_category_name": "Cakes & Pastries", "product_name": "Dreams Cup Cake - Choco", "product_brand": "Elite", "img_src": "https://www.bigbasket.com/media/uploads/p/mm/40052061_2-elite-dreams-cup-cake-choco.jpg", "combo": []}, {"product_id": "1604990343_68324", "category": "Bakery, Cakes & Dairy", "sub_category_name": "Cakes & Pastries", "product_name": "Dreams Cup Cake - Butter", "product_brand": "Elite", "img_src": "https://www.bigbasket.com/media/uploads/p/mm/40052062_3-elite-dreams-cup-cake-butter.jpg", "combo": []}, {"product_id": "1604990344_98404", "category": "Bakery, Cakes & Dairy", "sub_category_name": "Cakes & Pastries", "product_name": "Dreams Cup Cake - Chocolate", "product_brand": "Elite", "img_src": "https://www.bigbasket.com/media/uploads/p/mm/30007645_4-elite-dreams-cup-cake-chocolate.jpg", "combo": []}, {"product_id": "1604990344_48004", "category": "Bakery, Cakes & Dairy", "sub_category_name": "Cakes & Pastries", "product_name": "Spyroll", "product_brand": "Bauli", "img_src": "https://www.bigbasket.com/media/uploads/p/mm/40158399_3-bauli-spyroll.jpg", "combo": []}, {"product_id": "1604990345_35364", "category": "Bakery, Cakes & Dairy", "sub_category_name": "Cakes & Pastries", "product_name": "Swiss Roll - Chocolate", "product_brand": "Winkies", "img_src": "https://www.bigbasket.com/media/uploads/p/mm/40018008_3-winkies-swiss-roll-chocolate.jpg", "combo": []}, {"product_id": "1604990346_52804", "category": "Bakery, Cakes & Dairy", "sub_category_name": "Cakes & Pastries", "product_name": "Swiss Roll - Cream & Real Strawberry Jam", "product_brand": "Winkies", "img_src": "https://www.bigbasket.com/media/uploads/p/mm/40016957_3-winkies-swiss-roll-cream-real-strawberry-jam.jpg", "combo": []}, {"product_id": "1604990346_88804", "category": "Bakery, Cakes & Dairy", "sub_category_name": "Cakes & Pastries", "product_name": "Cake Roll Yo! Strawberry Swiss Roll", "product_brand": "Britannia", "img_src": "https://www.bigbasket.com/media/uploads/p/mm/40168237_6-britannia-cake-roll-yo-strawberry-swiss-roll.jpg", "combo": []}, {"product_id": "1604990347_12164", "category": "Bakery, Cakes & Dairy", "sub_category_name": "Cakes & Pastries", "product_name": "Bar Cake - Pineapple", "product_brand": "Elite", "img_src": "https://www.bigbasket.com/media/uploads/p/mm/30007640_5-elite-bar-cake-pineapple.jpg", "combo": []}, {"product_id": "1604990347_34084", "category": "Bakery, Cakes & Dairy", "sub_category_name": "Cakes & Pastries", "product_name": "Cake - Chocolate Cake Slice", "product_brand": "Winkies", "img_src": "https://www.bigbasket.com/media/uploads/p/mm/40058835_4-winkies-cake-chocolate-cake-slice.jpg", "combo": []}, {"product_id": "1604990348_68484", "category": "Bakery, Cakes & Dairy", "sub_category_name": "Cakes & Pastries", "product_name": "Marble Slice Cake", "product_brand": "Winkies", "img_src": "https://www.bigbasket.com/media/uploads/p/mm/40018009_3-winkies-marble-slice-cake.jpg", "combo": []}, {"product_id": "1604990348_64324", "category": "Bakery, Cakes & Dairy", "sub_category_name": "Cakes & Pastries", "product_name": "Pineapple Flavoured Tooti Frooti", "product_brand": "Elite", "img_src": "https://www.bigbasket.com/media/uploads/p/mm/30007642_2-elite-pineapple-flavoured-tooti-frooti.jpg", "combo": []}, {"product_id": "1604990349_68644", "category": "Bakery, Cakes & Dairy", "sub_category_name": "Cakes & Pastries", "product_name": "Cup Cake", "product_brand": "Milk Ma", "img_src": "https://www.bigbasket.com/media/uploads/p/mm/40111549_2-milk-ma-cup-cake.jpg", "combo": []}, {"product_id": "1604990350_4004", "category": "Bakery, Cakes & Dairy", "sub_category_name": "Cakes & Pastries", "product_name": "Orange Flavoured Tooti Frooti", "product_brand": "Elite", "img_src": "https://www.bigbasket.com/media/uploads/p/mm/30007641_2-elite-orange-flavoured-tooti-frooti.jpg", "combo": []}, {"product_id": "1604990350_2724", "category": "Bakery, Cakes & Dairy", "sub_category_name": "Cakes & Pastries", "product_name": "Banana Walnut Cake - 100% Wholewheat", "product_brand": "The Baker's Dozen", "img_src": "https://www.bigbasket.com/media/uploads/p/mm/40169940_2-the-bakers-dozen-banana-walnut-cake-100-wholewheat.jpg", "combo": []}, {"product_id": "1604990351_66724", "category": "Bakery, Cakes & Dairy", "sub_category_name": "Cakes & Pastries", "product_name": "Yum Yum - Vanilla Cake", "product_brand": "Milk Ma", "img_src": "https://www.bigbasket.com/media/uploads/p/mm/40111551_3-milk-ma-yum-yum-vanilla-cake.jpg", "combo": [["75 g", "20.00"], ["150 g", "30.00"]]}, {"product_id": "1604990352_42564", "category": "Bakery, Cakes & Dairy", "sub_category_name": "Cakes & Pastries", "product_name": "English Tea Cake", "product_brand": "Winkies", "img_src": "https://www.bigbasket.com/media/uploads/p/mm/40018010_2-winkies-english-tea-cake.jpg", "combo": []}, {"product_id": "1604990352_30244", "category": "Bakery, Cakes & Dairy", "sub_category_name": "Cakes & Pastries", "product_name": "Honey Oats & Raisin Muffins", "product_brand": "Fresho Signature", "img_src": "https://www.bigbasket.com/media/uploads/p/mm/40174339_6-fresho-signature-honey-oats-raisin-muffins.jpg", "combo": []}, {"product_id": "1604990353_81764", "category": "Bakery, Cakes & Dairy", "sub_category_name": "Cakes & Pastries", "product_name": "Cup Cake - Chocolate", "product_brand": "Milk Ma", "img_src": "https://www.bigbasket.com/media/uploads/p/mm/40111550_1-milk-ma-cup-cake-chocolate.jpg", "combo": []}, {"product_id": "1604990354_41124", "category": "Bakery, Cakes & Dairy", "sub_category_name": "Cakes & Pastries", "product_name": "Cake - Organic Jaggery Banana Walnut, Sugarfree, Whole Wheat, Eggless", "product_brand": "BHealthy", "img_src": "https://www.bigbasket.com/media/uploads/p/mm/40122989_1-bhealthy-cake-organic-jaggery-banana-walnut-sugarfree-whole-wheat-eggless.jpg", "combo": []}, {"product_id": "1604990355_20644", "category": "Bakery, Cakes & Dairy", "sub_category_name": "Cakes & Pastries", "product_name": "Banana Bread - 100% Wholewheat", "product_brand": "The Baker's Dozen", "img_src": "https://www.bigbasket.com/media/uploads/p/mm/40169938_2-the-bakers-dozen-banana-bread-100-wholewheat.jpg", "combo": []}, {"product_id": "1604990356_50884", "category": "Bakery, Cakes & Dairy", "sub_category_name": "Cakes & Pastries", "product_name": "Banana Walnut Cake - 100% Wholewheat", "product_brand": "The Baker's Dozen", "img_src": "https://www.bigbasket.com/media/uploads/p/mm/40169941_4-the-bakers-dozen-banana-walnut-cake-100-wholewheat.jpg", "combo": []}, {"product_id": "1604990356_56804", "category": "Bakery, Cakes & Dairy", "sub_category_name": "Cakes & Pastries", "product_name": "Spyroll", "product_brand": "Bauli", "img_src": "https://www.bigbasket.com/media/uploads/p/mm/40158400_2-bauli-spyroll.jpg", "combo": []}, {"product_id": "1604990357_55844", "category": "Bakery, Cakes & Dairy", "sub_category_name": "Cakes & Pastries", "product_name": "Dates & Walnut Muffins", "product_brand": "Fresho Signature", "img_src": "https://www.bigbasket.com/media/uploads/p/mm/40174341_4-fresho-signature-dates-walnut-muffins.jpg", "combo": []}, {"product_id": "1604990358_47524", "category": "Bakery, Cakes & Dairy", "sub_category_name": "Cakes & Pastries", "product_name": "Mawa Cake - Organic Jaggery, Wholewheat, Eggless, Sugarfree", "product_brand": "BHealthy", "img_src": "https://www.bigbasket.com/media/uploads/p/mm/40129175_1-bhealthy-mawa-cake-organic-jaggery-wholewheat-eggless-sugarfree.jpg", "combo": []}, {"product_id": "1604990358_48644", "category": "Bakery, Cakes & Dairy", "sub_category_name": "Cakes & Pastries", "product_name": "Yum Yum - Pineapple Cake", "product_brand": "Milk Ma", "img_src": "https://www.bigbasket.com/media/uploads/p/mm/40111552_4-milk-ma-yum-yum-pineapple-cake.jpg", "combo": []}, {"product_id": "1604990359_37444", "category": "Bakery, Cakes & Dairy", "sub_category_name": "Cakes & Pastries", "product_name": "Whole Wheat Cake - Jaggery Walnut, Eggless", "product_brand": "BHealthy", "img_src": "https://www.bigbasket.com/media/uploads/p/mm/800162185_2-bhealthy-whole-wheat-cake-jaggery-walnut-eggless.jpg", "combo": []}, {"product_id": "1604990359_1924", "category": "Bakery, Cakes & Dairy", "sub_category_name": "Cakes & Pastries", "product_name": "Yum Yum - Butter Scotch", "product_brand": "Milk Ma", "img_src": "https://www.bigbasket.com/media/uploads/p/mm/40111556_3-milk-ma-yum-yum-butter-scotch.jpg", "combo": []}, {"product_id": "1604990360_23684", "category": "Bakery, Cakes & Dairy", "sub_category_name": "Cakes & Pastries", "product_name": "Cake - Vanilla Tutti Frutti, Whole Wheat (Eggless)", "product_brand": "BHealthy", "img_src": "https://www.bigbasket.com/media/uploads/p/mm/800185192_2-bhealthy-cake-vanilla-tutti-frutti-whole-wheat-eggless.jpg", "combo": []}, {"product_id": "1604990361_60804", "category": "Bakery, Cakes & Dairy", "sub_category_name": "Cakes & Pastries", "product_name": "Cake - Banana Walnut", "product_brand": "BHealthy", "img_src": "https://www.bigbasket.com/media/uploads/p/mm/40110133_1-bhealthy-cake-banana-walnut.jpg", "combo": []}, {"product_id": "1604990361_28164", "category": "Bakery, Cakes & Dairy", "sub_category_name": "Cakes & Pastries", "product_name": "Banana Bread - 100% Wholewheat", "product_brand": "The Baker's Dozen", "img_src": "https://www.bigbasket.com/media/uploads/p/mm/40169939_2-the-bakers-dozen-banana-bread-100-wholewheat.jpg", "combo": []}, {"product_id": "1604990362_44804", "category": "Bakery, Cakes & Dairy", "sub_category_name": "Cakes & Pastries", "product_name": "Vanilla Almond Cake", "product_brand": "The Baker's Dozen", "img_src": "https://www.bigbasket.com/media/uploads/p/mm/40169944_3-the-bakers-dozen-vanilla-almond-cake.jpg", "combo": []}, {"product_id": "1604990363_88164", "category": "Bakery, Cakes & Dairy", "sub_category_name": "Cakes & Pastries", "product_name": "Multigrain Muffins", "product_brand": "Fresho Signature", "img_src": "https://www.bigbasket.com/media/uploads/p/mm/40174342_10-fresho-signature-multigrain-muffins.jpg", "combo": []}, {"product_id": "1604990363_40804", "category": "Bakery, Cakes & Dairy", "sub_category_name": "Cakes & Pastries", "product_name": "Yum Yum - Chocolate Cake", "product_brand": "Milk Ma", "img_src": "https://www.bigbasket.com/media/uploads/p/mm/40111554_2-milk-ma-yum-yum-chocolate-cake.jpg", "combo": []}, {"product_id": "1604990364_47364", "category": "Bakery, Cakes & Dairy", "sub_category_name": "Cakes & Pastries", "product_name": "Banana Oats & Cranberry Muffins", "product_brand": "Fresho Signature", "img_src": "https://www.bigbasket.com/media/uploads/p/mm/40174340_5-fresho-signature-banana-oats-cranberry-muffins.jpg", "combo": []}, {"product_id": "1604990365_68484", "category": "Bakery, Cakes & Dairy", "sub_category_name": "Cakes & Pastries", "product_name": "Oats Carrot Cake - Organic Jaggery, Wholewheat, Eggless, Sugarfree", "product_brand": "BHealthy", "img_src": "https://www.bigbasket.com/media/uploads/p/mm/40129167_1-bhealthy-oats-carrot-cake-organic-jaggery-wholewheat-eggless-sugarfree.jpg", "combo": []}, {"product_id": "1604990365_82724", "category": "Bakery, Cakes & Dairy", "sub_category_name": "Cakes & Pastries", "product_name": "Cake - Ultimate Chocolate, Whole Wheat Eggless", "product_brand": "BHealthy", "img_src": "https://www.bigbasket.com/media/uploads/p/mm/40091062_1-bhealthy-cake-ultimate-chocolate-whole-wheat-eggless.jpg", "combo": []}, {"product_id": "1604990367_76964", "category": "Bakery, Cakes & Dairy", "sub_category_name": "Cakes & Pastries", "product_name": "Whole Wheat Cake - Jaggery Walnut, Eggless", "product_brand": "BHealthy", "img_src": "https://www.bigbasket.com/media/uploads/p/mm/800162179_2-bhealthy-whole-wheat-cake-jaggery-walnut-eggless.jpg", "combo": []}, {"product_id": "1604990368_82724", "category": "Bakery, Cakes & Dairy", "sub_category_name": "Cakes & Pastries", "product_name": "Vanilla Pound Cake", "product_brand": "The Baker's Dozen", "img_src": "https://www.bigbasket.com/media/uploads/p/mm/40169963_4-the-bakers-dozen-vanilla-pound-cake.jpg", "combo": []}, {"product_id": "1604990368_48964", "category": "Bakery, Cakes & Dairy", "sub_category_name": "Cakes & Pastries", "product_name": "Blueberry Cheese Cake", "product_brand": "Fresho Signature", "img_src": "https://www.bigbasket.com/media/uploads/p/mm/40181382_4-fresho-signature-blueberry-cheese-cake.jpg", "combo": []}, {"product_id": "1604990369_33284", "category": "Bakery, Cakes & Dairy", "sub_category_name": "Cakes & Pastries", "product_name": "Red Velvet Cake", "product_brand": "The Baker's Dozen", "img_src": "https://www.bigbasket.com/media/uploads/p/mm/40169965_3-the-bakers-dozen-red-velvet-cake.jpg", "combo": []}, {"product_id": "1604990369_97124", "category": "Bakery, Cakes & Dairy", "sub_category_name": "Cakes & Pastries", "product_name": "Cake - Dates Walnut, Whole Wheat Eggless", "product_brand": "BHealthy", "img_src": "https://www.bigbasket.com/media/uploads/p/mm/40091066_1-bhealthy-cake-dates-walnut-whole-wheat-eggless.jpg", "combo": []}, {"product_id": "1604990370_79204", "category": "Bakery, Cakes & Dairy", "sub_category_name": "Cakes & Pastries", "product_name": "Vegan Banana Walnut Cake", "product_brand": "BHealthy", "img_src": "https://www.bigbasket.com/media/uploads/p/mm/40155856_1-bhealthy-vegan-banana-walnut-cake.jpg", "combo": []}, {"product_id": "1604990370_84004", "category": "Bakery, Cakes & Dairy", "sub_category_name": "Cakes & Pastries", "product_name": "Cake - Carrot", "product_brand": "BHealthy", "img_src": "https://www.bigbasket.com/media/uploads/p/mm/40110135_1-bhealthy-cake-carrot.jpg", "combo": []}, {"product_id": "1604990371_2724", "category": "Bakery, Cakes & Dairy", "sub_category_name": "Cakes & Pastries", "product_name": "Carrot Walnut Cake - 100% Wholewheat", "product_brand": "The Baker's Dozen", "img_src": "https://www.bigbasket.com/media/uploads/p/mm/40169943_2-the-bakers-dozen-carrot-walnut-cake-100-wholewheat.jpg", "combo": []}, {"product_id": "1604990372_68484", "category": "Bakery, Cakes & Dairy", "sub_category_name": "Cakes & Pastries", "product_name": "Cake - Orange Blueberry, Whole Wheat, Eggless", "product_brand": "BHealthy", "img_src": "https://www.bigbasket.com/media/uploads/p/mm/40119859_1-bhealthy-cake-orange-blueberry-whole-wheat-eggless.jpg", "combo": []}, {"product_id": "1604990372_3844", "category": "Bakery, Cakes & Dairy", "sub_category_name": "Cakes & Pastries", "product_name": "Eggless Chocolate Almond Cake", "product_brand": "The Baker's Dozen", "img_src": "https://www.bigbasket.com/media/uploads/p/mm/40188421_3-the-bakers-dozen-eggless-chocolate-almond-cake.jpg", "combo": []}, {"product_id": "1604990373_36964", "category": "Bakery, Cakes & Dairy", "sub_category_name": "Cakes & Pastries", "product_name": "Red Velvet Cupcakes", "product_brand": "The Baker's Dozen", "img_src": "https://www.bigbasket.com/media/uploads/p/mm/40188425_2-the-bakers-dozen-red-velvet-cupcakes.jpg", "combo": []}, {"product_id": "1604990374_78564", "category": "Bakery, Cakes & Dairy", "sub_category_name": "Cakes & Pastries", "product_name": "Rainbow Cake", "product_brand": "Fresho Signature", "img_src": "https://www.bigbasket.com/media/uploads/p/mm/40181379_3-fresho-signature-rainbow-cake.jpg", "combo": []}, {"product_id": "1604990374_57764", "category": "Bakery, Cakes & Dairy", "sub_category_name": "Cakes & Pastries", "product_name": "Fresh Orange Cake With Pistachio", "product_brand": "The Baker's Dozen", "img_src": "https://www.bigbasket.com/media/uploads/p/mm/40188422_2-the-bakers-dozen-fresh-orange-cake-with-pistachio.jpg", "combo": []}, {"product_id": "1604990375_1924", "category": "Bakery, Cakes & Dairy", "sub_category_name": "Cakes & Pastries", "product_name": "Eggless Chocolate Overload Cupcakes", "product_brand": "The Baker's Dozen", "img_src": "https://www.bigbasket.com/media/uploads/p/mm/40188424_3-the-bakers-dozen-eggless-chocolate-overload-cupcakes.jpg", "combo": []}, {"product_id": "1604990375_4484", "category": "Bakery, Cakes & Dairy", "sub_category_name": "Cakes & Pastries", "product_name": "Tutti Frutty Cake", "product_brand": "Parle", "img_src": "https://www.bigbasket.com/media/uploads/p/mm/40019278_4-parle-tutti-frutty-cake.jpg", "combo": []}, {"product_id": "1604990376_69604", "category": "Bakery, Cakes & Dairy", "sub_category_name": "Cakes & Pastries", "product_name": "100% Wholewheat Lemon Loaf With Honey", "product_brand": "The Baker's Dozen", "img_src": "https://www.bigbasket.com/media/uploads/p/mm/40169959_3-the-bakers-dozen-100-wholewheat-lemon-loaf-with-honey.jpg", "combo": []}, {"product_id": "1604990377_16004", "category": "Bakery, Cakes & Dairy", "sub_category_name": "Cakes & Pastries", "product_name": "Choco Brownie", "product_brand": "Bauli", "img_src": "https://www.bigbasket.com/media/uploads/p/mm/40189423_2-bauli-choco-brownie.jpg", "combo": []}, {"product_id": "1604990377_69284", "category": "Bakery, Cakes & Dairy", "sub_category_name": "Cakes & Pastries", "product_name": "Muffin/Cup Cake Vanilla 200 g + Choco Chip 200 g (Pack of 4 each)", "product_brand": "Fresho Signature", "img_src": "https://www.bigbasket.com/media/uploads/p/mm/1212292_1-fresho-signature-muffincup-cake-vanilla-200-g-choco-chip-200-g-pack-of-4-each.jpg", "combo": []}, {"product_id": "1604990378_39204", "category": "Bakery, Cakes & Dairy", "sub_category_name": "Cakes & Pastries", "product_name": "Muffin/Cup Cake Blueberry 200 g + Choco Chip 200 g (Pack of 4 each)", "product_brand": "Fresho Signature", "img_src": "https://www.bigbasket.com/media/uploads/p/mm/1212293_1-fresho-signature-muffincup-cake-blueberry-200-g-choco-chip-200-g-pack-of-4-each.jpg", "combo": []}, {"product_id": "1604990379_67204", "category": "Bakery, Cakes & Dairy", "sub_category_name": "Cakes & Pastries", "product_name": "Coffee Cake", "product_brand": "The Baker's Dozen", "img_src": "https://www.bigbasket.com/media/uploads/p/mm/40188426_1-the-bakers-dozen-coffee-cake.jpg", "combo": []}, {"product_id": "1604990380_76644", "category": "Bakery, Cakes & Dairy", "sub_category_name": "Cakes & Pastries", "product_name": "Whey Protein Bar - Chocolate Brownie", "product_brand": "Yoga bar", "img_src": "https://www.bigbasket.com/media/uploads/p/mm/40095298_6-yoga-bar-whey-protein-bar-chocolate-brownie.jpg", "combo": []}, {"product_id": "1604990381_95364", "category": "Bakery, Cakes & Dairy", "sub_category_name": "Cakes & Pastries", "product_name": "Brownie Bar - Almonds", "product_brand": "Gooey & Fluffy", "img_src": "https://www.bigbasket.com/media/uploads/p/mm/40200401_1-gooey-fluffy-brownie-bar-almonds.jpg", "combo": []}, {"product_id": "1604990381_94564", "category": "Bakery, Cakes & Dairy", "sub_category_name": "Cakes & Pastries", "product_name": "Cake Roll Yo! Chocolate Swiss Roll", "product_brand": "Britannia", "img_src": "https://www.bigbasket.com/media/uploads/p/mm/40168236_6-britannia-cake-roll-yo-chocolate-swiss-roll.jpg", "combo": []}, {"product_id": "1604990382_19044", "category": "Bakery, Cakes & Dairy", "sub_category_name": "Cakes & Pastries", "product_name": "Yum Yum - Marble Cake", "product_brand": "Milk Ma", "img_src": "https://www.bigbasket.com/media/uploads/p/mm/40111553_2-milk-ma-yum-yum-marble-cake.jpg", "combo": []}, {"product_id": "1604990382_98724", "category": "Bakery, Cakes & Dairy", "sub_category_name": "Cakes & Pastries", "product_name": "Roll - Swiss Single", "product_brand": "Dream Bake", "img_src": "https://www.bigbasket.com/media/uploads/p/mm/40112543_2-dream-bake-roll-swiss-single.jpg", "combo": []}, {"product_id": "1604990383_81604", "category": "Bakery, Cakes & Dairy", "sub_category_name": "Cakes & Pastries", "product_name": "New York Cheese Cake", "product_brand": "Fresho Signature", "img_src": "https://www.bigbasket.com/media/uploads/p/mm/40181380_4-fresho-signature-new-york-cheese-cake.jpg", "combo": []}, {"product_id": "1604990383_40324", "category": "Bakery, Cakes & Dairy", "sub_category_name": "Cakes & Pastries", "product_name": "Chocolate Cheese Cake - Eggless", "product_brand": "Fresho Signature", "img_src": "https://www.bigbasket.com/media/uploads/p/mm/40181381_4-fresho-signature-chocolate-cheese-cake-eggless.jpg", "combo": []}, {"product_id": "1604990384_43044", "category": "Bakery, Cakes & Dairy", "sub_category_name": "Cakes & Pastries", "product_name": "Red Velvet Cake", "product_brand": "Fresho Signature", "img_src": "https://www.bigbasket.com/media/uploads/p/mm/40181378_3-fresho-signature-red-velvet-cake.jpg", "combo": []}, {"product_id": "1604990384_84164", "category": "Bakery, Cakes & Dairy", "sub_category_name": "Cakes & Pastries", "product_name": "Assorted French Macarons", "product_brand": "Lindberg", "img_src": "https://www.bigbasket.com/media/uploads/p/mm/40185200_3-lindberg-assorted-french-macarons.jpg", "combo": []}, {"product_id": "1604990385_5284", "category": "Bakery, Cakes & Dairy", "sub_category_name": "Cakes & Pastries", "product_name": "Vanilla Muffin 1 pc + Choco Chip Muffin 1 pc", "product_brand": "Fresho", "img_src": "https://www.bigbasket.com/media/uploads/p/mm/1212355_1-fresho-vanilla-muffin-1-pc-choco-chip-muffin-1-pc.jpg", "combo": []}, {"product_id": "1604990386_73604", "category": "Bakery, Cakes & Dairy", "sub_category_name": "Cakes & Pastries", "product_name": "Vanilla Cake", "product_brand": "Parle", "img_src": "https://www.bigbasket.com/media/uploads/p/mm/40019280_1-parle-vanilla-cake.jpg", "combo": []}]