[{"product_id": "1604849828_44004", "category": "Eggs, Meat & Fish", "sub_category_name": "Pork & Other Meats", "product_name": "Sausage - Pork, Super Bacon", "product_brand": "Quickee'S", "img_src": "https://www.bigbasket.com/media/uploads/p/s/40125074_2-quickees-sausage-pork-super-bacon.jpg", "combo": []}, {"product_id": "1604849829_94404", "category": "Eggs, Meat & Fish", "sub_category_name": "Pork & Other Meats", "product_name": "Pork - Cold Cut Paprika", "product_brand": "Bon Appetit", "img_src": "https://www.bigbasket.com/media/uploads/p/s/40049616_5-bon-appetit-pork-cold-cut-paprika.jpg", "combo": []}, {"product_id": "1604849829_24004", "category": "Eggs, Meat & Fish", "sub_category_name": "Pork & Other Meats", "product_name": "Bacon - Pork, Prime", "product_brand": "Quickee'S", "img_src": "https://www.bigbasket.com/media/uploads/p/s/40125079_4-quickees-bacon-pork-prime.jpg", "combo": []}, {"product_id": "1604849830_59844", "category": "Eggs, Meat & Fish", "sub_category_name": "Pork & Other Meats", "product_name": "Pork - Momos, Original", "product_brand": "Prasuma", "img_src": "https://www.bigbasket.com/media/uploads/p/s/40177264_3-prasuma-pork-momos-original.jpg", "combo": []}, {"product_id": "1604849830_25924", "category": "Eggs, Meat & Fish", "sub_category_name": "Pork & Other Meats", "product_name": "Sausage - Pork, Cocktail", "product_brand": "Quickee'S", "img_src": "https://www.bigbasket.com/media/uploads/p/s/40125071_2-quickees-sausage-pork-cocktail.jpg", "combo": []}, {"product_id": "1604849831_60484", "category": "Eggs, Meat & Fish", "sub_category_name": "Pork & Other Meats", "product_name": "Sausage - Pork", "product_brand": "Quickee'S", "img_src": "https://www.bigbasket.com/media/uploads/p/s/40125070_2-quickees-sausage-pork.jpg", "combo": []}, {"product_id": "1604849831_43684", "category": "Eggs, Meat & Fish", "sub_category_name": "Pork & Other Meats", "product_name": "Ham - Pork, Luncheon", "product_brand": "Quickee'S", "img_src": "https://www.bigbasket.com/media/uploads/p/s/40125076_2-quickees-ham-pork-luncheon.jpg", "combo": []}]