[{"product_id": "1604853561_98404", "category": "Foodgrains, Oil & Masala", "sub_category_name": "Rice & Rice Products", "product_name": "Sona Masoori Raw Rice", "product_brand": "bb Royal", "img_src": "https://www.bigbasket.com/media/uploads/p/s/20001214_12-bb-royal-sona-masoori-raw-rice.jpg", "combo": [["1 kg", "54.00"], ["10 kg", "507.00"], ["25 kg", "1099.00"]]}, {"product_id": "1604853561_98244", "category": "Foodgrains, Oil & Masala", "sub_category_name": "Rice & Rice Products", "product_name": "Poha/Avalakki/Aval/Chivda - Thick", "product_brand": "bb Royal", "img_src": "https://www.bigbasket.com/media/uploads/p/s/10000431_15-bb-royal-pohaavalakkiavalchivda-thick.jpg", "combo": [["500 g", "30.00"], ["1 kg", "51.00"]]}, {"product_id": "1604853562_62244", "category": "Foodgrains, Oil & Masala", "sub_category_name": "Rice & Rice Products", "product_name": "Rice - Raw, Sona Masoori", "product_brand": "bb Popular", "img_src": "https://www.bigbasket.com/media/uploads/p/s/20001215_9-bb-popular-rice-raw-sona-masoori.jpg", "combo": [["1 kg", "49.00"], ["5 kg", "234.00"], ["10 kg", "455.00"], ["25 kg", "1099.00"]]}, {"product_id": "1604853563_88484", "category": "Foodgrains, Oil & Masala", "sub_category_name": "Rice & Rice Products", "product_name": "Idli Rice", "product_brand": "bb Royal", "img_src": "https://www.bigbasket.com/media/uploads/p/s/60000022_8-bb-royal-idli-rice.jpg", "combo": [["1 kg", "41.00"], ["5 kg", "194.00"], ["10 kg", "354.00"], ["2 kg", "80.00"]]}, {"product_id": "1604853563_15204", "category": "Foodgrains, Oil & Masala", "sub_category_name": "Rice & Rice Products", "product_name": "Sabudana - White, Medium", "product_brand": "bb Royal", "img_src": "https://www.bigbasket.com/media/uploads/p/s/30000215_7-bb-royal-sabudana-white-medium.jpg", "combo": [["500 g", "49.00"], ["1 kg", "93.00"]]}, {"product_id": "1604853564_36804", "category": "Foodgrains, Oil & Masala", "sub_category_name": "Rice & Rice Products", "product_name": "Organic - Sona Masoori Raw Rice", "product_brand": "bb Royal", "img_src": "https://www.bigbasket.com/media/uploads/p/s/1208913_1-bb-royal-organic-sona-masoori-raw-rice.jpg", "combo": [["1 kg", "80.00"], ["5 kg", "359.00"], ["10 kg", "599.00"], ["2 kg", "145.00"], ["2x10 kg", "1174.04"]]}, {"product_id": "1604853565_13604", "category": "Foodgrains, Oil & Masala", "sub_category_name": "Rice & Rice Products", "product_name": "Rice Surti Kolam", "product_brand": "bb Royal", "img_src": "https://www.bigbasket.com/media/uploads/p/s/30010023_4-bb-royal-rice-surti-kolam.jpg", "combo": [["5 kg", "383.00"], ["1 kg", "79.00"], ["10 kg", "744.00"], ["25 kg", "1788.00"]]}, {"product_id": "1604853565_50404", "category": "Foodgrains, Oil & Masala", "sub_category_name": "Rice & Rice Products", "product_name": "Rice - Dosa", "product_brand": "bb Royal", "img_src": "https://www.bigbasket.com/media/uploads/p/s/10000409_11-bb-royal-rice-dosa.jpg", "combo": [["2 kg", "80.00"], ["5 kg", "191.00"], ["1 kg", "41.00"]]}, {"product_id": "1604853566_37124", "category": "Foodgrains, Oil & Masala", "sub_category_name": "Rice & Rice Products", "product_name": "bb Royal Sona Masoori Raw Rice 10kg + Toor Dal 1kg + Sugar 1kg", "product_brand": "bb Combo", "img_src": "https://www.bigbasket.com/media/uploads/p/s/1200049_2-bb-combo-bb-royal-sona-masoori-raw-rice-10kg-toor-dal-1kg-sugar-1kg.jpg", "combo": []}, {"product_id": "1604853567_66724", "category": "Foodgrains, Oil & Masala", "sub_category_name": "Rice & Rice Products", "product_name": "bb Popular Sona Masoori Raw Rice 10kg + Toor Dal 2kg", "product_brand": "bb Combo", "img_src": "https://www.bigbasket.com/media/uploads/p/s/1200048_2-bb-combo-bb-popular-sona-masoori-raw-rice-10kg-toor-dal-2kg.jpg", "combo": []}, {"product_id": "1604853567_65924", "category": "Foodgrains, Oil & Masala", "sub_category_name": "Rice & Rice Products", "product_name": "Rice - Sona Masoori, Raw, Super, Premium", "product_brand": "bb Royal", "img_src": "https://www.bigbasket.com/media/uploads/p/s/20005940_8-bb-royal-rice-sona-masoori-raw-super-premium.jpg", "combo": [["5 kg", "283.00"], ["25 kg", "1322.00"], ["1 kg", "59.00"]]}, {"product_id": "1604853568_62084", "category": "Foodgrains, Oil & Masala", "sub_category_name": "Rice & Rice Products", "product_name": "Basmati Rice - Feast Rozzana", "product_brand": "India Gate", "img_src": "https://www.bigbasket.com/media/uploads/p/s/283426_2-india-gate-basmati-rice-feast-rozzana.jpg", "combo": [["5 kg", "349.00"], ["1 kg", "88.00"]]}, {"product_id": "1604853569_59524", "category": "Foodgrains, Oil & Masala", "sub_category_name": "Rice & Rice Products", "product_name": "Rice - Jeera/Jeeraga Samba", "product_brand": "bb Royal", "img_src": "https://www.bigbasket.com/media/uploads/p/s/40128944_1-bb-royal-rice-jeerajeeraga-samba.jpg", "combo": [["1 kg", "106.00"], ["5 kg", "489.00"], ["2 kg", "206.00"]]}, {"product_id": "1604853569_86564", "category": "Foodgrains, Oil & Masala", "sub_category_name": "Rice & Rice Products", "product_name": "bb Royal Idli Rice 5kg + Gota Urad 1kg + Raw Peanut 500g", "product_brand": "bb Combo", "img_src": "https://www.bigbasket.com/media/uploads/p/s/1200068_2-bb-combo-bb-royal-idli-rice-5kg-gota-urad-1kg-raw-peanut-500g.jpg", "combo": []}, {"product_id": "1604853570_89764", "category": "Foodgrains, Oil & Masala", "sub_category_name": "Rice & Rice Products", "product_name": "Poha/Avalakki/Aval/Chivda - Thick 1 kg + Idli Rice 2 kg+ Idli Sooji/Rava 1 kg", "product_brand": "bb Royal", "img_src": "https://www.bigbasket.com/media/uploads/p/s/1206905_1-bb-royal-pohaavalakkiavalchivda-thick-1-kg-idli-rice-2-kg-idli-soojirava-1-kg.jpg", "combo": []}, {"product_id": "1604853570_43204", "category": "Foodgrains, Oil & Masala", "sub_category_name": "Rice & Rice Products", "product_name": "Bb Royal Idli Rice 1Kg + Dosa Rice 1Kg + Whole/Gota Urad 1Kg", "product_brand": "bb Combo", "img_src": "https://www.bigbasket.com/media/uploads/p/s/1200452_1-bb-combo-bb-royal-idli-rice-1kg-dosa-rice-1kg-wholegota-urad-1kg.jpg", "combo": []}, {"product_id": "1604853571_1124", "category": "Foodgrains, Oil & Masala", "sub_category_name": "Rice & Rice Products", "product_name": "Basmati Rice - Rozana Gold", "product_brand": "Daawat", "img_src": "https://www.bigbasket.com/media/uploads/p/s/204005_7-daawat-basmati-rice-rozana-gold.jpg", "combo": [["1 kg", "89.00"], ["5 kg", "349.00"]]}, {"product_id": "1604853572_87844", "category": "Foodgrains, Oil & Masala", "sub_category_name": "Rice & Rice Products", "product_name": "bb Royal Idli Rice + Urad Dal + Dosa Rice (Each 1kg)", "product_brand": "bb Combo", "img_src": "https://www.bigbasket.com/media/uploads/p/s/1200050_2-bb-combo-bb-royal-idli-rice-urad-dal-dosa-rice-each-1kg.jpg", "combo": []}, {"product_id": "1604853573_52164", "category": "Foodgrains, Oil & Masala", "sub_category_name": "Rice & Rice Products", "product_name": "Organic - Poha", "product_brand": "bb Royal", "img_src": "https://www.bigbasket.com/media/uploads/p/s/1205375_1-bb-royal-organic-poha.jpg", "combo": [["500 g", "40.00"], ["1 kg", "59.00"], ["2x1 kg", "115.64"]]}, {"product_id": "1604853574_73284", "category": "Foodgrains, Oil & Masala", "sub_category_name": "Rice & Rice Products", "product_name": "New Rice - Sona Masoori", "product_brand": "bb Popular", "img_src": "https://www.bigbasket.com/media/uploads/p/s/40128964_1-bb-popular-new-rice-sona-masoori.jpg", "combo": [["1 kg", "50.00"], ["5 kg", "239.00"]]}]