[{"product_id": "1604832654_32804", "category": "Snacks & Branded Foods", "sub_category_name": "Frozen Veggies & Snacks", "product_name": "Frozen Green Peas", "product_brand": "Fresho", "img_src": "https://www.bigbasket.com/media/uploads/p/s/1210065_1-fresho-frozen-green-peas.jpg", "combo": [["500 g", "109.00"], ["2x500 g", "218.00"], ["1 kg", "209.00"]]}, {"product_id": "1604832655_89284", "category": "Snacks & Branded Foods", "sub_category_name": "Frozen Veggies & Snacks", "product_name": "Frozen - Green Peas", "product_brand": "Safal", "img_src": "https://www.bigbasket.com/media/uploads/p/s/40006613_1-safal-frozen-green-peas.jpg", "combo": [["500 g", "134.00"], ["1 kg", "239.00"], ["200 g", "54.45"]]}, {"product_id": "1604832656_71844", "category": "Snacks & Branded Foods", "sub_category_name": "Frozen Veggies & Snacks", "product_name": "Nuggets - Chicken", "product_brand": "Yummiez", "img_src": "https://www.bigbasket.com/media/uploads/p/s/40005418_5-yummiez-nuggets-chicken.jpg", "combo": [["500 g", "260.00"], ["750 g", "300.00"]]}, {"product_id": "1604832657_94084", "category": "Snacks & Branded Foods", "sub_category_name": "Frozen Veggies & Snacks", "product_name": "Crunchy Potato Nuggets - Chilli Garlic Potato Bites", "product_brand": "McCain", "img_src": "https://www.bigbasket.com/media/uploads/p/s/40016982_5-mccain-crunchy-potato-nuggets-chilli-garlic-potato-bites.jpg", "combo": []}, {"product_id": "1604832657_32964", "category": "Snacks & Branded Foods", "sub_category_name": "Frozen Veggies & Snacks", "product_name": "Frozen - Sweet Corn", "product_brand": "Safal", "img_src": "https://www.bigbasket.com/media/uploads/p/s/40006616_2-safal-frozen-sweet-corn.jpg", "combo": [["500 g", "90.00"], ["200 g", "40.59"], ["1 kg", "159.00"]]}, {"product_id": "1604832658_74724", "category": "Snacks & Branded Foods", "sub_category_name": "Frozen Veggies & Snacks", "product_name": "French - Fries", "product_brand": "McCain", "img_src": "https://www.bigbasket.com/media/uploads/p/s/40016990_2-mccain-french-fries.jpg", "combo": [["420 g", "100.00"], ["750 g", "165.00"], ["1.25 kg", "242.25"], ["200 g", "49.00"]]}, {"product_id": "1604832659_87524", "category": "Snacks & Branded Foods", "sub_category_name": "Frozen Veggies & Snacks", "product_name": "Aloo - Tikki", "product_brand": "McCain", "img_src": "https://www.bigbasket.com/media/uploads/p/s/40016987_5-mccain-aloo-tikki.jpg", "combo": []}, {"product_id": "1604832660_87204", "category": "Snacks & Branded Foods", "sub_category_name": "Frozen Veggies & Snacks", "product_name": "Frozen Vegetables- Sweet Corn", "product_brand": "Farmland", "img_src": "https://www.bigbasket.com/media/uploads/p/s/40199067_1-farmland-frozen-vegetables-sweet-corn.jpg", "combo": []}, {"product_id": "1604832660_66724", "category": "Snacks & Branded Foods", "sub_category_name": "Frozen Veggies & Snacks", "product_name": "Frozen Vegetables - Green Peas", "product_brand": "Farmland", "img_src": "https://www.bigbasket.com/media/uploads/p/s/40200391_1-farmland-frozen-vegetables-green-peas.jpg", "combo": []}, {"product_id": "1604832661_41764", "category": "Snacks & Branded Foods", "sub_category_name": "Frozen Veggies & Snacks", "product_name": "Frozen Vegetables - Tinda", "product_brand": "Farmland", "img_src": "https://www.bigbasket.com/media/uploads/p/s/40200393_1-farmland-frozen-vegetables-tinda.jpg", "combo": []}, {"product_id": "1604832662_88804", "category": "Snacks & Branded Foods", "sub_category_name": "Frozen Veggies & Snacks", "product_name": "Frozen Vegetables - Parwal", "product_brand": "Farmland", "img_src": "https://www.bigbasket.com/media/uploads/p/s/40200394_1-farmland-frozen-vegetables-parwal.jpg", "combo": []}, {"product_id": "1604832663_30564", "category": "Snacks & Branded Foods", "sub_category_name": "Frozen Veggies & Snacks", "product_name": "Frozen Vegetables - Green Peas", "product_brand": "Farmland", "img_src": "https://www.bigbasket.com/media/uploads/p/s/40200389_1-farmland-frozen-vegetables-green-peas.jpg", "combo": []}, {"product_id": "1604832664_80004", "category": "Snacks & Branded Foods", "sub_category_name": "Frozen Veggies & Snacks", "product_name": "Frozen Vegetables - Mixed Veg", "product_brand": "Farmland", "img_src": "https://www.bigbasket.com/media/uploads/p/s/40200392_1-farmland-frozen-vegetables-mixed-veg.jpg", "combo": []}, {"product_id": "1604832665_1924", "category": "Snacks & Branded Foods", "sub_category_name": "Frozen Veggies & Snacks", "product_name": "Chicken Seekh Kebab", "product_brand": "ITC Master Chef", "img_src": "https://www.bigbasket.com/media/uploads/p/s/40199066_1-itc-master-chef-chicken-seekh-kebab.jpg", "combo": []}, {"product_id": "1604832665_95684", "category": "Snacks & Branded Foods", "sub_category_name": "Frozen Veggies & Snacks", "product_name": "Potato Cheese Shotz", "product_brand": "McCain", "img_src": "https://www.bigbasket.com/media/uploads/p/s/40049614_7-mccain-potato-cheese-shotz.jpg", "combo": []}, {"product_id": "1604832666_33924", "category": "Snacks & Branded Foods", "sub_category_name": "Frozen Veggies & Snacks", "product_name": "Chicken Nuggets - Crunchy", "product_brand": "ITC Master Chef", "img_src": "https://www.bigbasket.com/media/uploads/p/s/40141864_3-itc-master-chef-chicken-nuggets-crunchy.jpg", "combo": []}, {"product_id": "1604832667_73284", "category": "Snacks & Branded Foods", "sub_category_name": "Frozen Veggies & Snacks", "product_name": "Veggie Burger Patty", "product_brand": "McCain", "img_src": "https://www.bigbasket.com/media/uploads/p/s/258181_7-mccain-veggie-burger-patty.jpg", "combo": []}, {"product_id": "1604832668_3684", "category": "Snacks & Branded Foods", "sub_category_name": "Frozen Veggies & Snacks", "product_name": "Cheesy Corn Triangles", "product_brand": "ITC Master Chef", "img_src": "https://www.bigbasket.com/media/uploads/p/s/40141860_3-itc-master-chef-cheesy-corn-triangles.jpg", "combo": []}, {"product_id": "1604832668_11044", "category": "Snacks & Branded Foods", "sub_category_name": "Frozen Veggies & Snacks", "product_name": "Chilli Cheesy Nuggets", "product_brand": "McCain", "img_src": "https://www.bigbasket.com/media/uploads/p/s/40191220_1-mccain-chilli-cheesy-nuggets.jpg", "combo": [["250 g", "110.50"], ["400 g", "200.00"]]}, {"product_id": "1604832669_67204", "category": "Snacks & Branded Foods", "sub_category_name": "Frozen Veggies & Snacks", "product_name": "Chicken Breakfast Sausages", "product_brand": "Yummiez", "img_src": "https://www.bigbasket.com/media/uploads/p/s/40185860_2-yummiez-chicken-breakfast-sausages.jpg", "combo": []}, {"product_id": "1604832670_81284", "category": "Snacks & Branded Foods", "sub_category_name": "Frozen Veggies & Snacks", "product_name": "Smiles Crispy - Happy Potatoes", "product_brand": "McCain", "img_src": "https://www.bigbasket.com/media/uploads/p/mm/40016991_5-mccain-smiles-crispy-happy-potatoes.jpg", "combo": [["1.25 kg", "246.50"], ["175 g", "49.00"], ["750 g", "185.00"]]}, {"product_id": "1604832670_29604", "category": "Snacks & Branded Foods", "sub_category_name": "Frozen Veggies & Snacks", "product_name": "Chicken Kabab - Lucknow Seekh", "product_brand": "Yummiez", "img_src": "https://www.bigbasket.com/media/uploads/p/mm/294238_6-yummiez-chicken-kabab-lucknow-seekh.jpg", "combo": []}, {"product_id": "1604832671_70884", "category": "Snacks & Branded Foods", "sub_category_name": "Frozen Veggies & Snacks", "product_name": "Frozen - Mixed Vegetables", "product_brand": "Safal", "img_src": "https://www.bigbasket.com/media/uploads/p/mm/40132675_4-safal-frozen-mixed-vegetables.jpg", "combo": [["500 g", "60.00"], ["1 kg", "110.00"]]}, {"product_id": "1604832672_88324", "category": "Snacks & Branded Foods", "sub_category_name": "Frozen Veggies & Snacks", "product_name": "Mini Samosa - Cheese Corn", "product_brand": "McCain", "img_src": "https://www.bigbasket.com/media/uploads/p/mm/40099223_6-mccain-mini-samosa-cheese-corn.jpg", "combo": []}, {"product_id": "1604832672_98724", "category": "Snacks & Branded Foods", "sub_category_name": "Frozen Veggies & Snacks", "product_name": "Potato Bites - Chilli Garlic", "product_brand": "McCain", "img_src": "https://www.bigbasket.com/media/uploads/p/mm/40000515_6-mccain-potato-bites-chilli-garlic.jpg", "combo": []}, {"product_id": "1604832673_81764", "category": "Snacks & Branded Foods", "sub_category_name": "Frozen Veggies & Snacks", "product_name": "Breakfast Sausages", "product_brand": "Yummiez", "img_src": "https://www.bigbasket.com/media/uploads/p/mm/40002833_5-yummiez-breakfast-sausages.jpg", "combo": []}, {"product_id": "1604832674_17604", "category": "Snacks & Branded Foods", "sub_category_name": "Frozen Veggies & Snacks", "product_name": "Pepper & Herb Chicken Sausages", "product_brand": "Yummiez", "img_src": "https://www.bigbasket.com/media/uploads/p/mm/40002836_6-yummiez-pepper-herb-chicken-sausages.jpg", "combo": []}, {"product_id": "1604832675_3844", "category": "Snacks & Branded Foods", "sub_category_name": "Frozen Veggies & Snacks", "product_name": "Sweet Corn", "product_brand": "Buffet", "img_src": "https://www.bigbasket.com/media/uploads/p/mm/20006715_1-buffet-sweet-corn.jpg", "combo": [["200 g", "45.00"], ["500 g", "100.00"], ["1 kg", "170.00"]]}, {"product_id": "1604832676_64644", "category": "Snacks & Branded Foods", "sub_category_name": "Frozen Veggies & Snacks", "product_name": "Green Peas - Garden Fresh", "product_brand": "Buffet", "img_src": "https://www.bigbasket.com/media/uploads/p/mm/40002769_2-buffet-green-peas-garden-fresh.jpg", "combo": [["500 g", "125.00"], ["1 kg", "240.00"]]}, {"product_id": "1604832677_60484", "category": "Snacks & Branded Foods", "sub_category_name": "Frozen Veggies & Snacks", "product_name": "Chicken Nuggets - Crunchy 450 gm + Cheesy Corn Triangles 320 gm", "product_brand": "ITC Master Chef", "img_src": "https://www.bigbasket.com/media/uploads/p/mm/1207206_1-itc-master-chef-chicken-nuggets-crunchy-450-gm-cheesy-corn-triangles-320-gm.jpg", "combo": []}, {"product_id": "1604832677_30404", "category": "Snacks & Branded Foods", "sub_category_name": "Frozen Veggies & Snacks", "product_name": "Ready to Cook & Serve - Cheese Onion Paratha", "product_brand": "Amul Happy Treats", "img_src": "https://www.bigbasket.com/media/uploads/p/mm/40110646_4-amul-happy-treats-ready-to-cook-serve-cheese-onion-paratha.jpg", "combo": []}, {"product_id": "1604832678_34084", "category": "Snacks & Branded Foods", "sub_category_name": "Frozen Veggies & Snacks", "product_name": "Ready to Cook & Serve - Masti Dahi Tikki", "product_brand": "Amul Happy Treats", "img_src": "https://www.bigbasket.com/media/uploads/p/mm/40110650_3-amul-happy-treats-ready-to-cook-serve-masti-dahi-tikki.jpg", "combo": []}, {"product_id": "1604832678_3364", "category": "Snacks & Branded Foods", "sub_category_name": "Frozen Veggies & Snacks", "product_name": "Green Peas", "product_brand": "Yummiez", "img_src": "https://www.bigbasket.com/media/uploads/p/mm/40002829_4-yummiez-green-peas.jpg", "combo": []}, {"product_id": "1604832679_36004", "category": "Snacks & Branded Foods", "sub_category_name": "Frozen Veggies & Snacks", "product_name": "Masala - Fries", "product_brand": "McCain", "img_src": "https://www.bigbasket.com/media/uploads/p/mm/40016988_5-mccain-masala-fries.jpg", "combo": []}, {"product_id": "1604832679_19844", "category": "Snacks & Branded Foods", "sub_category_name": "Frozen Veggies & Snacks", "product_name": "Ready to Cook & Serve - Cheese Onion Pockets", "product_brand": "Amul Happy Treats", "img_src": "https://www.bigbasket.com/media/uploads/p/mm/40110648_2-amul-happy-treats-ready-to-cook-serve-cheese-onion-pockets.jpg", "combo": []}, {"product_id": "1604832680_75204", "category": "Snacks & Branded Foods", "sub_category_name": "Frozen Veggies & Snacks", "product_name": "Paratha - Malabar", "product_brand": "Buffet", "img_src": "https://www.bigbasket.com/media/uploads/p/mm/20006709_1-buffet-paratha-malabar.jpg", "combo": [["1 kg (17 nos)", "250.00"], ["300 g", "100.00"]]}, {"product_id": "1604832681_62244", "category": "Snacks & Branded Foods", "sub_category_name": "Frozen Veggies & Snacks", "product_name": "Popcorn Chicken - Halal Cut", "product_brand": "Yummiez", "img_src": "https://www.bigbasket.com/media/uploads/p/mm/40002835_5-yummiez-popcorn-chicken-halal-cut.jpg", "combo": []}, {"product_id": "1604832681_61284", "category": "Snacks & Branded Foods", "sub_category_name": "Frozen Veggies & Snacks", "product_name": "Aloo Tikki - Mazedaar Masala", "product_brand": "McCain", "img_src": "https://www.bigbasket.com/media/uploads/p/mm/40000514_1-mccain-aloo-tikki-mazedaar-masala.jpg", "combo": [["400 g", "105.00"], ["160 g", "45.00"]]}, {"product_id": "1604832682_37764", "category": "Snacks & Branded Foods", "sub_category_name": "Frozen Veggies & Snacks", "product_name": "Pepper & Herb Salami Chicken", "product_brand": "Yummiez", "img_src": "https://www.bigbasket.com/media/uploads/p/mm/40002832_4-yummiez-pepper-herb-salami-chicken.jpg", "combo": []}, {"product_id": "1604832683_80964", "category": "Snacks & Branded Foods", "sub_category_name": "Frozen Veggies & Snacks", "product_name": "Crispy French Fries", "product_brand": "ITC Master Chef", "img_src": "https://www.bigbasket.com/media/uploads/p/mm/40141857_3-itc-master-chef-crispy-french-fries.jpg", "combo": []}, {"product_id": "1604832683_79044", "category": "Snacks & Branded Foods", "sub_category_name": "Frozen Veggies & Snacks", "product_name": "Ready to Cook & Serve - Cheese Poppons", "product_brand": "Amul Happy Treats", "img_src": "https://www.bigbasket.com/media/uploads/p/mm/40110649_3-amul-happy-treats-ready-to-cook-serve-cheese-poppons.jpg", "combo": []}, {"product_id": "1604832684_93284", "category": "Snacks & Branded Foods", "sub_category_name": "Frozen Veggies & Snacks", "product_name": "Veggie - Fingers", "product_brand": "McCain", "img_src": "https://www.bigbasket.com/media/uploads/p/mm/40016995_6-mccain-veggie-fingers.jpg", "combo": []}, {"product_id": "1604832684_83044", "category": "Snacks & Branded Foods", "sub_category_name": "Frozen Veggies & Snacks", "product_name": "Whole Wheat Parota", "product_brand": "Id", "img_src": "https://www.bigbasket.com/media/uploads/p/mm/40011534_5-id-whole-wheat-parota.jpg", "combo": []}, {"product_id": "1604832685_54244", "category": "Snacks & Branded Foods", "sub_category_name": "Frozen Veggies & Snacks", "product_name": "Cheese Finger - Veg", "product_brand": "Yummiez", "img_src": "https://www.bigbasket.com/media/uploads/p/mm/269759_5-yummiez-cheese-finger-veg.jpg", "combo": []}, {"product_id": "1604832686_73604", "category": "Snacks & Branded Foods", "sub_category_name": "Frozen Veggies & Snacks", "product_name": "Chicken Patty - Desi Style", "product_brand": "ITC Master Chef", "img_src": "https://www.bigbasket.com/media/uploads/p/mm/40141865_3-itc-master-chef-chicken-patty-desi-style.jpg", "combo": []}, {"product_id": "1604832687_47844", "category": "Snacks & Branded Foods", "sub_category_name": "Frozen Veggies & Snacks", "product_name": "Mini Samosa - Cheese Pizza", "product_brand": "McCain", "img_src": "https://www.bigbasket.com/media/uploads/p/mm/40099224_6-mccain-mini-samosa-cheese-pizza.jpg", "combo": []}, {"product_id": "1604832688_67364", "category": "Snacks & Branded Foods", "sub_category_name": "Frozen Veggies & Snacks", "product_name": "Veggie - Nuggets", "product_brand": "McCain", "img_src": "https://www.bigbasket.com/media/uploads/p/mm/40016989_5-mccain-veggie-nuggets.jpg", "combo": []}, {"product_id": "1604832688_21284", "category": "Snacks & Branded Foods", "sub_category_name": "Frozen Veggies & Snacks", "product_name": "Green Peas", "product_brand": "Yummiez", "img_src": "https://www.bigbasket.com/media/uploads/p/mm/40005419_4-yummiez-green-peas.jpg", "combo": []}, {"product_id": "1604832689_31204", "category": "Snacks & Branded Foods", "sub_category_name": "Frozen Veggies & Snacks", "product_name": "Green Peas", "product_brand": "Frozen Star", "img_src": "https://www.bigbasket.com/media/uploads/p/mm/40179034_4-frozen-star-green-peas.jpg", "combo": [["500 g", "110.00"], ["200 g", "50.00"]]}, {"product_id": "1604832689_82884", "category": "Snacks & Branded Foods", "sub_category_name": "Frozen Veggies & Snacks", "product_name": "Chicken-Crispy Fries 280gm+ Crunchy Nuggets 450gm+Chicken Patty-Desi Style 330gm", "product_brand": "ITC Master Chef", "img_src": "https://www.bigbasket.com/media/uploads/p/mm/1207203_1-itc-master-chef-chicken-crispy-fries-280gm-crunchy-nuggets-450gmchicken-patty-desi-style-330gm.jpg", "combo": []}, {"product_id": "1604832690_1124", "category": "Snacks & Branded Foods", "sub_category_name": "Frozen Veggies & Snacks", "product_name": "French Fries", "product_brand": "Yummiez", "img_src": "https://www.bigbasket.com/media/uploads/p/mm/40015920_5-yummiez-french-fries.jpg", "combo": []}, {"product_id": "1604832691_89924", "category": "Snacks & Branded Foods", "sub_category_name": "Frozen Veggies & Snacks", "product_name": "Sausages - Masala Chilli Chicken", "product_brand": "Yummiez", "img_src": "https://www.bigbasket.com/media/uploads/p/mm/40003828_6-yummiez-sausages-masala-chilli-chicken.jpg", "combo": []}, {"product_id": "1604832691_98084", "category": "Snacks & Branded Foods", "sub_category_name": "Frozen Veggies & Snacks", "product_name": "Chicken Galouti Kebab", "product_brand": "ITC Master Chef", "img_src": "https://www.bigbasket.com/media/uploads/p/mm/40184636_4-itc-master-chef-chicken-galouti-kebab.jpg", "combo": []}, {"product_id": "1604832692_72004", "category": "Snacks & Branded Foods", "sub_category_name": "Frozen Veggies & Snacks", "product_name": "Chicken Fingers - Garlic", "product_brand": "Yummiez", "img_src": "https://www.bigbasket.com/media/uploads/p/mm/40005422_5-yummiez-chicken-fingers-garlic.jpg", "combo": []}, {"product_id": "1604832692_91204", "category": "Snacks & Branded Foods", "sub_category_name": "Frozen Veggies & Snacks", "product_name": "Crispy Herb Coated Potatoes - Super Wedges", "product_brand": "McCain", "img_src": "https://www.bigbasket.com/media/uploads/p/mm/206429_5-mccain-crispy-herb-coated-potatoes-super-wedges.jpg", "combo": []}, {"product_id": "1604832693_66404", "category": "Snacks & Branded Foods", "sub_category_name": "Frozen Veggies & Snacks", "product_name": "Veggie Fingers - Veggie Delight with Corn, Carrot & Peas", "product_brand": "McCain", "img_src": "https://www.bigbasket.com/media/uploads/p/mm/40016992_5-mccain-veggie-fingers-veggie-delight-with-corn-carrot-peas.jpg", "combo": []}, {"product_id": "1604832694_5124", "category": "Snacks & Branded Foods", "sub_category_name": "Frozen Veggies & Snacks", "product_name": "Chicken Sausages - Cheese & Onion", "product_brand": "Yummiez", "img_src": "https://www.bigbasket.com/media/uploads/p/mm/40005412_5-yummiez-chicken-sausages-cheese-onion.jpg", "combo": []}, {"product_id": "1604832694_59684", "category": "Snacks & Branded Foods", "sub_category_name": "Frozen Veggies & Snacks", "product_name": "Spring Roll Sheets - 6\"x6\"", "product_brand": "Switz", "img_src": "https://www.bigbasket.com/media/uploads/p/mm/30001038_2-switz-spring-roll-sheets-6x6.jpg", "combo": []}, {"product_id": "1604832695_51204", "category": "Snacks & Branded Foods", "sub_category_name": "Frozen Veggies & Snacks", "product_name": "Potato Cheese Shotz - Crunchy Nuggets of Potateos & Cheese", "product_brand": "McCain", "img_src": "https://www.bigbasket.com/media/uploads/p/mm/40016984_6-mccain-potato-cheese-shotz-crunchy-nuggets-of-potateos-cheese.jpg", "combo": []}, {"product_id": "1604832695_29284", "category": "Snacks & Branded Foods", "sub_category_name": "Frozen Veggies & Snacks", "product_name": "Chicken Hariyali Kabab", "product_brand": "Yummiez", "img_src": "https://www.bigbasket.com/media/uploads/p/mm/40185858_3-yummiez-chicken-hariyali-kabab.jpg", "combo": []}, {"product_id": "1604832696_6724", "category": "Snacks & Branded Foods", "sub_category_name": "Frozen Veggies & Snacks", "product_name": "French Fries", "product_brand": "Safal", "img_src": "https://www.bigbasket.com/media/uploads/p/mm/40113028_4-safal-french-fries.jpg", "combo": [["400 g", "80.00"], ["1 kg", "190.00"]]}, {"product_id": "1604832697_92804", "category": "Snacks & Branded Foods", "sub_category_name": "Frozen Veggies & Snacks", "product_name": "Classic Aloo Tikki", "product_brand": "ITC Master Chef", "img_src": "https://www.bigbasket.com/media/uploads/p/mm/40141856_2-itc-master-chef-classic-aloo-tikki.jpg", "combo": []}, {"product_id": "1604832697_19844", "category": "Snacks & Branded Foods", "sub_category_name": "Frozen Veggies & Snacks", "product_name": "4 Cheese Pizza", "product_brand": "Amul", "img_src": "https://www.bigbasket.com/media/uploads/p/mm/40105381_2-amul-4-cheese-pizza.jpg", "combo": []}, {"product_id": "1604832698_96804", "category": "Snacks & Branded Foods", "sub_category_name": "Frozen Veggies & Snacks", "product_name": "Chilli Salami Sandwich - Chicken", "product_brand": "Yummiez", "img_src": "https://www.bigbasket.com/media/uploads/p/mm/40005415_5-yummiez-chilli-salami-sandwich-chicken.jpg", "combo": []}, {"product_id": "1604832699_32004", "category": "Snacks & Branded Foods", "sub_category_name": "Frozen Veggies & Snacks", "product_name": "Chicken Fries - Crispy", "product_brand": "ITC Master Chef", "img_src": "https://www.bigbasket.com/media/uploads/p/mm/40141863_2-itc-master-chef-chicken-fries-crispy.jpg", "combo": []}, {"product_id": "1604832700_94564", "category": "Snacks & Branded Foods", "sub_category_name": "Frozen Veggies & Snacks", "product_name": "Crazy Fries - Masala Mix, Hot 'n' Tangy", "product_brand": "McCain", "img_src": "https://www.bigbasket.com/media/uploads/p/mm/40128421_4-mccain-crazy-fries-masala-mix-hot-n-tangy.jpg", "combo": []}, {"product_id": "1604832700_63684", "category": "Snacks & Branded Foods", "sub_category_name": "Frozen Veggies & Snacks", "product_name": "Rajmah Galouti Kebab", "product_brand": "ITC Master Chef", "img_src": "https://www.bigbasket.com/media/uploads/p/mm/40184640_2-itc-master-chef-rajmah-galouti-kebab.jpg", "combo": []}, {"product_id": "1604832701_94724", "category": "Snacks & Branded Foods", "sub_category_name": "Frozen Veggies & Snacks", "product_name": "Crazy Fries - Masala Mix, Herb 'n' Garlic", "product_brand": "McCain", "img_src": "https://www.bigbasket.com/media/uploads/p/mm/40128420_3-mccain-crazy-fries-masala-mix-herb-n-garlic.jpg", "combo": []}, {"product_id": "1604832702_93604", "category": "Snacks & Branded Foods", "sub_category_name": "Frozen Veggies & Snacks", "product_name": "Lebanese Falafel Kebab", "product_brand": "ITC Master Chef", "img_src": "https://www.bigbasket.com/media/uploads/p/mm/40141862_3-itc-master-chef-lebanese-falafel-kebab.jpg", "combo": []}, {"product_id": "1604832702_11044", "category": "Snacks & Branded Foods", "sub_category_name": "Frozen Veggies & Snacks", "product_name": "Hara Bhara Veg Kebab", "product_brand": "Safal", "img_src": "https://www.bigbasket.com/media/uploads/p/mm/40049527_2-safal-hara-bhara-veg-kebab.jpg", "combo": []}, {"product_id": "1604832703_87524", "category": "Snacks & Branded Foods", "sub_category_name": "Frozen Veggies & Snacks", "product_name": "Heat & Serve - Whole Wheat Paratha", "product_brand": "Buffet", "img_src": "https://www.bigbasket.com/media/uploads/p/mm/40001205_1-buffet-heat-serve-whole-wheat-paratha.jpg", "combo": []}, {"product_id": "1604832703_10564", "category": "Snacks & Branded Foods", "sub_category_name": "Frozen Veggies & Snacks", "product_name": "Pizza Pockets - Veg", "product_brand": "Yummiez", "img_src": "https://www.bigbasket.com/media/uploads/p/mm/40005425_4-yummiez-pizza-pockets-veg.jpg", "combo": []}, {"product_id": "1604832704_80324", "category": "Snacks & Branded Foods", "sub_category_name": "Frozen Veggies & Snacks", "product_name": "Crispy Veggie Burger Patty", "product_brand": "Yummiez", "img_src": "https://www.bigbasket.com/media/uploads/p/mm/40185865_5-yummiez-crispy-veggie-burger-patty.jpg", "combo": []}, {"product_id": "1604832705_79524", "category": "Snacks & Branded Foods", "sub_category_name": "Frozen Veggies & Snacks", "product_name": "French Fries", "product_brand": "Amul Happy Treats", "img_src": "https://www.bigbasket.com/media/uploads/p/mm/40119523_1-amul-happy-treats-french-fries.jpg", "combo": [["2x200 g", "66.00"], ["200 g", "33.00"]]}, {"product_id": "1604832705_8964", "category": "Snacks & Branded Foods", "sub_category_name": "Frozen Veggies & Snacks", "product_name": "Chicken Magic Ball", "product_brand": "Yummiez", "img_src": "https://www.bigbasket.com/media/uploads/p/mm/40185859_2-yummiez-chicken-magic-ball.jpg", "combo": []}, {"product_id": "1604832706_68964", "category": "Snacks & Branded Foods", "sub_category_name": "Frozen Veggies & Snacks", "product_name": "Chicken Nuggets", "product_brand": "sumeru", "img_src": "https://www.bigbasket.com/media/uploads/p/mm/40086309_4-sumeru-chicken-nuggets.jpg", "combo": []}, {"product_id": "1604832707_53124", "category": "Snacks & Branded Foods", "sub_category_name": "Frozen Veggies & Snacks", "product_name": "Veg. Burger Patty", "product_brand": "Yummiez", "img_src": "https://www.bigbasket.com/media/uploads/p/mm/40002830_5-yummiez-veg-burger-patty.jpg", "combo": []}, {"product_id": "1604832707_76484", "category": "Snacks & Branded Foods", "sub_category_name": "Frozen Veggies & Snacks", "product_name": "Heat & Serve - Multigrain Paratha (8 Grain Enriched)", "product_brand": "Buffet", "img_src": "https://www.bigbasket.com/media/uploads/p/mm/40001206_3-buffet-heat-serve-multigrain-paratha-8-grain-enriched.jpg", "combo": []}, {"product_id": "1604832708_74884", "category": "Snacks & Branded Foods", "sub_category_name": "Frozen Veggies & Snacks", "product_name": "Aloo Paratha", "product_brand": "Tasty Fresh", "img_src": "https://www.bigbasket.com/media/uploads/p/mm/40085927_3-tasty-fresh-aloo-paratha.jpg", "combo": []}, {"product_id": "1604832708_75364", "category": "Snacks & Branded Foods", "sub_category_name": "Frozen Veggies & Snacks", "product_name": "Chicken Garlic Sausages", "product_brand": "sumeru", "img_src": "https://www.bigbasket.com/media/uploads/p/mm/40001135_3-sumeru-chicken-garlic-sausages.jpg", "combo": []}, {"product_id": "1604832709_12964", "category": "Snacks & Branded Foods", "sub_category_name": "Frozen Veggies & Snacks", "product_name": "Crispy Kadhai Paneer Nuggets", "product_brand": "Yummiez", "img_src": "https://www.bigbasket.com/media/uploads/p/mm/40185861_2-yummiez-crispy-kadhai-paneer-nuggets.jpg", "combo": []}, {"product_id": "1604832710_21924", "category": "Snacks & Branded Foods", "sub_category_name": "Frozen Veggies & Snacks", "product_name": "French Fries", "product_brand": "Amul Happy Treats", "img_src": "https://www.bigbasket.com/media/uploads/p/mm/40119524_1-amul-happy-treats-french-fries.jpg", "combo": []}, {"product_id": "1604832711_42084", "category": "Snacks & Branded Foods", "sub_category_name": "Frozen Veggies & Snacks", "product_name": "Chicken & Cheese Nuggets", "product_brand": "Yummiez", "img_src": "https://www.bigbasket.com/media/uploads/p/mm/40185857_3-yummiez-chicken-cheese-nuggets.jpg", "combo": []}, {"product_id": "1604832712_56324", "category": "Snacks & Branded Foods", "sub_category_name": "Frozen Veggies & Snacks", "product_name": "Masala Nuggets (Veg) - Ready To Cook", "product_brand": "Yummiez", "img_src": "https://www.bigbasket.com/media/uploads/p/mm/40002840_4-yummiez-masala-nuggets-veg-ready-to-cook.jpg", "combo": []}, {"product_id": "1604832712_24164", "category": "Snacks & Branded Foods", "sub_category_name": "Frozen Veggies & Snacks", "product_name": "Smiles - Pudina Chatka", "product_brand": "McCain", "img_src": "https://www.bigbasket.com/media/uploads/p/mm/40099226_4-mccain-smiles-pudina-chatka.jpg", "combo": []}, {"product_id": "1604832713_40964", "category": "Snacks & Branded Foods", "sub_category_name": "Frozen Veggies & Snacks", "product_name": "Mediterranean Chicken Kebab", "product_brand": "ITC Master Chef", "img_src": "https://www.bigbasket.com/media/uploads/p/mm/40184639_4-itc-master-chef-mediterranean-chicken-kebab.jpg", "combo": []}, {"product_id": "1604832713_6084", "category": "Snacks & Branded Foods", "sub_category_name": "Frozen Veggies & Snacks", "product_name": "French Fries", "product_brand": "Amul Happy Treats", "img_src": "https://www.bigbasket.com/media/uploads/p/mm/40119525_4-amul-happy-treats-french-fries.jpg", "combo": []}, {"product_id": "1604832714_91524", "category": "Snacks & Branded Foods", "sub_category_name": "Frozen Veggies & Snacks", "product_name": "Heat & Serve - Methi Paratha", "product_brand": "Buffet", "img_src": "https://www.bigbasket.com/media/uploads/p/mm/40001211_3-buffet-heat-serve-methi-paratha.jpg", "combo": []}, {"product_id": "1604832714_33124", "category": "Snacks & Branded Foods", "sub_category_name": "Frozen Veggies & Snacks", "product_name": "Veg Burger Patty", "product_brand": "Amul Happy Treats", "img_src": "https://www.bigbasket.com/media/uploads/p/mm/40119529_2-amul-happy-treats-veg-burger-patty.jpg", "combo": []}, {"product_id": "1604832715_14724", "category": "Snacks & Branded Foods", "sub_category_name": "Frozen Veggies & Snacks", "product_name": "Classic Salami Sandwich Chicken", "product_brand": "Yummiez", "img_src": "https://www.bigbasket.com/media/uploads/p/mm/40002831_5-yummiez-classic-salami-sandwich-chicken.jpg", "combo": []}, {"product_id": "1604832716_20644", "category": "Snacks & Branded Foods", "sub_category_name": "Frozen Veggies & Snacks", "product_name": "Paratha - Butter", "product_brand": "Buffet", "img_src": "https://www.bigbasket.com/media/uploads/p/mm/20006711_2-buffet-paratha-butter.jpg", "combo": [["300 gm (5 pcs)", "105.00"], ["1 kg", "260.00"]]}, {"product_id": "1604832716_11044", "category": "Snacks & Branded Foods", "sub_category_name": "Frozen Veggies & Snacks", "product_name": "Dilli Dahi Kebab", "product_brand": "ITC Master Chef", "img_src": "https://www.bigbasket.com/media/uploads/p/mm/40184637_2-itc-master-chef-dilli-dahi-kebab.jpg", "combo": []}, {"product_id": "1604832717_68004", "category": "Snacks & Branded Foods", "sub_category_name": "Frozen Veggies & Snacks", "product_name": "Mumbai Vada Pops", "product_brand": "ITC Master Chef", "img_src": "https://www.bigbasket.com/media/uploads/p/mm/40141859_5-itc-master-chef-mumbai-vada-pops.jpg", "combo": []}, {"product_id": "1604832718_13924", "category": "Snacks & Branded Foods", "sub_category_name": "Frozen Veggies & Snacks", "product_name": "Achaari Beetroot Kebab", "product_brand": "ITC Master Chef", "img_src": "https://www.bigbasket.com/media/uploads/p/mm/40184634_3-itc-master-chef-achaari-beetroot-kebab.jpg", "combo": []}, {"product_id": "1604832718_49924", "category": "Snacks & Branded Foods", "sub_category_name": "Frozen Veggies & Snacks", "product_name": "Chicken Nuggets - Nonveg Party Pack", "product_brand": "Yummiez", "img_src": "https://www.bigbasket.com/media/uploads/p/mm/268702_5-yummiez-chicken-nuggets-nonveg-party-pack.jpg", "combo": []}, {"product_id": "1604832719_72484", "category": "Snacks & Branded Foods", "sub_category_name": "Frozen Veggies & Snacks", "product_name": "Cheese Corn Nuggets", "product_brand": "Yummiez", "img_src": "https://www.bigbasket.com/media/uploads/p/mm/40002838_4-yummiez-cheese-corn-nuggets.jpg", "combo": []}, {"product_id": "1604832719_62084", "category": "Snacks & Branded Foods", "sub_category_name": "Frozen Veggies & Snacks", "product_name": "Masala French Fries - Piri Piri", "product_brand": "sumeru", "img_src": "https://www.bigbasket.com/media/uploads/p/mm/40004575_8-sumeru-masala-french-fries-piri-piri.jpg", "combo": [["400 g", "125.00"], ["200 g", "55.00"]]}, {"product_id": "1604832720_87044", "category": "Snacks & Branded Foods", "sub_category_name": "Frozen Veggies & Snacks", "product_name": "Samosa Patti", "product_brand": "Switz", "img_src": "https://www.bigbasket.com/media/uploads/p/mm/20002594_4-switz-samosa-patti.jpg", "combo": [["50 sheets", "90.00"], ["25 Sheets", "45.00"]]}, {"product_id": "1604832721_11204", "category": "Snacks & Branded Foods", "sub_category_name": "Frozen Veggies & Snacks", "product_name": "Hara Bhara Kebab", "product_brand": "ITC Master Chef", "img_src": "https://www.bigbasket.com/media/uploads/p/mm/40184638_4-itc-master-chef-hara-bhara-kebab.jpg", "combo": []}, {"product_id": "1604832721_33284", "category": "Snacks & Branded Foods", "sub_category_name": "Frozen Veggies & Snacks", "product_name": "Paratha - Flaky", "product_brand": "Buffet", "img_src": "https://www.bigbasket.com/media/uploads/p/mm/40001207_5-buffet-paratha-flaky.jpg", "combo": []}, {"product_id": "1604832723_73284", "category": "Snacks & Branded Foods", "sub_category_name": "Frozen Veggies & Snacks", "product_name": "Caribbean Chicken Pops", "product_brand": "ITC Master Chef", "img_src": "https://www.bigbasket.com/media/uploads/p/mm/40184635_4-itc-master-chef-caribbean-chicken-pops.jpg", "combo": []}, {"product_id": "1604832724_5124", "category": "Snacks & Branded Foods", "sub_category_name": "Frozen Veggies & Snacks", "product_name": "Malabar - Paratha", "product_brand": "sumeru", "img_src": "https://www.bigbasket.com/media/uploads/p/mm/40001105_4-sumeru-malabar-paratha.jpg", "combo": []}, {"product_id": "1604832724_59204", "category": "Snacks & Branded Foods", "sub_category_name": "Frozen Veggies & Snacks", "product_name": "Green Peas", "product_brand": "Buffet", "img_src": "https://www.bigbasket.com/media/uploads/p/mm/20006712_1-buffet-green-peas.jpg", "combo": []}, {"product_id": "1604832725_15204", "category": "Snacks & Branded Foods", "sub_category_name": "Frozen Veggies & Snacks", "product_name": "American Sweet Corn", "product_brand": "Yummiez", "img_src": "https://www.bigbasket.com/media/uploads/p/mm/40003821_5-yummiez-american-sweet-corn.jpg", "combo": []}, {"product_id": "1604832725_31044", "category": "Snacks & Branded Foods", "sub_category_name": "Frozen Veggies & Snacks", "product_name": "Happy Treats Ready to Cook & Serve - Cheese Onion Pocket 300G + Veggie Stix 425G", "product_brand": "Amul", "img_src": "https://www.bigbasket.com/media/uploads/p/mm/1204781_2-amul-happy-treats-ready-to-cook-serve-cheese-onion-pocket-300g-veggie-stix-425g.jpg", "combo": []}, {"product_id": "1604832726_59204", "category": "Snacks & Branded Foods", "sub_category_name": "Frozen Veggies & Snacks", "product_name": "Frozen Aloo-Tikki", "product_brand": "Safal", "img_src": "https://www.bigbasket.com/media/uploads/p/mm/40049526_3-safal-frozen-aloo-tikki.jpg", "combo": []}, {"product_id": "1604832726_29604", "category": "Snacks & Branded Foods", "sub_category_name": "Frozen Veggies & Snacks", "product_name": "Nuggets - Cheese Corn", "product_brand": "sumeru", "img_src": "https://www.bigbasket.com/media/uploads/p/mm/40128637_3-sumeru-nuggets-cheese-corn.jpg", "combo": []}, {"product_id": "1604832727_2884", "category": "Snacks & Branded Foods", "sub_category_name": "Frozen Veggies & Snacks", "product_name": "Paratha - Aloo", "product_brand": "Buffet", "img_src": "https://www.bigbasket.com/media/uploads/p/mm/40001213_5-buffet-paratha-aloo.jpg", "combo": []}, {"product_id": "1604832728_5764", "category": "Snacks & Branded Foods", "sub_category_name": "Frozen Veggies & Snacks", "product_name": "Veggie Pizza Pocket", "product_brand": "ITC Master Chef", "img_src": "https://www.bigbasket.com/media/uploads/p/mm/40141861_4-itc-master-chef-veggie-pizza-pocket.jpg", "combo": []}, {"product_id": "1604832728_28004", "category": "Snacks & Branded Foods", "sub_category_name": "Frozen Veggies & Snacks", "product_name": "Lime & Mint Wedges", "product_brand": "ITC Master Chef", "img_src": "https://www.bigbasket.com/media/uploads/p/mm/40141858_3-itc-master-chef-lime-mint-wedges.jpg", "combo": []}, {"product_id": "1604832729_67844", "category": "Snacks & Branded Foods", "sub_category_name": "Frozen Veggies & Snacks", "product_name": "Tandoori Paneer Nuggets", "product_brand": "Yummiez", "img_src": "https://www.bigbasket.com/media/uploads/p/mm/40185862_2-yummiez-tandoori-paneer-nuggets.jpg", "combo": []}, {"product_id": "1604832730_37764", "category": "Snacks & Branded Foods", "sub_category_name": "Frozen Veggies & Snacks", "product_name": "Potato Cheese Bites", "product_brand": "Yummiez", "img_src": "https://www.bigbasket.com/media/uploads/p/mm/40185864_2-yummiez-potato-cheese-bites.jpg", "combo": []}, {"product_id": "1604832730_81604", "category": "Snacks & Branded Foods", "sub_category_name": "Frozen Veggies & Snacks", "product_name": "Chicken Seekh Kabab", "product_brand": "Yummiez", "img_src": "https://www.bigbasket.com/media/uploads/p/mm/40005421_5-yummiez-chicken-seekh-kabab.jpg", "combo": []}, {"product_id": "1604832731_94564", "category": "Snacks & Branded Foods", "sub_category_name": "Frozen Veggies & Snacks", "product_name": "Paratha Puff", "product_brand": "Switz", "img_src": "https://www.bigbasket.com/media/uploads/p/mm/40121135_3-switz-paratha-puff.jpg", "combo": []}, {"product_id": "1604832731_52004", "category": "Snacks & Branded Foods", "sub_category_name": "Frozen Veggies & Snacks", "product_name": "Whole Wheat Plain Chapati", "product_brand": "Tasty Fresh", "img_src": "https://www.bigbasket.com/media/uploads/p/mm/40085938_3-tasty-fresh-whole-wheat-plain-chapati.jpg", "combo": []}, {"product_id": "1604832732_84324", "category": "Snacks & Branded Foods", "sub_category_name": "Frozen Veggies & Snacks", "product_name": "Premium Sausages", "product_brand": "Yummiez", "img_src": "https://www.bigbasket.com/media/uploads/p/mm/40019625_2-yummiez-premium-sausages.jpg", "combo": []}, {"product_id": "1604832733_29764", "category": "Snacks & Branded Foods", "sub_category_name": "Frozen Veggies & Snacks", "product_name": "Ready to Cook & Serve - Masala Paneer Nuggets", "product_brand": "Amul Happy Treats", "img_src": "https://www.bigbasket.com/media/uploads/p/mm/40110647_3-amul-happy-treats-ready-to-cook-serve-masala-paneer-nuggets.jpg", "combo": []}, {"product_id": "1604832733_32324", "category": "Snacks & Branded Foods", "sub_category_name": "Frozen Veggies & Snacks", "product_name": "Chicken Sausages", "product_brand": "sumeru", "img_src": "https://www.bigbasket.com/media/uploads/p/mm/40001134_2-sumeru-chicken-sausages.jpg", "combo": []}, {"product_id": "1604832734_92804", "category": "Snacks & Branded Foods", "sub_category_name": "Frozen Veggies & Snacks", "product_name": "Aloo Tikki", "product_brand": "Amul Happy Treats", "img_src": "https://www.bigbasket.com/media/uploads/p/mm/40119528_1-amul-happy-treats-aloo-tikki.jpg", "combo": []}, {"product_id": "1604832736_30884", "category": "Snacks & Branded Foods", "sub_category_name": "Frozen Veggies & Snacks", "product_name": "Flaky - Paratha", "product_brand": "sumeru", "img_src": "https://www.bigbasket.com/media/uploads/p/mm/40004582_8-sumeru-flaky-paratha.jpg", "combo": []}, {"product_id": "1604832738_56164", "category": "Snacks & Branded Foods", "sub_category_name": "Frozen Veggies & Snacks", "product_name": "Green Peas", "product_brand": "sumeru", "img_src": "https://www.bigbasket.com/media/uploads/p/mm/40001107_3-sumeru-green-peas.jpg", "combo": [["500 g", "130.00"], ["1 kg", "245.00"]]}, {"product_id": "1604832741_76964", "category": "Snacks & Branded Foods", "sub_category_name": "Frozen Veggies & Snacks", "product_name": "Four Cheese Thin Pizza", "product_brand": "Iceland", "img_src": "https://www.bigbasket.com/media/uploads/p/mm/40172747_8-iceland-four-cheese-thin-pizza.jpg", "combo": []}, {"product_id": "1604832742_40644", "category": "Snacks & Branded Foods", "sub_category_name": "Frozen Veggies & Snacks", "product_name": "Four Cheese Deep Pan Pizza", "product_brand": "Iceland", "img_src": "https://www.bigbasket.com/media/uploads/p/mm/40172744_7-iceland-four-cheese-deep-pan-pizza.jpg", "combo": []}, {"product_id": "1604832743_59844", "category": "Snacks & Branded Foods", "sub_category_name": "Frozen Veggies & Snacks", "product_name": "Veg Sticks", "product_brand": "Yummiez", "img_src": "https://www.bigbasket.com/media/uploads/p/mm/40185863_2-yummiez-veg-sticks.jpg", "combo": []}, {"product_id": "1604832744_28484", "category": "Snacks & Branded Foods", "sub_category_name": "Frozen Veggies & Snacks", "product_name": "Vegetable Thin Crust Pizza", "product_brand": "Iceland", "img_src": "https://www.bigbasket.com/media/uploads/p/mm/40172743_5-iceland-vegetable-thin-crust-pizza.jpg", "combo": []}, {"product_id": "1604832744_47364", "category": "Snacks & Branded Foods", "sub_category_name": "Frozen Veggies & Snacks", "product_name": "Party Pack", "product_brand": "Yummiez", "img_src": "https://www.bigbasket.com/media/uploads/p/mm/40002834_4-yummiez-party-pack.jpg", "combo": []}, {"product_id": "1604832745_2884", "category": "Snacks & Branded Foods", "sub_category_name": "Frozen Veggies & Snacks", "product_name": "Chicken Cocktail Sausage", "product_brand": "sumeru", "img_src": "https://www.bigbasket.com/media/uploads/p/mm/40004589_8-sumeru-chicken-cocktail-sausage.jpg", "combo": [["500 g", "300.00"], ["200 g", "125.00"]]}, {"product_id": "1604832746_9124", "category": "Snacks & Branded Foods", "sub_category_name": "Frozen Veggies & Snacks", "product_name": "Masala French Fries - Piri Piri", "product_brand": "sumeru", "img_src": "https://www.bigbasket.com/media/uploads/p/mm/40018016_5-sumeru-masala-french-fries-piri-piri.jpg", "combo": []}, {"product_id": "1604832747_14404", "category": "Snacks & Branded Foods", "sub_category_name": "Frozen Veggies & Snacks", "product_name": "Masala French Fries - Chilli Garlic", "product_brand": "sumeru", "img_src": "https://www.bigbasket.com/media/uploads/p/mm/40018017_3-sumeru-masala-french-fries-chilli-garlic.jpg", "combo": []}, {"product_id": "1604832748_20644", "category": "Snacks & Branded Foods", "sub_category_name": "Frozen Veggies & Snacks", "product_name": "Masala French Fries - Chilli Garlic", "product_brand": "sumeru", "img_src": "https://www.bigbasket.com/media/uploads/p/mm/40004569_3-sumeru-masala-french-fries-chilli-garlic.jpg", "combo": []}, {"product_id": "1604832749_68484", "category": "Snacks & Branded Foods", "sub_category_name": "Frozen Veggies & Snacks", "product_name": "Cheesy Potato Pockets", "product_brand": "Iceland", "img_src": "https://www.bigbasket.com/media/uploads/p/mm/40172750_6-iceland-cheesy-potato-pockets.jpg", "combo": []}, {"product_id": "1604832750_78564", "category": "Snacks & Branded Foods", "sub_category_name": "Frozen Veggies & Snacks", "product_name": "Chicken - Meatball", "product_brand": "Meatzza", "img_src": "https://www.bigbasket.com/media/uploads/p/mm/40059424_5-meatzza-chicken-meatball.jpg", "combo": [["500 g", "325.00"], ["200 g", "150.00"]]}, {"product_id": "1604832750_34244", "category": "Snacks & Branded Foods", "sub_category_name": "Frozen Veggies & Snacks", "product_name": "Spring Rolls Sheets - 8\"x 8\"", "product_brand": "Switz", "img_src": "https://www.bigbasket.com/media/uploads/p/mm/40018662_5-switz-spring-rolls-sheets-8x-8.jpg", "combo": []}, {"product_id": "1604832751_12484", "category": "Snacks & Branded Foods", "sub_category_name": "Frozen Veggies & Snacks", "product_name": "Veg Baked Paratha Lasagne", "product_brand": "sumeru", "img_src": "https://www.bigbasket.com/media/uploads/p/mm/40184618_4-sumeru-veg-baked-paratha-lasagne.jpg", "combo": []}, {"product_id": "1604832752_53444", "category": "Snacks & Branded Foods", "sub_category_name": "Frozen Veggies & Snacks", "product_name": "Sweet Potato Fries", "product_brand": "Iceland", "img_src": "https://www.bigbasket.com/media/uploads/p/mm/40172749_7-iceland-sweet-potato-fries.jpg", "combo": []}, {"product_id": "1604832752_64164", "category": "Snacks & Branded Foods", "sub_category_name": "Frozen Veggies & Snacks", "product_name": "Masala Chicken Pops - Piri Piri", "product_brand": "sumeru", "img_src": "https://www.bigbasket.com/media/uploads/p/mm/40018012_4-sumeru-masala-chicken-pops-piri-piri.jpg", "combo": []}, {"product_id": "1604832753_64964", "category": "Snacks & Branded Foods", "sub_category_name": "Frozen Veggies & Snacks", "product_name": "Chicken & Cheese Nuggets", "product_brand": "sumeru", "img_src": "https://www.bigbasket.com/media/uploads/p/mm/40178642_5-sumeru-chicken-cheese-nuggets.jpg", "combo": []}, {"product_id": "1604832754_23684", "category": "Snacks & Branded Foods", "sub_category_name": "Frozen Veggies & Snacks", "product_name": "Sweet Corn", "product_brand": "Frozen Star", "img_src": "https://www.bigbasket.com/media/uploads/p/mm/40179035_4-frozen-star-sweet-corn.jpg", "combo": []}, {"product_id": "1604832755_70244", "category": "Snacks & Branded Foods", "sub_category_name": "Frozen Veggies & Snacks", "product_name": "Frozen - Sweet Corn", "product_brand": "Tasty Fresh", "img_src": "https://www.bigbasket.com/media/uploads/p/mm/40085935_3-tasty-fresh-frozen-sweet-corn.jpg", "combo": [["200 g", "55.00"], ["500 g", "115.00"]]}, {"product_id": "1604832756_95204", "category": "Snacks & Branded Foods", "sub_category_name": "Frozen Veggies & Snacks", "product_name": "Potato Waffles", "product_brand": "Iceland", "img_src": "https://www.bigbasket.com/media/uploads/p/mm/40172751_5-iceland-potato-waffles.jpg", "combo": []}, {"product_id": "1604832756_66084", "category": "Snacks & Branded Foods", "sub_category_name": "Frozen Veggies & Snacks", "product_name": "Green Peas", "product_brand": "sumeru", "img_src": "https://www.bigbasket.com/media/uploads/p/mm/40001107_3-sumeru-green-peas.jpg", "combo": [["500 g", "130.00"], ["1 kg", "245.00"]]}, {"product_id": "1604832757_69604", "category": "Snacks & Branded Foods", "sub_category_name": "Frozen Veggies & Snacks", "product_name": "Four Cheese Thin Pizza", "product_brand": "Iceland", "img_src": "https://www.bigbasket.com/media/uploads/p/mm/40172747_8-iceland-four-cheese-thin-pizza.jpg", "combo": []}, {"product_id": "1604832758_26724", "category": "Snacks & Branded Foods", "sub_category_name": "Frozen Veggies & Snacks", "product_name": "Four Cheese Deep Pan Pizza", "product_brand": "Iceland", "img_src": "https://www.bigbasket.com/media/uploads/p/mm/40172744_7-iceland-four-cheese-deep-pan-pizza.jpg", "combo": []}, {"product_id": "1604832760_42244", "category": "Snacks & Branded Foods", "sub_category_name": "Frozen Veggies & Snacks", "product_name": "Veg Sticks", "product_brand": "Yummiez", "img_src": "https://www.bigbasket.com/media/uploads/p/mm/40185863_2-yummiez-veg-sticks.jpg", "combo": []}, {"product_id": "1604832760_24004", "category": "Snacks & Branded Foods", "sub_category_name": "Frozen Veggies & Snacks", "product_name": "Vegetable Thin Crust Pizza", "product_brand": "Iceland", "img_src": "https://www.bigbasket.com/media/uploads/p/mm/40172743_5-iceland-vegetable-thin-crust-pizza.jpg", "combo": []}, {"product_id": "1604832761_36964", "category": "Snacks & Branded Foods", "sub_category_name": "Frozen Veggies & Snacks", "product_name": "Party Pack", "product_brand": "Yummiez", "img_src": "https://www.bigbasket.com/media/uploads/p/mm/40002834_4-yummiez-party-pack.jpg", "combo": []}, {"product_id": "1604832761_53764", "category": "Snacks & Branded Foods", "sub_category_name": "Frozen Veggies & Snacks", "product_name": "Chicken Cocktail Sausage", "product_brand": "sumeru", "img_src": "https://www.bigbasket.com/media/uploads/p/mm/40004589_8-sumeru-chicken-cocktail-sausage.jpg", "combo": [["500 g", "300.00"], ["200 g", "125.00"]]}, {"product_id": "1604832762_20804", "category": "Snacks & Branded Foods", "sub_category_name": "Frozen Veggies & Snacks", "product_name": "Masala French Fries - Piri Piri", "product_brand": "sumeru", "img_src": "https://www.bigbasket.com/media/uploads/p/mm/40018016_5-sumeru-masala-french-fries-piri-piri.jpg", "combo": []}, {"product_id": "1604832763_98564", "category": "Snacks & Branded Foods", "sub_category_name": "Frozen Veggies & Snacks", "product_name": "Masala French Fries - Chilli Garlic", "product_brand": "sumeru", "img_src": "https://www.bigbasket.com/media/uploads/p/mm/40018017_3-sumeru-masala-french-fries-chilli-garlic.jpg", "combo": []}, {"product_id": "1604832764_58084", "category": "Snacks & Branded Foods", "sub_category_name": "Frozen Veggies & Snacks", "product_name": "Masala French Fries - Chilli Garlic", "product_brand": "sumeru", "img_src": "https://www.bigbasket.com/media/uploads/p/mm/40004569_3-sumeru-masala-french-fries-chilli-garlic.jpg", "combo": []}, {"product_id": "1604832765_14404", "category": "Snacks & Branded Foods", "sub_category_name": "Frozen Veggies & Snacks", "product_name": "Cheesy Potato Pockets", "product_brand": "Iceland", "img_src": "https://www.bigbasket.com/media/uploads/p/mm/40172750_6-iceland-cheesy-potato-pockets.jpg", "combo": []}, {"product_id": "1604832765_79204", "category": "Snacks & Branded Foods", "sub_category_name": "Frozen Veggies & Snacks", "product_name": "Chicken - Meatball", "product_brand": "Meatzza", "img_src": "https://www.bigbasket.com/media/uploads/p/mm/40059424_5-meatzza-chicken-meatball.jpg", "combo": [["500 g", "325.00"], ["200 g", "150.00"]]}, {"product_id": "1604832766_1444", "category": "Snacks & Branded Foods", "sub_category_name": "Frozen Veggies & Snacks", "product_name": "Spring Rolls Sheets - 8\"x 8\"", "product_brand": "Switz", "img_src": "https://www.bigbasket.com/media/uploads/p/mm/40018662_5-switz-spring-rolls-sheets-8x-8.jpg", "combo": []}, {"product_id": "1604832767_28804", "category": "Snacks & Branded Foods", "sub_category_name": "Frozen Veggies & Snacks", "product_name": "Veg Baked Paratha Lasagne", "product_brand": "sumeru", "img_src": "https://www.bigbasket.com/media/uploads/p/mm/40184618_4-sumeru-veg-baked-paratha-lasagne.jpg", "combo": []}, {"product_id": "1604832768_35364", "category": "Snacks & Branded Foods", "sub_category_name": "Frozen Veggies & Snacks", "product_name": "Sweet Potato Fries", "product_brand": "Iceland", "img_src": "https://www.bigbasket.com/media/uploads/p/mm/40172749_7-iceland-sweet-potato-fries.jpg", "combo": []}, {"product_id": "1604832768_8164", "category": "Snacks & Branded Foods", "sub_category_name": "Frozen Veggies & Snacks", "product_name": "Masala Chicken Pops - Piri Piri", "product_brand": "sumeru", "img_src": "https://www.bigbasket.com/media/uploads/p/mm/40018012_4-sumeru-masala-chicken-pops-piri-piri.jpg", "combo": []}, {"product_id": "1604832769_96644", "category": "Snacks & Branded Foods", "sub_category_name": "Frozen Veggies & Snacks", "product_name": "Chicken & Cheese Nuggets", "product_brand": "sumeru", "img_src": "https://www.bigbasket.com/media/uploads/p/mm/40178642_5-sumeru-chicken-cheese-nuggets.jpg", "combo": []}, {"product_id": "1604832770_12004", "category": "Snacks & Branded Foods", "sub_category_name": "Frozen Veggies & Snacks", "product_name": "Sweet Corn", "product_brand": "Frozen Star", "img_src": "https://www.bigbasket.com/media/uploads/p/mm/40179035_4-frozen-star-sweet-corn.jpg", "combo": []}, {"product_id": "1604832771_22564", "category": "Snacks & Branded Foods", "sub_category_name": "Frozen Veggies & Snacks", "product_name": "Frozen - Sweet Corn", "product_brand": "Tasty Fresh", "img_src": "https://www.bigbasket.com/media/uploads/p/mm/40085935_3-tasty-fresh-frozen-sweet-corn.jpg", "combo": [["200 g", "55.00"], ["500 g", "115.00"]]}, {"product_id": "1604832772_3524", "category": "Snacks & Branded Foods", "sub_category_name": "Frozen Veggies & Snacks", "product_name": "Potato Waffles", "product_brand": "Iceland", "img_src": "https://www.bigbasket.com/media/uploads/p/mm/40172751_5-iceland-potato-waffles.jpg", "combo": []}, {"product_id": "1604832773_74084", "category": "Snacks & Branded Foods", "sub_category_name": "Frozen Veggies & Snacks", "product_name": "Green Peas", "product_brand": "sumeru", "img_src": "https://www.bigbasket.com/media/uploads/p/mm/40001107_3-sumeru-green-peas.jpg", "combo": [["500 g", "130.00"], ["1 kg", "245.00"]]}, {"product_id": "1604832774_17764", "category": "Snacks & Branded Foods", "sub_category_name": "Frozen Veggies & Snacks", "product_name": "Four Cheese Thin Pizza", "product_brand": "Iceland", "img_src": "https://www.bigbasket.com/media/uploads/p/mm/40172747_8-iceland-four-cheese-thin-pizza.jpg", "combo": []}, {"product_id": "1604832775_164", "category": "Snacks & Branded Foods", "sub_category_name": "Frozen Veggies & Snacks", "product_name": "Four Cheese Deep Pan Pizza", "product_brand": "Iceland", "img_src": "https://www.bigbasket.com/media/uploads/p/mm/40172744_7-iceland-four-cheese-deep-pan-pizza.jpg", "combo": []}, {"product_id": "1604832775_64324", "category": "Snacks & Branded Foods", "sub_category_name": "Frozen Veggies & Snacks", "product_name": "Veg Sticks", "product_brand": "Yummiez", "img_src": "https://www.bigbasket.com/media/uploads/p/mm/40185863_2-yummiez-veg-sticks.jpg", "combo": []}, {"product_id": "1604832776_73284", "category": "Snacks & Branded Foods", "sub_category_name": "Frozen Veggies & Snacks", "product_name": "Vegetable Thin Crust Pizza", "product_brand": "Iceland", "img_src": "https://www.bigbasket.com/media/uploads/p/mm/40172743_5-iceland-vegetable-thin-crust-pizza.jpg", "combo": []}, {"product_id": "1604832777_84484", "category": "Snacks & Branded Foods", "sub_category_name": "Frozen Veggies & Snacks", "product_name": "Party Pack", "product_brand": "Yummiez", "img_src": "https://www.bigbasket.com/media/uploads/p/mm/40002834_4-yummiez-party-pack.jpg", "combo": []}, {"product_id": "1604832777_98244", "category": "Snacks & Branded Foods", "sub_category_name": "Frozen Veggies & Snacks", "product_name": "Chicken Cocktail Sausage", "product_brand": "sumeru", "img_src": "https://www.bigbasket.com/media/uploads/p/mm/40004589_8-sumeru-chicken-cocktail-sausage.jpg", "combo": [["500 g", "300.00"], ["200 g", "125.00"]]}, {"product_id": "1604832778_37924", "category": "Snacks & Branded Foods", "sub_category_name": "Frozen Veggies & Snacks", "product_name": "Masala French Fries - Piri Piri", "product_brand": "sumeru", "img_src": "https://www.bigbasket.com/media/uploads/p/mm/40018016_5-sumeru-masala-french-fries-piri-piri.jpg", "combo": []}, {"product_id": "1604832779_81924", "category": "Snacks & Branded Foods", "sub_category_name": "Frozen Veggies & Snacks", "product_name": "Masala French Fries - Chilli Garlic", "product_brand": "sumeru", "img_src": "https://www.bigbasket.com/media/uploads/p/mm/40018017_3-sumeru-masala-french-fries-chilli-garlic.jpg", "combo": []}, {"product_id": "1604832780_60804", "category": "Snacks & Branded Foods", "sub_category_name": "Frozen Veggies & Snacks", "product_name": "Masala French Fries - Chilli Garlic", "product_brand": "sumeru", "img_src": "https://www.bigbasket.com/media/uploads/p/mm/40004569_3-sumeru-masala-french-fries-chilli-garlic.jpg", "combo": []}, {"product_id": "1604832780_75044", "category": "Snacks & Branded Foods", "sub_category_name": "Frozen Veggies & Snacks", "product_name": "Cheesy Potato Pockets", "product_brand": "Iceland", "img_src": "https://www.bigbasket.com/media/uploads/p/mm/40172750_6-iceland-cheesy-potato-pockets.jpg", "combo": []}, {"product_id": "1604832781_5764", "category": "Snacks & Branded Foods", "sub_category_name": "Frozen Veggies & Snacks", "product_name": "Chicken - Meatball", "product_brand": "Meatzza", "img_src": "https://www.bigbasket.com/media/uploads/p/mm/40059424_5-meatzza-chicken-meatball.jpg", "combo": [["500 g", "325.00"], ["200 g", "150.00"]]}, {"product_id": "1604832782_11204", "category": "Snacks & Branded Foods", "sub_category_name": "Frozen Veggies & Snacks", "product_name": "Spring Rolls Sheets - 8\"x 8\"", "product_brand": "Switz", "img_src": "https://www.bigbasket.com/media/uploads/p/mm/40018662_5-switz-spring-rolls-sheets-8x-8.jpg", "combo": []}, {"product_id": "1604832783_71684", "category": "Snacks & Branded Foods", "sub_category_name": "Frozen Veggies & Snacks", "product_name": "Veg Baked Paratha Lasagne", "product_brand": "sumeru", "img_src": "https://www.bigbasket.com/media/uploads/p/mm/40184618_4-sumeru-veg-baked-paratha-lasagne.jpg", "combo": []}, {"product_id": "1604832784_68324", "category": "Snacks & Branded Foods", "sub_category_name": "Frozen Veggies & Snacks", "product_name": "Sweet Potato Fries", "product_brand": "Iceland", "img_src": "https://www.bigbasket.com/media/uploads/p/mm/40172749_7-iceland-sweet-potato-fries.jpg", "combo": []}, {"product_id": "1604832785_36324", "category": "Snacks & Branded Foods", "sub_category_name": "Frozen Veggies & Snacks", "product_name": "Masala Chicken Pops - Piri Piri", "product_brand": "sumeru", "img_src": "https://www.bigbasket.com/media/uploads/p/mm/40018012_4-sumeru-masala-chicken-pops-piri-piri.jpg", "combo": []}, {"product_id": "1604832785_60164", "category": "Snacks & Branded Foods", "sub_category_name": "Frozen Veggies & Snacks", "product_name": "Chicken & Cheese Nuggets", "product_brand": "sumeru", "img_src": "https://www.bigbasket.com/media/uploads/p/mm/40178642_5-sumeru-chicken-cheese-nuggets.jpg", "combo": []}, {"product_id": "1604832786_37444", "category": "Snacks & Branded Foods", "sub_category_name": "Frozen Veggies & Snacks", "product_name": "Sweet Corn", "product_brand": "Frozen Star", "img_src": "https://www.bigbasket.com/media/uploads/p/mm/40179035_4-frozen-star-sweet-corn.jpg", "combo": []}, {"product_id": "1604832787_28324", "category": "Snacks & Branded Foods", "sub_category_name": "Frozen Veggies & Snacks", "product_name": "Frozen - Sweet Corn", "product_brand": "Tasty Fresh", "img_src": "https://www.bigbasket.com/media/uploads/p/mm/40085935_3-tasty-fresh-frozen-sweet-corn.jpg", "combo": [["200 g", "55.00"], ["500 g", "115.00"]]}, {"product_id": "1604832788_93604", "category": "Snacks & Branded Foods", "sub_category_name": "Frozen Veggies & Snacks", "product_name": "Potato Waffles", "product_brand": "Iceland", "img_src": "https://www.bigbasket.com/media/uploads/p/mm/40172751_5-iceland-potato-waffles.jpg", "combo": []}, {"product_id": "1604832788_9284", "category": "Snacks & Branded Foods", "sub_category_name": "Frozen Veggies & Snacks", "product_name": "Pork - Cold Cut Chilli", "product_brand": "Bon Appetit", "img_src": "https://www.bigbasket.com/media/uploads/p/mm/40015765_6-bon-appetit-pork-cold-cut-chilli.jpg", "combo": []}, {"product_id": "1604832789_88324", "category": "Snacks & Branded Foods", "sub_category_name": "Frozen Veggies & Snacks", "product_name": "Chicken - Cold Cut Ham", "product_brand": "Bon Appetit", "img_src": "https://www.bigbasket.com/media/uploads/p/mm/40015774_5-bon-appetit-chicken-cold-cut-ham.jpg", "combo": []}, {"product_id": "1604832790_52164", "category": "Snacks & Branded Foods", "sub_category_name": "Frozen Veggies & Snacks", "product_name": "Flakey Paratha", "product_brand": "Kawan", "img_src": "https://www.bigbasket.com/media/uploads/p/mm/298334_5-kawan-flakey-paratha.jpg", "combo": []}, {"product_id": "1604832790_44004", "category": "Snacks & Branded Foods", "sub_category_name": "Frozen Veggies & Snacks", "product_name": "Hash Brown", "product_brand": "Amul Happy Treats", "img_src": "https://www.bigbasket.com/media/uploads/p/mm/40119527_1-amul-happy-treats-hash-brown.jpg", "combo": []}, {"product_id": "1604832791_30564", "category": "Snacks & Branded Foods", "sub_category_name": "Frozen Veggies & Snacks", "product_name": "Spring Roll Patti", "product_brand": "Frish", "img_src": "https://www.bigbasket.com/media/uploads/p/mm/30005365_2-frish-spring-roll-patti.jpg", "combo": []}, {"product_id": "1604832792_24164", "category": "Snacks & Branded Foods", "sub_category_name": "Frozen Veggies & Snacks", "product_name": "Bockwurst - Pork", "product_brand": "Bon Appetit", "img_src": "https://www.bigbasket.com/media/uploads/p/mm/40003077_11-bon-appetit-bockwurst-pork.jpg", "combo": []}, {"product_id": "1604832793_52804", "category": "Snacks & Branded Foods", "sub_category_name": "Frozen Veggies & Snacks", "product_name": "Quick Snack - Fish Fingers", "product_brand": "sumeru", "img_src": "https://www.bigbasket.com/media/uploads/p/mm/40001114_1-sumeru-quick-snack-fish-fingers.jpg", "combo": []}, {"product_id": "1604832793_29604", "category": "Snacks & Branded Foods", "sub_category_name": "Frozen Veggies & Snacks", "product_name": "Chicken Nuggets", "product_brand": "sumeru", "img_src": "https://www.bigbasket.com/media/uploads/p/mm/40001131_2-sumeru-chicken-nuggets.jpg", "combo": []}, {"product_id": "1604832794_80964", "category": "Snacks & Branded Foods", "sub_category_name": "Frozen Veggies & Snacks", "product_name": "Sweet Corn", "product_brand": "sumeru", "img_src": "https://www.bigbasket.com/media/uploads/p/mm/40004562_6-sumeru-sweet-corn.jpg", "combo": []}, {"product_id": "1604832796_27044", "category": "Snacks & Branded Foods", "sub_category_name": "Frozen Veggies & Snacks", "product_name": "Rainbow Cake", "product_brand": "Fresho Signature", "img_src": "https://www.bigbasket.com/media/uploads/p/mm/40181379_3-fresho-signature-rainbow-cake.jpg", "combo": []}, {"product_id": "1604832796_21604", "category": "Snacks & Branded Foods", "sub_category_name": "Frozen Veggies & Snacks", "product_name": "Chilli Basil Basa Fish", "product_brand": "Cambay Tiger", "img_src": "https://www.bigbasket.com/media/uploads/p/mm/40068224_2-cambay-tiger-chilli-basil-basa-fish.jpg", "combo": []}, {"product_id": "1604832797_43364", "category": "Snacks & Branded Foods", "sub_category_name": "Frozen Veggies & Snacks", "product_name": "Pork - Cooked Ham", "product_brand": "Bon Appetit", "img_src": "https://www.bigbasket.com/media/uploads/p/mm/40015768_6-bon-appetit-pork-cooked-ham.jpg", "combo": []}, {"product_id": "1604832798_92964", "category": "Snacks & Branded Foods", "sub_category_name": "Frozen Veggies & Snacks", "product_name": "Chicken Breast Ham Chilli", "product_brand": "Bon Appetit", "img_src": "https://www.bigbasket.com/media/uploads/p/mm/40015770_4-bon-appetit-chicken-breast-ham-chilli.jpg", "combo": []}, {"product_id": "1604832798_96004", "category": "Snacks & Branded Foods", "sub_category_name": "Frozen Veggies & Snacks", "product_name": "Chicken - Meat Loaf", "product_brand": "Bon Appetit", "img_src": "https://www.bigbasket.com/media/uploads/p/mm/40015772_6-bon-appetit-chicken-meat-loaf.jpg", "combo": []}, {"product_id": "1604832799_68964", "category": "Snacks & Branded Foods", "sub_category_name": "Frozen Veggies & Snacks", "product_name": "Chicken Chapli Kebab", "product_brand": "Meatzza", "img_src": "https://www.bigbasket.com/media/uploads/p/mm/40183639_4-meatzza-chicken-chapli-kebab.jpg", "combo": []}, {"product_id": "1604832800_45444", "category": "Snacks & Branded Foods", "sub_category_name": "Frozen Veggies & Snacks", "product_name": "Chicken Chapli Kebab", "product_brand": "Meatzza", "img_src": "https://www.bigbasket.com/media/uploads/p/mm/40183640_5-meatzza-chicken-chapli-kebab.jpg", "combo": []}, {"product_id": "1604832801_73124", "category": "Snacks & Branded Foods", "sub_category_name": "Frozen Veggies & Snacks", "product_name": "DVC - Small", "product_brand": "Cambay Tiger", "img_src": "https://www.bigbasket.com/media/uploads/p/mm/40003116_3-cambay-tiger-dvc-small.jpg", "combo": []}, {"product_id": "1604832801_85764", "category": "Snacks & Branded Foods", "sub_category_name": "Frozen Veggies & Snacks", "product_name": "DVC - Medium", "product_brand": "Cambay Tiger", "img_src": "https://www.bigbasket.com/media/uploads/p/mm/40003142_4-cambay-tiger-dvc-medium.jpg", "combo": [["300 g", "360.00"], ["600 g", "695.00"]]}, {"product_id": "1604832802_62404", "category": "Snacks & Branded Foods", "sub_category_name": "Frozen Veggies & Snacks", "product_name": "Basa Chunks", "product_brand": "Cambay Tiger", "img_src": "https://www.bigbasket.com/media/uploads/p/mm/40003144_4-cambay-tiger-basa-chunks.jpg", "combo": []}, {"product_id": "1604832803_18404", "category": "Snacks & Branded Foods", "sub_category_name": "Frozen Veggies & Snacks", "product_name": "Krakauer - Pork Garlic", "product_brand": "Bon Appetit", "img_src": "https://www.bigbasket.com/media/uploads/p/mm/40003076_11-bon-appetit-krakauer-pork-garlic.jpg", "combo": []}, {"product_id": "1604832804_80484", "category": "Snacks & Branded Foods", "sub_category_name": "Frozen Veggies & Snacks", "product_name": "Green Peas", "product_brand": "sumeru", "img_src": "https://www.bigbasket.com/media/uploads/p/mm/40001107_3-sumeru-green-peas.jpg", "combo": [["500 g", "130.00"], ["1 kg", "245.00"]]}, {"product_id": "1604832805_484", "category": "Snacks & Branded Foods", "sub_category_name": "Frozen Veggies & Snacks", "product_name": "Four Cheese Thin Pizza", "product_brand": "Iceland", "img_src": "https://www.bigbasket.com/media/uploads/p/mm/40172747_8-iceland-four-cheese-thin-pizza.jpg", "combo": []}, {"product_id": "1604832805_66564", "category": "Snacks & Branded Foods", "sub_category_name": "Frozen Veggies & Snacks", "product_name": "Four Cheese Deep Pan Pizza", "product_brand": "Iceland", "img_src": "https://www.bigbasket.com/media/uploads/p/mm/40172744_7-iceland-four-cheese-deep-pan-pizza.jpg", "combo": []}, {"product_id": "1604832807_56964", "category": "Snacks & Branded Foods", "sub_category_name": "Frozen Veggies & Snacks", "product_name": "Veg Sticks", "product_brand": "Yummiez", "img_src": "https://www.bigbasket.com/media/uploads/p/mm/40185863_2-yummiez-veg-sticks.jpg", "combo": []}, {"product_id": "1604832808_23204", "category": "Snacks & Branded Foods", "sub_category_name": "Frozen Veggies & Snacks", "product_name": "Vegetable Thin Crust Pizza", "product_brand": "Iceland", "img_src": "https://www.bigbasket.com/media/uploads/p/mm/40172743_5-iceland-vegetable-thin-crust-pizza.jpg", "combo": []}, {"product_id": "1604832809_24164", "category": "Snacks & Branded Foods", "sub_category_name": "Frozen Veggies & Snacks", "product_name": "Party Pack", "product_brand": "Yummiez", "img_src": "https://www.bigbasket.com/media/uploads/p/mm/40002834_4-yummiez-party-pack.jpg", "combo": []}, {"product_id": "1604832810_29604", "category": "Snacks & Branded Foods", "sub_category_name": "Frozen Veggies & Snacks", "product_name": "Chicken Cocktail Sausage", "product_brand": "sumeru", "img_src": "https://www.bigbasket.com/media/uploads/p/mm/40004589_8-sumeru-chicken-cocktail-sausage.jpg", "combo": [["500 g", "300.00"], ["200 g", "125.00"]]}, {"product_id": "1604832811_44644", "category": "Snacks & Branded Foods", "sub_category_name": "Frozen Veggies & Snacks", "product_name": "Masala French Fries - Piri Piri", "product_brand": "sumeru", "img_src": "https://www.bigbasket.com/media/uploads/p/mm/40018016_5-sumeru-masala-french-fries-piri-piri.jpg", "combo": []}, {"product_id": "1604832811_28644", "category": "Snacks & Branded Foods", "sub_category_name": "Frozen Veggies & Snacks", "product_name": "Masala French Fries - Chilli Garlic", "product_brand": "sumeru", "img_src": "https://www.bigbasket.com/media/uploads/p/mm/40018017_3-sumeru-masala-french-fries-chilli-garlic.jpg", "combo": []}, {"product_id": "1604832812_36644", "category": "Snacks & Branded Foods", "sub_category_name": "Frozen Veggies & Snacks", "product_name": "Masala French Fries - Chilli Garlic", "product_brand": "sumeru", "img_src": "https://www.bigbasket.com/media/uploads/p/mm/40004569_3-sumeru-masala-french-fries-chilli-garlic.jpg", "combo": []}, {"product_id": "1604832813_92164", "category": "Snacks & Branded Foods", "sub_category_name": "Frozen Veggies & Snacks", "product_name": "Cheesy Potato Pockets", "product_brand": "Iceland", "img_src": "https://www.bigbasket.com/media/uploads/p/mm/40172750_6-iceland-cheesy-potato-pockets.jpg", "combo": []}, {"product_id": "1604832814_85604", "category": "Snacks & Branded Foods", "sub_category_name": "Frozen Veggies & Snacks", "product_name": "Chicken - Meatball", "product_brand": "Meatzza", "img_src": "https://www.bigbasket.com/media/uploads/p/mm/40059424_5-meatzza-chicken-meatball.jpg", "combo": [["500 g", "325.00"], ["200 g", "150.00"]]}, {"product_id": "1604832815_68484", "category": "Snacks & Branded Foods", "sub_category_name": "Frozen Veggies & Snacks", "product_name": "Spring Rolls Sheets - 8\"x 8\"", "product_brand": "Switz", "img_src": "https://www.bigbasket.com/media/uploads/p/mm/40018662_5-switz-spring-rolls-sheets-8x-8.jpg", "combo": []}, {"product_id": "1604832815_49284", "category": "Snacks & Branded Foods", "sub_category_name": "Frozen Veggies & Snacks", "product_name": "Veg Baked Paratha Lasagne", "product_brand": "sumeru", "img_src": "https://www.bigbasket.com/media/uploads/p/mm/40184618_4-sumeru-veg-baked-paratha-lasagne.jpg", "combo": []}, {"product_id": "1604832816_65444", "category": "Snacks & Branded Foods", "sub_category_name": "Frozen Veggies & Snacks", "product_name": "Sweet Potato Fries", "product_brand": "Iceland", "img_src": "https://www.bigbasket.com/media/uploads/p/mm/40172749_7-iceland-sweet-potato-fries.jpg", "combo": []}, {"product_id": "1604832817_24324", "category": "Snacks & Branded Foods", "sub_category_name": "Frozen Veggies & Snacks", "product_name": "Masala Chicken Pops - Piri Piri", "product_brand": "sumeru", "img_src": "https://www.bigbasket.com/media/uploads/p/mm/40018012_4-sumeru-masala-chicken-pops-piri-piri.jpg", "combo": []}, {"product_id": "1604832817_55684", "category": "Snacks & Branded Foods", "sub_category_name": "Frozen Veggies & Snacks", "product_name": "Chicken & Cheese Nuggets", "product_brand": "sumeru", "img_src": "https://www.bigbasket.com/media/uploads/p/mm/40178642_5-sumeru-chicken-cheese-nuggets.jpg", "combo": []}, {"product_id": "1604832819_47684", "category": "Snacks & Branded Foods", "sub_category_name": "Frozen Veggies & Snacks", "product_name": "Sweet Corn", "product_brand": "Frozen Star", "img_src": "https://www.bigbasket.com/media/uploads/p/mm/40179035_4-frozen-star-sweet-corn.jpg", "combo": []}, {"product_id": "1604832820_19364", "category": "Snacks & Branded Foods", "sub_category_name": "Frozen Veggies & Snacks", "product_name": "Frozen - Sweet Corn", "product_brand": "Tasty Fresh", "img_src": "https://www.bigbasket.com/media/uploads/p/mm/40085935_3-tasty-fresh-frozen-sweet-corn.jpg", "combo": [["200 g", "55.00"], ["500 g", "115.00"]]}, {"product_id": "1604832821_52964", "category": "Snacks & Branded Foods", "sub_category_name": "Frozen Veggies & Snacks", "product_name": "Potato Waffles", "product_brand": "Iceland", "img_src": "https://www.bigbasket.com/media/uploads/p/mm/40172751_5-iceland-potato-waffles.jpg", "combo": []}, {"product_id": "1604832821_51684", "category": "Snacks & Branded Foods", "sub_category_name": "Frozen Veggies & Snacks", "product_name": "Green Peas", "product_brand": "sumeru", "img_src": "https://www.bigbasket.com/media/uploads/p/mm/40001107_3-sumeru-green-peas.jpg", "combo": [["500 g", "130.00"], ["1 kg", "245.00"]]}, {"product_id": "1604832822_89764", "category": "Snacks & Branded Foods", "sub_category_name": "Frozen Veggies & Snacks", "product_name": "Four Cheese Thin Pizza", "product_brand": "Iceland", "img_src": "https://www.bigbasket.com/media/uploads/p/mm/40172747_8-iceland-four-cheese-thin-pizza.jpg", "combo": []}, {"product_id": "1604832823_55044", "category": "Snacks & Branded Foods", "sub_category_name": "Frozen Veggies & Snacks", "product_name": "Four Cheese Deep Pan Pizza", "product_brand": "Iceland", "img_src": "https://www.bigbasket.com/media/uploads/p/mm/40172744_7-iceland-four-cheese-deep-pan-pizza.jpg", "combo": []}, {"product_id": "1604832824_97124", "category": "Snacks & Branded Foods", "sub_category_name": "Frozen Veggies & Snacks", "product_name": "Veg Sticks", "product_brand": "Yummiez", "img_src": "https://www.bigbasket.com/media/uploads/p/mm/40185863_2-yummiez-veg-sticks.jpg", "combo": []}, {"product_id": "1604832824_26244", "category": "Snacks & Branded Foods", "sub_category_name": "Frozen Veggies & Snacks", "product_name": "Vegetable Thin Crust Pizza", "product_brand": "Iceland", "img_src": "https://www.bigbasket.com/media/uploads/p/mm/40172743_5-iceland-vegetable-thin-crust-pizza.jpg", "combo": []}, {"product_id": "1604832825_84004", "category": "Snacks & Branded Foods", "sub_category_name": "Frozen Veggies & Snacks", "product_name": "Party Pack", "product_brand": "Yummiez", "img_src": "https://www.bigbasket.com/media/uploads/p/mm/40002834_4-yummiez-party-pack.jpg", "combo": []}, {"product_id": "1604832826_44164", "category": "Snacks & Branded Foods", "sub_category_name": "Frozen Veggies & Snacks", "product_name": "Chicken Cocktail Sausage", "product_brand": "sumeru", "img_src": "https://www.bigbasket.com/media/uploads/p/mm/40004589_8-sumeru-chicken-cocktail-sausage.jpg", "combo": [["500 g", "300.00"], ["200 g", "125.00"]]}, {"product_id": "1604832827_12004", "category": "Snacks & Branded Foods", "sub_category_name": "Frozen Veggies & Snacks", "product_name": "Masala French Fries - Piri Piri", "product_brand": "sumeru", "img_src": "https://www.bigbasket.com/media/uploads/p/mm/40018016_5-sumeru-masala-french-fries-piri-piri.jpg", "combo": []}, {"product_id": "1604832827_28164", "category": "Snacks & Branded Foods", "sub_category_name": "Frozen Veggies & Snacks", "product_name": "Masala French Fries - Chilli Garlic", "product_brand": "sumeru", "img_src": "https://www.bigbasket.com/media/uploads/p/mm/40018017_3-sumeru-masala-french-fries-chilli-garlic.jpg", "combo": []}, {"product_id": "1604832828_58564", "category": "Snacks & Branded Foods", "sub_category_name": "Frozen Veggies & Snacks", "product_name": "Masala French Fries - Chilli Garlic", "product_brand": "sumeru", "img_src": "https://www.bigbasket.com/media/uploads/p/mm/40004569_3-sumeru-masala-french-fries-chilli-garlic.jpg", "combo": []}, {"product_id": "1604832829_25764", "category": "Snacks & Branded Foods", "sub_category_name": "Frozen Veggies & Snacks", "product_name": "Cheesy Potato Pockets", "product_brand": "Iceland", "img_src": "https://www.bigbasket.com/media/uploads/p/mm/40172750_6-iceland-cheesy-potato-pockets.jpg", "combo": []}, {"product_id": "1604832830_60804", "category": "Snacks & Branded Foods", "sub_category_name": "Frozen Veggies & Snacks", "product_name": "Chicken - Meatball", "product_brand": "Meatzza", "img_src": "https://www.bigbasket.com/media/uploads/p/mm/40059424_5-meatzza-chicken-meatball.jpg", "combo": [["500 g", "325.00"], ["200 g", "150.00"]]}, {"product_id": "1604832831_48644", "category": "Snacks & Branded Foods", "sub_category_name": "Frozen Veggies & Snacks", "product_name": "Spring Rolls Sheets - 8\"x 8\"", "product_brand": "Switz", "img_src": "https://www.bigbasket.com/media/uploads/p/mm/40018662_5-switz-spring-rolls-sheets-8x-8.jpg", "combo": []}, {"product_id": "1604832832_73124", "category": "Snacks & Branded Foods", "sub_category_name": "Frozen Veggies & Snacks", "product_name": "Veg Baked Paratha Lasagne", "product_brand": "sumeru", "img_src": "https://www.bigbasket.com/media/uploads/p/mm/40184618_4-sumeru-veg-baked-paratha-lasagne.jpg", "combo": []}, {"product_id": "1604832832_35364", "category": "Snacks & Branded Foods", "sub_category_name": "Frozen Veggies & Snacks", "product_name": "Sweet Potato Fries", "product_brand": "Iceland", "img_src": "https://www.bigbasket.com/media/uploads/p/mm/40172749_7-iceland-sweet-potato-fries.jpg", "combo": []}, {"product_id": "1604832833_16004", "category": "Snacks & Branded Foods", "sub_category_name": "Frozen Veggies & Snacks", "product_name": "Masala Chicken Pops - Piri Piri", "product_brand": "sumeru", "img_src": "https://www.bigbasket.com/media/uploads/p/mm/40018012_4-sumeru-masala-chicken-pops-piri-piri.jpg", "combo": []}, {"product_id": "1604832834_27844", "category": "Snacks & Branded Foods", "sub_category_name": "Frozen Veggies & Snacks", "product_name": "Chicken & Cheese Nuggets", "product_brand": "sumeru", "img_src": "https://www.bigbasket.com/media/uploads/p/mm/40178642_5-sumeru-chicken-cheese-nuggets.jpg", "combo": []}, {"product_id": "1604832834_34404", "category": "Snacks & Branded Foods", "sub_category_name": "Frozen Veggies & Snacks", "product_name": "Sweet Corn", "product_brand": "Frozen Star", "img_src": "https://www.bigbasket.com/media/uploads/p/mm/40179035_4-frozen-star-sweet-corn.jpg", "combo": []}, {"product_id": "1604832835_33604", "category": "Snacks & Branded Foods", "sub_category_name": "Frozen Veggies & Snacks", "product_name": "Frozen - Sweet Corn", "product_brand": "Tasty Fresh", "img_src": "https://www.bigbasket.com/media/uploads/p/mm/40085935_3-tasty-fresh-frozen-sweet-corn.jpg", "combo": [["200 g", "55.00"], ["500 g", "115.00"]]}, {"product_id": "1604832836_78564", "category": "Snacks & Branded Foods", "sub_category_name": "Frozen Veggies & Snacks", "product_name": "Potato Waffles", "product_brand": "Iceland", "img_src": "https://www.bigbasket.com/media/uploads/p/mm/40172751_5-iceland-potato-waffles.jpg", "combo": []}, {"product_id": "1604832837_79684", "category": "Snacks & Branded Foods", "sub_category_name": "Frozen Veggies & Snacks", "product_name": "Green Peas", "product_brand": "sumeru", "img_src": "https://www.bigbasket.com/media/uploads/p/mm/40001107_3-sumeru-green-peas.jpg", "combo": [["500 g", "130.00"], ["1 kg", "245.00"]]}, {"product_id": "1604832838_36484", "category": "Snacks & Branded Foods", "sub_category_name": "Frozen Veggies & Snacks", "product_name": "Four Cheese Thin Pizza", "product_brand": "Iceland", "img_src": "https://www.bigbasket.com/media/uploads/p/mm/40172747_8-iceland-four-cheese-thin-pizza.jpg", "combo": []}, {"product_id": "1604832838_42084", "category": "Snacks & Branded Foods", "sub_category_name": "Frozen Veggies & Snacks", "product_name": "Four Cheese Deep Pan Pizza", "product_brand": "Iceland", "img_src": "https://www.bigbasket.com/media/uploads/p/mm/40172744_7-iceland-four-cheese-deep-pan-pizza.jpg", "combo": []}, {"product_id": "1604832839_13124", "category": "Snacks & Branded Foods", "sub_category_name": "Frozen Veggies & Snacks", "product_name": "Veg Sticks", "product_brand": "Yummiez", "img_src": "https://www.bigbasket.com/media/uploads/p/mm/40185863_2-yummiez-veg-sticks.jpg", "combo": []}, {"product_id": "1604832840_32004", "category": "Snacks & Branded Foods", "sub_category_name": "Frozen Veggies & Snacks", "product_name": "Vegetable Thin Crust Pizza", "product_brand": "Iceland", "img_src": "https://www.bigbasket.com/media/uploads/p/mm/40172743_5-iceland-vegetable-thin-crust-pizza.jpg", "combo": []}, {"product_id": "1604832840_78884", "category": "Snacks & Branded Foods", "sub_category_name": "Frozen Veggies & Snacks", "product_name": "Party Pack", "product_brand": "Yummiez", "img_src": "https://www.bigbasket.com/media/uploads/p/mm/40002834_4-yummiez-party-pack.jpg", "combo": []}, {"product_id": "1604832841_92324", "category": "Snacks & Branded Foods", "sub_category_name": "Frozen Veggies & Snacks", "product_name": "Chicken Cocktail Sausage", "product_brand": "sumeru", "img_src": "https://www.bigbasket.com/media/uploads/p/mm/40004589_8-sumeru-chicken-cocktail-sausage.jpg", "combo": [["500 g", "300.00"], ["200 g", "125.00"]]}, {"product_id": "1604832843_88804", "category": "Snacks & Branded Foods", "sub_category_name": "Frozen Veggies & Snacks", "product_name": "Masala French Fries - Piri Piri", "product_brand": "sumeru", "img_src": "https://www.bigbasket.com/media/uploads/p/mm/40018016_5-sumeru-masala-french-fries-piri-piri.jpg", "combo": []}, {"product_id": "1604832844_84964", "category": "Snacks & Branded Foods", "sub_category_name": "Frozen Veggies & Snacks", "product_name": "Masala French Fries - Chilli Garlic", "product_brand": "sumeru", "img_src": "https://www.bigbasket.com/media/uploads/p/mm/40018017_3-sumeru-masala-french-fries-chilli-garlic.jpg", "combo": []}, {"product_id": "1604832844_21604", "category": "Snacks & Branded Foods", "sub_category_name": "Frozen Veggies & Snacks", "product_name": "Masala French Fries - Chilli Garlic", "product_brand": "sumeru", "img_src": "https://www.bigbasket.com/media/uploads/p/mm/40004569_3-sumeru-masala-french-fries-chilli-garlic.jpg", "combo": []}, {"product_id": "1604832845_65284", "category": "Snacks & Branded Foods", "sub_category_name": "Frozen Veggies & Snacks", "product_name": "Cheesy Potato Pockets", "product_brand": "Iceland", "img_src": "https://www.bigbasket.com/media/uploads/p/mm/40172750_6-iceland-cheesy-potato-pockets.jpg", "combo": []}, {"product_id": "1604832846_54404", "category": "Snacks & Branded Foods", "sub_category_name": "Frozen Veggies & Snacks", "product_name": "Chicken - Meatball", "product_brand": "Meatzza", "img_src": "https://www.bigbasket.com/media/uploads/p/mm/40059424_5-meatzza-chicken-meatball.jpg", "combo": [["500 g", "325.00"], ["200 g", "150.00"]]}, {"product_id": "1604832847_46724", "category": "Snacks & Branded Foods", "sub_category_name": "Frozen Veggies & Snacks", "product_name": "Spring Rolls Sheets - 8\"x 8\"", "product_brand": "Switz", "img_src": "https://www.bigbasket.com/media/uploads/p/mm/40018662_5-switz-spring-rolls-sheets-8x-8.jpg", "combo": []}, {"product_id": "1604832847_33764", "category": "Snacks & Branded Foods", "sub_category_name": "Frozen Veggies & Snacks", "product_name": "Veg Baked Paratha Lasagne", "product_brand": "sumeru", "img_src": "https://www.bigbasket.com/media/uploads/p/mm/40184618_4-sumeru-veg-baked-paratha-lasagne.jpg", "combo": []}, {"product_id": "1604832848_79364", "category": "Snacks & Branded Foods", "sub_category_name": "Frozen Veggies & Snacks", "product_name": "Sweet Potato Fries", "product_brand": "Iceland", "img_src": "https://www.bigbasket.com/media/uploads/p/mm/40172749_7-iceland-sweet-potato-fries.jpg", "combo": []}, {"product_id": "1604832849_42404", "category": "Snacks & Branded Foods", "sub_category_name": "Frozen Veggies & Snacks", "product_name": "Masala Chicken Pops - Piri Piri", "product_brand": "sumeru", "img_src": "https://www.bigbasket.com/media/uploads/p/mm/40018012_4-sumeru-masala-chicken-pops-piri-piri.jpg", "combo": []}, {"product_id": "1604832850_99204", "category": "Snacks & Branded Foods", "sub_category_name": "Frozen Veggies & Snacks", "product_name": "Chicken & Cheese Nuggets", "product_brand": "sumeru", "img_src": "https://www.bigbasket.com/media/uploads/p/mm/40178642_5-sumeru-chicken-cheese-nuggets.jpg", "combo": []}, {"product_id": "1604832850_42884", "category": "Snacks & Branded Foods", "sub_category_name": "Frozen Veggies & Snacks", "product_name": "Sweet Corn", "product_brand": "Frozen Star", "img_src": "https://www.bigbasket.com/media/uploads/p/mm/40179035_4-frozen-star-sweet-corn.jpg", "combo": []}, {"product_id": "1604832851_35844", "category": "Snacks & Branded Foods", "sub_category_name": "Frozen Veggies & Snacks", "product_name": "Frozen - Sweet Corn", "product_brand": "Tasty Fresh", "img_src": "https://www.bigbasket.com/media/uploads/p/mm/40085935_3-tasty-fresh-frozen-sweet-corn.jpg", "combo": [["200 g", "55.00"], ["500 g", "115.00"]]}, {"product_id": "1604832852_10724", "category": "Snacks & Branded Foods", "sub_category_name": "Frozen Veggies & Snacks", "product_name": "Potato Waffles", "product_brand": "Iceland", "img_src": "https://www.bigbasket.com/media/uploads/p/mm/40172751_5-iceland-potato-waffles.jpg", "combo": []}, {"product_id": "1604832852_40964", "category": "Snacks & Branded Foods", "sub_category_name": "Frozen Veggies & Snacks", "product_name": "Green Peas", "product_brand": "sumeru", "img_src": "https://www.bigbasket.com/media/uploads/p/mm/40001107_3-sumeru-green-peas.jpg", "combo": [["500 g", "130.00"], ["1 kg", "245.00"]]}, {"product_id": "1604832853_63044", "category": "Snacks & Branded Foods", "sub_category_name": "Frozen Veggies & Snacks", "product_name": "Four Cheese Thin Pizza", "product_brand": "Iceland", "img_src": "https://www.bigbasket.com/media/uploads/p/mm/40172747_8-iceland-four-cheese-thin-pizza.jpg", "combo": []}, {"product_id": "1604832855_22724", "category": "Snacks & Branded Foods", "sub_category_name": "Frozen Veggies & Snacks", "product_name": "Four Cheese Deep Pan Pizza", "product_brand": "Iceland", "img_src": "https://www.bigbasket.com/media/uploads/p/mm/40172744_7-iceland-four-cheese-deep-pan-pizza.jpg", "combo": []}, {"product_id": "1604832856_3524", "category": "Snacks & Branded Foods", "sub_category_name": "Frozen Veggies & Snacks", "product_name": "Veg Sticks", "product_brand": "Yummiez", "img_src": "https://www.bigbasket.com/media/uploads/p/mm/40185863_2-yummiez-veg-sticks.jpg", "combo": []}, {"product_id": "1604832856_18244", "category": "Snacks & Branded Foods", "sub_category_name": "Frozen Veggies & Snacks", "product_name": "Vegetable Thin Crust Pizza", "product_brand": "Iceland", "img_src": "https://www.bigbasket.com/media/uploads/p/mm/40172743_5-iceland-vegetable-thin-crust-pizza.jpg", "combo": []}, {"product_id": "1604832857_25764", "category": "Snacks & Branded Foods", "sub_category_name": "Frozen Veggies & Snacks", "product_name": "Party Pack", "product_brand": "Yummiez", "img_src": "https://www.bigbasket.com/media/uploads/p/mm/40002834_4-yummiez-party-pack.jpg", "combo": []}, {"product_id": "1604832858_49444", "category": "Snacks & Branded Foods", "sub_category_name": "Frozen Veggies & Snacks", "product_name": "Chicken Cocktail Sausage", "product_brand": "sumeru", "img_src": "https://www.bigbasket.com/media/uploads/p/mm/40004589_8-sumeru-chicken-cocktail-sausage.jpg", "combo": [["500 g", "300.00"], ["200 g", "125.00"]]}, {"product_id": "1604832859_87684", "category": "Snacks & Branded Foods", "sub_category_name": "Frozen Veggies & Snacks", "product_name": "Masala French Fries - Piri Piri", "product_brand": "sumeru", "img_src": "https://www.bigbasket.com/media/uploads/p/mm/40018016_5-sumeru-masala-french-fries-piri-piri.jpg", "combo": []}, {"product_id": "1604832859_40804", "category": "Snacks & Branded Foods", "sub_category_name": "Frozen Veggies & Snacks", "product_name": "Masala French Fries - Chilli Garlic", "product_brand": "sumeru", "img_src": "https://www.bigbasket.com/media/uploads/p/mm/40018017_3-sumeru-masala-french-fries-chilli-garlic.jpg", "combo": []}, {"product_id": "1604832860_54564", "category": "Snacks & Branded Foods", "sub_category_name": "Frozen Veggies & Snacks", "product_name": "Masala French Fries - Chilli Garlic", "product_brand": "sumeru", "img_src": "https://www.bigbasket.com/media/uploads/p/mm/40004569_3-sumeru-masala-french-fries-chilli-garlic.jpg", "combo": []}, {"product_id": "1604832861_32324", "category": "Snacks & Branded Foods", "sub_category_name": "Frozen Veggies & Snacks", "product_name": "Cheesy Potato Pockets", "product_brand": "Iceland", "img_src": "https://www.bigbasket.com/media/uploads/p/mm/40172750_6-iceland-cheesy-potato-pockets.jpg", "combo": []}, {"product_id": "1604832861_9284", "category": "Snacks & Branded Foods", "sub_category_name": "Frozen Veggies & Snacks", "product_name": "Chicken - Meatball", "product_brand": "Meatzza", "img_src": "https://www.bigbasket.com/media/uploads/p/mm/40059424_5-meatzza-chicken-meatball.jpg", "combo": [["500 g", "325.00"], ["200 g", "150.00"]]}, {"product_id": "1604832862_9284", "category": "Snacks & Branded Foods", "sub_category_name": "Frozen Veggies & Snacks", "product_name": "Spring Rolls Sheets - 8\"x 8\"", "product_brand": "Switz", "img_src": "https://www.bigbasket.com/media/uploads/p/mm/40018662_5-switz-spring-rolls-sheets-8x-8.jpg", "combo": []}, {"product_id": "1604832863_19204", "category": "Snacks & Branded Foods", "sub_category_name": "Frozen Veggies & Snacks", "product_name": "Veg Baked Paratha Lasagne", "product_brand": "sumeru", "img_src": "https://www.bigbasket.com/media/uploads/p/mm/40184618_4-sumeru-veg-baked-paratha-lasagne.jpg", "combo": []}, {"product_id": "1604832864_18404", "category": "Snacks & Branded Foods", "sub_category_name": "Frozen Veggies & Snacks", "product_name": "Sweet Potato Fries", "product_brand": "Iceland", "img_src": "https://www.bigbasket.com/media/uploads/p/mm/40172749_7-iceland-sweet-potato-fries.jpg", "combo": []}, {"product_id": "1604832865_3044", "category": "Snacks & Branded Foods", "sub_category_name": "Frozen Veggies & Snacks", "product_name": "Masala Chicken Pops - Piri Piri", "product_brand": "sumeru", "img_src": "https://www.bigbasket.com/media/uploads/p/mm/40018012_4-sumeru-masala-chicken-pops-piri-piri.jpg", "combo": []}, {"product_id": "1604832865_12804", "category": "Snacks & Branded Foods", "sub_category_name": "Frozen Veggies & Snacks", "product_name": "Chicken & Cheese Nuggets", "product_brand": "sumeru", "img_src": "https://www.bigbasket.com/media/uploads/p/mm/40178642_5-sumeru-chicken-cheese-nuggets.jpg", "combo": []}, {"product_id": "1604832866_6724", "category": "Snacks & Branded Foods", "sub_category_name": "Frozen Veggies & Snacks", "product_name": "Sweet Corn", "product_brand": "Frozen Star", "img_src": "https://www.bigbasket.com/media/uploads/p/mm/40179035_4-frozen-star-sweet-corn.jpg", "combo": []}, {"product_id": "1604832867_43684", "category": "Snacks & Branded Foods", "sub_category_name": "Frozen Veggies & Snacks", "product_name": "Frozen - Sweet Corn", "product_brand": "Tasty Fresh", "img_src": "https://www.bigbasket.com/media/uploads/p/mm/40085935_3-tasty-fresh-frozen-sweet-corn.jpg", "combo": [["200 g", "55.00"], ["500 g", "115.00"]]}, {"product_id": "1604832868_85604", "category": "Snacks & Branded Foods", "sub_category_name": "Frozen Veggies & Snacks", "product_name": "Potato Waffles", "product_brand": "Iceland", "img_src": "https://www.bigbasket.com/media/uploads/p/mm/40172751_5-iceland-potato-waffles.jpg", "combo": []}]